condition,arm,phase,online_step,mean,ci_lo,ci_hi,n_seeds,in_band
dreamer_local,human,picked,50000,0.0,0.0,0.0,4,True
dreamer_local,human,picked,100000,0.008333333333333333,0.0,0.025,4,True
dreamer_local,human,picked,150000,0.2070527097253155,0.016666666666666666,0.39743875278396434,4,True
dreamer_local,human,picked,200000,0.33333333333333337,0.10833333333333334,0.4583333333333333,4,True
dreamer_local,human,picked,250000,0.6668411867364747,0.4670157068062828,0.8668411867364747,4,True
dreamer_local,human,picked,300000,0.4657282282282283,0.23145645645645643,0.7,4,True
dreamer_local,human,picked,350000,0.8902324144853679,0.8137981623040692,0.9666666666666667,4,True
dreamer_local,human,picked,400000,0.4652119006072921,0.21333787225739256,0.7368245294474802,4,True
dreamer_local,human,picked,450000,0.875,0.775,0.9666666666666667,4,True
dreamer_local,human,picked,500000,0.9524074074074074,0.9381481481481482,0.9666666666666667,4,True
dreamer_local,human,picked,550000,0.9026223776223776,0.8162004662004663,0.9583333333333334,4,True
dreamer_local,human,picked,600000,0.95,0.9166666666666666,0.9833333333333334,4,True
dreamer_local,human,picked,650000,0.9000000000000001,0.85,0.95,4,True
dreamer_local,human,picked,700000,0.9666666666666668,0.9416666666666667,0.9916666666666667,4,True
dreamer_local,human,picked,750000,0.8073552425665103,0.5553990610328638,0.9666666666666668,4,True
dreamer_local,human,picked,800000,0.9500000000000001,0.8916666666666667,0.9916666666666667,4,True
dreamer_local,human,picked,850000,0.9583333333333333,0.9333333333333333,0.9833333333333334,4,True
dreamer_local,human,picked,900000,0.9416666666666667,0.8500000000000001,1.0,4,True
dreamer_local,human,picked,950000,0.9750000000000001,0.95,1.0,4,True
dreamer_local,machine,picked,50000,0.0,0.0,0.0,4,True
dreamer_local,machine,picked,100000,0.025,0.0,0.07500000000000001,4,True
dreamer_local,machine,picked,150000,0.15833333333333333,0.05,0.27499999999999997,4,True
dreamer_local,machine,picked,200000,0.501234319312186,0.47879152040025236,0.5218895078922934,4,True
dreamer_local,machine,picked,250000,0.4052769939421405,0.2193579766536965,0.5525856839551108,4,True
dreamer_local,machine,picked,300000,0.28852513227513227,0.09999999999999999,0.5989087301587301,4,True
dreamer_local,machine,picked,350000,0.6331579650661018,0.5304323094425484,0.7358836206896553,4,True
dreamer_local,machine,picked,400000,0.6601053230856817,0.47021064617136354,0.8500000000000001,4,True
dreamer_local,machine,picked,450000,0.6237816764132553,0.4142300194931774,0.8333333333333333,4,True
dreamer_local,machine,picked,500000,0.723215928724578,0.5130985241158226,0.9333333333333333,4,True
dreamer_local,machine,picked,550000,0.9916666666666667,0.9750000000000001,1.0,4,True
dreamer_local,machine,picked,600000,0.9583333333333333,0.9166666666666666,1.0,4,True
dreamer_local,machine,picked,650000,0.925,0.8833333333333333,0.975,4,True
dreamer_local,machine,picked,700000,0.920009819675058,0.8350294590251741,1.0,4,True
dreamer_local,machine,picked,750000,0.956280193236715,0.9166666666666666,0.9896135265700483,4,True
dreamer_local,machine,picked,800000,0.9583333333333334,0.9166666666666666,0.9916666666666667,4,True
dreamer_local,machine,picked,850000,0.975,0.9249999999999999,1.0,4,True
dreamer_local,machine,picked,900000,0.9225378787878789,0.8666666666666667,0.9666666666666667,4,True
dreamer_local,machine,picked,950000,0.9666666666666667,0.9416666666666667,0.9916666666666667,4,True
dreamer_local,human,placed_v2,50000,0.0,0.0,0.0,4,True
dreamer_local,human,placed_v2,100000,0.0,0.0,0.0,4,True
dreamer_local,human,placed_v2,150000,0.09166666666666667,0.0,0.2,4,True
dreamer_local,human,placed_v2,200000,0.13749564611633577,0.02916231278300244,0.29166666666666663,4,True
dreamer_local,human,placed_v2,250000,0.38350785340314136,0.10052356020942409,0.75,4,True
dreamer_local,human,placed_v2,300000,0.325,0.10833333333333334,0.5583333333333333,4,True
dreamer_local,human,placed_v2,350000,0.6807739439401794,0.5382912550311014,0.7971314956374025,4,True
dreamer_local,human,placed_v2,400000,0.36519735726814145,0.1970904678812509,0.5617808994300283,4,True
dreamer_local,human,placed_v2,450000,0.7999999999999999,0.7166666666666666,0.8833333333333333,4,True
dreamer_local,human,placed_v2,500000,0.8529454022988506,0.8171695402298851,0.9083333333333334,4,True
dreamer_local,human,placed_v2,550000,0.7192890442890443,0.4495337995337995,0.8833333333333333,4,True
dreamer_local,human,placed_v2,600000,0.9083333333333333,0.8666666666666667,0.9666666666666667,4,True
dreamer_local,human,placed_v2,650000,0.775,0.6333333333333333,0.8583333333333334,4,True
dreamer_local,human,placed_v2,700000,0.9043658088235295,0.8543658088235294,0.9500000000000001,4,True
dreamer_local,human,placed_v2,750000,0.7259890050843928,0.5470657276995305,0.9,4,True
dreamer_local,human,placed_v2,800000,0.8566998341625207,0.7733665008291875,0.9166666666666667,4,True
dreamer_local,human,placed_v2,850000,0.8399352267065272,0.8,0.8798704534130544,4,True
dreamer_local,human,placed_v2,900000,0.7833333333333334,0.6583333333333333,0.8583333333333334,4,True
dreamer_local,human,placed_v2,950000,0.8900395778364115,0.8500000000000001,0.9233729111697451,4,True
dreamer_local,machine,placed_v2,50000,0.0,0.0,0.0,4,True
dreamer_local,machine,placed_v2,100000,0.0,0.0,0.0,4,True
dreamer_local,machine,placed_v2,150000,0.008333333333333333,0.0,0.025,4,True
dreamer_local,machine,placed_v2,200000,0.24392194497760716,0.18333333333333332,0.3189219449776071,4,True
dreamer_local,machine,placed_v2,250000,0.24721886338980373,0.10860853611432984,0.3725996922027194,4,True
dreamer_local,machine,placed_v2,300000,0.2218584656084656,0.049999999999999996,0.5322420634920635,4,True
dreamer_local,machine,placed_v2,350000,0.5471545637055576,0.49964926346553684,0.6262751436781608,4,True
dreamer_local,machine,placed_v2,400000,0.5279257228411596,0.29491141326740833,0.7609400324149109,4,True
dreamer_local,machine,placed_v2,450000,0.590448343079922,0.38089668615984407,0.8,4,True
dreamer_local,machine,placed_v2,500000,0.5565492620579113,0.36309852411582255,0.75,4,True
dreamer_local,machine,placed_v2,550000,0.9265201465201465,0.8878937728937729,0.9583333333333334,4,True
dreamer_local,machine,placed_v2,600000,0.6583333333333333,0.55,0.7583333333333333,4,True
dreamer_local,machine,placed_v2,650000,0.8198427672955975,0.79,0.849685534591195,4,True
dreamer_local,machine,placed_v2,700000,0.6599760464933637,0.5387605042016806,0.811046918767507,4,True
dreamer_local,machine,placed_v2,750000,0.8294925588281128,0.6946370967741935,0.9292270531400966,4,True
dreamer_local,machine,placed_v2,800000,0.625,0.3166666666666667,0.8583333333333334,4,True
dreamer_local,machine,placed_v2,850000,0.8875356887937188,0.8500000000000001,0.9208690221270521,4,True
dreamer_local,machine,placed_v2,900000,0.7176178054126168,0.4827776586620926,0.9117424242424244,4,True
dreamer_local,machine,placed_v2,950000,0.7878879175482519,0.6471355699431037,0.9332871720116618,4,True
dreamer_local,human,farside,50000,0.0,0.0,0.0,4,True
dreamer_local,human,farside,100000,0.0,0.0,0.0,4,True
dreamer_local,human,farside,150000,0.08333333333333333,0.0,0.2,4,True
dreamer_local,human,farside,200000,0.12916231278300244,0.008333333333333333,0.2833333333333333,4,True
dreamer_local,human,farside,250000,0.37517452006980806,0.09219022687609076,0.7416666666666667,4,True
dreamer_local,human,farside,300000,0.325,0.10833333333333334,0.5166666666666667,4,True
dreamer_local,human,farside,350000,0.6807739439401794,0.5382912550311014,0.7971314956374025,4,True
dreamer_local,human,farside,400000,0.36519735726814145,0.1970904678812509,0.5617808994300283,4,True
dreamer_local,human,farside,450000,0.7980451127819549,0.7147117794486215,0.8794235588972432,4,True
dreamer_local,human,farside,500000,0.8529454022988506,0.8171695402298851,0.9083333333333334,4,True
dreamer_local,human,farside,550000,0.7192890442890443,0.4495337995337995,0.8833333333333333,4,True
dreamer_local,human,farside,600000,0.9083333333333333,0.8666666666666667,0.9666666666666667,4,True
dreamer_local,human,farside,650000,0.775,0.6333333333333333,0.8500000000000001,4,True
dreamer_local,human,farside,700000,0.9043658088235295,0.8543658088235295,0.9500000000000001,4,True
dreamer_local,human,farside,750000,0.7259890050843928,0.5470657276995305,0.9,4,True
dreamer_local,human,farside,800000,0.8233665008291874,0.6983665008291874,0.8967330016583748,4,True
dreamer_local,human,farside,850000,0.8066018933731938,0.75,0.8732685600398605,4,True
dreamer_local,human,farside,900000,0.7672658746700014,0.6583333333333333,0.8500000000000001,4,True
dreamer_local,human,farside,950000,0.8900395778364115,0.8500000000000001,0.9233729111697451,4,True
dreamer_local,machine,farside,50000,0.0,0.0,0.0,4,True
dreamer_local,machine,farside,100000,0.0,0.0,0.0,4,True
dreamer_local,machine,farside,150000,0.008333333333333333,0.0,0.025,4,True
dreamer_local,machine,farside,200000,0.21058861164427384,0.15,0.2916666666666667,4,True
dreamer_local,machine,farside,250000,0.20286088673610722,0.09194186944766318,0.28388373889532637,4,True
dreamer_local,machine,farside,300000,0.1968584656084656,0.016666666666666666,0.5239087301587302,4,True
dreamer_local,machine,farside,350000,0.5388212303722243,0.476311729469945,0.626275143678161,4,True
dreamer_local,machine,farside,400000,0.511259056174493,0.29491141326740833,0.7474557066337042,4,True
dreamer_local,machine,farside,450000,0.5821150097465887,0.3642300194931774,0.8,4,True
dreamer_local,machine,farside,500000,0.548215928724578,0.3464318574491559,0.75,4,True
dreamer_local,machine,farside,550000,0.9098534798534799,0.837893772893773,0.9583333333333333,4,True
dreamer_local,machine,farside,600000,0.5416666666666666,0.36666666666666664,0.7166666666666667,4,True
dreamer_local,machine,farside,650000,0.8115094339622642,0.7683333333333333,0.849685534591195,4,True
dreamer_local,machine,farside,700000,0.618309379826697,0.4554271708683474,0.8,4,True
dreamer_local,machine,farside,750000,0.7874769073898725,0.6457267616396485,0.9292270531400967,4,True
dreamer_local,machine,farside,800000,0.5832638760264247,0.3164582947459406,0.8500000000000001,4,True
dreamer_local,machine,farside,850000,0.8708690221270521,0.8250000000000001,0.9166666666666667,4,True
dreamer_local,machine,farside,900000,0.6509511387459501,0.3901598532494759,0.9117424242424244,4,True
dreamer_local,machine,farside,950000,0.6333333333333333,0.35,0.9166666666666667,4,True
dreamer_local,human,slide_event,50000,0.0,0.0,0.0,4,True
dreamer_local,human,slide_event,100000,0.0,0.0,0.0,4,True
dreamer_local,human,slide_event,150000,0.008333333333333333,0.0,0.025,4,True
dreamer_local,human,slide_event,200000,0.058333333333333334,0.0,0.15000000000000002,4,True
dreamer_local,human,slide_event,250000,0.11709823482934367,0.0003490401396160558,0.27594566434841494,4,True
dreamer_local,human,slide_event,300000,0.09743395272405511,0.0,0.21730185817216535,4,True
dreamer_local,human,slide_event,350000,0.45953968273274326,0.39774972557628974,0.5213296398891967,4,True
dreamer_local,human,slide_event,400000,0.25335928188297746,0.11182452944748028,0.38306950487099445,4,True
dreamer_local,human,slide_event,450000,0.5738886063790716,0.3074366471734893,0.7710374971244536,4,True
dreamer_local,human,slide_event,500000,0.675,0.5166666666666666,0.7666666666666667,4,True
dreamer_local,human,slide_event,550000,0.5112376586965988,0.3162004662004662,0.6953147884633837,4,True
dreamer_local,human,slide_event,600000,0.7175761354841543,0.5588021778584391,0.8763500931098698,4,True
dreamer_local,human,slide_event,650000,0.6018783288910536,0.5163544668587896,0.6874021909233177,4,True
dreamer_local,human,slide_event,700000,0.65,0.5916666666666667,0.6916666666666667,4,True
dreamer_local,human,slide_event,750000,0.5165822915793187,0.37099234752778965,0.6017874313589504,4,True
dreamer_local,human,slide_event,800000,0.6083333333333334,0.5166666666666666,0.7583333333333334,4,True
dreamer_local,human,slide_event,850000,0.5716904396355198,0.462298597966607,0.6451912568306011,4,True
dreamer_local,human,slide_event,900000,0.5359735242692261,0.38756800870511426,0.6536858974358974,4,True
dreamer_local,human,slide_event,950000,0.6567062445030782,0.4916666666666667,0.7867854001759015,4,True
dreamer_local,machine,slide_event,50000,0.0,0.0,0.0,4,True
dreamer_local,machine,slide_event,100000,0.0,0.0,0.0,4,True
dreamer_local,machine,slide_event,150000,0.008333333333333333,0.0,0.025,4,True
dreamer_local,machine,slide_event,200000,0.041666666666666664,0.008333333333333333,0.08333333333333334,4,True
dreamer_local,machine,slide_event,250000,0.13333333333333333,0.03333333333333333,0.23333333333333334,4,True
dreamer_local,machine,slide_event,300000,0.15519179894179894,0.0,0.46557539682539684,4,True
dreamer_local,machine,slide_event,350000,0.3735494880546075,0.175,0.55,4,True
dreamer_local,machine,slide_event,400000,0.3862590561744929,0.21412237330037082,0.5641223733003708,4,True
dreamer_local,machine,slide_event,450000,0.48716195810339624,0.24756335282651074,0.7267605633802817,4,True
dreamer_local,machine,slide_event,500000,0.39823088504844195,0.28308457711442786,0.5699414113642315,4,True
dreamer_local,machine,slide_event,550000,0.8431868131868132,0.7712271062271062,0.9083333333333334,4,True
dreamer_local,machine,slide_event,600000,0.4840140845070422,0.3,0.6680281690140845,4,True
dreamer_local,machine,slide_event,650000,0.6106578947368421,0.5733333333333333,0.6669736842105263,4,True
dreamer_local,machine,slide_event,700000,0.4916666666666667,0.36666666666666664,0.675,4,True
dreamer_local,machine,slide_event,750000,0.5892645417984748,0.3416666666666667,0.81256038647343,4,True
dreamer_local,machine,slide_event,800000,0.41368818582816635,0.16070970498966602,0.6666666666666666,4,True
dreamer_local,machine,slide_event,850000,0.4520026938698609,0.22280033840947544,0.6792023554603854,4,True
dreamer_local,machine,slide_event,900000,0.3818871449925262,0.11377428998505232,0.65,4,True
dreamer_local,machine,slide_event,950000,0.3648064867811393,0.03333333333333333,0.6962796402289453,4,True
dreamer_local,human,home,50000,0.0,0.0,0.0,4,True
dreamer_local,human,home,100000,0.0,0.0,0.0,4,True
dreamer_local,human,home,150000,0.0,0.0,0.0,4,True
dreamer_local,human,home,200000,0.041666666666666664,0.0,0.1,4,True
dreamer_local,human,home,250000,0.09209823482934368,0.0003490401396160558,0.22594566434841498,4,True
dreamer_local,human,home,300000,0.09743395272405511,0.0,0.21730185817216535,4,True
dreamer_local,human,home,350000,0.44287301606607654,0.38108305890962313,0.5189981532779316,4,True
dreamer_local,human,home,400000,0.2165347524354972,0.06666666666666667,0.36640283820432773,4,True
dreamer_local,human,home,450000,0.5488886063790717,0.28243664717348926,0.7444147405550914,4,True
dreamer_local,human,home,500000,0.6666666666666667,0.5083333333333333,0.7583333333333333,4,True
dreamer_local,human,home,550000,0.5067414251749416,0.3117042326788089,0.6953147884633837,4,True
dreamer_local,human,home,600000,0.7009094688174877,0.55,0.8430167597765363,4,True
dreamer_local,human,home,650000,0.585211662224387,0.5,0.6726138531477047,4,True
dreamer_local,human,home,700000,0.6209975795297371,0.5296594052558783,0.6666666666666666,4,True
dreamer_local,human,home,750000,0.5082489582459853,0.3459923475277897,0.6017874313589504,4,True
dreamer_local,human,home,800000,0.5720657276995306,0.4083333333333333,0.7495305164319249,4,True
dreamer_local,human,home,850000,0.5074281445535527,0.396537120079721,0.6183191690273844,4,True
dreamer_local,human,home,900000,0.5359735242692261,0.38756800870511426,0.6536858974358974,4,True
dreamer_local,human,home,950000,0.6400395778364116,0.41666666666666663,0.7800791556728233,4,True
dreamer_local,machine,home,50000,0.0,0.0,0.0,4,True
dreamer_local,machine,home,100000,0.0,0.0,0.0,4,True
dreamer_local,machine,home,150000,0.0,0.0,0.0,4,True
dreamer_local,machine,home,200000,0.016666666666666666,0.0,0.03333333333333333,4,True
dreamer_local,machine,home,250000,0.125,0.03333333333333333,0.21666666666666667,4,True
dreamer_local,machine,home,300000,0.15519179894179894,0.0,0.46557539682539684,4,True
dreamer_local,machine,home,350000,0.3485494880546075,0.16376564277588168,0.5333333333333333,4,True
dreamer_local,machine,home,400000,0.3391223733003708,0.2141223733003708,0.4583333333333333,4,True
dreamer_local,machine,home,450000,0.4549471497624996,0.24756335282651074,0.6623309466984885,4,True
dreamer_local,machine,home,500000,0.3565642183817753,0.2498756218905473,0.5367324561403508,4,True
dreamer_local,machine,home,550000,0.8348534798534798,0.7462271062271061,0.9083333333333334,4,True
dreamer_local,machine,home,600000,0.4591646869166808,0.2833333333333333,0.6349960405000282,4,True
dreamer_local,machine,home,650000,0.6106578947368421,0.5733333333333333,0.6669736842105263,4,True
dreamer_local,machine,home,700000,0.4833333333333334,0.35,0.6672916666666633,4,True
dreamer_local,machine,home,750000,0.5892645417984748,0.3416666666666667,0.81256038647343,4,True
dreamer_local,machine,home,800000,0.40535485249483294,0.16070970498966602,0.6499999999999999,4,True
dreamer_local,machine,home,850000,0.4436693605365276,0.21446700507614214,0.6792023554603855,4,True
dreamer_local,machine,home,900000,0.36522047832585947,0.08044095665171898,0.65,4,True
dreamer_local,machine,home,950000,0.3398064867811393,0.03333333333333333,0.6462796402289452,4,True
dreamer_local,human,tipped,50000,0.10833333333333334,0.08333333333333333,0.13333333333333333,4,True
dreamer_local,human,tipped,100000,0.10833333333333334,0.041666666666666664,0.16666666666666666,4,True
dreamer_local,human,tipped,150000,0.33205270972531553,0.15,0.514105419450631,4,True
dreamer_local,human,tipped,200000,0.4522123015873015,0.2123611111111111,0.692063492063492,4,True
dreamer_local,human,tipped,250000,0.5915289762126865,0.5335720486111111,0.649485903814262,4,True
dreamer_local,human,tipped,300000,0.2682745098039216,0.16666666666666666,0.4416666666666667,4,True
dreamer_local,human,tipped,350000,0.3761251372118551,0.2833333333333333,0.46891694109037685,4,True
dreamer_local,human,tipped,400000,0.36183907278663097,0.2236490588949605,0.5368245294474803,4,True
dreamer_local,human,tipped,450000,0.2988243757542003,0.13724310776942356,0.5508966861598441,4,True
dreamer_local,human,tipped,500000,0.24166666666666667,0.125,0.4166666666666667,4,True
dreamer_local,human,tipped,550000,0.289044289044289,0.11666666666666667,0.5504662004662004,4,True
dreamer_local,human,tipped,600000,0.1,0.03333333333333333,0.16666666666666666,4,True
dreamer_local,human,tipped,650000,0.25833333333333336,0.15833333333333333,0.4,4,True
dreamer_local,human,tipped,700000,0.10833333333333334,0.06666666666666667,0.15,4,True
dreamer_local,human,tipped,750000,0.10636623748211732,0.025,0.19409871244635193,4,True
dreamer_local,human,tipped,800000,0.20293427230046948,0.12253521126760564,0.33333333333333337,4,True
dreamer_local,human,tipped,850000,0.2576604017087734,0.16352765321375184,0.39278688524590166,4,True
dreamer_local,human,tipped,900000,0.24166666666666667,0.15,0.3416666666666667,4,True
dreamer_local,human,tipped,950000,0.15996042216358838,0.11666666666666667,0.2182937554969217,4,True
dreamer_local,machine,tipped,50000,0.075,0.03333333333333333,0.13333333333333333,4,True
dreamer_local,machine,tipped,100000,0.13333333333333333,0.049999999999999996,0.26666666666666666,4,True
dreamer_local,machine,tipped,150000,0.23605555555555555,0.15544444444444444,0.31666666666666665,4,True
dreamer_local,machine,tipped,200000,0.36564570766791205,0.3208999524093177,0.41383098757371245,4,True
dreamer_local,machine,tipped,250000,0.24139146388567012,0.13333333333333333,0.3575077249903438,4,True
dreamer_local,machine,tipped,300000,0.15833333333333335,0.11666666666666667,0.2,4,True
dreamer_local,machine,tipped,350000,0.20960847701149427,0.09999999999999999,0.34549209770114947,4,True
dreamer_local,machine,tipped,400000,0.27384626691118885,0.14096621343222085,0.36036194112998216,4,True
dreamer_local,machine,tipped,450000,0.13550119331742244,0.08333333333333333,0.18983691328560065,4,True
dreamer_local,machine,tipped,500000,0.30667364016736404,0.2483403068340307,0.39166666666666666,4,True
dreamer_local,machine,tipped,550000,0.07347985347985347,0.04166666666666667,0.11210622710622709,4,True
dreamer_local,machine,tipped,600000,0.2581827309236948,0.18333333333333332,0.37454819277108437,4,True
dreamer_local,machine,tipped,650000,0.18,0.13333333333333333,0.22666666666666668,4,True
dreamer_local,machine,tipped,700000,0.2850337731816943,0.18061974789915963,0.35655576983082127,4,True
dreamer_local,machine,tipped,750000,0.1351209677419355,0.06666666666666667,0.20536290322580644,4,True
dreamer_local,machine,tipped,800000,0.20833333333333331,0.10833333333333332,0.31666666666666665,4,True
dreamer_local,machine,tipped,850000,0.12079764453961457,0.07913097787294789,0.175,4,True
dreamer_local,machine,tipped,900000,0.25246212121212125,0.06666666666666667,0.5916666666666667,4,True
dreamer_local,machine,tipped,950000,0.18333333333333332,0.08333333333333333,0.26666666666666666,4,True
dreamer_cluster,human,picked,50000,0.0,0.0,0.0,12,True
dreamer_cluster,human,picked,100000,0.011111111111111112,0.0,0.030555555555555558,12,True
dreamer_cluster,human,picked,150000,0.17357981931927727,0.06370560961410512,0.29073504752352336,12,True
dreamer_cluster,human,picked,200000,0.32192630667486416,0.1974667020999823,0.4508619062881093,12,True
dreamer_cluster,human,picked,250000,0.611333482004269,0.4985460622821806,0.7126486698293701,12,True
dreamer_cluster,human,picked,300000,0.5642071699412172,0.3856440044786487,0.7339447433916134,12,True
dreamer_cluster,human,picked,350000,0.8033126340909273,0.6490649091805814,0.912786349140731,12,True
dreamer_cluster,human,picked,400000,0.8319268951727059,0.7025592661526858,0.9406052105805892,12,True
dreamer_cluster,human,picked,450000,0.8976245014592722,0.8345284947949861,0.9468331363278173,12,True
dreamer_cluster,human,picked,500000,0.904558860441767,0.836895498661312,0.9535621653279787,12,True
dreamer_cluster,human,picked,550000,0.8487611304684476,0.7055245838172668,0.951569879984514,12,True
dreamer_cluster,human,picked,600000,0.9222260298442353,0.8435088976135142,0.9750236742424242,12,True
dreamer_cluster,human,picked,650000,0.9099411736213087,0.8337482810970387,0.9628180066079295,12,True
dreamer_cluster,human,picked,700000,0.9317435359888191,0.8884573724668064,0.9611111111111111,12,True
dreamer_cluster,human,picked,750000,0.9520978543118764,0.9333333333333335,0.9694444444444446,12,True
dreamer_cluster,human,picked,800000,0.9171384880621586,0.8453621299454545,0.97583948307792,12,True
dreamer_cluster,human,picked,850000,0.9525636574074073,0.9305555555555557,0.9720081018518519,12,True
dreamer_cluster,human,picked,900000,0.8933859068939202,0.7829354984595381,0.9611111111111111,12,True
dreamer_cluster,human,picked,950000,0.9645734088665723,0.9423511866443501,0.9840178533110168,12,True
dreamer_cluster,human,picked,1000000,0.9477832965415747,0.925,0.9705665930831494,8,True
dreamer_cluster,human,picked,1050000,0.9291666666666667,0.8583333333333333,0.9791666666666667,8,True
dreamer_cluster,human,picked,1100000,0.9541666666666666,0.9333333333333333,0.9751041666666662,8,True
dreamer_cluster,human,picked,1150000,0.9273912584459458,0.8999999999999999,0.9565579251126126,8,True
dreamer_cluster,human,picked,1200000,0.9708333333333333,0.9458333333333333,0.9916666666666667,8,True
dreamer_cluster,human,picked,1250000,0.9625,0.9291666666666667,0.9875,8,True
dreamer_cluster,human,picked,1300000,0.9474808626449783,0.9154294793207028,0.9791666666666667,8,True
dreamer_cluster,human,picked,1350000,0.9125,0.825,0.9708333333333334,8,True
dreamer_cluster,human,picked,1400000,0.9416666666666667,0.9125000000000001,0.9666666666666667,8,True
dreamer_cluster,human,picked,1450000,0.9666666666666667,0.9458333333333333,0.9875,8,True
dreamer_cluster,human,picked,1500000,0.9658966461327858,0.9492299794661191,0.9833333333333334,8,True
dreamer_cluster,human,picked,1550000,0.9333333333333333,0.8791666666666667,0.9833333333333334,8,True
dreamer_cluster,human,picked,1600000,0.9833333333333334,0.9708333333333334,0.9958333333333333,8,True
dreamer_cluster,human,picked,1650000,0.9315614652770687,0.9065614652770688,0.9583333333333333,8,True
dreamer_cluster,human,picked,1700000,0.9743078175895765,0.9541666666666666,0.9909917888165037,8,True
dreamer_cluster,human,picked,1750000,0.9791666666666667,0.9624999999999999,0.9958333333333333,8,True
dreamer_cluster,human,picked,1800000,0.9708333333333334,0.9458333333333333,0.9916666666666667,8,True
dreamer_cluster,human,picked,1850000,0.9708333333333333,0.9416666666666667,0.9916666666666667,8,True
dreamer_cluster,human,picked,1900000,0.9666666666666667,0.95,0.9833333333333334,8,True
dreamer_cluster,human,picked,1950000,0.9875,0.9708333333333333,1.0,8,True
dreamer_cluster,machine,picked,50000,0.0,0.0,0.0,12,True
dreamer_cluster,machine,picked,100000,0.03888888888888889,0.013888888888888888,0.06666666666666667,12,True
dreamer_cluster,machine,picked,150000,0.1499531544876851,0.06897266526523284,0.2538511555669793,12,True
dreamer_cluster,machine,picked,200000,0.17767900691444924,0.08611098057644109,0.2709727600250626,12,True
dreamer_cluster,machine,picked,250000,0.3866488971095538,0.2557644665340598,0.5052704003908097,12,True
dreamer_cluster,machine,picked,300000,0.5324013034997223,0.3798901073606,0.6806853268042561,12,True
dreamer_cluster,machine,picked,350000,0.7339939089899093,0.6034059542534972,0.8544575866979183,12,True
dreamer_cluster,machine,picked,400000,0.7059435392148353,0.5836617201365552,0.8298520678369967,12,True
dreamer_cluster,machine,picked,450000,0.8928844615681069,0.802336361417288,0.9638888888888889,12,True
dreamer_cluster,machine,picked,500000,0.9160062236149193,0.8500000000000001,0.9702574041432739,12,True
dreamer_cluster,machine,picked,550000,0.8989691285145831,0.779191946521492,0.9777777777777779,12,True
dreamer_cluster,machine,picked,600000,0.9085315143266234,0.831898039015573,0.958706264838267,12,True
dreamer_cluster,machine,picked,650000,0.9437839129362436,0.9171835521542243,0.9681952044383646,12,True
dreamer_cluster,machine,picked,700000,0.9489495798319328,0.9228991596638657,0.9722222222222222,12,True
dreamer_cluster,machine,picked,750000,0.9555555555555556,0.9305555555555557,0.9750000000000001,12,True
dreamer_cluster,machine,picked,800000,0.9580769269054868,0.9286351731593371,0.9816328665594867,12,True
dreamer_cluster,machine,picked,850000,0.9694444444444444,0.9500000000000001,0.9861111111111112,12,True
dreamer_cluster,machine,picked,900000,0.9513113695090439,0.926311369509044,0.9763113695090441,12,True
dreamer_cluster,machine,picked,950000,0.9456883828800339,0.9191545435378453,0.9694444444444444,12,True
dreamer_cluster,machine,picked,1000000,0.9674198042005216,0.9456308296514482,0.9875,8,True
dreamer_cluster,machine,picked,1050000,0.9708333333333334,0.9458333333333333,0.9916666666666667,8,True
dreamer_cluster,machine,picked,1100000,0.9692393378226711,0.9368987864758698,0.9922479377104377,8,True
dreamer_cluster,machine,picked,1150000,0.9689138576779026,0.9375,0.9942415730337079,8,True
dreamer_cluster,machine,picked,1200000,0.9583333333333334,0.9166666666666667,0.9875,8,True
dreamer_cluster,machine,picked,1250000,0.9624999999999999,0.9375,0.9875,8,True
dreamer_cluster,machine,picked,1300000,0.958335539085936,0.9375,0.9791710781718723,8,True
dreamer_cluster,machine,picked,1350000,0.9791666666666667,0.9583333333333333,1.0,8,True
dreamer_cluster,machine,picked,1400000,0.9434483726150393,0.922615039281706,0.9624999999999999,8,True
dreamer_cluster,machine,picked,1450000,0.95,0.925,0.9791666666666666,8,True
dreamer_cluster,machine,picked,1500000,0.974296265328874,0.9500000000000001,0.9937221293199554,8,True
dreamer_cluster,machine,picked,1550000,0.9583333333333333,0.9333333333333333,0.9833333333333334,8,True
dreamer_cluster,machine,picked,1600000,0.9657013809557808,0.9333543064876957,0.991687639821029,8,True
dreamer_cluster,machine,picked,1650000,0.9214255401234568,0.8226099537037037,0.9875,8,True
dreamer_cluster,machine,picked,1700000,0.9416666666666667,0.9,0.9750000000000001,8,True
dreamer_cluster,machine,picked,1750000,0.9491618217054263,0.9166666666666667,0.9783284883720931,8,True
dreamer_cluster,machine,picked,1800000,0.9625,0.9208333333333334,0.9916666666666667,8,True
dreamer_cluster,machine,picked,1850000,0.9291666666666667,0.8875,0.9583333333333333,8,True
dreamer_cluster,machine,picked,1900000,0.9583333333333333,0.9333333333333333,0.9833333333333334,8,True
dreamer_cluster,machine,picked,1950000,0.9166666666666667,0.875,0.95,8,True
dreamer_cluster,planner72,picked,50000,0.004166666666666667,0.0,0.0125,8,True
dreamer_cluster,planner72,picked,100000,0.0,0.0,0.0,8,True
dreamer_cluster,planner72,picked,150000,0.008333333333333333,0.0,0.016666666666666666,8,True
dreamer_cluster,planner72,picked,200000,0.029166666666666667,0.008333333333333333,0.054270833333332776,8,True
dreamer_cluster,planner72,picked,250000,0.03386957668736556,0.002432373472949389,0.0702842377260982,8,True
dreamer_cluster,planner72,picked,300000,0.020833333333333332,0.004166666666666667,0.04166666666666667,8,True
dreamer_cluster,planner72,picked,350000,0.1375,0.07083333333333333,0.19583333333333336,8,True
dreamer_cluster,planner72,picked,400000,0.23595113004809426,0.12368512573568755,0.35848331513976234,8,True
dreamer_cluster,planner72,picked,450000,0.19390457139770906,0.0944948377581121,0.31395346357480186,8,True
dreamer_cluster,planner72,picked,500000,0.14950887198986057,0.05416666666666667,0.26200887198986056,8,True
dreamer_cluster,planner72,picked,550000,0.17067354526245515,0.1024895122481783,0.2351351640605316,8,True
dreamer_cluster,planner72,picked,600000,0.22057128663209283,0.08834170426533215,0.3852062977130188,8,True
dreamer_cluster,planner72,picked,650000,0.14501938647508267,0.048372106283498695,0.26087210628349866,8,True
dreamer_cluster,planner72,picked,700000,0.2476211373545292,0.11147687702092884,0.3824757520266394,8,True
dreamer_cluster,planner72,picked,750000,0.16479566915828397,0.08585754143662469,0.24863050715703183,8,True
dreamer_cluster,planner72,picked,800000,0.24536409672195586,0.1,0.42029092791955114,8,True
dreamer_cluster,planner72,picked,850000,0.20018380995379476,0.03333333333333333,0.3906242596541104,8,True
dreamer_cluster,planner72,picked,900000,0.3652060824329732,0.19845688275310125,0.5413965586234494,7,True
dreamer_cluster,planner72,picked,950000,0.633556926892628,0.45223253416393877,0.8042380546093633,7,True
dreamer_cluster,planner72,picked,1000000,0.49326797388202603,0.29166538411567255,0.6948705636483794,7,True
dreamer_cluster,planner72,picked,1050000,0.5593796389970693,0.30872290945875863,0.8142857142857143,7,True
dreamer_cluster,planner72,picked,1100000,0.4583197572979113,0.2107007096788637,0.7005735010986165,7,True
dreamer_cluster,planner72,picked,1150000,0.5178013393046395,0.3503220273161081,0.6933804151841942,7,True
dreamer_cluster,planner72,picked,1200000,0.3550551869172332,0.1789810060583519,0.5528766080005719,7,True
dreamer_cluster,planner72,picked,1250000,0.5304383451946768,0.2703231356527571,0.7755707344446129,7,True
dreamer_cluster,planner72,picked,1300000,0.6585357737961075,0.39873282051562386,0.8973380492253795,7,True
dreamer_cluster,planner72,picked,1350000,0.7261923149634836,0.5564072774595503,0.882073474210327,7,True
dreamer_cluster,planner72,picked,1400000,0.6616739499065222,0.3711977594303317,0.9095454283408279,7,True
dreamer_cluster,planner72,picked,1450000,0.5897042365008442,0.37199993179225005,0.774601342758024,7,True
dreamer_cluster,planner72,picked,1500000,0.7875223176172398,0.6629230308475592,0.897873614854747,7,True
dreamer_cluster,planner72,picked,1550000,0.7840486616888264,0.6646379130280204,0.894248722425518,7,True
dreamer_cluster,planner72,picked,1600000,0.5448676070786788,0.28840286904478596,0.7972090884038749,7,True
dreamer_cluster,planner72,picked,1650000,0.7399732322105733,0.6084927450792942,0.8714755212814548,7,True
dreamer_cluster,planner72,picked,1700000,0.32088253501057035,0.04469205882009414,0.6380952380952382,7,True
dreamer_cluster,planner72,picked,1750000,0.5079055265942968,0.1380952380952381,0.8095276221547592,7,True
dreamer_cluster,planner72,picked,1800000,0.563598593799936,0.20508149568552256,0.8445509747523171,7,True
dreamer_cluster,planner72,picked,1850000,0.5971292208612383,0.28025830889389186,0.857157883733825,7,True
dreamer_cluster,planner72,picked,1900000,0.5637448683356867,0.2923162969071153,0.827603794270461,7,True
dreamer_cluster,planner72,picked,1950000,0.6687809261381348,0.38782854518575377,0.9123676993023727,7,True
dreamer_cluster,r2teacher,picked,50000,0.08888888888888889,0.03333333333333333,0.13333333333333333,3,True
dreamer_cluster,r2teacher,picked,100000,0.2333333333333333,0.10000000000000002,0.3,3,True
dreamer_cluster,r2teacher,picked,150000,0.23153238359835274,0.20000000000000004,0.2612638174617249,3,True
dreamer_cluster,r2teacher,picked,200000,0.2760228815202637,0.16140197789412447,0.5,3,True
dreamer_cluster,r2teacher,picked,250000,0.38699072879826485,0.3065368567454798,0.5089584368272893,3,True
dreamer_cluster,r2teacher,picked,300000,0.6220228601807549,0.41606858054226475,0.8833333333333333,3,True
dreamer_cluster,r2teacher,picked,350000,0.7821100168726494,0.6426954260364081,0.9666666666666667,3,True
dreamer_cluster,r2teacher,picked,400000,0.7400316983650317,0.5990740740740741,0.9666666666666667,3,True
dreamer_cluster,r2teacher,picked,450000,0.8088235294117648,0.6598039215686274,0.9666666666666667,3,True
dreamer_cluster,r2teacher,picked,500000,0.8137420460107685,0.6078928046989721,0.9333333333333332,3,True
dreamer_cluster,r2teacher,picked,550000,0.9491452991452992,0.8807692307692307,1.0,3,True
dreamer_cluster,r2teacher,picked,600000,0.9511904761904763,0.9202380952380954,1.0,3,True
dreamer_cluster,r2teacher,picked,650000,0.9111111111111111,0.8666666666666667,0.9666666666666667,3,True
dreamer_cluster,r2teacher,picked,700000,0.95,0.9333333333333333,0.9666666666666667,2,False
dreamer_cluster,r2teacher,picked,750000,0.9166666666666667,0.9,0.9333333333333333,2,False
dreamer_cluster,r2teacher,picked,800000,0.9352919438285292,0.8705838876570584,1.0,2,False
dreamer_cluster,r2teacher,picked,850000,0.9538961038961039,0.9411255411255411,0.9666666666666667,2,False
dreamer_cluster,r2teacher,picked,900000,0.9298412698412699,0.8596825396825397,1.0,2,False
dreamer_cluster,r2teacher,picked,950000,0.95,0.9333333333333333,0.9666666666666667,2,False
dreamer_cluster,r2teacher,picked,1000000,0.9333333333333333,nan,nan,1,False
dreamer_cluster,r2teacher,picked,1050000,0.9333333333333333,nan,nan,1,False
dreamer_cluster,r2teacher,picked,1100000,0.9,nan,nan,1,False
dreamer_cluster,r2teacher,picked,1150000,0.9333333333333333,nan,nan,1,False
dreamer_cluster,r2teacher,picked,1200000,1.0,nan,nan,1,False
dreamer_cluster,r2teacher,picked,1250000,1.0,nan,nan,1,False
dreamer_cluster,r2teacher,picked,1300000,0.9,nan,nan,1,False
dreamer_cluster,r2teacher,picked,1350000,0.8333333333333334,nan,nan,1,False
dreamer_cluster,r2teacher,picked,1400000,1.0,nan,nan,1,False
dreamer_cluster,r2teacher,picked,1450000,0.5333333333333333,nan,nan,1,False
dreamer_cluster,r2teacher,picked,1500000,1.0,nan,nan,1,False
dreamer_cluster,r2teacher,picked,1550000,1.0,nan,nan,1,False
dreamer_cluster,r2teacher,picked,1600000,0.9333333333333333,nan,nan,1,False
dreamer_cluster,r2teacher,picked,1650000,0.9225672877846791,nan,nan,1,False
dreamer_cluster,r2teacher,picked,1700000,0.8666666666666667,nan,nan,1,False
dreamer_cluster,r2teacher,picked,1750000,1.0,nan,nan,1,False
dreamer_cluster,r2teacher,picked,1800000,0.9,nan,nan,1,False
dreamer_cluster,r2teacher,picked,1850000,1.0,nan,nan,1,False
dreamer_cluster,r2teacher,picked,1900000,1.0,nan,nan,1,False
dreamer_cluster,r2teacher,picked,1950000,1.0,nan,nan,1,False
dreamer_cluster,human,placed_v2,50000,0.0,0.0,0.0,12,True
dreamer_cluster,human,placed_v2,100000,0.002777777777777778,0.0,0.008333333333333333,12,True
dreamer_cluster,human,placed_v2,150000,0.02931418392340236,0.008333333333333333,0.05738699621465152,12,True
dreamer_cluster,human,placed_v2,200000,0.075,0.030555555555555555,0.1277777777777778,12,True
dreamer_cluster,human,placed_v2,250000,0.34974314705996296,0.21749082284374738,0.4900855839472951,12,True
dreamer_cluster,human,placed_v2,300000,0.42855692113041877,0.28284099650604977,0.5790149977223772,12,True
dreamer_cluster,human,placed_v2,350000,0.5639818687958269,0.40652642544853773,0.7148288043146152,12,True
dreamer_cluster,human,placed_v2,400000,0.6430985159058119,0.5001489570837454,0.7795659018265607,12,True
dreamer_cluster,human,placed_v2,450000,0.7071619898618922,0.6095480491569721,0.7972119612422665,12,True
dreamer_cluster,human,placed_v2,500000,0.7211547049902802,0.6280587224634889,0.8058737710978543,12,True
dreamer_cluster,human,placed_v2,550000,0.7362842684600753,0.5962079901020073,0.8496406371406372,12,True
dreamer_cluster,human,placed_v2,600000,0.784520169750091,0.6971525378639056,0.8577658960065939,12,True
dreamer_cluster,human,placed_v2,650000,0.7102571810405881,0.5947069813061948,0.8108603781066335,12,True
dreamer_cluster,human,placed_v2,700000,0.7672476427753979,0.6807242958709324,0.844661142000628,12,True
dreamer_cluster,human,placed_v2,750000,0.8071805966286614,0.7442250050160076,0.8632141431786658,12,True
dreamer_cluster,human,placed_v2,800000,0.8117689788688351,0.6857530753061041,0.9106026398208487,12,True
dreamer_cluster,human,placed_v2,850000,0.8331698228920333,0.7531475237712828,0.9069018942589779,12,True
dreamer_cluster,human,placed_v2,900000,0.7723235156615241,0.6636990610877356,0.8596354410160512,12,True
dreamer_cluster,human,placed_v2,950000,0.8551249819450272,0.7995660031550631,0.9044575749667857,12,True
dreamer_cluster,human,placed_v2,1000000,0.8262213170786746,0.7776497013583669,0.8752012009354584,8,True
dreamer_cluster,human,placed_v2,1050000,0.7493920365348936,0.5719674928246357,0.8636791383219955,8,True
dreamer_cluster,human,placed_v2,1100000,0.8222228012096313,0.7573704857129859,0.8869239692080566,8,True
dreamer_cluster,human,placed_v2,1150000,0.7943941824225541,0.6926754385964913,0.8881158502252253,8,True
dreamer_cluster,human,placed_v2,1200000,0.8900252525252526,0.8383838383838385,0.9375,8,True
dreamer_cluster,human,placed_v2,1250000,0.8541666666666667,0.8041666666666667,0.9083333333333333,8,True
dreamer_cluster,human,placed_v2,1300000,0.8349808626449784,0.7421910375669333,0.9103464419475655,8,True
dreamer_cluster,human,placed_v2,1350000,0.8204422869471414,0.7121089536138081,0.89427892394822,8,True
dreamer_cluster,human,placed_v2,1400000,0.8035464376590331,0.75,0.8541666666666667,8,True
dreamer_cluster,human,placed_v2,1450000,0.8380123873873874,0.7838457207207208,0.9,8,True
dreamer_cluster,human,placed_v2,1500000,0.8223829752224967,0.7270949239668966,0.902085323145495,8,True
dreamer_cluster,human,placed_v2,1550000,0.8458333333333332,0.7708333333333333,0.925,8,True
dreamer_cluster,human,placed_v2,1600000,0.8951722222222223,0.8444444444444444,0.9396166666666667,8,True
dreamer_cluster,human,placed_v2,1650000,0.8648947986104021,0.8332130547695106,0.8957463011314186,8,True
dreamer_cluster,human,placed_v2,1700000,0.9106986025725118,0.8777823018458197,0.9409781552363694,8,True
dreamer_cluster,human,placed_v2,1750000,0.8833333333333334,0.8250000000000001,0.9416666666666667,8,True
dreamer_cluster,human,placed_v2,1800000,0.8956359649122807,0.8162669956140352,0.9625,8,True
dreamer_cluster,human,placed_v2,1850000,0.8825116009280742,0.8458127900232019,0.9125000000000001,8,True
dreamer_cluster,human,placed_v2,1900000,0.8921195652173913,0.8346920289855073,0.9458333333333333,8,True
dreamer_cluster,human,placed_v2,1950000,0.9333333333333333,0.9125000000000001,0.9583333333333333,8,True
dreamer_cluster,machine,placed_v2,50000,0.0,0.0,0.0,12,True
dreamer_cluster,machine,placed_v2,100000,0.002777777777777778,0.0,0.008333333333333333,12,True
dreamer_cluster,machine,placed_v2,150000,0.05077870757787076,0.005555555555555556,0.1111111111111111,12,True
dreamer_cluster,machine,placed_v2,200000,0.05986507936507937,0.023753968253968253,0.1002857142857143,12,True
dreamer_cluster,machine,placed_v2,250000,0.23094997783050344,0.13094997783050347,0.32177812860755467,12,True
dreamer_cluster,machine,placed_v2,300000,0.3769863057161409,0.23272171665491373,0.5235479282999294,12,True
dreamer_cluster,machine,placed_v2,350000,0.6708756823480506,0.5381342965205482,0.8031577150024016,12,True
dreamer_cluster,machine,placed_v2,400000,0.6012718162337604,0.4579472088137964,0.732381110408098,12,True
dreamer_cluster,machine,placed_v2,450000,0.8097607358406131,0.7088542659663465,0.8948318372735717,12,True
dreamer_cluster,machine,placed_v2,500000,0.8294863425298207,0.7634801189149015,0.8927312994432559,12,True
dreamer_cluster,machine,placed_v2,550000,0.7906838721043269,0.6694913194444445,0.8861758869812848,12,True
dreamer_cluster,machine,placed_v2,600000,0.8662764988945247,0.7902663978844237,0.9166666666666669,12,True
dreamer_cluster,machine,placed_v2,650000,0.8337279966303274,0.7781706454995138,0.8831392881324484,12,True
dreamer_cluster,machine,placed_v2,700000,0.8457779181970523,0.7926607063875598,0.8955992829701857,12,True
dreamer_cluster,machine,placed_v2,750000,0.8487886928514193,0.7991680824348951,0.8932750730367133,12,True
dreamer_cluster,machine,placed_v2,800000,0.8379926797497238,0.7657664009674644,0.8992014244273,12,True
dreamer_cluster,machine,placed_v2,850000,0.8694444444444445,0.8305555555555557,0.9083333333333333,12,True
dreamer_cluster,machine,placed_v2,900000,0.8715512128766406,0.827777777777778,0.9063509544787078,12,True
dreamer_cluster,machine,placed_v2,950000,0.8776328273244783,0.8368999710099094,0.9069444444444446,12,True
dreamer_cluster,machine,placed_v2,1000000,0.8949588821978238,0.8255406677341991,0.9471434673720998,8,True
dreamer_cluster,machine,placed_v2,1050000,0.9041666666666667,0.8666666666666667,0.9416666666666667,8,True
dreamer_cluster,machine,placed_v2,1100000,0.8328448557954857,0.7431534201273238,0.9105456665148272,8,True
dreamer_cluster,machine,placed_v2,1150000,0.8376565477654326,0.7645692536794239,0.9133188399558023,8,True
dreamer_cluster,machine,placed_v2,1200000,0.8150586940572268,0.7375,0.8894178741746147,8,True
dreamer_cluster,machine,placed_v2,1250000,0.8369421252043667,0.7705235971111883,0.8969257399140211,8,True
dreamer_cluster,machine,placed_v2,1300000,0.8250345556490831,0.7666666666666667,0.883475548119246,8,True
dreamer_cluster,machine,placed_v2,1350000,0.8879885277449322,0.8116363381902865,0.9583333333333333,8,True
dreamer_cluster,machine,placed_v2,1400000,0.8654133931911709,0.8278971427235317,0.9053451178451178,8,True
dreamer_cluster,machine,placed_v2,1450000,0.8817401960784315,0.8468137254901962,0.9166666666666667,8,True
dreamer_cluster,machine,placed_v2,1500000,0.8816336637028578,0.8218928610272725,0.936796265328874,8,True
dreamer_cluster,machine,placed_v2,1550000,0.8456683476196569,0.8011946582654556,0.8958333333333334,8,True
dreamer_cluster,machine,placed_v2,1600000,0.8865347142891142,0.8345831697129802,0.9375,8,True
dreamer_cluster,machine,placed_v2,1650000,0.859201436544972,0.7425347698783054,0.9409897691920578,8,True
dreamer_cluster,machine,placed_v2,1700000,0.8595987136465325,0.8137653803131991,0.9012653803131991,8,True
dreamer_cluster,machine,placed_v2,1750000,0.8598254129048586,0.7713271823988646,0.928328488372093,8,True
dreamer_cluster,machine,placed_v2,1800000,0.8708333333333333,0.7958333333333334,0.9458333333333333,8,True
dreamer_cluster,machine,placed_v2,1850000,0.827427552241554,0.7098414802540735,0.9166666666666667,8,True
dreamer_cluster,machine,placed_v2,1900000,0.8208333333333333,0.6208333333333333,0.9416666666666667,8,True
dreamer_cluster,machine,placed_v2,1950000,0.8050330033003301,0.7550330033003301,0.84253300330033,8,True
dreamer_cluster,planner72,placed_v2,50000,0.0,0.0,0.0,8,True
dreamer_cluster,planner72,placed_v2,100000,0.0,0.0,0.0,8,True
dreamer_cluster,planner72,placed_v2,150000,0.0,0.0,0.0,8,True
dreamer_cluster,planner72,placed_v2,200000,0.004166666666666667,0.0,0.0125,8,True
dreamer_cluster,planner72,placed_v2,250000,0.0008107911576497964,0.0,0.002432373472949389,8,True
dreamer_cluster,planner72,placed_v2,300000,0.0,0.0,0.0,8,True
dreamer_cluster,planner72,placed_v2,350000,0.004166666666666667,0.0,0.0125,8,True
dreamer_cluster,planner72,placed_v2,400000,0.027924915284465845,0.0,0.0754414125200642,8,True
dreamer_cluster,planner72,placed_v2,450000,0.029166666666666664,0.0,0.07083333333333333,8,True
dreamer_cluster,planner72,placed_v2,500000,0.0125,0.004166666666666667,0.025,8,True
dreamer_cluster,planner72,placed_v2,550000,0.008333333333333333,0.0,0.025,8,True
dreamer_cluster,planner72,placed_v2,600000,0.021331547990120728,0.0,0.04194625014474684,8,True
dreamer_cluster,planner72,placed_v2,650000,0.0,0.0,0.0,8,True
dreamer_cluster,planner72,placed_v2,700000,0.06141996106618748,0.006173255465708296,0.12921683138664244,8,True
dreamer_cluster,planner72,placed_v2,750000,0.038717775779376504,0.0,0.09531999400479615,8,True
dreamer_cluster,planner72,placed_v2,800000,0.05416666666666666,0.004166666666666667,0.14583333333333331,8,True
dreamer_cluster,planner72,placed_v2,850000,0.0414060649135276,0.0,0.09973939824686093,8,True
dreamer_cluster,planner72,placed_v2,900000,0.12857142857142856,0.019047619047619046,0.28095238095238095,7,True
dreamer_cluster,planner72,placed_v2,950000,0.24673891960042676,0.08095238095238096,0.4610466370866064,7,True
dreamer_cluster,planner72,placed_v2,1000000,0.21122087999869585,0.08095238095238096,0.34625128380691544,7,True
dreamer_cluster,planner72,placed_v2,1050000,0.286349189886768,0.09523809523809523,0.4786088873380599,7,True
dreamer_cluster,planner72,placed_v2,1100000,0.10843101611863729,0.026684141546526867,0.21736533024206747,7,True
dreamer_cluster,planner72,placed_v2,1150000,0.2398733558047967,0.08012956142413083,0.43637424028485483,7,True
dreamer_cluster,planner72,placed_v2,1200000,0.15937258433469967,0.01553457203777033,0.34579975117650236,7,True
dreamer_cluster,planner72,placed_v2,1250000,0.29241516966067865,0.08095238095238096,0.5324493869404049,7,True
dreamer_cluster,planner72,placed_v2,1300000,0.4826997435911453,0.258793461549675,0.7047619047619048,7,True
dreamer_cluster,planner72,placed_v2,1350000,0.44940064543705077,0.344638740675146,0.5540494626019141,7,True
dreamer_cluster,planner72,placed_v2,1400000,0.44170953870246954,0.25849349366376445,0.5966148859147512,7,True
dreamer_cluster,planner72,placed_v2,1450000,0.5081618850469883,0.2840495364417676,0.7294353257816265,7,True
dreamer_cluster,planner72,placed_v2,1500000,0.45079682304290797,0.22349117056722476,0.6640925336747924,7,True
dreamer_cluster,planner72,placed_v2,1550000,0.5178627910817124,0.2616796860522848,0.7599705985414028,7,True
dreamer_cluster,planner72,placed_v2,1600000,0.44010570231677404,0.22955090618394003,0.62398579962631,7,True
dreamer_cluster,planner72,placed_v2,1650000,0.5470483535147086,0.41782943145102763,0.7004464114978187,7,True
dreamer_cluster,planner72,placed_v2,1700000,0.2283844523221509,0.035168249296284614,0.4530990727183992,7,True
dreamer_cluster,planner72,placed_v2,1750000,0.3745365749455117,0.10826883554156282,0.6131292549000473,7,True
dreamer_cluster,planner72,placed_v2,1800000,0.5027927329940753,0.16868008948545862,0.7677655677655677,7,True
dreamer_cluster,planner72,placed_v2,1850000,0.5257006494326669,0.2656719865600803,0.7805240087666867,7,True
dreamer_cluster,planner72,placed_v2,1900000,0.52375249500998,0.27613344739093243,0.7763080980895346,7,True
dreamer_cluster,planner72,placed_v2,1950000,0.5868681610320924,0.3048923361162151,0.8314153183499917,7,True
dreamer_cluster,r2teacher,placed_v2,50000,0.0,0.0,0.0,3,True
dreamer_cluster,r2teacher,placed_v2,100000,0.06666666666666667,0.03333333333333333,0.13333333333333333,3,True
dreamer_cluster,r2teacher,placed_v2,150000,0.13333333333333333,0.10000000000000002,0.16666666666666666,3,True
dreamer_cluster,r2teacher,placed_v2,200000,0.19609784499145358,0.06666666666666667,0.393558223746903,3,True
dreamer_cluster,r2teacher,placed_v2,250000,0.24254628435382045,0.10653685674547982,0.475625103493956,3,True
dreamer_cluster,r2teacher,placed_v2,300000,0.5442450824029771,0.349401913875598,0.7833333333333335,3,True
dreamer_cluster,r2teacher,placed_v2,350000,0.7680359427985753,0.6426954260364081,0.9244444444444445,3,True
dreamer_cluster,r2teacher,placed_v2,400000,0.6733650316983649,0.3990740740740741,0.9666666666666667,3,True
dreamer_cluster,r2teacher,placed_v2,450000,0.7754901960784314,0.6264705882352941,0.9333333333333332,3,True
dreamer_cluster,r2teacher,placed_v2,500000,0.8026309348996574,0.6078928046989721,0.9,3,True
dreamer_cluster,r2teacher,placed_v2,550000,0.9158119658119658,0.8474358974358974,0.9666666666666667,3,True
dreamer_cluster,r2teacher,placed_v2,600000,0.8956349206349207,0.8202380952380953,0.9666666666666667,3,True
dreamer_cluster,r2teacher,placed_v2,650000,0.8666666666666667,0.7666666666666667,0.9666666666666667,3,True
dreamer_cluster,r2teacher,placed_v2,700000,0.8833333333333333,0.8333333333333334,0.9333333333333333,2,False
dreamer_cluster,r2teacher,placed_v2,750000,0.9,0.8666666666666667,0.9333333333333333,2,False
dreamer_cluster,r2teacher,placed_v2,800000,0.8559268644634499,0.8412698412698413,0.8705838876570584,2,False
dreamer_cluster,r2teacher,placed_v2,850000,0.9372294372294372,0.9077922077922078,0.9666666666666667,2,False
dreamer_cluster,r2teacher,placed_v2,900000,0.8631746031746033,0.7930158730158731,0.9333333333333333,2,False
dreamer_cluster,r2teacher,placed_v2,950000,0.9166666666666667,0.9,0.9333333333333333,2,False
dreamer_cluster,r2teacher,placed_v2,1000000,0.9,nan,nan,1,False
dreamer_cluster,r2teacher,placed_v2,1050000,0.9333333333333333,nan,nan,1,False
dreamer_cluster,r2teacher,placed_v2,1100000,0.8666666666666667,nan,nan,1,False
dreamer_cluster,r2teacher,placed_v2,1150000,0.9333333333333333,nan,nan,1,False
dreamer_cluster,r2teacher,placed_v2,1200000,0.9666666666666667,nan,nan,1,False
dreamer_cluster,r2teacher,placed_v2,1250000,0.9666666666666667,nan,nan,1,False
dreamer_cluster,r2teacher,placed_v2,1300000,0.9,nan,nan,1,False
dreamer_cluster,r2teacher,placed_v2,1350000,0.8333333333333334,nan,nan,1,False
dreamer_cluster,r2teacher,placed_v2,1400000,0.8666666666666667,nan,nan,1,False
dreamer_cluster,r2teacher,placed_v2,1450000,0.5333333333333333,nan,nan,1,False
dreamer_cluster,r2teacher,placed_v2,1500000,1.0,nan,nan,1,False
dreamer_cluster,r2teacher,placed_v2,1550000,1.0,nan,nan,1,False
dreamer_cluster,r2teacher,placed_v2,1600000,0.9333333333333333,nan,nan,1,False
dreamer_cluster,r2teacher,placed_v2,1650000,0.9225672877846791,nan,nan,1,False
dreamer_cluster,r2teacher,placed_v2,1700000,0.8333333333333334,nan,nan,1,False
dreamer_cluster,r2teacher,placed_v2,1750000,0.9666666666666667,nan,nan,1,False
dreamer_cluster,r2teacher,placed_v2,1800000,0.9,nan,nan,1,False
dreamer_cluster,r2teacher,placed_v2,1850000,1.0,nan,nan,1,False
dreamer_cluster,r2teacher,placed_v2,1900000,1.0,nan,nan,1,False
dreamer_cluster,r2teacher,placed_v2,1950000,1.0,nan,nan,1,False
dreamer_cluster,human,farside,50000,0.0,0.0,0.0,12,True
dreamer_cluster,human,farside,100000,0.002777777777777778,0.0,0.008333333333333333,12,True
dreamer_cluster,human,farside,150000,0.02931418392340236,0.008333333333333333,0.05738699621465152,12,True
dreamer_cluster,human,farside,200000,0.06944444444444445,0.024999999999999998,0.11944444444444445,12,True
dreamer_cluster,human,farside,250000,0.3275209248377407,0.19989880087629822,0.4637356111805688,12,True
dreamer_cluster,human,farside,300000,0.40633469890819657,0.26845881708160485,0.5456313338536329,12,True
dreamer_cluster,human,farside,350000,0.5528707576847158,0.39439893202673554,0.7080813166662854,12,True
dreamer_cluster,human,farside,400000,0.6264318492391452,0.4696143187408496,0.7698514649463339,12,True
dreamer_cluster,human,farside,450000,0.6808661617961526,0.5698518366241355,0.7813246162346158,12,True
dreamer_cluster,human,farside,500000,0.7040978225264211,0.6027746081395643,0.7956581315474449,12,True
dreamer_cluster,human,farside,550000,0.6852688927710703,0.5290923774185324,0.8154969939402055,12,True
dreamer_cluster,human,farside,600000,0.7501856585604562,0.6372730807213929,0.8493366166681082,12,True
dreamer_cluster,human,farside,650000,0.7020283266751842,0.5777279772391963,0.803588728127006,12,True
dreamer_cluster,human,farside,700000,0.7330957372466808,0.6317417016072677,0.8287382075471699,12,True
dreamer_cluster,human,farside,750000,0.7809478485503946,0.706022682168311,0.8487750589622642,12,True
dreamer_cluster,human,farside,800000,0.7991427162425725,0.6736470725940763,0.9062780324979536,12,True
dreamer_cluster,human,farside,850000,0.8248364895587,0.7418816232649181,0.9007711675078567,12,True
dreamer_cluster,human,farside,900000,0.7606696712082369,0.6490007685840085,0.8535953026341874,12,True
dreamer_cluster,human,farside,950000,0.8356805375005827,0.7745694263894715,0.8916803564317005,12,True
dreamer_cluster,human,farside,1000000,0.7778174232592135,0.6949851408796947,0.8561109603907359,8,True
dreamer_cluster,human,farside,1050000,0.7251306858618387,0.5541401540691472,0.8318231036425522,8,True
dreamer_cluster,human,farside,1100000,0.8055561345429647,0.7327847469243661,0.882184448032791,8,True
dreamer_cluster,human,farside,1150000,0.7860608490892207,0.685262003677197,0.8842924306913822,8,True
dreamer_cluster,human,farside,1200000,0.8333333333333333,0.75,0.9083333333333334,8,True
dreamer_cluster,human,farside,1250000,0.825,0.7541666666666667,0.8999999999999999,8,True
dreamer_cluster,human,farside,1300000,0.8050458744653093,0.7100760521287487,0.8937144061943846,8,True
dreamer_cluster,human,farside,1350000,0.8037756202804747,0.7,0.8791666666666667,8,True
dreamer_cluster,human,farside,1400000,0.7785464376590331,0.7374999999999999,0.8148059796437659,8,True
dreamer_cluster,human,farside,1450000,0.804679054054054,0.7182038288288288,0.879679054054054,8,True
dreamer_cluster,human,farside,1500000,0.8182163085558299,0.7188942173931917,0.8979186564788284,8,True
dreamer_cluster,human,farside,1550000,0.8291666666666666,0.7416666666666667,0.9167708333333329,8,True
dreamer_cluster,human,farside,1600000,0.8835574913440352,0.83545,0.9288872049102928,8,True
dreamer_cluster,human,farside,1650000,0.8607281319437354,0.8319164466550948,0.8860071314593453,8,True
dreamer_cluster,human,farside,1700000,0.8898652692391784,0.8363907849829352,0.9356986025725117,8,True
dreamer_cluster,human,farside,1750000,0.8833333333333334,0.8250000000000001,0.9375,8,True
dreamer_cluster,human,farside,1800000,0.8754809902817932,0.7759570463530601,0.9625,8,True
dreamer_cluster,human,farside,1850000,0.861678267594741,0.8166666666666667,0.9033449342614076,8,True
dreamer_cluster,human,farside,1900000,0.8879528985507247,0.8342391304347826,0.9375,8,True
dreamer_cluster,human,farside,1950000,0.9333333333333333,0.9125000000000001,0.9583333333333333,8,True
dreamer_cluster,machine,farside,50000,0.0,0.0,0.0,12,True
dreamer_cluster,machine,farside,100000,0.0,0.0,0.0,12,True
dreamer_cluster,machine,farside,150000,0.028556485355648534,0.002336122733612273,0.06666666666666667,12,True
dreamer_cluster,machine,farside,200000,0.05153174603174603,0.01944444444444444,0.08764285714285713,12,True
dreamer_cluster,machine,farside,250000,0.2087277556082812,0.12137757167568364,0.29245551121656244,12,True
dreamer_cluster,machine,farside,300000,0.354163482893318,0.2162342923280423,0.4990135755281922,12,True
dreamer_cluster,machine,farside,350000,0.653085082044497,0.5152517000222604,0.7840444127308163,12,True
dreamer_cluster,machine,farside,400000,0.5957162606782048,0.45117540626524927,0.7275995046286972,12,True
dreamer_cluster,machine,farside,450000,0.8012688824497919,0.7013507483981823,0.8873309466581819,12,True
dreamer_cluster,machine,farside,500000,0.8239307869742653,0.7575095015584146,0.8869075597336465,12,True
dreamer_cluster,machine,farside,550000,0.7906838721043269,0.6740640804376599,0.8850802396256942,12,True
dreamer_cluster,machine,farside,600000,0.863498721116747,0.7934280303030301,0.9138888888888891,12,True
dreamer_cluster,machine,farside,650000,0.8226168855192163,0.7577163443461871,0.8811442640534349,12,True
dreamer_cluster,machine,farside,700000,0.8371568235294461,0.7817683986777992,0.8860048830757208,12,True
dreamer_cluster,machine,farside,750000,0.8460109150736416,0.7904430931368918,0.8948241406874501,12,True
dreamer_cluster,machine,farside,800000,0.8296593464163905,0.7545659892105555,0.8943653415237213,12,True
dreamer_cluster,machine,farside,850000,0.8694444444444445,0.8305555555555557,0.9083333333333333,12,True
dreamer_cluster,machine,farside,900000,0.8578117324521987,0.7947431206159571,0.905404392764858,12,True
dreamer_cluster,machine,farside,950000,0.8576230807357842,0.7966456208780439,0.9002582846003899,12,True
dreamer_cluster,machine,farside,1000000,0.8608724113306356,0.7634114893279378,0.9333333333333333,8,True
dreamer_cluster,machine,farside,1050000,0.8430896088733217,0.8125,0.8833333333333333,8,True
dreamer_cluster,machine,farside,1100000,0.7536781891288189,0.6116422196958369,0.8769781386207375,8,True
dreamer_cluster,machine,farside,1150000,0.7867504404594965,0.6853184656186226,0.8934734033720527,8,True
dreamer_cluster,machine,farside,1200000,0.7458333333333333,0.6458333333333333,0.8500000000000001,8,True
dreamer_cluster,machine,farside,1250000,0.7869421252043667,0.6860275440434351,0.8761904761904762,8,True
dreamer_cluster,machine,farside,1300000,0.7548819734894587,0.6646069533140875,0.850082306830082,8,True
dreamer_cluster,machine,farside,1350000,0.8427321901677951,0.7180152708272005,0.9518407172995781,8,True
dreamer_cluster,machine,farside,1400000,0.8279133931911711,0.7570800598578377,0.8915450804339693,8,True
dreamer_cluster,machine,farside,1450000,0.8525735294117647,0.7993872549019607,0.9041666666666668,8,True
dreamer_cluster,machine,farside,1500000,0.849296265328874,0.7520554626532887,0.9333333333333333,8,True
dreamer_cluster,machine,farside,1550000,0.780528398510242,0.6638617318435754,0.8805283985102421,8,True
dreamer_cluster,machine,farside,1600000,0.8269317474479274,0.7314027619115617,0.9157757724562822,8,True
dreamer_cluster,machine,farside,1650000,0.8172588734567902,0.6851099537037038,0.9,8,True
dreamer_cluster,machine,farside,1700000,0.8429320469798658,0.7958333333333334,0.8916666666666666,8,True
dreamer_cluster,machine,farside,1750000,0.8598254129048586,0.7644859286370564,0.928328488372093,8,True
dreamer_cluster,machine,farside,1800000,0.851613983633862,0.7564559345354479,0.925,8,True
dreamer_cluster,machine,farside,1850000,0.8065942189082206,0.6731454018227009,0.9083333333333333,8,True
dreamer_cluster,machine,farside,1900000,0.7958333333333334,0.5832291666666666,0.925,8,True
dreamer_cluster,machine,farside,1950000,0.7966996699669967,0.7466996699669968,0.8416666666666667,8,True
dreamer_cluster,planner72,farside,50000,0.0,0.0,0.0,8,True
dreamer_cluster,planner72,farside,100000,0.0,0.0,0.0,8,True
dreamer_cluster,planner72,farside,150000,0.0,0.0,0.0,8,True
dreamer_cluster,planner72,farside,200000,0.004166666666666667,0.0,0.0125,8,True
dreamer_cluster,planner72,farside,250000,0.0,0.0,0.0,8,True
dreamer_cluster,planner72,farside,300000,0.0,0.0,0.0,8,True
dreamer_cluster,planner72,farside,350000,0.0,0.0,0.0,8,True
dreamer_cluster,planner72,farside,400000,0.02375824861779918,0.0,0.07127474585339753,8,True
dreamer_cluster,planner72,farside,450000,0.024999999999999998,0.004166666666666667,0.058333333333333334,8,True
dreamer_cluster,planner72,farside,500000,0.008333333333333333,0.0,0.016666666666666666,8,True
dreamer_cluster,planner72,farside,550000,0.004166666666666667,0.0,0.0125,8,True
dreamer_cluster,planner72,farside,600000,0.011024196912807677,0.0,0.0247392574050897,8,True
dreamer_cluster,planner72,farside,650000,0.0,0.0,0.0,8,True
dreamer_cluster,planner72,farside,700000,0.04166666666666667,0.0,0.1,8,True
dreamer_cluster,planner72,farside,750000,0.0262177757793765,0.004166666666666667,0.06198666067146283,8,True
dreamer_cluster,planner72,farside,800000,0.029166666666666664,0.004166666666666667,0.07083333333333333,8,True
dreamer_cluster,planner72,farside,850000,0.0414060649135276,0.0,0.09973939824686093,8,True
dreamer_cluster,planner72,farside,900000,0.07619047619047618,0.0,0.18095238095238095,7,True
dreamer_cluster,planner72,farside,950000,0.14761904761904762,0.04285714285714286,0.2952380952380952,7,True
dreamer_cluster,planner72,farside,1000000,0.1397923085701244,0.06190476190476191,0.22385195057139576,7,True
dreamer_cluster,planner72,farside,1050000,0.13117870953981292,0.027082229678026957,0.2884799157758341,7,True
dreamer_cluster,planner72,farside,1100000,0.05605006373768492,0.013439135978242308,0.11319292088054207,7,True
dreamer_cluster,planner72,farside,1150000,0.14285714285714285,0.03809523809523809,0.2952380952380952,7,True
dreamer_cluster,planner72,farside,1200000,0.05362981013300843,0.01553457203777033,0.09523809523809523,7,True
dreamer_cluster,planner72,farside,1250000,0.16810658527996244,0.06190476190476191,0.2871542043275815,7,True
dreamer_cluster,planner72,farside,1300000,0.25671852406336365,0.11148262608085734,0.47346475761074597,7,True
dreamer_cluster,planner72,farside,1350000,0.29988691240295867,0.20952380952380953,0.3996607372088758,7,True
dreamer_cluster,planner72,farside,1400000,0.2857142857142857,0.1475,0.43345238095238037,7,True
dreamer_cluster,planner72,farside,1450000,0.28306908001698805,0.12380952380952381,0.4492568116646924,7,True
dreamer_cluster,planner72,farside,1500000,0.3351413652362874,0.15025456723569933,0.5235236430030136,7,True
dreamer_cluster,planner72,farside,1550000,0.39424872242551795,0.15226190476190476,0.6609153890921846,7,True
dreamer_cluster,planner72,farside,1600000,0.29147182253535325,0.15928662067405056,0.4239902065217296,7,True
dreamer_cluster,planner72,farside,1650000,0.3778627089889389,0.22359861845972956,0.5428571428571428,7,True
dreamer_cluster,planner72,farside,1700000,0.18133115288789908,0.035168249296284614,0.36597451587575386,7,True
dreamer_cluster,planner72,farside,1750000,0.28055345368966317,0.12256792479882439,0.4372973835698026,7,True
dreamer_cluster,planner72,farside,1800000,0.4932689234702657,0.15406790077931018,0.7646974948988372,7,True
dreamer_cluster,planner72,farside,1850000,0.44774061364382106,0.20709642916170987,0.6914133945842263,7,True
dreamer_cluster,planner72,farside,1900000,0.5189905902480753,0.25226689478186487,0.7666666666666666,7,True
dreamer_cluster,planner72,farside,1950000,0.5733120770534732,0.28085648020321385,0.8332960706509119,7,True
dreamer_cluster,r2teacher,farside,50000,0.0,0.0,0.0,3,True
dreamer_cluster,r2teacher,farside,100000,0.044444444444444446,0.0,0.10000000000000002,3,True
dreamer_cluster,r2teacher,farside,150000,0.12222222222222223,0.10000000000000002,0.16666666666666666,3,True
dreamer_cluster,r2teacher,farside,200000,0.19609784499145358,0.06666666666666667,0.393558223746903,3,True
dreamer_cluster,r2teacher,farside,250000,0.23143517324270935,0.0732035234121465,0.475625103493956,3,True
dreamer_cluster,r2teacher,farside,300000,0.5442450824029771,0.349401913875598,0.7833333333333335,3,True
dreamer_cluster,r2teacher,farside,350000,0.7680359427985753,0.6426954260364081,0.9244444444444445,3,True
dreamer_cluster,r2teacher,farside,400000,0.6622539205872539,0.3657407407407407,0.9666666666666667,3,True
dreamer_cluster,r2teacher,farside,450000,0.7643790849673202,0.6264705882352941,0.9333333333333332,3,True
dreamer_cluster,r2teacher,farside,500000,0.8026309348996574,0.6078928046989721,0.9,3,True
dreamer_cluster,r2teacher,farside,550000,0.9158119658119658,0.8474358974358974,0.9666666666666667,3,True
dreamer_cluster,r2teacher,farside,600000,0.8956349206349207,0.8202380952380953,0.9666666666666667,3,True
dreamer_cluster,r2teacher,farside,650000,0.8555555555555556,0.7333333333333333,0.9666666666666667,3,True
dreamer_cluster,r2teacher,farside,700000,0.8833333333333333,0.8333333333333334,0.9333333333333333,2,False
dreamer_cluster,r2teacher,farside,750000,0.9,0.8666666666666667,0.9333333333333333,2,False
dreamer_cluster,r2teacher,farside,800000,0.8559268644634499,0.8412698412698413,0.8705838876570584,2,False
dreamer_cluster,r2teacher,farside,850000,0.9372294372294372,0.9077922077922078,0.9666666666666667,2,False
dreamer_cluster,r2teacher,farside,900000,0.8631746031746033,0.7930158730158731,0.9333333333333333,2,False
dreamer_cluster,r2teacher,farside,950000,0.9,0.8666666666666667,0.9333333333333333,2,False
dreamer_cluster,r2teacher,farside,1000000,0.9,nan,nan,1,False
dreamer_cluster,r2teacher,farside,1050000,0.9,nan,nan,1,False
dreamer_cluster,r2teacher,farside,1100000,0.8666666666666667,nan,nan,1,False
dreamer_cluster,r2teacher,farside,1150000,0.9333333333333333,nan,nan,1,False
dreamer_cluster,r2teacher,farside,1200000,0.9666666666666667,nan,nan,1,False
dreamer_cluster,r2teacher,farside,1250000,0.9666666666666667,nan,nan,1,False
dreamer_cluster,r2teacher,farside,1300000,0.9,nan,nan,1,False
dreamer_cluster,r2teacher,farside,1350000,0.8,nan,nan,1,False
dreamer_cluster,r2teacher,farside,1400000,0.8666666666666667,nan,nan,1,False
dreamer_cluster,r2teacher,farside,1450000,0.5333333333333333,nan,nan,1,False
dreamer_cluster,r2teacher,farside,1500000,1.0,nan,nan,1,False
dreamer_cluster,r2teacher,farside,1550000,0.9666666666666667,nan,nan,1,False
dreamer_cluster,r2teacher,farside,1600000,0.9333333333333333,nan,nan,1,False
dreamer_cluster,r2teacher,farside,1650000,0.9225672877846791,nan,nan,1,False
dreamer_cluster,r2teacher,farside,1700000,0.8333333333333334,nan,nan,1,False
dreamer_cluster,r2teacher,farside,1750000,0.9666666666666667,nan,nan,1,False
dreamer_cluster,r2teacher,farside,1800000,0.9,nan,nan,1,False
dreamer_cluster,r2teacher,farside,1850000,1.0,nan,nan,1,False
dreamer_cluster,r2teacher,farside,1900000,1.0,nan,nan,1,False
dreamer_cluster,r2teacher,farside,1950000,1.0,nan,nan,1,False
dreamer_cluster,human,slide_event,50000,0.0,0.0,0.0,12,True
dreamer_cluster,human,slide_event,100000,0.0,0.0,0.0,12,True
dreamer_cluster,human,slide_event,150000,0.015425295034513472,0.0,0.0364061456245825,12,True
dreamer_cluster,human,slide_event,200000,0.006595060190950602,0.0,0.019785180572851807,12,True
dreamer_cluster,human,slide_event,250000,0.14296574265505702,0.06239470893476954,0.2333333333333333,12,True
dreamer_cluster,human,slide_event,300000,0.21718743634539442,0.11296251187590255,0.32438986225837657,12,True
dreamer_cluster,human,slide_event,350000,0.26160076154840023,0.16110404896421843,0.36539371362118517,12,True
dreamer_cluster,human,slide_event,400000,0.43548623848942447,0.2510781610282505,0.6272337547504341,12,True
dreamer_cluster,human,slide_event,450000,0.3901678250451843,0.2678548223130231,0.5250333546277923,12,True
dreamer_cluster,human,slide_event,500000,0.42206501385359907,0.2857834934023639,0.5716747052518757,12,True
dreamer_cluster,human,slide_event,550000,0.4223551491489792,0.2973534906892272,0.5643883298388891,12,True
dreamer_cluster,human,slide_event,600000,0.4702996974318134,0.34005365178262376,0.5990287724530985,12,True
dreamer_cluster,human,slide_event,650000,0.4738945419916001,0.35272824842203643,0.5956882030112137,12,True
dreamer_cluster,human,slide_event,700000,0.5559505851251578,0.4385341240894173,0.6623012347022743,12,True
dreamer_cluster,human,slide_event,750000,0.4487417380457921,0.3300494125539272,0.5823579323303882,12,True
dreamer_cluster,human,slide_event,800000,0.4967185441370223,0.3638825757575758,0.6250126948836188,12,True
dreamer_cluster,human,slide_event,850000,0.6139114854364159,0.5093503333141524,0.7093327015998362,12,True
dreamer_cluster,human,slide_event,900000,0.5233066527172688,0.3766885472315488,0.6830429994148132,12,True
dreamer_cluster,human,slide_event,950000,0.6795680982266236,0.5789005328182976,0.7799877818610356,12,True
dreamer_cluster,human,slide_event,1000000,0.5123723483191287,0.3300550420339306,0.662054908310229,8,True
dreamer_cluster,human,slide_event,1050000,0.47718316307727143,0.31019499663662986,0.648111704113096,8,True
dreamer_cluster,human,slide_event,1100000,0.5490470332334902,0.40284552845528454,0.7032136999001569,8,True
dreamer_cluster,human,slide_event,1150000,0.6069568106696253,0.4947603697154613,0.7399622931257656,8,True
dreamer_cluster,human,slide_event,1200000,0.5537148041523577,0.4106240473742886,0.691593520682747,8,True
dreamer_cluster,human,slide_event,1250000,0.5001979546951341,0.33271980780942534,0.6795225126369969,8,True
dreamer_cluster,human,slide_event,1300000,0.54403734467832,0.4270524931534403,0.6605114321452604,8,True
dreamer_cluster,human,slide_event,1350000,0.5011991761055792,0.3156804449835423,0.6836856681617864,8,True
dreamer_cluster,human,slide_event,1400000,0.5625096386675172,0.49421417712428073,0.6243335162875421,8,True
dreamer_cluster,human,slide_event,1450000,0.5462369808543039,0.4165579268002499,0.6545703141876372,8,True
dreamer_cluster,human,slide_event,1500000,0.5351151257607787,0.39826691779717305,0.6740470531249612,8,True
dreamer_cluster,human,slide_event,1550000,0.4848903659327698,0.30804640673473693,0.658797242990398,8,True
dreamer_cluster,human,slide_event,1600000,0.5586434438396264,0.3637150698909534,0.750982241093785,8,True
dreamer_cluster,human,slide_event,1650000,0.5077463719715197,0.38530784736276175,0.6312035223680393,8,True
dreamer_cluster,human,slide_event,1700000,0.5558926048646041,0.39794268951983686,0.7281534281207268,8,True
dreamer_cluster,human,slide_event,1750000,0.4973021200509073,0.29598856996713424,0.7034788792986305,8,True
dreamer_cluster,human,slide_event,1800000,0.6218105496008368,0.43598860151525676,0.7638811803469591,8,True
dreamer_cluster,human,slide_event,1850000,0.5820310887860637,0.3975630306099947,0.7291896661085404,8,True
dreamer_cluster,human,slide_event,1900000,0.5634399802957479,0.4125,0.7426521526204812,8,True
dreamer_cluster,human,slide_event,1950000,0.6074622774139798,0.43312662571095284,0.7791683720910748,8,True
dreamer_cluster,machine,slide_event,50000,0.0,0.0,0.0,12,True
dreamer_cluster,machine,slide_event,100000,0.0,0.0,0.0,12,True
dreamer_cluster,machine,slide_event,150000,0.005555555555555556,0.0,0.013888888888888888,12,True
dreamer_cluster,machine,slide_event,200000,0.011111111111111112,0.0,0.03333333333333333,12,True
dreamer_cluster,machine,slide_event,250000,0.10402123327515998,0.05833333333333334,0.14722222222222223,12,True
dreamer_cluster,machine,slide_event,300000,0.24563334731832318,0.13996934993028742,0.3593591058494221,12,True
dreamer_cluster,machine,slide_event,350000,0.5265643602207187,0.39706005026478053,0.6509791437642342,12,True
dreamer_cluster,machine,slide_event,400000,0.5130515372181372,0.37076948788112557,0.6693844157137935,12,True
dreamer_cluster,machine,slide_event,450000,0.6554311050902756,0.5581832618034742,0.7562599233959485,12,True
dreamer_cluster,machine,slide_event,500000,0.6763603489405751,0.584881203365579,0.7540831890708977,12,True
dreamer_cluster,machine,slide_event,550000,0.6305555555555556,0.5055555555555556,0.7444444444444446,12,True
dreamer_cluster,machine,slide_event,600000,0.7068852970531015,0.6111703194961406,0.7867310443490702,12,True
dreamer_cluster,machine,slide_event,650000,0.6278322090691896,0.5525375113855053,0.7025269261668341,12,True
dreamer_cluster,machine,slide_event,700000,0.7368107397407392,0.6765290088695504,0.7978107574538346,12,True
dreamer_cluster,machine,slide_event,750000,0.7218322176663245,0.6433660682591198,0.801628867961002,12,True
dreamer_cluster,machine,slide_event,800000,0.6938787768840079,0.6100003501829426,0.7863576169349658,12,True
dreamer_cluster,machine,slide_event,850000,0.6965418428802899,0.6136598496399731,0.7722056452028399,12,True
dreamer_cluster,machine,slide_event,900000,0.7123768958023474,0.6082076171432157,0.8092711739835458,12,True
dreamer_cluster,machine,slide_event,950000,0.6007183174464756,0.5074737814273875,0.6931664458197356,12,True
dreamer_cluster,machine,slide_event,1000000,0.5732463225126184,0.43006320168274215,0.7104861111111112,8,True
dreamer_cluster,machine,slide_event,1050000,0.5866452238466737,0.5043244590567593,0.6686739142533357,8,True
dreamer_cluster,machine,slide_event,1100000,0.39990880038811594,0.2498737621021929,0.5388720060948533,8,True
dreamer_cluster,machine,slide_event,1150000,0.47792598252616614,0.3410010806937053,0.6324566484514851,8,True
dreamer_cluster,machine,slide_event,1200000,0.4571480693219824,0.30299533799533795,0.6238300838654098,8,True
dreamer_cluster,machine,slide_event,1250000,0.4532967582935834,0.30189655930377174,0.6295292602996251,8,True
dreamer_cluster,machine,slide_event,1300000,0.43780090430659313,0.31187772639659184,0.5749548418846323,8,True
dreamer_cluster,machine,slide_event,1350000,0.49435266711573006,0.3416296500112266,0.6673968136547344,8,True
dreamer_cluster,machine,slide_event,1400000,0.4983518232513093,0.34314309376357893,0.6581854541671326,8,True
dreamer_cluster,machine,slide_event,1450000,0.4857195785491758,0.3561366925499726,0.6120370723641233,8,True
dreamer_cluster,machine,slide_event,1500000,0.472468378530665,0.3410309650924627,0.6125862447508681,8,True
dreamer_cluster,machine,slide_event,1550000,0.5019247989397854,0.3426917730559495,0.6702637730055966,8,True
dreamer_cluster,machine,slide_event,1600000,0.48089512198113493,0.3355713269979766,0.6124119532015723,8,True
dreamer_cluster,machine,slide_event,1650000,0.650540803900876,0.5044175507384255,0.7875202244258872,8,True
dreamer_cluster,machine,slide_event,1700000,0.6291237880742093,0.5335671336762243,0.7195486220738777,8,True
dreamer_cluster,machine,slide_event,1750000,0.5825809302341879,0.423748835818061,0.7078835328111986,8,True
dreamer_cluster,machine,slide_event,1800000,0.5475728596380076,0.4562088427271085,0.6411722205548969,8,True
dreamer_cluster,machine,slide_event,1850000,0.5101700634317069,0.35280080290554927,0.6464891234804861,8,True
dreamer_cluster,machine,slide_event,1900000,0.4583648197856742,0.2799086955309162,0.6336594015104585,8,True
dreamer_cluster,machine,slide_event,1950000,0.5599730794730668,0.42733275638808066,0.6923647591169958,8,True
dreamer_cluster,planner72,slide_event,50000,0.0,0.0,0.0,8,True
dreamer_cluster,planner72,slide_event,100000,0.0,0.0,0.0,8,True
dreamer_cluster,planner72,slide_event,150000,0.0,0.0,0.0,8,True
dreamer_cluster,planner72,slide_event,200000,0.0,0.0,0.0,8,True
dreamer_cluster,planner72,slide_event,250000,0.0,0.0,0.0,8,True
dreamer_cluster,planner72,slide_event,300000,0.0,0.0,0.0,8,True
dreamer_cluster,planner72,slide_event,350000,0.0,0.0,0.0,8,True
dreamer_cluster,planner72,slide_event,400000,0.004166666666666667,0.0,0.0125,8,True
dreamer_cluster,planner72,slide_event,450000,0.004166666666666667,0.0,0.0125,8,True
dreamer_cluster,planner72,slide_event,500000,0.0,0.0,0.0,8,True
dreamer_cluster,planner72,slide_event,550000,0.004166666666666667,0.0,0.0125,8,True
dreamer_cluster,planner72,slide_event,600000,0.0,0.0,0.0,8,True
dreamer_cluster,planner72,slide_event,650000,0.0,0.0,0.0,8,True
dreamer_cluster,planner72,slide_event,700000,0.004166666666666667,0.0,0.0125,8,True
dreamer_cluster,planner72,slide_event,750000,0.004166666666666667,0.0,0.0125,8,True
dreamer_cluster,planner72,slide_event,800000,0.0,0.0,0.0,8,True
dreamer_cluster,planner72,slide_event,850000,0.008333333333333333,0.0,0.025,8,True
dreamer_cluster,planner72,slide_event,900000,0.014285714285714287,0.0,0.042857142857142864,7,True
dreamer_cluster,planner72,slide_event,950000,0.009523809523809523,0.0,0.019047619047619046,7,True
dreamer_cluster,planner72,slide_event,1000000,0.0,0.0,0.0,7,True
dreamer_cluster,planner72,slide_event,1050000,0.02857142857142857,0.0,0.07619047619047618,7,True
dreamer_cluster,planner72,slide_event,1100000,0.0,0.0,0.0,7,True
dreamer_cluster,planner72,slide_event,1150000,0.0,0.0,0.0,7,True
dreamer_cluster,planner72,slide_event,1200000,0.0047619047619047615,0.0,0.014285714285714287,7,True
dreamer_cluster,planner72,slide_event,1250000,0.019047619047619046,0.0,0.05714285714285715,7,True
dreamer_cluster,planner72,slide_event,1300000,0.022748040489975974,0.0,0.060843278585214065,7,True
dreamer_cluster,planner72,slide_event,1350000,0.02074829931972789,0.0,0.05272108843537415,7,True
dreamer_cluster,planner72,slide_event,1400000,0.01697324414715719,0.0,0.05091973244147158,7,True
dreamer_cluster,planner72,slide_event,1450000,0.022155750386797318,0.0047619047619047615,0.047419632112772905,7,True
dreamer_cluster,planner72,slide_event,1500000,0.028571428571428574,0.0,0.08571428571428573,7,True
dreamer_cluster,planner72,slide_event,1550000,0.13006732478535496,0.01101970573773592,0.3205435152615454,7,True
dreamer_cluster,planner72,slide_event,1600000,0.03809523809523809,0.009523809523809523,0.07619047619047618,7,True
dreamer_cluster,planner72,slide_event,1650000,0.14155716373081054,0.023809523809523808,0.27864648529481423,7,True
dreamer_cluster,planner72,slide_event,1700000,0.07416858397824723,0.0,0.19393432336331312,7,True
dreamer_cluster,planner72,slide_event,1750000,0.03455268900012835,0.0047619047619047615,0.08461044795276602,7,True
dreamer_cluster,planner72,slide_event,1800000,0.23904511936008,0.05333083364579427,0.45809273840769904,7,True
dreamer_cluster,planner72,slide_event,1850000,0.14271435212857805,0.047476256890482835,0.2524892906953571,7,True
dreamer_cluster,planner72,slide_event,1900000,0.3075701423495559,0.09656611648643522,0.5611715360509082,7,True
dreamer_cluster,planner72,slide_event,1950000,0.40284388977856317,0.1904761904761905,0.6218915088261822,7,True
dreamer_cluster,r2teacher,slide_event,50000,0.0,0.0,0.0,3,True
dreamer_cluster,r2teacher,slide_event,100000,0.011111111111111112,0.0,0.03333333333333333,3,True
dreamer_cluster,r2teacher,slide_event,150000,0.011111111111111112,0.0,0.03333333333333333,3,True
dreamer_cluster,r2teacher,slide_event,200000,0.05555555555555555,0.0,0.16666666666666666,3,True
dreamer_cluster,r2teacher,slide_event,250000,0.14444444444444446,0.0,0.3333333333333333,3,True
dreamer_cluster,r2teacher,slide_event,300000,0.35535619351408826,0.3160685805422647,0.4166666666666667,3,True
dreamer_cluster,r2teacher,slide_event,350000,0.6414814814814815,0.5,0.7911111111111112,3,True
dreamer_cluster,r2teacher,slide_event,400000,0.4958958958958959,0.06666666666666667,0.8000000000000002,3,True
dreamer_cluster,r2teacher,slide_event,450000,0.6088235294117648,0.42647058823529416,0.8000000000000002,3,True
dreamer_cluster,r2teacher,slide_event,500000,0.6804087126774352,0.5078928046989721,0.8333333333333334,3,True
dreamer_cluster,r2teacher,slide_event,550000,0.6935897435897435,0.5666666666666667,0.8000000000000002,3,True
dreamer_cluster,r2teacher,slide_event,600000,0.7511904761904762,0.7333333333333333,0.7666666666666667,3,True
dreamer_cluster,r2teacher,slide_event,650000,0.8000000000000002,0.6,0.9333333333333332,3,True
dreamer_cluster,r2teacher,slide_event,700000,0.7833333333333334,0.7666666666666667,0.8,2,False
dreamer_cluster,r2teacher,slide_event,750000,0.8500000000000001,0.8333333333333334,0.8666666666666667,2,False
dreamer_cluster,r2teacher,slide_event,800000,0.7559268644634498,0.6746031746031745,0.8372505543237251,2,False
dreamer_cluster,r2teacher,slide_event,850000,0.8397718101107932,0.8050847457627119,0.8744588744588745,2,False
dreamer_cluster,r2teacher,slide_event,900000,0.8465079365079365,0.7596825396825397,0.9333333333333333,2,False
dreamer_cluster,r2teacher,slide_event,950000,0.6001461988304093,0.4666666666666667,0.733625730994152,2,False
dreamer_cluster,r2teacher,slide_event,1000000,0.7666666666666667,nan,nan,1,False
dreamer_cluster,r2teacher,slide_event,1050000,0.7666666666666667,nan,nan,1,False
dreamer_cluster,r2teacher,slide_event,1100000,0.8434035909445746,nan,nan,1,False
dreamer_cluster,r2teacher,slide_event,1150000,0.8,nan,nan,1,False
dreamer_cluster,r2teacher,slide_event,1200000,0.5666666666666667,nan,nan,1,False
dreamer_cluster,r2teacher,slide_event,1250000,0.8666666666666667,nan,nan,1,False
dreamer_cluster,r2teacher,slide_event,1300000,0.8333333333333334,nan,nan,1,False
dreamer_cluster,r2teacher,slide_event,1350000,0.8,nan,nan,1,False
dreamer_cluster,r2teacher,slide_event,1400000,0.8333333333333334,nan,nan,1,False
dreamer_cluster,r2teacher,slide_event,1450000,0.4666666666666667,nan,nan,1,False
dreamer_cluster,r2teacher,slide_event,1500000,0.6547120418848167,nan,nan,1,False
dreamer_cluster,r2teacher,slide_event,1550000,0.6333333333333333,nan,nan,1,False
dreamer_cluster,r2teacher,slide_event,1600000,0.8333333333333334,nan,nan,1,False
dreamer_cluster,r2teacher,slide_event,1650000,0.8892339544513458,nan,nan,1,False
dreamer_cluster,r2teacher,slide_event,1700000,0.7666666666666667,nan,nan,1,False
dreamer_cluster,r2teacher,slide_event,1750000,0.9666666666666667,nan,nan,1,False
dreamer_cluster,r2teacher,slide_event,1800000,0.7881226053639847,nan,nan,1,False
dreamer_cluster,r2teacher,slide_event,1850000,0.9666666666666667,nan,nan,1,False
dreamer_cluster,r2teacher,slide_event,1900000,0.9168224299065421,nan,nan,1,False
dreamer_cluster,r2teacher,slide_event,1950000,1.0,nan,nan,1,False
dreamer_cluster,human,home,50000,0.0,0.0,0.0,12,True
dreamer_cluster,human,home,100000,0.0,0.0,0.0,12,True
dreamer_cluster,human,home,150000,0.0015364061456245824,0.0,0.004609218436873747,12,True
dreamer_cluster,human,home,200000,0.005555555555555556,0.0,0.016666666666666666,12,True
dreamer_cluster,human,home,250000,0.10895245992260917,0.041666666666666664,0.1888888888888889,12,True
dreamer_cluster,human,home,300000,0.1889659857281105,0.09665266135418223,0.28942368361176457,12,True
dreamer_cluster,human,home,350000,0.2095304516740976,0.11869554897478814,0.3020476046948628,12,True
dreamer_cluster,human,home,400000,0.4082401699150497,0.2305463990668525,0.5966805282803356,12,True
dreamer_cluster,human,home,450000,0.35356609959960217,0.22319068046831822,0.4953414033473858,12,True
dreamer_cluster,human,home,500000,0.410953902742488,0.2741219891219891,0.5555258724394576,12,True
dreamer_cluster,human,home,550000,0.400132926926757,0.27239807808964606,0.5177890720975109,12,True
dreamer_cluster,human,home,600000,0.44742767033513425,0.32521277504351054,0.5650428769687756,12,True
dreamer_cluster,human,home,650000,0.45445009754715565,0.3411561984856116,0.5775916839247166,12,True
dreamer_cluster,human,home,700000,0.53967006693881,0.42460294732042625,0.6493029122458126,12,True
dreamer_cluster,human,home,750000,0.437630626934681,0.31201761132464134,0.5741086782208674,12,True
dreamer_cluster,human,home,800000,0.49394076635924455,0.3620959595959596,0.6235280797101447,12,True
dreamer_cluster,human,home,850000,0.5799479000022423,0.47111612605739617,0.6894129516815424,12,True
dreamer_cluster,human,home,900000,0.4779751867975676,0.33346471223825325,0.6194448267792243,12,True
dreamer_cluster,human,home,950000,0.6289216526761685,0.49705119731603037,0.7563856110313555,12,True
dreamer_cluster,human,home,1000000,0.46025829213020186,0.2871832509270704,0.625,8,True
dreamer_cluster,human,home,1050000,0.4680230238257484,0.29944831387717163,0.6246901968667883,8,True
dreamer_cluster,human,home,1100000,0.5137351151701756,0.36555502566198844,0.6786174404507201,8,True
dreamer_cluster,human,home,1150000,0.5414204951333098,0.4459203043015972,0.6755510370953735,8,True
dreamer_cluster,human,home,1200000,0.5245481374856911,0.39364225232466754,0.672526232741156,8,True
dreamer_cluster,human,home,1250000,0.5001979546951341,0.33357135144840505,0.6602496494018554,8,True
dreamer_cluster,human,home,1300000,0.5148706780116533,0.3927925575770901,0.6374014170648705,8,True
dreamer_cluster,human,home,1350000,0.4928658427722458,0.30680461355793215,0.673826860841424,8,True
dreamer_cluster,human,home,1400000,0.5375096386675172,0.454101596479002,0.6152112066360127,8,True
dreamer_cluster,human,home,1450000,0.5420703141876373,0.41963590686462915,0.6475978703273947,8,True
dreamer_cluster,human,home,1500000,0.5184484590941121,0.3858305225025993,0.6490755253471833,8,True
dreamer_cluster,human,home,1550000,0.4765570325994365,0.2917736059221828,0.6464532292185905,8,True
dreamer_cluster,human,home,1600000,0.5378101105062929,0.36852259847776414,0.7065284902466205,8,True
dreamer_cluster,human,home,1650000,0.5035797053048531,0.3754710209611787,0.6281064801671362,8,True
dreamer_cluster,human,home,1700000,0.5470880814397253,0.3932971182346151,0.7000959106805356,8,True
dreamer_cluster,human,home,1750000,0.488968786717574,0.2995249374868983,0.6907678106770903,8,True
dreamer_cluster,human,home,1800000,0.6051438829341701,0.4096295208099218,0.7385229460515431,8,True
dreamer_cluster,human,home,1850000,0.5736977554527304,0.3803105127866664,0.7251393318899563,8,True
dreamer_cluster,human,home,1900000,0.5551066469624146,0.37916666666666665,0.7273792193801447,8,True
dreamer_cluster,human,home,1950000,0.5701595939096389,0.38581877070429627,0.7502687609599703,8,True
dreamer_cluster,machine,home,50000,0.0,0.0,0.0,12,True
dreamer_cluster,machine,home,100000,0.0,0.0,0.0,12,True
dreamer_cluster,machine,home,150000,0.002777777777777778,0.0,0.008333333333333333,12,True
dreamer_cluster,machine,home,200000,0.005555555555555556,0.0,0.016666666666666666,12,True
dreamer_cluster,machine,home,250000,0.08735456660849332,0.044444444444444446,0.13457678883071553,12,True
dreamer_cluster,machine,home,300000,0.22678950347447926,0.12055238416025864,0.3372690777230959,12,True
dreamer_cluster,machine,home,350000,0.5015643602207187,0.37557185266153764,0.6256012161889534,12,True
dreamer_cluster,machine,home,400000,0.4936070927736928,0.3495707023984399,0.6387750752244653,12,True
dreamer_cluster,machine,home,450000,0.6268163293646817,0.518709339734661,0.7391027064960443,12,True
dreamer_cluster,machine,home,500000,0.6361645371360677,0.5290502073836943,0.7349509718667326,12,True
dreamer_cluster,machine,home,550000,0.588962703962704,0.44437869075369074,0.7167404817404818,12,True
dreamer_cluster,machine,home,600000,0.6818852970531016,0.5888559753767497,0.7672888467801665,12,True
dreamer_cluster,machine,home,650000,0.5842679223490093,0.5046884416127332,0.6709995617895949,12,True
dreamer_cluster,machine,home,700000,0.6827451572859665,0.6188161885904662,0.7437842369992722,12,True
dreamer_cluster,machine,home,750000,0.686024019677152,0.6061630390795089,0.7678307844882386,12,True
dreamer_cluster,machine,home,800000,0.6507746587798898,0.5543357422073504,0.7527153490367839,12,True
dreamer_cluster,machine,home,850000,0.6516554875033261,0.5622898425608313,0.7360613591532277,12,True
dreamer_cluster,machine,home,900000,0.6984880069134586,0.5935521271047458,0.7867523052350985,12,True
dreamer_cluster,machine,home,950000,0.5950139523671105,0.49562337540632445,0.6860119130904053,12,True
dreamer_cluster,machine,home,1000000,0.5607463225126184,0.4183329228030146,0.6938194444444443,8,True
dreamer_cluster,machine,home,1050000,0.5533118905133404,0.4721403629304514,0.6353923808897185,8,True
dreamer_cluster,machine,home,1100000,0.39990880038811594,0.25690355182181907,0.538810997724635,8,True
dreamer_cluster,machine,home,1150000,0.4704987564987688,0.3269655905967708,0.6375,8,True
dreamer_cluster,machine,home,1200000,0.4529814026553157,0.2988286713286713,0.6208333333333333,8,True
dreamer_cluster,machine,home,1250000,0.4366300916269168,0.28568571258992964,0.6057757023646011,8,True
dreamer_cluster,machine,home,1300000,0.4343267259028372,0.3155539516310194,0.5635243806979954,8,True
dreamer_cluster,machine,home,1350000,0.48601933378239676,0.32524305555555555,0.6548968136547344,8,True
dreamer_cluster,machine,home,1400000,0.490018489917976,0.3313702494907347,0.6322728452641942,8,True
dreamer_cluster,machine,home,1450000,0.47703610515982003,0.3527171937293334,0.6090935195408123,8,True
dreamer_cluster,machine,home,1500000,0.4641350451973317,0.32468536564113004,0.6147464251505196,8,True
dreamer_cluster,machine,home,1550000,0.493591465606452,0.3402056917816121,0.6590518114770049,8,True
dreamer_cluster,machine,home,1600000,0.47076292653267443,0.3373987543835516,0.5929487224996586,8,True
dreamer_cluster,machine,home,1650000,0.6463741372342093,0.49832561281605864,0.7824852122477381,8,True
dreamer_cluster,machine,home,1700000,0.617280969646025,0.5291200213580516,0.7022573298717097,8,True
dreamer_cluster,machine,home,1750000,0.5534142635675212,0.3882434973558462,0.6997654778082462,8,True
dreamer_cluster,machine,home,1800000,0.5434061929713409,0.44395282046575174,0.6438201836738483,8,True
dreamer_cluster,machine,home,1850000,0.49360278514424516,0.3390088350247972,0.622196521646136,8,True
dreamer_cluster,machine,home,1900000,0.4416981531190076,0.27185969608808774,0.6049407946981711,8,True
dreamer_cluster,machine,home,1950000,0.5558064128064002,0.4305079113510559,0.6838881594677712,8,True
dreamer_cluster,planner72,home,50000,0.0,0.0,0.0,8,True
dreamer_cluster,planner72,home,100000,0.0,0.0,0.0,8,True
dreamer_cluster,planner72,home,150000,0.0,0.0,0.0,8,True
dreamer_cluster,planner72,home,200000,0.0,0.0,0.0,8,True
dreamer_cluster,planner72,home,250000,0.0,0.0,0.0,8,True
dreamer_cluster,planner72,home,300000,0.0,0.0,0.0,8,True
dreamer_cluster,planner72,home,350000,0.0,0.0,0.0,8,True
dreamer_cluster,planner72,home,400000,0.0,0.0,0.0,8,True
dreamer_cluster,planner72,home,450000,0.0,0.0,0.0,8,True
dreamer_cluster,planner72,home,500000,0.0,0.0,0.0,8,True
dreamer_cluster,planner72,home,550000,0.0,0.0,0.0,8,True
dreamer_cluster,planner72,home,600000,0.0,0.0,0.0,8,True
dreamer_cluster,planner72,home,650000,0.0,0.0,0.0,8,True
dreamer_cluster,planner72,home,700000,0.004166666666666667,0.0,0.0125,8,True
dreamer_cluster,planner72,home,750000,0.0,0.0,0.0,8,True
dreamer_cluster,planner72,home,800000,0.0,0.0,0.0,8,True
dreamer_cluster,planner72,home,850000,0.0,0.0,0.0,8,True
dreamer_cluster,planner72,home,900000,0.0,0.0,0.0,7,True
dreamer_cluster,planner72,home,950000,0.0047619047619047615,0.0,0.014285714285714287,7,True
dreamer_cluster,planner72,home,1000000,0.0,0.0,0.0,7,True
dreamer_cluster,planner72,home,1050000,0.0047619047619047615,0.0,0.014285714285714287,7,True
dreamer_cluster,planner72,home,1100000,0.0,0.0,0.0,7,True
dreamer_cluster,planner72,home,1150000,0.0,0.0,0.0,7,True
dreamer_cluster,planner72,home,1200000,0.0047619047619047615,0.0,0.014285714285714287,7,True
dreamer_cluster,planner72,home,1250000,0.0,0.0,0.0,7,True
dreamer_cluster,planner72,home,1300000,0.0037004214423569264,0.0,0.011101264327070778,7,True
dreamer_cluster,planner72,home,1350000,0.011224489795918367,0.0,0.02414965986394558,7,True
dreamer_cluster,planner72,home,1400000,0.007449434623347667,0.0,0.022348303870043,7,True
dreamer_cluster,planner72,home,1450000,0.012631940862987795,0.0,0.03789582258896339,7,True
dreamer_cluster,planner72,home,1500000,0.0,0.0,0.0,7,True
dreamer_cluster,planner72,home,1550000,0.07619047619047618,0.0,0.20952380952380953,7,True
dreamer_cluster,planner72,home,1600000,0.0,0.0,0.0,7,True
dreamer_cluster,planner72,home,1650000,0.07301250294880868,0.009523809523809523,0.15237084217975935,7,True
dreamer_cluster,planner72,home,1700000,0.05988286969253294,0.0,0.1701247995537893,7,True
dreamer_cluster,planner72,home,1750000,0.02026697471441407,0.0,0.06080092414324221,7,True
dreamer_cluster,planner72,home,1800000,0.17237845269341331,0.028571428571428574,0.38095238095238093,7,True
dreamer_cluster,planner72,home,1850000,0.09047619047619047,0.0047619047619047615,0.18571428571428572,7,True
dreamer_cluster,planner72,home,1900000,0.25995109473050826,0.05847087839119712,0.48852252330193685,7,True
dreamer_cluster,planner72,home,1950000,0.2952380952380952,0.06190476190476191,0.5666666666666667,7,True
dreamer_cluster,r2teacher,home,50000,0.0,0.0,0.0,3,True
dreamer_cluster,r2teacher,home,100000,0.0,0.0,0.0,3,True
dreamer_cluster,r2teacher,home,150000,0.0,0.0,0.0,3,True
dreamer_cluster,r2teacher,home,200000,0.03333333333333333,0.0,0.10000000000000002,3,True
dreamer_cluster,r2teacher,home,250000,0.14444444444444446,0.0,0.3333333333333333,3,True
dreamer_cluster,r2teacher,home,300000,0.32202286018075493,0.3,0.3499999999999999,3,True
dreamer_cluster,r2teacher,home,350000,0.5525925925925925,0.36666666666666664,0.7577777777777778,3,True
dreamer_cluster,r2teacher,home,400000,0.4625625625625626,0.06666666666666667,0.8000000000000002,3,True
dreamer_cluster,r2teacher,home,450000,0.5558697838109602,0.3931372549019608,0.67447209653092,3,True
dreamer_cluster,r2teacher,home,500000,0.6692976015663241,0.5078928046989721,0.8000000000000002,3,True
dreamer_cluster,r2teacher,home,550000,0.6713675213675213,0.5333333333333333,0.8000000000000002,3,True
dreamer_cluster,r2teacher,home,600000,0.7067460317460318,0.6666666666666666,0.7666666666666667,3,True
dreamer_cluster,r2teacher,home,650000,0.7992521367521368,0.5977564102564102,0.9333333333333332,3,True
dreamer_cluster,r2teacher,home,700000,0.7666666666666667,0.7666666666666667,0.7666666666666667,2,False
dreamer_cluster,r2teacher,home,750000,0.8500000000000001,0.8333333333333334,0.8666666666666667,2,False
dreamer_cluster,r2teacher,home,800000,0.7392601977967832,0.6412698412698412,0.8372505543237251,2,False
dreamer_cluster,r2teacher,home,850000,0.8231051434441266,0.7717514124293786,0.8744588744588745,2,False
dreamer_cluster,r2teacher,home,900000,0.7923201192490533,0.7596825396825397,0.8249576988155669,2,False
dreamer_cluster,r2teacher,home,950000,0.5834795321637427,0.43333333333333335,0.733625730994152,2,False
dreamer_cluster,r2teacher,home,1000000,0.5666666666666667,nan,nan,1,False
dreamer_cluster,r2teacher,home,1050000,0.7666666666666667,nan,nan,1,False
dreamer_cluster,r2teacher,home,1100000,0.8434035909445746,nan,nan,1,False
dreamer_cluster,r2teacher,home,1150000,0.8,nan,nan,1,False
dreamer_cluster,r2teacher,home,1200000,0.5666666666666667,nan,nan,1,False
dreamer_cluster,r2teacher,home,1250000,0.8666666666666667,nan,nan,1,False
dreamer_cluster,r2teacher,home,1300000,0.8333333333333334,nan,nan,1,False
dreamer_cluster,r2teacher,home,1350000,0.7666666666666667,nan,nan,1,False
dreamer_cluster,r2teacher,home,1400000,0.6333333333333333,nan,nan,1,False
dreamer_cluster,r2teacher,home,1450000,0.4666666666666667,nan,nan,1,False
dreamer_cluster,r2teacher,home,1500000,0.6547120418848167,nan,nan,1,False
dreamer_cluster,r2teacher,home,1550000,0.5333333333333333,nan,nan,1,False
dreamer_cluster,r2teacher,home,1600000,0.8333333333333334,nan,nan,1,False
dreamer_cluster,r2teacher,home,1650000,0.8892339544513458,nan,nan,1,False
dreamer_cluster,r2teacher,home,1700000,0.7333333333333333,nan,nan,1,False
dreamer_cluster,r2teacher,home,1750000,0.9666666666666667,nan,nan,1,False
dreamer_cluster,r2teacher,home,1800000,0.7881226053639847,nan,nan,1,False
dreamer_cluster,r2teacher,home,1850000,0.9666666666666667,nan,nan,1,False
dreamer_cluster,r2teacher,home,1900000,0.9168224299065421,nan,nan,1,False
dreamer_cluster,r2teacher,home,1950000,0.9666666666666667,nan,nan,1,False
dreamer_cluster,human,tipped,50000,0.1225510151231118,0.08359041699188989,0.1667378341504836,12,True
dreamer_cluster,human,tipped,100000,0.12108780090726075,0.07294354279373005,0.17756539235412475,12,True
dreamer_cluster,human,tipped,150000,0.2220434131736527,0.11944444444444446,0.3359367722887558,12,True
dreamer_cluster,human,tipped,200000,0.4111594059451382,0.294227210575841,0.5304183677243168,12,True
dreamer_cluster,human,tipped,250000,0.42752929791621014,0.34970452284677045,0.5049777208976359,12,True
dreamer_cluster,human,tipped,300000,0.3019872748867877,0.19951023650288396,0.4131766333724131,12,True
dreamer_cluster,human,tipped,350000,0.4288633705598328,0.32649915069841073,0.5254686019559366,12,True
dreamer_cluster,human,tipped,400000,0.31975686450119406,0.21130226873136082,0.4442111499886329,12,True
dreamer_cluster,human,tipped,450000,0.38494864495104936,0.2628393302102949,0.518034549972846,12,True
dreamer_cluster,human,tipped,500000,0.32569185577233895,0.2205999374170959,0.4295451592521639,12,True
dreamer_cluster,human,tipped,550000,0.2142435841904189,0.16565552400091343,0.2637198567146809,12,True
dreamer_cluster,human,tipped,600000,0.2006477792860636,0.1515443319106751,0.25362953488884127,12,True
dreamer_cluster,human,tipped,650000,0.27299224025570823,0.1941248674509178,0.3671879383513957,12,True
dreamer_cluster,human,tipped,700000,0.2618526354186327,0.1849290178151212,0.34233398243567226,12,True
dreamer_cluster,human,tipped,750000,0.24790214568812355,0.18333333333333335,0.32216559040590403,12,True
dreamer_cluster,human,tipped,800000,0.20211991002005378,0.10978694323607739,0.29900337499243584,12,True
dreamer_cluster,human,tipped,850000,0.22229182724827004,0.13336357037236352,0.31342588993593246,12,True
dreamer_cluster,human,tipped,900000,0.25169082125603864,0.18115942028985507,0.3239130434782609,12,True
dreamer_cluster,human,tipped,950000,0.20039249918330035,0.11040213702813069,0.3239570822670643,12,True
dreamer_cluster,human,tipped,1000000,0.2089896986580921,0.14508715176460493,0.2682060635587379,8,True
dreamer_cluster,human,tipped,1050000,0.23060143604996272,0.15915133094142792,0.33754497883069295,8,True
dreamer_cluster,human,tipped,1100000,0.22361053212370202,0.14222829668881154,0.30220116799842517,8,True
dreamer_cluster,human,tipped,1150000,0.2503087997804281,0.14520907667535957,0.3576802090453405,8,True
dreamer_cluster,human,tipped,1200000,0.17220751361785394,0.11548123991882171,0.22918560606060595,8,True
dreamer_cluster,human,tipped,1250000,0.1701283024486,0.10600362593876478,0.22520938023450587,8,True
dreamer_cluster,human,tipped,1300000,0.17335247068835496,0.10416666666666666,0.23407714265702737,8,True
dreamer_cluster,human,tipped,1350000,0.2701714517915974,0.1595064724919094,0.4031235148983935,8,True
dreamer_cluster,human,tipped,1400000,0.20478689567430025,0.11660901717557252,0.29290712468193386,8,True
dreamer_cluster,human,tipped,1450000,0.17865427927927927,0.10416666666666667,0.2583333333333333,8,True
dreamer_cluster,human,tipped,1500000,0.21303568125633177,0.13333333333333336,0.30107136251266353,8,True
dreamer_cluster,human,tipped,1550000,0.1875,0.10416666666666667,0.26666666666666666,8,True
dreamer_cluster,human,tipped,1600000,0.1580479008128275,0.10526473087818697,0.21281979623766412,8,True
dreamer_cluster,human,tipped,1650000,0.23093853472293127,0.18129351610095734,0.28262337057728115,8,True
dreamer_cluster,human,tipped,1700000,0.12310592085236713,0.0740135707736966,0.18080122926018113,8,True
dreamer_cluster,human,tipped,1750000,0.1,0.04166666666666667,0.1625,8,True
dreamer_cluster,human,tipped,1800000,0.12327429149797571,0.058333333333333334,0.1969140941295544,8,True
dreamer_cluster,human,tipped,1850000,0.1424883990719258,0.09413186388244393,0.19583333333333336,8,True
dreamer_cluster,human,tipped,1900000,0.11621376811594203,0.058333333333333334,0.1787250905797101,8,True
dreamer_cluster,human,tipped,1950000,0.1206360168376743,0.0625,0.18730761641673244,8,True
dreamer_cluster,machine,tipped,50000,0.0988179669030733,0.06826241134751772,0.1277777777777778,12,True
dreamer_cluster,machine,tipped,100000,0.17421518484335743,0.11388888888888889,0.24060908097472178,12,True
dreamer_cluster,machine,tipped,150000,0.24655359005329947,0.1710842451885455,0.3373365870203022,12,True
dreamer_cluster,machine,tipped,200000,0.20499015251185437,0.13392344973548279,0.2799869848008372,12,True
dreamer_cluster,machine,tipped,250000,0.3062848507921661,0.22212686846216498,0.393414045019674,12,True
dreamer_cluster,machine,tipped,300000,0.28325355062213425,0.18962192893201368,0.3839230741486016,12,True
dreamer_cluster,machine,tipped,350000,0.16452483866938572,0.10766694553781575,0.22018996332235605,12,True
dreamer_cluster,machine,tipped,400000,0.20417959548879858,0.14846719911397832,0.2648982202944911,12,True
dreamer_cluster,machine,tipped,450000,0.20469995311767464,0.12136661978434132,0.30962699249882786,12,True
dreamer_cluster,machine,tipped,500000,0.14653757762161615,0.10794565468478512,0.19135179099269412,12,True
dreamer_cluster,machine,tipped,550000,0.1877948454231567,0.11832729911506817,0.25554652469035727,12,True
dreamer_cluster,machine,tipped,600000,0.11630811469872014,0.08611032149929795,0.14726742716829994,12,True
dreamer_cluster,machine,tipped,650000,0.19085047288977638,0.1527756337493386,0.23114178946406697,12,True
dreamer_cluster,machine,tipped,700000,0.2000698910557592,0.14311068307876268,0.2646760064616502,12,True
dreamer_cluster,machine,tipped,750000,0.17590839402664196,0.11786570743405277,0.24934384297547146,12,True
dreamer_cluster,machine,tipped,800000,0.18675531352452066,0.11875068237217612,0.2540712981538837,12,True
dreamer_cluster,machine,tipped,850000,0.15205962059620598,0.11111111111111115,0.195085704607046,12,True
dreamer_cluster,machine,tipped,900000,0.1423376760122483,0.10396475770925111,0.1873019670115767,12,True
dreamer_cluster,machine,tipped,950000,0.1279227282310774,0.08903383934218849,0.17500000000000002,12,True
dreamer_cluster,machine,tipped,1000000,0.11298461611936132,0.0726280834914611,0.16243956740096194,8,True
dreamer_cluster,machine,tipped,1050000,0.13058960887332166,0.09308960887332166,0.17513517950963203,8,True
dreamer_cluster,machine,tipped,1100000,0.16586898680289486,0.09804491272882078,0.23752507716049368,8,True
dreamer_cluster,machine,tipped,1150000,0.13498201933118192,0.06996403866236386,0.19748201933118192,8,True
dreamer_cluster,machine,tipped,1200000,0.1599588129455744,0.0849413059427733,0.2516254796122411,8,True
dreamer_cluster,machine,tipped,1250000,0.1876499493877079,0.14706849187916704,0.23347100896380468,8,True
dreamer_cluster,machine,tipped,1300000,0.16663211101758355,0.09996231956327194,0.2374007997017713,8,True
dreamer_cluster,machine,tipped,1350000,0.17083333333333334,0.08333333333333333,0.2583333333333333,8,True
dreamer_cluster,machine,tipped,1400000,0.16791994014216238,0.13452476150392817,0.2001378367003366,8,True
dreamer_cluster,machine,tipped,1450000,0.18574240362059044,0.11409313725490196,0.28418909479706084,8,True
dreamer_cluster,machine,tipped,1500000,0.1100330029638089,0.059740802675585285,0.16349593495934958,8,True
dreamer_cluster,machine,tipped,1550000,0.1461950286321314,0.1128934191702432,0.18280683912476525,8,True
dreamer_cluster,machine,tipped,1600000,0.15096528571088583,0.1,0.20607678926293493,8,True
dreamer_cluster,machine,tipped,1650000,0.1735396899982378,0.07743046024338915,0.31404364566494836,8,True
dreamer_cluster,machine,tipped,1700000,0.22163989302556006,0.12880157465313313,0.3224646930169459,8,True
dreamer_cluster,machine,tipped,1750000,0.20780671357193242,0.10500484496124031,0.32780186861069216,8,True
dreamer_cluster,machine,tipped,1800000,0.15163649025069637,0.08333333333333334,0.22827298050139277,8,True
dreamer_cluster,machine,tipped,1850000,0.17419607843137255,0.09166666666666667,0.2658828431372548,8,True
dreamer_cluster,machine,tipped,1900000,0.13771835323708004,0.09088331197665198,0.20201769069402634,8,True
dreamer_cluster,machine,tipped,1950000,0.26837701023146965,0.17413366336633662,0.3818637039617358,8,True
dreamer_cluster,planner72,tipped,50000,0.125,0.08750000000000001,0.15833333333333335,8,True
dreamer_cluster,planner72,tipped,100000,0.09295865055715433,0.0516068093054848,0.13784750764549625,8,True
dreamer_cluster,planner72,tipped,150000,0.07870737271853986,0.049081412103746405,0.10416666666666667,8,True
dreamer_cluster,planner72,tipped,200000,0.14895744680851064,0.0875,0.21353900709219859,8,True
dreamer_cluster,planner72,tipped,250000,0.14555878552971574,0.07889211886304909,0.22000968992248063,8,True
dreamer_cluster,planner72,tipped,300000,0.10833333333333334,0.05,0.16666666666666669,8,True
dreamer_cluster,planner72,tipped,350000,0.17637039502885044,0.13744451841988461,0.22220372836218377,8,True
dreamer_cluster,planner72,tipped,400000,0.22288622129436325,0.1332724425887265,0.3,8,True
dreamer_cluster,planner72,tipped,450000,0.23140457139770904,0.14390457139770907,0.31811701081612587,8,True
dreamer_cluster,planner72,tipped,500000,0.2203422053231939,0.1,0.37867553865652726,8,True
dreamer_cluster,planner72,tipped,550000,0.2015066414820511,0.13642790913305516,0.2713203274541974,8,True
dreamer_cluster,planner72,tipped,600000,0.19019495771413708,0.10274743462429659,0.2706250857244461,8,True
dreamer_cluster,planner72,tipped,650000,0.17159090909090907,0.08634469696969697,0.2833333333333333,8,True
dreamer_cluster,planner72,tipped,700000,0.2612011762883417,0.11687853107344631,0.3831889349936819,8,True
dreamer_cluster,planner72,tipped,750000,0.11928315033004,0.07155657786322439,0.16286162226494555,8,True
dreamer_cluster,planner72,tipped,800000,0.2580327216131656,0.172648423725421,0.33468725958920775,8,True
dreamer_cluster,planner72,tipped,850000,0.2039958809695983,0.09392971425996036,0.3373403245956049,8,True
dreamer_cluster,planner72,tipped,900000,0.31747126337835757,0.20794745385454808,0.42857486873076234,7,True
dreamer_cluster,planner72,tipped,950000,0.3460312334338568,0.2816423739796042,0.41687757547976667,7,True
dreamer_cluster,planner72,tipped,1000000,0.24399493495434452,0.13247463176429966,0.35880785880785876,7,True
dreamer_cluster,planner72,tipped,1050000,0.3920780681579204,0.30733256187962177,0.4872034846076873,7,True
dreamer_cluster,planner72,tipped,1100000,0.39328867097948567,0.30562028815939446,0.47629660975654875,7,True
dreamer_cluster,planner72,tipped,1150000,0.3360967680244788,0.22933639319181487,0.4523809523809524,7,True
dreamer_cluster,planner72,tipped,1200000,0.2474193347063596,0.2095238095238095,0.2900767646508144,7,True
dreamer_cluster,planner72,tipped,1250000,0.355131815397129,0.21662538814939628,0.5028621979771731,7,True
dreamer_cluster,planner72,tipped,1300000,0.19242924927978308,0.10476190476190475,0.3523809523809524,7,True
dreamer_cluster,planner72,tipped,1350000,0.28374905888912416,0.19981637099284155,0.3754316066295907,7,True
dreamer_cluster,planner72,tipped,1400000,0.21176961938413205,0.0976738798967863,0.3262899102591027,7,True
dreamer_cluster,planner72,tipped,1450000,0.24761904761904763,0.09999999999999999,0.4523809523809524,7,True
dreamer_cluster,planner72,tipped,1500000,0.429513967822864,0.2814237906702387,0.5821400922763893,7,True
dreamer_cluster,planner72,tipped,1550000,0.44834387634356354,0.29197364667587244,0.6417096385139207,7,True
dreamer_cluster,planner72,tipped,1600000,0.18465407860738423,0.07777374294913696,0.2851623463525836,7,True
dreamer_cluster,planner72,tipped,1650000,0.35739368380447945,0.24761904761904763,0.4766932561473396,7,True
dreamer_cluster,planner72,tipped,1700000,0.27220435772179724,0.10476190476190475,0.46181449024924004,7,True
dreamer_cluster,planner72,tipped,1750000,0.20354254909510974,0.05714285714285715,0.3619047619047619,7,True
dreamer_cluster,planner72,tipped,1800000,0.18952630921134858,0.0981002374703162,0.3180977377827771,7,True
dreamer_cluster,planner72,tipped,1850000,0.2050287842765157,0.08918090232150679,0.34142737478786805,7,True
dreamer_cluster,planner72,tipped,1900000,0.1876114209447543,0.09237332570665904,0.2771199771199771,7,True
dreamer_cluster,planner72,tipped,1950000,0.17596247566789117,0.09742698615938053,0.2695478191276511,7,True
dreamer_cluster,r2teacher,tipped,50000,0.4861310119891687,0.3699652336131603,0.5894437420986093,3,True
dreamer_cluster,r2teacher,tipped,100000,0.37497275826918347,0.3333333333333333,0.42491827480755034,3,True
dreamer_cluster,r2teacher,tipped,150000,0.3,0.20000000000000004,0.4666666666666666,3,True
dreamer_cluster,r2teacher,tipped,200000,0.22436948097325451,0.16666666666666666,0.26666666666666666,3,True
dreamer_cluster,r2teacher,tipped,250000,0.25555555555555554,0.10000000000000002,0.36666666666666664,3,True
dreamer_cluster,r2teacher,tipped,300000,0.2111111111111111,0.13333333333333333,0.26666666666666666,3,True
dreamer_cluster,r2teacher,tipped,350000,0.15851851851851853,0.10888888888888888,0.20000000000000004,3,True
dreamer_cluster,r2teacher,tipped,400000,0.17777777777777778,0.0,0.4666666666666666,3,True
dreamer_cluster,r2teacher,tipped,450000,0.1800653594771242,0.06666666666666667,0.26666666666666666,3,True
dreamer_cluster,r2teacher,tipped,500000,0.0888888888888889,0.06666666666666667,0.10000000000000002,3,True
dreamer_cluster,r2teacher,tipped,550000,0.044444444444444446,0.03333333333333333,0.06666666666666667,3,True
dreamer_cluster,r2teacher,tipped,600000,0.12658730158730158,0.10000000000000002,0.17976190476190476,3,True
dreamer_cluster,r2teacher,tipped,650000,0.1563034188034188,0.03333333333333333,0.3022435897435897,3,True
dreamer_cluster,r2teacher,tipped,700000,0.09999999999999999,0.03333333333333333,0.16666666666666666,2,False
dreamer_cluster,r2teacher,tipped,750000,0.06666666666666667,0.03333333333333333,0.1,2,False
dreamer_cluster,r2teacher,tipped,800000,0.16073980220321685,0.12941611234294162,0.19206349206349208,2,False
dreamer_cluster,r2teacher,tipped,850000,0.06277056277056277,0.03333333333333333,0.09220779220779221,2,False
dreamer_cluster,r2teacher,tipped,900000,0.11666666666666667,0.06666666666666667,0.16666666666666666,2,False
dreamer_cluster,r2teacher,tipped,950000,0.15998295513853567,0.13304093567251463,0.18692497460455668,2,False
dreamer_cluster,r2teacher,tipped,1000000,0.16666666666666666,nan,nan,1,False
dreamer_cluster,r2teacher,tipped,1050000,0.06666666666666667,nan,nan,1,False
dreamer_cluster,r2teacher,tipped,1100000,0.12326307572209211,nan,nan,1,False
dreamer_cluster,r2teacher,tipped,1150000,0.06666666666666667,nan,nan,1,False
dreamer_cluster,r2teacher,tipped,1200000,0.03333333333333333,nan,nan,1,False
dreamer_cluster,r2teacher,tipped,1250000,0.03333333333333333,nan,nan,1,False
dreamer_cluster,r2teacher,tipped,1300000,0.1,nan,nan,1,False
dreamer_cluster,r2teacher,tipped,1350000,0.2,nan,nan,1,False
dreamer_cluster,r2teacher,tipped,1400000,0.13333333333333333,nan,nan,1,False
dreamer_cluster,r2teacher,tipped,1450000,0.06666666666666667,nan,nan,1,False
dreamer_cluster,r2teacher,tipped,1500000,0.03333333333333333,nan,nan,1,False
dreamer_cluster,r2teacher,tipped,1550000,0.06666666666666667,nan,nan,1,False
dreamer_cluster,r2teacher,tipped,1600000,0.06666666666666667,nan,nan,1,False
dreamer_cluster,r2teacher,tipped,1650000,0.07743271221532091,nan,nan,1,False
dreamer_cluster,r2teacher,tipped,1700000,0.16666666666666666,nan,nan,1,False
dreamer_cluster,r2teacher,tipped,1750000,0.03333333333333333,nan,nan,1,False
dreamer_cluster,r2teacher,tipped,1800000,0.16666666666666666,nan,nan,1,False
dreamer_cluster,r2teacher,tipped,1850000,0.0,nan,nan,1,False
dreamer_cluster,r2teacher,tipped,1900000,0.0,nan,nan,1,False
dreamer_cluster,r2teacher,tipped,1950000,0.03333333333333333,nan,nan,1,False
r2dreamer_cluster,human,picked,50000,0.0020833333333333333,0.0,0.00625,16,True
r2dreamer_cluster,human,picked,100000,0.08736913539431443,0.0,0.20545462390006153,16,True
r2dreamer_cluster,human,picked,150000,0.32709768283986906,0.26015816488418225,0.39389961446396454,16,True
r2dreamer_cluster,human,picked,200000,0.4888398522658517,0.3950733610983184,0.5738156746911064,16,True
r2dreamer_cluster,human,picked,250000,0.780515560558078,0.6882517728727717,0.8572833768476102,16,True
r2dreamer_cluster,human,picked,300000,0.9284202936282586,0.894698560217964,0.9583333333333334,16,True
r2dreamer_cluster,human,picked,350000,0.9641429721030044,0.94375,0.9812500000000001,16,True
r2dreamer_cluster,human,picked,400000,0.9354166666666667,0.8875,0.9666666666666667,16,True
r2dreamer_cluster,human,picked,450000,0.9211514504060051,0.8815153669671869,0.9555298908089979,16,True
r2dreamer_cluster,human,picked,500000,0.9532687200414562,0.9261853867081229,0.975001680107527,16,True
r2dreamer_cluster,human,picked,550000,0.9547767696730147,0.9059969756857108,0.9895833333333334,16,True
r2dreamer_cluster,human,picked,600000,0.9534768651548301,0.9358295316347032,0.9706388519503547,16,True
r2dreamer_cluster,human,picked,650000,0.9523269459298871,0.9416666666666667,0.9629933155080214,16,True
r2dreamer_cluster,human,picked,700000,0.9625,0.9458333333333333,0.9791666666666667,16,True
r2dreamer_cluster,human,picked,750000,0.9624999999999999,0.9520833333333333,0.9729166666666667,16,True
r2dreamer_cluster,human,picked,800000,0.9546738196362173,0.9258829245354344,0.978685650444487,16,True
r2dreamer_cluster,human,picked,850000,0.9770833333333334,0.96875,0.9854166666666667,16,True
r2dreamer_cluster,human,picked,900000,0.9712395178197065,0.9608228511530399,0.9812500000000001,16,True
r2dreamer_cluster,human,picked,950000,0.948524687958884,0.9199508420521292,0.9729166666666667,16,True
r2dreamer_cluster,human,picked,1000000,0.9820512820512821,0.9692307692307693,0.9923076923076923,13,True
r2dreamer_cluster,human,picked,1050000,0.9794871794871796,0.9666025641025641,0.9923076923076923,13,True
r2dreamer_cluster,human,picked,1100000,0.9488842688842689,0.9182772002772003,0.9743589743589743,13,True
r2dreamer_cluster,human,picked,1150000,0.9396198673121751,0.922130177514793,0.9567599067599069,13,True
r2dreamer_cluster,human,picked,1200000,0.956199260051551,0.9318715552360413,0.9729009076934766,13,True
r2dreamer_cluster,human,picked,1250000,0.9455964325529543,0.9153846153846155,0.976365663322185,13,True
r2dreamer_cluster,human,picked,1300000,0.9538461538461539,0.9282051282051283,0.9743589743589745,13,True
r2dreamer_cluster,human,picked,1350000,0.970053814498259,0.9606180753402974,0.9803102247546692,13,True
r2dreamer_cluster,human,picked,1400000,0.9333333333333335,0.9128205128205129,0.9538461538461539,13,True
r2dreamer_cluster,human,picked,1450000,0.9714129841789417,0.9509001636661212,0.9871794871794872,13,True
r2dreamer_cluster,human,picked,1500000,0.9521722589971848,0.9282051282051283,0.9743589743589745,13,True
r2dreamer_cluster,human,picked,1550000,0.9641025641025641,0.9487179487179488,0.982051282051282,13,True
r2dreamer_cluster,human,picked,1600000,0.976923076923077,0.9666666666666667,0.9871794871794872,13,True
r2dreamer_cluster,human,picked,1650000,0.9907428925555813,0.9779223797350686,1.0,13,True
r2dreamer_cluster,human,picked,1700000,0.976923076923077,0.9641025641025641,0.9897435897435898,13,True
r2dreamer_cluster,human,picked,1750000,0.9681235431235433,0.9487179487179488,0.9860810023310024,13,True
r2dreamer_cluster,human,picked,1800000,0.9706876456876457,0.9487179487179488,0.9871794871794872,13,True
r2dreamer_cluster,human,picked,1850000,0.9694158636833797,0.9564102564102565,0.9822363765038925,13,True
r2dreamer_cluster,human,picked,1900000,0.9716159809183066,0.9558735837805605,0.9846153846153847,13,True
r2dreamer_cluster,human,picked,1950000,0.9641025641025642,0.9487179487179488,0.9794871794871796,13,True
r2dreamer_cluster,machine,picked,50000,0.0,0.0,0.0,16,True
r2dreamer_cluster,machine,picked,100000,0.027083333333333334,0.0,0.07291666666666666,16,True
r2dreamer_cluster,machine,picked,150000,0.398726628584865,0.3148171203953231,0.4819027737888016,16,True
r2dreamer_cluster,machine,picked,200000,0.48618698582116915,0.3754196017763952,0.5936643886635355,16,True
r2dreamer_cluster,machine,picked,250000,0.6470653777366733,0.5418860435485394,0.7503180448913412,16,True
r2dreamer_cluster,machine,picked,300000,0.8451576370251717,0.7565734375539179,0.913816803847195,16,True
r2dreamer_cluster,machine,picked,350000,0.8971728159350246,0.8283356471763077,0.9520895009169505,16,True
r2dreamer_cluster,machine,picked,400000,0.9586250298614429,0.9391185897435897,0.9765670563584967,16,True
r2dreamer_cluster,machine,picked,450000,0.9354166666666668,0.8812500000000001,0.9708333333333334,16,True
r2dreamer_cluster,machine,picked,500000,0.9370360644257703,0.9145833333333333,0.9578693977591037,16,True
r2dreamer_cluster,machine,picked,550000,0.9651416096107519,0.9440269886363637,0.9837495641562064,16,True
r2dreamer_cluster,machine,picked,600000,0.9588502721003657,0.943688725490196,0.9734948799435028,16,True
r2dreamer_cluster,machine,picked,650000,0.9489456949819881,0.9284070507520249,0.9689849488199901,16,True
r2dreamer_cluster,machine,picked,700000,0.959469696969697,0.9395833333333333,0.9770833333333333,16,True
r2dreamer_cluster,machine,picked,750000,0.96875,0.9479166666666667,0.9854166666666667,16,True
r2dreamer_cluster,machine,picked,800000,0.9706140350877193,0.9541666666666666,0.9851973684210527,16,True
r2dreamer_cluster,machine,picked,850000,0.9731227915194347,0.9564195008833921,0.9895833333333334,16,True
r2dreamer_cluster,machine,picked,900000,0.95625,0.9416666666666667,0.96875,16,True
r2dreamer_cluster,machine,picked,950000,0.9479166666666667,0.925,0.9729166666666667,16,True
r2dreamer_cluster,machine,picked,1000000,0.9546087474772104,0.9168838297641784,0.9820512820512821,13,True
r2dreamer_cluster,machine,picked,1050000,0.9605793697396751,0.9416715599921708,0.9785280876883931,13,True
r2dreamer_cluster,machine,picked,1100000,0.9666666666666668,0.9487179487179488,0.9820512820512821,13,True
r2dreamer_cluster,machine,picked,1150000,0.9562673279261594,0.9329045478810423,0.976923076923077,13,True
r2dreamer_cluster,machine,picked,1200000,0.9641025641025641,0.9307692307692309,0.9897435897435898,13,True
r2dreamer_cluster,machine,picked,1250000,0.9409938170576468,0.9159301691216585,0.9634615384615384,13,True
r2dreamer_cluster,machine,picked,1300000,0.9461538461538462,0.9205128205128207,0.9717948717948719,13,True
r2dreamer_cluster,machine,picked,1350000,0.9666666666666667,0.9487179487179488,0.9846153846153847,13,True
r2dreamer_cluster,machine,picked,1400000,0.9666666666666667,0.9384615384615386,0.9897435897435898,13,True
r2dreamer_cluster,machine,picked,1450000,0.9794871794871796,0.9666666666666668,0.9897435897435898,13,True
r2dreamer_cluster,machine,picked,1500000,0.9666666666666668,0.9487179487179488,0.9846153846153847,13,True
r2dreamer_cluster,machine,picked,1550000,0.958974358974359,0.9282051282051283,0.9846153846153847,13,True
r2dreamer_cluster,machine,picked,1600000,0.9743589743589745,0.958974358974359,0.9871794871794872,13,True
r2dreamer_cluster,machine,picked,1650000,0.9672226371255497,0.9472657870716124,0.9846153846153847,13,True
r2dreamer_cluster,machine,picked,1700000,0.9717611336032389,0.958940620782726,0.983940620782726,13,True
r2dreamer_cluster,machine,picked,1750000,0.9820512820512821,0.9743589743589743,0.9923076923076923,13,True
r2dreamer_cluster,machine,picked,1800000,0.9601379833263892,0.935897435897436,0.9822825054709112,13,True
r2dreamer_cluster,machine,picked,1850000,0.9717948717948719,0.9538461538461539,0.9871794871794872,13,True
r2dreamer_cluster,machine,picked,1900000,0.9711314326698942,0.9576474807244039,0.9845257306795768,13,True
r2dreamer_cluster,machine,picked,1950000,0.974252478086344,0.9613228065863849,0.9871794871794872,13,True
r2dreamer_cluster,planner72,picked,50000,0.0,0.0,0.0,8,True
r2dreamer_cluster,planner72,picked,100000,0.016666666666666666,0.004166666666666667,0.029166666666666667,8,True
r2dreamer_cluster,planner72,picked,150000,0.07293571428571428,0.033371428571428566,0.11043571428571428,8,True
r2dreamer_cluster,planner72,picked,200000,0.21025885635332905,0.09583333333333334,0.36631098934984213,8,True
r2dreamer_cluster,planner72,picked,250000,0.32851250763574413,0.21607984242394696,0.45511697972991916,8,True
r2dreamer_cluster,planner72,picked,300000,0.3878431010248772,0.18125558782602022,0.598852628386384,8,True
r2dreamer_cluster,planner72,picked,350000,0.3051298061379014,0.12916666666666665,0.4788660745896694,8,True
r2dreamer_cluster,planner72,picked,400000,0.7698952241632155,0.6556025724968758,0.8712473308762725,8,True
r2dreamer_cluster,planner72,picked,450000,0.6512476895788675,0.5708565103355147,0.7400219696969694,8,True
r2dreamer_cluster,planner72,picked,500000,0.6475915431288133,0.4550877221749888,0.826930468204053,8,True
r2dreamer_cluster,planner72,picked,550000,0.9342493713283462,0.8651158644499387,0.9821344723384472,8,True
r2dreamer_cluster,planner72,picked,600000,0.8477935423166444,0.7033018867924528,0.9703040244969379,8,True
r2dreamer_cluster,planner72,picked,650000,0.7889609169485157,0.547294250281849,0.9458333333333333,8,True
r2dreamer_cluster,planner72,picked,700000,0.9541666666666667,0.9291666666666667,0.9791666666666667,8,True
r2dreamer_cluster,planner72,picked,750000,0.7333333333333334,0.4708333333333333,0.9375,8,True
r2dreamer_cluster,planner72,picked,800000,0.9041666666666668,0.8500000000000001,0.9583333333333333,8,True
r2dreamer_cluster,planner72,picked,850000,0.864552413986406,0.6355602270338448,0.9914303482587065,8,True
r2dreamer_cluster,planner72,picked,900000,0.9791666666666667,0.9624999999999999,0.9958333333333333,8,True
r2dreamer_cluster,planner72,picked,950000,0.952924346194301,0.9362576795276344,0.9708209325396826,8,True
r2dreamer_cluster,planner72,picked,1000000,0.9500438596491229,0.9250427631578948,0.970921052631579,8,True
r2dreamer_cluster,planner72,picked,1050000,0.9416666666666667,0.9125000000000001,0.9666666666666667,8,True
r2dreamer_cluster,planner72,picked,1100000,0.9618848653667595,0.9446030640668523,0.9791666666666667,8,True
r2dreamer_cluster,planner72,picked,1150000,0.942857142857143,0.9000000000000001,0.9763095238095233,7,True
r2dreamer_cluster,planner72,picked,1200000,0.9714285714285715,0.9476190476190477,0.9904761904761905,7,True
r2dreamer_cluster,planner72,picked,1250000,0.9695786228160329,0.9238095238095239,1.0,7,True
r2dreamer_cluster,planner72,picked,1300000,0.9523809523809526,0.9380952380952382,0.9714285714285715,7,True
r2dreamer_cluster,planner72,picked,1350000,0.9571428571428572,0.942857142857143,0.9761904761904763,7,True
r2dreamer_cluster,planner72,picked,1400000,0.9619047619047619,0.9476190476190477,0.9761904761904763,7,True
r2dreamer_cluster,planner72,picked,1450000,0.9655894208041448,0.939380660239556,0.9857142857142858,7,True
r2dreamer_cluster,planner72,picked,1500000,0.9714285714285714,0.9523809523809524,0.9904761904761905,7,True
r2dreamer_cluster,planner72,picked,1550000,0.9714285714285715,0.9333333333333333,0.9952380952380953,7,True
r2dreamer_cluster,planner72,picked,1600000,0.9666666666666668,0.942857142857143,0.9857142857142858,7,True
r2dreamer_cluster,planner72,picked,1650000,0.9761904761904763,0.9476190476190477,0.9952380952380953,7,True
r2dreamer_cluster,planner72,picked,1700000,0.9782602402663193,0.953828339846577,0.9952380952380953,7,True
r2dreamer_cluster,planner72,picked,1750000,0.9761904761904763,0.9571428571428573,0.9904761904761905,7,True
r2dreamer_cluster,planner72,picked,1800000,0.9714285714285715,0.9571428571428572,0.9857142857142858,7,True
r2dreamer_cluster,planner72,picked,1850000,0.9714285714285714,0.942857142857143,0.9904761904761905,7,True
r2dreamer_cluster,planner72,picked,1900000,0.9571428571428572,0.9333333333333333,0.980952380952381,7,True
r2dreamer_cluster,planner72,picked,1950000,0.9761904761904763,0.9571428571428572,0.9904761904761905,7,True
r2dreamer_cluster,r2teacher,picked,50000,0.0,0.0,0.0,4,True
r2dreamer_cluster,r2teacher,picked,100000,0.15,0.11666666666666667,0.18333333333333335,4,True
r2dreamer_cluster,r2teacher,picked,150000,0.25244922341696535,0.13333333333333333,0.42401433691756274,4,True
r2dreamer_cluster,r2teacher,picked,200000,0.3308580139372822,0.0975246806039489,0.7166666666666667,4,True
r2dreamer_cluster,r2teacher,picked,250000,0.6214080459770115,0.4225574712643678,0.8416666666666668,4,True
r2dreamer_cluster,r2teacher,picked,300000,0.75,0.4666666666666666,0.9166666666666666,4,True
r2dreamer_cluster,r2teacher,picked,350000,0.8833333333333333,0.7666666666666666,1.0,4,True
r2dreamer_cluster,r2teacher,picked,400000,0.8177505316696431,0.634806033281093,0.9153350696201296,4,True
r2dreamer_cluster,r2teacher,picked,450000,0.925,0.8833333333333334,0.9583333333333334,4,True
r2dreamer_cluster,r2teacher,picked,500000,0.9416666666666667,0.8833333333333333,1.0,4,True
r2dreamer_cluster,r2teacher,picked,550000,0.95,0.9333333333333333,0.9666666666666667,4,True
r2dreamer_cluster,r2teacher,picked,600000,0.9666666666666667,0.9416666666666667,0.9916666666666667,4,True
r2dreamer_cluster,r2teacher,picked,650000,0.9416666666666668,0.9166666666666666,0.9666666666666667,4,True
r2dreamer_cluster,r2teacher,picked,700000,0.9583333333333334,0.9166666666666667,0.9916666666666667,4,True
r2dreamer_cluster,r2teacher,picked,750000,0.9444444444444443,0.9333333333333332,0.9666666666666667,3,True
r2dreamer_cluster,r2teacher,picked,800000,0.9444444444444445,0.8333333333333334,1.0,3,True
r2dreamer_cluster,r2teacher,picked,850000,0.9777777777777779,0.9666666666666667,1.0,3,True
r2dreamer_cluster,r2teacher,picked,900000,0.9555555555555556,0.9333333333333332,1.0,3,True
r2dreamer_cluster,r2teacher,picked,950000,0.9444444444444445,0.9,0.9666666666666667,3,True
r2dreamer_cluster,r2teacher,picked,1000000,0.9777777777777779,0.9666666666666667,1.0,3,True
r2dreamer_cluster,r2teacher,picked,1050000,0.9665144596651446,0.9328767123287672,1.0,3,True
r2dreamer_cluster,r2teacher,picked,1100000,0.9252057613168724,0.842283950617284,1.0,3,True
r2dreamer_cluster,r2teacher,picked,1150000,0.9333333333333333,0.9,0.9666666666666667,2,False
r2dreamer_cluster,r2teacher,picked,1200000,1.0,1.0,1.0,2,False
r2dreamer_cluster,r2teacher,picked,1250000,0.95,0.9,1.0,2,False
r2dreamer_cluster,r2teacher,picked,1300000,0.9833333333333334,0.9666666666666667,1.0,2,False
r2dreamer_cluster,r2teacher,picked,1350000,0.95,0.9,1.0,2,False
r2dreamer_cluster,r2teacher,picked,1400000,0.9693502824858757,0.9666666666666667,0.9720338983050848,2,False
r2dreamer_cluster,r2teacher,picked,1450000,0.9666666666666667,0.9666666666666667,0.9666666666666667,2,False
r2dreamer_cluster,r2teacher,picked,1500000,1.0,1.0,1.0,2,False
r2dreamer_cluster,r2teacher,picked,1550000,0.95,0.9333333333333333,0.9666666666666667,2,False
r2dreamer_cluster,r2teacher,picked,1600000,1.0,1.0,1.0,2,False
r2dreamer_cluster,r2teacher,picked,1650000,0.9666666666666667,0.9666666666666667,0.9666666666666667,2,False
r2dreamer_cluster,r2teacher,picked,1700000,0.9666666666666667,0.9666666666666667,0.9666666666666667,2,False
r2dreamer_cluster,r2teacher,picked,1750000,0.9666666666666667,0.9666666666666667,0.9666666666666667,2,False
r2dreamer_cluster,r2teacher,picked,1800000,1.0,1.0,1.0,2,False
r2dreamer_cluster,r2teacher,picked,1850000,1.0,1.0,1.0,2,False
r2dreamer_cluster,r2teacher,picked,1900000,0.9833333333333334,0.9666666666666667,1.0,2,False
r2dreamer_cluster,r2teacher,picked,1950000,0.95,0.9333333333333333,0.9666666666666667,2,False
r2dreamer_cluster,human,placed_v2,50000,0.0,0.0,0.0,16,True
r2dreamer_cluster,human,placed_v2,100000,0.00625,0.0,0.016666666666666666,16,True
r2dreamer_cluster,human,placed_v2,150000,0.11353612651325573,0.06343502409068817,0.1708369954269093,16,True
r2dreamer_cluster,human,placed_v2,200000,0.28287923568910034,0.21303894011392185,0.35741546427120147,16,True
r2dreamer_cluster,human,placed_v2,250000,0.5846108691671767,0.47922974212621305,0.6897015092768376,16,True
r2dreamer_cluster,human,placed_v2,300000,0.8077944842732292,0.7213509834633081,0.8765159875042647,16,True
r2dreamer_cluster,human,placed_v2,350000,0.8547879107880126,0.7917748746146227,0.9069604571055259,16,True
r2dreamer_cluster,human,placed_v2,400000,0.8605224363396168,0.8096082387206885,0.9057102297668469,16,True
r2dreamer_cluster,human,placed_v2,450000,0.8669847837393385,0.827117290640537,0.9069249366187601,16,True
r2dreamer_cluster,human,placed_v2,500000,0.9220187200414561,0.8949353867081229,0.9475360312216609,16,True
r2dreamer_cluster,human,placed_v2,550000,0.9401934363396813,0.8907819611630134,0.9770833333333334,16,True
r2dreamer_cluster,human,placed_v2,600000,0.8974263332399366,0.8536763332399365,0.936531591482208,16,True
r2dreamer_cluster,human,placed_v2,650000,0.9294102792632204,0.91273752228164,0.9460769459298871,16,True
r2dreamer_cluster,human,placed_v2,700000,0.9389287451361867,0.9145833333333334,0.9604166666666667,16,True
r2dreamer_cluster,human,placed_v2,750000,0.9061569478908189,0.858147229114971,0.9395833333333333,16,True
r2dreamer_cluster,human,placed_v2,800000,0.9329515069326343,0.897503621782453,0.9645874873691266,16,True
r2dreamer_cluster,human,placed_v2,850000,0.9214715009314011,0.8846096685294689,0.9568902346375203,16,True
r2dreamer_cluster,human,placed_v2,900000,0.9479166666666666,0.9291666666666667,0.9645833333333333,16,True
r2dreamer_cluster,human,placed_v2,950000,0.9215846526855154,0.890897097570877,0.9507513193521822,16,True
r2dreamer_cluster,human,placed_v2,1000000,0.9487179487179488,0.9230769230769232,0.9717948717948718,13,True
r2dreamer_cluster,human,placed_v2,1050000,0.9512163337308687,0.9293500173921685,0.9727564102564101,13,True
r2dreamer_cluster,human,placed_v2,1100000,0.9232432432432434,0.8924698544698544,0.9538461538461539,13,True
r2dreamer_cluster,human,placed_v2,1150000,0.9216711493634572,0.8996371705217859,0.9426666666666667,13,True
r2dreamer_cluster,human,placed_v2,1200000,0.937220601383351,0.9119231842124166,0.9585053339694709,13,True
r2dreamer_cluster,human,placed_v2,1250000,0.9225195094760312,0.8917502787068006,0.9527313266443701,13,True
r2dreamer_cluster,human,placed_v2,1300000,0.9410256410256411,0.9153846153846155,0.9641025641025641,13,True
r2dreamer_cluster,human,placed_v2,1350000,0.9469768914213359,0.9205128205128206,0.970053814498259,13,True
r2dreamer_cluster,human,placed_v2,1400000,0.917948717948718,0.8897435897435899,0.9461538461538462,13,True
r2dreamer_cluster,human,placed_v2,1450000,0.9637206764866341,0.940643753409711,0.9820512820512821,13,True
r2dreamer_cluster,human,placed_v2,1500000,0.921483660384058,0.890875693927035,0.9521722589971848,13,True
r2dreamer_cluster,human,placed_v2,1550000,0.9435897435897437,0.9230769230769232,0.9641025641025641,13,True
r2dreamer_cluster,human,placed_v2,1600000,0.958974358974359,0.9410256410256411,0.9743589743589745,13,True
r2dreamer_cluster,human,placed_v2,1650000,0.9676659694786583,0.9353319389573167,0.9923076923076923,13,True
r2dreamer_cluster,human,placed_v2,1700000,0.9692307692307693,0.9538461538461539,0.9820512820512821,13,True
r2dreamer_cluster,human,placed_v2,1750000,0.9535284014231384,0.9298151760520181,0.9732517482517482,13,True
r2dreamer_cluster,human,placed_v2,1800000,0.9371760899787807,0.901100431705813,0.9666666666666667,13,True
r2dreamer_cluster,human,placed_v2,1850000,0.9565953508628667,0.9463389406064565,0.9668517611192772,13,True
r2dreamer_cluster,human,placed_v2,1900000,0.9536672629695886,0.928026237328563,0.9763908765652951,13,True
r2dreamer_cluster,human,placed_v2,1950000,0.9512820512820513,0.9333333333333335,0.9692307692307692,13,True
r2dreamer_cluster,machine,placed_v2,50000,0.0,0.0,0.0,16,True
r2dreamer_cluster,machine,placed_v2,100000,0.008333333333333333,0.0,0.018750000000000003,16,True
r2dreamer_cluster,machine,placed_v2,150000,0.21760017067138762,0.14163686967130165,0.30884708413983847,16,True
r2dreamer_cluster,machine,placed_v2,200000,0.289334197373618,0.21735007574144388,0.36686114131521436,16,True
r2dreamer_cluster,machine,placed_v2,250000,0.4509976253813809,0.3447479172671314,0.5619610777472629,16,True
r2dreamer_cluster,machine,placed_v2,300000,0.7753925394483069,0.6792711194881748,0.8598035883136234,16,True
r2dreamer_cluster,machine,placed_v2,350000,0.8225679769820498,0.7508936872878932,0.8824329649555088,16,True
r2dreamer_cluster,machine,placed_v2,400000,0.9015975401694438,0.871315601145175,0.9289200398728044,16,True
r2dreamer_cluster,machine,placed_v2,450000,0.8817330917874396,0.821304347826087,0.9275664251207729,16,True
r2dreamer_cluster,machine,placed_v2,500000,0.8651785590049148,0.8325793224593208,0.8954593100398054,16,True
r2dreamer_cluster,machine,placed_v2,550000,0.9353477591099613,0.9040960364210436,0.9626420454545455,16,True
r2dreamer_cluster,machine,placed_v2,600000,0.9053105510429565,0.8763846774080775,0.936567553844077,16,True
r2dreamer_cluster,machine,placed_v2,650000,0.8945417734133607,0.8687003145360299,0.9217983541917047,16,True
r2dreamer_cluster,machine,placed_v2,700000,0.928844696969697,0.9033252840909091,0.9508143939393939,16,True
r2dreamer_cluster,machine,placed_v2,750000,0.9270833333333333,0.8979166666666667,0.9520833333333334,16,True
r2dreamer_cluster,machine,placed_v2,800000,0.9458333333333333,0.9249479166666666,0.9666666666666666,16,True
r2dreamer_cluster,machine,placed_v2,850000,0.9527083006578159,0.936453883696685,0.9675043516100957,16,True
r2dreamer_cluster,machine,placed_v2,900000,0.9139287994891444,0.8854166666666667,0.9410121328224776,16,True
r2dreamer_cluster,machine,placed_v2,950000,0.9225665266106442,0.8979166666666667,0.9454831932773109,16,True
r2dreamer_cluster,machine,placed_v2,1000000,0.9238395167079795,0.8868841006677775,0.958974358974359,13,True
r2dreamer_cluster,machine,placed_v2,1050000,0.938959737397294,0.9076673740009795,0.9653844396697451,13,True
r2dreamer_cluster,machine,placed_v2,1100000,0.9435897435897437,0.9153846153846156,0.9692307692307692,13,True
r2dreamer_cluster,machine,placed_v2,1150000,0.9112513022851337,0.8723609132570473,0.9447275641025641,13,True
r2dreamer_cluster,machine,placed_v2,1200000,0.9406179594464115,0.9098487286771806,0.9658513035082075,13,True
r2dreamer_cluster,machine,placed_v2,1250000,0.9179168939807238,0.8841243862520459,0.9440170940170941,13,True
r2dreamer_cluster,machine,placed_v2,1300000,0.9153846153846156,0.8820512820512822,0.9487179487179488,13,True
r2dreamer_cluster,machine,placed_v2,1350000,0.9508092380432807,0.9333265139116205,0.9662056737588653,13,True
r2dreamer_cluster,machine,placed_v2,1400000,0.9410256410256411,0.9051282051282052,0.9743589743589743,13,True
r2dreamer_cluster,machine,placed_v2,1450000,0.9666666666666667,0.9409615384615385,0.9871794871794872,13,True
r2dreamer_cluster,machine,placed_v2,1500000,0.9512820512820515,0.9205128205128207,0.9769871794871792,13,True
r2dreamer_cluster,machine,placed_v2,1550000,0.9307692307692309,0.8974358974358977,0.9590384615384613,13,True
r2dreamer_cluster,machine,placed_v2,1600000,0.958974358974359,0.9461538461538462,0.9717948717948719,13,True
r2dreamer_cluster,machine,placed_v2,1650000,0.9441457140486267,0.9216247614305868,0.9666666666666667,13,True
r2dreamer_cluster,machine,placed_v2,1700000,0.9563765182186236,0.9371786437246964,0.9762483130904183,13,True
r2dreamer_cluster,machine,placed_v2,1750000,0.9641025641025641,0.9461538461538462,0.9794871794871796,13,True
r2dreamer_cluster,machine,placed_v2,1800000,0.9433424331975057,0.9081196313080372,0.9724963402137314,13,True
r2dreamer_cluster,machine,placed_v2,1850000,0.9538461538461539,0.9333333333333335,0.9743589743589745,13,True
r2dreamer_cluster,machine,placed_v2,1900000,0.9480545095929712,0.9275416890801508,0.9666666666666667,13,True
r2dreamer_cluster,machine,placed_v2,1950000,0.9588678627017285,0.9333333333333335,0.9820512820512821,13,True
r2dreamer_cluster,planner72,placed_v2,50000,0.0,0.0,0.0,8,True
r2dreamer_cluster,planner72,placed_v2,100000,0.0,0.0,0.0,8,True
r2dreamer_cluster,planner72,placed_v2,150000,0.008333333333333333,0.0,0.020833333333333336,8,True
r2dreamer_cluster,planner72,placed_v2,200000,0.05,0.016666666666666666,0.08750000000000001,8,True
r2dreamer_cluster,planner72,placed_v2,250000,0.0875,0.04583333333333334,0.14166666666666666,8,True
r2dreamer_cluster,planner72,placed_v2,300000,0.15356873822975517,0.04583333333333334,0.2934864642184555,8,True
r2dreamer_cluster,planner72,placed_v2,350000,0.10136104445307077,0.020833333333333336,0.19611801708014256,8,True
r2dreamer_cluster,planner72,placed_v2,400000,0.38852184317421345,0.2541429222703442,0.5185235302657134,8,True
r2dreamer_cluster,planner72,placed_v2,450000,0.3671713993201625,0.2880273297968138,0.4505458700717582,8,True
r2dreamer_cluster,planner72,placed_v2,500000,0.4649342961316188,0.25365739166175055,0.6737330901540807,8,True
r2dreamer_cluster,planner72,placed_v2,550000,0.7269028759778187,0.5659593911107189,0.8655303056717802,8,True
r2dreamer_cluster,planner72,placed_v2,600000,0.7244706911636045,0.5447482502187228,0.8703040244969379,8,True
r2dreamer_cluster,planner72,placed_v2,650000,0.7472942502818489,0.5181275836151823,0.9208333333333334,8,True
r2dreamer_cluster,planner72,placed_v2,700000,0.8958333333333334,0.8625,0.9333333333333333,8,True
r2dreamer_cluster,planner72,placed_v2,750000,0.6666666666666666,0.4373958333333333,0.8625,8,True
r2dreamer_cluster,planner72,placed_v2,800000,0.8186982837619694,0.7061982837619694,0.906256786102063,8,True
r2dreamer_cluster,planner72,placed_v2,850000,0.8289303482587065,0.6039303482587064,0.9620273631840797,8,True
r2dreamer_cluster,planner72,placed_v2,900000,0.9160759175465059,0.8666666666666667,0.9577573529411765,8,True
r2dreamer_cluster,planner72,placed_v2,950000,0.9112576795276344,0.882078612067317,0.9404367469879518,8,True
r2dreamer_cluster,planner72,placed_v2,1000000,0.9108435229487861,0.8858862861066809,0.9375438596491228,8,True
r2dreamer_cluster,planner72,placed_v2,1050000,0.9044248318924112,0.8708333333333333,0.938016330451489,8,True
r2dreamer_cluster,planner72,placed_v2,1100000,0.9410313054962094,0.9118848653667595,0.9701777456256593,8,True
r2dreamer_cluster,planner72,placed_v2,1150000,0.9208829323287154,0.8854411652604424,0.9533837648295479,7,True
r2dreamer_cluster,planner72,placed_v2,1200000,0.9612419562419563,0.9326705276705277,0.9898133848133848,7,True
r2dreamer_cluster,planner72,placed_v2,1250000,0.9169305651872909,0.8658217077131944,0.9647611256233108,7,True
r2dreamer_cluster,planner72,placed_v2,1300000,0.9391183035714287,0.9221168154761905,0.9619047619047619,7,True
r2dreamer_cluster,planner72,placed_v2,1350000,0.9338028169014085,0.9052313883299801,0.9619047619047619,7,True
r2dreamer_cluster,planner72,placed_v2,1400000,0.9486689998939443,0.9259094283593171,0.9714285714285715,7,True
r2dreamer_cluster,planner72,placed_v2,1450000,0.9417798969946211,0.8965235173824132,0.9781551781551782,7,True
r2dreamer_cluster,planner72,placed_v2,1500000,0.9619047619047619,0.9380952380952381,0.9857142857142858,7,True
r2dreamer_cluster,planner72,placed_v2,1550000,0.9386114622840287,0.8957543194268859,0.971944795617362,7,True
r2dreamer_cluster,planner72,placed_v2,1600000,0.9461538461538462,0.923809523809524,0.9699999999999999,7,True
r2dreamer_cluster,planner72,placed_v2,1650000,0.9465937571200731,0.9,0.9858077010708585,7,True
r2dreamer_cluster,planner72,placed_v2,1700000,0.971396400980605,0.9490664350846723,0.9904761904761905,7,True
r2dreamer_cluster,planner72,placed_v2,1750000,0.9571428571428573,0.923809523809524,0.9857142857142858,7,True
r2dreamer_cluster,planner72,placed_v2,1800000,0.9523809523809524,0.9380952380952382,0.9619047619047619,7,True
r2dreamer_cluster,planner72,placed_v2,1850000,0.9619047619047619,0.9380952380952382,0.9857142857142858,7,True
r2dreamer_cluster,planner72,placed_v2,1900000,0.9476190476190477,0.923809523809524,0.9714285714285715,7,True
r2dreamer_cluster,planner72,placed_v2,1950000,0.9714285714285714,0.9571428571428572,0.9857142857142858,7,True
r2dreamer_cluster,r2teacher,placed_v2,50000,0.0,0.0,0.0,4,True
r2dreamer_cluster,r2teacher,placed_v2,100000,0.025,0.008333333333333333,0.03333333333333333,4,True
r2dreamer_cluster,r2teacher,placed_v2,150000,0.08333333333333334,0.06666666666666667,0.1,4,True
r2dreamer_cluster,r2teacher,placed_v2,200000,0.2058580139372822,0.016666666666666666,0.5333333333333332,4,True
r2dreamer_cluster,r2teacher,placed_v2,250000,0.32738509871192045,0.12360189677024605,0.6822508169934641,4,True
r2dreamer_cluster,r2teacher,placed_v2,300000,0.5,0.24166666666666664,0.7083333333333334,4,True
r2dreamer_cluster,r2teacher,placed_v2,350000,0.7943499622071051,0.6499999999999999,0.9386999244142102,4,True
r2dreamer_cluster,r2teacher,placed_v2,400000,0.6659084264064852,0.3416928160197748,0.8653350696201295,4,True
r2dreamer_cluster,r2teacher,placed_v2,450000,0.884166221272047,0.85,0.9174995546053804,4,True
r2dreamer_cluster,r2teacher,placed_v2,500000,0.9083333333333334,0.8166666666666667,1.0,4,True
r2dreamer_cluster,r2teacher,placed_v2,550000,0.9083333333333333,0.8833333333333333,0.9333333333333333,4,True
r2dreamer_cluster,r2teacher,placed_v2,600000,0.9500485908649174,0.9167638483965015,0.9916666666666667,4,True
r2dreamer_cluster,r2teacher,placed_v2,650000,0.9083333333333334,0.8583333333333334,0.9500000000000001,4,True
r2dreamer_cluster,r2teacher,placed_v2,700000,0.9416666666666668,0.8666666666666667,0.9916666666666667,4,True
r2dreamer_cluster,r2teacher,placed_v2,750000,0.9444444444444443,0.9333333333333332,0.9666666666666667,3,True
r2dreamer_cluster,r2teacher,placed_v2,800000,0.9111111111111111,0.8000000000000002,0.9666666666666667,3,True
r2dreamer_cluster,r2teacher,placed_v2,850000,0.9666666666666667,0.9333333333333332,1.0,3,True
r2dreamer_cluster,r2teacher,placed_v2,900000,0.8955121245023525,0.8532030401737242,0.9333333333333332,3,True
r2dreamer_cluster,r2teacher,placed_v2,950000,0.9111111111111111,0.8666666666666667,0.9666666666666667,3,True
r2dreamer_cluster,r2teacher,placed_v2,1000000,0.9777777777777779,0.9666666666666667,1.0,3,True
r2dreamer_cluster,r2teacher,placed_v2,1050000,0.9442922374429225,0.8995433789954338,1.0,3,True
r2dreamer_cluster,r2teacher,placed_v2,1100000,0.9252057613168724,0.842283950617284,1.0,3,True
r2dreamer_cluster,r2teacher,placed_v2,1150000,0.903476482617587,0.9,0.9069529652351739,2,False
r2dreamer_cluster,r2teacher,placed_v2,1200000,0.9833333333333334,0.9666666666666667,1.0,2,False
r2dreamer_cluster,r2teacher,placed_v2,1250000,0.9333333333333333,0.9,0.9666666666666667,2,False
r2dreamer_cluster,r2teacher,placed_v2,1300000,0.9833333333333334,0.9666666666666667,1.0,2,False
r2dreamer_cluster,r2teacher,placed_v2,1350000,0.9333333333333333,0.8666666666666667,1.0,2,False
r2dreamer_cluster,r2teacher,placed_v2,1400000,0.9193502824858757,0.8666666666666667,0.9720338983050848,2,False
r2dreamer_cluster,r2teacher,placed_v2,1450000,0.9666666666666667,0.9666666666666667,0.9666666666666667,2,False
r2dreamer_cluster,r2teacher,placed_v2,1500000,0.9833333333333334,0.9666666666666667,1.0,2,False
r2dreamer_cluster,r2teacher,placed_v2,1550000,0.9333333333333333,0.9,0.9666666666666667,2,False
r2dreamer_cluster,r2teacher,placed_v2,1600000,0.9666666666666667,0.9333333333333333,1.0,2,False
r2dreamer_cluster,r2teacher,placed_v2,1650000,0.95,0.9333333333333333,0.9666666666666667,2,False
r2dreamer_cluster,r2teacher,placed_v2,1700000,0.95,0.9333333333333333,0.9666666666666667,2,False
r2dreamer_cluster,r2teacher,placed_v2,1750000,0.95,0.9333333333333333,0.9666666666666667,2,False
r2dreamer_cluster,r2teacher,placed_v2,1800000,1.0,1.0,1.0,2,False
r2dreamer_cluster,r2teacher,placed_v2,1850000,0.9666666666666667,0.9666666666666667,0.9666666666666667,2,False
r2dreamer_cluster,r2teacher,placed_v2,1900000,0.9833333333333334,0.9666666666666667,1.0,2,False
r2dreamer_cluster,r2teacher,placed_v2,1950000,0.9333333333333333,0.9,0.9666666666666667,2,False
r2dreamer_cluster,human,farside,50000,0.0,0.0,0.0,16,True
r2dreamer_cluster,human,farside,100000,0.00625,0.0,0.016666666666666666,16,True
r2dreamer_cluster,human,farside,150000,0.1052027931799224,0.057984801045729645,0.1602542401232895,16,True
r2dreamer_cluster,human,farside,200000,0.262045902355767,0.19586722013487742,0.33089671306456864,16,True
r2dreamer_cluster,human,farside,250000,0.5477322687995321,0.4365901616866109,0.6655250731978515,16,True
r2dreamer_cluster,human,farside,300000,0.797150295676738,0.71271989151751,0.8729356567962273,16,True
r2dreamer_cluster,human,farside,350000,0.8302282720183416,0.7667727352859104,0.8853735698824984,16,True
r2dreamer_cluster,human,farside,400000,0.8584391030062835,0.8104085974178404,0.9018716215368793,16,True
r2dreamer_cluster,human,farside,450000,0.8586514504060052,0.8179788097855065,0.8998533207400801,16,True
r2dreamer_cluster,human,farside,500000,0.9136853867081228,0.8859171767716026,0.9393630773092368,16,True
r2dreamer_cluster,human,farside,550000,0.9381101030063481,0.8836751594502337,0.9770833333333334,16,True
r2dreamer_cluster,human,farside,600000,0.8953429999066032,0.8464303580601475,0.9370096665732699,16,True
r2dreamer_cluster,human,farside,650000,0.9273269459298871,0.9104166666666667,0.9439936125965538,16,True
r2dreamer_cluster,human,farside,700000,0.9368454118028535,0.9153574902723736,0.9583333333333334,16,True
r2dreamer_cluster,human,farside,750000,0.9040736145574856,0.8538875103391232,0.9395833333333333,16,True
r2dreamer_cluster,human,farside,800000,0.9329515069326343,0.896311817381614,0.9648187521463785,16,True
r2dreamer_cluster,human,farside,850000,0.9193881675980677,0.8830367734282325,0.9538721738010185,16,True
r2dreamer_cluster,human,farside,900000,0.9416666666666667,0.9208333333333334,0.9624999999999999,16,True
r2dreamer_cluster,human,farside,950000,0.9215846526855154,0.8901529431216931,0.950751319352182,16,True
r2dreamer_cluster,human,farside,1000000,0.9461538461538462,0.9230769230769231,0.9692307692307692,13,True
r2dreamer_cluster,human,farside,1050000,0.9512163337308687,0.9288462408069966,0.9727564102564104,13,True
r2dreamer_cluster,human,farside,1100000,0.9206791406791408,0.8923076923076925,0.9512820512820513,13,True
r2dreamer_cluster,human,farside,1150000,0.911414739107047,0.886230007172315,0.9336829836829837,13,True
r2dreamer_cluster,human,farside,1200000,0.937220601383351,0.9122065186218314,0.9587022756013233,13,True
r2dreamer_cluster,human,farside,1250000,0.9199554069119287,0.8860284280936456,0.9512820512820513,13,True
r2dreamer_cluster,human,farside,1300000,0.9410256410256411,0.9153846153846156,0.9641025641025642,13,True
r2dreamer_cluster,human,farside,1350000,0.9469768914213359,0.9205128205128207,0.970053814498259,13,True
r2dreamer_cluster,human,farside,1400000,0.9128205128205129,0.8820512820512824,0.9410256410256411,13,True
r2dreamer_cluster,human,farside,1450000,0.9611565739225315,0.9351145662847791,0.9820512820512821,13,True
r2dreamer_cluster,human,farside,1500000,0.9189195578199555,0.8883095755590298,0.9513626834381552,13,True
r2dreamer_cluster,human,farside,1550000,0.9410256410256411,0.9205128205128207,0.9615384615384616,13,True
r2dreamer_cluster,human,farside,1600000,0.9538461538461539,0.935897435897436,0.9717948717948719,13,True
r2dreamer_cluster,human,farside,1650000,0.9625377643504531,0.9302037338291116,0.9881787899914788,13,True
r2dreamer_cluster,human,farside,1700000,0.9692307692307693,0.9538461538461539,0.9846153846153847,13,True
r2dreamer_cluster,human,farside,1750000,0.9535284014231384,0.9294663231505337,0.9743589743589743,13,True
r2dreamer_cluster,human,farside,1800000,0.9371760899787807,0.9023858801885709,0.9681235431235431,13,True
r2dreamer_cluster,human,farside,1850000,0.9565953508628667,0.9463389406064565,0.9668517611192772,13,True
r2dreamer_cluster,human,farside,1900000,0.9536672629695886,0.928026237328563,0.9765652951699463,13,True
r2dreamer_cluster,human,farside,1950000,0.9487179487179488,0.9333333333333335,0.9666666666666667,13,True
r2dreamer_cluster,machine,farside,50000,0.0,0.0,0.0,16,True
r2dreamer_cluster,machine,farside,100000,0.00625,0.0,0.0125,16,True
r2dreamer_cluster,machine,farside,150000,0.1884345732314309,0.11681657146704158,0.2785651304240443,16,True
r2dreamer_cluster,machine,farside,200000,0.27266753070695127,0.20358282897354535,0.34486029076965385,16,True
r2dreamer_cluster,machine,farside,250000,0.44058095871471414,0.3348162314421364,0.550162373606879,16,True
r2dreamer_cluster,machine,farside,300000,0.761202724633492,0.6660707671946209,0.847892645332236,16,True
r2dreamer_cluster,machine,farside,350000,0.7996513103153831,0.7257675896852137,0.8671925409642594,16,True
r2dreamer_cluster,machine,farside,400000,0.8946601103153473,0.8594696882650703,0.926954451397093,16,True
r2dreamer_cluster,machine,farside,450000,0.8692330917874397,0.8041387379227053,0.9151064311594201,16,True
r2dreamer_cluster,machine,farside,500000,0.8526785590049148,0.8209188596491227,0.8850426433731388,16,True
r2dreamer_cluster,machine,farside,550000,0.9249310924432946,0.8934012318753385,0.9581223803220825,16,True
r2dreamer_cluster,machine,farside,600000,0.8928105510429565,0.8580821044953515,0.9258457831442717,16,True
r2dreamer_cluster,machine,farside,650000,0.8882917734133607,0.8634380771655031,0.9144850717774256,16,True
r2dreamer_cluster,machine,farside,700000,0.9246780303030303,0.8999947916666667,0.9471699810606061,16,True
r2dreamer_cluster,machine,farside,750000,0.925,0.89375,0.9520833333333334,16,True
r2dreamer_cluster,machine,farside,800000,0.94375,0.9208333333333334,0.9645833333333333,16,True
r2dreamer_cluster,machine,farside,850000,0.9506249673244825,0.9314509140687708,0.9666666666666668,16,True
r2dreamer_cluster,machine,farside,900000,0.9097621328224778,0.8841075989782886,0.9341239623243933,16,True
r2dreamer_cluster,machine,farside,950000,0.9183998599439775,0.8913165266106442,0.9437670693277311,16,True
r2dreamer_cluster,machine,farside,1000000,0.9238395167079795,0.8843199981036749,0.9615384615384616,13,True
r2dreamer_cluster,machine,farside,1050000,0.9338315322690889,0.8974267031281613,0.9670549890932182,13,True
r2dreamer_cluster,machine,farside,1100000,0.9435455349248454,0.9152961980548189,0.9666666666666667,13,True
r2dreamer_cluster,machine,farside,1150000,0.9112513022851337,0.8699398042912987,0.9447275641025641,13,True
r2dreamer_cluster,machine,farside,1200000,0.9406179594464115,0.9102564102564105,0.9680077244930801,13,True
r2dreamer_cluster,machine,farside,1250000,0.9179168939807238,0.8846153846153848,0.945943921622113,13,True
r2dreamer_cluster,machine,farside,1300000,0.912820512820513,0.8794871794871797,0.9461538461538462,13,True
r2dreamer_cluster,machine,farside,1350000,0.9482451354791781,0.9319148936170213,0.9641025641025642,13,True
r2dreamer_cluster,machine,farside,1400000,0.9333333333333335,0.8974358974358976,0.9692307692307693,13,True
r2dreamer_cluster,machine,farside,1450000,0.9641025641025642,0.9307692307692309,0.9871794871794872,13,True
r2dreamer_cluster,machine,farside,1500000,0.9487179487179488,0.9179487179487181,0.9743589743589745,13,True
r2dreamer_cluster,machine,farside,1550000,0.9230769230769232,0.88974358974359,0.9538461538461539,13,True
r2dreamer_cluster,machine,farside,1600000,0.9564102564102565,0.9435897435897437,0.9692307692307693,13,True
r2dreamer_cluster,machine,farside,1650000,0.9390175089204216,0.9159405858434986,0.9615384615384617,13,True
r2dreamer_cluster,machine,farside,1700000,0.9563765182186236,0.9365384615384615,0.9743252361673415,13,True
r2dreamer_cluster,machine,farside,1750000,0.9615384615384616,0.9435897435897437,0.9794871794871796,13,True
r2dreamer_cluster,machine,farside,1800000,0.9407783306334031,0.9085665046172292,0.9703943935827994,13,True
r2dreamer_cluster,machine,farside,1850000,0.9538461538461539,0.9333333333333335,0.9717948717948719,13,True
r2dreamer_cluster,machine,farside,1900000,0.9454904070288687,0.9249775865160482,0.9660032275416891,13,True
r2dreamer_cluster,machine,farside,1950000,0.9563037601376261,0.9307692307692309,0.976923076923077,13,True
r2dreamer_cluster,planner72,farside,50000,0.0,0.0,0.0,8,True
r2dreamer_cluster,planner72,farside,100000,0.0,0.0,0.0,8,True
r2dreamer_cluster,planner72,farside,150000,0.004166666666666667,0.0,0.0125,8,True
r2dreamer_cluster,planner72,farside,200000,0.03333333333333333,0.0,0.07083333333333333,8,True
r2dreamer_cluster,planner72,farside,250000,0.07500000000000001,0.03333333333333334,0.13333333333333333,8,True
r2dreamer_cluster,planner72,farside,300000,0.10416666666666667,0.020833333333333332,0.21666666666666667,8,True
r2dreamer_cluster,planner72,farside,350000,0.08089592817400101,0.016666666666666666,0.15419219461304995,8,True
r2dreamer_cluster,planner72,farside,400000,0.32395038203904136,0.19255218216318784,0.4530741873204498,8,True
r2dreamer_cluster,planner72,farside,450000,0.3046713993201625,0.19281407715673712,0.40783625666247086,8,True
r2dreamer_cluster,planner72,farside,500000,0.43160096279828547,0.20956202651515152,0.6568062379508832,8,True
r2dreamer_cluster,planner72,farside,550000,0.671629983738846,0.4873706816495992,0.8376972293183725,8,True
r2dreamer_cluster,planner72,farside,600000,0.7036373578302713,0.5238636811023623,0.8661373578302712,8,True
r2dreamer_cluster,planner72,farside,650000,0.7389609169485156,0.5014609169485156,0.9208333333333334,8,True
r2dreamer_cluster,planner72,farside,700000,0.8825987475915222,0.8443641618497111,0.9208333333333334,8,True
r2dreamer_cluster,planner72,farside,750000,0.6508780760626398,0.410089485458613,0.8500000000000001,8,True
r2dreamer_cluster,planner72,farside,800000,0.7978649504286359,0.6583333333333333,0.893756786102063,8,True
r2dreamer_cluster,planner72,farside,850000,0.8205970149253732,0.5952683457711443,0.957866604477612,8,True
r2dreamer_cluster,planner72,farside,900000,0.8785759175465058,0.7833185646053292,0.952394419306184,8,True
r2dreamer_cluster,planner72,farside,950000,0.9070910128609677,0.8707958209325397,0.939206827309237,8,True
r2dreamer_cluster,planner72,farside,1000000,0.9036544942974933,0.867068857433989,0.9375,8,True
r2dreamer_cluster,planner72,farside,1050000,0.9002581652257445,0.8708333333333333,0.9299411623439001,8,True
r2dreamer_cluster,planner72,farside,1100000,0.932353584407774,0.8978102083451766,0.9625729042715739,8,True
r2dreamer_cluster,planner72,farside,1150000,0.9026678141135972,0.8619047619047618,0.9455249569707401,7,True
r2dreamer_cluster,planner72,farside,1200000,0.9612419562419563,0.9320077220077222,0.9857142857142858,7,True
r2dreamer_cluster,planner72,farside,1250000,0.9169305651872909,0.8661894740488487,0.9663995614188771,7,True
r2dreamer_cluster,planner72,farside,1300000,0.9391183035714287,0.9221168154761906,0.9619047619047619,7,True
r2dreamer_cluster,planner72,farside,1350000,0.9338028169014085,0.9052313883299801,0.9571428571428572,7,True
r2dreamer_cluster,planner72,farside,1400000,0.9439070951320395,0.923809523809524,0.9666666666666668,7,True
r2dreamer_cluster,planner72,farside,1450000,0.9417798969946211,0.9003024582779185,0.9795537795537796,7,True
r2dreamer_cluster,planner72,farside,1500000,0.9619047619047619,0.9380952380952381,0.9857142857142858,7,True
r2dreamer_cluster,planner72,farside,1550000,0.9386114622840287,0.8957543194268859,0.971944795617362,7,True
r2dreamer_cluster,planner72,farside,1600000,0.9461538461538462,0.9241758241758243,0.96996336996337,7,True
r2dreamer_cluster,planner72,farside,1650000,0.9465937571200731,0.9,0.9857142857142858,7,True
r2dreamer_cluster,planner72,farside,1700000,0.9666344962187002,0.9469497454068063,0.9836123511904763,7,True
r2dreamer_cluster,planner72,farside,1750000,0.9571428571428573,0.923809523809524,0.9857142857142858,7,True
r2dreamer_cluster,planner72,farside,1800000,0.9523809523809524,0.942857142857143,0.9619047619047619,7,True
r2dreamer_cluster,planner72,farside,1850000,0.9619047619047619,0.9380952380952382,0.9857142857142858,7,True
r2dreamer_cluster,planner72,farside,1900000,0.9476190476190477,0.923809523809524,0.9714285714285715,7,True
r2dreamer_cluster,planner72,farside,1950000,0.9619047619047619,0.9285714285714286,0.9857142857142858,7,True
r2dreamer_cluster,r2teacher,farside,50000,0.0,0.0,0.0,4,True
r2dreamer_cluster,r2teacher,farside,100000,0.016666666666666666,0.0,0.03333333333333333,4,True
r2dreamer_cluster,r2teacher,farside,150000,0.058333333333333334,0.03333333333333333,0.08333333333333334,4,True
r2dreamer_cluster,r2teacher,farside,200000,0.17252468060394888,0.016666666666666666,0.4333333333333333,4,True
r2dreamer_cluster,r2teacher,farside,250000,0.3034676150517897,0.10925341986801276,0.6583333333333333,4,True
r2dreamer_cluster,r2teacher,farside,300000,0.5,0.24166666666666664,0.7083333333333334,4,True
r2dreamer_cluster,r2teacher,farside,350000,0.7860166288737717,0.6499999999999999,0.925,4,True
r2dreamer_cluster,r2teacher,farside,400000,0.6659084264064852,0.3416928160197748,0.8653350696201296,4,True
r2dreamer_cluster,r2teacher,farside,450000,0.884166221272047,0.8500000000000001,0.9174995546053804,4,True
r2dreamer_cluster,r2teacher,farside,500000,0.9,0.7833333333333334,1.0,4,True
r2dreamer_cluster,r2teacher,farside,550000,0.9083333333333333,0.875,0.9333333333333333,4,True
r2dreamer_cluster,r2teacher,farside,600000,0.9500485908649174,0.9167638483965015,0.9833333333333334,4,True
r2dreamer_cluster,r2teacher,farside,650000,0.9083333333333334,0.8583333333333334,0.9500000000000001,4,True
r2dreamer_cluster,r2teacher,farside,700000,0.9416666666666668,0.8666666666666667,0.9916666666666667,4,True
r2dreamer_cluster,r2teacher,farside,750000,0.9444444444444443,0.9333333333333332,0.9666666666666667,3,True
r2dreamer_cluster,r2teacher,farside,800000,0.9111111111111111,0.8000000000000002,0.9666666666666667,3,True
r2dreamer_cluster,r2teacher,farside,850000,0.9666666666666667,0.9333333333333332,1.0,3,True
r2dreamer_cluster,r2teacher,farside,900000,0.8955121245023525,0.8532030401737242,0.9333333333333332,3,True
r2dreamer_cluster,r2teacher,farside,950000,0.9111111111111111,0.8666666666666667,0.9666666666666667,3,True
r2dreamer_cluster,r2teacher,farside,1000000,0.9777777777777779,0.9666666666666667,1.0,3,True
r2dreamer_cluster,r2teacher,farside,1050000,0.9442922374429225,0.8995433789954338,1.0,3,True
r2dreamer_cluster,r2teacher,farside,1100000,0.9140946502057613,0.842283950617284,1.0,3,True
r2dreamer_cluster,r2teacher,farside,1150000,0.903476482617587,0.9,0.9069529652351739,2,False
r2dreamer_cluster,r2teacher,farside,1200000,0.9833333333333334,0.9666666666666667,1.0,2,False
r2dreamer_cluster,r2teacher,farside,1250000,0.9333333333333333,0.9,0.9666666666666667,2,False
r2dreamer_cluster,r2teacher,farside,1300000,0.9833333333333334,0.9666666666666667,1.0,2,False
r2dreamer_cluster,r2teacher,farside,1350000,0.9333333333333333,0.8666666666666667,1.0,2,False
r2dreamer_cluster,r2teacher,farside,1400000,0.9193502824858757,0.8666666666666667,0.9720338983050848,2,False
r2dreamer_cluster,r2teacher,farside,1450000,0.9666666666666667,0.9666666666666667,0.9666666666666667,2,False
r2dreamer_cluster,r2teacher,farside,1500000,0.9833333333333334,0.9666666666666667,1.0,2,False
r2dreamer_cluster,r2teacher,farside,1550000,0.9333333333333333,0.9,0.9666666666666667,2,False
r2dreamer_cluster,r2teacher,farside,1600000,0.9666666666666667,0.9333333333333333,1.0,2,False
r2dreamer_cluster,r2teacher,farside,1650000,0.95,0.9333333333333333,0.9666666666666667,2,False
r2dreamer_cluster,r2teacher,farside,1700000,0.95,0.9333333333333333,0.9666666666666667,2,False
r2dreamer_cluster,r2teacher,farside,1750000,0.95,0.9333333333333333,0.9666666666666667,2,False
r2dreamer_cluster,r2teacher,farside,1800000,1.0,1.0,1.0,2,False
r2dreamer_cluster,r2teacher,farside,1850000,0.9666666666666667,0.9666666666666667,0.9666666666666667,2,False
r2dreamer_cluster,r2teacher,farside,1900000,0.9833333333333334,0.9666666666666667,1.0,2,False
r2dreamer_cluster,r2teacher,farside,1950000,0.9333333333333333,0.9,0.9666666666666667,2,False
r2dreamer_cluster,human,slide_event,50000,0.0,0.0,0.0,16,True
r2dreamer_cluster,human,slide_event,100000,0.0,0.0,0.0,16,True
r2dreamer_cluster,human,slide_event,150000,0.03249866576852716,0.007750690772929347,0.06666666666666667,16,True
r2dreamer_cluster,human,slide_event,200000,0.15442695537355733,0.10901803573132457,0.19826003950457832,16,True
r2dreamer_cluster,human,slide_event,250000,0.41063717639100317,0.2842245801309447,0.5316433201003679,16,True
r2dreamer_cluster,human,slide_event,300000,0.6154404719342148,0.5011998520862856,0.7178694591575453,16,True
r2dreamer_cluster,human,slide_event,350000,0.6290518828848569,0.5399526428200724,0.7205503563372455,16,True
r2dreamer_cluster,human,slide_event,400000,0.725186584874059,0.6462715071793766,0.79663330001238,16,True
r2dreamer_cluster,human,slide_event,450000,0.7306756488395959,0.6740219417760881,0.7861357871056053,16,True
r2dreamer_cluster,human,slide_event,500000,0.8156507329831391,0.769931571285803,0.8599200481470203,16,True
r2dreamer_cluster,human,slide_event,550000,0.788097141117237,0.6905943657635468,0.8686999692118227,16,True
r2dreamer_cluster,human,slide_event,600000,0.7883847846091527,0.7279681179424862,0.8434430471738724,16,True
r2dreamer_cluster,human,slide_event,650000,0.7965599705665931,0.7361433038999264,0.8528281364974244,16,True
r2dreamer_cluster,human,slide_event,700000,0.8710745356906016,0.8286355735504438,0.9136472627026755,16,True
r2dreamer_cluster,human,slide_event,750000,0.8157809518748826,0.7435638957816377,0.8825406706507304,16,True
r2dreamer_cluster,human,slide_event,800000,0.8780748775099154,0.825101903603699,0.9261587161411166,16,True
r2dreamer_cluster,human,slide_event,850000,0.817930073711014,0.7497559881652553,0.8806704798958941,16,True
r2dreamer_cluster,human,slide_event,900000,0.8538931117605595,0.8025074658798756,0.8987884160756501,16,True
r2dreamer_cluster,human,slide_event,950000,0.8374951597941444,0.7591134446524268,0.8945036232765959,16,True
r2dreamer_cluster,human,slide_event,1000000,0.8692307692307695,0.8282051282051284,0.9076923076923078,13,True
r2dreamer_cluster,human,slide_event,1050000,0.8789916570200423,0.8186748615776905,0.9286071481812761,13,True
r2dreamer_cluster,human,slide_event,1100000,0.8581814465267704,0.810921199838466,0.9016048699501937,13,True
r2dreamer_cluster,human,slide_event,1150000,0.8143835426426173,0.7669414504816048,0.8643648183789877,13,True
r2dreamer_cluster,human,slide_event,1200000,0.8680936288408188,0.8301669391218045,0.9037091367048198,13,True
r2dreamer_cluster,human,slide_event,1250000,0.8768271175767428,0.8389229927160963,0.9137434213296284,13,True
r2dreamer_cluster,human,slide_event,1300000,0.854555860805861,0.8065367445054945,0.9025641025641027,13,True
r2dreamer_cluster,human,slide_event,1350000,0.9033871478315922,0.8597974042418488,0.9392845837290282,13,True
r2dreamer_cluster,human,slide_event,1400000,0.8513406805208924,0.8065368388972629,0.8961263403263405,13,True
r2dreamer_cluster,human,slide_event,1450000,0.8954556815696567,0.8670688953858652,0.9266067999548177,13,True
r2dreamer_cluster,human,slide_event,1500000,0.8421492785948028,0.8000373000843193,0.8857096798672275,13,True
r2dreamer_cluster,human,slide_event,1550000,0.8632428654792808,0.834469757049521,0.8899294191241034,13,True
r2dreamer_cluster,human,slide_event,1600000,0.9019952180723886,0.8615384615384616,0.9367548849863964,13,True
r2dreamer_cluster,human,slide_event,1650000,0.8877979295687773,0.8402543986696706,0.9323964974810801,13,True
r2dreamer_cluster,human,slide_event,1700000,0.9149378674910592,0.886723646723647,0.9380525550100021,13,True
r2dreamer_cluster,human,slide_event,1750000,0.8657181962726465,0.7914904166460727,0.921969696969697,13,True
r2dreamer_cluster,human,slide_event,1800000,0.8753967338964755,0.7928557162651555,0.935897435897436,13,True
r2dreamer_cluster,human,slide_event,1850000,0.8886360293992719,0.8439983044076897,0.9282082660928817,13,True
r2dreamer_cluster,human,slide_event,1900000,0.8883669588341987,0.8423087329640899,0.9317797173435053,13,True
r2dreamer_cluster,human,slide_event,1950000,0.9102564102564105,0.8769230769230772,0.935897435897436,13,True
r2dreamer_cluster,machine,slide_event,50000,0.0,0.0,0.0,16,True
r2dreamer_cluster,machine,slide_event,100000,0.0020833333333333333,0.0,0.00625,16,True
r2dreamer_cluster,machine,slide_event,150000,0.09451506991303346,0.037500000000000006,0.18487125572645002,16,True
r2dreamer_cluster,machine,slide_event,200000,0.17303771685770136,0.11662251679189437,0.23805807093829134,16,True
r2dreamer_cluster,machine,slide_event,250000,0.29765090690559515,0.20146850246335932,0.4033783405371604,16,True
r2dreamer_cluster,machine,slide_event,300000,0.6270110452553885,0.5244474534050716,0.7267946703165159,16,True
r2dreamer_cluster,machine,slide_event,350000,0.6540427260989904,0.5634067571055532,0.7370679271237761,16,True
r2dreamer_cluster,machine,slide_event,400000,0.7422862167435065,0.6858832794458649,0.7932775459620434,16,True
r2dreamer_cluster,machine,slide_event,450000,0.7120194506710594,0.6274209840996074,0.7820324733486164,16,True
r2dreamer_cluster,machine,slide_event,500000,0.7043775273018786,0.6464780990773193,0.7640988788426254,16,True
r2dreamer_cluster,machine,slide_event,550000,0.7745593791270472,0.7143553787898741,0.833330343192857,16,True
r2dreamer_cluster,machine,slide_event,600000,0.7844772177096232,0.7202346850259862,0.8450072751516113,16,True
r2dreamer_cluster,machine,slide_event,650000,0.7253050328139017,0.6545007226191768,0.7943022779619284,16,True
r2dreamer_cluster,machine,slide_event,700000,0.8411071206300595,0.8144857466229225,0.865145885942761,16,True
r2dreamer_cluster,machine,slide_event,750000,0.8004948705621953,0.7223194942740004,0.8708374345064688,16,True
r2dreamer_cluster,machine,slide_event,800000,0.847833761185804,0.8043523453476483,0.8913933215130023,16,True
r2dreamer_cluster,machine,slide_event,850000,0.8018299169376502,0.7225575995983797,0.8730701511105983,16,True
r2dreamer_cluster,machine,slide_event,900000,0.8429405008216528,0.8088757849084717,0.8740760212780991,16,True
r2dreamer_cluster,machine,slide_event,950000,0.835999692923024,0.7903293960121249,0.879752009158507,16,True
r2dreamer_cluster,machine,slide_event,1000000,0.8465114125660024,0.7995499421583157,0.8923152033115233,13,True
r2dreamer_cluster,machine,slide_event,1050000,0.8596426479577205,0.7936177036400629,0.9122524773458422,13,True
r2dreamer_cluster,machine,slide_event,1100000,0.8768788682581788,0.8358974358974359,0.9128205128205129,13,True
r2dreamer_cluster,machine,slide_event,1150000,0.836101275007447,0.7838780307841245,0.8824106144298964,13,True
r2dreamer_cluster,machine,slide_event,1200000,0.8609262444283481,0.8032736254809479,0.9093182590878391,13,True
r2dreamer_cluster,machine,slide_event,1250000,0.8044866064719582,0.7381232102734493,0.8655667035396557,13,True
r2dreamer_cluster,machine,slide_event,1300000,0.8379127262735645,0.7854242199795176,0.8869078347386599,13,True
r2dreamer_cluster,machine,slide_event,1350000,0.8685916028684897,0.8126999633804193,0.910005291645759,13,True
r2dreamer_cluster,machine,slide_event,1400000,0.8650056442509275,0.7693759071117563,0.9333333333333333,13,True
r2dreamer_cluster,machine,slide_event,1450000,0.8746167214780355,0.8084655490494908,0.9282051282051283,13,True
r2dreamer_cluster,machine,slide_event,1500000,0.8723741021846507,0.8134415631378153,0.9278756613756615,13,True
r2dreamer_cluster,machine,slide_event,1550000,0.8737663510243221,0.8251845139445853,0.9195174395584296,13,True
r2dreamer_cluster,machine,slide_event,1600000,0.8685098770334646,0.8227141905868149,0.9146709953727975,13,True
r2dreamer_cluster,machine,slide_event,1650000,0.895427765330678,0.8652006057588584,0.9256410256410258,13,True
r2dreamer_cluster,machine,slide_event,1700000,0.8973368695956415,0.8434575320512822,0.9429284750337381,13,True
r2dreamer_cluster,machine,slide_event,1750000,0.8794871794871797,0.7897435897435899,0.9410256410256411,13,True
r2dreamer_cluster,machine,slide_event,1800000,0.8981213753077757,0.8682335815226676,0.9273047651973028,13,True
r2dreamer_cluster,machine,slide_event,1850000,0.8717948717948718,0.825576923076923,0.9153846153846155,13,True
r2dreamer_cluster,machine,slide_event,1900000,0.8483197011027688,0.7675325420203896,0.9104033041433275,13,True
r2dreamer_cluster,machine,slide_event,1950000,0.9011022949361609,0.8742097918056385,0.9306237112195579,13,True
r2dreamer_cluster,planner72,slide_event,50000,0.0,0.0,0.0,8,True
r2dreamer_cluster,planner72,slide_event,100000,0.0,0.0,0.0,8,True
r2dreamer_cluster,planner72,slide_event,150000,0.0,0.0,0.0,8,True
r2dreamer_cluster,planner72,slide_event,200000,0.008333333333333333,0.0,0.025,8,True
r2dreamer_cluster,planner72,slide_event,250000,0.03333333333333333,0.0125,0.05416666666666667,8,True
r2dreamer_cluster,planner72,slide_event,300000,0.016666666666666666,0.0,0.04166666666666667,8,True
r2dreamer_cluster,planner72,slide_event,350000,0.02256259484066768,0.0,0.04512518968133536,8,True
r2dreamer_cluster,planner72,slide_event,400000,0.09650364394868888,0.02389819987585351,0.1738981998758535,8,True
r2dreamer_cluster,planner72,slide_event,450000,0.12436276059549228,0.040988508970926096,0.21400885935769653,8,True
r2dreamer_cluster,planner72,slide_event,500000,0.31443046820405307,0.11666666666666665,0.5099657145352899,8,True
r2dreamer_cluster,planner72,slide_event,550000,0.3952830725615424,0.23279513217622785,0.5538383372989264,8,True
r2dreamer_cluster,planner72,slide_event,600000,0.4990691052887431,0.3110214429343252,0.6663566566534702,8,True
r2dreamer_cluster,planner72,slide_event,650000,0.5787349701547773,0.35863973710256136,0.7667291285801341,8,True
r2dreamer_cluster,planner72,slide_event,700000,0.6317742025531479,0.47169985205178055,0.7791898845381525,8,True
r2dreamer_cluster,planner72,slide_event,750000,0.4588620127967753,0.24267802246209036,0.6716439513770016,8,True
r2dreamer_cluster,planner72,slide_event,800000,0.6387291651360827,0.48878728194300347,0.7692143419327506,8,True
r2dreamer_cluster,planner72,slide_event,850000,0.6205970149253732,0.38716542288557215,0.8201361940298506,8,True
r2dreamer_cluster,planner72,slide_event,900000,0.6787702111694164,0.4909913769484159,0.8454368778360831,8,True
r2dreamer_cluster,planner72,slide_event,950000,0.7360089994804164,0.6527124874410697,0.8159683806813156,8,True
r2dreamer_cluster,planner72,slide_event,1000000,0.7538527182112262,0.6788527182112263,0.8310769646147005,8,True
r2dreamer_cluster,planner72,slide_event,1050000,0.7992647031142915,0.7570277049006574,0.8423761244878912,8,True
r2dreamer_cluster,planner72,slide_event,1100000,0.7674880956119109,0.6361337038071098,0.8715978539010654,8,True
r2dreamer_cluster,planner72,slide_event,1150000,0.7448163401906946,0.6679172472201732,0.8312392426850259,7,True
r2dreamer_cluster,planner72,slide_event,1200000,0.7493490398714279,0.6486862342086223,0.8524307308374472,7,True
r2dreamer_cluster,planner72,slide_event,1250000,0.7671615839755833,0.6742829506393381,0.8611168014237827,7,True
r2dreamer_cluster,planner72,slide_event,1300000,0.8429510561846689,0.7945684523809524,0.8886178861788618,7,True
r2dreamer_cluster,planner72,slide_event,1350000,0.7973580587142826,0.6756658682209006,0.900492957746479,7,True
r2dreamer_cluster,planner72,slide_event,1400000,0.8903056622344909,0.8132825504602069,0.9386521263716722,7,True
r2dreamer_cluster,planner72,slide_event,1450000,0.846676377325884,0.7703656819307659,0.9132165023115945,7,True
r2dreamer_cluster,planner72,slide_event,1500000,0.788615923375153,0.626489291234268,0.9335044197319647,7,True
r2dreamer_cluster,planner72,slide_event,1550000,0.8251631825997156,0.7437116476013124,0.8959836789934246,7,True
r2dreamer_cluster,planner72,slide_event,1600000,0.8556067588325653,0.723963133640553,0.9523809523809523,7,True
r2dreamer_cluster,planner72,slide_event,1650000,0.8048042594482224,0.6919752348544917,0.9149643149643149,7,True
r2dreamer_cluster,planner72,slide_event,1700000,0.8721695102243024,0.7983305322128852,0.942857142857143,7,True
r2dreamer_cluster,planner72,slide_event,1750000,0.9190476190476191,0.8713095238095238,0.9619047619047619,7,True
r2dreamer_cluster,planner72,slide_event,1800000,0.835846673998941,0.7027781172349179,0.9190476190476192,7,True
r2dreamer_cluster,planner72,slide_event,1850000,0.8569393148503801,0.775783391605522,0.9283678862789514,7,True
r2dreamer_cluster,planner72,slide_event,1900000,0.8332726168791743,0.7379738051869199,0.9095238095238095,7,True
r2dreamer_cluster,planner72,slide_event,1950000,0.741148318115414,0.6099609075288618,0.861513949013949,7,True
r2dreamer_cluster,r2teacher,slide_event,50000,0.0,0.0,0.0,4,True
r2dreamer_cluster,r2teacher,slide_event,100000,0.008333333333333333,0.0,0.025,4,True
r2dreamer_cluster,r2teacher,slide_event,150000,0.016666666666666666,0.0,0.05,4,True
r2dreamer_cluster,r2teacher,slide_event,200000,0.0707368018160701,0.0,0.16963636363636364,4,True
r2dreamer_cluster,r2teacher,slide_event,250000,0.15,0.016666666666666666,0.3833333333333333,4,True
r2dreamer_cluster,r2teacher,slide_event,300000,0.3666666666666667,0.15,0.6333333333333333,4,True
r2dreamer_cluster,r2teacher,slide_event,350000,0.6262334736255002,0.4366582861931699,0.7330498866213151,4,True
r2dreamer_cluster,r2teacher,slide_event,400000,0.44468471703746026,0.26358232391206815,0.6074893710599618,4,True
r2dreamer_cluster,r2teacher,slide_event,450000,0.7916666666666667,0.7666666666666667,0.825,4,True
r2dreamer_cluster,r2teacher,slide_event,500000,0.7470214629872974,0.5993977222952256,0.8666666666666667,4,True
r2dreamer_cluster,r2teacher,slide_event,550000,0.8318258509389671,0.7538108861502348,0.9083333333333334,4,True
r2dreamer_cluster,r2teacher,slide_event,600000,0.8833819241982508,0.8500000000000001,0.9167152575315842,4,True
r2dreamer_cluster,r2teacher,slide_event,650000,0.85,0.8166666666666667,0.8833333333333333,4,True
r2dreamer_cluster,r2teacher,slide_event,700000,0.7629357298474945,0.7,0.8258714596949892,4,True
r2dreamer_cluster,r2teacher,slide_event,750000,0.8193916349809887,0.7666666666666667,0.9,3,True
r2dreamer_cluster,r2teacher,slide_event,800000,0.7990972222222222,0.730625,0.9333333333333332,3,True
r2dreamer_cluster,r2teacher,slide_event,850000,0.882040953340047,0.846122860020141,0.9333333333333332,3,True
r2dreamer_cluster,r2teacher,slide_event,900000,0.8732899022801304,0.819869706840391,0.9333333333333332,3,True
r2dreamer_cluster,r2teacher,slide_event,950000,0.8213184476342371,0.730622009569378,0.9666666666666667,3,True
r2dreamer_cluster,r2teacher,slide_event,1000000,0.9665041641275645,0.9661791590493601,0.9666666666666667,3,True
r2dreamer_cluster,r2teacher,slide_event,1050000,0.7225838238269944,0.6682080924855492,0.7666666666666667,3,True
r2dreamer_cluster,r2teacher,slide_event,1100000,0.9029835390946502,0.842283950617284,1.0,3,True
r2dreamer_cluster,r2teacher,slide_event,1150000,0.8666666666666667,0.8666666666666667,0.8666666666666667,2,False
r2dreamer_cluster,r2teacher,slide_event,1200000,0.95,0.9,1.0,2,False
r2dreamer_cluster,r2teacher,slide_event,1250000,0.8833333333333333,0.8333333333333334,0.9333333333333333,2,False
r2dreamer_cluster,r2teacher,slide_event,1300000,0.9833333333333334,0.9666666666666667,1.0,2,False
r2dreamer_cluster,r2teacher,slide_event,1350000,0.9181341719077568,0.8362683438155136,1.0,2,False
r2dreamer_cluster,r2teacher,slide_event,1400000,0.852683615819209,0.8,0.9053672316384181,2,False
r2dreamer_cluster,r2teacher,slide_event,1450000,0.95,0.9333333333333333,0.9666666666666667,2,False
r2dreamer_cluster,r2teacher,slide_event,1500000,0.9666666666666667,0.9666666666666667,0.9666666666666667,2,False
r2dreamer_cluster,r2teacher,slide_event,1550000,0.8833333333333333,0.8666666666666667,0.9,2,False
r2dreamer_cluster,r2teacher,slide_event,1600000,0.8833333333333333,0.8666666666666667,0.9,2,False
r2dreamer_cluster,r2teacher,slide_event,1650000,0.8307598039215687,0.828186274509804,0.8333333333333334,2,False
r2dreamer_cluster,r2teacher,slide_event,1700000,0.9333333333333333,0.9333333333333333,0.9333333333333333,2,False
r2dreamer_cluster,r2teacher,slide_event,1750000,0.8500000000000001,0.8333333333333334,0.8666666666666667,2,False
r2dreamer_cluster,r2teacher,slide_event,1800000,0.95,0.9333333333333333,0.9666666666666667,2,False
r2dreamer_cluster,r2teacher,slide_event,1850000,0.9,0.8333333333333334,0.9666666666666667,2,False
r2dreamer_cluster,r2teacher,slide_event,1900000,0.9,0.9,0.9,2,False
r2dreamer_cluster,r2teacher,slide_event,1950000,0.8126543209876543,0.7253086419753086,0.9,2,False
r2dreamer_cluster,human,home,50000,0.0,0.0,0.0,16,True
r2dreamer_cluster,human,home,100000,0.0,0.0,0.0,16,True
r2dreamer_cluster,human,home,150000,0.00441869167106885,0.0,0.010416666666666668,16,True
r2dreamer_cluster,human,home,200000,0.09817695537355732,0.06838656231647737,0.12838659183319379,16,True
r2dreamer_cluster,human,home,250000,0.32997025495316734,0.2232572484662532,0.45031100905828075,16,True
r2dreamer_cluster,human,home,300000,0.5660317628272298,0.4533635900670467,0.678053309196304,16,True
r2dreamer_cluster,human,home,350000,0.5956806707636448,0.5020356675312251,0.6841933025867089,16,True
r2dreamer_cluster,human,home,400000,0.6897699182073922,0.6123797875727035,0.7566878430419051,16,True
r2dreamer_cluster,human,home,450000,0.7015089821729292,0.6352845715330125,0.7621942585149506,16,True
r2dreamer_cluster,human,home,500000,0.7806860437176022,0.7235766540001303,0.829092320005587,16,True
r2dreamer_cluster,human,home,550000,0.769347141117237,0.6703735676361204,0.8589328386155786,16,True
r2dreamer_cluster,human,home,600000,0.7717181179424861,0.7096740734183191,0.8226083495984068,16,True
r2dreamer_cluster,human,home,650000,0.7835021596674843,0.7209979390091305,0.8459301592954808,16,True
r2dreamer_cluster,human,home,700000,0.8606578690239349,0.811826978895345,0.90506761796911,16,True
r2dreamer_cluster,human,home,750000,0.7907809518748825,0.7114281809898536,0.8645833333333333,16,True
r2dreamer_cluster,human,home,800000,0.8718248775099154,0.823425086585354,0.9169003976316611,16,True
r2dreamer_cluster,human,home,850000,0.8059783193250492,0.7304161431920688,0.8773796374957447,16,True
r2dreamer_cluster,human,home,900000,0.8393097784272262,0.7976867653547526,0.8797571822877472,16,True
r2dreamer_cluster,human,home,950000,0.8183089062328908,0.7416787099009611,0.8809419305389198,16,True
r2dreamer_cluster,human,home,1000000,0.8561658644861159,0.8128205128205128,0.8946274029476542,13,True
r2dreamer_cluster,human,home,1050000,0.8687352467636321,0.806521245898788,0.9217696445859065,13,True
r2dreamer_cluster,human,home,1100000,0.8402327285780525,0.7875121275121276,0.8913484596937835,13,True
r2dreamer_cluster,human,home,1150000,0.8092553375144121,0.7645512310715931,0.8534080262445441,13,True
r2dreamer_cluster,human,home,1200000,0.8604013211485111,0.8239239453233117,0.8944051415708447,13,True
r2dreamer_cluster,human,home,1250000,0.8716989124485378,0.8332373739869993,0.9096030373091843,13,True
r2dreamer_cluster,human,home,1300000,0.8468635531135533,0.8025641025641026,0.8897435897435899,13,True
r2dreamer_cluster,human,home,1350000,0.8905837005855494,0.8478336411984035,0.9298908079759437,13,True
r2dreamer_cluster,human,home,1400000,0.8244316920734426,0.7744161378668445,0.8730774750890137,13,True
r2dreamer_cluster,human,home,1450000,0.8851992713132464,0.8534093323335522,0.9159685020824772,13,True
r2dreamer_cluster,human,home,1500000,0.8339119874306824,0.7902427726681464,0.8793220391421156,13,True
r2dreamer_cluster,human,home,1550000,0.8581146603510756,0.8314667030768816,0.8857761740320345,13,True
r2dreamer_cluster,human,home,1600000,0.9019952180723886,0.8615242394261686,0.935897435897436,13,True
r2dreamer_cluster,human,home,1650000,0.8852338270046748,0.8394513197629627,0.9266403284530172,13,True
r2dreamer_cluster,human,home,1700000,0.9098096623628541,0.8795051372976905,0.935915621022004,13,True
r2dreamer_cluster,human,home,1750000,0.8398278828823329,0.7670742344441179,0.9067158937553673,13,True
r2dreamer_cluster,human,home,1800000,0.8702685287682704,0.7917697217126461,0.9307692307692309,13,True
r2dreamer_cluster,human,home,1850000,0.8679976933763205,0.8095786177597926,0.9179487179487181,13,True
r2dreamer_cluster,human,home,1900000,0.8827692701379186,0.836063926530171,0.927742909454341,13,True
r2dreamer_cluster,human,home,1950000,0.8974358974358976,0.8512820512820514,0.9282051282051283,13,True
r2dreamer_cluster,machine,home,50000,0.0,0.0,0.0,16,True
r2dreamer_cluster,machine,home,100000,0.0,0.0,0.0,16,True
r2dreamer_cluster,machine,home,150000,0.052848403246366804,0.015659705928359142,0.10425346997479275,16,True
r2dreamer_cluster,machine,home,200000,0.11517389571948998,0.07079918032786886,0.16683405196948994,16,True
r2dreamer_cluster,machine,home,250000,0.25459792336650044,0.16796711333642622,0.3592429557573783,16,True
r2dreamer_cluster,machine,home,300000,0.5793820770014202,0.4726783838239648,0.6806651816909474,16,True
r2dreamer_cluster,machine,home,350000,0.6189648128198576,0.5300771324701474,0.7047355571803791,16,True
r2dreamer_cluster,machine,home,400000,0.6788220202034672,0.6228061528677304,0.7354666815200424,16,True
r2dreamer_cluster,machine,home,450000,0.6891027840043928,0.604419843219545,0.7619406067182781,16,True
r2dreamer_cluster,machine,home,500000,0.6725006504250017,0.6054753451020995,0.7342040263765247,16,True
r2dreamer_cluster,machine,home,550000,0.7528616179330173,0.692217260597315,0.8177071850382513,16,True
r2dreamer_cluster,machine,home,600000,0.7608953904003862,0.698119772157947,0.8228356719569032,16,True
r2dreamer_cluster,machine,home,650000,0.6917756210491958,0.6131200835668256,0.7676350476923791,16,True
r2dreamer_cluster,machine,home,700000,0.8140237872967262,0.7814888595339475,0.8441179043034512,16,True
r2dreamer_cluster,machine,home,750000,0.7879948705621951,0.7091721328536638,0.8561456759818732,16,True
r2dreamer_cluster,machine,home,800000,0.8396984633404301,0.7917871299565207,0.8850624886691613,16,True
r2dreamer_cluster,machine,home,850000,0.7789132502709836,0.6989318671354915,0.8516595468470627,16,True
r2dreamer_cluster,machine,home,900000,0.8241347749927312,0.7914002496746653,0.8531684199279487,16,True
r2dreamer_cluster,machine,home,950000,0.8162184083161581,0.7677831551320519,0.8596533273224791,16,True
r2dreamer_cluster,machine,home,1000000,0.8308713693397523,0.7850710930315341,0.8807469311876757,13,True
r2dreamer_cluster,machine,home,1050000,0.8442580325731052,0.7667978990334046,0.899733513778486,13,True
r2dreamer_cluster,machine,home,1100000,0.8691865605658712,0.8307692307692309,0.9075154730327146,13,True
r2dreamer_cluster,machine,home,1150000,0.8321910185971906,0.7704911568553554,0.8806270032051284,13,True
r2dreamer_cluster,machine,home,1200000,0.8275929110950148,0.7579284611672538,0.8858540385106476,13,True
r2dreamer_cluster,machine,home,1250000,0.7881432396938088,0.7164495276065337,0.8504078799953261,13,True
r2dreamer_cluster,machine,home,1300000,0.8225281108889491,0.7694818654181145,0.870541060704906,13,True
r2dreamer_cluster,machine,home,1350000,0.8634633977402846,0.811232147701578,0.9077011102706699,13,True
r2dreamer_cluster,machine,home,1400000,0.8547492339945172,0.7651282051282052,0.9179487179487181,13,True
r2dreamer_cluster,machine,home,1450000,0.8624540150744914,0.8011733006550906,0.9128269564984896,13,True
r2dreamer_cluster,machine,home,1500000,0.859553589364138,0.803167375651308,0.9146801655134987,13,True
r2dreamer_cluster,machine,home,1550000,0.8481253253832963,0.7946819291568812,0.9029806773443017,13,True
r2dreamer_cluster,machine,home,1600000,0.8556893642129518,0.792826653050226,0.9090365160630977,13,True
r2dreamer_cluster,machine,home,1650000,0.8851713550742677,0.8523939921998177,0.9205128205128207,13,True
r2dreamer_cluster,machine,home,1700000,0.8810789729029622,0.8341154481800933,0.9224176348060787,13,True
r2dreamer_cluster,machine,home,1750000,0.8794871794871797,0.7948717948717949,0.9410256410256411,13,True
r2dreamer_cluster,machine,home,1800000,0.864147965429232,0.782078710849592,0.9194619766372422,13,True
r2dreamer_cluster,machine,home,1850000,0.8615384615384616,0.8178846153846153,0.9076923076923078,13,True
r2dreamer_cluster,machine,home,1900000,0.8252427780258457,0.7435883823363594,0.8931946046259348,13,True
r2dreamer_cluster,machine,home,1950000,0.8908458846797506,0.8626397558777751,0.9204063242401901,13,True
r2dreamer_cluster,planner72,home,50000,0.0,0.0,0.0,8,True
r2dreamer_cluster,planner72,home,100000,0.0,0.0,0.0,8,True
r2dreamer_cluster,planner72,home,150000,0.0,0.0,0.0,8,True
r2dreamer_cluster,planner72,home,200000,0.004166666666666667,0.0,0.0125,8,True
r2dreamer_cluster,planner72,home,250000,0.008333333333333333,0.0,0.020833333333333332,8,True
r2dreamer_cluster,planner72,home,300000,0.0125,0.0,0.037500000000000006,8,True
r2dreamer_cluster,planner72,home,350000,0.0125,0.0,0.029166666666666667,8,True
r2dreamer_cluster,planner72,home,400000,0.048898199875853504,0.008333333333333333,0.09782394475481052,8,True
r2dreamer_cluster,planner72,home,450000,0.0839087804959898,0.02207323232323232,0.15948422765864625,8,True
r2dreamer_cluster,planner72,home,500000,0.1978050957481337,0.05613842908146705,0.3622768581629341,8,True
r2dreamer_cluster,planner72,home,550000,0.31711373085416866,0.16001159430085,0.48254920074082064,8,True
r2dreamer_cluster,planner72,home,600000,0.42751135149178066,0.23191391698070238,0.6112646242179979,8,True
r2dreamer_cluster,planner72,home,650000,0.5435678392355572,0.3456785270040452,0.7315954736620186,8,True
r2dreamer_cluster,planner72,home,700000,0.593599409344615,0.39426257133201253,0.7627925363914796,8,True
r2dreamer_cluster,planner72,home,750000,0.4164340749665466,0.21874902083602163,0.624767034116513,8,True
r2dreamer_cluster,planner72,home,800000,0.5596210008095097,0.4386522443028165,0.6901091776523388,8,True
r2dreamer_cluster,planner72,home,850000,0.5705970149253732,0.33333333333333337,0.7909577114427861,8,True
r2dreamer_cluster,planner72,home,900000,0.6579368778360831,0.46541053921568626,0.8208430480144788,8,True
r2dreamer_cluster,planner72,home,950000,0.7068423328137498,0.6157558009251242,0.7808734939759037,8,True
r2dreamer_cluster,planner72,home,1000000,0.7288527182112263,0.6510191815274335,0.8069189398449752,8,True
r2dreamer_cluster,planner72,home,1050000,0.739983198137874,0.6879241394218585,0.7865903985349033,8,True
r2dreamer_cluster,planner72,home,1100000,0.7549880956119109,0.6093692077766015,0.8658469515057191,8,True
r2dreamer_cluster,planner72,home,1150000,0.7257687211430757,0.6480435346829494,0.8169535283993116,7,True
r2dreamer_cluster,planner72,home,1200000,0.7341672682380435,0.6367506603084959,0.8482565570763692,7,True
r2dreamer_cluster,planner72,home,1250000,0.7385901554041547,0.6441121245598115,0.8477314044963843,7,True
r2dreamer_cluster,planner72,home,1300000,0.8186159659144642,0.7709969182954167,0.8666385992214953,7,True
r2dreamer_cluster,planner72,home,1350000,0.7687866301428539,0.6235348355239706,0.8904761904761906,7,True
r2dreamer_cluster,planner72,home,1400000,0.8855437574725862,0.8085206456983022,0.9364856718165765,7,True
r2dreamer_cluster,planner72,home,1450000,0.8276287582782648,0.7482048847946753,0.9022860575007814,7,True
r2dreamer_cluster,planner72,home,1500000,0.7600444948037245,0.607441672186649,0.886398631308811,7,True
r2dreamer_cluster,planner72,home,1550000,0.8108774683140012,0.7397670373551852,0.8719447956173622,7,True
r2dreamer_cluster,planner72,home,1600000,0.8413210445468511,0.7144393241167435,0.9285714285714287,7,True
r2dreamer_cluster,planner72,home,1650000,0.7762328308767936,0.6608347549330521,0.8917296075074703,7,True
r2dreamer_cluster,planner72,home,1700000,0.8171285876052549,0.7255064749303977,0.9095238095238096,7,True
r2dreamer_cluster,planner72,home,1750000,0.9000000000000001,0.8571428571428573,0.9380952380952382,7,True
r2dreamer_cluster,planner72,home,1800000,0.8275204479861478,0.6908875699712363,0.9190476190476191,7,True
r2dreamer_cluster,planner72,home,1850000,0.8391234601848144,0.746552436003303,0.9143165083952656,7,True
r2dreamer_cluster,planner72,home,1900000,0.8285107121172696,0.7238095238095238,0.9094630930696506,7,True
r2dreamer_cluster,planner72,home,1950000,0.7268626038296998,0.5956751932431474,0.8428571428571429,7,True
r2dreamer_cluster,r2teacher,home,50000,0.0,0.0,0.0,4,True
r2dreamer_cluster,r2teacher,home,100000,0.008333333333333333,0.0,0.025,4,True
r2dreamer_cluster,r2teacher,home,150000,0.0,0.0,0.0,4,True
r2dreamer_cluster,r2teacher,home,200000,0.03154545454545454,0.0,0.09463636363636363,4,True
r2dreamer_cluster,r2teacher,home,250000,0.11666666666666667,0.0,0.325,4,True
r2dreamer_cluster,r2teacher,home,300000,0.26072712969206563,0.0547875927174646,0.5666666666666667,4,True
r2dreamer_cluster,r2teacher,home,350000,0.5595668069588335,0.30332495285983657,0.6997165532879818,4,True
r2dreamer_cluster,r2teacher,home,400000,0.3696847170374603,0.18024899057873486,0.5658227043932952,4,True
r2dreamer_cluster,r2teacher,home,450000,0.7384896872920825,0.7083333333333333,0.7801563539587493,4,True
r2dreamer_cluster,r2teacher,home,500000,0.6636881296539642,0.49404292597459487,0.8333333333333334,4,True
r2dreamer_cluster,r2teacher,home,550000,0.8151591842723005,0.7538108861502348,0.875,4,True
r2dreamer_cluster,r2teacher,home,600000,0.8417152575315842,0.7667638483965014,0.9166666666666667,4,True
r2dreamer_cluster,r2teacher,home,650000,0.8334948320413437,0.783656330749354,0.8833333333333333,4,True
r2dreamer_cluster,r2teacher,home,700000,0.7629357298474945,0.7,0.8258714596949892,4,True
r2dreamer_cluster,r2teacher,home,750000,0.7462740118633654,0.7139804639804638,0.7915082382762991,3,True
r2dreamer_cluster,r2teacher,home,800000,0.7990972222222222,0.730625,0.9333333333333332,3,True
r2dreamer_cluster,r2teacher,home,850000,0.882040953340047,0.846122860020141,0.9333333333333332,3,True
r2dreamer_cluster,r2teacher,home,900000,0.8510676800579081,0.7865363735070576,0.9,3,True
r2dreamer_cluster,r2teacher,home,950000,0.7768740031897927,0.6972886762360447,0.9333333333333332,3,True
r2dreamer_cluster,r2teacher,home,1000000,0.9553930530164534,0.9333333333333332,0.9666666666666667,3,True
r2dreamer_cluster,r2teacher,home,1050000,0.7114727127158832,0.6348747591522158,0.7666666666666667,3,True
r2dreamer_cluster,r2teacher,home,1100000,0.9029835390946502,0.842283950617284,1.0,3,True
r2dreamer_cluster,r2teacher,home,1150000,0.8666666666666667,0.8666666666666667,0.8666666666666667,2,False
r2dreamer_cluster,r2teacher,home,1200000,0.95,0.9,1.0,2,False
r2dreamer_cluster,r2teacher,home,1250000,0.8833333333333333,0.8333333333333334,0.9333333333333333,2,False
r2dreamer_cluster,r2teacher,home,1300000,0.9833333333333334,0.9666666666666667,1.0,2,False
r2dreamer_cluster,r2teacher,home,1350000,0.8848008385744235,0.769601677148847,1.0,2,False
r2dreamer_cluster,r2teacher,home,1400000,0.852683615819209,0.8,0.9053672316384181,2,False
r2dreamer_cluster,r2teacher,home,1450000,0.95,0.9333333333333333,0.9666666666666667,2,False
r2dreamer_cluster,r2teacher,home,1500000,0.9666666666666667,0.9666666666666667,0.9666666666666667,2,False
r2dreamer_cluster,r2teacher,home,1550000,0.8333333333333334,0.8333333333333334,0.8333333333333334,2,False
r2dreamer_cluster,r2teacher,home,1600000,0.8833333333333333,0.8666666666666667,0.9,2,False
r2dreamer_cluster,r2teacher,home,1650000,0.8307598039215687,0.828186274509804,0.8333333333333334,2,False
r2dreamer_cluster,r2teacher,home,1700000,0.9333333333333333,0.9333333333333333,0.9333333333333333,2,False
r2dreamer_cluster,r2teacher,home,1750000,0.8333333333333334,0.8333333333333334,0.8333333333333334,2,False
r2dreamer_cluster,r2teacher,home,1800000,0.9166666666666667,0.9,0.9333333333333333,2,False
r2dreamer_cluster,r2teacher,home,1850000,0.9,0.8333333333333334,0.9666666666666667,2,False
r2dreamer_cluster,r2teacher,home,1900000,0.9,0.9,0.9,2,False
r2dreamer_cluster,r2teacher,home,1950000,0.7959876543209876,0.7253086419753086,0.8666666666666667,2,False
r2dreamer_cluster,human,tipped,50000,0.22839140644123646,0.1820216380187203,0.27194968855217017,16,True
r2dreamer_cluster,human,tipped,100000,0.21488176165694067,0.10416666666666667,0.3506020723840405,16,True
r2dreamer_cluster,human,tipped,150000,0.4650425163393938,0.3775378206596349,0.5423327345455682,16,True
r2dreamer_cluster,human,tipped,200000,0.5335840992152593,0.46421328832457825,0.5993944999988313,16,True
r2dreamer_cluster,human,tipped,250000,0.4394525952384132,0.3722897121253402,0.5111312836090144,16,True
r2dreamer_cluster,human,tipped,300000,0.2362837040918716,0.18435037463450293,0.28959530461871597,16,True
r2dreamer_cluster,human,tipped,350000,0.20355284612317956,0.14466354631164532,0.2644887877989774,16,True
r2dreamer_cluster,human,tipped,400000,0.18739423032704988,0.12906089699371653,0.2594645312323629,16,True
r2dreamer_cluster,human,tipped,450000,0.14122973705736552,0.10552414261352872,0.18054287258101454,16,True
r2dreamer_cluster,human,tipped,500000,0.12173127995854385,0.08817204301075268,0.15923692754890528,16,True
r2dreamer_cluster,human,tipped,550000,0.06813989699365193,0.037500000000000006,0.1044196909809558,16,True
r2dreamer_cluster,human,tipped,600000,0.12291666666666667,0.08333333333333333,0.16875,16,True
r2dreamer_cluster,human,tipped,650000,0.10269902220673865,0.07513001355486447,0.13211092561951857,16,True
r2dreamer_cluster,human,tipped,700000,0.07565458819714656,0.05065458819714656,0.10416666666666667,16,True
r2dreamer_cluster,human,tipped,750000,0.12380238145845072,0.07291666666666667,0.1878827197928715,16,True
r2dreamer_cluster,human,tipped,800000,0.0736968447157174,0.04401871889055043,0.1098026821812863,16,True
r2dreamer_cluster,human,tipped,850000,0.09844637736692957,0.06066908992999462,0.1382456560667117,16,True
r2dreamer_cluster,human,tipped,900000,0.07939544865565275,0.06086851109491416,0.09791666666666668,16,True
r2dreamer_cluster,human,tipped,950000,0.10324132471399143,0.07472146734849387,0.13187872541535786,16,True
r2dreamer_cluster,human,tipped,1000000,0.06923076923076922,0.04358974358974359,0.09493589743589712,13,True
r2dreamer_cluster,human,tipped,1050000,0.07442469191015702,0.042678878453587754,0.11302465339892667,13,True
r2dreamer_cluster,human,tipped,1100000,0.08444906444906444,0.04871794871794872,0.12291060291060292,13,True
r2dreamer_cluster,human,tipped,1150000,0.09371346602115833,0.06923076923076923,0.1185458131611978,13,True
r2dreamer_cluster,human,tipped,1200000,0.07816401400126452,0.0569499567580959,0.10021886443959642,13,True
r2dreamer_cluster,human,tipped,1250000,0.0928651059085842,0.059191750278706795,0.130783166109253,13,True
r2dreamer_cluster,human,tipped,1300000,0.08205128205128205,0.05897435897435897,0.1076923076923077,13,True
r2dreamer_cluster,human,tipped,1350000,0.07095476095291217,0.041025641025641026,0.10936510269104094,13,True
r2dreamer_cluster,human,tipped,1400000,0.11152437306283461,0.07686320090166243,0.14615384615384616,13,True
r2dreamer_cluster,human,tipped,1450000,0.04909983633387889,0.023458810692853247,0.07949672667757769,13,True
r2dreamer_cluster,human,tipped,1500000,0.10213824616467791,0.06464754757437685,0.137066857994779,13,True
r2dreamer_cluster,human,tipped,1550000,0.08205128205128205,0.05897435897435898,0.10512820512820514,13,True
r2dreamer_cluster,human,tipped,1600000,0.05384615384615384,0.035897435897435895,0.07179487179487179,13,True
r2dreamer_cluster,human,tipped,1650000,0.05066360889276107,0.022458480687632874,0.08105197923929043,13,True
r2dreamer_cluster,human,tipped,1700000,0.04871794871794872,0.030769230769230767,0.06923076923076922,13,True
r2dreamer_cluster,human,tipped,1750000,0.07980493191019507,0.04757882468408784,0.1140013495276653,13,True
r2dreamer_cluster,human,tipped,1800000,0.07820852540583483,0.041025641025641026,0.12235616121546604,13,True
r2dreamer_cluster,human,tipped,1850000,0.04853285426533834,0.03571234144482552,0.0613579944471664,13,True
r2dreamer_cluster,human,tipped,1900000,0.057058630854896826,0.03398170777797374,0.08555603147807536,13,True
r2dreamer_cluster,human,tipped,1950000,0.06153846153846154,0.041025641025641026,0.08974358974358977,13,True
r2dreamer_cluster,machine,tipped,50000,0.12512864718214078,0.09166666666666667,0.1582926166755817,16,True
r2dreamer_cluster,machine,tipped,100000,0.09138499740417433,0.05265427366807206,0.14166666666666666,16,True
r2dreamer_cluster,machine,tipped,150000,0.4475309869866629,0.3598683905902945,0.5257964321291024,16,True
r2dreamer_cluster,machine,tipped,200000,0.42336094910290983,0.3318922582995487,0.5081329064256962,16,True
r2dreamer_cluster,machine,tipped,250000,0.43493496806520376,0.3536604548224911,0.5219402414542696,16,True
r2dreamer_cluster,machine,tipped,300000,0.2205433527347232,0.13709110572016264,0.3029948580576316,16,True
r2dreamer_cluster,machine,tipped,350000,0.17729691144193918,0.13013036171919795,0.2252445612808053,16,True
r2dreamer_cluster,machine,tipped,400000,0.15621819482020416,0.1134291984734782,0.20113536924291367,16,True
r2dreamer_cluster,machine,tipped,450000,0.1244324857900885,0.08550316072608688,0.16353272733598223,16,True
r2dreamer_cluster,machine,tipped,500000,0.1559517305273792,0.12422817806571936,0.1858557919903924,16,True
r2dreamer_cluster,machine,tipped,550000,0.09885000208406855,0.062351201574029264,0.136985099202131,16,True
r2dreamer_cluster,machine,tipped,600000,0.11968944895704348,0.08790112920168068,0.1502703001582473,16,True
r2dreamer_cluster,machine,tipped,650000,0.16772520451240538,0.11763327812867184,0.23639178194030255,16,True
r2dreamer_cluster,machine,tipped,700000,0.09753871270327388,0.06729534932659934,0.1302717205577495,16,True
r2dreamer_cluster,machine,tipped,750000,0.09791666666666667,0.06666666666666667,0.13541666666666666,16,True
r2dreamer_cluster,machine,tipped,800000,0.07271863117870722,0.04583333333333334,0.10357256020278834,16,True
r2dreamer_cluster,machine,tipped,850000,0.08215729074003363,0.05625,0.1077276246860546,16,True
r2dreamer_cluster,machine,tipped,900000,0.11107120051085569,0.08333333333333334,0.1367257343550447,16,True
r2dreamer_cluster,machine,tipped,950000,0.10070574898721274,0.07187513672187919,0.12987840363203737,16,True
r2dreamer_cluster,machine,tipped,1000000,0.10493726132024003,0.07179487179487179,0.13846153846153847,13,True
r2dreamer_cluster,machine,tipped,1050000,0.08025912950061807,0.042311073150767806,0.11931772599078247,13,True
r2dreamer_cluster,machine,tipped,1100000,0.0795313881520778,0.05645446507515473,0.10517241379310345,13,True
r2dreamer_cluster,machine,tipped,1150000,0.09074297599563559,0.06296474358974359,0.11894810420076378,13,True
r2dreamer_cluster,machine,tipped,1200000,0.09973309623099268,0.05731787072928596,0.1450002027664691,13,True
r2dreamer_cluster,machine,tipped,1250000,0.11442086287029371,0.0821133387888707,0.15800275127688132,13,True
r2dreamer_cluster,machine,tipped,1300000,0.10745142123012687,0.07179487179487179,0.14334885712756276,13,True
r2dreamer_cluster,machine,tipped,1350000,0.06471826850589778,0.04373263475430658,0.0836126129321571,13,True
r2dreamer_cluster,machine,tipped,1400000,0.06923076923076922,0.03333333333333333,0.10512820512820513,13,True
r2dreamer_cluster,machine,tipped,1450000,0.04806014230098,0.02498321922405692,0.07435897435897436,13,True
r2dreamer_cluster,machine,tipped,1500000,0.0794681861348528,0.03846153846153846,0.12814814814814815,13,True
r2dreamer_cluster,machine,tipped,1550000,0.09230769230769234,0.056410256410256404,0.12564102564102567,13,True
r2dreamer_cluster,machine,tipped,1600000,0.07948717948717948,0.04358974358974359,0.12820512820512822,13,True
r2dreamer_cluster,machine,tipped,1650000,0.06611069620778359,0.041025641025641026,0.08974358974358974,13,True
r2dreamer_cluster,machine,tipped,1700000,0.06670040485829959,0.04806089743589744,0.08464912280701756,13,True
r2dreamer_cluster,machine,tipped,1750000,0.041025641025641026,0.020512820512820513,0.06153846153846154,13,True
r2dreamer_cluster,machine,tipped,1800000,0.08919851714801973,0.03455025908263377,0.1634003149148258,13,True
r2dreamer_cluster,machine,tipped,1850000,0.06923076923076923,0.04871794871794872,0.0923076923076923,13,True
r2dreamer_cluster,machine,tipped,1900000,0.06733010579164425,0.04880760265375649,0.0878595122825891,13,True
r2dreamer_cluster,machine,tipped,1950000,0.06164495781109199,0.035897435897435895,0.08995658228885065,13,True
r2dreamer_cluster,planner72,tipped,50000,0.1479530840130974,0.09925113458565382,0.20048541849894702,8,True
r2dreamer_cluster,planner72,tipped,100000,0.17033836040216552,0.13333333333333333,0.20833333333333334,8,True
r2dreamer_cluster,planner72,tipped,150000,0.14784422002339254,0.0625,0.23625598218888,8,True
r2dreamer_cluster,planner72,tipped,200000,0.27580655953354105,0.18218799610795308,0.38403743862520456,8,True
r2dreamer_cluster,planner72,tipped,250000,0.32813221557358135,0.24583333333333332,0.4021149031312866,8,True
r2dreamer_cluster,planner72,tipped,300000,0.3449434472793067,0.23551241930065847,0.46021998806790393,8,True
r2dreamer_cluster,planner72,tipped,350000,0.35367419531556604,0.20829029891306514,0.5177713178294574,8,True
r2dreamer_cluster,planner72,tipped,400000,0.449709399110627,0.3709470837586907,0.5288949406016088,8,True
r2dreamer_cluster,planner72,tipped,450000,0.3881644518272425,0.3041666666666667,0.5006644518272425,8,True
r2dreamer_cluster,planner72,tipped,500000,0.4294594031743507,0.3037786749154226,0.5632758282948587,8,True
r2dreamer_cluster,planner72,tipped,550000,0.3143105088132148,0.24821938162678622,0.37090199238106814,8,True
r2dreamer_cluster,planner72,tipped,600000,0.30258813647476834,0.20998666397071022,0.39823852330413895,8,True
r2dreamer_cluster,planner72,tipped,650000,0.22315976588327277,0.11395448041767509,0.3321119775783786,8,True
r2dreamer_cluster,planner72,tipped,700000,0.17009211847389555,0.10833333333333334,0.2316634036144578,8,True
r2dreamer_cluster,planner72,tipped,750000,0.23244779458412634,0.1457146144278607,0.3556841797722795,8,True
r2dreamer_cluster,planner72,tipped,800000,0.23137863707129674,0.12656048906048906,0.3724563412196389,8,True
r2dreamer_cluster,planner72,tipped,850000,0.1955145502993083,0.08136135727611941,0.34661854984071083,8,True
r2dreamer_cluster,planner72,tipped,900000,0.15878897087748306,0.06712230421081639,0.3038998213040445,8,True
r2dreamer_cluster,planner72,tipped,950000,0.15124232047236566,0.09412650602409639,0.21498495096457257,8,True
r2dreamer_cluster,planner72,tipped,1000000,0.17229158647081427,0.13077928406875775,0.2164245831038109,8,True
r2dreamer_cluster,planner72,tipped,1050000,0.15637695511883098,0.11260132721984123,0.1962543222783166,8,True
r2dreamer_cluster,planner72,tipped,1100000,0.1291299848263713,0.07561513463324049,0.2110990056009824,8,True
r2dreamer_cluster,planner72,tipped,1150000,0.10292659148080834,0.055307543861760726,0.15321345321345323,7,True
r2dreamer_cluster,planner72,tipped,1200000,0.08727314872476163,0.0484964019318858,0.1257979407979408,7,True
r2dreamer_cluster,planner72,tipped,1250000,0.1097909147715991,0.06122389537124636,0.16175102491327656,7,True
r2dreamer_cluster,planner72,tipped,1300000,0.09421502976190475,0.047619047619047616,0.13978794642857142,7,True
r2dreamer_cluster,planner72,tipped,1350000,0.0983468899318427,0.04621059691482226,0.15835388240451528,7,True
r2dreamer_cluster,planner72,tipped,1400000,0.05609290486796054,0.03228338105843674,0.07990242867748434,7,True
r2dreamer_cluster,planner72,tipped,1450000,0.09155343633871241,0.03914555281119698,0.1473085554527272,7,True
r2dreamer_cluster,planner72,tipped,1500000,0.08095238095238096,0.03809523809523809,0.12857142857142856,7,True
r2dreamer_cluster,planner72,tipped,1550000,0.09948377581120942,0.05714285714285715,0.15186472819216182,7,True
r2dreamer_cluster,planner72,tipped,1600000,0.07442987120406475,0.045787545787545784,0.10607349639607702,7,True
r2dreamer_cluster,planner72,tipped,1650000,0.09626338573706995,0.033214285714285724,0.16395534290271133,7,True
r2dreamer_cluster,planner72,tipped,1700000,0.11620474572807847,0.055679910261977134,0.1950873626046163,7,True
r2dreamer_cluster,planner72,tipped,1750000,0.05714285714285715,0.02380952380952381,0.08571428571428572,7,True
r2dreamer_cluster,planner72,tipped,1800000,0.08676526629956657,0.046421464108031274,0.1388814421112086,7,True
r2dreamer_cluster,planner72,tipped,1850000,0.08924442609413707,0.04761904761904762,0.1343999449490779,7,True
r2dreamer_cluster,planner72,tipped,1900000,0.13333333333333333,0.052380952380952375,0.24285714285714288,7,True
r2dreamer_cluster,planner72,tipped,1950000,0.15845084815041896,0.08571428571428572,0.24071122011036175,7,True
r2dreamer_cluster,r2teacher,tipped,50000,0.4429452400678581,0.40311737089201877,0.5015586854460095,4,True
r2dreamer_cluster,r2teacher,tipped,100000,0.42444971066409476,0.36066492146596857,0.49868421052631584,4,True
r2dreamer_cluster,r2teacher,tipped,150000,0.5540071465317746,0.4477045908183633,0.6740143369175627,4,True
r2dreamer_cluster,r2teacher,tipped,200000,0.3684545454545454,0.3369090909090909,0.4101212121212121,4,True
r2dreamer_cluster,r2teacher,tipped,250000,0.6094158496732026,0.39166666666666666,0.8010825163398693,4,True
r2dreamer_cluster,r2teacher,tipped,300000,0.49660302717578264,0.31666666666666665,0.6765393876848985,4,True
r2dreamer_cluster,r2teacher,tipped,350000,0.2973167044595616,0.1446334089191232,0.4723167044595616,4,True
r2dreamer_cluster,r2teacher,tipped,400000,0.4257582402601815,0.3027781476411887,0.5465931146844231,4,True
r2dreamer_cluster,r2teacher,tipped,450000,0.16067742476920377,0.13166755745590591,0.19286427145708585,4,True
r2dreamer_cluster,r2teacher,tipped,500000,0.19166666666666665,0.11666666666666665,0.26666666666666666,4,True
r2dreamer_cluster,r2teacher,tipped,550000,0.125,0.1,0.15,4,True
r2dreamer_cluster,r2teacher,tipped,600000,0.08328474246841594,0.016666666666666666,0.16652089407191448,4,True
r2dreamer_cluster,r2teacher,tipped,650000,0.11650516795865634,0.05833333333333333,0.174515503875969,4,True
r2dreamer_cluster,r2teacher,tipped,700000,0.13333333333333333,0.05833333333333333,0.22499999999999998,4,True
r2dreamer_cluster,r2teacher,tipped,750000,0.06666666666666667,0.03333333333333333,0.10000000000000002,3,True
r2dreamer_cluster,r2teacher,tipped,800000,0.09999999999999999,0.03333333333333333,0.20000000000000004,3,True
r2dreamer_cluster,r2teacher,tipped,850000,0.05555555555555555,0.03333333333333333,0.06666666666666667,3,True
r2dreamer_cluster,r2teacher,tipped,900000,0.1378212088309808,0.10000000000000002,0.18013029315960913,3,True
r2dreamer_cluster,r2teacher,tipped,950000,0.14444444444444446,0.03333333333333333,0.2333333333333333,3,True
r2dreamer_cluster,r2teacher,tipped,1000000,0.022384724761324398,0.0,0.033820840950639856,3,True
r2dreamer_cluster,r2teacher,tipped,1050000,0.12186062061745014,0.0,0.2651252408477842,3,True
r2dreamer_cluster,r2teacher,tipped,1100000,0.07479423868312757,0.0,0.15771604938271605,3,True
r2dreamer_cluster,r2teacher,tipped,1150000,0.09652351738241309,0.09304703476482618,0.1,2,False
r2dreamer_cluster,r2teacher,tipped,1200000,0.016666666666666666,0.0,0.03333333333333333,2,False
r2dreamer_cluster,r2teacher,tipped,1250000,0.06666666666666667,0.03333333333333333,0.1,2,False
r2dreamer_cluster,r2teacher,tipped,1300000,0.016666666666666666,0.0,0.03333333333333333,2,False
r2dreamer_cluster,r2teacher,tipped,1350000,0.09853249475890985,0.0,0.1970649895178197,2,False
r2dreamer_cluster,r2teacher,tipped,1400000,0.0806497175141243,0.027966101694915254,0.13333333333333333,2,False
r2dreamer_cluster,r2teacher,tipped,1450000,0.03333333333333333,0.03333333333333333,0.03333333333333333,2,False
r2dreamer_cluster,r2teacher,tipped,1500000,0.016666666666666666,0.0,0.03333333333333333,2,False
r2dreamer_cluster,r2teacher,tipped,1550000,0.13333333333333333,0.1,0.16666666666666666,2,False
r2dreamer_cluster,r2teacher,tipped,1600000,0.05,0.03333333333333333,0.06666666666666667,2,False
r2dreamer_cluster,r2teacher,tipped,1650000,0.1,0.1,0.1,2,False
r2dreamer_cluster,r2teacher,tipped,1700000,0.05,0.03333333333333333,0.06666666666666667,2,False
r2dreamer_cluster,r2teacher,tipped,1750000,0.06666666666666667,0.06666666666666667,0.06666666666666667,2,False
r2dreamer_cluster,r2teacher,tipped,1800000,0.05,0.03333333333333333,0.06666666666666667,2,False
r2dreamer_cluster,r2teacher,tipped,1850000,0.08333333333333333,0.03333333333333333,0.13333333333333333,2,False
r2dreamer_cluster,r2teacher,tipped,1900000,0.03333333333333333,0.03333333333333333,0.03333333333333333,2,False
r2dreamer_cluster,r2teacher,tipped,1950000,0.13734567901234568,0.1,0.17469135802469135,2,False
rlpd_cluster,human,picked,50000,0.41979909764489265,0.3145098714835053,0.5310453854260763,9,True
rlpd_cluster,human,picked,100000,0.9099168265210762,0.8691676712901482,0.947336579607496,9,True
rlpd_cluster,human,picked,150000,0.9229012345679012,0.8821604938271606,0.9629629629629629,9,True
rlpd_cluster,human,picked,200000,0.9357037037037037,0.9121481481481482,0.9592592592592593,9,True
rlpd_cluster,human,picked,250000,0.8882775093934515,0.806567901234568,0.9547217525496511,9,True
rlpd_cluster,human,picked,300000,0.7713811347736783,0.6575305200730185,0.8700935811256096,9,True
rlpd_cluster,human,picked,350000,0.7471844589687726,0.6178102759622368,0.8666666666666667,9,True
rlpd_cluster,human,picked,400000,0.6819753086419753,0.556341975308642,0.8046987654320986,9,True
rlpd_cluster,human,picked,450000,0.5915382048715382,0.3992287037037037,0.7494501084417748,9,True
rlpd_cluster,human,picked,500000,0.46979012345679005,0.29242191358024694,0.6579024691358025,9,True
rlpd_cluster,human,picked,550000,0.6444805480548055,0.5196317178940115,0.7639507295173961,9,True
rlpd_cluster,human,picked,600000,0.636074074074074,0.49812283950617275,0.7869540123456791,9,True
rlpd_cluster,human,picked,650000,0.6234444444444445,0.4396398148148148,0.7925435185185183,9,True
rlpd_cluster,human,picked,700000,0.5738388564002599,0.4708382066276802,0.6852074074074073,9,True
rlpd_cluster,human,picked,750000,0.5682072839083231,0.48310444744733316,0.6592104938271605,9,True
rlpd_cluster,human,picked,800000,0.520359274886701,0.2944003242694171,0.7367429637443351,9,True
rlpd_cluster,human,picked,850000,0.3937952898550725,0.24624838969404184,0.5320583467525495,9,True
rlpd_cluster,human,picked,900000,0.48148148148148145,0.30370370370370364,0.6518518518518518,9,True
rlpd_cluster,human,picked,950000,0.4493592861831856,0.2764746214768227,0.6239799256415608,9,True
rlpd_cluster,machine,picked,50000,0.24495918298606947,0.13620892018779343,0.3753493780934317,8,True
rlpd_cluster,machine,picked,100000,0.8628333333333333,0.767325,0.925,8,True
rlpd_cluster,machine,picked,150000,0.9125,0.85,0.9624999999999999,8,True
rlpd_cluster,machine,picked,200000,0.9151388888888888,0.8469166666666667,0.9666666666666667,8,True
rlpd_cluster,machine,picked,250000,0.9125,0.8625,0.9625,8,True
rlpd_cluster,machine,picked,300000,0.9541666666666666,0.9291666666666667,0.9791666666666667,8,True
rlpd_cluster,machine,picked,350000,0.8788472222222222,0.8005833333333334,0.9309166666666667,8,True
rlpd_cluster,machine,picked,400000,0.8582083333333334,0.7705833333333333,0.9333333333333333,8,True
rlpd_cluster,machine,picked,450000,0.9228888888888889,0.8875,0.9521607638888887,8,True
rlpd_cluster,machine,picked,500000,0.8645833333333334,0.7520833333333333,0.9625,8,True
rlpd_cluster,machine,picked,550000,0.9375,0.9041666666666668,0.9666666666666667,8,True
rlpd_cluster,machine,picked,600000,0.8393487654320988,0.7720124228395061,0.9028532021604938,8,True
rlpd_cluster,machine,picked,650000,0.8617370550161813,0.7737111650485438,0.9375,8,True
rlpd_cluster,machine,picked,700000,0.840235422405877,0.692125,0.9400826446280992,8,True
rlpd_cluster,machine,picked,750000,0.8750833333333334,0.8250812500000001,0.925,8,True
rlpd_cluster,machine,picked,800000,0.7445906432748538,0.6029038742690058,0.875,8,True
rlpd_cluster,machine,picked,850000,0.8630833333333334,0.8031083333333333,0.921,8,True
rlpd_cluster,machine,picked,900000,0.7856576797385622,0.673500816993464,0.8878072916666662,8,True
rlpd_cluster,machine,picked,950000,0.7157638888888889,0.5255416666666667,0.8791666666666667,8,True
rlpd_cluster,planner72,picked,50000,0.13561766247379453,0.07570372772536688,0.20401388888888888,8,True
rlpd_cluster,planner72,picked,100000,0.2192222222222222,0.06342083333333333,0.45517499999999966,8,True
rlpd_cluster,planner72,picked,150000,0.2572361111111111,0.11733333333333333,0.45915312499999983,8,True
rlpd_cluster,planner72,picked,200000,0.11855600539811066,0.049999999999999996,0.19127867746288799,8,True
rlpd_cluster,planner72,picked,250000,0.14915277777777777,0.025,0.33826388888888886,8,True
rlpd_cluster,planner72,picked,300000,0.1885,0.008333333333333333,0.42188333333333305,8,True
rlpd_cluster,planner72,picked,350000,0.10905555555555556,0.0,0.31883333333333336,8,True
rlpd_cluster,planner72,picked,400000,0.12916666666666668,0.0,0.37083333333333335,8,True
rlpd_cluster,planner72,picked,450000,0.12083333333333333,0.0,0.3458333333333333,8,True
rlpd_cluster,planner72,picked,500000,0.07905604719764012,0.008333333333333333,0.17466814159292038,8,True
rlpd_cluster,planner72,picked,550000,0.0,0.0,0.0,8,True
rlpd_cluster,planner72,picked,600000,0.07132429614181439,0.0,0.1854014598540146,7,True
rlpd_cluster,planner72,picked,650000,0.014285714285714287,0.0,0.03333333333333333,7,True
rlpd_cluster,planner72,picked,700000,0.028571428571428574,0.0,0.08571428571428573,7,True
rlpd_cluster,planner72,picked,750000,0.0363015873015873,0.0,0.10890476190476191,7,True
rlpd_cluster,planner72,picked,800000,0.03333333333333333,0.0,0.06666666666666667,2,False
rlpd_cluster,planner72,picked,850000,0.06666666666666667,0.0,0.13333333333333333,2,False
rlpd_cluster,planner72,picked,900000,0.1736111111111111,0.0,0.3472222222222222,2,False
rlpd_cluster,planner72,picked,950000,0.31666666666666665,0.0,0.6333333333333333,2,False
rlpd_cluster,r2teacher,picked,50000,0.9063008130081301,0.8666666666666667,0.9459349593495936,4,True
rlpd_cluster,r2teacher,picked,100000,0.8666666666666667,0.6333333333333333,1.0,3,True
rlpd_cluster,r2teacher,picked,150000,0.8097407407407408,0.7625555555555555,0.8666666666666667,3,True
rlpd_cluster,r2teacher,picked,200000,0.8719629629629629,0.7333333333333333,1.0,3,True
rlpd_cluster,r2teacher,picked,250000,0.8101111111111112,0.786888888888889,0.8333333333333334,2,False
rlpd_cluster,r2teacher,picked,300000,0.6034444444444444,nan,nan,1,False
rlpd_cluster,r2teacher,picked,350000,0.6,nan,nan,1,False
rlpd_cluster,r2teacher,picked,400000,0.43333333333333335,nan,nan,1,False
rlpd_cluster,r2teacher,picked,450000,0.4666666666666667,nan,nan,1,False
rlpd_cluster,r2teacher,picked,500000,0.5666666666666667,nan,nan,1,False
rlpd_cluster,r2teacher,picked,550000,0.4666666666666667,nan,nan,1,False
rlpd_cluster,r2teacher,picked,600000,0.5,nan,nan,1,False
rlpd_cluster,r2teacher,picked,650000,0.2,nan,nan,1,False
rlpd_cluster,r2teacher,picked,700000,0.3419047619047619,nan,nan,1,False
rlpd_cluster,r2teacher,picked,750000,0.46355555555555555,nan,nan,1,False
rlpd_cluster,r2teacher,picked,800000,0.4666666666666667,nan,nan,1,False
rlpd_cluster,r2teacher,picked,850000,0.29117647058823526,nan,nan,1,False
rlpd_cluster,r2teacher,picked,900000,0.26666666666666666,nan,nan,1,False
rlpd_cluster,r2teacher,picked,950000,0.3,nan,nan,1,False
rlpd_cluster,human,placed_v2,50000,0.03667901234567902,0.011111111111111112,0.06188888888888888,9,True
rlpd_cluster,human,placed_v2,100000,0.6321390487432984,0.5588765432098766,0.7111111111111111,9,True
rlpd_cluster,human,placed_v2,150000,0.6582716049382715,0.5555765432098765,0.7401481481481481,9,True
rlpd_cluster,human,placed_v2,200000,0.5666453213337949,0.4864656917041652,0.6404374293296412,9,True
rlpd_cluster,human,placed_v2,250000,0.5095925925925926,0.4137969135802469,0.6149293209876544,9,True
rlpd_cluster,human,placed_v2,300000,0.3823148820524376,0.25959958038455905,0.5059250544237814,9,True
rlpd_cluster,human,placed_v2,350000,0.42443209876543214,0.2806101851851852,0.5723373456790124,9,True
rlpd_cluster,human,placed_v2,400000,0.31729629629629635,0.17678858024691357,0.467641049382716,9,True
rlpd_cluster,human,placed_v2,450000,0.2892222222222222,0.13573888888888888,0.465112037037037,9,True
rlpd_cluster,human,placed_v2,500000,0.25756790123456796,0.11641913580246913,0.42246975308641965,9,True
rlpd_cluster,human,placed_v2,550000,0.24286644219977552,0.13685095398428732,0.356288047138047,9,True
rlpd_cluster,human,placed_v2,600000,0.2094074074074074,0.08417716049382716,0.3425549382716049,9,True
rlpd_cluster,human,placed_v2,650000,0.31977777777777777,0.19353024691358026,0.43915802469135784,9,True
rlpd_cluster,human,placed_v2,700000,0.23032033788174142,0.11527095516569198,0.34951851851851845,9,True
rlpd_cluster,human,placed_v2,750000,0.26910205169197976,0.1744990007993605,0.34966273647748447,9,True
rlpd_cluster,human,placed_v2,800000,0.23546893356498722,0.09640404360056258,0.3850156343362473,9,True
rlpd_cluster,human,placed_v2,850000,0.10687707997852926,0.03733778851315083,0.18984283413848632,9,True
rlpd_cluster,human,placed_v2,900000,0.15007407407407408,0.061394135802469135,0.2469901234567901,9,True
rlpd_cluster,human,placed_v2,950000,0.18940358170770707,0.06770929419986023,0.3272690349287565,9,True
rlpd_cluster,machine,placed_v2,50000,0.0125,0.0,0.029166666666666667,8,True
rlpd_cluster,machine,placed_v2,100000,0.4975105779859837,0.42425645002253776,0.5595361957282913,8,True
rlpd_cluster,machine,placed_v2,150000,0.7415972222222222,0.6790277777777778,0.8082638888888889,8,True
rlpd_cluster,machine,placed_v2,200000,0.7734722222222222,0.7177777777777777,0.8208333333333333,8,True
rlpd_cluster,machine,placed_v2,250000,0.7226666666666667,0.6578020833333332,0.7765416666666667,8,True
rlpd_cluster,machine,placed_v2,300000,0.8182361111111112,0.7281388888888889,0.9024333333333331,8,True
rlpd_cluster,machine,placed_v2,350000,0.6299305555555555,0.5470555555555556,0.712625,8,True
rlpd_cluster,machine,placed_v2,400000,0.46262499999999995,0.3095520833333333,0.6098836805555552,8,True
rlpd_cluster,machine,placed_v2,450000,0.6140833333333333,0.4698333333333333,0.7666666666666666,8,True
rlpd_cluster,machine,placed_v2,500000,0.5767361111111111,0.3900149305555556,0.7497357638888884,8,True
rlpd_cluster,machine,placed_v2,550000,0.6463749999999999,0.5269447916666666,0.7699631944444443,8,True
rlpd_cluster,machine,placed_v2,600000,0.518888888888889,0.33542881944444447,0.7159722222222222,8,True
rlpd_cluster,machine,placed_v2,650000,0.5661666666666667,0.34580833333333333,0.7708333333333334,8,True
rlpd_cluster,machine,placed_v2,700000,0.5935317187021732,0.3862525462962963,0.7734159779614325,8,True
rlpd_cluster,machine,placed_v2,750000,0.6793506944444445,0.5281388888888889,0.7911833333333332,8,True
rlpd_cluster,machine,placed_v2,800000,0.3620416666666667,0.18655729166666665,0.580111111111111,8,True
rlpd_cluster,machine,placed_v2,850000,0.5934861111111112,0.435375,0.7662513888888884,8,True
rlpd_cluster,machine,placed_v2,900000,0.5801993464052287,0.4623648488562091,0.7043055555555555,8,True
rlpd_cluster,machine,placed_v2,950000,0.44416666666666665,0.27884722222222225,0.6399999999999999,8,True
rlpd_cluster,planner72,placed_v2,50000,0.008333333333333333,0.0,0.020833333333333336,8,True
rlpd_cluster,planner72,placed_v2,100000,0.042430555555555555,0.0,0.12729166666666666,8,True
rlpd_cluster,planner72,placed_v2,150000,0.05416666666666667,0.0,0.1625,8,True
rlpd_cluster,planner72,placed_v2,200000,0.004166666666666667,0.0,0.0125,8,True
rlpd_cluster,planner72,placed_v2,250000,0.03333333333333333,0.0,0.09166666666666667,8,True
rlpd_cluster,planner72,placed_v2,300000,0.0067777777777777775,0.0,0.02033333333333333,8,True
rlpd_cluster,planner72,placed_v2,350000,0.029166666666666667,0.0,0.0875,8,True
rlpd_cluster,planner72,placed_v2,400000,0.043875,0.0,0.131625,8,True
rlpd_cluster,planner72,placed_v2,450000,0.058333333333333334,0.0,0.16666666666666669,8,True
rlpd_cluster,planner72,placed_v2,500000,0.0,0.0,0.0,8,True
rlpd_cluster,planner72,placed_v2,550000,0.0,0.0,0.0,8,True
rlpd_cluster,planner72,placed_v2,600000,0.02370524852276677,0.0,0.07111574556830032,7,True
rlpd_cluster,planner72,placed_v2,650000,0.0,0.0,0.0,7,True
rlpd_cluster,planner72,placed_v2,700000,0.0,0.0,0.0,7,True
rlpd_cluster,planner72,placed_v2,750000,0.009523809523809523,0.0,0.028571428571428574,7,True
rlpd_cluster,planner72,placed_v2,800000,0.0,0.0,0.0,2,False
rlpd_cluster,planner72,placed_v2,850000,0.03333333333333333,0.0,0.06666666666666667,2,False
rlpd_cluster,planner72,placed_v2,900000,0.08333333333333333,0.0,0.16666666666666666,2,False
rlpd_cluster,planner72,placed_v2,950000,0.15,0.0,0.3,2,False
rlpd_cluster,r2teacher,placed_v2,50000,0.8061739659367397,0.7685218978102191,0.85,4,True
rlpd_cluster,r2teacher,placed_v2,100000,0.8074074074074075,0.5666666666666667,0.9333333333333332,3,True
rlpd_cluster,r2teacher,placed_v2,150000,0.7541851851851852,0.7292222222222223,0.7666666666666667,3,True
rlpd_cluster,r2teacher,placed_v2,200000,0.8275185185185184,0.6333333333333333,1.0,3,True
rlpd_cluster,r2teacher,placed_v2,250000,0.8101111111111112,0.786888888888889,0.8333333333333334,2,False
rlpd_cluster,r2teacher,placed_v2,300000,0.5333333333333333,nan,nan,1,False
rlpd_cluster,r2teacher,placed_v2,350000,0.5333333333333333,nan,nan,1,False
rlpd_cluster,r2teacher,placed_v2,400000,0.3333333333333333,nan,nan,1,False
rlpd_cluster,r2teacher,placed_v2,450000,0.4,nan,nan,1,False
rlpd_cluster,r2teacher,placed_v2,500000,0.4666666666666667,nan,nan,1,False
rlpd_cluster,r2teacher,placed_v2,550000,0.36666666666666664,nan,nan,1,False
rlpd_cluster,r2teacher,placed_v2,600000,0.43333333333333335,nan,nan,1,False
rlpd_cluster,r2teacher,placed_v2,650000,0.16666666666666666,nan,nan,1,False
rlpd_cluster,r2teacher,placed_v2,700000,0.20857142857142857,nan,nan,1,False
rlpd_cluster,r2teacher,placed_v2,750000,0.43022222222222223,nan,nan,1,False
rlpd_cluster,r2teacher,placed_v2,800000,0.43333333333333335,nan,nan,1,False
rlpd_cluster,r2teacher,placed_v2,850000,0.22450980392156863,nan,nan,1,False
rlpd_cluster,r2teacher,placed_v2,900000,0.23333333333333334,nan,nan,1,False
rlpd_cluster,r2teacher,placed_v2,950000,0.2,nan,nan,1,False
rlpd_cluster,human,tipped,50000,0.6845316297528224,0.5757379777021022,0.7681197530864198,9,True
rlpd_cluster,human,tipped,100000,0.5000453743128541,0.42933043468229665,0.5605392897545619,9,True
rlpd_cluster,human,tipped,150000,0.37998765432098763,0.2925061728395062,0.48166820987654313,9,True
rlpd_cluster,human,tipped,200000,0.34928060459213106,0.2806870024229837,0.4111111111111111,9,True
rlpd_cluster,human,tipped,250000,0.36392592592592593,0.28878086419753085,0.4404382716049383,9,True
rlpd_cluster,human,tipped,300000,0.3922489053102376,0.2934971043140519,0.48993642777132307,9,True
rlpd_cluster,human,tipped,350000,0.3974575163398693,0.3058522875816994,0.506340758896151,9,True
rlpd_cluster,human,tipped,400000,0.38275308641975303,0.308679012345679,0.4741058641975307,9,True
rlpd_cluster,human,tipped,450000,0.4108518518518518,0.31279320987654324,0.5121824074074074,9,True
rlpd_cluster,human,tipped,500000,0.3052962962962963,0.21761697530864196,0.3900966049382716,9,True
rlpd_cluster,human,tipped,550000,0.3557553310886645,0.2573716049382716,0.4542819865319864,9,True
rlpd_cluster,human,tipped,600000,0.43774074074074076,0.36456111111111106,0.5064024691358023,9,True
rlpd_cluster,human,tipped,650000,0.3822469135802469,0.29125617283950617,0.46009259259259244,9,True
rlpd_cluster,human,tipped,700000,0.46376800293810205,0.38247725160324325,0.5403976325677315,9,True
rlpd_cluster,human,tipped,750000,0.4640707878141931,0.3624074074074074,0.5533920019539923,9,True
rlpd_cluster,human,tipped,800000,0.4055088754676742,0.29619754649163926,0.5088041238061094,9,True
rlpd_cluster,human,tipped,850000,0.39251335212023614,0.2653325231481481,0.5205278314546429,9,True
rlpd_cluster,human,tipped,900000,0.46682337613995906,0.26800158198399404,0.6630209070041565,9,True
rlpd_cluster,human,tipped,950000,0.5362536687631027,0.4446921500116469,0.6306553517353832,9,True
rlpd_cluster,machine,tipped,50000,0.5151771741560474,0.36803713601050747,0.6874157654258886,8,True
rlpd_cluster,machine,tipped,100000,0.5567233198726962,0.519311139562829,0.5958570751111728,8,True
rlpd_cluster,machine,tipped,150000,0.2917361111111111,0.22506944444444443,0.3500017361111111,8,True
rlpd_cluster,machine,tipped,200000,0.24736111111111114,0.19583333333333336,0.30152777777777773,8,True
rlpd_cluster,machine,tipped,250000,0.2826388888888889,0.25113819444444446,0.31250625,8,True
rlpd_cluster,machine,tipped,300000,0.2696805555555556,0.177059375,0.3635277777777778,8,True
rlpd_cluster,machine,tipped,350000,0.3025010092272203,0.23845833333333333,0.3653802587946943,8,True
rlpd_cluster,machine,tipped,400000,0.26765277777777774,0.17929166666666665,0.37358124999999975,8,True
rlpd_cluster,machine,tipped,450000,0.3234166666666667,0.22394444444444447,0.4099027777777778,8,True
rlpd_cluster,machine,tipped,500000,0.3484305555555556,0.22499166666666665,0.46477673611111103,8,True
rlpd_cluster,machine,tipped,550000,0.3177638888888889,0.17908993055555555,0.46469444444444447,8,True
rlpd_cluster,machine,tipped,600000,0.4014818339100346,0.23900207612456748,0.5713440936178389,8,True
rlpd_cluster,machine,tipped,650000,0.374523379802506,0.2418076923076923,0.5185298792631318,8,True
rlpd_cluster,machine,tipped,700000,0.43171296296296297,0.32079282407407406,0.5342997685185182,8,True
rlpd_cluster,machine,tipped,750000,0.2725520833333333,0.1831215277777778,0.36084288194444436,8,True
rlpd_cluster,machine,tipped,800000,0.4918194444444445,0.304315625,0.6634645833333331,8,True
rlpd_cluster,machine,tipped,850000,0.34595833333333337,0.1873107638888889,0.5225843749999997,8,True
rlpd_cluster,machine,tipped,900000,0.3299812091503268,0.2256111928104575,0.4269109885620914,8,True
rlpd_cluster,machine,tipped,950000,0.38625,0.25159722222222225,0.5239954861111109,8,True
rlpd_cluster,planner72,tipped,50000,0.4823194444444444,0.39750173611111106,0.5530756944444443,8,True
rlpd_cluster,planner72,tipped,100000,0.39108333333333334,0.2770239583333333,0.5065833333333334,8,True
rlpd_cluster,planner72,tipped,150000,0.44104166666666667,0.37020833333333336,0.5117125,8,True
rlpd_cluster,planner72,tipped,200000,0.3505652102871235,0.3046352843147566,0.4023169273442353,8,True
rlpd_cluster,planner72,tipped,250000,0.32643055555555556,0.24746180555555555,0.4113451388888888,8,True
rlpd_cluster,planner72,tipped,300000,0.3657222222222223,0.252,0.5095333333333332,8,True
rlpd_cluster,planner72,tipped,350000,0.2826111111111111,0.22083333333333333,0.35,8,True
rlpd_cluster,planner72,tipped,400000,0.2559027777777778,0.1610239583333333,0.35076736111111095,8,True
rlpd_cluster,planner72,tipped,450000,0.2663888888888889,0.18288888888888888,0.3620708333333333,8,True
rlpd_cluster,planner72,tipped,500000,0.2664038476084085,0.195,0.3400139754353505,8,True
rlpd_cluster,planner72,tipped,550000,0.23980555555555555,0.13333333333333333,0.3564833333333333,8,True
rlpd_cluster,planner72,tipped,600000,0.30287301587301585,0.18571428571428572,0.4238095238095238,7,True
rlpd_cluster,planner72,tipped,650000,0.2776349206349206,0.17142857142857143,0.3948095238095237,7,True
rlpd_cluster,planner72,tipped,700000,0.28574603174603175,0.17622222222222225,0.3682396825396825,7,True
rlpd_cluster,planner72,tipped,750000,0.271031746031746,0.14312579365079361,0.4095238095238095,7,True
rlpd_cluster,planner72,tipped,800000,0.26666666666666666,0.0,0.5333333333333333,2,False
rlpd_cluster,planner72,tipped,850000,0.08333333333333334,0.06666666666666667,0.1,2,False
rlpd_cluster,planner72,tipped,900000,0.24027777777777778,0.03333333333333333,0.44722222222222224,2,False
rlpd_cluster,planner72,tipped,950000,0.21666666666666667,0.03333333333333333,0.4,2,False
rlpd_cluster,r2teacher,tipped,50000,0.25588158961881585,0.16905555555555554,0.32753365774533655,4,True
rlpd_cluster,r2teacher,tipped,100000,0.14814814814814817,0.10000000000000002,0.2333333333333333,3,True
rlpd_cluster,r2teacher,tipped,150000,0.18888888888888888,0.16666666666666666,0.2333333333333333,3,True
rlpd_cluster,r2teacher,tipped,200000,0.12222222222222223,0.0,0.20000000000000004,3,True
rlpd_cluster,r2teacher,tipped,250000,0.16666666666666666,0.06666666666666667,0.26666666666666666,2,False
rlpd_cluster,r2teacher,tipped,300000,0.10344444444444445,nan,nan,1,False
rlpd_cluster,r2teacher,tipped,350000,0.13333333333333333,nan,nan,1,False
rlpd_cluster,r2teacher,tipped,400000,0.43333333333333335,nan,nan,1,False
rlpd_cluster,r2teacher,tipped,450000,0.2,nan,nan,1,False
rlpd_cluster,r2teacher,tipped,500000,0.16666666666666666,nan,nan,1,False
rlpd_cluster,r2teacher,tipped,550000,0.2,nan,nan,1,False
rlpd_cluster,r2teacher,tipped,600000,0.2872549019607843,nan,nan,1,False
rlpd_cluster,r2teacher,tipped,650000,0.16666666666666666,nan,nan,1,False
rlpd_cluster,r2teacher,tipped,700000,0.23333333333333334,nan,nan,1,False
rlpd_cluster,r2teacher,tipped,750000,0.16666666666666666,nan,nan,1,False
rlpd_cluster,r2teacher,tipped,800000,0.13333333333333333,nan,nan,1,False
rlpd_cluster,r2teacher,tipped,850000,0.2,nan,nan,1,False
rlpd_cluster,r2teacher,tipped,900000,0.13333333333333333,nan,nan,1,False
rlpd_cluster,r2teacher,tipped,950000,0.17433333333333334,nan,nan,1,False
dreamer_ramp_control,human,picked,50000,0.06666666666666667,nan,nan,1,False
dreamer_ramp_control,human,picked,100000,0.3,nan,nan,1,False
dreamer_ramp_control,human,picked,150000,0.5,nan,nan,1,False
dreamer_ramp_control,human,picked,200000,0.9,nan,nan,1,False
dreamer_ramp_control,human,picked,250000,0.9333333333333333,nan,nan,1,False
dreamer_ramp_control,human,picked,300000,0.9,nan,nan,1,False
dreamer_ramp_control,human,picked,350000,0.9,nan,nan,1,False
dreamer_ramp_control,human,picked,400000,1.0,nan,nan,1,False
dreamer_ramp_control,human,picked,450000,0.9333333333333333,nan,nan,1,False
dreamer_ramp_control,human,picked,500000,0.9666666666666667,nan,nan,1,False
dreamer_ramp_control,human,picked,550000,0.9,nan,nan,1,False
dreamer_ramp_control,human,picked,600000,0.9,nan,nan,1,False
dreamer_ramp_control,human,picked,650000,0.9698564593301435,nan,nan,1,False
dreamer_ramp_control,human,picked,700000,0.9333333333333333,nan,nan,1,False
dreamer_ramp_control,human,picked,750000,1.0,nan,nan,1,False
dreamer_ramp_control,human,picked,800000,0.9666666666666667,nan,nan,1,False
dreamer_ramp_control,human,picked,850000,0.9,nan,nan,1,False
dreamer_ramp_control,human,picked,900000,1.0,nan,nan,1,False
dreamer_ramp_control,human,picked,950000,1.0,nan,nan,1,False
dreamer_ramp_control,machine,picked,50000,0.0,nan,nan,1,False
dreamer_ramp_control,machine,picked,100000,0.5,nan,nan,1,False
dreamer_ramp_control,machine,picked,150000,0.43333333333333335,nan,nan,1,False
dreamer_ramp_control,machine,picked,200000,0.7749834692528103,nan,nan,1,False
dreamer_ramp_control,machine,picked,250000,0.8229466283157558,nan,nan,1,False
dreamer_ramp_control,machine,picked,300000,1.0,nan,nan,1,False
dreamer_ramp_control,machine,picked,350000,0.9666666666666667,nan,nan,1,False
dreamer_ramp_control,machine,picked,400000,0.9333333333333333,nan,nan,1,False
dreamer_ramp_control,machine,picked,450000,1.0,nan,nan,1,False
dreamer_ramp_control,machine,picked,500000,0.9666666666666667,nan,nan,1,False
dreamer_ramp_control,machine,picked,550000,0.9,nan,nan,1,False
dreamer_ramp_control,machine,picked,600000,1.0,nan,nan,1,False
dreamer_ramp_control,machine,picked,650000,1.0,nan,nan,1,False
dreamer_ramp_control,machine,picked,700000,0.9666666666666667,nan,nan,1,False
dreamer_ramp_control,machine,picked,750000,0.9333333333333333,nan,nan,1,False
dreamer_ramp_control,machine,picked,800000,0.9666666666666667,nan,nan,1,False
dreamer_ramp_control,machine,picked,850000,1.0,nan,nan,1,False
dreamer_ramp_control,machine,picked,900000,0.9333333333333333,nan,nan,1,False
dreamer_ramp_control,machine,picked,950000,0.9333333333333333,nan,nan,1,False
dreamer_ramp_control,human,placed_v2,50000,0.0,nan,nan,1,False
dreamer_ramp_control,human,placed_v2,100000,0.0,nan,nan,1,False
dreamer_ramp_control,human,placed_v2,150000,0.0,nan,nan,1,False
dreamer_ramp_control,human,placed_v2,200000,0.0,nan,nan,1,False
dreamer_ramp_control,human,placed_v2,250000,0.0,nan,nan,1,False
dreamer_ramp_control,human,placed_v2,300000,0.0,nan,nan,1,False
dreamer_ramp_control,human,placed_v2,350000,0.3804123711340206,nan,nan,1,False
dreamer_ramp_control,human,placed_v2,400000,0.7,nan,nan,1,False
dreamer_ramp_control,human,placed_v2,450000,0.9333333333333333,nan,nan,1,False
dreamer_ramp_control,human,placed_v2,500000,0.8333333333333334,nan,nan,1,False
dreamer_ramp_control,human,placed_v2,550000,0.9,nan,nan,1,False
dreamer_ramp_control,human,placed_v2,600000,0.8333333333333334,nan,nan,1,False
dreamer_ramp_control,human,placed_v2,650000,0.9365231259968102,nan,nan,1,False
dreamer_ramp_control,human,placed_v2,700000,0.8666666666666667,nan,nan,1,False
dreamer_ramp_control,human,placed_v2,750000,0.9666666666666667,nan,nan,1,False
dreamer_ramp_control,human,placed_v2,800000,0.9,nan,nan,1,False
dreamer_ramp_control,human,placed_v2,850000,0.8333333333333334,nan,nan,1,False
dreamer_ramp_control,human,placed_v2,900000,0.9666666666666667,nan,nan,1,False
dreamer_ramp_control,human,placed_v2,950000,1.0,nan,nan,1,False
dreamer_ramp_control,machine,placed_v2,50000,0.0,nan,nan,1,False
dreamer_ramp_control,machine,placed_v2,100000,0.03333333333333333,nan,nan,1,False
dreamer_ramp_control,machine,placed_v2,150000,0.0,nan,nan,1,False
dreamer_ramp_control,machine,placed_v2,200000,0.0,nan,nan,1,False
dreamer_ramp_control,machine,placed_v2,250000,0.06666666666666667,nan,nan,1,False
dreamer_ramp_control,machine,placed_v2,300000,0.4666666666666667,nan,nan,1,False
dreamer_ramp_control,machine,placed_v2,350000,0.7333333333333333,nan,nan,1,False
dreamer_ramp_control,machine,placed_v2,400000,0.9,nan,nan,1,False
dreamer_ramp_control,machine,placed_v2,450000,0.9666666666666667,nan,nan,1,False
dreamer_ramp_control,machine,placed_v2,500000,0.9666666666666667,nan,nan,1,False
dreamer_ramp_control,machine,placed_v2,550000,0.9,nan,nan,1,False
dreamer_ramp_control,machine,placed_v2,600000,1.0,nan,nan,1,False
dreamer_ramp_control,machine,placed_v2,650000,1.0,nan,nan,1,False
dreamer_ramp_control,machine,placed_v2,700000,0.9666666666666667,nan,nan,1,False
dreamer_ramp_control,machine,placed_v2,750000,0.9333333333333333,nan,nan,1,False
dreamer_ramp_control,machine,placed_v2,800000,0.9666666666666667,nan,nan,1,False
dreamer_ramp_control,machine,placed_v2,850000,0.9528711484593838,nan,nan,1,False
dreamer_ramp_control,machine,placed_v2,900000,0.9333333333333333,nan,nan,1,False
dreamer_ramp_control,machine,placed_v2,950000,0.9333333333333333,nan,nan,1,False
dreamer_ramp_control,human,farside,50000,0.0,nan,nan,1,False
dreamer_ramp_control,human,farside,100000,0.0,nan,nan,1,False
dreamer_ramp_control,human,farside,150000,0.0,nan,nan,1,False
dreamer_ramp_control,human,farside,200000,0.0,nan,nan,1,False
dreamer_ramp_control,human,farside,250000,0.0,nan,nan,1,False
dreamer_ramp_control,human,farside,300000,0.0,nan,nan,1,False
dreamer_ramp_control,human,farside,350000,0.31374570446735395,nan,nan,1,False
dreamer_ramp_control,human,farside,400000,0.3086211119275043,nan,nan,1,False
dreamer_ramp_control,human,farside,450000,0.7666666666666667,nan,nan,1,False
dreamer_ramp_control,human,farside,500000,0.8,nan,nan,1,False
dreamer_ramp_control,human,farside,550000,0.9,nan,nan,1,False
dreamer_ramp_control,human,farside,600000,0.8333333333333334,nan,nan,1,False
dreamer_ramp_control,human,farside,650000,0.9333333333333333,nan,nan,1,False
dreamer_ramp_control,human,farside,700000,0.8666666666666667,nan,nan,1,False
dreamer_ramp_control,human,farside,750000,0.9666666666666667,nan,nan,1,False
dreamer_ramp_control,human,farside,800000,0.9,nan,nan,1,False
dreamer_ramp_control,human,farside,850000,0.8333333333333334,nan,nan,1,False
dreamer_ramp_control,human,farside,900000,0.9666666666666667,nan,nan,1,False
dreamer_ramp_control,human,farside,950000,1.0,nan,nan,1,False
dreamer_ramp_control,machine,farside,50000,0.0,nan,nan,1,False
dreamer_ramp_control,machine,farside,100000,0.03333333333333333,nan,nan,1,False
dreamer_ramp_control,machine,farside,150000,0.0,nan,nan,1,False
dreamer_ramp_control,machine,farside,200000,0.0,nan,nan,1,False
dreamer_ramp_control,machine,farside,250000,0.06666666666666667,nan,nan,1,False
dreamer_ramp_control,machine,farside,300000,0.2,nan,nan,1,False
dreamer_ramp_control,machine,farside,350000,0.7145933014354067,nan,nan,1,False
dreamer_ramp_control,machine,farside,400000,0.9,nan,nan,1,False
dreamer_ramp_control,machine,farside,450000,0.9666666666666667,nan,nan,1,False
dreamer_ramp_control,machine,farside,500000,0.9666666666666667,nan,nan,1,False
dreamer_ramp_control,machine,farside,550000,0.9,nan,nan,1,False
dreamer_ramp_control,machine,farside,600000,1.0,nan,nan,1,False
dreamer_ramp_control,machine,farside,650000,1.0,nan,nan,1,False
dreamer_ramp_control,machine,farside,700000,0.9333333333333333,nan,nan,1,False
dreamer_ramp_control,machine,farside,750000,0.8666666666666667,nan,nan,1,False
dreamer_ramp_control,machine,farside,800000,0.9666666666666667,nan,nan,1,False
dreamer_ramp_control,machine,farside,850000,0.9528711484593838,nan,nan,1,False
dreamer_ramp_control,machine,farside,900000,0.9333333333333333,nan,nan,1,False
dreamer_ramp_control,machine,farside,950000,0.8666666666666667,nan,nan,1,False
dreamer_ramp_control,human,slide_event,50000,0.0,nan,nan,1,False
dreamer_ramp_control,human,slide_event,100000,0.0,nan,nan,1,False
dreamer_ramp_control,human,slide_event,150000,0.0,nan,nan,1,False
dreamer_ramp_control,human,slide_event,200000,0.0,nan,nan,1,False
dreamer_ramp_control,human,slide_event,250000,0.0,nan,nan,1,False
dreamer_ramp_control,human,slide_event,300000,0.0,nan,nan,1,False
dreamer_ramp_control,human,slide_event,350000,0.047079037800687284,nan,nan,1,False
dreamer_ramp_control,human,slide_event,400000,0.06666666666666667,nan,nan,1,False
dreamer_ramp_control,human,slide_event,450000,0.5970342910101946,nan,nan,1,False
dreamer_ramp_control,human,slide_event,500000,0.7,nan,nan,1,False
dreamer_ramp_control,human,slide_event,550000,0.9,nan,nan,1,False
dreamer_ramp_control,human,slide_event,600000,0.7333333333333333,nan,nan,1,False
dreamer_ramp_control,human,slide_event,650000,0.8666666666666667,nan,nan,1,False
dreamer_ramp_control,human,slide_event,700000,0.7666666666666667,nan,nan,1,False
dreamer_ramp_control,human,slide_event,750000,0.9666666666666667,nan,nan,1,False
dreamer_ramp_control,human,slide_event,800000,0.9,nan,nan,1,False
dreamer_ramp_control,human,slide_event,850000,0.8,nan,nan,1,False
dreamer_ramp_control,human,slide_event,900000,0.9666666666666667,nan,nan,1,False
dreamer_ramp_control,human,slide_event,950000,0.9666666666666667,nan,nan,1,False
dreamer_ramp_control,machine,slide_event,50000,0.0,nan,nan,1,False
dreamer_ramp_control,machine,slide_event,100000,0.03333333333333333,nan,nan,1,False
dreamer_ramp_control,machine,slide_event,150000,0.0,nan,nan,1,False
dreamer_ramp_control,machine,slide_event,200000,0.0,nan,nan,1,False
dreamer_ramp_control,machine,slide_event,250000,0.06666666666666667,nan,nan,1,False
dreamer_ramp_control,machine,slide_event,300000,0.1,nan,nan,1,False
dreamer_ramp_control,machine,slide_event,350000,0.5812599681020734,nan,nan,1,False
dreamer_ramp_control,machine,slide_event,400000,0.5666666666666667,nan,nan,1,False
dreamer_ramp_control,machine,slide_event,450000,0.9333333333333333,nan,nan,1,False
dreamer_ramp_control,machine,slide_event,500000,0.917363834422658,nan,nan,1,False
dreamer_ramp_control,machine,slide_event,550000,0.5734392419175027,nan,nan,1,False
dreamer_ramp_control,machine,slide_event,600000,0.5,nan,nan,1,False
dreamer_ramp_control,machine,slide_event,650000,0.8666666666666667,nan,nan,1,False
dreamer_ramp_control,machine,slide_event,700000,0.8666666666666667,nan,nan,1,False
dreamer_ramp_control,machine,slide_event,750000,0.742064264849075,nan,nan,1,False
dreamer_ramp_control,machine,slide_event,800000,0.8,nan,nan,1,False
dreamer_ramp_control,machine,slide_event,850000,0.5,nan,nan,1,False
dreamer_ramp_control,machine,slide_event,900000,0.7666666666666667,nan,nan,1,False
dreamer_ramp_control,machine,slide_event,950000,0.5,nan,nan,1,False
dreamer_ramp_control,human,home,50000,0.0,nan,nan,1,False
dreamer_ramp_control,human,home,100000,0.0,nan,nan,1,False
dreamer_ramp_control,human,home,150000,0.0,nan,nan,1,False
dreamer_ramp_control,human,home,200000,0.0,nan,nan,1,False
dreamer_ramp_control,human,home,250000,0.0,nan,nan,1,False
dreamer_ramp_control,human,home,300000,0.0,nan,nan,1,False
dreamer_ramp_control,human,home,350000,0.047079037800687284,nan,nan,1,False
dreamer_ramp_control,human,home,400000,0.03333333333333333,nan,nan,1,False
dreamer_ramp_control,human,home,450000,0.5970342910101946,nan,nan,1,False
dreamer_ramp_control,human,home,500000,0.543838177800442,nan,nan,1,False
dreamer_ramp_control,human,home,550000,0.5,nan,nan,1,False
dreamer_ramp_control,human,home,600000,0.1732093023255814,nan,nan,1,False
dreamer_ramp_control,human,home,650000,0.8,nan,nan,1,False
dreamer_ramp_control,human,home,700000,0.5666666666666667,nan,nan,1,False
dreamer_ramp_control,human,home,750000,0.8333333333333334,nan,nan,1,False
dreamer_ramp_control,human,home,800000,0.8,nan,nan,1,False
dreamer_ramp_control,human,home,850000,0.7666666666666667,nan,nan,1,False
dreamer_ramp_control,human,home,900000,0.8821993670886076,nan,nan,1,False
dreamer_ramp_control,human,home,950000,0.8666666666666667,nan,nan,1,False
dreamer_ramp_control,machine,home,50000,0.0,nan,nan,1,False
dreamer_ramp_control,machine,home,100000,0.0,nan,nan,1,False
dreamer_ramp_control,machine,home,150000,0.0,nan,nan,1,False
dreamer_ramp_control,machine,home,200000,0.0,nan,nan,1,False
dreamer_ramp_control,machine,home,250000,0.03333333333333333,nan,nan,1,False
dreamer_ramp_control,machine,home,300000,0.06666666666666667,nan,nan,1,False
dreamer_ramp_control,machine,home,350000,0.54792663476874,nan,nan,1,False
dreamer_ramp_control,machine,home,400000,0.5333333333333333,nan,nan,1,False
dreamer_ramp_control,machine,home,450000,0.9,nan,nan,1,False
dreamer_ramp_control,machine,home,500000,0.23333333333333334,nan,nan,1,False
dreamer_ramp_control,machine,home,550000,0.4,nan,nan,1,False
dreamer_ramp_control,machine,home,600000,0.4666666666666667,nan,nan,1,False
dreamer_ramp_control,machine,home,650000,0.6333333333333333,nan,nan,1,False
dreamer_ramp_control,machine,home,700000,0.5892672858617131,nan,nan,1,False
dreamer_ramp_control,machine,home,750000,0.642064264849075,nan,nan,1,False
dreamer_ramp_control,machine,home,800000,0.7333333333333333,nan,nan,1,False
dreamer_ramp_control,machine,home,850000,0.5,nan,nan,1,False
dreamer_ramp_control,machine,home,900000,0.6934027777777777,nan,nan,1,False
dreamer_ramp_control,machine,home,950000,0.3,nan,nan,1,False
dreamer_ramp_control,human,tipped,50000,0.16666666666666666,nan,nan,1,False
dreamer_ramp_control,human,tipped,100000,0.4294852941176471,nan,nan,1,False
dreamer_ramp_control,human,tipped,150000,0.2929456112008616,nan,nan,1,False
dreamer_ramp_control,human,tipped,200000,0.7299556778236282,nan,nan,1,False
dreamer_ramp_control,human,tipped,250000,0.6918414918414918,nan,nan,1,False
dreamer_ramp_control,human,tipped,300000,0.5603855101362579,nan,nan,1,False
dreamer_ramp_control,human,tipped,350000,0.5862542955326461,nan,nan,1,False
dreamer_ramp_control,human,tipped,400000,0.16666666666666666,nan,nan,1,False
dreamer_ramp_control,human,tipped,450000,0.3,nan,nan,1,False
dreamer_ramp_control,human,tipped,500000,0.23333333333333334,nan,nan,1,False
dreamer_ramp_control,human,tipped,550000,0.03333333333333333,nan,nan,1,False
dreamer_ramp_control,human,tipped,600000,0.6267906976744185,nan,nan,1,False
dreamer_ramp_control,human,tipped,650000,0.2,nan,nan,1,False
dreamer_ramp_control,human,tipped,700000,0.2,nan,nan,1,False
dreamer_ramp_control,human,tipped,750000,0.03333333333333333,nan,nan,1,False
dreamer_ramp_control,human,tipped,800000,0.1,nan,nan,1,False
dreamer_ramp_control,human,tipped,850000,0.16666666666666666,nan,nan,1,False
dreamer_ramp_control,human,tipped,900000,0.03333333333333333,nan,nan,1,False
dreamer_ramp_control,human,tipped,950000,0.06666666666666667,nan,nan,1,False
dreamer_ramp_control,machine,tipped,50000,0.13657123381049763,nan,nan,1,False
dreamer_ramp_control,machine,tipped,100000,0.6422904670505438,nan,nan,1,False
dreamer_ramp_control,machine,tipped,150000,0.5221401387956123,nan,nan,1,False
dreamer_ramp_control,machine,tipped,200000,0.4666666666666667,nan,nan,1,False
dreamer_ramp_control,machine,tipped,250000,0.6333333333333333,nan,nan,1,False
dreamer_ramp_control,machine,tipped,300000,0.5666666666666667,nan,nan,1,False
dreamer_ramp_control,machine,tipped,350000,0.16666666666666666,nan,nan,1,False
dreamer_ramp_control,machine,tipped,400000,0.3644278606965174,nan,nan,1,False
dreamer_ramp_control,machine,tipped,450000,0.1,nan,nan,1,False
dreamer_ramp_control,machine,tipped,500000,0.6666666666666666,nan,nan,1,False
dreamer_ramp_control,machine,tipped,550000,0.3598940914158305,nan,nan,1,False
dreamer_ramp_control,machine,tipped,600000,0.06666666666666667,nan,nan,1,False
dreamer_ramp_control,machine,tipped,650000,0.06666666666666667,nan,nan,1,False
dreamer_ramp_control,machine,tipped,700000,0.3107327141382869,nan,nan,1,False
dreamer_ramp_control,machine,tipped,750000,0.3,nan,nan,1,False
dreamer_ramp_control,machine,tipped,800000,0.06666666666666667,nan,nan,1,False
dreamer_ramp_control,machine,tipped,850000,0.08046218487394959,nan,nan,1,False
dreamer_ramp_control,machine,tipped,900000,0.13993055555555556,nan,nan,1,False
dreamer_ramp_control,machine,tipped,950000,0.3,nan,nan,1,False
rlpd_cluster,human,home_derived_from_ep_rew_mean_div10_roll100,25000,0.0,0.0,0.0,9,True
rlpd_cluster,human,home_derived_from_ep_rew_mean_div10_roll100,50000,0.0006102254428341384,0.0,0.0018306763285024152,9,True
rlpd_cluster,human,home_derived_from_ep_rew_mean_div10_roll100,75000,0.031011278026273143,0.01298768054412638,0.053275967174365835,9,True
rlpd_cluster,human,home_derived_from_ep_rew_mean_div10_roll100,100000,0.11880307565096573,0.06775675501167999,0.18011433929582907,9,True
rlpd_cluster,human,home_derived_from_ep_rew_mean_div10_roll100,125000,0.17025439967524572,0.111271624604581,0.23595373245225432,9,True
rlpd_cluster,human,home_derived_from_ep_rew_mean_div10_roll100,150000,0.1565970466980998,0.10781031128351971,0.20433356034011915,9,True
rlpd_cluster,human,home_derived_from_ep_rew_mean_div10_roll100,175000,0.12140209536635396,0.08386757087483292,0.16025093815550834,9,True
rlpd_cluster,human,home_derived_from_ep_rew_mean_div10_roll100,200000,0.0822177630372545,0.05916107980238934,0.10634266820835667,9,True
rlpd_cluster,human,home_derived_from_ep_rew_mean_div10_roll100,225000,0.06017877161980239,0.03870928324678398,0.08349840693467994,9,True
rlpd_cluster,human,home_derived_from_ep_rew_mean_div10_roll100,250000,0.04861961209989062,0.024245523263938973,0.0770830169429368,9,True
rlpd_cluster,human,home_derived_from_ep_rew_mean_div10_roll100,275000,0.047026721418794264,0.014444444444444446,0.08778677914658092,9,True
rlpd_cluster,human,home_derived_from_ep_rew_mean_div10_roll100,300000,0.03440053911299918,0.009336996336996337,0.07222222222222222,9,True
rlpd_cluster,human,home_derived_from_ep_rew_mean_div10_roll100,325000,0.030772471632597775,0.009259398974784935,0.06382745170993592,9,True
rlpd_cluster,human,home_derived_from_ep_rew_mean_div10_roll100,350000,0.02458657126396276,0.009648590021691973,0.04373013785029072,9,True
rlpd_cluster,human,home_derived_from_ep_rew_mean_div10_roll100,375000,0.03222222222222223,0.011111111111111112,0.05666666666666667,9,True
rlpd_cluster,human,home_derived_from_ep_rew_mean_div10_roll100,400000,0.02699591824767164,0.008644106951745908,0.05129091226732733,9,True
rlpd_cluster,human,home_derived_from_ep_rew_mean_div10_roll100,425000,0.02687935227112316,0.014869240566201801,0.03909671084928817,9,True
rlpd_cluster,human,home_derived_from_ep_rew_mean_div10_roll100,450000,0.02031213428059238,0.008089912058370162,0.03363071332950851,9,True
rlpd_cluster,human,home_derived_from_ep_rew_mean_div10_roll100,475000,0.021059777858023675,0.005741648106904232,0.03841403728001666,9,True
rlpd_cluster,human,home_derived_from_ep_rew_mean_div10_roll100,500000,0.01980599891669792,0.007639838486448405,0.0334381003923783,9,True
rlpd_cluster,human,home_derived_from_ep_rew_mean_div10_roll100,525000,0.017327880500819064,0.00518045201751272,0.03258312625724766,9,True
rlpd_cluster,human,home_derived_from_ep_rew_mean_div10_roll100,550000,0.01842232866181775,0.0062001064395955305,0.03222222222222223,9,True
rlpd_cluster,human,home_derived_from_ep_rew_mean_div10_roll100,575000,0.01580647852369426,0.006266492677975932,0.02782811790535097,9,True
rlpd_cluster,human,home_derived_from_ep_rew_mean_div10_roll100,600000,0.017109792140703368,0.00566356208868179,0.03266534769625892,9,True
rlpd_cluster,human,home_derived_from_ep_rew_mean_div10_roll100,625000,0.01592655592443748,0.004675678395558803,0.031111111111111107,9,True
rlpd_cluster,human,home_derived_from_ep_rew_mean_div10_roll100,650000,0.017683840862233832,0.006666666666666666,0.029705123479542943,9,True
rlpd_cluster,human,home_derived_from_ep_rew_mean_div10_roll100,675000,0.017520347943465256,0.008610245785198587,0.02773588157075666,9,True
rlpd_cluster,human,home_derived_from_ep_rew_mean_div10_roll100,700000,0.02355067464304371,0.012790174536140442,0.0348144669921754,9,True
rlpd_cluster,human,home_derived_from_ep_rew_mean_div10_roll100,725000,0.02208832068097397,0.010225390653128826,0.035817528275195444,9,True
rlpd_cluster,human,home_derived_from_ep_rew_mean_div10_roll100,750000,0.020827320894309838,0.010622496853186864,0.03214837664757197,9,True
rlpd_cluster,human,home_derived_from_ep_rew_mean_div10_roll100,775000,0.01729815329131932,0.007073760085186551,0.029650854292688107,9,True
rlpd_cluster,human,home_derived_from_ep_rew_mean_div10_roll100,800000,0.019287382620715957,0.005555555555555556,0.03453666762000091,9,True
rlpd_cluster,human,home_derived_from_ep_rew_mean_div10_roll100,825000,0.01917917409865967,0.0048817141749078925,0.035265261127187524,9,True
rlpd_cluster,human,home_derived_from_ep_rew_mean_div10_roll100,850000,0.015877365914479597,0.005560956790123457,0.028731052244297256,9,True
rlpd_cluster,human,home_derived_from_ep_rew_mean_div10_roll100,875000,0.012307085060193408,0.0023070850601934084,0.02444444444444445,9,True
rlpd_cluster,human,home_derived_from_ep_rew_mean_div10_roll100,900000,0.003726624742128618,0.0006279069767441861,0.008384384384384384,9,True
rlpd_cluster,human,home_derived_from_ep_rew_mean_div10_roll100,925000,0.007763681216331874,0.0,0.01884659920455118,9,True
rlpd_cluster,human,home_derived_from_ep_rew_mean_div10_roll100,950000,0.014444444444444446,0.0022222222222222222,0.034444444444444444,9,True
rlpd_cluster,human,home_derived_from_ep_rew_mean_div10_roll100,975000,0.017186179205409977,0.0022222222222222222,0.03751091856861087,9,True
rlpd_cluster,machine,home_derived_from_ep_rew_mean_div10_roll100,25000,0.0,0.0,0.0,8,True
rlpd_cluster,machine,home_derived_from_ep_rew_mean_div10_roll100,50000,0.0,0.0,0.0,8,True
rlpd_cluster,machine,home_derived_from_ep_rew_mean_div10_roll100,75000,0.007758397641880296,0.00375,0.012560499609679938,8,True
rlpd_cluster,machine,home_derived_from_ep_rew_mean_div10_roll100,100000,0.055290808051186496,0.035241193051490635,0.07338727924983543,8,True
rlpd_cluster,machine,home_derived_from_ep_rew_mean_div10_roll100,125000,0.1632281468397398,0.1260762976652915,0.1981656426983716,8,True
rlpd_cluster,machine,home_derived_from_ep_rew_mean_div10_roll100,150000,0.23888155527720667,0.1919859140620087,0.2880148285070779,8,True
rlpd_cluster,machine,home_derived_from_ep_rew_mean_div10_roll100,175000,0.2861680537399225,0.22350988213945405,0.3526845548961291,8,True
rlpd_cluster,machine,home_derived_from_ep_rew_mean_div10_roll100,200000,0.2531507546499207,0.1979636906135811,0.30815499249261463,8,True
rlpd_cluster,machine,home_derived_from_ep_rew_mean_div10_roll100,225000,0.22909539053245292,0.16709885295963572,0.29073361831730415,8,True
rlpd_cluster,machine,home_derived_from_ep_rew_mean_div10_roll100,250000,0.1931066065339079,0.130759485062091,0.2630911788235712,8,True
rlpd_cluster,machine,home_derived_from_ep_rew_mean_div10_roll100,275000,0.16024359152088358,0.09472986293126325,0.23281309693621952,8,True
rlpd_cluster,machine,home_derived_from_ep_rew_mean_div10_roll100,300000,0.1473465086005657,0.07821545504381976,0.2268058588052887,8,True
rlpd_cluster,machine,home_derived_from_ep_rew_mean_div10_roll100,325000,0.1656769341746951,0.08515910640243002,0.2746528173115077,8,True
rlpd_cluster,machine,home_derived_from_ep_rew_mean_div10_roll100,350000,0.1591028461851438,0.07076301904594265,0.2641179631932904,8,True
rlpd_cluster,machine,home_derived_from_ep_rew_mean_div10_roll100,375000,0.170204309597133,0.07775782573181532,0.2886932667069497,8,True
rlpd_cluster,machine,home_derived_from_ep_rew_mean_div10_roll100,400000,0.15789781752914547,0.06758746995274337,0.28224756616278557,8,True
rlpd_cluster,machine,home_derived_from_ep_rew_mean_div10_roll100,425000,0.13857169665805252,0.05825293653451829,0.24077680703258184,8,True
rlpd_cluster,machine,home_derived_from_ep_rew_mean_div10_roll100,450000,0.16642531637812763,0.07013393499765253,0.32794388328327007,8,True
rlpd_cluster,machine,home_derived_from_ep_rew_mean_div10_roll100,475000,0.1850939214422139,0.07434545458135239,0.37847761793987644,8,True
rlpd_cluster,machine,home_derived_from_ep_rew_mean_div10_roll100,500000,0.19463374171399445,0.09437400309215269,0.3613244444398744,8,True
rlpd_cluster,machine,home_derived_from_ep_rew_mean_div10_roll100,525000,0.27007711003945917,0.10015742511978132,0.4838861449262145,8,True
rlpd_cluster,machine,home_derived_from_ep_rew_mean_div10_roll100,550000,0.27718528150291727,0.11003658166000677,0.4690224702029594,8,True
rlpd_cluster,machine,home_derived_from_ep_rew_mean_div10_roll100,575000,0.2245812546323631,0.08415585340725039,0.4030552276011982,8,True
rlpd_cluster,machine,home_derived_from_ep_rew_mean_div10_roll100,600000,0.15782779006842773,0.0430689061840151,0.3289292716583029,8,True
rlpd_cluster,machine,home_derived_from_ep_rew_mean_div10_roll100,625000,0.1493211885415312,0.038821153501653424,0.3102322414926151,8,True
rlpd_cluster,machine,home_derived_from_ep_rew_mean_div10_roll100,650000,0.15983099404994872,0.044008441671355064,0.3301760516735204,8,True
rlpd_cluster,machine,home_derived_from_ep_rew_mean_div10_roll100,675000,0.15357779962918336,0.03329713860840483,0.322830956767943,8,True
rlpd_cluster,machine,home_derived_from_ep_rew_mean_div10_roll100,700000,0.15409975007905652,0.03961905430322233,0.32177517604061956,8,True
rlpd_cluster,machine,home_derived_from_ep_rew_mean_div10_roll100,725000,0.15673159219362995,0.03921922968758418,0.3378228850215498,8,True
rlpd_cluster,machine,home_derived_from_ep_rew_mean_div10_roll100,750000,0.16231475035091902,0.04375,0.35534826890989973,8,True
rlpd_cluster,machine,home_derived_from_ep_rew_mean_div10_roll100,775000,0.1625396103202376,0.050011909298780494,0.351388288141464,8,True
rlpd_cluster,machine,home_derived_from_ep_rew_mean_div10_roll100,800000,0.14303037142420613,0.028743087507476558,0.34762941234584,8,True
rlpd_cluster,machine,home_derived_from_ep_rew_mean_div10_roll100,825000,0.13100046030947496,0.012573558258140447,0.3495093951336578,8,True
rlpd_cluster,machine,home_derived_from_ep_rew_mean_div10_roll100,850000,0.14270094006618944,0.023072128845327528,0.3590994059408068,8,True
rlpd_cluster,machine,home_derived_from_ep_rew_mean_div10_roll100,875000,0.15157649453757813,0.02508641171825613,0.3384377041783978,8,True
rlpd_cluster,machine,home_derived_from_ep_rew_mean_div10_roll100,900000,0.16546494913029403,0.02902510504523124,0.36238384136079405,8,True
rlpd_cluster,machine,home_derived_from_ep_rew_mean_div10_roll100,925000,0.18103690398432398,0.049334789353363814,0.371036903984324,8,True
rlpd_cluster,machine,home_derived_from_ep_rew_mean_div10_roll100,950000,0.1794212829995892,0.03530127932065222,0.3773993325844561,8,True
rlpd_cluster,machine,home_derived_from_ep_rew_mean_div10_roll100,975000,0.16471071239768575,0.032657324196281944,0.3558133566443143,8,True
rlpd_cluster,planner72,home_derived_from_ep_rew_mean_div10_roll100,25000,0.0,0.0,0.0,8,True
rlpd_cluster,planner72,home_derived_from_ep_rew_mean_div10_roll100,50000,0.0,0.0,0.0,8,True
rlpd_cluster,planner72,home_derived_from_ep_rew_mean_div10_roll100,75000,0.0,0.0,0.0,8,True
rlpd_cluster,planner72,home_derived_from_ep_rew_mean_div10_roll100,100000,0.0,0.0,0.0,8,True
rlpd_cluster,planner72,home_derived_from_ep_rew_mean_div10_roll100,125000,0.0,0.0,0.0,8,True
rlpd_cluster,planner72,home_derived_from_ep_rew_mean_div10_roll100,150000,0.0,0.0,0.0,8,True
rlpd_cluster,planner72,home_derived_from_ep_rew_mean_div10_roll100,175000,0.0,0.0,0.0,8,True
rlpd_cluster,planner72,home_derived_from_ep_rew_mean_div10_roll100,200000,0.0,0.0,0.0,8,True
rlpd_cluster,planner72,home_derived_from_ep_rew_mean_div10_roll100,225000,0.0,0.0,0.0,8,True
rlpd_cluster,planner72,home_derived_from_ep_rew_mean_div10_roll100,250000,0.0,0.0,0.0,8,True
rlpd_cluster,planner72,home_derived_from_ep_rew_mean_div10_roll100,275000,0.0,0.0,0.0,8,True
rlpd_cluster,planner72,home_derived_from_ep_rew_mean_div10_roll100,300000,0.0,0.0,0.0,8,True
rlpd_cluster,planner72,home_derived_from_ep_rew_mean_div10_roll100,325000,0.0,0.0,0.0,8,True
rlpd_cluster,planner72,home_derived_from_ep_rew_mean_div10_roll100,350000,0.0,0.0,0.0,8,True
rlpd_cluster,planner72,home_derived_from_ep_rew_mean_div10_roll100,375000,0.0,0.0,0.0,8,True
rlpd_cluster,planner72,home_derived_from_ep_rew_mean_div10_roll100,400000,0.0,0.0,0.0,8,True
rlpd_cluster,planner72,home_derived_from_ep_rew_mean_div10_roll100,425000,0.0,0.0,0.0,8,True
rlpd_cluster,planner72,home_derived_from_ep_rew_mean_div10_roll100,450000,0.010231521272024065,0.0,0.030694563816072197,8,True
rlpd_cluster,planner72,home_derived_from_ep_rew_mean_div10_roll100,475000,0.01125,0.0,0.03375,8,True
rlpd_cluster,planner72,home_derived_from_ep_rew_mean_div10_roll100,500000,0.01125,0.0,0.03375,8,True
rlpd_cluster,planner72,home_derived_from_ep_rew_mean_div10_roll100,525000,0.00019165247018739342,0.0,0.0005749574105621802,8,True
rlpd_cluster,planner72,home_derived_from_ep_rew_mean_div10_roll100,550000,0.0,0.0,0.0,8,True
rlpd_cluster,planner72,home_derived_from_ep_rew_mean_div10_roll100,575000,0.0,0.0,0.0,8,True
rlpd_cluster,planner72,home_derived_from_ep_rew_mean_div10_roll100,600000,0.0,0.0,0.0,7,True
rlpd_cluster,planner72,home_derived_from_ep_rew_mean_div10_roll100,625000,0.0,0.0,0.0,7,True
rlpd_cluster,planner72,home_derived_from_ep_rew_mean_div10_roll100,650000,0.0,0.0,0.0,7,True
rlpd_cluster,planner72,home_derived_from_ep_rew_mean_div10_roll100,675000,0.0,0.0,0.0,7,True
rlpd_cluster,planner72,home_derived_from_ep_rew_mean_div10_roll100,700000,0.0,0.0,0.0,7,True
rlpd_cluster,planner72,home_derived_from_ep_rew_mean_div10_roll100,725000,0.0017139771675408824,0.0,0.005141931502622647,7,True
rlpd_cluster,planner72,home_derived_from_ep_rew_mean_div10_roll100,750000,0.0033333333333333335,0.0,0.01,6,True
rlpd_cluster,planner72,home_derived_from_ep_rew_mean_div10_roll100,775000,0.004,0.0,0.012,5,True
rlpd_cluster,planner72,home_derived_from_ep_rew_mean_div10_roll100,800000,0.0,0.0,0.0,2,False
rlpd_cluster,planner72,home_derived_from_ep_rew_mean_div10_roll100,825000,0.0,0.0,0.0,2,False
rlpd_cluster,planner72,home_derived_from_ep_rew_mean_div10_roll100,850000,0.0,0.0,0.0,2,False
rlpd_cluster,planner72,home_derived_from_ep_rew_mean_div10_roll100,875000,0.0,0.0,0.0,2,False
rlpd_cluster,planner72,home_derived_from_ep_rew_mean_div10_roll100,900000,0.0,0.0,0.0,2,False
rlpd_cluster,planner72,home_derived_from_ep_rew_mean_div10_roll100,925000,0.0,0.0,0.0,2,False
rlpd_cluster,planner72,home_derived_from_ep_rew_mean_div10_roll100,950000,0.0,0.0,0.0,2,False
rlpd_cluster,planner72,home_derived_from_ep_rew_mean_div10_roll100,975000,0.0,0.0,0.0,2,False
rlpd_cluster,r2teacher,home_derived_from_ep_rew_mean_div10_roll100,25000,0.0613142513841401,0.029531032275072498,0.0920837212402653,4,True
rlpd_cluster,r2teacher,home_derived_from_ep_rew_mean_div10_roll100,50000,0.381172779548319,0.30972333743732494,0.4526222216593131,4,True
rlpd_cluster,r2teacher,home_derived_from_ep_rew_mean_div10_roll100,75000,0.6604458449412768,0.5856401838476691,0.7186713286713285,3,True
rlpd_cluster,r2teacher,home_derived_from_ep_rew_mean_div10_roll100,100000,0.6857931519357922,0.5538735177865614,0.8174774774774775,3,True
rlpd_cluster,r2teacher,home_derived_from_ep_rew_mean_div10_roll100,125000,0.6860075058261635,0.4479636363636364,0.8056535947712419,3,True
rlpd_cluster,r2teacher,home_derived_from_ep_rew_mean_div10_roll100,150000,0.6916198455569108,0.6378060413354532,0.7531088082901555,3,True
rlpd_cluster,r2teacher,home_derived_from_ep_rew_mean_div10_roll100,175000,0.6376318248564945,0.5981818181818183,0.68,3,True
rlpd_cluster,r2teacher,home_derived_from_ep_rew_mean_div10_roll100,200000,0.7690805471124621,0.6599999999999999,0.8528368794326241,3,True
rlpd_cluster,r2teacher,home_derived_from_ep_rew_mean_div10_roll100,225000,0.815,0.77,0.86,2,False
rlpd_cluster,r2teacher,home_derived_from_ep_rew_mean_div10_roll100,250000,0.7384829748578796,0.7263907284768212,0.750575221238938,2,False
rlpd_cluster,r2teacher,home_derived_from_ep_rew_mean_div10_roll100,275000,0.5778169605373635,nan,nan,1,False
rlpd_cluster,r2teacher,home_derived_from_ep_rew_mean_div10_roll100,300000,0.53,nan,nan,1,False
rlpd_cluster,r2teacher,home_derived_from_ep_rew_mean_div10_roll100,325000,0.5059368421052631,nan,nan,1,False
rlpd_cluster,r2teacher,home_derived_from_ep_rew_mean_div10_roll100,350000,0.47323374340949037,nan,nan,1,False
rlpd_cluster,r2teacher,home_derived_from_ep_rew_mean_div10_roll100,375000,0.4086632390745501,nan,nan,1,False
rlpd_cluster,r2teacher,home_derived_from_ep_rew_mean_div10_roll100,400000,0.36083660130718953,nan,nan,1,False
rlpd_cluster,r2teacher,home_derived_from_ep_rew_mean_div10_roll100,425000,0.4111328671328671,nan,nan,1,False
rlpd_cluster,r2teacher,home_derived_from_ep_rew_mean_div10_roll100,450000,0.42506355932203393,nan,nan,1,False
rlpd_cluster,r2teacher,home_derived_from_ep_rew_mean_div10_roll100,475000,0.380154686078253,nan,nan,1,False
rlpd_cluster,r2teacher,home_derived_from_ep_rew_mean_div10_roll100,500000,0.44000000000000006,nan,nan,1,False
rlpd_cluster,r2teacher,home_derived_from_ep_rew_mean_div10_roll100,525000,0.45834246575342463,nan,nan,1,False
rlpd_cluster,r2teacher,home_derived_from_ep_rew_mean_div10_roll100,550000,0.38211399711399713,nan,nan,1,False
rlpd_cluster,r2teacher,home_derived_from_ep_rew_mean_div10_roll100,575000,0.3313851992409867,nan,nan,1,False
rlpd_cluster,r2teacher,home_derived_from_ep_rew_mean_div10_roll100,600000,0.32,nan,nan,1,False
rlpd_cluster,r2teacher,home_derived_from_ep_rew_mean_div10_roll100,625000,0.2597682119205298,nan,nan,1,False
rlpd_cluster,r2teacher,home_derived_from_ep_rew_mean_div10_roll100,650000,0.2219256148770246,nan,nan,1,False
rlpd_cluster,r2teacher,home_derived_from_ep_rew_mean_div10_roll100,675000,0.24579383341003222,nan,nan,1,False
rlpd_cluster,r2teacher,home_derived_from_ep_rew_mean_div10_roll100,700000,0.23410604192355117,nan,nan,1,False
rlpd_cluster,r2teacher,home_derived_from_ep_rew_mean_div10_roll100,725000,0.26544755877034354,nan,nan,1,False
rlpd_cluster,r2teacher,home_derived_from_ep_rew_mean_div10_roll100,750000,0.24203512396694213,nan,nan,1,False
rlpd_cluster,r2teacher,home_derived_from_ep_rew_mean_div10_roll100,775000,0.31015430267062316,nan,nan,1,False
rlpd_cluster,r2teacher,home_derived_from_ep_rew_mean_div10_roll100,800000,0.38161108260646487,nan,nan,1,False
rlpd_cluster,r2teacher,home_derived_from_ep_rew_mean_div10_roll100,825000,0.37,nan,nan,1,False
rlpd_cluster,r2teacher,home_derived_from_ep_rew_mean_div10_roll100,850000,0.2949430523917995,nan,nan,1,False
rlpd_cluster,r2teacher,home_derived_from_ep_rew_mean_div10_roll100,875000,0.2240221402214022,nan,nan,1,False
rlpd_cluster,r2teacher,home_derived_from_ep_rew_mean_div10_roll100,900000,0.17277687296416938,nan,nan,1,False
rlpd_cluster,r2teacher,home_derived_from_ep_rew_mean_div10_roll100,925000,0.1929336188436831,nan,nan,1,False
rlpd_cluster,r2teacher,home_derived_from_ep_rew_mean_div10_roll100,950000,0.18292892156862745,nan,nan,1,False
rlpd_cluster,r2teacher,home_derived_from_ep_rew_mean_div10_roll100,975000,0.15272385723231058,nan,nan,1,False
