condition,arm,seed,run,threshold,phase,reference,rise_step_reference,budget,achieved,complete,note,rise_step_phase,lag_steps,status
dreamer_local,human,0,dv3px_sparse10_dHfull_all_rns10h_img_rlDreamer_s0,0.5,placed_v2,picked,220552,1000000,996156,True,stopped_at_1M_by_chain,223530,2978,crossed
dreamer_local,human,0,dv3px_sparse10_dHfull_all_rns10h_img_rlDreamer_s0,0.5,farside,picked,220552,1000000,996156,True,stopped_at_1M_by_chain,223840,3288,crossed
dreamer_local,human,0,dv3px_sparse10_dHfull_all_rns10h_img_rlDreamer_s0,0.5,slide_event,picked,220552,1000000,996156,True,stopped_at_1M_by_chain,259907,39355,crossed
dreamer_local,human,0,dv3px_sparse10_dHfull_all_rns10h_img_rlDreamer_s0,0.5,home,picked,220552,1000000,996156,True,stopped_at_1M_by_chain,322681,102129,crossed
dreamer_local,human,0,dv3px_sparse10_dHfull_all_rns10h_img_rlDreamer_s0,0.5,tipped,picked,220552,1000000,996156,True,stopped_at_1M_by_chain,141807,-78745,crossed
dreamer_local,human,1,dv3px_sparse10_dHfull_all_rns10h_img_rlDreamer_s1,0.5,placed_v2,picked,222239,1000000,992053,True,,278482,56243,crossed
dreamer_local,human,1,dv3px_sparse10_dHfull_all_rns10h_img_rlDreamer_s1,0.5,farside,picked,222239,1000000,992053,True,,278482,56243,crossed
dreamer_local,human,1,dv3px_sparse10_dHfull_all_rns10h_img_rlDreamer_s1,0.5,slide_event,picked,222239,1000000,992053,True,,346932,124693,crossed
dreamer_local,human,1,dv3px_sparse10_dHfull_all_rns10h_img_rlDreamer_s1,0.5,home,picked,222239,1000000,992053,True,,347052,124813,crossed
dreamer_local,human,1,dv3px_sparse10_dHfull_all_rns10h_img_rlDreamer_s1,0.5,tipped,picked,222239,1000000,992053,True,,224145,1906,crossed
dreamer_local,human,2,dv3px_sparse10_dHfull_all_rns10h_img_rlDreamer_s2,0.5,placed_v2,picked,150752,1000000,992788,True,,231306,80554,crossed
dreamer_local,human,2,dv3px_sparse10_dHfull_all_rns10h_img_rlDreamer_s2,0.5,farside,picked,150752,1000000,992788,True,,231306,80554,crossed
dreamer_local,human,2,dv3px_sparse10_dHfull_all_rns10h_img_rlDreamer_s2,0.5,slide_event,picked,150752,1000000,992788,True,,335657,184905,crossed
dreamer_local,human,2,dv3px_sparse10_dHfull_all_rns10h_img_rlDreamer_s2,0.5,home,picked,150752,1000000,992788,True,,352984,202232,crossed
dreamer_local,human,2,dv3px_sparse10_dHfull_all_rns10h_img_rlDreamer_s2,0.5,tipped,picked,150752,1000000,992788,True,,150228,-524,crossed
dreamer_local,human,3,dv3px_sparse10_dHfull_all_rns10h_img_rlDreamer_s3,0.5,placed_v2,picked,200903,1000000,999690,True,,226112,25209,crossed
dreamer_local,human,3,dv3px_sparse10_dHfull_all_rns10h_img_rlDreamer_s3,0.5,farside,picked,200903,1000000,999690,True,,340131,139228,crossed
dreamer_local,human,3,dv3px_sparse10_dHfull_all_rns10h_img_rlDreamer_s3,0.5,slide_event,picked,200903,1000000,999690,True,,361119,160216,crossed
dreamer_local,human,3,dv3px_sparse10_dHfull_all_rns10h_img_rlDreamer_s3,0.5,home,picked,200903,1000000,999690,True,,361119,160216,crossed
dreamer_local,human,3,dv3px_sparse10_dHfull_all_rns10h_img_rlDreamer_s3,0.5,tipped,picked,200903,1000000,999690,True,,190510,-10393,crossed
dreamer_local,machine,0,dv3px_sparse10_dDPfull_first_rns10h_img_rlDreamer_s0,0.5,placed_v2,picked,200941,1000000,992755,True,,257966,57025,crossed
dreamer_local,machine,0,dv3px_sparse10_dDPfull_first_rns10h_img_rlDreamer_s0,0.5,farside,picked,200941,1000000,992755,True,,311857,110916,crossed
dreamer_local,machine,0,dv3px_sparse10_dDPfull_first_rns10h_img_rlDreamer_s0,0.5,slide_event,picked,200941,1000000,992755,True,,311857,110916,crossed
dreamer_local,machine,0,dv3px_sparse10_dDPfull_first_rns10h_img_rlDreamer_s0,0.5,home,picked,200941,1000000,992755,True,,314168,113227,crossed
dreamer_local,machine,0,dv3px_sparse10_dDPfull_first_rns10h_img_rlDreamer_s0,0.5,tipped,picked,200941,1000000,992755,True,,202013,1072,crossed
dreamer_local,machine,1,dv3px_sparse10_dDPfull_first_rns10h_img_rlDreamer_s1,0.5,placed_v2,picked,162034,1000000,992769,True,,210411,48377,crossed
dreamer_local,machine,1,dv3px_sparse10_dDPfull_first_rns10h_img_rlDreamer_s1,0.5,farside,picked,162034,1000000,992769,True,,291360,129326,crossed
dreamer_local,machine,1,dv3px_sparse10_dDPfull_first_rns10h_img_rlDreamer_s1,0.5,slide_event,picked,162034,1000000,992769,True,,295996,133962,crossed
dreamer_local,machine,1,dv3px_sparse10_dDPfull_first_rns10h_img_rlDreamer_s1,0.5,home,picked,162034,1000000,992769,True,,295996,133962,crossed
dreamer_local,machine,1,dv3px_sparse10_dDPfull_first_rns10h_img_rlDreamer_s1,0.5,tipped,picked,162034,1000000,992769,True,,161037,-997,crossed
dreamer_local,machine,2,dv3px_sparse10_dDPfull_first_rns10h_img_rlDreamer_s2,0.5,placed_v2,picked,154166,1000000,992440,True,,348894,194728,crossed
dreamer_local,machine,2,dv3px_sparse10_dDPfull_first_rns10h_img_rlDreamer_s2,0.5,farside,picked,154166,1000000,992440,True,,348894,194728,crossed
dreamer_local,machine,2,dv3px_sparse10_dDPfull_first_rns10h_img_rlDreamer_s2,0.5,slide_event,picked,154166,1000000,992440,True,,504786,350620,crossed
dreamer_local,machine,2,dv3px_sparse10_dDPfull_first_rns10h_img_rlDreamer_s2,0.5,home,picked,154166,1000000,992440,True,,504786,350620,crossed
dreamer_local,machine,2,dv3px_sparse10_dDPfull_first_rns10h_img_rlDreamer_s2,0.5,tipped,picked,154166,1000000,992440,True,,203290,49124,crossed
dreamer_local,machine,3,dv3px_sparse10_dDPfull_first_rns10h_img_rlDreamer_s3,0.5,placed_v2,picked,200193,1000000,998215,True,,316572,116379,crossed
dreamer_local,machine,3,dv3px_sparse10_dDPfull_first_rns10h_img_rlDreamer_s3,0.5,farside,picked,200193,1000000,998215,True,,316755,116562,crossed
dreamer_local,machine,3,dv3px_sparse10_dDPfull_first_rns10h_img_rlDreamer_s3,0.5,slide_event,picked,200193,1000000,998215,True,,325732,125539,crossed
dreamer_local,machine,3,dv3px_sparse10_dDPfull_first_rns10h_img_rlDreamer_s3,0.5,home,picked,200193,1000000,998215,True,,325732,125539,crossed
dreamer_local,machine,3,dv3px_sparse10_dDPfull_first_rns10h_img_rlDreamer_s3,0.5,tipped,picked,200193,1000000,998215,True,,215768,15575,crossed
dreamer_cluster,human,4,full_r2d_state_dHfull_all_rns10h_img_dreamer_s4,0.5,placed_v2,picked,166346,1000000,999688,True,,235723,69377,crossed
dreamer_cluster,human,4,full_r2d_state_dHfull_all_rns10h_img_dreamer_s4,0.5,farside,picked,166346,1000000,999688,True,,235723,69377,crossed
dreamer_cluster,human,4,full_r2d_state_dHfull_all_rns10h_img_dreamer_s4,0.5,slide_event,picked,166346,1000000,999688,True,,468533,302187,crossed
dreamer_cluster,human,4,full_r2d_state_dHfull_all_rns10h_img_dreamer_s4,0.5,home,picked,166346,1000000,999688,True,,507279,340933,crossed
dreamer_cluster,human,4,full_r2d_state_dHfull_all_rns10h_img_dreamer_s4,0.5,tipped,picked,166346,1000000,999688,True,,161943,-4403,crossed
dreamer_cluster,human,5,full_r2d_state_dHfull_all_rns10h_img_dreamer_s5,0.5,placed_v2,picked,219040,1000000,992699,True,,340216,121176,crossed
dreamer_cluster,human,5,full_r2d_state_dHfull_all_rns10h_img_dreamer_s5,0.5,farside,picked,219040,1000000,992699,True,,340589,121549,crossed
dreamer_cluster,human,5,full_r2d_state_dHfull_all_rns10h_img_dreamer_s5,0.5,slide_event,picked,219040,1000000,992699,True,,517829,298789,crossed
dreamer_cluster,human,5,full_r2d_state_dHfull_all_rns10h_img_dreamer_s5,0.5,home,picked,219040,1000000,992699,True,,518618,299578,crossed
dreamer_cluster,human,5,full_r2d_state_dHfull_all_rns10h_img_dreamer_s5,0.5,tipped,picked,219040,1000000,992699,True,,221947,2907,crossed
dreamer_cluster,human,6,full_r2d_state_dHfull_all_rns10h_img_dreamer_s6,0.5,placed_v2,picked,187619,1000000,999507,True,,241259,53640,crossed
dreamer_cluster,human,6,full_r2d_state_dHfull_all_rns10h_img_dreamer_s6,0.5,farside,picked,187619,1000000,999507,True,,241259,53640,crossed
dreamer_cluster,human,6,full_r2d_state_dHfull_all_rns10h_img_dreamer_s6,0.5,slide_event,picked,187619,1000000,999507,True,,249327,61708,crossed
dreamer_cluster,human,6,full_r2d_state_dHfull_all_rns10h_img_dreamer_s6,0.5,home,picked,187619,1000000,999507,True,,257484,69865,crossed
dreamer_cluster,human,6,full_r2d_state_dHfull_all_rns10h_img_dreamer_s6,0.5,tipped,picked,187619,1000000,999507,True,,143623,-43996,crossed
dreamer_cluster,human,7,full_r2d_state_dHfull_all_rns10h_img_dreamer_s7,0.5,placed_v2,picked,180010,1000000,992379,True,,242496,62486,crossed
dreamer_cluster,human,7,full_r2d_state_dHfull_all_rns10h_img_dreamer_s7,0.5,farside,picked,180010,1000000,992379,True,,243977,63967,crossed
dreamer_cluster,human,7,full_r2d_state_dHfull_all_rns10h_img_dreamer_s7,0.5,slide_event,picked,180010,1000000,992379,True,,292013,112003,crossed
dreamer_cluster,human,7,full_r2d_state_dHfull_all_rns10h_img_dreamer_s7,0.5,home,picked,180010,1000000,992379,True,,292013,112003,crossed
dreamer_cluster,human,7,full_r2d_state_dHfull_all_rns10h_img_dreamer_s7,0.5,tipped,picked,180010,1000000,992379,True,,178723,-1287,crossed
dreamer_cluster,human,8,full_r2d_state_dHfull_all_rns10h_img_dreamer_s8,0.5,placed_v2,picked,181177,2000000,1992758,True,,235804,54627,crossed
dreamer_cluster,human,8,full_r2d_state_dHfull_all_rns10h_img_dreamer_s8,0.5,farside,picked,181177,2000000,1992758,True,,239066,57889,crossed
dreamer_cluster,human,8,full_r2d_state_dHfull_all_rns10h_img_dreamer_s8,0.5,slide_event,picked,181177,2000000,1992758,True,,513921,332744,crossed
dreamer_cluster,human,8,full_r2d_state_dHfull_all_rns10h_img_dreamer_s8,0.5,home,picked,181177,2000000,1992758,True,,514136,332959,crossed
dreamer_cluster,human,8,full_r2d_state_dHfull_all_rns10h_img_dreamer_s8,0.5,tipped,picked,181177,2000000,1992758,True,,176184,-4993,crossed
dreamer_cluster,human,9,full_r2d_state_dHfull_all_rns10h_img_dreamer_s9,0.5,placed_v2,picked,201081,2000000,1999907,True,,291159,90078,crossed
dreamer_cluster,human,9,full_r2d_state_dHfull_all_rns10h_img_dreamer_s9,0.5,farside,picked,201081,2000000,1999907,True,,291748,90667,crossed
dreamer_cluster,human,9,full_r2d_state_dHfull_all_rns10h_img_dreamer_s9,0.5,slide_event,picked,201081,2000000,1999907,True,,312855,111774,crossed
dreamer_cluster,human,9,full_r2d_state_dHfull_all_rns10h_img_dreamer_s9,0.5,home,picked,201081,2000000,1999907,True,,428681,227600,crossed
dreamer_cluster,human,9,full_r2d_state_dHfull_all_rns10h_img_dreamer_s9,0.5,tipped,picked,201081,2000000,1999907,True,,150565,-50516,crossed
dreamer_cluster,human,10,full_r2d_state_dHfull_all_rns10h_img_dreamer_s10,0.5,placed_v2,picked,234973,2000000,1999790,True,,318112,83139,crossed
dreamer_cluster,human,10,full_r2d_state_dHfull_all_rns10h_img_dreamer_s10,0.5,farside,picked,234973,2000000,1999790,True,,320240,85267,crossed
dreamer_cluster,human,10,full_r2d_state_dHfull_all_rns10h_img_dreamer_s10,0.5,slide_event,picked,234973,2000000,1999790,True,,481107,246134,crossed
dreamer_cluster,human,10,full_r2d_state_dHfull_all_rns10h_img_dreamer_s10,0.5,home,picked,234973,2000000,1999790,True,,778042,543069,crossed
dreamer_cluster,human,10,full_r2d_state_dHfull_all_rns10h_img_dreamer_s10,0.5,tipped,picked,234973,2000000,1999790,True,,230293,-4680,crossed
dreamer_cluster,human,11,full_r2d_state_dHfull_all_rns10h_img_dreamer_s11,0.5,placed_v2,picked,236278,2000000,1999663,True,,300330,64052,crossed
dreamer_cluster,human,11,full_r2d_state_dHfull_all_rns10h_img_dreamer_s11,0.5,farside,picked,236278,2000000,1999663,True,,300330,64052,crossed
dreamer_cluster,human,11,full_r2d_state_dHfull_all_rns10h_img_dreamer_s11,0.5,slide_event,picked,236278,2000000,1999663,True,,380047,143769,crossed
dreamer_cluster,human,11,full_r2d_state_dHfull_all_rns10h_img_dreamer_s11,0.5,home,picked,236278,2000000,1999663,True,,385236,148958,crossed
dreamer_cluster,human,11,full_r2d_state_dHfull_all_rns10h_img_dreamer_s11,0.5,tipped,picked,236278,2000000,1999663,True,,119173,-117105,crossed
dreamer_cluster,human,12,full_r2d_state_dHfull_all_rns10h_img_dreamer_s12,0.5,placed_v2,picked,196621,2000000,1998777,True,,245146,48525,crossed
dreamer_cluster,human,12,full_r2d_state_dHfull_all_rns10h_img_dreamer_s12,0.5,farside,picked,196621,2000000,1998777,True,,245146,48525,crossed
dreamer_cluster,human,12,full_r2d_state_dHfull_all_rns10h_img_dreamer_s12,0.5,slide_event,picked,196621,2000000,1998777,True,,295998,99377,crossed
dreamer_cluster,human,12,full_r2d_state_dHfull_all_rns10h_img_dreamer_s12,0.5,home,picked,196621,2000000,1998777,True,,327227,130606,crossed
dreamer_cluster,human,12,full_r2d_state_dHfull_all_rns10h_img_dreamer_s12,0.5,tipped,picked,196621,2000000,1998777,True,,188561,-8060,crossed
dreamer_cluster,human,13,full_r2d_state_dHfull_all_rns10h_img_dreamer_s13,0.5,placed_v2,picked,172073,2000000,1999679,True,,326695,154622,crossed
dreamer_cluster,human,13,full_r2d_state_dHfull_all_rns10h_img_dreamer_s13,0.5,farside,picked,172073,2000000,1999679,True,,326766,154693,crossed
dreamer_cluster,human,13,full_r2d_state_dHfull_all_rns10h_img_dreamer_s13,0.5,slide_event,picked,172073,2000000,1999679,True,,558676,386603,crossed
dreamer_cluster,human,13,full_r2d_state_dHfull_all_rns10h_img_dreamer_s13,0.5,home,picked,172073,2000000,1999679,True,,558676,386603,crossed
dreamer_cluster,human,13,full_r2d_state_dHfull_all_rns10h_img_dreamer_s13,0.5,tipped,picked,172073,2000000,1999679,True,,170711,-1362,crossed
dreamer_cluster,human,14,full_r2d_state_dHfull_all_rns10h_img_dreamer_s14,0.5,placed_v2,picked,225485,2000000,1999320,True,,306297,80812,crossed
dreamer_cluster,human,14,full_r2d_state_dHfull_all_rns10h_img_dreamer_s14,0.5,farside,picked,225485,2000000,1999320,True,,306297,80812,crossed
dreamer_cluster,human,14,full_r2d_state_dHfull_all_rns10h_img_dreamer_s14,0.5,slide_event,picked,225485,2000000,1999320,True,,345512,120027,crossed
dreamer_cluster,human,14,full_r2d_state_dHfull_all_rns10h_img_dreamer_s14,0.5,home,picked,225485,2000000,1999320,True,,385836,160351,crossed
dreamer_cluster,human,14,full_r2d_state_dHfull_all_rns10h_img_dreamer_s14,0.5,tipped,picked,225485,2000000,1999320,True,,180418,-45067,crossed
dreamer_cluster,human,15,full_r2d_state_dHfull_all_rns10h_img_dreamer_s15,0.5,placed_v2,picked,147519,2000000,1999712,True,,222316,74797,crossed
dreamer_cluster,human,15,full_r2d_state_dHfull_all_rns10h_img_dreamer_s15,0.5,farside,picked,147519,2000000,1999712,True,,222483,74964,crossed
dreamer_cluster,human,15,full_r2d_state_dHfull_all_rns10h_img_dreamer_s15,0.5,slide_event,picked,147519,2000000,1999712,True,,397266,249747,crossed
dreamer_cluster,human,15,full_r2d_state_dHfull_all_rns10h_img_dreamer_s15,0.5,home,picked,147519,2000000,1999712,True,,456569,309050,crossed
dreamer_cluster,human,15,full_r2d_state_dHfull_all_rns10h_img_dreamer_s15,0.5,tipped,picked,147519,2000000,1999712,True,,147543,24,crossed
dreamer_cluster,machine,4,full_r2d_state_dDPfull_first_rns10h_img_dreamer_s4,0.5,placed_v2,picked,245955,1000000,999557,True,,334812,88857,crossed
dreamer_cluster,machine,4,full_r2d_state_dDPfull_first_rns10h_img_dreamer_s4,0.5,farside,picked,245955,1000000,999557,True,,334812,88857,crossed
dreamer_cluster,machine,4,full_r2d_state_dDPfull_first_rns10h_img_dreamer_s4,0.5,slide_event,picked,245955,1000000,999557,True,,342555,96600,crossed
dreamer_cluster,machine,4,full_r2d_state_dDPfull_first_rns10h_img_dreamer_s4,0.5,home,picked,245955,1000000,999557,True,,342555,96600,crossed
dreamer_cluster,machine,4,full_r2d_state_dDPfull_first_rns10h_img_dreamer_s4,0.5,tipped,picked,245955,1000000,999557,True,,441279,195324,crossed
dreamer_cluster,machine,5,full_r2d_state_dDPfull_first_rns10h_img_dreamer_s5,0.5,placed_v2,picked,221715,1000000,992537,True,,225015,3300,crossed
dreamer_cluster,machine,5,full_r2d_state_dDPfull_first_rns10h_img_dreamer_s5,0.5,farside,picked,221715,1000000,992537,True,,277963,56248,crossed
dreamer_cluster,machine,5,full_r2d_state_dDPfull_first_rns10h_img_dreamer_s5,0.5,slide_event,picked,221715,1000000,992537,True,,291763,70048,crossed
dreamer_cluster,machine,5,full_r2d_state_dDPfull_first_rns10h_img_dreamer_s5,0.5,home,picked,221715,1000000,992537,True,,292352,70637,crossed
dreamer_cluster,machine,5,full_r2d_state_dDPfull_first_rns10h_img_dreamer_s5,0.5,tipped,picked,221715,1000000,992537,True,,226131,4416,crossed
dreamer_cluster,machine,6,full_r2d_state_dDPfull_first_rns10h_img_dreamer_s6,0.5,placed_v2,picked,269990,1000000,999552,True,,272271,2281,crossed
dreamer_cluster,machine,6,full_r2d_state_dDPfull_first_rns10h_img_dreamer_s6,0.5,farside,picked,269990,1000000,999552,True,,273557,3567,crossed
dreamer_cluster,machine,6,full_r2d_state_dDPfull_first_rns10h_img_dreamer_s6,0.5,slide_event,picked,269990,1000000,999552,True,,337457,67467,crossed
dreamer_cluster,machine,6,full_r2d_state_dDPfull_first_rns10h_img_dreamer_s6,0.5,home,picked,269990,1000000,999552,True,,337457,67467,crossed
dreamer_cluster,machine,6,full_r2d_state_dDPfull_first_rns10h_img_dreamer_s6,0.5,tipped,picked,269990,1000000,999552,True,,125290,-144700,crossed
dreamer_cluster,machine,7,full_r2d_state_dDPfull_first_rns10h_img_dreamer_s7,0.5,placed_v2,picked,203301,1000000,992801,True,,347460,144159,crossed
dreamer_cluster,machine,7,full_r2d_state_dDPfull_first_rns10h_img_dreamer_s7,0.5,farside,picked,203301,1000000,992801,True,,352715,149414,crossed
dreamer_cluster,machine,7,full_r2d_state_dDPfull_first_rns10h_img_dreamer_s7,0.5,slide_event,picked,203301,1000000,992801,True,,433807,230506,crossed
dreamer_cluster,machine,7,full_r2d_state_dDPfull_first_rns10h_img_dreamer_s7,0.5,home,picked,203301,1000000,992801,True,,439756,236455,crossed
dreamer_cluster,machine,7,full_r2d_state_dDPfull_first_rns10h_img_dreamer_s7,0.5,tipped,picked,203301,1000000,992801,True,,296500,93199,crossed
dreamer_cluster,machine,8,full_r2d_state_dDPfull_first_rns10h_img_dreamer_s8,0.5,placed_v2,picked,183388,2000000,1992570,True,,264875,81487,crossed
dreamer_cluster,machine,8,full_r2d_state_dDPfull_first_rns10h_img_dreamer_s8,0.5,farside,picked,183388,2000000,1992570,True,,267578,84190,crossed
dreamer_cluster,machine,8,full_r2d_state_dDPfull_first_rns10h_img_dreamer_s8,0.5,slide_event,picked,183388,2000000,1992570,True,,360702,177314,crossed
dreamer_cluster,machine,8,full_r2d_state_dDPfull_first_rns10h_img_dreamer_s8,0.5,home,picked,183388,2000000,1992570,True,,362036,178648,crossed
dreamer_cluster,machine,8,full_r2d_state_dDPfull_first_rns10h_img_dreamer_s8,0.5,tipped,picked,183388,2000000,1992570,True,,183388,0,crossed
dreamer_cluster,machine,9,full_r2d_state_dDPfull_first_rns10h_img_dreamer_s9,0.5,placed_v2,picked,164483,2000000,1999020,True,,295206,130723,crossed
dreamer_cluster,machine,9,full_r2d_state_dDPfull_first_rns10h_img_dreamer_s9,0.5,farside,picked,164483,2000000,1999020,True,,295206,130723,crossed
dreamer_cluster,machine,9,full_r2d_state_dDPfull_first_rns10h_img_dreamer_s9,0.5,slide_event,picked,164483,2000000,1999020,True,,310248,145765,crossed
dreamer_cluster,machine,9,full_r2d_state_dDPfull_first_rns10h_img_dreamer_s9,0.5,home,picked,164483,2000000,1999020,True,,310248,145765,crossed
dreamer_cluster,machine,9,full_r2d_state_dDPfull_first_rns10h_img_dreamer_s9,0.5,tipped,picked,164483,2000000,1999020,True,,120822,-43661,crossed
dreamer_cluster,machine,10,full_r2d_state_dDPfull_first_rns10h_img_dreamer_s10,0.5,placed_v2,picked,138488,2000000,1999910,True,,404997,266509,crossed
dreamer_cluster,machine,10,full_r2d_state_dDPfull_first_rns10h_img_dreamer_s10,0.5,farside,picked,138488,2000000,1999910,True,,405064,266576,crossed
dreamer_cluster,machine,10,full_r2d_state_dDPfull_first_rns10h_img_dreamer_s10,0.5,slide_event,picked,138488,2000000,1999910,True,,406148,267660,crossed
dreamer_cluster,machine,10,full_r2d_state_dDPfull_first_rns10h_img_dreamer_s10,0.5,home,picked,138488,2000000,1999910,True,,407811,269323,crossed
dreamer_cluster,machine,10,full_r2d_state_dDPfull_first_rns10h_img_dreamer_s10,0.5,tipped,picked,138488,2000000,1999910,True,,115996,-22492,crossed
dreamer_cluster,machine,11,full_r2d_state_dDPfull_first_rns10h_img_dreamer_s11,0.5,placed_v2,picked,125910,2000000,1999870,True,,284237,158327,crossed
dreamer_cluster,machine,11,full_r2d_state_dDPfull_first_rns10h_img_dreamer_s11,0.5,farside,picked,125910,2000000,1999870,True,,284237,158327,crossed
dreamer_cluster,machine,11,full_r2d_state_dDPfull_first_rns10h_img_dreamer_s11,0.5,slide_event,picked,125910,2000000,1999870,True,,300105,174195,crossed
dreamer_cluster,machine,11,full_r2d_state_dDPfull_first_rns10h_img_dreamer_s11,0.5,home,picked,125910,2000000,1999870,True,,300105,174195,crossed
dreamer_cluster,machine,11,full_r2d_state_dDPfull_first_rns10h_img_dreamer_s11,0.5,tipped,picked,125910,2000000,1999870,True,,164524,38614,crossed
dreamer_cluster,machine,12,full_r2d_state_dDPfull_first_rns10h_img_dreamer_s12,0.5,placed_v2,picked,159370,2000000,1997828,True,,274211,114841,crossed
dreamer_cluster,machine,12,full_r2d_state_dDPfull_first_rns10h_img_dreamer_s12,0.5,farside,picked,159370,2000000,1997828,True,,274211,114841,crossed
dreamer_cluster,machine,12,full_r2d_state_dDPfull_first_rns10h_img_dreamer_s12,0.5,slide_event,picked,159370,2000000,1997828,True,,277315,117945,crossed
dreamer_cluster,machine,12,full_r2d_state_dDPfull_first_rns10h_img_dreamer_s12,0.5,home,picked,159370,2000000,1997828,True,,326249,166879,crossed
dreamer_cluster,machine,12,full_r2d_state_dDPfull_first_rns10h_img_dreamer_s12,0.5,tipped,picked,159370,2000000,1997828,True,,158752,-618,crossed
dreamer_cluster,machine,13,full_r2d_state_dDPfull_first_rns10h_img_dreamer_s13,0.5,placed_v2,picked,237919,2000000,1999651,True,,257331,19412,crossed
dreamer_cluster,machine,13,full_r2d_state_dDPfull_first_rns10h_img_dreamer_s13,0.5,farside,picked,237919,2000000,1999651,True,,257331,19412,crossed
dreamer_cluster,machine,13,full_r2d_state_dDPfull_first_rns10h_img_dreamer_s13,0.5,slide_event,picked,237919,2000000,1999651,True,,336585,98666,crossed
dreamer_cluster,machine,13,full_r2d_state_dDPfull_first_rns10h_img_dreamer_s13,0.5,home,picked,237919,2000000,1999651,True,,336585,98666,crossed
dreamer_cluster,machine,13,full_r2d_state_dDPfull_first_rns10h_img_dreamer_s13,0.5,tipped,picked,237919,2000000,1999651,True,,237919,0,crossed
dreamer_cluster,machine,14,full_r2d_state_dDPfull_first_rns10h_img_dreamer_s14,0.5,placed_v2,picked,320952,2000000,1999709,True,,343801,22849,crossed
dreamer_cluster,machine,14,full_r2d_state_dDPfull_first_rns10h_img_dreamer_s14,0.5,farside,picked,320952,2000000,1999709,True,,343801,22849,crossed
dreamer_cluster,machine,14,full_r2d_state_dDPfull_first_rns10h_img_dreamer_s14,0.5,slide_event,picked,320952,2000000,1999709,True,,347524,26572,crossed
dreamer_cluster,machine,14,full_r2d_state_dDPfull_first_rns10h_img_dreamer_s14,0.5,home,picked,320952,2000000,1999709,True,,347524,26572,crossed
dreamer_cluster,machine,14,full_r2d_state_dDPfull_first_rns10h_img_dreamer_s14,0.5,tipped,picked,320952,2000000,1999709,True,,106609,-214343,crossed
dreamer_cluster,machine,15,full_r2d_state_dDPfull_first_rns10h_img_dreamer_s15,0.5,placed_v2,picked,224918,2000000,1999603,True,,234007,9089,crossed
dreamer_cluster,machine,15,full_r2d_state_dDPfull_first_rns10h_img_dreamer_s15,0.5,farside,picked,224918,2000000,1999603,True,,306502,81584,crossed
dreamer_cluster,machine,15,full_r2d_state_dDPfull_first_rns10h_img_dreamer_s15,0.5,slide_event,picked,224918,2000000,1999603,True,,309266,84348,crossed
dreamer_cluster,machine,15,full_r2d_state_dDPfull_first_rns10h_img_dreamer_s15,0.5,home,picked,224918,2000000,1999603,True,,310196,85278,crossed
dreamer_cluster,machine,15,full_r2d_state_dDPfull_first_rns10h_img_dreamer_s15,0.5,tipped,picked,224918,2000000,1999603,True,,175348,-49570,crossed
dreamer_cluster,planner72,0,full_r2d_state_native_rns10h_img_dreamer_s0,0.5,placed_v2,picked,894144,2000000,1992615,True,,1065844,171700,crossed
dreamer_cluster,planner72,0,full_r2d_state_native_rns10h_img_dreamer_s0,0.5,farside,picked,894144,2000000,1992615,True,,1494331,600187,crossed
dreamer_cluster,planner72,0,full_r2d_state_native_rns10h_img_dreamer_s0,0.5,slide_event,picked,894144,2000000,1992615,True,,1866487,972343,crossed
dreamer_cluster,planner72,0,full_r2d_state_native_rns10h_img_dreamer_s0,0.5,home,picked,894144,2000000,1992615,True,,1866487,972343,crossed
dreamer_cluster,planner72,0,full_r2d_state_native_rns10h_img_dreamer_s0,0.5,tipped,picked,894144,2000000,1992615,True,,371511,-522633,crossed
dreamer_cluster,planner72,1,full_r2d_state_native_rns10h_img_dreamer_s1,0.5,placed_v2,picked,480894,2000000,1992158,True,,894039,413145,crossed
dreamer_cluster,planner72,1,full_r2d_state_native_rns10h_img_dreamer_s1,0.5,farside,picked,480894,2000000,1992158,True,,946304,465410,crossed
dreamer_cluster,planner72,1,full_r2d_state_native_rns10h_img_dreamer_s1,0.5,slide_event,picked,480894,2000000,1992158,True,,never,,never
dreamer_cluster,planner72,1,full_r2d_state_native_rns10h_img_dreamer_s1,0.5,home,picked,480894,2000000,1992158,True,,never,,never
dreamer_cluster,planner72,1,full_r2d_state_native_rns10h_img_dreamer_s1,0.5,tipped,picked,480894,2000000,1992158,True,,483556,2662,crossed
dreamer_cluster,planner72,2,full_r2d_state_native_rns10h_img_dreamer_s2,0.5,placed_v2,picked,401533,2000000,1600654,False,incomplete (still running or interrupted),935245,533712,crossed
dreamer_cluster,planner72,2,full_r2d_state_native_rns10h_img_dreamer_s2,0.5,farside,picked,401533,2000000,1600654,False,incomplete (still running or interrupted),1037707,636174,crossed
dreamer_cluster,planner72,2,full_r2d_state_native_rns10h_img_dreamer_s2,0.5,slide_event,picked,401533,2000000,1600654,False,incomplete (still running or interrupted),1365471,963938,crossed
dreamer_cluster,planner72,2,full_r2d_state_native_rns10h_img_dreamer_s2,0.5,home,picked,401533,2000000,1600654,False,incomplete (still running or interrupted),1550669,1149136,crossed
dreamer_cluster,planner72,2,full_r2d_state_native_rns10h_img_dreamer_s2,0.5,tipped,picked,401533,2000000,1600654,False,incomplete (still running or interrupted),450705,49172,crossed
dreamer_cluster,planner72,3,full_r2d_state_native_rns10h_img_dreamer_s3,0.5,placed_v2,picked,866287,2000000,1514043,False,incomplete (still running or interrupted),1350037,483750,crossed
dreamer_cluster,planner72,3,full_r2d_state_native_rns10h_img_dreamer_s3,0.5,farside,picked,866287,2000000,1514043,False,incomplete (still running or interrupted),1370180,503893,crossed
dreamer_cluster,planner72,3,full_r2d_state_native_rns10h_img_dreamer_s3,0.5,slide_event,picked,866287,2000000,1514043,False,incomplete (still running or interrupted),not_yet,,pending
dreamer_cluster,planner72,3,full_r2d_state_native_rns10h_img_dreamer_s3,0.5,home,picked,866287,2000000,1514043,False,incomplete (still running or interrupted),not_yet,,pending
dreamer_cluster,planner72,3,full_r2d_state_native_rns10h_img_dreamer_s3,0.5,tipped,picked,866287,2000000,1514043,False,incomplete (still running or interrupted),872068,5781,crossed
dreamer_cluster,planner72,4,full_r2d_state_native_rns10h_img_dreamer_s4,0.5,placed_v2,picked,909948,2000000,1609232,False,incomplete (still running or interrupted),1355404,445456,crossed
dreamer_cluster,planner72,4,full_r2d_state_native_rns10h_img_dreamer_s4,0.5,farside,picked,909948,2000000,1609232,False,incomplete (still running or interrupted),1409274,499326,crossed
dreamer_cluster,planner72,4,full_r2d_state_native_rns10h_img_dreamer_s4,0.5,slide_event,picked,909948,2000000,1609232,False,incomplete (still running or interrupted),not_yet,,pending
dreamer_cluster,planner72,4,full_r2d_state_native_rns10h_img_dreamer_s4,0.5,home,picked,909948,2000000,1609232,False,incomplete (still running or interrupted),not_yet,,pending
dreamer_cluster,planner72,4,full_r2d_state_native_rns10h_img_dreamer_s4,0.5,tipped,picked,909948,2000000,1609232,False,incomplete (still running or interrupted),918628,8680,crossed
dreamer_cluster,planner72,5,full_r2d_state_native_rns10h_img_dreamer_s5,0.5,placed_v2,picked,907269,2000000,1503771,False,incomplete (still running or interrupted),1399458,492189,crossed
dreamer_cluster,planner72,5,full_r2d_state_native_rns10h_img_dreamer_s5,0.5,farside,picked,907269,2000000,1503771,False,incomplete (still running or interrupted),not_yet,,pending
dreamer_cluster,planner72,5,full_r2d_state_native_rns10h_img_dreamer_s5,0.5,slide_event,picked,907269,2000000,1503771,False,incomplete (still running or interrupted),not_yet,,pending
dreamer_cluster,planner72,5,full_r2d_state_native_rns10h_img_dreamer_s5,0.5,home,picked,907269,2000000,1503771,False,incomplete (still running or interrupted),not_yet,,pending
dreamer_cluster,planner72,5,full_r2d_state_native_rns10h_img_dreamer_s5,0.5,tipped,picked,907269,2000000,1503771,False,incomplete (still running or interrupted),334427,-572842,crossed
dreamer_cluster,planner72,6,full_r2d_state_native_rns10h_img_dreamer_s6,0.5,placed_v2,picked,392487,2000000,772404,False,incomplete (still running or interrupted),not_yet,,pending
dreamer_cluster,planner72,6,full_r2d_state_native_rns10h_img_dreamer_s6,0.5,farside,picked,392487,2000000,772404,False,incomplete (still running or interrupted),not_yet,,pending
dreamer_cluster,planner72,6,full_r2d_state_native_rns10h_img_dreamer_s6,0.5,slide_event,picked,392487,2000000,772404,False,incomplete (still running or interrupted),not_yet,,pending
dreamer_cluster,planner72,6,full_r2d_state_native_rns10h_img_dreamer_s6,0.5,home,picked,392487,2000000,772404,False,incomplete (still running or interrupted),not_yet,,pending
dreamer_cluster,planner72,6,full_r2d_state_native_rns10h_img_dreamer_s6,0.5,tipped,picked,392487,2000000,772404,False,incomplete (still running or interrupted),not_yet,,pending
dreamer_cluster,r2teacher,6,full_r2d_state_native_rns10h_img_dreamer_s6,0.5,placed_v2,picked,257868,2000000,1999411,True,,270316,12448,crossed
dreamer_cluster,r2teacher,6,full_r2d_state_native_rns10h_img_dreamer_s6,0.5,farside,picked,257868,2000000,1999411,True,,270316,12448,crossed
dreamer_cluster,r2teacher,6,full_r2d_state_native_rns10h_img_dreamer_s6,0.5,slide_event,picked,257868,2000000,1999411,True,,303683,45815,crossed
dreamer_cluster,r2teacher,6,full_r2d_state_native_rns10h_img_dreamer_s6,0.5,home,picked,257868,2000000,1999411,True,,308378,50510,crossed
dreamer_cluster,r2teacher,6,full_r2d_state_native_rns10h_img_dreamer_s6,0.5,tipped,picked,257868,2000000,1999411,True,,49576,-208292,crossed
r2dreamer_cluster,human,0,full_r2d_state_dHfull_all_rns10h_img_r2dreamer_s0,0.5,placed_v2,picked,90041,1000000,992706,True,,276755,186714,crossed
r2dreamer_cluster,human,0,full_r2d_state_dHfull_all_rns10h_img_r2dreamer_s0,0.5,farside,picked,90041,1000000,992706,True,,276755,186714,crossed
r2dreamer_cluster,human,0,full_r2d_state_dHfull_all_rns10h_img_r2dreamer_s0,0.5,slide_event,picked,90041,1000000,992706,True,,281928,191887,crossed
r2dreamer_cluster,human,0,full_r2d_state_dHfull_all_rns10h_img_r2dreamer_s0,0.5,home,picked,90041,1000000,992706,True,,285723,195682,crossed
r2dreamer_cluster,human,0,full_r2d_state_dHfull_all_rns10h_img_r2dreamer_s0,0.5,tipped,picked,90041,1000000,992706,True,,88519,-1522,crossed
r2dreamer_cluster,human,1,full_r2d_state_dHfull_all_rns10h_img_r2dreamer_s1,0.5,placed_v2,picked,155745,1000000,992600,True,,201628,45883,crossed
r2dreamer_cluster,human,1,full_r2d_state_dHfull_all_rns10h_img_r2dreamer_s1,0.5,farside,picked,155745,1000000,992600,True,,205069,49324,crossed
r2dreamer_cluster,human,1,full_r2d_state_dHfull_all_rns10h_img_r2dreamer_s1,0.5,slide_event,picked,155745,1000000,992600,True,,245645,89900,crossed
r2dreamer_cluster,human,1,full_r2d_state_dHfull_all_rns10h_img_r2dreamer_s1,0.5,home,picked,155745,1000000,992600,True,,249481,93736,crossed
r2dreamer_cluster,human,1,full_r2d_state_dHfull_all_rns10h_img_r2dreamer_s1,0.5,tipped,picked,155745,1000000,992600,True,,95105,-60640,crossed
r2dreamer_cluster,human,2,full_r2d_state_dHfull_all_rns10h_img_r2dreamer_s2,0.5,placed_v2,picked,134439,1000000,999630,True,,248585,114146,crossed
r2dreamer_cluster,human,2,full_r2d_state_dHfull_all_rns10h_img_r2dreamer_s2,0.5,farside,picked,134439,1000000,999630,True,,253116,118677,crossed
r2dreamer_cluster,human,2,full_r2d_state_dHfull_all_rns10h_img_r2dreamer_s2,0.5,slide_event,picked,134439,1000000,999630,True,,256397,121958,crossed
r2dreamer_cluster,human,2,full_r2d_state_dHfull_all_rns10h_img_r2dreamer_s2,0.5,home,picked,134439,1000000,999630,True,,290041,155602,crossed
r2dreamer_cluster,human,2,full_r2d_state_dHfull_all_rns10h_img_r2dreamer_s2,0.5,tipped,picked,134439,1000000,999630,True,,129842,-4597,crossed
r2dreamer_cluster,human,3,full_r2d_state_dHfull_all_rns10h_img_r2dreamer_s3,0.5,placed_v2,picked,122540,2000000,1992796,True,,199530,76990,crossed
r2dreamer_cluster,human,3,full_r2d_state_dHfull_all_rns10h_img_r2dreamer_s3,0.5,farside,picked,122540,2000000,1992796,True,,220663,98123,crossed
r2dreamer_cluster,human,3,full_r2d_state_dHfull_all_rns10h_img_r2dreamer_s3,0.5,slide_event,picked,122540,2000000,1992796,True,,238220,115680,crossed
r2dreamer_cluster,human,3,full_r2d_state_dHfull_all_rns10h_img_r2dreamer_s3,0.5,home,picked,122540,2000000,1992796,True,,246021,123481,crossed
r2dreamer_cluster,human,3,full_r2d_state_dHfull_all_rns10h_img_r2dreamer_s3,0.5,tipped,picked,122540,2000000,1992796,True,,113639,-8901,crossed
r2dreamer_cluster,human,4,full_r2d_state_dHfull_all_rns10h_img_r2dreamer_s4,0.5,placed_v2,picked,102998,2000000,1999344,True,,222811,119813,crossed
r2dreamer_cluster,human,4,full_r2d_state_dHfull_all_rns10h_img_r2dreamer_s4,0.5,farside,picked,102998,2000000,1999344,True,,226421,123423,crossed
r2dreamer_cluster,human,4,full_r2d_state_dHfull_all_rns10h_img_r2dreamer_s4,0.5,slide_event,picked,102998,2000000,1999344,True,,265874,162876,crossed
r2dreamer_cluster,human,4,full_r2d_state_dHfull_all_rns10h_img_r2dreamer_s4,0.5,home,picked,102998,2000000,1999344,True,,268952,165954,crossed
r2dreamer_cluster,human,4,full_r2d_state_dHfull_all_rns10h_img_r2dreamer_s4,0.5,tipped,picked,102998,2000000,1999344,True,,99659,-3339,crossed
r2dreamer_cluster,human,5,full_r2d_state_dHfull_all_rns10h_img_r2dreamer_s5,0.5,placed_v2,picked,189198,2000000,1992445,True,,189620,422,crossed
r2dreamer_cluster,human,5,full_r2d_state_dHfull_all_rns10h_img_r2dreamer_s5,0.5,farside,picked,189198,2000000,1992445,True,,189620,422,crossed
r2dreamer_cluster,human,5,full_r2d_state_dHfull_all_rns10h_img_r2dreamer_s5,0.5,slide_event,picked,189198,2000000,1992445,True,,248536,59338,crossed
r2dreamer_cluster,human,5,full_r2d_state_dHfull_all_rns10h_img_r2dreamer_s5,0.5,home,picked,189198,2000000,1992445,True,,259484,70286,crossed
r2dreamer_cluster,human,5,full_r2d_state_dHfull_all_rns10h_img_r2dreamer_s5,0.5,tipped,picked,189198,2000000,1992445,True,,189620,422,crossed
r2dreamer_cluster,human,6,full_r2d_state_dHfull_all_rns10h_img_r2dreamer_s6,0.5,placed_v2,picked,118840,2000000,1998152,True,,206923,88083,crossed
r2dreamer_cluster,human,6,full_r2d_state_dHfull_all_rns10h_img_r2dreamer_s6,0.5,farside,picked,118840,2000000,1998152,True,,206923,88083,crossed
r2dreamer_cluster,human,6,full_r2d_state_dHfull_all_rns10h_img_r2dreamer_s6,0.5,slide_event,picked,118840,2000000,1998152,True,,223520,104680,crossed
r2dreamer_cluster,human,6,full_r2d_state_dHfull_all_rns10h_img_r2dreamer_s6,0.5,home,picked,118840,2000000,1998152,True,,241198,122358,crossed
r2dreamer_cluster,human,6,full_r2d_state_dHfull_all_rns10h_img_r2dreamer_s6,0.5,tipped,picked,118840,2000000,1998152,True,,113610,-5230,crossed
r2dreamer_cluster,human,7,full_r2d_state_dHfull_all_rns10h_img_r2dreamer_s7,0.5,placed_v2,picked,131408,2000000,1992823,True,,202509,71101,crossed
r2dreamer_cluster,human,7,full_r2d_state_dHfull_all_rns10h_img_r2dreamer_s7,0.5,farside,picked,131408,2000000,1992823,True,,202509,71101,crossed
r2dreamer_cluster,human,7,full_r2d_state_dHfull_all_rns10h_img_r2dreamer_s7,0.5,slide_event,picked,131408,2000000,1992823,True,,258041,126633,crossed
r2dreamer_cluster,human,7,full_r2d_state_dHfull_all_rns10h_img_r2dreamer_s7,0.5,home,picked,131408,2000000,1992823,True,,258041,126633,crossed
r2dreamer_cluster,human,7,full_r2d_state_dHfull_all_rns10h_img_r2dreamer_s7,0.5,tipped,picked,131408,2000000,1992823,True,,134763,3355,crossed
r2dreamer_cluster,human,8,full_r2d_state_dHfull_all_rns10h_img_r2dreamer_s8,0.5,placed_v2,picked,124956,2000000,1992549,True,,229376,104420,crossed
r2dreamer_cluster,human,8,full_r2d_state_dHfull_all_rns10h_img_r2dreamer_s8,0.5,farside,picked,124956,2000000,1992549,True,,229928,104972,crossed
r2dreamer_cluster,human,8,full_r2d_state_dHfull_all_rns10h_img_r2dreamer_s8,0.5,slide_event,picked,124956,2000000,1992549,True,,286921,161965,crossed
r2dreamer_cluster,human,8,full_r2d_state_dHfull_all_rns10h_img_r2dreamer_s8,0.5,home,picked,124956,2000000,1992549,True,,286921,161965,crossed
r2dreamer_cluster,human,8,full_r2d_state_dHfull_all_rns10h_img_r2dreamer_s8,0.5,tipped,picked,124956,2000000,1992549,True,,120808,-4148,crossed
r2dreamer_cluster,human,9,full_r2d_state_dHfull_all_rns10h_img_r2dreamer_s9,0.5,placed_v2,picked,141878,2000000,1999912,True,,218045,76167,crossed
r2dreamer_cluster,human,9,full_r2d_state_dHfull_all_rns10h_img_r2dreamer_s9,0.5,farside,picked,141878,2000000,1999912,True,,218045,76167,crossed
r2dreamer_cluster,human,9,full_r2d_state_dHfull_all_rns10h_img_r2dreamer_s9,0.5,slide_event,picked,141878,2000000,1999912,True,,219969,78091,crossed
r2dreamer_cluster,human,9,full_r2d_state_dHfull_all_rns10h_img_r2dreamer_s9,0.5,home,picked,141878,2000000,1999912,True,,221832,79954,crossed
r2dreamer_cluster,human,9,full_r2d_state_dHfull_all_rns10h_img_r2dreamer_s9,0.5,tipped,picked,141878,2000000,1999912,True,,124271,-17607,crossed
r2dreamer_cluster,human,10,full_r2d_state_dHfull_all_rns10h_img_r2dreamer_s10,0.5,placed_v2,picked,130887,2000000,1999551,True,,215691,84804,crossed
r2dreamer_cluster,human,10,full_r2d_state_dHfull_all_rns10h_img_r2dreamer_s10,0.5,farside,picked,130887,2000000,1999551,True,,215691,84804,crossed
r2dreamer_cluster,human,10,full_r2d_state_dHfull_all_rns10h_img_r2dreamer_s10,0.5,slide_event,picked,130887,2000000,1999551,True,,310617,179730,crossed
r2dreamer_cluster,human,10,full_r2d_state_dHfull_all_rns10h_img_r2dreamer_s10,0.5,home,picked,130887,2000000,1999551,True,,358358,227471,crossed
r2dreamer_cluster,human,10,full_r2d_state_dHfull_all_rns10h_img_r2dreamer_s10,0.5,tipped,picked,130887,2000000,1999551,True,,129682,-1205,crossed
r2dreamer_cluster,human,11,full_r2d_state_dHfull_all_rns10h_img_r2dreamer_s11,0.5,placed_v2,picked,114358,2000000,1999866,True,,245235,130877,crossed
r2dreamer_cluster,human,11,full_r2d_state_dHfull_all_rns10h_img_r2dreamer_s11,0.5,farside,picked,114358,2000000,1999866,True,,245235,130877,crossed
r2dreamer_cluster,human,11,full_r2d_state_dHfull_all_rns10h_img_r2dreamer_s11,0.5,slide_event,picked,114358,2000000,1999866,True,,245657,131299,crossed
r2dreamer_cluster,human,11,full_r2d_state_dHfull_all_rns10h_img_r2dreamer_s11,0.5,home,picked,114358,2000000,1999866,True,,246757,132399,crossed
r2dreamer_cluster,human,11,full_r2d_state_dHfull_all_rns10h_img_r2dreamer_s11,0.5,tipped,picked,114358,2000000,1999866,True,,112472,-1886,crossed
r2dreamer_cluster,human,12,full_r2d_state_dHfull_all_rns10h_img_r2dreamer_s12,0.5,placed_v2,picked,180515,2000000,1999783,True,,186119,5604,crossed
r2dreamer_cluster,human,12,full_r2d_state_dHfull_all_rns10h_img_r2dreamer_s12,0.5,farside,picked,180515,2000000,1999783,True,,190081,9566,crossed
r2dreamer_cluster,human,12,full_r2d_state_dHfull_all_rns10h_img_r2dreamer_s12,0.5,slide_event,picked,180515,2000000,1999783,True,,264583,84068,crossed
r2dreamer_cluster,human,12,full_r2d_state_dHfull_all_rns10h_img_r2dreamer_s12,0.5,home,picked,180515,2000000,1999783,True,,277920,97405,crossed
r2dreamer_cluster,human,12,full_r2d_state_dHfull_all_rns10h_img_r2dreamer_s12,0.5,tipped,picked,180515,2000000,1999783,True,,180963,448,crossed
r2dreamer_cluster,human,13,full_r2d_state_dHfull_all_rns10h_img_r2dreamer_s13,0.5,placed_v2,picked,121227,2000000,1999896,True,,220000,98773,crossed
r2dreamer_cluster,human,13,full_r2d_state_dHfull_all_rns10h_img_r2dreamer_s13,0.5,farside,picked,121227,2000000,1999896,True,,220000,98773,crossed
r2dreamer_cluster,human,13,full_r2d_state_dHfull_all_rns10h_img_r2dreamer_s13,0.5,slide_event,picked,121227,2000000,1999896,True,,226941,105714,crossed
r2dreamer_cluster,human,13,full_r2d_state_dHfull_all_rns10h_img_r2dreamer_s13,0.5,home,picked,121227,2000000,1999896,True,,237200,115973,crossed
r2dreamer_cluster,human,13,full_r2d_state_dHfull_all_rns10h_img_r2dreamer_s13,0.5,tipped,picked,121227,2000000,1999896,True,,114644,-6583,crossed
r2dreamer_cluster,human,14,full_r2d_state_dHfull_all_rns10h_img_r2dreamer_s14,0.5,placed_v2,picked,168914,2000000,1999713,True,,207901,38987,crossed
r2dreamer_cluster,human,14,full_r2d_state_dHfull_all_rns10h_img_r2dreamer_s14,0.5,farside,picked,168914,2000000,1999713,True,,207901,38987,crossed
r2dreamer_cluster,human,14,full_r2d_state_dHfull_all_rns10h_img_r2dreamer_s14,0.5,slide_event,picked,168914,2000000,1999713,True,,243834,74920,crossed
r2dreamer_cluster,human,14,full_r2d_state_dHfull_all_rns10h_img_r2dreamer_s14,0.5,home,picked,168914,2000000,1999713,True,,284161,115247,crossed
r2dreamer_cluster,human,14,full_r2d_state_dHfull_all_rns10h_img_r2dreamer_s14,0.5,tipped,picked,168914,2000000,1999713,True,,116620,-52294,crossed
r2dreamer_cluster,human,15,full_r2d_state_dHfull_all_rns10h_img_r2dreamer_s15,0.5,placed_v2,picked,137429,2000000,1992719,True,,263484,126055,crossed
r2dreamer_cluster,human,15,full_r2d_state_dHfull_all_rns10h_img_r2dreamer_s15,0.5,farside,picked,137429,2000000,1992719,True,,263599,126170,crossed
r2dreamer_cluster,human,15,full_r2d_state_dHfull_all_rns10h_img_r2dreamer_s15,0.5,slide_event,picked,137429,2000000,1992719,True,,314780,177351,crossed
r2dreamer_cluster,human,15,full_r2d_state_dHfull_all_rns10h_img_r2dreamer_s15,0.5,home,picked,137429,2000000,1992719,True,,371632,234203,crossed
r2dreamer_cluster,human,15,full_r2d_state_dHfull_all_rns10h_img_r2dreamer_s15,0.5,tipped,picked,137429,2000000,1992719,True,,134148,-3281,crossed
r2dreamer_cluster,machine,0,full_r2d_state_dDPfull_first_rns10h_img_r2dreamer_s0,0.5,placed_v2,picked,179292,1000000,992669,True,,187667,8375,crossed
r2dreamer_cluster,machine,0,full_r2d_state_dDPfull_first_rns10h_img_r2dreamer_s0,0.5,farside,picked,179292,1000000,992669,True,,243542,64250,crossed
r2dreamer_cluster,machine,0,full_r2d_state_dDPfull_first_rns10h_img_r2dreamer_s0,0.5,slide_event,picked,179292,1000000,992669,True,,250313,71021,crossed
r2dreamer_cluster,machine,0,full_r2d_state_dDPfull_first_rns10h_img_r2dreamer_s0,0.5,home,picked,179292,1000000,992669,True,,250313,71021,crossed
r2dreamer_cluster,machine,0,full_r2d_state_dDPfull_first_rns10h_img_r2dreamer_s0,0.5,tipped,picked,179292,1000000,992669,True,,174759,-4533,crossed
r2dreamer_cluster,machine,1,full_r2d_state_dDPfull_first_rns10h_img_r2dreamer_s1,0.5,placed_v2,picked,137292,1000000,994829,True,,267728,130436,crossed
r2dreamer_cluster,machine,1,full_r2d_state_dDPfull_first_rns10h_img_r2dreamer_s1,0.5,farside,picked,137292,1000000,994829,True,,278212,140920,crossed
r2dreamer_cluster,machine,1,full_r2d_state_dDPfull_first_rns10h_img_r2dreamer_s1,0.5,slide_event,picked,137292,1000000,994829,True,,303260,165968,crossed
r2dreamer_cluster,machine,1,full_r2d_state_dDPfull_first_rns10h_img_r2dreamer_s1,0.5,home,picked,137292,1000000,994829,True,,303475,166183,crossed
r2dreamer_cluster,machine,1,full_r2d_state_dDPfull_first_rns10h_img_r2dreamer_s1,0.5,tipped,picked,137292,1000000,994829,True,,136887,-405,crossed
r2dreamer_cluster,machine,2,full_r2d_state_dDPfull_first_rns10h_img_r2dreamer_s2,0.5,placed_v2,picked,157713,1000000,999197,True,,178939,21226,crossed
r2dreamer_cluster,machine,2,full_r2d_state_dDPfull_first_rns10h_img_r2dreamer_s2,0.5,farside,picked,157713,1000000,999197,True,,179270,21557,crossed
r2dreamer_cluster,machine,2,full_r2d_state_dDPfull_first_rns10h_img_r2dreamer_s2,0.5,slide_event,picked,157713,1000000,999197,True,,239386,81673,crossed
r2dreamer_cluster,machine,2,full_r2d_state_dDPfull_first_rns10h_img_r2dreamer_s2,0.5,home,picked,157713,1000000,999197,True,,239387,81674,crossed
r2dreamer_cluster,machine,2,full_r2d_state_dDPfull_first_rns10h_img_r2dreamer_s2,0.5,tipped,picked,157713,1000000,999197,True,,157713,0,crossed
r2dreamer_cluster,machine,3,full_r2d_state_dDPfull_first_rns10h_img_r2dreamer_s3,0.5,placed_v2,picked,134813,2000000,1992610,True,,220755,85942,crossed
r2dreamer_cluster,machine,3,full_r2d_state_dDPfull_first_rns10h_img_r2dreamer_s3,0.5,farside,picked,134813,2000000,1992610,True,,220755,85942,crossed
r2dreamer_cluster,machine,3,full_r2d_state_dDPfull_first_rns10h_img_r2dreamer_s3,0.5,slide_event,picked,134813,2000000,1992610,True,,280861,146048,crossed
r2dreamer_cluster,machine,3,full_r2d_state_dDPfull_first_rns10h_img_r2dreamer_s3,0.5,home,picked,134813,2000000,1992610,True,,292227,157414,crossed
r2dreamer_cluster,machine,3,full_r2d_state_dDPfull_first_rns10h_img_r2dreamer_s3,0.5,tipped,picked,134813,2000000,1992610,True,,130640,-4173,crossed
r2dreamer_cluster,machine,4,full_r2d_state_dDPfull_first_rns10h_img_r2dreamer_s4,0.5,placed_v2,picked,193852,2000000,1999440,True,,198153,4301,crossed
r2dreamer_cluster,machine,4,full_r2d_state_dDPfull_first_rns10h_img_r2dreamer_s4,0.5,farside,picked,193852,2000000,1999440,True,,198153,4301,crossed
r2dreamer_cluster,machine,4,full_r2d_state_dDPfull_first_rns10h_img_r2dreamer_s4,0.5,slide_event,picked,193852,2000000,1999440,True,,252088,58236,crossed
r2dreamer_cluster,machine,4,full_r2d_state_dDPfull_first_rns10h_img_r2dreamer_s4,0.5,home,picked,193852,2000000,1999440,True,,269959,76107,crossed
r2dreamer_cluster,machine,4,full_r2d_state_dDPfull_first_rns10h_img_r2dreamer_s4,0.5,tipped,picked,193852,2000000,1999440,True,,223417,29565,crossed
r2dreamer_cluster,machine,5,full_r2d_state_dDPfull_first_rns10h_img_r2dreamer_s5,0.5,placed_v2,picked,148105,2000000,1999138,True,,240084,91979,crossed
r2dreamer_cluster,machine,5,full_r2d_state_dDPfull_first_rns10h_img_r2dreamer_s5,0.5,farside,picked,148105,2000000,1999138,True,,240151,92046,crossed
r2dreamer_cluster,machine,5,full_r2d_state_dDPfull_first_rns10h_img_r2dreamer_s5,0.5,slide_event,picked,148105,2000000,1999138,True,,257389,109284,crossed
r2dreamer_cluster,machine,5,full_r2d_state_dDPfull_first_rns10h_img_r2dreamer_s5,0.5,home,picked,148105,2000000,1999138,True,,257389,109284,crossed
r2dreamer_cluster,machine,5,full_r2d_state_dDPfull_first_rns10h_img_r2dreamer_s5,0.5,tipped,picked,148105,2000000,1999138,True,,144654,-3451,crossed
r2dreamer_cluster,machine,6,full_r2d_state_dDPfull_first_rns10h_img_r2dreamer_s6,0.5,placed_v2,picked,130945,2000000,1998181,True,,140020,9075,crossed
r2dreamer_cluster,machine,6,full_r2d_state_dDPfull_first_rns10h_img_r2dreamer_s6,0.5,farside,picked,130945,2000000,1998181,True,,140020,9075,crossed
r2dreamer_cluster,machine,6,full_r2d_state_dDPfull_first_rns10h_img_r2dreamer_s6,0.5,slide_event,picked,130945,2000000,1998181,True,,142420,11475,crossed
r2dreamer_cluster,machine,6,full_r2d_state_dDPfull_first_rns10h_img_r2dreamer_s6,0.5,home,picked,130945,2000000,1998181,True,,232652,101707,crossed
r2dreamer_cluster,machine,6,full_r2d_state_dDPfull_first_rns10h_img_r2dreamer_s6,0.5,tipped,picked,130945,2000000,1998181,True,,128984,-1961,crossed
r2dreamer_cluster,machine,7,full_r2d_state_dDPfull_first_rns10h_img_r2dreamer_s7,0.5,placed_v2,picked,153512,2000000,1992502,True,,157245,3733,crossed
r2dreamer_cluster,machine,7,full_r2d_state_dDPfull_first_rns10h_img_r2dreamer_s7,0.5,farside,picked,153512,2000000,1992502,True,,159130,5618,crossed
r2dreamer_cluster,machine,7,full_r2d_state_dDPfull_first_rns10h_img_r2dreamer_s7,0.5,slide_event,picked,153512,2000000,1992502,True,,233454,79942,crossed
r2dreamer_cluster,machine,7,full_r2d_state_dDPfull_first_rns10h_img_r2dreamer_s7,0.5,home,picked,153512,2000000,1992502,True,,233740,80228,crossed
r2dreamer_cluster,machine,7,full_r2d_state_dDPfull_first_rns10h_img_r2dreamer_s7,0.5,tipped,picked,153512,2000000,1992502,True,,163537,10025,crossed
r2dreamer_cluster,machine,8,full_r2d_state_dDPfull_first_rns10h_img_r2dreamer_s8,0.5,placed_v2,picked,159377,2000000,1992708,True,,210695,51318,crossed
r2dreamer_cluster,machine,8,full_r2d_state_dDPfull_first_rns10h_img_r2dreamer_s8,0.5,farside,picked,159377,2000000,1992708,True,,278581,119204,crossed
r2dreamer_cluster,machine,8,full_r2d_state_dDPfull_first_rns10h_img_r2dreamer_s8,0.5,slide_event,picked,159377,2000000,1992708,True,,280387,121010,crossed
r2dreamer_cluster,machine,8,full_r2d_state_dDPfull_first_rns10h_img_r2dreamer_s8,0.5,home,picked,159377,2000000,1992708,True,,284621,125244,crossed
r2dreamer_cluster,machine,8,full_r2d_state_dDPfull_first_rns10h_img_r2dreamer_s8,0.5,tipped,picked,159377,2000000,1992708,True,,139724,-19653,crossed
r2dreamer_cluster,machine,9,full_r2d_state_dDPfull_first_rns10h_img_r2dreamer_s9,0.5,placed_v2,picked,246319,2000000,1999396,True,,258692,12373,crossed
r2dreamer_cluster,machine,9,full_r2d_state_dDPfull_first_rns10h_img_r2dreamer_s9,0.5,farside,picked,246319,2000000,1999396,True,,258692,12373,crossed
r2dreamer_cluster,machine,9,full_r2d_state_dDPfull_first_rns10h_img_r2dreamer_s9,0.5,slide_event,picked,246319,2000000,1999396,True,,258932,12613,crossed
r2dreamer_cluster,machine,9,full_r2d_state_dDPfull_first_rns10h_img_r2dreamer_s9,0.5,home,picked,246319,2000000,1999396,True,,258932,12613,crossed
r2dreamer_cluster,machine,9,full_r2d_state_dDPfull_first_rns10h_img_r2dreamer_s9,0.5,tipped,picked,246319,2000000,1999396,True,,146160,-100159,crossed
r2dreamer_cluster,machine,10,full_r2d_state_dDPfull_first_rns10h_img_r2dreamer_s10,0.5,placed_v2,picked,176621,2000000,1999943,True,,256355,79734,crossed
r2dreamer_cluster,machine,10,full_r2d_state_dDPfull_first_rns10h_img_r2dreamer_s10,0.5,farside,picked,176621,2000000,1999943,True,,259735,83114,crossed
r2dreamer_cluster,machine,10,full_r2d_state_dDPfull_first_rns10h_img_r2dreamer_s10,0.5,slide_event,picked,176621,2000000,1999943,True,,294877,118256,crossed
r2dreamer_cluster,machine,10,full_r2d_state_dDPfull_first_rns10h_img_r2dreamer_s10,0.5,home,picked,176621,2000000,1999943,True,,294877,118256,crossed
r2dreamer_cluster,machine,10,full_r2d_state_dDPfull_first_rns10h_img_r2dreamer_s10,0.5,tipped,picked,176621,2000000,1999943,True,,131942,-44679,crossed
r2dreamer_cluster,machine,11,full_r2d_state_dDPfull_first_rns10h_img_r2dreamer_s11,0.5,placed_v2,picked,174346,2000000,1999893,True,,176015,1669,crossed
r2dreamer_cluster,machine,11,full_r2d_state_dDPfull_first_rns10h_img_r2dreamer_s11,0.5,farside,picked,174346,2000000,1999893,True,,177806,3460,crossed
r2dreamer_cluster,machine,11,full_r2d_state_dDPfull_first_rns10h_img_r2dreamer_s11,0.5,slide_event,picked,174346,2000000,1999893,True,,207085,32739,crossed
r2dreamer_cluster,machine,11,full_r2d_state_dDPfull_first_rns10h_img_r2dreamer_s11,0.5,home,picked,174346,2000000,1999893,True,,252988,78642,crossed
r2dreamer_cluster,machine,11,full_r2d_state_dDPfull_first_rns10h_img_r2dreamer_s11,0.5,tipped,picked,174346,2000000,1999893,True,,202591,28245,crossed
r2dreamer_cluster,machine,12,full_r2d_state_dDPfull_first_rns10h_img_r2dreamer_s12,0.5,placed_v2,picked,151030,2000000,1999744,True,,155902,4872,crossed
r2dreamer_cluster,machine,12,full_r2d_state_dDPfull_first_rns10h_img_r2dreamer_s12,0.5,farside,picked,151030,2000000,1999744,True,,155902,4872,crossed
r2dreamer_cluster,machine,12,full_r2d_state_dDPfull_first_rns10h_img_r2dreamer_s12,0.5,slide_event,picked,151030,2000000,1999744,True,,248282,97252,crossed
r2dreamer_cluster,machine,12,full_r2d_state_dDPfull_first_rns10h_img_r2dreamer_s12,0.5,home,picked,151030,2000000,1999744,True,,248496,97466,crossed
r2dreamer_cluster,machine,12,full_r2d_state_dDPfull_first_rns10h_img_r2dreamer_s12,0.5,tipped,picked,151030,2000000,1999744,True,,164343,13313,crossed
r2dreamer_cluster,machine,13,full_r2d_state_dDPfull_first_rns10h_img_r2dreamer_s13,0.5,placed_v2,picked,153918,2000000,1999747,True,,168136,14218,crossed
r2dreamer_cluster,machine,13,full_r2d_state_dDPfull_first_rns10h_img_r2dreamer_s13,0.5,farside,picked,153918,2000000,1999747,True,,168136,14218,crossed
r2dreamer_cluster,machine,13,full_r2d_state_dDPfull_first_rns10h_img_r2dreamer_s13,0.5,slide_event,picked,153918,2000000,1999747,True,,182431,28513,crossed
r2dreamer_cluster,machine,13,full_r2d_state_dDPfull_first_rns10h_img_r2dreamer_s13,0.5,home,picked,153918,2000000,1999747,True,,184007,30089,crossed
r2dreamer_cluster,machine,13,full_r2d_state_dDPfull_first_rns10h_img_r2dreamer_s13,0.5,tipped,picked,153918,2000000,1999747,True,,153918,0,crossed
r2dreamer_cluster,machine,14,full_r2d_state_dDPfull_first_rns10h_img_r2dreamer_s14,0.5,placed_v2,picked,199935,2000000,1999803,True,,276463,76528,crossed
r2dreamer_cluster,machine,14,full_r2d_state_dDPfull_first_rns10h_img_r2dreamer_s14,0.5,farside,picked,199935,2000000,1999803,True,,276463,76528,crossed
r2dreamer_cluster,machine,14,full_r2d_state_dDPfull_first_rns10h_img_r2dreamer_s14,0.5,slide_event,picked,199935,2000000,1999803,True,,278184,78249,crossed
r2dreamer_cluster,machine,14,full_r2d_state_dDPfull_first_rns10h_img_r2dreamer_s14,0.5,home,picked,199935,2000000,1999803,True,,307081,107146,crossed
r2dreamer_cluster,machine,14,full_r2d_state_dDPfull_first_rns10h_img_r2dreamer_s14,0.5,tipped,picked,199935,2000000,1999803,True,,145887,-54048,crossed
r2dreamer_cluster,machine,15,full_r2d_state_dDPfull_first_rns10h_img_r2dreamer_s15,0.5,placed_v2,picked,140049,2000000,1992781,True,,320709,180660,crossed
r2dreamer_cluster,machine,15,full_r2d_state_dDPfull_first_rns10h_img_r2dreamer_s15,0.5,farside,picked,140049,2000000,1992781,True,,320709,180660,crossed
r2dreamer_cluster,machine,15,full_r2d_state_dDPfull_first_rns10h_img_r2dreamer_s15,0.5,slide_event,picked,140049,2000000,1992781,True,,326936,186887,crossed
r2dreamer_cluster,machine,15,full_r2d_state_dDPfull_first_rns10h_img_r2dreamer_s15,0.5,home,picked,140049,2000000,1992781,True,,334281,194232,crossed
r2dreamer_cluster,machine,15,full_r2d_state_dDPfull_first_rns10h_img_r2dreamer_s15,0.5,tipped,picked,140049,2000000,1992781,True,,134054,-5995,crossed
r2dreamer_cluster,planner72,0,full_r2d_state_native_rns10h_img_r2dreamer_s0,0.5,placed_v2,picked,261851,2000000,1612941,False,incomplete (still running or interrupted),362944,101093,crossed
r2dreamer_cluster,planner72,0,full_r2d_state_native_rns10h_img_r2dreamer_s0,0.5,farside,picked,261851,2000000,1612941,False,incomplete (still running or interrupted),413547,151696,crossed
r2dreamer_cluster,planner72,0,full_r2d_state_native_rns10h_img_r2dreamer_s0,0.5,slide_event,picked,261851,2000000,1612941,False,incomplete (still running or interrupted),455061,193210,crossed
r2dreamer_cluster,planner72,0,full_r2d_state_native_rns10h_img_r2dreamer_s0,0.5,home,picked,261851,2000000,1612941,False,incomplete (still running or interrupted),458155,196304,crossed
r2dreamer_cluster,planner72,0,full_r2d_state_native_rns10h_img_r2dreamer_s0,0.5,tipped,picked,261851,2000000,1612941,False,incomplete (still running or interrupted),236988,-24863,crossed
r2dreamer_cluster,planner72,1,full_r2d_state_native_rns10h_img_r2dreamer_s1,0.5,placed_v2,picked,386930,2000000,1619233,False,incomplete (still running or interrupted),416879,29949,crossed
r2dreamer_cluster,planner72,1,full_r2d_state_native_rns10h_img_r2dreamer_s1,0.5,farside,picked,386930,2000000,1619233,False,incomplete (still running or interrupted),429879,42949,crossed
r2dreamer_cluster,planner72,1,full_r2d_state_native_rns10h_img_r2dreamer_s1,0.5,slide_event,picked,386930,2000000,1619233,False,incomplete (still running or interrupted),500256,113326,crossed
r2dreamer_cluster,planner72,1,full_r2d_state_native_rns10h_img_r2dreamer_s1,0.5,home,picked,386930,2000000,1619233,False,incomplete (still running or interrupted),532451,145521,crossed
r2dreamer_cluster,planner72,1,full_r2d_state_native_rns10h_img_r2dreamer_s1,0.5,tipped,picked,386930,2000000,1619233,False,incomplete (still running or interrupted),408503,21573,crossed
r2dreamer_cluster,planner72,2,full_r2d_state_native_rns10h_img_r2dreamer_s2,0.5,placed_v2,picked,295839,2000000,1660873,False,incomplete (still running or interrupted),405578,109739,crossed
r2dreamer_cluster,planner72,2,full_r2d_state_native_rns10h_img_r2dreamer_s2,0.5,farside,picked,295839,2000000,1660873,False,incomplete (still running or interrupted),679672,383833,crossed
r2dreamer_cluster,planner72,2,full_r2d_state_native_rns10h_img_r2dreamer_s2,0.5,slide_event,picked,295839,2000000,1660873,False,incomplete (still running or interrupted),915647,619808,crossed
r2dreamer_cluster,planner72,2,full_r2d_state_native_rns10h_img_r2dreamer_s2,0.5,home,picked,295839,2000000,1660873,False,incomplete (still running or interrupted),916356,620517,crossed
r2dreamer_cluster,planner72,2,full_r2d_state_native_rns10h_img_r2dreamer_s2,0.5,tipped,picked,295839,2000000,1660873,False,incomplete (still running or interrupted),298887,3048,crossed
r2dreamer_cluster,planner72,3,full_r2d_state_native_rns10h_img_r2dreamer_s3,0.5,placed_v2,picked,192357,2000000,1513429,False,incomplete (still running or interrupted),294743,102386,crossed
r2dreamer_cluster,planner72,3,full_r2d_state_native_rns10h_img_r2dreamer_s3,0.5,farside,picked,192357,2000000,1513429,False,incomplete (still running or interrupted),398068,205711,crossed
r2dreamer_cluster,planner72,3,full_r2d_state_native_rns10h_img_r2dreamer_s3,0.5,slide_event,picked,192357,2000000,1513429,False,incomplete (still running or interrupted),416299,223942,crossed
r2dreamer_cluster,planner72,3,full_r2d_state_native_rns10h_img_r2dreamer_s3,0.5,home,picked,192357,2000000,1513429,False,incomplete (still running or interrupted),453373,261016,crossed
r2dreamer_cluster,planner72,3,full_r2d_state_native_rns10h_img_r2dreamer_s3,0.5,tipped,picked,192357,2000000,1513429,False,incomplete (still running or interrupted),129839,-62518,crossed
r2dreamer_cluster,planner72,4,full_r2d_state_native_rns10h_img_r2dreamer_s4,0.5,placed_v2,picked,210075,2000000,1664035,False,incomplete (still running or interrupted),417359,207284,crossed
r2dreamer_cluster,planner72,4,full_r2d_state_native_rns10h_img_r2dreamer_s4,0.5,farside,picked,210075,2000000,1664035,False,incomplete (still running or interrupted),439155,229080,crossed
r2dreamer_cluster,planner72,4,full_r2d_state_native_rns10h_img_r2dreamer_s4,0.5,slide_event,picked,210075,2000000,1664035,False,incomplete (still running or interrupted),566196,356121,crossed
r2dreamer_cluster,planner72,4,full_r2d_state_native_rns10h_img_r2dreamer_s4,0.5,home,picked,210075,2000000,1664035,False,incomplete (still running or interrupted),577178,367103,crossed
r2dreamer_cluster,planner72,4,full_r2d_state_native_rns10h_img_r2dreamer_s4,0.5,tipped,picked,210075,2000000,1664035,False,incomplete (still running or interrupted),208191,-1884,crossed
r2dreamer_cluster,planner72,5,full_r2d_state_native_rns10h_img_r2dreamer_s5,0.5,placed_v2,picked,389467,2000000,1669101,False,incomplete (still running or interrupted),536889,147422,crossed
r2dreamer_cluster,planner72,5,full_r2d_state_native_rns10h_img_r2dreamer_s5,0.5,farside,picked,389467,2000000,1669101,False,incomplete (still running or interrupted),536889,147422,crossed
r2dreamer_cluster,planner72,5,full_r2d_state_native_rns10h_img_r2dreamer_s5,0.5,slide_event,picked,389467,2000000,1669101,False,incomplete (still running or interrupted),659620,270153,crossed
r2dreamer_cluster,planner72,5,full_r2d_state_native_rns10h_img_r2dreamer_s5,0.5,home,picked,389467,2000000,1669101,False,incomplete (still running or interrupted),689401,299934,crossed
r2dreamer_cluster,planner72,5,full_r2d_state_native_rns10h_img_r2dreamer_s5,0.5,tipped,picked,389467,2000000,1669101,False,incomplete (still running or interrupted),397483,8016,crossed
r2dreamer_cluster,planner72,6,full_r2d_state_native_rns10h_img_r2dreamer_s6,0.5,placed_v2,picked,279107,2000000,825335,False,incomplete (still running or interrupted),371072,91965,crossed
r2dreamer_cluster,planner72,6,full_r2d_state_native_rns10h_img_r2dreamer_s6,0.5,farside,picked,279107,2000000,825335,False,incomplete (still running or interrupted),393219,114112,crossed
r2dreamer_cluster,planner72,6,full_r2d_state_native_rns10h_img_r2dreamer_s6,0.5,slide_event,picked,279107,2000000,825335,False,incomplete (still running or interrupted),574448,295341,crossed
r2dreamer_cluster,planner72,6,full_r2d_state_native_rns10h_img_r2dreamer_s6,0.5,home,picked,279107,2000000,825335,False,incomplete (still running or interrupted),574493,295386,crossed
r2dreamer_cluster,planner72,6,full_r2d_state_native_rns10h_img_r2dreamer_s6,0.5,tipped,picked,279107,2000000,825335,False,incomplete (still running or interrupted),269121,-9986,crossed
r2dreamer_cluster,r2teacher,2,full_r2d_state_native_rns10h_img_r2dreamer_s2,0.5,placed_v2,picked,148774,2000000,1999410,True,,189618,40844,crossed
r2dreamer_cluster,r2teacher,2,full_r2d_state_native_rns10h_img_r2dreamer_s2,0.5,farside,picked,148774,2000000,1999410,True,,197702,48928,crossed
r2dreamer_cluster,r2teacher,2,full_r2d_state_native_rns10h_img_r2dreamer_s2,0.5,slide_event,picked,148774,2000000,1999410,True,,210219,61445,crossed
r2dreamer_cluster,r2teacher,2,full_r2d_state_native_rns10h_img_r2dreamer_s2,0.5,home,picked,148774,2000000,1999410,True,,250973,102199,crossed
r2dreamer_cluster,r2teacher,2,full_r2d_state_native_rns10h_img_r2dreamer_s2,0.5,tipped,picked,148774,2000000,1999410,True,,43847,-104927,crossed
r2dreamer_cluster,r2teacher,7,full_r2d_state_native_rns10h_img_r2dreamer_s7,0.5,placed_v2,picked,243588,2000000,1992681,True,,264441,20853,crossed
r2dreamer_cluster,r2teacher,7,full_r2d_state_native_rns10h_img_r2dreamer_s7,0.5,farside,picked,243588,2000000,1992681,True,,286548,42960,crossed
r2dreamer_cluster,r2teacher,7,full_r2d_state_native_rns10h_img_r2dreamer_s7,0.5,slide_event,picked,243588,2000000,1992681,True,,318992,75404,crossed
r2dreamer_cluster,r2teacher,7,full_r2d_state_native_rns10h_img_r2dreamer_s7,0.5,home,picked,243588,2000000,1992681,True,,337749,94161,crossed
r2dreamer_cluster,r2teacher,7,full_r2d_state_native_rns10h_img_r2dreamer_s7,0.5,tipped,picked,243588,2000000,1992681,True,,75117,-168471,crossed
dreamer_local,human,0,dv3px_sparse10_dHfull_all_rns10h_img_rlDreamer_s0,0.1,placed_v2,picked,134591,1000000,996156,True,stopped_at_1M_by_chain,143525,8934,crossed
dreamer_local,human,0,dv3px_sparse10_dHfull_all_rns10h_img_rlDreamer_s0,0.1,farside,picked,134591,1000000,996156,True,stopped_at_1M_by_chain,182635,48044,crossed
dreamer_local,human,0,dv3px_sparse10_dHfull_all_rns10h_img_rlDreamer_s0,0.1,slide_event,picked,134591,1000000,996156,True,stopped_at_1M_by_chain,182635,48044,crossed
dreamer_local,human,0,dv3px_sparse10_dHfull_all_rns10h_img_rlDreamer_s0,0.1,home,picked,134591,1000000,996156,True,stopped_at_1M_by_chain,183163,48572,crossed
dreamer_local,human,0,dv3px_sparse10_dHfull_all_rns10h_img_rlDreamer_s0,0.1,tipped,picked,134591,1000000,996156,True,stopped_at_1M_by_chain,29795,-104796,crossed
dreamer_local,human,1,dv3px_sparse10_dHfull_all_rns10h_img_rlDreamer_s1,0.1,placed_v2,picked,211986,1000000,992053,True,,217331,5345,crossed
dreamer_local,human,1,dv3px_sparse10_dHfull_all_rns10h_img_rlDreamer_s1,0.1,farside,picked,211986,1000000,992053,True,,217331,5345,crossed
dreamer_local,human,1,dv3px_sparse10_dHfull_all_rns10h_img_rlDreamer_s1,0.1,slide_event,picked,211986,1000000,992053,True,,233944,21958,crossed
dreamer_local,human,1,dv3px_sparse10_dHfull_all_rns10h_img_rlDreamer_s1,0.1,home,picked,211986,1000000,992053,True,,233944,21958,crossed
dreamer_local,human,1,dv3px_sparse10_dHfull_all_rns10h_img_rlDreamer_s1,0.1,tipped,picked,211986,1000000,992053,True,,43226,-168760,crossed
dreamer_local,human,2,dv3px_sparse10_dHfull_all_rns10h_img_rlDreamer_s2,0.1,placed_v2,picked,142448,1000000,992788,True,,142733,285,crossed
dreamer_local,human,2,dv3px_sparse10_dHfull_all_rns10h_img_rlDreamer_s2,0.1,farside,picked,142448,1000000,992788,True,,142733,285,crossed
dreamer_local,human,2,dv3px_sparse10_dHfull_all_rns10h_img_rlDreamer_s2,0.1,slide_event,picked,142448,1000000,992788,True,,155191,12743,crossed
dreamer_local,human,2,dv3px_sparse10_dHfull_all_rns10h_img_rlDreamer_s2,0.1,home,picked,142448,1000000,992788,True,,209228,66780,crossed
dreamer_local,human,2,dv3px_sparse10_dHfull_all_rns10h_img_rlDreamer_s2,0.1,tipped,picked,142448,1000000,992788,True,,58989,-83459,crossed
dreamer_local,human,3,dv3px_sparse10_dHfull_all_rns10h_img_rlDreamer_s3,0.1,placed_v2,picked,188352,1000000,999690,True,,207535,19183,crossed
dreamer_local,human,3,dv3px_sparse10_dHfull_all_rns10h_img_rlDreamer_s3,0.1,farside,picked,188352,1000000,999690,True,,208440,20088,crossed
dreamer_local,human,3,dv3px_sparse10_dHfull_all_rns10h_img_rlDreamer_s3,0.1,slide_event,picked,188352,1000000,999690,True,,219166,30814,crossed
dreamer_local,human,3,dv3px_sparse10_dHfull_all_rns10h_img_rlDreamer_s3,0.1,home,picked,188352,1000000,999690,True,,219166,30814,crossed
dreamer_local,human,3,dv3px_sparse10_dHfull_all_rns10h_img_rlDreamer_s3,0.1,tipped,picked,188352,1000000,999690,True,,35775,-152577,crossed
dreamer_local,machine,0,dv3px_sparse10_dDPfull_first_rns10h_img_rlDreamer_s0,0.1,placed_v2,picked,95864,1000000,992755,True,,187014,91150,crossed
dreamer_local,machine,0,dv3px_sparse10_dDPfull_first_rns10h_img_rlDreamer_s0,0.1,farside,picked,95864,1000000,992755,True,,187014,91150,crossed
dreamer_local,machine,0,dv3px_sparse10_dDPfull_first_rns10h_img_rlDreamer_s0,0.1,slide_event,picked,95864,1000000,992755,True,,197757,101893,crossed
dreamer_local,machine,0,dv3px_sparse10_dDPfull_first_rns10h_img_rlDreamer_s0,0.1,home,picked,95864,1000000,992755,True,,247112,151248,crossed
dreamer_local,machine,0,dv3px_sparse10_dDPfull_first_rns10h_img_rlDreamer_s0,0.1,tipped,picked,95864,1000000,992755,True,,29246,-66618,crossed
dreamer_local,machine,1,dv3px_sparse10_dDPfull_first_rns10h_img_rlDreamer_s1,0.1,placed_v2,picked,145500,1000000,992769,True,,162034,16534,crossed
dreamer_local,machine,1,dv3px_sparse10_dDPfull_first_rns10h_img_rlDreamer_s1,0.1,farside,picked,145500,1000000,992769,True,,192897,47397,crossed
dreamer_local,machine,1,dv3px_sparse10_dDPfull_first_rns10h_img_rlDreamer_s1,0.1,slide_event,picked,145500,1000000,992769,True,,204896,59396,crossed
dreamer_local,machine,1,dv3px_sparse10_dDPfull_first_rns10h_img_rlDreamer_s1,0.1,home,picked,145500,1000000,992769,True,,204896,59396,crossed
dreamer_local,machine,1,dv3px_sparse10_dDPfull_first_rns10h_img_rlDreamer_s1,0.1,tipped,picked,145500,1000000,992769,True,,103736,-41764,crossed
dreamer_local,machine,2,dv3px_sparse10_dDPfull_first_rns10h_img_rlDreamer_s2,0.1,placed_v2,picked,136089,1000000,992440,True,,157659,21570,crossed
dreamer_local,machine,2,dv3px_sparse10_dDPfull_first_rns10h_img_rlDreamer_s2,0.1,farside,picked,136089,1000000,992440,True,,190154,54065,crossed
dreamer_local,machine,2,dv3px_sparse10_dDPfull_first_rns10h_img_rlDreamer_s2,0.1,slide_event,picked,136089,1000000,992440,True,,341718,205629,crossed
dreamer_local,machine,2,dv3px_sparse10_dDPfull_first_rns10h_img_rlDreamer_s2,0.1,home,picked,136089,1000000,992440,True,,341718,205629,crossed
dreamer_local,machine,2,dv3px_sparse10_dDPfull_first_rns10h_img_rlDreamer_s2,0.1,tipped,picked,136089,1000000,992440,True,,44871,-91218,crossed
dreamer_local,machine,3,dv3px_sparse10_dDPfull_first_rns10h_img_rlDreamer_s3,0.1,placed_v2,picked,111424,1000000,998215,True,,197278,85854,crossed
dreamer_local,machine,3,dv3px_sparse10_dDPfull_first_rns10h_img_rlDreamer_s3,0.1,farside,picked,111424,1000000,998215,True,,197278,85854,crossed
dreamer_local,machine,3,dv3px_sparse10_dDPfull_first_rns10h_img_rlDreamer_s3,0.1,slide_event,picked,111424,1000000,998215,True,,312100,200676,crossed
dreamer_local,machine,3,dv3px_sparse10_dDPfull_first_rns10h_img_rlDreamer_s3,0.1,home,picked,111424,1000000,998215,True,,312100,200676,crossed
dreamer_local,machine,3,dv3px_sparse10_dDPfull_first_rns10h_img_rlDreamer_s3,0.1,tipped,picked,111424,1000000,998215,True,,109659,-1765,crossed
dreamer_cluster,human,4,full_r2d_state_dHfull_all_rns10h_img_dreamer_s4,0.1,placed_v2,picked,159161,1000000,999688,True,,222405,63244,crossed
dreamer_cluster,human,4,full_r2d_state_dHfull_all_rns10h_img_dreamer_s4,0.1,farside,picked,159161,1000000,999688,True,,222405,63244,crossed
dreamer_cluster,human,4,full_r2d_state_dHfull_all_rns10h_img_dreamer_s4,0.1,slide_event,picked,159161,1000000,999688,True,,227390,68229,crossed
dreamer_cluster,human,4,full_r2d_state_dHfull_all_rns10h_img_dreamer_s4,0.1,home,picked,159161,1000000,999688,True,,230656,71495,crossed
dreamer_cluster,human,4,full_r2d_state_dHfull_all_rns10h_img_dreamer_s4,0.1,tipped,picked,159161,1000000,999688,True,,44604,-114557,crossed
dreamer_cluster,human,5,full_r2d_state_dHfull_all_rns10h_img_dreamer_s5,0.1,placed_v2,picked,108696,1000000,992699,True,,250165,141469,crossed
dreamer_cluster,human,5,full_r2d_state_dHfull_all_rns10h_img_dreamer_s5,0.1,farside,picked,108696,1000000,992699,True,,251120,142424,crossed
dreamer_cluster,human,5,full_r2d_state_dHfull_all_rns10h_img_dreamer_s5,0.1,slide_event,picked,108696,1000000,992699,True,,334284,225588,crossed
dreamer_cluster,human,5,full_r2d_state_dHfull_all_rns10h_img_dreamer_s5,0.1,home,picked,108696,1000000,992699,True,,340216,231520,crossed
dreamer_cluster,human,5,full_r2d_state_dHfull_all_rns10h_img_dreamer_s5,0.1,tipped,picked,108696,1000000,992699,True,,26022,-82674,crossed
dreamer_cluster,human,6,full_r2d_state_dHfull_all_rns10h_img_dreamer_s6,0.1,placed_v2,picked,95334,1000000,999507,True,,184428,89094,crossed
dreamer_cluster,human,6,full_r2d_state_dHfull_all_rns10h_img_dreamer_s6,0.1,farside,picked,95334,1000000,999507,True,,184428,89094,crossed
dreamer_cluster,human,6,full_r2d_state_dHfull_all_rns10h_img_dreamer_s6,0.1,slide_event,picked,95334,1000000,999507,True,,201005,105671,crossed
dreamer_cluster,human,6,full_r2d_state_dHfull_all_rns10h_img_dreamer_s6,0.1,home,picked,95334,1000000,999507,True,,219009,123675,crossed
dreamer_cluster,human,6,full_r2d_state_dHfull_all_rns10h_img_dreamer_s6,0.1,tipped,picked,95334,1000000,999507,True,,32812,-62522,crossed
dreamer_cluster,human,7,full_r2d_state_dHfull_all_rns10h_img_dreamer_s7,0.1,placed_v2,picked,111723,1000000,992379,True,,174736,63013,crossed
dreamer_cluster,human,7,full_r2d_state_dHfull_all_rns10h_img_dreamer_s7,0.1,farside,picked,111723,1000000,992379,True,,176244,64521,crossed
dreamer_cluster,human,7,full_r2d_state_dHfull_all_rns10h_img_dreamer_s7,0.1,slide_event,picked,111723,1000000,992379,True,,282938,171215,crossed
dreamer_cluster,human,7,full_r2d_state_dHfull_all_rns10h_img_dreamer_s7,0.1,home,picked,111723,1000000,992379,True,,282938,171215,crossed
dreamer_cluster,human,7,full_r2d_state_dHfull_all_rns10h_img_dreamer_s7,0.1,tipped,picked,111723,1000000,992379,True,,28780,-82943,crossed
dreamer_cluster,human,8,full_r2d_state_dHfull_all_rns10h_img_dreamer_s8,0.1,placed_v2,picked,165467,2000000,1992758,True,,192561,27094,crossed
dreamer_cluster,human,8,full_r2d_state_dHfull_all_rns10h_img_dreamer_s8,0.1,farside,picked,165467,2000000,1992758,True,,199640,34173,crossed
dreamer_cluster,human,8,full_r2d_state_dHfull_all_rns10h_img_dreamer_s8,0.1,slide_event,picked,165467,2000000,1992758,True,,231334,65867,crossed
dreamer_cluster,human,8,full_r2d_state_dHfull_all_rns10h_img_dreamer_s8,0.1,home,picked,165467,2000000,1992758,True,,231334,65867,crossed
dreamer_cluster,human,8,full_r2d_state_dHfull_all_rns10h_img_dreamer_s8,0.1,tipped,picked,165467,2000000,1992758,True,,33787,-131680,crossed
dreamer_cluster,human,9,full_r2d_state_dHfull_all_rns10h_img_dreamer_s9,0.1,placed_v2,picked,149260,2000000,1999907,True,,175729,26469,crossed
dreamer_cluster,human,9,full_r2d_state_dHfull_all_rns10h_img_dreamer_s9,0.1,farside,picked,149260,2000000,1999907,True,,175729,26469,crossed
dreamer_cluster,human,9,full_r2d_state_dHfull_all_rns10h_img_dreamer_s9,0.1,slide_event,picked,149260,2000000,1999907,True,,214440,65180,crossed
dreamer_cluster,human,9,full_r2d_state_dHfull_all_rns10h_img_dreamer_s9,0.1,home,picked,149260,2000000,1999907,True,,214440,65180,crossed
dreamer_cluster,human,9,full_r2d_state_dHfull_all_rns10h_img_dreamer_s9,0.1,tipped,picked,149260,2000000,1999907,True,,43232,-106028,crossed
dreamer_cluster,human,10,full_r2d_state_dHfull_all_rns10h_img_dreamer_s10,0.1,placed_v2,picked,113208,2000000,1999790,True,,267094,153886,crossed
dreamer_cluster,human,10,full_r2d_state_dHfull_all_rns10h_img_dreamer_s10,0.1,farside,picked,113208,2000000,1999790,True,,267094,153886,crossed
dreamer_cluster,human,10,full_r2d_state_dHfull_all_rns10h_img_dreamer_s10,0.1,slide_event,picked,113208,2000000,1999790,True,,270033,156825,crossed
dreamer_cluster,human,10,full_r2d_state_dHfull_all_rns10h_img_dreamer_s10,0.1,home,picked,113208,2000000,1999790,True,,270033,156825,crossed
dreamer_cluster,human,10,full_r2d_state_dHfull_all_rns10h_img_dreamer_s10,0.1,tipped,picked,113208,2000000,1999790,True,,30941,-82267,crossed
dreamer_cluster,human,11,full_r2d_state_dHfull_all_rns10h_img_dreamer_s11,0.1,placed_v2,picked,109729,2000000,1999663,True,,235106,125377,crossed
dreamer_cluster,human,11,full_r2d_state_dHfull_all_rns10h_img_dreamer_s11,0.1,farside,picked,109729,2000000,1999663,True,,235106,125377,crossed
dreamer_cluster,human,11,full_r2d_state_dHfull_all_rns10h_img_dreamer_s11,0.1,slide_event,picked,109729,2000000,1999663,True,,284018,174289,crossed
dreamer_cluster,human,11,full_r2d_state_dHfull_all_rns10h_img_dreamer_s11,0.1,home,picked,109729,2000000,1999663,True,,293384,183655,crossed
dreamer_cluster,human,11,full_r2d_state_dHfull_all_rns10h_img_dreamer_s11,0.1,tipped,picked,109729,2000000,1999663,True,,104164,-5565,crossed
dreamer_cluster,human,12,full_r2d_state_dHfull_all_rns10h_img_dreamer_s12,0.1,placed_v2,picked,154498,2000000,1998777,True,,187727,33229,crossed
dreamer_cluster,human,12,full_r2d_state_dHfull_all_rns10h_img_dreamer_s12,0.1,farside,picked,154498,2000000,1998777,True,,187727,33229,crossed
dreamer_cluster,human,12,full_r2d_state_dHfull_all_rns10h_img_dreamer_s12,0.1,slide_event,picked,154498,2000000,1998777,True,,232113,77615,crossed
dreamer_cluster,human,12,full_r2d_state_dHfull_all_rns10h_img_dreamer_s12,0.1,home,picked,154498,2000000,1998777,True,,232113,77615,crossed
dreamer_cluster,human,12,full_r2d_state_dHfull_all_rns10h_img_dreamer_s12,0.1,tipped,picked,154498,2000000,1998777,True,,35965,-118533,crossed
dreamer_cluster,human,13,full_r2d_state_dHfull_all_rns10h_img_dreamer_s13,0.1,placed_v2,picked,157088,2000000,1999679,True,,250796,93708,crossed
dreamer_cluster,human,13,full_r2d_state_dHfull_all_rns10h_img_dreamer_s13,0.1,farside,picked,157088,2000000,1999679,True,,250796,93708,crossed
dreamer_cluster,human,13,full_r2d_state_dHfull_all_rns10h_img_dreamer_s13,0.1,slide_event,picked,157088,2000000,1999679,True,,278625,121537,crossed
dreamer_cluster,human,13,full_r2d_state_dHfull_all_rns10h_img_dreamer_s13,0.1,home,picked,157088,2000000,1999679,True,,287290,130202,crossed
dreamer_cluster,human,13,full_r2d_state_dHfull_all_rns10h_img_dreamer_s13,0.1,tipped,picked,157088,2000000,1999679,True,,32190,-124898,crossed
dreamer_cluster,human,14,full_r2d_state_dHfull_all_rns10h_img_dreamer_s14,0.1,placed_v2,picked,127955,2000000,1999320,True,,161187,33232,crossed
dreamer_cluster,human,14,full_r2d_state_dHfull_all_rns10h_img_dreamer_s14,0.1,farside,picked,127955,2000000,1999320,True,,161187,33232,crossed
dreamer_cluster,human,14,full_r2d_state_dHfull_all_rns10h_img_dreamer_s14,0.1,slide_event,picked,127955,2000000,1999320,True,,227855,99900,crossed
dreamer_cluster,human,14,full_r2d_state_dHfull_all_rns10h_img_dreamer_s14,0.1,home,picked,127955,2000000,1999320,True,,227855,99900,crossed
dreamer_cluster,human,14,full_r2d_state_dHfull_all_rns10h_img_dreamer_s14,0.1,tipped,picked,127955,2000000,1999320,True,,59060,-68895,crossed
dreamer_cluster,human,15,full_r2d_state_dHfull_all_rns10h_img_dreamer_s15,0.1,placed_v2,picked,124566,2000000,1999712,True,,139983,15417,crossed
dreamer_cluster,human,15,full_r2d_state_dHfull_all_rns10h_img_dreamer_s15,0.1,farside,picked,124566,2000000,1999712,True,,148680,24114,crossed
dreamer_cluster,human,15,full_r2d_state_dHfull_all_rns10h_img_dreamer_s15,0.1,slide_event,picked,124566,2000000,1999712,True,,149681,25115,crossed
dreamer_cluster,human,15,full_r2d_state_dHfull_all_rns10h_img_dreamer_s15,0.1,home,picked,124566,2000000,1999712,True,,205610,81044,crossed
dreamer_cluster,human,15,full_r2d_state_dHfull_all_rns10h_img_dreamer_s15,0.1,tipped,picked,124566,2000000,1999712,True,,39948,-84618,crossed
dreamer_cluster,machine,4,full_r2d_state_dDPfull_first_rns10h_img_dreamer_s4,0.1,placed_v2,picked,155352,1000000,999557,True,,231695,76343,crossed
dreamer_cluster,machine,4,full_r2d_state_dDPfull_first_rns10h_img_dreamer_s4,0.1,farside,picked,155352,1000000,999557,True,,231695,76343,crossed
dreamer_cluster,machine,4,full_r2d_state_dDPfull_first_rns10h_img_dreamer_s4,0.1,slide_event,picked,155352,1000000,999557,True,,234375,79023,crossed
dreamer_cluster,machine,4,full_r2d_state_dDPfull_first_rns10h_img_dreamer_s4,0.1,home,picked,155352,1000000,999557,True,,256590,101238,crossed
dreamer_cluster,machine,4,full_r2d_state_dDPfull_first_rns10h_img_dreamer_s4,0.1,tipped,picked,155352,1000000,999557,True,,67659,-87693,crossed
dreamer_cluster,machine,5,full_r2d_state_dDPfull_first_rns10h_img_dreamer_s5,0.1,placed_v2,picked,174813,1000000,992537,True,,193479,18666,crossed
dreamer_cluster,machine,5,full_r2d_state_dDPfull_first_rns10h_img_dreamer_s5,0.1,farside,picked,174813,1000000,992537,True,,193479,18666,crossed
dreamer_cluster,machine,5,full_r2d_state_dDPfull_first_rns10h_img_dreamer_s5,0.1,slide_event,picked,174813,1000000,992537,True,,217632,42819,crossed
dreamer_cluster,machine,5,full_r2d_state_dDPfull_first_rns10h_img_dreamer_s5,0.1,home,picked,174813,1000000,992537,True,,220475,45662,crossed
dreamer_cluster,machine,5,full_r2d_state_dDPfull_first_rns10h_img_dreamer_s5,0.1,tipped,picked,174813,1000000,992537,True,,28826,-145987,crossed
dreamer_cluster,machine,6,full_r2d_state_dDPfull_first_rns10h_img_dreamer_s6,0.1,placed_v2,picked,125224,1000000,999552,True,,263659,138435,crossed
dreamer_cluster,machine,6,full_r2d_state_dDPfull_first_rns10h_img_dreamer_s6,0.1,farside,picked,125224,1000000,999552,True,,263659,138435,crossed
dreamer_cluster,machine,6,full_r2d_state_dDPfull_first_rns10h_img_dreamer_s6,0.1,slide_event,picked,125224,1000000,999552,True,,288642,163418,crossed
dreamer_cluster,machine,6,full_r2d_state_dDPfull_first_rns10h_img_dreamer_s6,0.1,home,picked,125224,1000000,999552,True,,288642,163418,crossed
dreamer_cluster,machine,6,full_r2d_state_dDPfull_first_rns10h_img_dreamer_s6,0.1,tipped,picked,125224,1000000,999552,True,,35544,-89680,crossed
dreamer_cluster,machine,7,full_r2d_state_dDPfull_first_rns10h_img_dreamer_s7,0.1,placed_v2,picked,161956,1000000,992801,True,,197458,35502,crossed
dreamer_cluster,machine,7,full_r2d_state_dDPfull_first_rns10h_img_dreamer_s7,0.1,farside,picked,161956,1000000,992801,True,,197458,35502,crossed
dreamer_cluster,machine,7,full_r2d_state_dDPfull_first_rns10h_img_dreamer_s7,0.1,slide_event,picked,161956,1000000,992801,True,,240610,78654,crossed
dreamer_cluster,machine,7,full_r2d_state_dDPfull_first_rns10h_img_dreamer_s7,0.1,home,picked,161956,1000000,992801,True,,245678,83722,crossed
dreamer_cluster,machine,7,full_r2d_state_dDPfull_first_rns10h_img_dreamer_s7,0.1,tipped,picked,161956,1000000,992801,True,,28824,-133132,crossed
dreamer_cluster,machine,8,full_r2d_state_dDPfull_first_rns10h_img_dreamer_s8,0.1,placed_v2,picked,141024,2000000,1992570,True,,236353,95329,crossed
dreamer_cluster,machine,8,full_r2d_state_dDPfull_first_rns10h_img_dreamer_s8,0.1,farside,picked,141024,2000000,1992570,True,,236353,95329,crossed
dreamer_cluster,machine,8,full_r2d_state_dDPfull_first_rns10h_img_dreamer_s8,0.1,slide_event,picked,141024,2000000,1992570,True,,244912,103888,crossed
dreamer_cluster,machine,8,full_r2d_state_dDPfull_first_rns10h_img_dreamer_s8,0.1,home,picked,141024,2000000,1992570,True,,259708,118684,crossed
dreamer_cluster,machine,8,full_r2d_state_dDPfull_first_rns10h_img_dreamer_s8,0.1,tipped,picked,141024,2000000,1992570,True,,36066,-104958,crossed
dreamer_cluster,machine,9,full_r2d_state_dDPfull_first_rns10h_img_dreamer_s9,0.1,placed_v2,picked,109806,2000000,1999020,True,,128985,19179,crossed
dreamer_cluster,machine,9,full_r2d_state_dDPfull_first_rns10h_img_dreamer_s9,0.1,farside,picked,109806,2000000,1999020,True,,128985,19179,crossed
dreamer_cluster,machine,9,full_r2d_state_dDPfull_first_rns10h_img_dreamer_s9,0.1,slide_event,picked,109806,2000000,1999020,True,,160959,51153,crossed
dreamer_cluster,machine,9,full_r2d_state_dDPfull_first_rns10h_img_dreamer_s9,0.1,home,picked,109806,2000000,1999020,True,,162892,53086,crossed
dreamer_cluster,machine,9,full_r2d_state_dDPfull_first_rns10h_img_dreamer_s9,0.1,tipped,picked,109806,2000000,1999020,True,,35959,-73847,crossed
dreamer_cluster,machine,10,full_r2d_state_dDPfull_first_rns10h_img_dreamer_s10,0.1,placed_v2,picked,101682,2000000,1999910,True,,134448,32766,crossed
dreamer_cluster,machine,10,full_r2d_state_dDPfull_first_rns10h_img_dreamer_s10,0.1,farside,picked,101682,2000000,1999910,True,,219257,117575,crossed
dreamer_cluster,machine,10,full_r2d_state_dDPfull_first_rns10h_img_dreamer_s10,0.1,slide_event,picked,101682,2000000,1999910,True,,319002,217320,crossed
dreamer_cluster,machine,10,full_r2d_state_dDPfull_first_rns10h_img_dreamer_s10,0.1,home,picked,101682,2000000,1999910,True,,319002,217320,crossed
dreamer_cluster,machine,10,full_r2d_state_dDPfull_first_rns10h_img_dreamer_s10,0.1,tipped,picked,101682,2000000,1999910,True,,35959,-65723,crossed
dreamer_cluster,machine,11,full_r2d_state_dDPfull_first_rns10h_img_dreamer_s11,0.1,placed_v2,picked,92486,2000000,1999870,True,,140169,47683,crossed
dreamer_cluster,machine,11,full_r2d_state_dDPfull_first_rns10h_img_dreamer_s11,0.1,farside,picked,92486,2000000,1999870,True,,141001,48515,crossed
dreamer_cluster,machine,11,full_r2d_state_dDPfull_first_rns10h_img_dreamer_s11,0.1,slide_event,picked,92486,2000000,1999870,True,,238836,146350,crossed
dreamer_cluster,machine,11,full_r2d_state_dDPfull_first_rns10h_img_dreamer_s11,0.1,home,picked,92486,2000000,1999870,True,,238836,146350,crossed
dreamer_cluster,machine,11,full_r2d_state_dDPfull_first_rns10h_img_dreamer_s11,0.1,tipped,picked,92486,2000000,1999870,True,,36847,-55639,crossed
dreamer_cluster,machine,12,full_r2d_state_dDPfull_first_rns10h_img_dreamer_s12,0.1,placed_v2,picked,148479,2000000,1997828,True,,161511,13032,crossed
dreamer_cluster,machine,12,full_r2d_state_dDPfull_first_rns10h_img_dreamer_s12,0.1,farside,picked,148479,2000000,1997828,True,,162462,13983,crossed
dreamer_cluster,machine,12,full_r2d_state_dDPfull_first_rns10h_img_dreamer_s12,0.1,slide_event,picked,148479,2000000,1997828,True,,209839,61360,crossed
dreamer_cluster,machine,12,full_r2d_state_dDPfull_first_rns10h_img_dreamer_s12,0.1,home,picked,148479,2000000,1997828,True,,214918,66439,crossed
dreamer_cluster,machine,12,full_r2d_state_dDPfull_first_rns10h_img_dreamer_s12,0.1,tipped,picked,148479,2000000,1997828,True,,35965,-112514,crossed
dreamer_cluster,machine,13,full_r2d_state_dDPfull_first_rns10h_img_dreamer_s13,0.1,placed_v2,picked,158359,2000000,1999651,True,,170100,11741,crossed
dreamer_cluster,machine,13,full_r2d_state_dDPfull_first_rns10h_img_dreamer_s13,0.1,farside,picked,158359,2000000,1999651,True,,170100,11741,crossed
dreamer_cluster,machine,13,full_r2d_state_dDPfull_first_rns10h_img_dreamer_s13,0.1,slide_event,picked,158359,2000000,1999651,True,,170100,11741,crossed
dreamer_cluster,machine,13,full_r2d_state_dDPfull_first_rns10h_img_dreamer_s13,0.1,home,picked,158359,2000000,1999651,True,,170100,11741,crossed
dreamer_cluster,machine,13,full_r2d_state_dDPfull_first_rns10h_img_dreamer_s13,0.1,tipped,picked,158359,2000000,1999651,True,,65036,-93323,crossed
dreamer_cluster,machine,14,full_r2d_state_dDPfull_first_rns10h_img_dreamer_s14,0.1,placed_v2,picked,90648,2000000,1999709,True,,307726,217078,crossed
dreamer_cluster,machine,14,full_r2d_state_dDPfull_first_rns10h_img_dreamer_s14,0.1,farside,picked,90648,2000000,1999709,True,,307726,217078,crossed
dreamer_cluster,machine,14,full_r2d_state_dDPfull_first_rns10h_img_dreamer_s14,0.1,slide_event,picked,90648,2000000,1999709,True,,333401,242753,crossed
dreamer_cluster,machine,14,full_r2d_state_dDPfull_first_rns10h_img_dreamer_s14,0.1,home,picked,90648,2000000,1999709,True,,333401,242753,crossed
dreamer_cluster,machine,14,full_r2d_state_dDPfull_first_rns10h_img_dreamer_s14,0.1,tipped,picked,90648,2000000,1999709,True,,64805,-25843,crossed
dreamer_cluster,machine,15,full_r2d_state_dDPfull_first_rns10h_img_dreamer_s15,0.1,placed_v2,picked,161363,2000000,1999603,True,,212399,51036,crossed
dreamer_cluster,machine,15,full_r2d_state_dDPfull_first_rns10h_img_dreamer_s15,0.1,farside,picked,161363,2000000,1999603,True,,213691,52328,crossed
dreamer_cluster,machine,15,full_r2d_state_dDPfull_first_rns10h_img_dreamer_s15,0.1,slide_event,picked,161363,2000000,1999603,True,,221654,60291,crossed
dreamer_cluster,machine,15,full_r2d_state_dDPfull_first_rns10h_img_dreamer_s15,0.1,home,picked,161363,2000000,1999603,True,,246644,85281,crossed
dreamer_cluster,machine,15,full_r2d_state_dDPfull_first_rns10h_img_dreamer_s15,0.1,tipped,picked,161363,2000000,1999603,True,,36231,-125132,crossed
dreamer_cluster,planner72,0,full_r2d_state_native_rns10h_img_dreamer_s0,0.1,placed_v2,picked,189762,2000000,1992615,True,,892280,702518,crossed
dreamer_cluster,planner72,0,full_r2d_state_native_rns10h_img_dreamer_s0,0.1,farside,picked,189762,2000000,1992615,True,,894427,704665,crossed
dreamer_cluster,planner72,0,full_r2d_state_native_rns10h_img_dreamer_s0,0.1,slide_event,picked,189762,2000000,1992615,True,,1481279,1291517,crossed
dreamer_cluster,planner72,0,full_r2d_state_native_rns10h_img_dreamer_s0,0.1,home,picked,189762,2000000,1992615,True,,1672012,1482250,crossed
dreamer_cluster,planner72,0,full_r2d_state_native_rns10h_img_dreamer_s0,0.1,tipped,picked,189762,2000000,1992615,True,,29098,-160664,crossed
dreamer_cluster,planner72,1,full_r2d_state_native_rns10h_img_dreamer_s1,0.1,placed_v2,picked,328795,2000000,1992158,True,,711393,382598,crossed
dreamer_cluster,planner72,1,full_r2d_state_native_rns10h_img_dreamer_s1,0.1,farside,picked,328795,2000000,1992158,True,,711393,382598,crossed
dreamer_cluster,planner72,1,full_r2d_state_native_rns10h_img_dreamer_s1,0.1,slide_event,picked,328795,2000000,1992158,True,,899346,570551,crossed
dreamer_cluster,planner72,1,full_r2d_state_native_rns10h_img_dreamer_s1,0.1,home,picked,328795,2000000,1992158,True,,never,,never
dreamer_cluster,planner72,1,full_r2d_state_native_rns10h_img_dreamer_s1,0.1,tipped,picked,328795,2000000,1992158,True,,60754,-268041,crossed
dreamer_cluster,planner72,2,full_r2d_state_native_rns10h_img_dreamer_s2,0.1,placed_v2,picked,362379,2000000,1600654,False,incomplete (still running or interrupted),395842,33463,crossed
dreamer_cluster,planner72,2,full_r2d_state_native_rns10h_img_dreamer_s2,0.1,farside,picked,362379,2000000,1600654,False,incomplete (still running or interrupted),395842,33463,crossed
dreamer_cluster,planner72,2,full_r2d_state_native_rns10h_img_dreamer_s2,0.1,slide_event,picked,362379,2000000,1600654,False,incomplete (still running or interrupted),1034570,672191,crossed
dreamer_cluster,planner72,2,full_r2d_state_native_rns10h_img_dreamer_s2,0.1,home,picked,362379,2000000,1600654,False,incomplete (still running or interrupted),1353575,991196,crossed
dreamer_cluster,planner72,2,full_r2d_state_native_rns10h_img_dreamer_s2,0.1,tipped,picked,362379,2000000,1600654,False,incomplete (still running or interrupted),29821,-332558,crossed
dreamer_cluster,planner72,3,full_r2d_state_native_rns10h_img_dreamer_s3,0.1,placed_v2,picked,179567,2000000,1514043,False,incomplete (still running or interrupted),415132,235565,crossed
dreamer_cluster,planner72,3,full_r2d_state_native_rns10h_img_dreamer_s3,0.1,farside,picked,179567,2000000,1514043,False,incomplete (still running or interrupted),1090826,911259,crossed
dreamer_cluster,planner72,3,full_r2d_state_native_rns10h_img_dreamer_s3,0.1,slide_event,picked,179567,2000000,1514043,False,incomplete (still running or interrupted),not_yet,,pending
dreamer_cluster,planner72,3,full_r2d_state_native_rns10h_img_dreamer_s3,0.1,home,picked,179567,2000000,1514043,False,incomplete (still running or interrupted),not_yet,,pending
dreamer_cluster,planner72,3,full_r2d_state_native_rns10h_img_dreamer_s3,0.1,tipped,picked,179567,2000000,1514043,False,incomplete (still running or interrupted),110351,-69216,crossed
dreamer_cluster,planner72,4,full_r2d_state_native_rns10h_img_dreamer_s4,0.1,placed_v2,picked,348059,2000000,1609232,False,incomplete (still running or interrupted),909689,561630,crossed
dreamer_cluster,planner72,4,full_r2d_state_native_rns10h_img_dreamer_s4,0.1,farside,picked,348059,2000000,1609232,False,incomplete (still running or interrupted),909948,561889,crossed
dreamer_cluster,planner72,4,full_r2d_state_native_rns10h_img_dreamer_s4,0.1,slide_event,picked,348059,2000000,1609232,False,incomplete (still running or interrupted),not_yet,,pending
dreamer_cluster,planner72,4,full_r2d_state_native_rns10h_img_dreamer_s4,0.1,home,picked,348059,2000000,1609232,False,incomplete (still running or interrupted),not_yet,,pending
dreamer_cluster,planner72,4,full_r2d_state_native_rns10h_img_dreamer_s4,0.1,tipped,picked,348059,2000000,1609232,False,incomplete (still running or interrupted),32452,-315607,crossed
dreamer_cluster,planner72,5,full_r2d_state_native_rns10h_img_dreamer_s5,0.1,placed_v2,picked,375292,2000000,1503771,False,incomplete (still running or interrupted),910684,535392,crossed
dreamer_cluster,planner72,5,full_r2d_state_native_rns10h_img_dreamer_s5,0.1,farside,picked,375292,2000000,1503771,False,incomplete (still running or interrupted),1100820,725528,crossed
dreamer_cluster,planner72,5,full_r2d_state_native_rns10h_img_dreamer_s5,0.1,slide_event,picked,375292,2000000,1503771,False,incomplete (still running or interrupted),1318001,942709,crossed
dreamer_cluster,planner72,5,full_r2d_state_native_rns10h_img_dreamer_s5,0.1,home,picked,375292,2000000,1503771,False,incomplete (still running or interrupted),not_yet,,pending
dreamer_cluster,planner72,5,full_r2d_state_native_rns10h_img_dreamer_s5,0.1,tipped,picked,375292,2000000,1503771,False,incomplete (still running or interrupted),28785,-346507,crossed
dreamer_cluster,planner72,6,full_r2d_state_native_rns10h_img_dreamer_s6,0.1,placed_v2,picked,205724,2000000,772404,False,incomplete (still running or interrupted),677004,471280,crossed
dreamer_cluster,planner72,6,full_r2d_state_native_rns10h_img_dreamer_s6,0.1,farside,picked,205724,2000000,772404,False,incomplete (still running or interrupted),680847,475123,crossed
dreamer_cluster,planner72,6,full_r2d_state_native_rns10h_img_dreamer_s6,0.1,slide_event,picked,205724,2000000,772404,False,incomplete (still running or interrupted),not_yet,,pending
dreamer_cluster,planner72,6,full_r2d_state_native_rns10h_img_dreamer_s6,0.1,home,picked,205724,2000000,772404,False,incomplete (still running or interrupted),not_yet,,pending
dreamer_cluster,planner72,6,full_r2d_state_native_rns10h_img_dreamer_s6,0.1,tipped,picked,205724,2000000,772404,False,incomplete (still running or interrupted),35577,-170147,crossed
dreamer_cluster,r2teacher,6,full_r2d_state_native_rns10h_img_dreamer_s6,0.1,placed_v2,picked,46680,2000000,1999411,True,,121769,75089,crossed
dreamer_cluster,r2teacher,6,full_r2d_state_native_rns10h_img_dreamer_s6,0.1,farside,picked,46680,2000000,1999411,True,,135123,88443,crossed
dreamer_cluster,r2teacher,6,full_r2d_state_native_rns10h_img_dreamer_s6,0.1,slide_event,picked,46680,2000000,1999411,True,,224787,178107,crossed
dreamer_cluster,r2teacher,6,full_r2d_state_native_rns10h_img_dreamer_s6,0.1,home,picked,46680,2000000,1999411,True,,225358,178678,crossed
dreamer_cluster,r2teacher,6,full_r2d_state_native_rns10h_img_dreamer_s6,0.1,tipped,picked,46680,2000000,1999411,True,,29544,-17136,crossed
r2dreamer_cluster,human,0,full_r2d_state_dHfull_all_rns10h_img_r2dreamer_s0,0.1,placed_v2,picked,85752,1000000,992706,True,,134128,48376,crossed
r2dreamer_cluster,human,0,full_r2d_state_dHfull_all_rns10h_img_r2dreamer_s0,0.1,farside,picked,85752,1000000,992706,True,,134128,48376,crossed
r2dreamer_cluster,human,0,full_r2d_state_dHfull_all_rns10h_img_r2dreamer_s0,0.1,slide_event,picked,85752,1000000,992706,True,,145802,60050,crossed
r2dreamer_cluster,human,0,full_r2d_state_dHfull_all_rns10h_img_r2dreamer_s0,0.1,home,picked,85752,1000000,992706,True,,223745,137993,crossed
r2dreamer_cluster,human,0,full_r2d_state_dHfull_all_rns10h_img_r2dreamer_s0,0.1,tipped,picked,85752,1000000,992706,True,,22877,-62875,crossed
r2dreamer_cluster,human,1,full_r2d_state_dHfull_all_rns10h_img_r2dreamer_s1,0.1,placed_v2,picked,91160,1000000,992600,True,,153330,62170,crossed
r2dreamer_cluster,human,1,full_r2d_state_dHfull_all_rns10h_img_r2dreamer_s1,0.1,farside,picked,91160,1000000,992600,True,,153330,62170,crossed
r2dreamer_cluster,human,1,full_r2d_state_dHfull_all_rns10h_img_r2dreamer_s1,0.1,slide_event,picked,91160,1000000,992600,True,,164120,72960,crossed
r2dreamer_cluster,human,1,full_r2d_state_dHfull_all_rns10h_img_r2dreamer_s1,0.1,home,picked,91160,1000000,992600,True,,172228,81068,crossed
r2dreamer_cluster,human,1,full_r2d_state_dHfull_all_rns10h_img_r2dreamer_s1,0.1,tipped,picked,91160,1000000,992600,True,,22637,-68523,crossed
r2dreamer_cluster,human,2,full_r2d_state_dHfull_all_rns10h_img_r2dreamer_s2,0.1,placed_v2,picked,117155,1000000,999630,True,,117155,0,crossed
r2dreamer_cluster,human,2,full_r2d_state_dHfull_all_rns10h_img_r2dreamer_s2,0.1,farside,picked,117155,1000000,999630,True,,117274,119,crossed
r2dreamer_cluster,human,2,full_r2d_state_dHfull_all_rns10h_img_r2dreamer_s2,0.1,slide_event,picked,117155,1000000,999630,True,,241704,124549,crossed
r2dreamer_cluster,human,2,full_r2d_state_dHfull_all_rns10h_img_r2dreamer_s2,0.1,home,picked,117155,1000000,999630,True,,243521,126366,crossed
r2dreamer_cluster,human,2,full_r2d_state_dHfull_all_rns10h_img_r2dreamer_s2,0.1,tipped,picked,117155,1000000,999630,True,,29454,-87701,crossed
r2dreamer_cluster,human,3,full_r2d_state_dHfull_all_rns10h_img_r2dreamer_s3,0.1,placed_v2,picked,104772,2000000,1992796,True,,112302,7530,crossed
r2dreamer_cluster,human,3,full_r2d_state_dHfull_all_rns10h_img_r2dreamer_s3,0.1,farside,picked,104772,2000000,1992796,True,,113067,8295,crossed
r2dreamer_cluster,human,3,full_r2d_state_dHfull_all_rns10h_img_r2dreamer_s3,0.1,slide_event,picked,104772,2000000,1992796,True,,196125,91353,crossed
r2dreamer_cluster,human,3,full_r2d_state_dHfull_all_rns10h_img_r2dreamer_s3,0.1,home,picked,104772,2000000,1992796,True,,196125,91353,crossed
r2dreamer_cluster,human,3,full_r2d_state_dHfull_all_rns10h_img_r2dreamer_s3,0.1,tipped,picked,104772,2000000,1992796,True,,25927,-78845,crossed
r2dreamer_cluster,human,4,full_r2d_state_dHfull_all_rns10h_img_r2dreamer_s4,0.1,placed_v2,picked,97692,2000000,1999344,True,,103520,5828,crossed
r2dreamer_cluster,human,4,full_r2d_state_dHfull_all_rns10h_img_r2dreamer_s4,0.1,farside,picked,97692,2000000,1999344,True,,103520,5828,crossed
r2dreamer_cluster,human,4,full_r2d_state_dHfull_all_rns10h_img_r2dreamer_s4,0.1,slide_event,picked,97692,2000000,1999344,True,,167068,69376,crossed
r2dreamer_cluster,human,4,full_r2d_state_dHfull_all_rns10h_img_r2dreamer_s4,0.1,home,picked,97692,2000000,1999344,True,,178816,81124,crossed
r2dreamer_cluster,human,4,full_r2d_state_dHfull_all_rns10h_img_r2dreamer_s4,0.1,tipped,picked,97692,2000000,1999344,True,,56454,-41238,crossed
r2dreamer_cluster,human,5,full_r2d_state_dHfull_all_rns10h_img_r2dreamer_s5,0.1,placed_v2,picked,133079,2000000,1992445,True,,163813,30734,crossed
r2dreamer_cluster,human,5,full_r2d_state_dHfull_all_rns10h_img_r2dreamer_s5,0.1,farside,picked,133079,2000000,1992445,True,,163813,30734,crossed
r2dreamer_cluster,human,5,full_r2d_state_dHfull_all_rns10h_img_r2dreamer_s5,0.1,slide_event,picked,133079,2000000,1992445,True,,185075,51996,crossed
r2dreamer_cluster,human,5,full_r2d_state_dHfull_all_rns10h_img_r2dreamer_s5,0.1,home,picked,133079,2000000,1992445,True,,185075,51996,crossed
r2dreamer_cluster,human,5,full_r2d_state_dHfull_all_rns10h_img_r2dreamer_s5,0.1,tipped,picked,133079,2000000,1992445,True,,28790,-104289,crossed
r2dreamer_cluster,human,6,full_r2d_state_dHfull_all_rns10h_img_r2dreamer_s6,0.1,placed_v2,picked,108765,2000000,1998152,True,,164049,55284,crossed
r2dreamer_cluster,human,6,full_r2d_state_dHfull_all_rns10h_img_r2dreamer_s6,0.1,farside,picked,108765,2000000,1998152,True,,164049,55284,crossed
r2dreamer_cluster,human,6,full_r2d_state_dHfull_all_rns10h_img_r2dreamer_s6,0.1,slide_event,picked,108765,2000000,1998152,True,,164136,55371,crossed
r2dreamer_cluster,human,6,full_r2d_state_dHfull_all_rns10h_img_r2dreamer_s6,0.1,home,picked,108765,2000000,1998152,True,,174445,65680,crossed
r2dreamer_cluster,human,6,full_r2d_state_dHfull_all_rns10h_img_r2dreamer_s6,0.1,tipped,picked,108765,2000000,1998152,True,,28780,-79985,crossed
r2dreamer_cluster,human,7,full_r2d_state_dHfull_all_rns10h_img_r2dreamer_s7,0.1,placed_v2,picked,107576,2000000,1992823,True,,116276,8700,crossed
r2dreamer_cluster,human,7,full_r2d_state_dHfull_all_rns10h_img_r2dreamer_s7,0.1,farside,picked,107576,2000000,1992823,True,,116276,8700,crossed
r2dreamer_cluster,human,7,full_r2d_state_dHfull_all_rns10h_img_r2dreamer_s7,0.1,slide_event,picked,107576,2000000,1992823,True,,130654,23078,crossed
r2dreamer_cluster,human,7,full_r2d_state_dHfull_all_rns10h_img_r2dreamer_s7,0.1,home,picked,107576,2000000,1992823,True,,194073,86497,crossed
r2dreamer_cluster,human,7,full_r2d_state_dHfull_all_rns10h_img_r2dreamer_s7,0.1,tipped,picked,107576,2000000,1992823,True,,23213,-84363,crossed
r2dreamer_cluster,human,8,full_r2d_state_dHfull_all_rns10h_img_r2dreamer_s8,0.1,placed_v2,picked,117376,2000000,1992549,True,,118917,1541,crossed
r2dreamer_cluster,human,8,full_r2d_state_dHfull_all_rns10h_img_r2dreamer_s8,0.1,farside,picked,117376,2000000,1992549,True,,121649,4273,crossed
r2dreamer_cluster,human,8,full_r2d_state_dHfull_all_rns10h_img_r2dreamer_s8,0.1,slide_event,picked,117376,2000000,1992549,True,,122760,5384,crossed
r2dreamer_cluster,human,8,full_r2d_state_dHfull_all_rns10h_img_r2dreamer_s8,0.1,home,picked,117376,2000000,1992549,True,,178261,60885,crossed
r2dreamer_cluster,human,8,full_r2d_state_dHfull_all_rns10h_img_r2dreamer_s8,0.1,tipped,picked,117376,2000000,1992549,True,,24390,-92986,crossed
r2dreamer_cluster,human,9,full_r2d_state_dHfull_all_rns10h_img_r2dreamer_s9,0.1,placed_v2,picked,119909,2000000,1999912,True,,122645,2736,crossed
r2dreamer_cluster,human,9,full_r2d_state_dHfull_all_rns10h_img_r2dreamer_s9,0.1,farside,picked,119909,2000000,1999912,True,,136694,16785,crossed
r2dreamer_cluster,human,9,full_r2d_state_dHfull_all_rns10h_img_r2dreamer_s9,0.1,slide_event,picked,119909,2000000,1999912,True,,196343,76434,crossed
r2dreamer_cluster,human,9,full_r2d_state_dHfull_all_rns10h_img_r2dreamer_s9,0.1,home,picked,119909,2000000,1999912,True,,211035,91126,crossed
r2dreamer_cluster,human,9,full_r2d_state_dHfull_all_rns10h_img_r2dreamer_s9,0.1,tipped,picked,119909,2000000,1999912,True,,26903,-93006,crossed
r2dreamer_cluster,human,10,full_r2d_state_dHfull_all_rns10h_img_r2dreamer_s10,0.1,placed_v2,picked,121708,2000000,1999551,True,,123712,2004,crossed
r2dreamer_cluster,human,10,full_r2d_state_dHfull_all_rns10h_img_r2dreamer_s10,0.1,farside,picked,121708,2000000,1999551,True,,123712,2004,crossed
r2dreamer_cluster,human,10,full_r2d_state_dHfull_all_rns10h_img_r2dreamer_s10,0.1,slide_event,picked,121708,2000000,1999551,True,,188615,66907,crossed
r2dreamer_cluster,human,10,full_r2d_state_dHfull_all_rns10h_img_r2dreamer_s10,0.1,home,picked,121708,2000000,1999551,True,,217057,95349,crossed
r2dreamer_cluster,human,10,full_r2d_state_dHfull_all_rns10h_img_r2dreamer_s10,0.1,tipped,picked,121708,2000000,1999551,True,,43197,-78511,crossed
r2dreamer_cluster,human,11,full_r2d_state_dHfull_all_rns10h_img_r2dreamer_s11,0.1,placed_v2,picked,110482,2000000,1999866,True,,113322,2840,crossed
r2dreamer_cluster,human,11,full_r2d_state_dHfull_all_rns10h_img_r2dreamer_s11,0.1,farside,picked,110482,2000000,1999866,True,,113629,3147,crossed
r2dreamer_cluster,human,11,full_r2d_state_dHfull_all_rns10h_img_r2dreamer_s11,0.1,slide_event,picked,110482,2000000,1999866,True,,236648,126166,crossed
r2dreamer_cluster,human,11,full_r2d_state_dHfull_all_rns10h_img_r2dreamer_s11,0.1,home,picked,110482,2000000,1999866,True,,238981,128499,crossed
r2dreamer_cluster,human,11,full_r2d_state_dHfull_all_rns10h_img_r2dreamer_s11,0.1,tipped,picked,110482,2000000,1999866,True,,30004,-80478,crossed
r2dreamer_cluster,human,12,full_r2d_state_dHfull_all_rns10h_img_r2dreamer_s12,0.1,placed_v2,picked,175271,2000000,1999783,True,,178149,2878,crossed
r2dreamer_cluster,human,12,full_r2d_state_dHfull_all_rns10h_img_r2dreamer_s12,0.1,farside,picked,175271,2000000,1999783,True,,178149,2878,crossed
r2dreamer_cluster,human,12,full_r2d_state_dHfull_all_rns10h_img_r2dreamer_s12,0.1,slide_event,picked,175271,2000000,1999783,True,,178599,3328,crossed
r2dreamer_cluster,human,12,full_r2d_state_dHfull_all_rns10h_img_r2dreamer_s12,0.1,home,picked,175271,2000000,1999783,True,,180278,5007,crossed
r2dreamer_cluster,human,12,full_r2d_state_dHfull_all_rns10h_img_r2dreamer_s12,0.1,tipped,picked,175271,2000000,1999783,True,,51762,-123509,crossed
r2dreamer_cluster,human,13,full_r2d_state_dHfull_all_rns10h_img_r2dreamer_s13,0.1,placed_v2,picked,113039,2000000,1999896,True,,120343,7304,crossed
r2dreamer_cluster,human,13,full_r2d_state_dHfull_all_rns10h_img_r2dreamer_s13,0.1,farside,picked,113039,2000000,1999896,True,,120343,7304,crossed
r2dreamer_cluster,human,13,full_r2d_state_dHfull_all_rns10h_img_r2dreamer_s13,0.1,slide_event,picked,113039,2000000,1999896,True,,156660,43621,crossed
r2dreamer_cluster,human,13,full_r2d_state_dHfull_all_rns10h_img_r2dreamer_s13,0.1,home,picked,113039,2000000,1999896,True,,156660,43621,crossed
r2dreamer_cluster,human,13,full_r2d_state_dHfull_all_rns10h_img_r2dreamer_s13,0.1,tipped,picked,113039,2000000,1999896,True,,30219,-82820,crossed
r2dreamer_cluster,human,14,full_r2d_state_dHfull_all_rns10h_img_r2dreamer_s14,0.1,placed_v2,picked,102978,2000000,1999713,True,,126685,23707,crossed
r2dreamer_cluster,human,14,full_r2d_state_dHfull_all_rns10h_img_r2dreamer_s14,0.1,farside,picked,102978,2000000,1999713,True,,129274,26296,crossed
r2dreamer_cluster,human,14,full_r2d_state_dHfull_all_rns10h_img_r2dreamer_s14,0.1,slide_event,picked,102978,2000000,1999713,True,,168914,65936,crossed
r2dreamer_cluster,human,14,full_r2d_state_dHfull_all_rns10h_img_r2dreamer_s14,0.1,home,picked,102978,2000000,1999713,True,,199178,96200,crossed
r2dreamer_cluster,human,14,full_r2d_state_dHfull_all_rns10h_img_r2dreamer_s14,0.1,tipped,picked,102978,2000000,1999713,True,,35969,-67009,crossed
r2dreamer_cluster,human,15,full_r2d_state_dHfull_all_rns10h_img_r2dreamer_s15,0.1,placed_v2,picked,128772,2000000,1992719,True,,130533,1761,crossed
r2dreamer_cluster,human,15,full_r2d_state_dHfull_all_rns10h_img_r2dreamer_s15,0.1,farside,picked,128772,2000000,1992719,True,,130533,1761,crossed
r2dreamer_cluster,human,15,full_r2d_state_dHfull_all_rns10h_img_r2dreamer_s15,0.1,slide_event,picked,128772,2000000,1992719,True,,227606,98834,crossed
r2dreamer_cluster,human,15,full_r2d_state_dHfull_all_rns10h_img_r2dreamer_s15,0.1,home,picked,128772,2000000,1992719,True,,230708,101936,crossed
r2dreamer_cluster,human,15,full_r2d_state_dHfull_all_rns10h_img_r2dreamer_s15,0.1,tipped,picked,128772,2000000,1992719,True,,23452,-105320,crossed
r2dreamer_cluster,machine,0,full_r2d_state_dDPfull_first_rns10h_img_r2dreamer_s0,0.1,placed_v2,picked,167529,1000000,992669,True,,173717,6188,crossed
r2dreamer_cluster,machine,0,full_r2d_state_dDPfull_first_rns10h_img_r2dreamer_s0,0.1,farside,picked,167529,1000000,992669,True,,174171,6642,crossed
r2dreamer_cluster,machine,0,full_r2d_state_dDPfull_first_rns10h_img_r2dreamer_s0,0.1,slide_event,picked,167529,1000000,992669,True,,181530,14001,crossed
r2dreamer_cluster,machine,0,full_r2d_state_dDPfull_first_rns10h_img_r2dreamer_s0,0.1,home,picked,167529,1000000,992669,True,,182705,15176,crossed
r2dreamer_cluster,machine,0,full_r2d_state_dDPfull_first_rns10h_img_r2dreamer_s0,0.1,tipped,picked,167529,1000000,992669,True,,28787,-138742,crossed
r2dreamer_cluster,machine,1,full_r2d_state_dDPfull_first_rns10h_img_r2dreamer_s1,0.1,placed_v2,picked,117962,1000000,994829,True,,126158,8196,crossed
r2dreamer_cluster,machine,1,full_r2d_state_dDPfull_first_rns10h_img_r2dreamer_s1,0.1,farside,picked,117962,1000000,994829,True,,126158,8196,crossed
r2dreamer_cluster,machine,1,full_r2d_state_dDPfull_first_rns10h_img_r2dreamer_s1,0.1,slide_event,picked,117962,1000000,994829,True,,151707,33745,crossed
r2dreamer_cluster,machine,1,full_r2d_state_dDPfull_first_rns10h_img_r2dreamer_s1,0.1,home,picked,117962,1000000,994829,True,,156269,38307,crossed
r2dreamer_cluster,machine,1,full_r2d_state_dDPfull_first_rns10h_img_r2dreamer_s1,0.1,tipped,picked,117962,1000000,994829,True,,31599,-86363,crossed
r2dreamer_cluster,machine,2,full_r2d_state_dDPfull_first_rns10h_img_r2dreamer_s2,0.1,placed_v2,picked,122298,1000000,999197,True,,142508,20210,crossed
r2dreamer_cluster,machine,2,full_r2d_state_dDPfull_first_rns10h_img_r2dreamer_s2,0.1,farside,picked,122298,1000000,999197,True,,142508,20210,crossed
r2dreamer_cluster,machine,2,full_r2d_state_dDPfull_first_rns10h_img_r2dreamer_s2,0.1,slide_event,picked,122298,1000000,999197,True,,159182,36884,crossed
r2dreamer_cluster,machine,2,full_r2d_state_dDPfull_first_rns10h_img_r2dreamer_s2,0.1,home,picked,122298,1000000,999197,True,,205103,82805,crossed
r2dreamer_cluster,machine,2,full_r2d_state_dDPfull_first_rns10h_img_r2dreamer_s2,0.1,tipped,picked,122298,1000000,999197,True,,39921,-82377,crossed
r2dreamer_cluster,machine,3,full_r2d_state_dDPfull_first_rns10h_img_r2dreamer_s3,0.1,placed_v2,picked,126553,2000000,1992610,True,,134813,8260,crossed
r2dreamer_cluster,machine,3,full_r2d_state_dDPfull_first_rns10h_img_r2dreamer_s3,0.1,farside,picked,126553,2000000,1992610,True,,134813,8260,crossed
r2dreamer_cluster,machine,3,full_r2d_state_dDPfull_first_rns10h_img_r2dreamer_s3,0.1,slide_event,picked,126553,2000000,1992610,True,,143349,16796,crossed
r2dreamer_cluster,machine,3,full_r2d_state_dDPfull_first_rns10h_img_r2dreamer_s3,0.1,home,picked,126553,2000000,1992610,True,,152927,26374,crossed
r2dreamer_cluster,machine,3,full_r2d_state_dDPfull_first_rns10h_img_r2dreamer_s3,0.1,tipped,picked,126553,2000000,1992610,True,,28791,-97762,crossed
r2dreamer_cluster,machine,4,full_r2d_state_dDPfull_first_rns10h_img_r2dreamer_s4,0.1,placed_v2,picked,76436,2000000,1999440,True,,145115,68679,crossed
r2dreamer_cluster,machine,4,full_r2d_state_dDPfull_first_rns10h_img_r2dreamer_s4,0.1,farside,picked,76436,2000000,1999440,True,,145115,68679,crossed
r2dreamer_cluster,machine,4,full_r2d_state_dDPfull_first_rns10h_img_r2dreamer_s4,0.1,slide_event,picked,76436,2000000,1999440,True,,147047,70611,crossed
r2dreamer_cluster,machine,4,full_r2d_state_dDPfull_first_rns10h_img_r2dreamer_s4,0.1,home,picked,76436,2000000,1999440,True,,186199,109763,crossed
r2dreamer_cluster,machine,4,full_r2d_state_dDPfull_first_rns10h_img_r2dreamer_s4,0.1,tipped,picked,76436,2000000,1999440,True,,59671,-16765,crossed
r2dreamer_cluster,machine,5,full_r2d_state_dDPfull_first_rns10h_img_r2dreamer_s5,0.1,placed_v2,picked,119405,2000000,1999138,True,,135603,16198,crossed
r2dreamer_cluster,machine,5,full_r2d_state_dDPfull_first_rns10h_img_r2dreamer_s5,0.1,farside,picked,119405,2000000,1999138,True,,138369,18964,crossed
r2dreamer_cluster,machine,5,full_r2d_state_dDPfull_first_rns10h_img_r2dreamer_s5,0.1,slide_event,picked,119405,2000000,1999138,True,,222481,103076,crossed
r2dreamer_cluster,machine,5,full_r2d_state_dDPfull_first_rns10h_img_r2dreamer_s5,0.1,home,picked,119405,2000000,1999138,True,,235210,115805,crossed
r2dreamer_cluster,machine,5,full_r2d_state_dDPfull_first_rns10h_img_r2dreamer_s5,0.1,tipped,picked,119405,2000000,1999138,True,,35647,-83758,crossed
r2dreamer_cluster,machine,6,full_r2d_state_dDPfull_first_rns10h_img_r2dreamer_s6,0.1,placed_v2,picked,109619,2000000,1998181,True,,114745,5126,crossed
r2dreamer_cluster,machine,6,full_r2d_state_dDPfull_first_rns10h_img_r2dreamer_s6,0.1,farside,picked,109619,2000000,1998181,True,,114745,5126,crossed
r2dreamer_cluster,machine,6,full_r2d_state_dDPfull_first_rns10h_img_r2dreamer_s6,0.1,slide_event,picked,109619,2000000,1998181,True,,129698,20079,crossed
r2dreamer_cluster,machine,6,full_r2d_state_dDPfull_first_rns10h_img_r2dreamer_s6,0.1,home,picked,109619,2000000,1998181,True,,135486,25867,crossed
r2dreamer_cluster,machine,6,full_r2d_state_dDPfull_first_rns10h_img_r2dreamer_s6,0.1,tipped,picked,109619,2000000,1998181,True,,34210,-75409,crossed
r2dreamer_cluster,machine,7,full_r2d_state_dDPfull_first_rns10h_img_r2dreamer_s7,0.1,placed_v2,picked,141763,2000000,1992502,True,,142072,309,crossed
r2dreamer_cluster,machine,7,full_r2d_state_dDPfull_first_rns10h_img_r2dreamer_s7,0.1,farside,picked,141763,2000000,1992502,True,,146150,4387,crossed
r2dreamer_cluster,machine,7,full_r2d_state_dDPfull_first_rns10h_img_r2dreamer_s7,0.1,slide_event,picked,141763,2000000,1992502,True,,154176,12413,crossed
r2dreamer_cluster,machine,7,full_r2d_state_dDPfull_first_rns10h_img_r2dreamer_s7,0.1,home,picked,141763,2000000,1992502,True,,154176,12413,crossed
r2dreamer_cluster,machine,7,full_r2d_state_dDPfull_first_rns10h_img_r2dreamer_s7,0.1,tipped,picked,141763,2000000,1992502,True,,28781,-112982,crossed
r2dreamer_cluster,machine,8,full_r2d_state_dDPfull_first_rns10h_img_r2dreamer_s8,0.1,placed_v2,picked,131023,2000000,1992708,True,,137340,6317,crossed
r2dreamer_cluster,machine,8,full_r2d_state_dDPfull_first_rns10h_img_r2dreamer_s8,0.1,farside,picked,131023,2000000,1992708,True,,138940,7917,crossed
r2dreamer_cluster,machine,8,full_r2d_state_dDPfull_first_rns10h_img_r2dreamer_s8,0.1,slide_event,picked,131023,2000000,1992708,True,,142093,11070,crossed
r2dreamer_cluster,machine,8,full_r2d_state_dDPfull_first_rns10h_img_r2dreamer_s8,0.1,home,picked,131023,2000000,1992708,True,,159375,28352,crossed
r2dreamer_cluster,machine,8,full_r2d_state_dDPfull_first_rns10h_img_r2dreamer_s8,0.1,tipped,picked,131023,2000000,1992708,True,,36027,-94996,crossed
r2dreamer_cluster,machine,9,full_r2d_state_dDPfull_first_rns10h_img_r2dreamer_s9,0.1,placed_v2,picked,130572,2000000,1999396,True,,133819,3247,crossed
r2dreamer_cluster,machine,9,full_r2d_state_dDPfull_first_rns10h_img_r2dreamer_s9,0.1,farside,picked,130572,2000000,1999396,True,,133819,3247,crossed
r2dreamer_cluster,machine,9,full_r2d_state_dDPfull_first_rns10h_img_r2dreamer_s9,0.1,slide_event,picked,130572,2000000,1999396,True,,174372,43800,crossed
r2dreamer_cluster,machine,9,full_r2d_state_dDPfull_first_rns10h_img_r2dreamer_s9,0.1,home,picked,130572,2000000,1999396,True,,179409,48837,crossed
r2dreamer_cluster,machine,9,full_r2d_state_dDPfull_first_rns10h_img_r2dreamer_s9,0.1,tipped,picked,130572,2000000,1999396,True,,35963,-94609,crossed
r2dreamer_cluster,machine,10,full_r2d_state_dDPfull_first_rns10h_img_r2dreamer_s10,0.1,placed_v2,picked,116932,2000000,1999943,True,,131664,14732,crossed
r2dreamer_cluster,machine,10,full_r2d_state_dDPfull_first_rns10h_img_r2dreamer_s10,0.1,farside,picked,116932,2000000,1999943,True,,167291,50359,crossed
r2dreamer_cluster,machine,10,full_r2d_state_dDPfull_first_rns10h_img_r2dreamer_s10,0.1,slide_event,picked,116932,2000000,1999943,True,,172836,55904,crossed
r2dreamer_cluster,machine,10,full_r2d_state_dDPfull_first_rns10h_img_r2dreamer_s10,0.1,home,picked,116932,2000000,1999943,True,,172836,55904,crossed
r2dreamer_cluster,machine,10,full_r2d_state_dDPfull_first_rns10h_img_r2dreamer_s10,0.1,tipped,picked,116932,2000000,1999943,True,,35965,-80967,crossed
r2dreamer_cluster,machine,11,full_r2d_state_dDPfull_first_rns10h_img_r2dreamer_s11,0.1,placed_v2,picked,136908,2000000,1999893,True,,146670,9762,crossed
r2dreamer_cluster,machine,11,full_r2d_state_dDPfull_first_rns10h_img_r2dreamer_s11,0.1,farside,picked,136908,2000000,1999893,True,,147479,10571,crossed
r2dreamer_cluster,machine,11,full_r2d_state_dDPfull_first_rns10h_img_r2dreamer_s11,0.1,slide_event,picked,136908,2000000,1999893,True,,169314,32406,crossed
r2dreamer_cluster,machine,11,full_r2d_state_dDPfull_first_rns10h_img_r2dreamer_s11,0.1,home,picked,136908,2000000,1999893,True,,170626,33718,crossed
r2dreamer_cluster,machine,11,full_r2d_state_dDPfull_first_rns10h_img_r2dreamer_s11,0.1,tipped,picked,136908,2000000,1999893,True,,35953,-100955,crossed
r2dreamer_cluster,machine,12,full_r2d_state_dDPfull_first_rns10h_img_r2dreamer_s12,0.1,placed_v2,picked,139555,2000000,1999744,True,,139864,309,crossed
r2dreamer_cluster,machine,12,full_r2d_state_dDPfull_first_rns10h_img_r2dreamer_s12,0.1,farside,picked,139555,2000000,1999744,True,,139864,309,crossed
r2dreamer_cluster,machine,12,full_r2d_state_dDPfull_first_rns10h_img_r2dreamer_s12,0.1,slide_event,picked,139555,2000000,1999744,True,,145491,5936,crossed
r2dreamer_cluster,machine,12,full_r2d_state_dDPfull_first_rns10h_img_r2dreamer_s12,0.1,home,picked,139555,2000000,1999744,True,,146757,7202,crossed
r2dreamer_cluster,machine,12,full_r2d_state_dDPfull_first_rns10h_img_r2dreamer_s12,0.1,tipped,picked,139555,2000000,1999744,True,,104306,-35249,crossed
r2dreamer_cluster,machine,13,full_r2d_state_dDPfull_first_rns10h_img_r2dreamer_s13,0.1,placed_v2,picked,141087,2000000,1999747,True,,141087,0,crossed
r2dreamer_cluster,machine,13,full_r2d_state_dDPfull_first_rns10h_img_r2dreamer_s13,0.1,farside,picked,141087,2000000,1999747,True,,143983,2896,crossed
r2dreamer_cluster,machine,13,full_r2d_state_dDPfull_first_rns10h_img_r2dreamer_s13,0.1,slide_event,picked,141087,2000000,1999747,True,,148129,7042,crossed
r2dreamer_cluster,machine,13,full_r2d_state_dDPfull_first_rns10h_img_r2dreamer_s13,0.1,home,picked,141087,2000000,1999747,True,,158224,17137,crossed
r2dreamer_cluster,machine,13,full_r2d_state_dDPfull_first_rns10h_img_r2dreamer_s13,0.1,tipped,picked,141087,2000000,1999747,True,,35955,-105132,crossed
r2dreamer_cluster,machine,14,full_r2d_state_dDPfull_first_rns10h_img_r2dreamer_s14,0.1,placed_v2,picked,131772,2000000,1999803,True,,164985,33213,crossed
r2dreamer_cluster,machine,14,full_r2d_state_dDPfull_first_rns10h_img_r2dreamer_s14,0.1,farside,picked,131772,2000000,1999803,True,,186573,54801,crossed
r2dreamer_cluster,machine,14,full_r2d_state_dDPfull_first_rns10h_img_r2dreamer_s14,0.1,slide_event,picked,131772,2000000,1999803,True,,186956,55184,crossed
r2dreamer_cluster,machine,14,full_r2d_state_dDPfull_first_rns10h_img_r2dreamer_s14,0.1,home,picked,131772,2000000,1999803,True,,199977,68205,crossed
r2dreamer_cluster,machine,14,full_r2d_state_dDPfull_first_rns10h_img_r2dreamer_s14,0.1,tipped,picked,131772,2000000,1999803,True,,63584,-68188,crossed
r2dreamer_cluster,machine,15,full_r2d_state_dDPfull_first_rns10h_img_r2dreamer_s15,0.1,placed_v2,picked,122410,2000000,1992781,True,,171783,49373,crossed
r2dreamer_cluster,machine,15,full_r2d_state_dDPfull_first_rns10h_img_r2dreamer_s15,0.1,farside,picked,122410,2000000,1992781,True,,171783,49373,crossed
r2dreamer_cluster,machine,15,full_r2d_state_dDPfull_first_rns10h_img_r2dreamer_s15,0.1,slide_event,picked,122410,2000000,1992781,True,,171783,49373,crossed
r2dreamer_cluster,machine,15,full_r2d_state_dDPfull_first_rns10h_img_r2dreamer_s15,0.1,home,picked,122410,2000000,1992781,True,,171783,49373,crossed
r2dreamer_cluster,machine,15,full_r2d_state_dDPfull_first_rns10h_img_r2dreamer_s15,0.1,tipped,picked,122410,2000000,1992781,True,,65561,-56849,crossed
r2dreamer_cluster,planner72,0,full_r2d_state_native_rns10h_img_r2dreamer_s0,0.1,placed_v2,picked,151124,2000000,1612941,False,incomplete (still running or interrupted),249244,98120,crossed
r2dreamer_cluster,planner72,0,full_r2d_state_native_rns10h_img_r2dreamer_s0,0.1,farside,picked,151124,2000000,1612941,False,incomplete (still running or interrupted),264357,113233,crossed
r2dreamer_cluster,planner72,0,full_r2d_state_native_rns10h_img_r2dreamer_s0,0.1,slide_event,picked,151124,2000000,1612941,False,incomplete (still running or interrupted),383592,232468,crossed
r2dreamer_cluster,planner72,0,full_r2d_state_native_rns10h_img_r2dreamer_s0,0.1,home,picked,151124,2000000,1612941,False,incomplete (still running or interrupted),403384,252260,crossed
r2dreamer_cluster,planner72,0,full_r2d_state_native_rns10h_img_r2dreamer_s0,0.1,tipped,picked,151124,2000000,1612941,False,incomplete (still running or interrupted),33822,-117302,crossed
r2dreamer_cluster,planner72,1,full_r2d_state_native_rns10h_img_r2dreamer_s1,0.1,placed_v2,picked,205416,2000000,1619233,False,incomplete (still running or interrupted),326047,120631,crossed
r2dreamer_cluster,planner72,1,full_r2d_state_native_rns10h_img_r2dreamer_s1,0.1,farside,picked,205416,2000000,1619233,False,incomplete (still running or interrupted),326715,121299,crossed
r2dreamer_cluster,planner72,1,full_r2d_state_native_rns10h_img_r2dreamer_s1,0.1,slide_event,picked,205416,2000000,1619233,False,incomplete (still running or interrupted),406350,200934,crossed
r2dreamer_cluster,planner72,1,full_r2d_state_native_rns10h_img_r2dreamer_s1,0.1,home,picked,205416,2000000,1619233,False,incomplete (still running or interrupted),422573,217157,crossed
r2dreamer_cluster,planner72,1,full_r2d_state_native_rns10h_img_r2dreamer_s1,0.1,tipped,picked,205416,2000000,1619233,False,incomplete (still running or interrupted),31576,-173840,crossed
r2dreamer_cluster,planner72,2,full_r2d_state_native_rns10h_img_r2dreamer_s2,0.1,placed_v2,picked,147934,2000000,1660873,False,incomplete (still running or interrupted),297158,149224,crossed
r2dreamer_cluster,planner72,2,full_r2d_state_native_rns10h_img_r2dreamer_s2,0.1,farside,picked,147934,2000000,1660873,False,incomplete (still running or interrupted),348872,200938,crossed
r2dreamer_cluster,planner72,2,full_r2d_state_native_rns10h_img_r2dreamer_s2,0.1,slide_event,picked,147934,2000000,1660873,False,incomplete (still running or interrupted),673493,525559,crossed
r2dreamer_cluster,planner72,2,full_r2d_state_native_rns10h_img_r2dreamer_s2,0.1,home,picked,147934,2000000,1660873,False,incomplete (still running or interrupted),769517,621583,crossed
r2dreamer_cluster,planner72,2,full_r2d_state_native_rns10h_img_r2dreamer_s2,0.1,tipped,picked,147934,2000000,1660873,False,incomplete (still running or interrupted),35622,-112312,crossed
r2dreamer_cluster,planner72,3,full_r2d_state_native_rns10h_img_r2dreamer_s3,0.1,placed_v2,picked,144324,2000000,1513429,False,incomplete (still running or interrupted),197597,53273,crossed
r2dreamer_cluster,planner72,3,full_r2d_state_native_rns10h_img_r2dreamer_s3,0.1,farside,picked,144324,2000000,1513429,False,incomplete (still running or interrupted),197854,53530,crossed
r2dreamer_cluster,planner72,3,full_r2d_state_native_rns10h_img_r2dreamer_s3,0.1,slide_event,picked,144324,2000000,1513429,False,incomplete (still running or interrupted),205046,60722,crossed
r2dreamer_cluster,planner72,3,full_r2d_state_native_rns10h_img_r2dreamer_s3,0.1,home,picked,144324,2000000,1513429,False,incomplete (still running or interrupted),285031,140707,crossed
r2dreamer_cluster,planner72,3,full_r2d_state_native_rns10h_img_r2dreamer_s3,0.1,tipped,picked,144324,2000000,1513429,False,incomplete (still running or interrupted),28792,-115532,crossed
r2dreamer_cluster,planner72,4,full_r2d_state_native_rns10h_img_r2dreamer_s4,0.1,placed_v2,picked,113633,2000000,1664035,False,incomplete (still running or interrupted),242519,128886,crossed
r2dreamer_cluster,planner72,4,full_r2d_state_native_rns10h_img_r2dreamer_s4,0.1,farside,picked,113633,2000000,1664035,False,incomplete (still running or interrupted),252918,139285,crossed
r2dreamer_cluster,planner72,4,full_r2d_state_native_rns10h_img_r2dreamer_s4,0.1,slide_event,picked,113633,2000000,1664035,False,incomplete (still running or interrupted),504291,390658,crossed
r2dreamer_cluster,planner72,4,full_r2d_state_native_rns10h_img_r2dreamer_s4,0.1,home,picked,113633,2000000,1664035,False,incomplete (still running or interrupted),541957,428324,crossed
r2dreamer_cluster,planner72,4,full_r2d_state_native_rns10h_img_r2dreamer_s4,0.1,tipped,picked,113633,2000000,1664035,False,incomplete (still running or interrupted),75721,-37912,crossed
r2dreamer_cluster,planner72,5,full_r2d_state_native_rns10h_img_r2dreamer_s5,0.1,placed_v2,picked,120164,2000000,1669101,False,incomplete (still running or interrupted),409724,289560,crossed
r2dreamer_cluster,planner72,5,full_r2d_state_native_rns10h_img_r2dreamer_s5,0.1,farside,picked,120164,2000000,1669101,False,incomplete (still running or interrupted),409724,289560,crossed
r2dreamer_cluster,planner72,5,full_r2d_state_native_rns10h_img_r2dreamer_s5,0.1,slide_event,picked,120164,2000000,1669101,False,incomplete (still running or interrupted),527585,407421,crossed
r2dreamer_cluster,planner72,5,full_r2d_state_native_rns10h_img_r2dreamer_s5,0.1,home,picked,120164,2000000,1669101,False,incomplete (still running or interrupted),618136,497972,crossed
r2dreamer_cluster,planner72,5,full_r2d_state_native_rns10h_img_r2dreamer_s5,0.1,tipped,picked,120164,2000000,1669101,False,incomplete (still running or interrupted),23457,-96707,crossed
r2dreamer_cluster,planner72,6,full_r2d_state_native_rns10h_img_r2dreamer_s6,0.1,placed_v2,picked,137964,2000000,825335,False,incomplete (still running or interrupted),191086,53122,crossed
r2dreamer_cluster,planner72,6,full_r2d_state_native_rns10h_img_r2dreamer_s6,0.1,farside,picked,137964,2000000,825335,False,incomplete (still running or interrupted),191086,53122,crossed
r2dreamer_cluster,planner72,6,full_r2d_state_native_rns10h_img_r2dreamer_s6,0.1,slide_event,picked,137964,2000000,825335,False,incomplete (still running or interrupted),389276,251312,crossed
r2dreamer_cluster,planner72,6,full_r2d_state_native_rns10h_img_r2dreamer_s6,0.1,home,picked,137964,2000000,825335,False,incomplete (still running or interrupted),475808,337844,crossed
r2dreamer_cluster,planner72,6,full_r2d_state_native_rns10h_img_r2dreamer_s6,0.1,tipped,picked,137964,2000000,825335,False,incomplete (still running or interrupted),34206,-103758,crossed
r2dreamer_cluster,r2teacher,2,full_r2d_state_native_rns10h_img_r2dreamer_s2,0.1,placed_v2,picked,86458,2000000,1999410,True,,120153,33695,crossed
r2dreamer_cluster,r2teacher,2,full_r2d_state_native_rns10h_img_r2dreamer_s2,0.1,farside,picked,86458,2000000,1999410,True,,120153,33695,crossed
r2dreamer_cluster,r2teacher,2,full_r2d_state_native_rns10h_img_r2dreamer_s2,0.1,slide_event,picked,86458,2000000,1999410,True,,193382,106924,crossed
r2dreamer_cluster,r2teacher,2,full_r2d_state_native_rns10h_img_r2dreamer_s2,0.1,home,picked,86458,2000000,1999410,True,,199136,112678,crossed
r2dreamer_cluster,r2teacher,2,full_r2d_state_native_rns10h_img_r2dreamer_s2,0.1,tipped,picked,86458,2000000,1999410,True,,35630,-50828,crossed
r2dreamer_cluster,r2teacher,7,full_r2d_state_native_rns10h_img_r2dreamer_s7,0.1,placed_v2,picked,97553,2000000,1992681,True,,143840,46287,crossed
r2dreamer_cluster,r2teacher,7,full_r2d_state_native_rns10h_img_r2dreamer_s7,0.1,farside,picked,97553,2000000,1992681,True,,143840,46287,crossed
r2dreamer_cluster,r2teacher,7,full_r2d_state_native_rns10h_img_r2dreamer_s7,0.1,slide_event,picked,97553,2000000,1992681,True,,256829,159276,crossed
r2dreamer_cluster,r2teacher,7,full_r2d_state_native_rns10h_img_r2dreamer_s7,0.1,home,picked,97553,2000000,1992681,True,,288332,190779,crossed
r2dreamer_cluster,r2teacher,7,full_r2d_state_native_rns10h_img_r2dreamer_s7,0.1,tipped,picked,97553,2000000,1992681,True,,24006,-73547,crossed
