world,arm,uid,ic_uid,stage,n_rows,path_len,tortuosity,wander,speed_mean,speed_std,speed_cv,accel_mean,jerk_mean,jerk_per_len,pause_frac,strict_stop_frac,stop_frac_02mm,stop_frac_1mm,stop_frac_2mm,moving_speed_mean,joint_speed_mean,joint_jerk_mean,act_autocorr1,act_hf_frac,act_hf_frac_w32,act_signflip_rate,speed_perm_entropy,act_mag_mean,can_path_len,can_moved_frac,contact_events,can_move_open_frac,grip_cmd_flip,grip_close_events,effort_std,tilt_max,tilt_inhand_mean,retreat_frac,approach_reversals,backtrack_frac,trans_kinds,trans_entropy,nnIC_path_div
w3,dH,100000,232,picked,60,0.354,2.37,0.0386,0.005899516468135572,0.004393287047125565,0.7446859536462958,0.004432836606480362,0.005739860017216403,0.9405061211278155,0.18333333333333332,0.11666666666666667,0.05,0.18333333333333332,0.26666666666666666,0.0066482906693162746,0.04438586547104215,0.03517236230301501,0.6388050953092894,0.10001753557779818,0.1628466455665671,0.1807909604519774,0.9649723659988001,0.14885788824823168,0.1208238797432231,0.3389830508474576,1,0.11864406779661017,1,1,4.829353714977791,6.720913201408409,4.404723096337105,0.23809523809523808,2,0.16363636363636364,34,4.752538513461185,0.02861946681506664
w3,dH,100001,247,picked,109,0.508,2.327,0.0629,0.004660687167329956,0.005336446142771795,1.1449912751447278,0.0030361520527467066,0.004085081627788223,0.8604151829155314,0.43119266055045874,0.43119266055045874,0.3302752293577982,0.44954128440366975,0.48623853211009177,0.008110214065361757,0.029267400757960776,0.022641914882308836,0.6923059896264486,0.08456217160177981,0.19980537604995954,0.11882716049382715,0.9566738370556138,0.10019587404137358,0.10520942134288182,0.12037037037037036,3,0.009259259259259259,1,1,8.163933480537608,4.310137853464601,3.724528433594681,0.18666666666666668,1,0.20192307692307693,37,3.7227485172948827,0.0726564861325063
w3,dH,100002,258,picked,70,0.4451,5.253,0.0808,0.0063590220673862925,0.005599482467527204,0.8805571687265308,0.0037940035177276427,0.004871612907094022,0.7442062500714789,0.35714285714285715,0.3,0.21428571428571427,0.32857142857142857,0.35714285714285715,0.009003407992768222,0.04719306065537502,0.02752454956728346,0.7591239327605122,0.08320708488841749,0.1815211725370155,0.16425120772946858,0.9715772371532608,0.16064979771063448,0.18379779868020146,0.37681159420289856,6,0.14492753623188406,1,1,9.328012323905671,4.372869375688777,4.16158998718063,0.275,2,0.2153846153846154,35,4.315089397223288,0.05190298764187243
w3,dH,100003,273,picked,98,0.3561,2.375,0.0647,0.003633749919730406,0.005333646044528303,1.4678076814168917,0.0021088827547890393,0.0024765132995637376,0.6676222264622784,0.22448979591836735,0.5408163265306123,0.40816326530612246,0.6326530612244898,0.6530612244897959,0.007748603453168911,0.024874640026504462,0.01400305160827752,0.7850460040464992,0.03433122853167054,0.14476985758323524,0.13917525773195874,0.9588618266740877,0.09318043737589908,0.11689601040118006,0.15463917525773196,3,0.010309278350515464,1,1,5.025276108163471,4.51825885800399,4.0478057042363265,0.14516129032258066,1,0.3225806451612903,24,2.754005417703805,0.034379546195128376
w3,dH,100004,281,picked,116,0.4954,2.484,0.0315,0.004270783521427722,0.005692522665605595,1.3328989018161674,0.0022539845055542574,0.002684659464778487,0.6177724109381049,0.4051724137931034,0.5172413793103449,0.45689655172413796,0.5775862068965517,0.603448275862069,0.008780536273079372,0.035437367685794585,0.017492308193997427,0.8228675159814877,0.04281273860734445,0.2190789257027255,0.11449275362318839,0.9858586613721723,0.1247190148837265,0.10475838171850844,0.13043478260869565,2,0.008695652173913044,3,2,4.411907563739406,4.7314517506721065,1.032717599619733,0.0,0,0.32432432432432434,31,3.124564458878608,0.058921831684157246
w3,dH,100005,298,picked,75,0.3777,3.415,0.0765,0.00503583810578913,0.005936277026414318,1.1788061692432201,0.0026049788883255594,0.0034801203690668263,0.6726421874704493,0.29333333333333333,0.4,0.21333333333333335,0.4666666666666667,0.5333333333333333,0.008268144494048143,0.03335426727760671,0.0189983386446312,0.7843270990516241,0.0675371494572121,0.1397561368408487,0.15315315315315317,0.9538894170712413,0.11472423921028775,0.12990624866680356,0.24324324324324326,2,0.013513513513513514,1,1,7.20177099785828,4.409649179702876,3.9560907249373165,0.11904761904761904,1,0.11428571428571428,24,3.4526950090947635,0.042195236967863814
w3,dH,100006,308,picked,85,0.5503,6.97,0.0838,0.006473677120383482,0.006211955926781677,0.9595714786612185,0.0033661511524535437,0.004114299241457407,0.6205889057753862,0.36470588235294116,0.35294117647058826,0.18823529411764706,0.36470588235294116,0.38823529411764707,0.009891141318496957,0.04261582277057665,0.0202635032952191,0.8373932391687816,0.03831323383173353,0.07243548245015317,0.11706349206349205,0.9680241538335885,0.15651627136211768,0.2797860988142771,0.4880952380952381,4,0.08333333333333333,1,1,5.087429775548398,5.386446698618913,4.075625299319068,0.22727272727272727,1,0.175,29,3.7094675406056066,0.05056371599560994
w3,dH,100007,320,picked,195,0.5686,3.685,0.0581,0.0029160807005158625,0.004295816651910741,1.4731473827698935,0.002096686640997926,0.002706645971106235,0.9186595896107427,0.20512820512820512,0.5538461538461539,0.36923076923076925,0.6051282051282051,0.6564102564102564,0.0063435793564302866,0.021489594018775742,0.014810819516850772,0.7380382855987566,0.08318293916786385,0.24067663796421024,0.12457044673539519,0.96524997627466,0.06996903765914789,0.19999313845751754,0.18556701030927836,7,0.05154639175257732,1,1,7.762129001360111,4.826043487275886,4.13733624943313,0.10784313725490197,1,0.3894736842105263,43,3.217644834236686,0.035975289943709056
w3,dH,100008,333,picked,124,0.4364,2.101,0.068,0.0035191589639481835,0.005116205594536934,1.4538148594449982,0.00145104466130974,0.0018908361703381205,0.5286316508603769,0.18548387096774194,0.6129032258064516,0.4596774193548387,0.6290322580645161,0.6693548387096774,0.008886682893071663,0.02612798003764212,0.011027421694669807,0.8291963204616827,0.05498470054468655,0.22375431599273557,0.06504065040650407,0.972428558038661,0.08846751464310525,0.12725731948432767,0.13008130081300814,2,0.008130081300813009,1,1,8.251949628460558,4.433044703869544,3.815683320178681,0.12698412698412698,1,0.2773109243697479,27,2.617875156417217,0.05847412210002088
w3,dH,101000,233,picked,62,0.4036,3.415,0.0495,0.006510115848167557,0.0053929291715526465,0.8283921972096131,0.005106015890634628,0.006145237203215493,0.9135019842574983,0.2903225806451613,0.22580645161290322,0.11290322580645161,0.25806451612903225,0.3225806451612903,0.00833958877308807,0.04402237328885164,0.03799184630744217,0.6029469858083405,0.11931195421026534,0.09304388557058267,0.24863387978142074,0.971723778631778,0.1554545785090135,0.14792809714287206,0.3114754098360656,3,0.01639344262295082,1,1,8.944927444376424,4.3662249981018055,3.945276876996332,0.4,3,0.22807017543859648,28,4.23182675612606,0.031401469943242576
w3,dH,101001,248,picked,119,0.4196,2.792,0.059,0.003526465510303686,0.005164719251574103,1.464559694822972,0.001953331882881505,0.0021497906857480082,0.5993706003014512,0.2857142857142857,0.5294117647058824,0.42857142857142855,0.5630252100840336,0.6218487394957983,0.0073696311884029215,0.022593582183762465,0.011464607540450034,0.822305175801669,0.024681097578062205,0.18428803363723176,0.09887005649717513,0.9379050603875455,0.07594847587310301,0.13300790255369807,0.16101694915254236,4,0.059322033898305086,1,1,7.380364666674527,4.582009377676333,4.168575254203665,0.21333333333333335,2,0.23684210526315788,31,3.097554713048051,0.059453821397474994
w3,dH,101002,259,picked,93,0.6004,4.001,0.0924,0.006455873246236472,0.006553568012034829,1.01513269577517,0.003611491194658181,0.00430984466917614,0.6532284133737287,0.3978494623655914,0.3655913978494624,0.22580645161290322,0.3978494623655914,0.43010752688172044,0.010070411959043271,0.044917190799223204,0.02384342900643018,0.8038671255613732,0.05185861997414104,0.06442511945664474,0.1503623188405797,0.9601218138409168,0.15023087942472077,0.18440075029686726,0.20652173913043478,3,0.010869565217391304,1,1,8.490901341356546,4.550212531258219,4.125905227533954,0.16981132075471697,2,0.20454545454545456,34,3.939130230185215,0.07633321189017177
w3,dH,101003,274,picked,122,0.556,4.648,0.0432,0.004557748738719964,0.005450207717560295,1.1958113599502584,0.0030373437518461817,0.004182257656837555,0.902571925687399,0.23770491803278687,0.3524590163934426,0.1885245901639344,0.4918032786885246,0.5327868852459017,0.006923512856727101,0.04881520921134088,0.02730094751781741,0.7468904049988999,0.0937929566841678,0.11065418696479162,0.21074380165289255,0.9607128874014831,0.17287118739036264,0.11839825887065138,0.1487603305785124,2,0.008264462809917356,1,1,5.224946378393904,4.5546011054164275,3.994227216509409,0.18681318681318682,2,0.39316239316239315,42,4.031467838030565,0.05652281847837514
w3,dH,101004,283,picked,100,0.3579,2.377,0.0578,0.003578825437009983,0.0037288422321938605,1.0419178855812572,0.0022543342011937468,0.0027111132723423807,0.7423918974699413,0.32,0.34,0.2,0.41,0.47,0.005326900439215803,0.02896512899089361,0.017526499584321866,0.7478581315564794,0.07397001959940076,0.14022584524655993,0.15151515151515152,0.9311374225854095,0.09683434166014195,0.11434464880118324,0.20202020202020202,4,0.030303030303030304,1,1,3.4972072070215976,4.7161341313841,4.064969535631774,0.14084507042253522,1,0.22105263157894736,32,3.9760233241821723,0.0692365787493444
w3,dH,101005,299,picked,198,1.1666,5.286,0.0753,0.005892060900996464,0.006319196940876055,1.0724934869236253,0.004263815071022421,0.005511231774200095,0.9259175792730262,0.3383838383838384,0.3181818181818182,0.1717171717171717,0.3686868686868687,0.43434343434343436,0.00854395692414039,0.05792120970986093,0.03864039886996393,0.706276844721578,0.09648043159301241,0.1678299384008413,0.22419627749576987,0.9742700426894291,0.203405284608153,0.16265251254498628,0.15228426395939088,5,0.04568527918781726,1,1,3.7811291112092906,4.166532530722356,3.7209439810581606,0.23376623376623376,5,0.32642487046632124,67,4.673235359310456,0.10138005518932468
w3,dH,101006,309,picked,97,0.5235,11.572,0.0902,0.005397067366653376,0.005643480271600929,1.0456568147490715,0.0033536108882941938,0.004357331426408409,0.790705257395002,0.29896907216494845,0.28865979381443296,0.21649484536082475,0.32989690721649484,0.41237113402061853,0.007537162503423252,0.038218500044788155,0.024677846286165442,0.7309038924766443,0.09628083926295099,0.11240896512060679,0.1597222222222222,0.9451861457945834,0.14402743828358108,0.29724601699488795,0.4270833333333333,5,0.010416666666666666,1,1,2.9901603883115766,14.151570332241146,4.164800709900043,0.13513513513513514,1,0.21739130434782608,34,4.22501189049575,0.04852016715613531
w3,dH,101007,321,picked,97,0.3442,2.977,0.0655,0.0035479629064003614,0.004317397702586081,1.2168666405158,0.0028019383922790408,0.0038241404480478763,1.0556176290994363,0.26804123711340205,0.4020618556701031,0.27835051546391754,0.5154639175257731,0.5670103092783505,0.005819171002649843,0.02463219859487693,0.019352164660610644,0.6424440044066166,0.11351662516470033,0.17446222234793837,0.1388888888888889,0.9628891171314952,0.08054578230041,0.12698928269302787,0.19791666666666666,2,0.03125,1,1,8.812697822484358,4.486690719063666,4.0386744971505895,0.16363636363636364,1,0.30434782608695654,39,3.973522357458073,0.028423453310229024
w3,dH,101008,335,picked,73,0.4024,2.164,0.0551,0.005511820350776314,0.00504814825936061,0.915876777197501,0.0033188227058760823,0.004838702879273934,0.8538260279907723,0.273972602739726,0.1643835616438356,0.0684931506849315,0.3013698630136986,0.410958904109589,0.006539450665855781,0.04359845712687622,0.029985739969615732,0.6734586033588141,0.11780323898178612,0.19065260354251734,0.2222222222222222,0.9612731000690246,0.1584407619145363,0.16045724182045829,0.3472222222222222,4,0.08333333333333333,1,1,6.151032098550929,5.1512730725628355,4.223271078725035,0.2926829268292683,2,0.22058823529411764,29,4.247489628170142,0.05654406171827506
w3,dH,102001,250,picked,246,1.339,6.171,0.0799,0.005443208849487635,0.005336381875534001,0.9803742650874603,0.0038585081188033128,0.005157846179665444,0.9398706925179312,0.26422764227642276,0.22764227642276422,0.12601626016260162,0.2886178861788618,0.3821138211382114,0.0069924521909264315,0.055861567558908753,0.03354871261716254,0.7549764774366844,0.07779641445463481,0.10854597893296426,0.22517006802721087,0.946456187140897,0.19120495413053976,0.21699254973238163,0.12244897959183673,6,0.0326530612244898,1,1,7.691676760400856,4.344478249668211,3.9542148424334287,0.33163265306122447,7,0.27385892116182575,63,4.939424445922634,0.11489532717393963
w3,dH,102002,262,picked,58,0.3338,2.571,0.0493,0.005755239349765107,0.0063971399400804705,1.1115332571427392,0.0032445139418974477,0.003922637228451972,0.6580740861631252,0.3793103448275862,0.39655172413793105,0.3448275862068966,0.46551724137931033,0.5172413793103449,0.009465795465313,0.03758418106352572,0.023569686387407952,0.7565430526809572,0.06406818400093817,0.056050511109804246,0.1871345029239766,0.8815573063818556,0.13783309019930745,0.13127669440311987,0.2982456140350877,2,0.017543859649122806,1,1,10.294732217817018,4.382838716761983,3.9103525706939433,0.19444444444444445,1,0.33962264150943394,22,3.437228788336055,0.03858250987763348
w3,dH,102003,275,picked,104,0.5258,2.611,0.0514,0.005055987929607639,0.0048571301160161085,0.9606688511997769,0.002753687634299022,0.0030066606310734747,0.5832371982246606,0.27884615384615385,0.25961538461538464,0.125,0.2980769230769231,0.40384615384615385,0.006750058999881858,0.039939939128260465,0.018670173602258703,0.8354585784756728,0.030163291438755024,0.09776959655359801,0.2184466019417476,0.9325534444198369,0.13752577826380732,0.11153837853504761,0.1553398058252427,4,0.009708737864077669,1,1,8.07761395631243,4.923225681458847,4.131507602923348,0.2318840579710145,2,0.30303030303030304,43,4.543727126609292,0.05757632807110502
w3,dH,102004,284,picked,82,0.2519,3.132,0.0668,0.0030718395112018983,0.003726887194285866,1.213242807996721,0.0012298219834900842,0.0013223906593168005,0.4199884869951989,0.35365853658536583,0.4146341463414634,0.2682926829268293,0.43902439024390244,0.5365853658536586,0.0051471732029836565,0.020443396290771833,0.006550691873348396,0.9038109556918189,0.015543841699219232,0.13303720456328674,0.08847736625514402,0.9328122587892366,0.06963773683561542,0.10469097293248929,0.20987654320987653,3,0.012345679012345678,1,1,3.8648251228291897,4.527564773344436,3.5733000111590787,0.2127659574468085,1,0.14285714285714285,20,3.192880521502323,0.04048945246652736
w3,dH,102006,311,picked,99,0.6681,3.396,0.057,0.006748012302079708,0.006250199265446529,0.92622819663803,0.0042111443964610445,0.005489502783037098,0.7970648979489077,0.2828282828282828,0.1717171717171717,0.050505050505050504,0.29292929292929293,0.3939393939393939,0.008092470257545377,0.05217131112932027,0.03366357915372405,0.7391133601123414,0.08813155509354852,0.139974449827709,0.25170068027210885,0.9276242281156007,0.17892924435311294,0.13481941085656585,0.19387755102040816,2,0.01020408163265306,1,1,4.051060254564096,6.964416679881846,4.457912155381439,0.2028985507246377,2,0.23404255319148937,45,4.822448854499327,0.06543418395079174
w3,dH,102007,325,picked,114,0.4714,2.811,0.0656,0.004135462451241604,0.005132424409967021,1.2410762932755188,0.0027684121423662464,0.0034098889362005193,0.8100826359283998,0.37719298245614036,0.4649122807017544,0.37719298245614036,0.5,0.5526315789473685,0.007634737859283663,0.024262370344499098,0.017403499268275797,0.7202688791610883,0.09320608900619194,0.23975411773569347,0.10471976401179943,0.9787844658939752,0.08005117507357347,0.10970199362788509,0.11504424778761062,2,0.008849557522123894,1,1,5.000788391205341,4.6333117010290605,4.023931277259493,0.13333333333333333,1,0.28440366972477066,32,3.420585136319524,0.04147575768380036
w3,dH,103000,235,picked,46,0.3525,2.524,0.0569,0.007662735625535637,0.006155316295952255,0.8032792199485532,0.005436392521615785,0.008010301658026414,0.9999076109792373,0.2391304347826087,0.10869565217391304,0.043478260869565216,0.2391304347826087,0.2608695652173913,0.008561941324416237,0.047962638652358704,0.04252419514519196,0.650941063844393,0.13473999750122548,0.1316635172557861,0.23703703703703705,0.9746646118290171,0.17270240014877872,0.1292807900149559,0.37777777777777777,4,0.17777777777777778,1,1,7.602728177024262,5.677108320488418,4.423515222930458,0.5384615384615384,2,0.07317073170731707,25,4.226850206236479,0.0407943092467801
w3,dH,103001,251,picked,133,0.3695,2.268,0.0642,0.002778019935585914,0.00481998833737433,1.7350445458044357,0.0018664232813449563,0.0021564873179611486,0.7645945624907625,0.10526315789473684,0.6541353383458647,0.46616541353383456,0.6992481203007519,0.7443609022556391,0.007735796133496918,0.015823053335710113,0.010902567640805638,0.7268271267413245,0.06529210125873805,0.18460486820247754,0.1414141414141414,0.9677875305307426,0.05294571581639742,0.14822430940448295,0.20454545454545456,5,0.03787878787878788,1,1,8.33945620543515,4.667255356587152,4.233197620786721,0.21311475409836064,2,0.375,28,2.4203501432373877,0.03516757026285582
w3,dH,103002,263,picked,105,0.7626,4.681,0.0846,0.007262520048195349,0.0066163363903879915,0.9110248710476294,0.0041181888912747875,0.004572706719912598,0.6176378880234328,0.26666666666666666,0.1619047619047619,0.09523809523809523,0.2571428571428571,0.3523809523809524,0.008628825790093402,0.04735661375617649,0.024986806787156084,0.792049351357838,0.04971222263855577,0.063256341931894,0.21314102564102566,0.8971857256492992,0.156146558504256,0.22161478867889534,0.2403846153846154,3,0.028846153846153848,1,1,9.870362858126223,4.321143748731828,4.178444840713866,0.25,3,0.19,43,4.859732267915903,0.0750199405678194
w3,dH,103003,276,picked,149,0.4585,2.669,0.0367,0.0030774222466099393,0.004122013031799945,1.3394369382819398,0.0017717889174762573,0.0024090854398251408,0.7723180415460559,0.28859060402684567,0.5234899328859061,0.3825503355704698,0.5637583892617449,0.6174496644295302,0.006321215433302706,0.021293643138997564,0.013240107496059653,0.7993292702057846,0.06888700923160715,0.24721696695597317,0.15990990990990991,0.9418507087040825,0.07090196630165349,0.11525741786441038,0.11486486486486487,4,0.006756756756756757,1,2,4.1458578820303345,4.667335660561389,1.1638057583194203,0.24324324324324326,1,0.3125,36,3.2582507713969493,0.033714190317589425
w3,dH,103005,301,picked,159,0.5538,4.05,0.0638,0.0034830047826960252,0.004210617649108235,1.2089037804447111,0.002585755961085289,0.0033524939938149286,0.9504219674029015,0.22012578616352202,0.29559748427672955,0.16981132075471697,0.4276729559748428,0.5660377358490566,0.004856980752320181,0.023317727126380774,0.019523774278663756,0.7210607860585375,0.06598276893298906,0.11775937521180325,0.1867088607594937,0.9382557446577202,0.08763178370783664,0.21218882725651886,0.2848101265822785,6,0.006329113924050633,1,1,7.013701184986159,6.896874464189658,3.538924458523697,0.171875,2,0.2077922077922078,56,4.59764339371527,0.044270131973284034
w3,dH,103006,315,picked,218,0.9351,5.485,0.0404,0.0042895703214586274,0.0049643411649635495,1.157304996290508,0.003537270785806816,0.0050162856099958885,1.1586858982665547,0.3165137614678899,0.3256880733944954,0.21100917431192662,0.4036697247706422,0.4724770642201835,0.006280655141928732,0.04591544101145726,0.029352165546690945,0.6763543431598237,0.1218671075221756,0.26467309385222737,0.18663594470046083,0.9539866764057492,0.154474311602225,0.10581813724447242,0.0967741935483871,4,0.009216589861751152,1,1,4.022035065516158,4.652704187978926,4.105261573500353,0.1696969696969697,5,0.4413145539906103,62,4.617100047210614,0.07368943717019699
w3,dH,103007,326,picked,71,0.272,2.432,0.0509,0.0038308118160185014,0.004694591810667882,1.225482230956241,0.0024482836780800707,0.0033820820540413563,0.8579936303011113,0.323943661971831,0.4507042253521127,0.323943661971831,0.49295774647887325,0.5352112676056338,0.006845609271124702,0.023146746092393356,0.018620262343023324,0.6958782184199008,0.09777399739827312,0.23142443443618774,0.11904761904761903,0.8874014069582604,0.07748222242802504,0.09551411856977497,0.18571428571428572,2,0.014285714285714285,1,1,5.644638568743337,4.425048213510473,3.8284616624649166,0.3,1,0.25757575757575757,21,3.216797211763186,0.04760343036897289
w3,dH,104000,242,picked,58,0.478,2.797,0.0606,0.008241239579183412,0.006860383955396607,0.8324456399405357,0.004642121383592075,0.0049637987827550935,0.5815427717443639,0.29310344827586204,0.1896551724137931,0.15517241379310345,0.25862068965517243,0.29310344827586204,0.01015190428905197,0.05592179886198719,0.028239796795741914,0.7706853278858472,0.059332768740553564,0.04127898476138765,0.13450292397660818,0.9715665320691896,0.20254682535412669,0.11793816192732597,0.2631578947368421,1,0.03508771929824561,1,1,4.767868607200657,4.875301788977301,3.956627566113755,0.23076923076923078,1,0.2830188679245283,31,4.346543266171589,0.04624358853689375
w3,dH,104001,252,picked,164,0.4262,3.945,0.0833,0.002599062151114021,0.004412725832973615,1.697814664063425,0.0018036667418272877,0.002317154833182599,0.8806626060985123,0.07926829268292683,0.5365853658536586,0.25609756097560976,0.676829268292683,0.7621951219512195,0.0053585984468535516,0.017825530756738206,0.012557293758142978,0.7539597812263755,0.061368994946766016,0.3022219456875573,0.10122699386503066,0.944194092837916,0.062358454945005054,0.25682513320024075,0.44785276073619634,15,0.012269938650306749,1,1,12.301936727858743,4.436245852369298,4.202522887759342,0.19230769230769232,1,0.4528301886792453,37,3.0891655129624422,0.034725331174270284
w3,dH,104002,265,picked,199,0.482,2.865,0.0716,0.0024219607193042775,0.003439905885942781,1.420297967066499,0.0015161980395199403,0.0022312421508617042,0.9119956360260187,0.1306532663316583,0.5678391959798995,0.36180904522613067,0.6331658291457286,0.6834170854271356,0.005359918420503433,0.014675158671150356,0.011478693757986958,0.7119570704278039,0.14236024856708734,0.33447996945240194,0.12794612794612795,0.9621563480179254,0.049921990788761694,0.17630069516483418,0.20202020202020202,7,0.010101010101010102,3,2,8.358600024140976,5.96571578932913,3.7563254340051735,0.18518518518518517,1,0.33505154639175255,31,2.885673874649009,0.043174630097842746
w3,dH,104003,277,picked,70,0.3071,3.147,0.0423,0.00438724739893649,0.00476029310832266,1.085029558505545,0.003549337904527869,0.0048290250483753435,1.069247406761972,0.2857142857142857,0.2857142857142857,0.18571428571428572,0.4,0.5,0.0060757738476620035,0.029124032062000094,0.024662879687683815,0.6503877955942375,0.11495659200239307,0.12604192313045112,0.21256038647342992,0.9477839497626871,0.10001666613277936,0.09800366642087294,0.18840579710144928,3,0.014492753623188406,1,1,7.074963907167975,4.520675666978121,3.9732830113500044,0.34146341463414637,1,0.24615384615384617,31,4.114119088402606,0.04131495973679853
w3,dH,104004,287,picked,199,0.7977,22.156,0.0924,0.004008585675500987,0.0048311659001139895,1.2052046011241104,0.002011540476128282,0.0021030415622774394,0.519361599004356,0.1658291457286432,0.3015075376884422,0.12562814070351758,0.4321608040201005,0.5678391959798995,0.0056364118202769245,0.027829352403233698,0.011780651153666312,0.8745798139473376,0.017906629873073055,0.17806093017784355,0.12542087542087543,0.8834150262891836,0.09417191805502081,0.24816384164377958,0.21212121212121213,6,0.005050505050505051,1,1,8.528451225484437,4.813344177023965,3.715719655477114,0.3364485981308411,3,0.21649484536082475,53,4.345624064204863,0.05878090218119192
w3,dH,104005,302,picked,149,0.6695,5.568,0.0649,0.004492969528268547,0.0050131802115174675,1.1157832653829267,0.0030227361872882676,0.0037748150115469565,0.828883065029158,0.2348993288590604,0.2953020134228188,0.1610738255033557,0.4228187919463087,0.5167785234899329,0.006285740629031277,0.028894345886455446,0.020533579620881627,0.6524543602513005,0.13122918658463462,0.14283815284752502,0.2195945945945946,0.9540285804584058,0.09501052071117448,0.27715476888869583,0.28378378378378377,7,0.006756756756756757,1,1,6.078421332393397,12.312256203145214,4.018510077778468,0.16666666666666666,2,0.20833333333333334,49,4.461529594387731,0.04755311479525003
w3,dH,104006,316,picked,163,0.5866,4.368,0.0518,0.0035985980833132722,0.004154120677249512,1.154371947373674,0.0031607859012528373,0.004483819559793008,1.2307024197594332,0.27607361963190186,0.31901840490797545,0.15950920245398773,0.4171779141104294,0.5214723926380368,0.005185897183757228,0.03360625179571762,0.026641860195921498,0.6372543749522531,0.14642006920793924,0.2120841688032217,0.19753086419753085,0.969910966587945,0.11418964995684558,0.2369616339710819,0.30864197530864196,9,0.10493827160493827,1,1,7.756226286486947,4.670818868479613,3.8349087576085084,0.27472527472527475,3,0.2721518987341772,50,4.4423532909152,0.05499345968731661
w3,dH,104007,327,picked,128,0.7316,3.9,0.0649,0.005715561490793466,0.006314638407606853,1.1048150593390291,0.0034965406669604884,0.004657926386037561,0.8022214954106265,0.3359375,0.296875,0.1953125,0.359375,0.421875,0.008061244124797607,0.033742590932979884,0.02129408644533864,0.7834658230779321,0.05933109032306624,0.1756992369406957,0.16535433070866143,0.9504543996919607,0.11070038696440558,0.14057185878302522,0.1968503937007874,4,0.07086614173228346,1,1,7.829932174343879,4.387014814438541,3.8703577384006396,0.3626373626373626,3,0.14634146341463414,45,4.4016236645273,0.08157768756991927
w3,dH,105000,243,picked,44,0.3027,2.849,0.0586,0.006879923520279635,0.006892333747801171,1.001803832191587,0.0036988676462775885,0.004864430934833011,0.6749087288700585,0.4090909090909091,0.3181818181818182,0.13636363636363635,0.4090909090909091,0.4318181818181818,0.00998013252979508,0.05490042406731975,0.02460158928910571,0.8354102122479327,0.041449804991125355,0.04509863860867797,0.15891472868217055,0.8977257982045046,0.19917596357338357,0.11446540855593157,0.37209302325581395,1,0.046511627906976744,1,1,4.070943400747626,4.704815988523314,3.8280656684567913,0.20833333333333334,1,0.3076923076923077,21,3.6386785745815087,0.03518727024218238
w3,dH,105001,254,picked,130,0.6609,5.651,0.0899,0.005083920442098677,0.005134932431885985,1.0100339866385184,0.003114829526778637,0.0040487081260945365,0.7841232675003043,0.2076923076923077,0.2076923076923077,0.08461538461538462,0.3153846153846154,0.43846153846153846,0.006348384780716438,0.040978271351825926,0.022809415000896237,0.7906276609386115,0.06511978750454586,0.14055230385622638,0.14857881136950907,0.9332852420517233,0.13535061211158067,0.23948513692881654,0.2558139534883721,4,0.007751937984496124,1,1,7.4262468750812,5.386497752573169,3.941102187613622,0.22077922077922077,3,0.224,48,4.706608845114388,0.06503036142702406
w3,dH,105002,266,picked,140,0.4126,3.587,0.0619,0.002947483552308785,0.0033381048550747577,1.132527050900758,0.001994930907560309,0.0028991030614489736,0.9695346056095299,0.29285714285714287,0.36428571428571427,0.24285714285714285,0.44285714285714284,0.5285714285714286,0.004531712052790789,0.016924135298304666,0.01485774081839074,0.6411127134556877,0.18918482145735305,0.21550905121040667,0.14508393285371704,0.9778407496983903,0.05272954853162879,0.1520765943495777,0.17985611510791366,4,0.007194244604316547,1,1,8.639470110533756,4.426992859073509,3.9211209546560966,0.21686746987951808,1,0.2962962962962963,39,4.002803889384388,0.03995407310463223
w3,dH,105003,278,picked,65,0.4296,2.099,0.0464,0.006608911846002296,0.0067598996935361476,1.0228460979737812,0.003835658843670553,0.005181393756562991,0.7598779304945367,0.36923076923076925,0.3076923076923077,0.16923076923076924,0.36923076923076925,0.4307692307692308,0.009469480184348364,0.04669911758324187,0.025677241224211785,0.7597526100837753,0.08468637349889574,0.09713041234334895,0.1796875,0.9231170361890104,0.16104845435191423,0.10938512015492248,0.25,2,0.015625,1,1,8.276385625446258,4.30844805070313,4.055901064950354,0.34210526315789475,1,0.26666666666666666,31,4.129017776400179,0.04283758788682888
w3,dH,105005,304,picked,122,0.3809,2.304,0.0489,0.0031222664257151826,0.005057940408904428,1.6199579790010592,0.001597741466115147,0.00201395969044555,0.6344570538568126,0.1885245901639344,0.5163934426229508,0.3770491803278688,0.6147540983606558,0.7131147540983607,0.00631295609873643,0.024950392308896997,0.012980025888680025,0.8338570956627067,0.0288722132627784,0.27929626792885637,0.08953168044077135,0.9435716479102799,0.08381969982483349,0.13068935748925456,0.21487603305785125,4,0.008264462809917356,1,1,6.790832947152352,5.287839815226512,3.630342521148322,0.13725490196078433,1,0.29914529914529914,33,3.1168476666263434,0.03644702453361359
w3,dH,105006,317,picked,101,0.3656,2.815,0.0345,0.003620103966460915,0.003807637054503864,1.0518032326641396,0.003439771795866675,0.005389289622526723,1.459231852201306,0.2871287128712871,0.31683168316831684,0.18811881188118812,0.37623762376237624,0.4752475247524752,0.005216710291947666,0.03722601446912544,0.03297374562441369,0.5652539940136843,0.1814586203665336,0.18962198698571334,0.22333333333333336,0.9254424988468454,0.13217011553914637,0.11153088791271194,0.22,3,0.03,1,1,10.443880916369462,4.361647547020395,4.089214746838468,0.47761194029850745,3,0.23958333333333334,39,4.275005176847274,0.04639547898406341
w3,dH,105007,328,picked,220,0.8208,5.378,0.0566,0.0037307585492182553,0.004892723329435739,1.3114553688983603,0.002888072901356253,0.004049926474528324,1.0756817703907506,0.3090909090909091,0.42727272727272725,0.35,0.5045454545454545,0.5636363636363636,0.006416991120107297,0.0367415739106271,0.0294127937308576,0.5379804800293068,0.18961703264211816,0.31305408208043434,0.17808219178082188,0.9515506719255691,0.13011450179937217,0.11802815110537235,0.1278538812785388,4,0.0045662100456621,1,1,3.3747032627072375,4.831876743721523,3.7953318687397495,0.2569444444444444,5,0.3674418604651163,56,3.978022426495286,0.09377479636815748
w3,dH,106001,256,picked,131,0.8747,3.451,0.0576,0.006677093766183152,0.006293774059574719,0.9425918341075579,0.0035628932734543383,0.004442870146941251,0.6552311861366764,0.3282442748091603,0.26717557251908397,0.1450381679389313,0.33587786259541985,0.3893129770992366,0.009031004488498579,0.051419659682744895,0.02972360864827434,0.7780283257059918,0.07333699451811516,0.12757459178307307,0.13076923076923078,0.9204437448871935,0.17470030421177848,0.13502533389434887,0.18461538461538463,6,0.046153846153846156,1,1,9.857992621086794,4.885392548119306,3.41847321236059,0.22916666666666666,2,0.15873015873015872,43,4.412263097998749,0.09626796247441118
w3,dH,106002,267,picked,161,0.6342,5.015,0.1226,0.0039390319327645106,0.004234458767309112,1.0749998577283082,0.0025403450662805234,0.0037026446178868074,0.9283115991408368,0.38509316770186336,0.35403726708074534,0.20496894409937888,0.40372670807453415,0.453416149068323,0.005991436223453036,0.03218789210507174,0.024347335593017275,0.7153951096752665,0.09974436901290078,0.1845005245570375,0.18541666666666667,0.9883772186165267,0.10405936966771667,0.27619839680983,0.31875,3,0.00625,1,1,10.217856199037243,4.405769316909129,3.979768665023496,0.14457831325301204,1,0.24358974358974358,40,3.9841782186939065,0.0719585471561259
w3,dH,106003,279,picked,212,0.3633,2.387,0.0225,0.001713602614027145,0.0032847169896965526,1.9168487272420325,0.0014454456529321888,0.0019256904494402978,1.1131656445860354,0.37735849056603776,0.6839622641509434,0.5283018867924528,0.75,0.7830188679245284,0.005187450539272205,0.010829702457451587,0.010515802707989465,0.6420913822904095,0.10559138174555212,0.31441043464970786,0.12954186413902055,0.9601588214062359,0.03851415671455036,0.10601508000052237,0.07109004739336493,3,0.004739336492890996,3,2,3.392300400426728,4.606750527601744,2.3904533198211158,0.0,0,0.3719806763285024,29,2.250975963754052,0.03425082915836241
w3,dH,106005,305,picked,97,0.3426,3.19,0.0682,0.003532436032020976,0.004950933538124214,1.4015635366768942,0.0029702883474989217,0.003953131522250898,1.0960208821099877,0.25773195876288657,0.5154639175257731,0.4020618556701031,0.5670103092783505,0.6185567010309279,0.007153665562188291,0.02797501462196092,0.023167819665705417,0.6209012595637077,0.13288758339144577,0.251999365894836,0.15104166666666666,0.9123092252524626,0.09735366922268754,0.14815556169560226,0.2604166666666667,6,0.0625,1,1,7.37901704300824,4.541500926084145,4.120945696221935,0.17647058823529413,1,0.2391304347826087,32,3.3246284659699823,0.03743151380141935
w3,dH,106007,329,picked,82,0.2817,2.633,0.062,0.0034357982009102696,0.005105223205206793,1.4858914600555502,0.002022285819935156,0.002302312891938537,0.6537517012405839,0.2804878048780488,0.4878048780487805,0.34146341463414637,0.6219512195121951,0.6463414634146342,0.006578048814807821,0.023221452075297654,0.013011075744992362,0.8129778873809562,0.041275742133467914,0.15387687890388882,0.11316872427983539,0.946783254970918,0.08061176254906184,0.11556573258618742,0.19753086419753085,2,0.012345679012345678,1,1,7.269475223064105,4.977505027729883,4.07633076909427,0.08333333333333333,1,0.2857142857142857,28,3.1569568835088884,0.03082931170895392
w3,dH,107001,257,picked,86,0.4724,5.229,0.0799,0.005493517370187735,0.005538369413777198,1.0081645402329782,0.0037385923018188496,0.004619874477854006,0.8214109890680761,0.36046511627906974,0.32558139534883723,0.22093023255813954,0.37209302325581395,0.4186046511627907,0.008063951535652725,0.03799781019035419,0.025187203199810614,0.7159903597056091,0.10006294497870323,0.10441632770789809,0.16666666666666666,0.9770924829362639,0.13104077370822895,0.19124263758243973,0.3764705882352941,4,0.09411764705882353,1,1,10.136186492177552,4.492427712785686,4.177303930678923,0.1702127659574468,2,0.18518518518518517,38,4.184214076298698,0.05584486597671432
w3,dH,107002,269,picked,115,0.5786,4.401,0.0824,0.005031415998312966,0.0064917912162135325,1.2902513364806707,0.0025788968928133816,0.002904582426476489,0.5672494483563391,0.23478260869565218,0.5043478260869565,0.3826086956521739,0.5304347826086957,0.5652173913043478,0.010006042668499925,0.0310954777214734,0.014574168693199163,0.8523246968001493,0.034807263075146706,0.10431617659135727,0.1652046783625731,0.9357572349510656,0.10436595047729602,0.21569674733126956,0.24561403508771928,5,0.09649122807017543,1,1,8.967988340100243,4.383369139450676,4.176983564339397,0.16393442622950818,2,0.2727272727272727,29,3.1607337520278036,0.05018461177822977
w3,dH,107003,280,picked,56,0.333,3.76,0.0393,0.0059468595603760594,0.008177222911494015,1.3750489360769291,0.004209796736344403,0.006360214642970673,1.0313114102899041,0.26785714285714285,0.39285714285714285,0.21428571428571427,0.44642857142857145,0.5357142857142857,0.009659541185232153,0.04528072133821779,0.02776899100321751,0.8234728042887026,0.042441655206539364,0.05429613466869924,0.1515151515151515,0.8966669431388944,0.16543410807138398,0.13743959078879325,0.36363636363636365,3,0.16363636363636364,1,1,4.738773734473363,4.603047121610633,3.820799380673872,0.4117647058823529,2,0.27450980392156865,25,3.6356179468013994,0.046082188114880906
w3,dH,107004,297,picked,84,0.4041,2.545,0.055,0.004810580024378338,0.004968826016231062,1.0328954078407984,0.0030308400388602053,0.003734692831275328,0.7578652792204524,0.17857142857142858,0.15476190476190477,0.011904761904761904,0.23809523809523808,0.44047619047619047,0.005626095560973052,0.028851875662915156,0.021667420484778172,0.7260856457130783,0.06875648674713679,0.14561485229035934,0.13654618473895583,0.9266289491503737,0.09987533033367187,0.13727183967637327,0.30120481927710846,4,0.07228915662650602,1,1,6.974069461022657,7.9597195794567766,5.117331815901638,0.46153846153846156,2,0.189873417721519,37,4.656026096207757,0.04083794253951708
w3,dH,107005,306,picked,157,0.8191,4.204,0.0519,0.005217414407036415,0.005546541060953932,1.0630823293380038,0.0037003045107981067,0.004747936546055948,0.898424566703315,0.36942675159235666,0.3184713375796178,0.21656050955414013,0.39490445859872614,0.4267515923566879,0.007582359378645929,0.04130298709241145,0.029568066483187216,0.7298883982610249,0.07640190552345198,0.17470661122899214,0.19978632478632477,0.967164017773684,0.1409152462730489,0.1347435049718534,0.14743589743589744,5,0.057692307692307696,1,1,5.519915808228697,4.30834053475019,3.860277415622235,0.2608695652173913,4,0.28289473684210525,52,4.409357607834027,0.06652117823322909
w3,dH,107006,319,picked,110,0.5466,3.312,0.0457,0.004969352532000046,0.005200306033090964,1.0464755719389391,0.003246607274781577,0.004312398400624482,0.8520206867417963,0.35454545454545455,0.32727272727272727,0.16363636363636364,0.4,0.45454545454545453,0.007281065431861331,0.031348751994292816,0.021164508243102245,0.723073810134213,0.07921948954239887,0.1291263007722639,0.17431192660550457,0.991707153714337,0.11187060809496677,0.1425517892849022,0.24770642201834864,4,0.027522935779816515,1,1,8.524110248862309,5.57876705362441,4.2278976395569705,0.3384615384615385,3,0.3238095238095238,47,4.331720208723168,0.03423827439355581
w3,dH,107007,330,picked,207,0.9923,6.274,0.0811,0.004793632832473491,0.005682321357515153,1.1853893604494323,0.003629440431387892,0.00484459521284125,1.0008667115937118,0.33816425120772947,0.33816425120772947,0.22705314009661837,0.4057971014492754,0.46859903381642515,0.007161820554184267,0.04121705435124724,0.027892675611690097,0.7446709905668675,0.0844460880447173,0.07915011847977392,0.19336569579288024,0.9450810491733452,0.14061330565387883,0.2610833750083984,0.1650485436893204,5,0.02912621359223301,1,1,8.413455341766335,4.842709321061089,3.5668965720784436,0.32608695652173914,8,0.3465346534653465,57,4.4188626083814935,0.06061255720591965
w3,dDP,100001,232,picked,106,0.4728,3.02,0.0416,0.0044604329715481825,0.003867267295316596,0.8670161215255964,0.003384016947344459,0.004512414171942734,0.99256603790403,0.0660377358490566,0.03773584905660377,0.009433962264150943,0.14150943396226415,0.42452830188679247,0.004621178081621443,0.030061200968552335,0.024324797615172745,0.634415635069349,0.0855981692710196,0.18382192582103762,0.3873015873015873,0.9663758023753488,0.1081449660302708,0.2476099828856217,0.580952380952381,6,0.06666666666666667,1,1,7.238052196437033,7.193284353073303,4.393045127422268,0.24390243902439024,2,0.31683168316831684,52,5.359509370877718,0.03317709310299955
w3,dDP,100003,254,picked,126,0.6473,5.483,0.0883,0.005137381843384772,0.005051892667199251,0.9833593883437725,0.002875722619632053,0.003582398180329172,0.6862512510509711,0.16666666666666666,0.14285714285714285,0.023809523809523808,0.2619047619047619,0.42857142857142855,0.005936991307303603,0.04124606019164712,0.020051747699053414,0.8293729610402729,0.03923770164017933,0.13270209307097688,0.336,0.9384541979560426,0.14215021655357704,0.23507876535593675,0.272,3,0.008,1,1,7.545016345027688,5.463667073935505,3.8579181341432136,0.25675675675675674,3,0.17355371900826447,55,5.043659467856056,0.06504726589172664
w3,dDP,100004,269,picked,128,0.6002,4.376,0.0878,0.004688906094375639,0.005953107770766166,1.2696154819365955,0.0024272594235552605,0.0027191001747519407,0.5708398037085987,0.1484375,0.34375,0.15625,0.5078125,0.5859375,0.007021848223709235,0.028860283941545783,0.013440218721885156,0.8769236297906531,0.01588218635406025,0.2321785097485799,0.3543307086614173,0.9197032743454203,0.10046609328128397,0.2332831150345196,0.25196850393700787,7,0.07086614173228346,1,1,8.79717667585199,4.408954718509775,4.176322209580558,0.15492957746478872,2,0.25203252032520324,48,4.081700931077339,0.0689545122295409
w3,dDP,100005,280,picked,104,0.3496,2.747,0.0337,0.003361934457328238,0.0031775128632946085,0.9451442030252455,0.002011046437637403,0.002729687743923228,0.7963253843370204,0.20192307692307693,0.20192307692307693,0.04807692307692308,0.3269230769230769,0.38461538461538464,0.004144782871374133,0.03599495477098619,0.018593322189515628,0.7751978999262049,0.046915821760559716,0.13514316625058334,0.26051779935275077,0.9491613451228532,0.1300075062765525,0.1127353995951562,0.20388349514563106,4,0.02912621359223301,1,1,10.342318693976177,4.413275454749363,4.073694662064656,0.43478260869565216,3,0.26262626262626265,39,4.412203577842827,0.045449272677763886
w3,dDP,100007,302,picked,160,0.6812,5.515,0.0608,0.004257752211482934,0.00472538027278864,1.1098297970568927,0.002701414704418864,0.0032461892251264826,0.7528883083348616,0.09375,0.2375,0.04375,0.4375,0.55,0.005485628187443637,0.02709835057980612,0.01692708898913944,0.8270110927896915,0.03108142566770979,0.12904459148255884,0.42452830188679247,0.9533293912734533,0.09376746633400519,0.27166789496328964,0.27044025157232704,6,0.006289308176100629,1,1,5.942722862384136,15.676161504637982,4.43215254843881,0.1375,2,0.3161290322580645,55,4.731905367706092,0.052712634520039096
w3,dDP,100008,311,picked,138,0.6173,4.672,0.113,0.004473076885302394,0.0036816930435664666,0.8230784173783707,0.0023198288548898515,0.003041848436861542,0.6701793315373269,0.21739130434782608,0.13768115942028986,0.0,0.2463768115942029,0.34782608695652173,0.005135535424614547,0.03744266503767072,0.016796901112192487,0.8346614298935565,0.03966734496337288,0.24206179852077456,0.30048661800486615,0.9628987971268324,0.12284575129188777,0.2376156523924542,0.3284671532846715,2,0.0072992700729927005,1,1,9.942591816222835,4.361456294676925,3.810879357490342,0.18840579710144928,1,0.19548872180451127,47,4.902939103175608,0.05029802281364389
w3,dDP,100009,325,picked,121,0.4826,2.835,0.0536,0.003988130396404142,0.004367196684637986,1.095048619417165,0.0025779293462971577,0.0030144057502355477,0.7433510359828973,0.21487603305785125,0.3140495867768595,0.049586776859504134,0.45454545454545453,0.512396694214876,0.005672272465055697,0.023135507756674834,0.014845306482217921,0.7419453161459084,0.05745507258852187,0.20821572875355124,0.4083333333333334,0.9790389872358415,0.08054090884434618,0.10797257599252692,0.15833333333333333,2,0.008333333333333333,1,1,5.5352760251369855,4.726989724337607,4.148822224295289,0.12,1,0.45689655172413796,38,4.01150068473684,0.041484535020873674
w3,dDP,100010,233,picked,80,0.5091,7.632,0.0676,0.006363910603249043,0.004670287506225326,0.7338706963986811,0.004259339368481236,0.0048116229636618775,0.7371776069851153,0.225,0.1125,0.0125,0.175,0.2625,0.007123995446752061,0.04159198015409446,0.027215810596830953,0.7385777618318098,0.048430678907188295,0.09954663580974137,0.31645569620253167,0.9418409328741111,0.14869602707525095,0.25430775462184313,0.45569620253164556,5,0.012658227848101266,1,1,9.444758479500733,5.417193256579703,4.398873970734845,0.3939393939393939,3,0.24,45,5.1646396846624745,0.03975415416475501
w3,dDP,100011,278,picked,145,0.6305,4.983,0.1184,0.00434842421866017,0.0036017230342537563,0.8282823508336347,0.0020525908340395266,0.002614636481016543,0.592990103975815,0.18620689655172415,0.1310344827586207,0.020689655172413793,0.23448275862068965,0.4068965517241379,0.00495461564288835,0.036043833679603246,0.016085444397824528,0.8351448440226209,0.040759313258751644,0.2238757600934318,0.32175925925925924,0.9557889720224197,0.11812932977731201,0.2703030167835318,0.3888888888888889,4,0.006944444444444444,1,1,10.264368206349525,4.4880605777821785,4.084433739697648,0.17391304347826086,1,0.2357142857142857,46,4.913435019318988,0.03996498920732401
w3,dDP,101003,247,picked,104,0.5279,2.415,0.0588,0.005076324816805384,0.004598667704891214,0.9059049353317844,0.0024322073343954844,0.0030484685818735883,0.5889781079749514,0.34615384615384615,0.19230769230769232,0.028846153846153848,0.3557692307692308,0.4423076923076923,0.0062108359914575095,0.03174053264585254,0.01643154433913962,0.8126199434858071,0.03041026832938994,0.23455830602846536,0.3851132686084142,0.9791713919682873,0.1098954252516612,0.10861115062438687,0.14563106796116504,2,0.009708737864077669,1,1,8.742098220208218,4.366099384155554,3.79501218196249,0.21212121212121213,1,0.24242424242424243,40,4.680429862308216,0.046714309232167774
w3,dDP,101004,256,picked,105,0.7672,4.724,0.0841,0.007306605286115771,0.0063123176070134035,0.8639193387123645,0.0038792015190844496,0.004082231446882438,0.5480622670321924,0.20952380952380953,0.08571428571428572,0.0,0.20952380952380953,0.29523809523809524,0.00796034975624274,0.04773907156958317,0.023163388562758062,0.8291155058103078,0.029132980417007678,0.04722234748609811,0.3381410256410256,0.9368424849590935,0.16368305597986493,0.22432056667928404,0.23076923076923078,3,0.009615384615384616,1,1,9.70434522462632,4.393728724633396,4.044551964632194,0.22535211267605634,1,0.26,45,5.179496028350769,0.05498730143350467
w3,dDP,101005,273,picked,86,0.3555,2.389,0.0516,0.004133882858720387,0.005114546614413874,1.237225821148944,0.002558811873544529,0.0032937208917613115,0.7782326789210543,0.03488372093023256,0.36046511627906974,0.08139534883720931,0.5581395348837209,0.5930232558139535,0.006288661058753548,0.027314737774718937,0.016729670816560877,0.7700885850462682,0.039051938101081124,0.3332377322421539,0.3666666666666667,0.9597904577730809,0.10107694150403489,0.10943750629835584,0.2,2,0.011764705882352941,1,1,5.093448263553399,4.826983831180155,4.107588739735627,0.2,1,0.2839506172839506,34,3.6757919524972147,0.037954701148724596
w3,dDP,101006,281,picked,121,0.5303,2.709,0.0263,0.004382573440192169,0.005137059665695167,1.1721559799965189,0.0026449072165786254,0.0029445722953710474,0.6607765319710541,0.024793388429752067,0.21487603305785125,0.024793388429752067,0.4793388429752066,0.5702479338842975,0.005489752580986405,0.034566005389685656,0.017976467756727933,0.8245249689681442,0.02951594422338642,0.23245380686976314,0.4569444444444444,0.9456694809766173,0.1256272118774656,0.11195063404286894,0.175,2,0.016666666666666666,3,2,5.296414175485197,4.850951148252005,1.256805168896928,0.0,0,0.39655172413793105,47,4.467635820740795,0.040121717184748454
w3,dDP,101008,304,picked,235,0.9212,5.662,0.0509,0.003919888808822786,0.004521751304146973,1.1535407060449088,0.0030813329690432324,0.004470056777565003,1.1306478212302173,0.2127659574468085,0.3276595744680851,0.1148936170212766,0.4425531914893617,0.5319148936170213,0.0057029034263451584,0.03834322727260425,0.026812908658572374,0.6509092072596175,0.12499449724629581,0.3054977431249891,0.2934472934472934,0.9784679942818328,0.1394061545530955,0.12565026766023968,0.12393162393162394,3,0.008547008547008548,1,1,2.9995677435806702,5.063259951139938,3.743483728692211,0.3051948051948052,6,0.3782608695652174,66,4.584932385796398,0.07631855032289063
w3,dDP,101009,315,picked,200,0.8825,5.121,0.0405,0.004412318624823465,0.004542776384597053,1.0295667133011746,0.002905300472355041,0.0034003588356342645,0.7629447312211295,0.255,0.225,0.08,0.345,0.435,0.005610521786892097,0.044325184208437035,0.02042068687168873,0.8003218732405711,0.042265750043351306,0.15486043069978825,0.2889447236180905,0.967055719425054,0.15257225975394248,0.11143334792782043,0.135678391959799,2,0.010050251256281407,1,1,4.39399844879236,4.720268466071138,4.080189256815106,0.18620689655172415,4,0.40512820512820513,64,5.1065870608507655,0.07141538106019034
w3,dDP,101010,326,picked,99,0.5065,11.297,0.0822,0.00511588989989658,0.005313368367127304,1.0386010002355046,0.0030214807794294546,0.0036659778688159224,0.7021100493039454,0.1919191919191919,0.1919191919191919,0.04040404040404041,0.29292929292929293,0.42424242424242425,0.00626069877563204,0.03576721647216655,0.02108741572683935,0.8073400721876028,0.03568829719002956,0.14547512379463504,0.3656462585034013,0.9470929747845841,0.13377717498577002,0.27821621647281713,0.42857142857142855,5,0.01020408163265306,1,1,2.969320263138422,16.16995002401493,4.355145972514104,0.13157894736842105,1,0.23404255319148937,44,4.741640773691246,0.038074257361543185
w3,dDP,101011,259,picked,97,0.6132,4.475,0.096,0.0063221474431951405,0.005952648680754941,0.9415548647417404,0.0033116073760923598,0.003855856360765815,0.5973214325814281,0.35051546391752575,0.24742268041237114,0.05154639175257732,0.35051546391752575,0.4329896907216495,0.0083061757926385,0.044047666979445975,0.022258301796725,0.8151327454138305,0.04167802906119563,0.055583015219243116,0.3038194444444445,0.9693566444943265,0.15029898265383088,0.20020453882780528,0.2604166666666667,4,0.010416666666666666,1,1,9.06696376331108,4.604344975686457,4.106814606066466,0.19230769230769232,2,0.21739130434782608,41,4.611352097199094,0.04658963484576886
w3,dDP,101012,301,picked,143,0.5692,4.394,0.0598,0.003980430784476663,0.004101902869921161,1.0305173213709,0.0028308482148055314,0.0034698345673590605,0.8595314421528488,0.13986013986013987,0.17482517482517482,0.027972027972027972,0.2867132867132867,0.4825174825174825,0.004757904739583919,0.026386292219310208,0.01976294880017433,0.7483734871280929,0.052197165861596895,0.1791701943510365,0.437793427230047,0.9554620872821039,0.09414742077702964,0.2032960243690921,0.2746478873239437,6,0.007042253521126761,1,1,6.299400400927426,6.805644355608106,3.1848904501516,0.19047619047619047,2,0.2536231884057971,53,4.905375343535789,0.026385839831464187
w3,dDP,102001,235,picked,73,0.4292,4.198,0.073,0.005879875434011305,0.005248638802866178,0.8926445571459171,0.0034658727937544576,0.004249219217910541,0.7028724161621981,0.3150684931506849,0.136986301369863,0.0547945205479452,0.2876712328767123,0.3972602739726027,0.006770681279964854,0.035073898929703,0.022490176086219584,0.7026687705087328,0.059392691613337746,0.1423507616584313,0.29629629629629634,0.9625857426644713,0.12923401716637284,0.20253072733858415,0.4722222222222222,5,0.1111111111111111,1,1,10.418361609571091,4.98287397205317,4.408002157993503,0.5769230769230769,2,0.16176470588235295,38,4.646958935823983,0.0624941765037631
w3,dDP,102003,248,picked,143,0.5579,3.534,0.0732,0.003901620570204106,0.005267608517147918,1.3501078391311518,0.0023817165427859866,0.003075163861043835,0.7771526015189554,0.08391608391608392,0.1958041958041958,0.03496503496503497,0.3986013986013986,0.6153846153846154,0.004782847566242398,0.023442712921441986,0.014957511363527493,0.8140221314829122,0.0499973838258141,0.19775353890235356,0.44835680751173707,0.9754817150963011,0.08317641688115669,0.25120168864767395,0.43661971830985913,11,0.056338028169014086,1,1,7.5221287537773405,14.567140588487971,4.19637019329285,0.32653061224489793,4,0.3188405797101449,50,4.640085953781105,0.05469248644389744
w3,dDP,102004,257,picked,81,0.4773,4.806,0.0768,0.005892358137062382,0.00511369542163,0.8678521065217224,0.003536472910416899,0.004132636912111707,0.6840379353686306,0.2839506172839506,0.19753086419753085,0.09876543209876543,0.2839506172839506,0.345679012345679,0.007286950550576472,0.04081545090257384,0.021388281313461797,0.8061235356463604,0.032667720169518556,0.09221435598703259,0.30208333333333337,0.9437641713729144,0.1447574009375317,0.1847692151179936,0.4,4,0.1,1,1,10.269919659543739,4.445005377914959,4.179660837628047,0.1951219512195122,2,0.32894736842105265,37,4.5394791604871925,0.055285716528731134
w3,dDP,102005,274,picked,113,0.5414,4.466,0.0409,0.004791499207508485,0.005413991084001194,1.129915888437848,0.003119971870919513,0.0038738771026030124,0.7941800136653838,0.1415929203539823,0.1504424778761062,0.02654867256637168,0.30973451327433627,0.4690265486725664,0.005586052110930359,0.05307356823218852,0.025982937334094503,0.8154668260992998,0.04608269939052356,0.08704990358575233,0.2916666666666667,0.9859790356608961,0.19041741008603819,0.11730532308656438,0.15178571428571427,2,0.008928571428571428,1,1,5.301191311866906,4.674121973997252,3.8865086144250265,0.1951219512195122,2,0.4537037037037037,51,4.97528318232007,0.04119518038613603
w3,dDP,102006,283,picked,136,0.3786,2.496,0.0617,0.0027835019419769373,0.0033476304761065395,1.2026686332142233,0.0017893242185532102,0.0022464677144411554,0.7951966517942679,0.07352941176470588,0.36764705882352944,0.08823529411764706,0.5294117647058824,0.5955882352941176,0.004250293005113253,0.021954375119761695,0.012128665088615294,0.8181762286511308,0.03595129027759006,0.27908524465989787,0.3938271604938272,0.9648382355956953,0.07613881290251133,0.11915297279260872,0.15555555555555556,4,0.02962962962962963,1,1,3.409313500884761,4.621661234207678,4.195728138464278,0.10576923076923077,1,0.35877862595419846,42,3.9070963467231223,0.05401834195822482
w3,dDP,102007,297,picked,89,0.4059,2.556,0.0553,0.004560695749634762,0.004483281965114309,0.9830258827226849,0.0025297803209337415,0.00321881138893781,0.6899119611276289,0.12359550561797752,0.11235955056179775,0.011235955056179775,0.24719101123595505,0.42696629213483145,0.005097482056311533,0.028167116125047107,0.017901547899730818,0.6222963944102583,0.12923600508203656,0.1477829731155289,0.36742424242424243,0.9525186603930871,0.1037519204705842,0.14634890877908208,0.3068181818181818,4,0.09090909090909091,1,1,7.332115722349876,7.963799556063828,5.409931479299767,0.48148148148148145,2,0.19047619047619047,41,4.851494765022261,0.04037146108407382
w3,dDP,102008,305,picked,42,0.2854,2.786,0.0472,0.006796158342117574,0.006570586181971838,0.9668088721906601,0.003757495795482999,0.0045595372715692365,0.6389516298056898,0.2857142857142857,0.14285714285714285,0.0,0.3333333333333333,0.40476190476190477,0.007877536631366002,0.05654719356100231,0.024887486995146344,0.8196328614715379,0.05350942353509234,0.012192296857408328,0.2926829268292683,0.9438055927637427,0.2037819049188069,0.10968162063114113,0.3902439024390244,1,0.04878048780487805,1,1,4.062437479451563,4.475715752984886,3.6406956516000846,0.13636363636363635,1,0.4594594594594595,20,3.8651991968878647,0.026064556665451533
w3,dDP,102009,316,picked,168,0.5499,3.584,0.0551,0.0032734104567116893,0.003803877137541536,1.162053212649271,0.002367647612703846,0.0030957492446922526,0.9344673170287858,0.08928571428571429,0.20238095238095238,0.011904761904761904,0.40476190476190477,0.5654761904761905,0.004019687855398436,0.02878089719831704,0.015315364839032114,0.8374646140409384,0.03059787271286288,0.1696041619189704,0.3802395209580838,0.961584446439007,0.10224562227016404,0.23406672239397147,0.38922155688622756,11,0.1317365269461078,1,1,7.898026981403907,4.697169867800298,3.9948866275180532,0.29347826086956524,3,0.2883435582822086,60,4.90323901643495,0.060578172584558804
w3,dDP,102010,327,picked,122,0.7235,3.96,0.0602,0.005930126369727781,0.005916701533578933,0.9977361635634984,0.003518513884016966,0.004549796426224434,0.7546567004727167,0.21311475409836064,0.11475409836065574,0.00819672131147541,0.2459016393442623,0.36065573770491804,0.006653867765096205,0.035633833882473855,0.01986919574610762,0.8239343367589615,0.03329267838442597,0.18407069126001063,0.3719008264462809,0.9596134080171423,0.11998423909554716,0.12351880226011203,0.21487603305785125,4,0.05785123966942149,1,1,8.016250364354718,4.315960368368061,4.041948992257085,0.4235294117647059,3,0.20512820512820512,53,5.170233858555893,0.09996588802977364
w3,dDP,102011,262,picked,48,0.3387,2.494,0.0612,0.007055874837247493,0.0060614897504045655,0.8590699084408875,0.004226583108066448,0.0044942966042017755,0.6104181756395141,0.2916666666666667,0.125,0.041666666666666664,0.2708333333333333,0.3958333333333333,0.008029973678904888,0.04570356042268356,0.025626947680335486,0.7832964440577576,0.040176369639740105,0.03243460723235561,0.38652482269503546,0.9333615776709809,0.16469704711602795,0.13939634627239186,0.3829787234042553,2,0.02127659574468085,1,1,11.4548665008114,4.704508393482749,4.040516314287974,0.25,1,0.23255813953488372,27,4.42850885479768,0.023599332427953784
w3,dDP,102012,319,picked,113,0.5538,3.346,0.0441,0.004900948916679789,0.004872028717343786,0.9940990612577951,0.0030578566455229583,0.0036745568438390852,0.7364941975295399,0.2743362831858407,0.19469026548672566,0.04424778761061947,0.336283185840708,0.415929203539823,0.00601324864549177,0.031065539478376612,0.017180334890132872,0.7384558417192618,0.07005236242664344,0.12069518363479659,0.32440476190476186,0.9644138914083322,0.11246528905049889,0.15229696205064208,0.24107142857142858,3,0.017857142857142856,1,1,8.637666710232065,5.935608594322775,4.304685146510613,0.3088235294117647,3,0.3055555555555556,46,4.744690561083826,0.034096303397951985
w3,dDP,103000,242,picked,57,0.478,2.838,0.0588,0.00838597987336156,0.006701727042629469,0.7991584935611167,0.004795257269285743,0.005102155021896853,0.5870669990886754,0.2631578947368421,0.10526315789473684,0.03508771929824561,0.22807017543859648,0.2631578947368421,0.009335246600297333,0.05711217037163517,0.02667208421994694,0.7386300945100307,0.057385761355148175,0.02567279360471123,0.2410714285714286,0.9563387124206723,0.20614191018349942,0.12006075748287026,0.26785714285714285,2,0.05357142857142857,1,1,4.293273840952369,4.762334012495505,3.7062971266423355,0.23684210526315788,1,0.3076923076923077,31,4.661751636933802,0.04488456706715497
w3,dDP,103001,250,picked,135,0.4741,2.28,0.0714,0.003511849236517029,0.004736473526240049,1.3487120907666224,0.0016341314274603972,0.002079976125928544,0.583499326649907,0.044444444444444446,0.4,0.1037037037037037,0.6074074074074074,0.6518518518518519,0.005670506201974462,0.025172801022382806,0.011068871545685902,0.8702223377536348,0.04315557581170695,0.26548784145714005,0.4465174129353234,0.9847490633840058,0.0883979050465572,0.14351053212257361,0.22388059701492538,7,0.007462686567164179,1,1,8.168630846188462,4.541177244168419,4.0343707202456365,0.09859154929577464,1,0.3769230769230769,34,3.508196854990727,0.024844232407139264
w3,dDP,103002,258,picked,73,0.4411,5.249,0.0774,0.00604205652375321,0.005239558892047022,0.8671813763159416,0.0034187249591193913,0.00431334590030792,0.694328499498967,0.273972602739726,0.1643835616438356,0.0410958904109589,0.273972602739726,0.3835616438356164,0.007169315763577539,0.04650337112926254,0.023385919264741276,0.8012168716849811,0.032686704320855846,0.11430468377574575,0.3055555555555555,0.9787572496696861,0.16252696037836814,0.1939443286357821,0.4305555555555556,7,0.1388888888888889,1,1,9.047010176757862,4.505693079069209,4.259335927184474,0.275,2,0.22058823529411764,39,4.800921423935106,0.04176392275672528
w3,dDP,103003,276,picked,137,0.479,2.774,0.038,0.003496349615321174,0.0038413564550422758,1.0986762989059404,0.001915868286366831,0.002409529022254847,0.6790949639835817,0.043795620437956206,0.27007299270072993,0.043795620437956206,0.48905109489051096,0.5547445255474452,0.004671578779222571,0.02484561898284938,0.013687272267476031,0.823063583353437,0.04360122685116424,0.13885985063246123,0.45098039215686275,0.9527142616756108,0.08706435343644915,0.11909530013905434,0.1323529411764706,4,0.007352941176470588,1,2,4.48832293742607,4.5367936481037106,1.157687499095788,0.5294117647058824,1,0.32575757575757575,43,4.191646662229014,0.049254107771950016
w3,dDP,103004,284,picked,88,0.2688,3.227,0.0666,0.0030547530895548166,0.003683610680570001,1.205862003435057,0.0016134192075814046,0.002030539724580799,0.6496076888380804,0.11363636363636363,0.26136363636363635,0.056818181818181816,0.4431818181818182,0.5681818181818182,0.004033048403789204,0.020042748917633236,0.009646945138987905,0.8628429679154306,0.03465040536287783,0.27567414878642155,0.4118773946360153,0.9296870358392062,0.07150516760620204,0.11202071031874483,0.25287356321839083,4,0.011494252873563218,1,1,4.442162266012004,4.583084326151935,3.74525404536628,0.20408163265306123,1,0.24096385542168675,29,3.8523090470158903,0.04361914457892099
w3,dDP,103005,298,picked,118,0.5306,4.381,0.0397,0.00449694853073301,0.0053294207471950164,1.1851193561084212,0.0029336817661186807,0.0037356976683015184,0.8166383790189133,0.07627118644067797,0.16101694915254236,0.025423728813559324,0.4152542372881356,0.5508474576271186,0.005298073728834743,0.05003620593660119,0.024132970128691134,0.8259508820510542,0.04533656592214927,0.07606373443620011,0.3433048433048433,0.9644348660205235,0.17950053900311896,0.10290702284947265,0.1282051282051282,2,0.008547008547008548,1,1,5.071721716006974,4.65440466818793,3.9280034446922403,0.19101123595505617,2,0.37168141592920356,47,4.829476462160976,0.04612476831301459
w3,dDP,103006,306,picked,162,0.9228,4.481,0.0618,0.005696115237397815,0.005765615276828251,1.0122013050182226,0.0037194067103880368,0.0043818004854085935,0.7597641555258713,0.2716049382716049,0.17901234567901234,0.05555555555555555,0.2962962962962963,0.38271604938271603,0.006873887585981767,0.057457634306942035,0.028328477662931964,0.8004642990350807,0.04471318648687179,0.08266723874115876,0.2950310559006211,0.9596583044641124,0.20490638053220978,0.1505235445407767,0.17391304347826086,5,0.043478260869565216,1,1,4.199993179596881,4.129392660981671,3.6609082946090985,0.27350427350427353,5,0.2611464968152866,60,5.105610188001588,0.10631404550785979
w3,dDP,103007,317,picked,65,0.3325,3.124,0.0487,0.00511512395003291,0.005723148667490669,1.1188680320158901,0.00377075534093612,0.004856094036327903,0.9201489160896605,0.015384615384615385,0.06153846153846154,0.0,0.26153846153846155,0.49230769230769234,0.005421255839754917,0.03805370541211531,0.025441770458269886,0.7455400302414344,0.0717726947560489,0.14765586669572298,0.421875,0.9026405193752505,0.14483106824067923,0.16089575932978464,0.5625,4,0.046875,1,1,5.079680893452166,4.8915861450479055,4.05096767968721,0.24,1,0.55,37,4.856607235938958,0.03165350590335198
w3,dDP,103008,328,picked,212,0.8105,5.479,0.0534,0.003823078702366155,0.004556584457794539,1.191862583151743,0.0024606344963861867,0.0031943957486478664,0.8276732408725866,0.16981132075471697,0.38207547169811323,0.10377358490566038,0.4716981132075472,0.5377358490566038,0.006015398505481016,0.037811052182167175,0.021025983576043766,0.7535338259882588,0.06677428393988862,0.2775216627284602,0.2456556082148499,0.9837896499782989,0.13537823661880674,0.11361087905764412,0.11848341232227488,5,0.004739336492890996,1,1,3.3003958425884004,4.752026840273992,3.8141148498327127,0.2847222222222222,4,0.3333333333333333,63,4.323229581426308,0.09732561305519143
w3,dDP,103009,266,picked,147,0.4231,3.794,0.0433,0.002878201660582225,0.0026580312180248724,0.9235041638768233,0.0016199310630289003,0.002047654570191111,0.7017560138331622,0.17687074829931973,0.23809523809523808,0.06802721088435375,0.35374149659863946,0.4897959183673469,0.0036835586779021237,0.017219650102846706,0.010478347395244654,0.758098305389311,0.08857983203815083,0.16985689800485881,0.44063926940639275,0.9602218213565792,0.05722992375594418,0.1854234546182762,0.2876712328767123,4,0.00684931506849315,1,1,9.501664407793795,4.4061413765355235,4.0056283095004765,0.21794871794871795,1,0.34507042253521125,45,4.498734875492461,0.04416043380476023
w3,dDP,103010,321,picked,113,0.3388,2.937,0.0625,0.0029984419372589247,0.003580366585222236,1.1940756766813658,0.002077282819653477,0.002692885011947422,0.8821992840515728,0.1415929203539823,0.34513274336283184,0.11504424778761062,0.49557522123893805,0.5663716814159292,0.004430732841669214,0.022083044801302725,0.015033728485720035,0.7123235823587456,0.07834999664487376,0.25242128588063256,0.4389880952380953,0.987578556842061,0.0779550832457247,0.1399036194124198,0.24107142857142858,3,0.026785714285714284,1,1,9.443378706721782,4.381878375713887,4.117209642600283,0.18518518518518517,1,0.3055555555555556,38,4.039399694984834,0.031048757423512003
w3,dDP,104000,243,picked,57,0.3487,2.705,0.0498,0.006118331920235043,0.006181264036625725,1.010285829080725,0.003682605298288087,0.004041433258787248,0.6373679352280904,0.12280701754385964,0.14035087719298245,0.017543859649122806,0.3333333333333333,0.49122807017543857,0.0070598373434089855,0.04083475679924853,0.02400633416094997,0.764480090757552,0.050185340395837684,0.03891430622559346,0.4226190476190476,0.9230492607981247,0.15396469604899313,0.1447816043385062,0.2857142857142857,3,0.017857142857142856,1,1,10.21217759600598,4.601192831595939,4.087267714458522,0.2,1,0.21153846153846154,29,4.410195559255954,0.02251500113153279
w3,dDP,104001,251,picked,142,0.3888,2.432,0.0554,0.0027377894295036063,0.0044533292572247465,1.6266149650640547,0.0018583205512113464,0.002246922632661301,0.8091476324458744,0.0,0.5140845070422535,0.13380281690140844,0.647887323943662,0.7253521126760564,0.005341547465079443,0.015841551027538477,0.011414250709899541,0.7373665873284742,0.05647362400478165,0.32715475828149837,0.46926713947990545,0.968309332126292,0.055705281980160816,0.15846314740061163,0.24822695035460993,6,0.03546099290780142,1,1,8.252874854800238,4.598131911382913,4.217644061435545,0.22388059701492538,2,0.35766423357664234,37,3.1584120558486397,0.03510723368048758
w3,dDP,104002,263,picked,105,0.7597,4.928,0.0823,0.007234787660664385,0.006174691845370793,0.8534724355412193,0.003814614856180829,0.003980267755526887,0.5396776401387204,0.21904761904761905,0.09523809523809523,0.009523809523809525,0.20952380952380953,0.2857142857142857,0.00795996429656657,0.04724067135608978,0.021174652033737647,0.8322917190688853,0.03408621204733891,0.05182910565275687,0.31730769230769235,0.9267046231452537,0.1614666548040178,0.21544576440581584,0.2403846153846154,3,0.019230769230769232,1,1,9.643426452747637,4.420586154995643,4.158886958283705,0.2361111111111111,2,0.22,54,5.361984213672008,0.034186642833590374
w3,dDP,104003,277,picked,72,0.3141,3.266,0.0402,0.004362938388436095,0.004021356412600059,0.9217082742352278,0.002875716819758952,0.003553207493939774,0.7917845676966014,0.20833333333333334,0.1111111111111111,0.0,0.3472222222222222,0.4583333333333333,0.004861945567505289,0.029527271534753183,0.01849445516273981,0.7857231629260207,0.04401917341423477,0.0691230697214307,0.3967136150234742,0.9511499458597542,0.10446880495658627,0.10030109488819328,0.19718309859154928,4,0.014084507042253521,1,1,7.28876159322732,4.496150296896357,3.8661817212764995,0.36585365853658536,1,0.29850746268656714,34,4.630194392581234,0.041449231985014566
w3,dDP,104005,299,picked,177,0.9274,4.22,0.0713,0.005239749908025452,0.005742991052127375,1.0960429701675523,0.0034276579296681777,0.0040066405928485095,0.7560223078053122,0.2768361581920904,0.2598870056497175,0.06779661016949153,0.3446327683615819,0.4463276836158192,0.006977107512266695,0.05348832999508662,0.02495016772177628,0.8098101741232892,0.034398597763226374,0.10771926628708557,0.25946969696969696,0.9640006045793973,0.19044211214994083,0.1529633663789797,0.16477272727272727,4,0.045454545454545456,1,1,3.434442980569316,4.128291769325062,3.2681366814046267,0.19424460431654678,5,0.3546511627906977,64,4.9081904831144225,0.11295184493591783
w3,dDP,104007,308,picked,144,0.5617,4.151,0.0548,0.003901001508127346,0.004063495136907313,1.041654336313746,0.002910902540085965,0.003520872779837285,0.8900206169550835,0.10416666666666667,0.16666666666666666,0.027777777777777776,0.2916666666666667,0.4930555555555556,0.0046171725547002615,0.02646280302096391,0.020429636405536855,0.7424299733804546,0.04547220300733263,0.14109996880520712,0.40559440559440557,0.9526550262946746,0.09417889881189223,0.20616790399146337,0.3356643356643357,6,0.006993006993006993,1,1,6.4517654678218035,7.326412830472375,2.985526935582669,0.16129032258064516,2,0.26618705035971224,71,5.470621087008316,0.02672199763147586
w3,dDP,104011,330,picked,231,1.1874,7.53,0.0798,0.005140331353225555,0.004980976343970484,0.9689990784047265,0.0032747192841105807,0.004191337798680893,0.8083232138574069,0.21212121212121213,0.12554112554112554,0.03896103896103896,0.2683982683982684,0.38095238095238093,0.005836584950251005,0.042092191228320065,0.02238460652204419,0.8146503243880868,0.04279139681076289,0.13373167872254113,0.3318840579710145,0.9622176783654395,0.1498540107047919,0.2852873627885728,0.1782608695652174,5,0.06086956521739131,1,1,7.715145878928974,4.473011375713552,2.8752812523066416,0.35119047619047616,9,0.24778761061946902,63,5.259833240778393,0.06967660877396366
w3,dDP,104012,267,picked,79,0.5265,3.36,0.0699,0.0066647805904356695,0.006451255690806843,0.9679622011960534,0.0038570490334179043,0.004811141186120394,0.7036000780225632,0.4050632911392405,0.17721518987341772,0.0759493670886076,0.3291139240506329,0.4177215189873418,0.008037691586749779,0.04568503247098988,0.024255107471695337,0.8104679472889295,0.06008736449671531,0.08425246401657649,0.34401709401709396,0.9805720961503622,0.15939323522370577,0.1929100432504831,0.3076923076923077,3,0.01282051282051282,1,1,11.35039201057666,4.320114718445675,3.982290177586402,0.3333333333333333,1,0.22972972972972974,41,4.765682330400813,0.03750897505623514
w3,dDP,104013,329,picked,80,0.2892,2.726,0.0566,0.003614471618487862,0.004866505627718964,1.3463947545823858,0.0022523826886103027,0.002694738670245906,0.7269029835649771,0.075,0.3375,0.075,0.525,0.65,0.005316576611423506,0.024606486646794525,0.013957458787534604,0.8288003546074423,0.029704134864715615,0.2799304406874863,0.40717299578059074,0.9518967068848836,0.08844429068267345,0.1084192255678962,0.21518987341772153,3,0.02531645569620253,1,1,6.592021045562606,5.629969014597231,4.10174195011691,0.1,1,0.41333333333333333,36,3.9381843311279012,0.028806320193344004
w3,dDP,105002,252,picked,227,0.4442,4.247,0.0753,0.0019570074926940103,0.00364898979854705,1.864576304469771,0.001342905009602539,0.0016569883745840498,0.8392350893899659,0.02643171806167401,0.5814977973568282,0.19383259911894274,0.748898678414097,0.8281938325991189,0.004297020437965285,0.013506053618279197,0.010240589711265942,0.7932620722310535,0.036854958218415355,0.48186249737254605,0.5398230088495576,0.9780482398431625,0.05020756837905066,0.31495693477213027,0.4911504424778761,20,0.008849557522123894,1,1,11.10047674501123,4.448566592617756,4.22226813295769,0.2037037037037037,1,0.46396396396396394,31,2.477736527896787,0.047183140590976336
w3,dDP,105003,265,picked,201,0.5052,3.02,0.0613,0.0025136148348438433,0.002951657146092723,1.1742678731748066,0.0013319943849455912,0.001762175036591358,0.6940764879491409,0.06467661691542288,0.3482587064676617,0.08955223880597014,0.5124378109452736,0.6467661691542289,0.0037139584758203816,0.015183165522756194,0.007662630512395118,0.8536298060770872,0.041448726061420284,0.24740105868258055,0.4475,0.9789367422379759,0.05411059776348854,0.1759021106431575,0.22,7,0.015,7,2,7.870927601482622,5.308772537749325,3.734161828732143,0.18181818181818182,1,0.3673469387755102,43,3.96296183976761,0.045016289900115414
w3,dDP,105005,279,picked,199,0.4095,2.683,0.0239,0.002057892552467551,0.002881862482126338,1.400395019978469,0.0015815997931648926,0.002133127831448982,1.0261416993074282,0.04522613065326633,0.3969849246231156,0.11055276381909548,0.6532663316582915,0.7236180904522613,0.0032190915767278177,0.012705395696586711,0.011218005439539902,0.7182965345235619,0.06811308816620633,0.30887586513108084,0.5555555555555555,0.9674837996988849,0.049156429529988784,0.10924900061935174,0.09090909090909091,2,0.005050505050505051,3,2,3.328891506689291,4.611113218078257,2.4516814828586297,0.0,0,0.4175257731958763,44,3.5050589848902898,0.04555697109584938
w3,dDP,105006,287,picked,216,0.8103,22.291,0.0973,0.0037516136624181555,0.004529622183401536,1.2073797013741292,0.0020609815295079435,0.002259905385346446,0.5968046118157488,0.1527777777777778,0.25925925925925924,0.06944444444444445,0.4305555555555556,0.5740740740740741,0.004969871780092358,0.026321899629146113,0.012761443366931375,0.8616753270082507,0.025316719120275295,0.2558543598451544,0.3666666666666667,0.9049343402650327,0.09281427289048831,0.26820166524547373,0.23255813953488372,6,0.004651162790697674,1,1,8.623375456338488,4.868642707950364,3.611187707137062,0.3619047619047619,3,0.18009478672985782,64,4.680606466513657,0.0609917130298232
w3,dDP,105008,309,picked,98,0.5236,12.157,0.0848,0.005342530515820618,0.005462520938287956,1.0224594734858352,0.003311148211851476,0.00399189057441511,0.7319421776357536,0.19387755102040816,0.17346938775510204,0.02040816326530612,0.2653061224489796,0.41836734693877553,0.006397223529190538,0.037070937606998505,0.022410236755164924,0.8046228483223697,0.03462722601569084,0.11950908496441352,0.33505154639175255,0.9651850610856983,0.13880346755997663,0.2900836484248731,0.4329896907216495,4,0.010309278350515464,1,1,2.9618709319229235,13.504788507182802,4.18836128431475,0.13513513513513514,1,0.25806451612903225,43,4.772082013654344,0.038988610743104335
w3,dDP,105009,320,picked,186,0.8379,6.218,0.0562,0.004504826320329362,0.004785399224893572,1.0622827351407627,0.0029789539282277064,0.0039852965539341235,0.875160022268807,0.27956989247311825,0.27956989247311825,0.08602150537634409,0.3978494623655914,0.46774193548387094,0.006144768175949557,0.042030672821167,0.023860230217609423,0.7543578446811341,0.05368342802735445,0.24429124550071427,0.2684684684684685,0.976629232947228,0.14962285676951048,0.12639545913152567,0.15135135135135136,3,0.005405405405405406,1,1,3.5974892722229006,4.657931193005666,3.7677112066489675,0.304,4,0.3701657458563536,59,4.741607415504083,0.08874418373084547
w3,dDP,105010,335,picked,95,0.3737,2.391,0.057,0.00393393986573256,0.003475279763588128,0.8834094780808189,0.002442165649392737,0.0029719929595322884,0.7395701983254007,0.14736842105263157,0.10526315789473684,0.010526315789473684,0.28421052631578947,0.4,0.004358805057933977,0.03125512478698078,0.015322074035919465,0.8139464665765539,0.03701584267308793,0.04061549206295611,0.3457446808510638,0.9259912134854282,0.10807755380346064,0.12431224495584772,0.2765957446808511,5,0.0425531914893617,1,1,4.152141855043966,4.6303428225373215,4.1517392485878,0.1774193548387097,1,0.26666666666666666,42,4.902992819952187,0.0657916689102468
w3,dDP,105011,275,picked,118,0.5612,2.998,0.0476,0.0047562496683501865,0.004623546170225641,0.9720991311689118,0.002888340755141353,0.003432223753728107,0.7093930523073193,0.16101694915254236,0.1440677966101695,0.00847457627118644,0.2966101694915254,0.3983050847457627,0.005497039221884407,0.03672688663473079,0.02086131402202095,0.8042205131616703,0.04502982787935403,0.1041796548144961,0.3561253561253562,0.942593350257518,0.1297618149869186,0.1332113757472657,0.1794871794871795,3,0.008547008547008548,1,1,8.645949332034055,5.166248865840531,4.155716820801571,0.2361111111111111,2,0.3008849557522124,48,4.957163788437418,0.04060235464743887
w3,dDP,105012,333,picked,125,0.46,2.154,0.065,0.0036797094870918,0.004851044752271974,1.3183227559917836,0.0016703389612048854,0.0022742607835589423,0.608165568198338,0.032,0.44,0.112,0.616,0.648,0.0063532867546584205,0.026531268380672764,0.012401190431767316,0.8704110830447388,0.03666436048495613,0.2887454628658866,0.407258064516129,0.983162190825136,0.09327964584032694,0.12780521665790606,0.1774193548387097,3,0.008064516129032258,1,1,8.650452587108841,4.744447753823769,3.9489297865505515,0.13793103448275862,1,0.4,33,3.2405943607281307,0.024581614743927147
w3,dDPretimed,100000,232,picked,62,0.3946,2.516,0.0344,0.00636461394237879,0.00507307924766932,0.7970757211038701,0.005609188672155342,0.007455413118495526,1.1335983590590113,0.20967741935483872,0.16129032258064516,0.12903225806451613,0.20967741935483872,0.24193548387096775,0.0075658485466822975,0.04425279750047504,0.0461247374200064,0.47807615047836877,0.2019756029127154,0.20394162927552806,0.31147540983606553,0.9395933182045764,0.15714953486387412,0.16367893526533292,0.4098360655737705,3,0.03278688524590164,1,1,6.431934034002306,13.911684956469077,4.719257844121758,0.3333333333333333,1,0.21052631578947367,33,4.696548432144341,0.03723738106391821
w3,dDPretimed,100001,248,picked,117,0.4589,2.937,0.0496,0.003922270032335216,0.006911383087139661,1.7620875233378068,0.0030776131637160293,0.004383744888009423,1.098549830184086,0.3333333333333333,0.5555555555555556,0.48717948717948717,0.5982905982905983,0.6495726495726496,0.008717738623857706,0.024017550365217376,0.022027659689662055,0.6544759414736993,0.09855692090572095,0.3331763415727347,0.15517241379310345,0.9185456528682961,0.08312580079438416,0.16473429887658475,0.21551724137931033,5,0.07758620689655173,1,1,10.427508260071127,8.826688803477287,4.313145229425677,0.26666666666666666,2,0.13392857142857142,31,3.08123471250839,0.06476915745271997
w3,dDPretimed,100002,257,picked,88,0.4664,4.666,0.08,0.005300175686146976,0.005604886020402434,1.05749061017956,0.0035932526732552427,0.004413869588164555,0.8138512052583511,0.36363636363636365,0.36363636363636365,0.3068181818181818,0.38636363636363635,0.4431818181818182,0.008262586642429948,0.03747068140145506,0.02417603641095105,0.7520549386374596,0.0700101084795602,0.07829953368819201,0.18199233716475094,0.9394670880827481,0.1281124288910661,0.18480904582653002,0.25287356321839083,2,0.04597701149425287,1,1,8.525901469027456,4.420474671557761,4.235806060269992,0.1076923076923077,2,0.07228915662650602,37,4.121085737832555,0.04765558731908146
w3,dDPretimed,100003,266,picked,143,0.4141,3.71,0.0436,0.0028956427478112894,0.005868774918850208,2.026760698738199,0.0027336696106678065,0.00427828340641705,1.4568258733047577,0.27972027972027974,0.3986013986013986,0.2517482517482518,0.46853146853146854,0.6013986013986014,0.004690179092269987,0.016764239336045348,0.019300627513877816,0.590073030064729,0.2060372052262368,0.3812146352889421,0.2359154929577465,0.9809224920536116,0.05280290093998458,0.21204120081971017,0.28169014084507044,9,0.06338028169014084,1,1,10.09161739226395,4.657793145785714,4.21978894476248,0.35294117647058826,2,0.427536231884058,38,3.662828473499673,0.043351927354160325
w3,dDPretimed,100004,276,picked,151,0.4469,2.593,0.0345,0.0029597060352520503,0.004082579357800709,1.379386773272243,0.001677332010818642,0.0021243780208204215,0.7082597185745493,0.32450331125827814,0.5099337748344371,0.4304635761589404,0.5761589403973509,0.6158940397350994,0.005941446032352249,0.02108804511715108,0.01352120285267616,0.7913673332241133,0.07340046238327981,0.25704987518181643,0.1911111111111111,0.9311504639330446,0.07033597887778009,0.09481680785311433,0.07333333333333333,1,0.006666666666666667,1,2,3.7317084082079033,28.363665501608963,2.00089446412368,0.3023255813953488,2,0.1506849315068493,36,3.1744447339852098,0.04676470862621551
w3,dDPretimed,100005,283,picked,101,0.3456,2.279,0.0596,0.0034214905682903437,0.0038680011852305213,1.1305017821993562,0.0023445925473159564,0.003003059393740442,0.8603247071240578,0.3564356435643564,0.38613861386138615,0.26732673267326734,0.43564356435643564,0.5445544554455446,0.005470596056529295,0.02732255148153357,0.02169995413934097,0.70953711049201,0.1010271713063136,0.2247917210081035,0.19166666666666665,0.9425500512965623,0.0940811114147752,0.1193838894606619,0.19,4,0.03,1,1,4.355971843451879,4.6745259630859595,4.294058235060816,0.21739130434782608,1,0.15625,35,3.854166856900546,0.05472044245670662
w3,dDPretimed,100006,301,picked,161,0.527,4.097,0.0641,0.003273354079636495,0.0041593989100498574,1.2706840778165245,0.0025534019055028605,0.0033110153469994258,0.9989401213613839,0.2608695652173913,0.37267080745341613,0.18012422360248448,0.4472049689440994,0.5652173913043478,0.0050881763256124726,0.02226246978017323,0.02125357515314291,0.622964258795277,0.13117671712702553,0.21143327447834273,0.2604166666666667,0.9076520952512943,0.07655646880863923,0.2139943514216442,0.24375,6,0.01875,1,1,6.202539356632459,6.807395036612414,2.499879611800799,0.19672131147540983,2,0.19230769230769232,57,4.3351576163608945,0.03774973835659539
w3,dDPretimed,100007,309,picked,100,0.4862,11.283,0.0842,0.004862255913136776,0.005674659980659644,1.1670837738770448,0.0032184517529876507,0.003932894901440697,0.7926849331394835,0.35,0.36,0.32,0.41,0.49,0.007563426650274784,0.034178302690956244,0.023195710099468442,0.733439171608734,0.0839362358449427,0.23035022360092824,0.1835016835016835,0.9073953288286677,0.12636928134787312,0.27434081811215094,0.3939393939393939,4,0.020202020202020204,1,1,2.901823682272992,4.780325626576405,4.043543085334113,0.09090909090909091,1,0.06315789473684211,37,3.9264529196740794,0.06200058558668375
w3,dDPretimed,100008,320,picked,199,0.8431,6.284,0.034,0.0042365877887092,0.00652274366460727,1.539621976438405,0.003444948329066834,0.004809509083088531,1.12382241224246,0.3869346733668342,0.5628140703517588,0.49246231155778897,0.592964824120603,0.6432160804020101,0.00960578497284279,0.032340532064967446,0.03269270158057693,0.4614957611901984,0.22115665211230465,0.1732441570382449,0.14057239057239057,0.9450091673113173,0.11975749891934029,0.11819097327566215,0.0707070707070707,2,0.005050505050505051,1,1,3.5347729349665404,4.7961413743708485,3.973782163833937,0.1696969696969697,5,0.12371134020618557,46,3.2237393632156075,0.08843133187563805
w3,dDPretimed,100009,329,picked,83,0.268,2.526,0.0579,0.0032290570581390214,0.005340438470815303,1.6538693416254213,0.002033447431364497,0.002376043111320948,0.718100986974233,0.3373493975903614,0.5783132530120482,0.5301204819277109,0.6385542168674698,0.6987951807228916,0.0075769997269993705,0.022255016008686464,0.014820388090593911,0.7761736994582079,0.0607198909059449,0.1304587839402507,0.1097560975609756,0.9118255716783349,0.07974382780747533,0.07740431202944714,0.0975609756097561,1,0.012195121951219513,1,1,6.702209341252393,4.370301151836303,3.8498825266685763,0.05714285714285714,1,0.1282051282051282,28,2.873466451034008,0.038014814753530246
w3,dDPretimed,101000,233,picked,63,0.4515,6.743,0.0622,0.0071666794665065274,0.00644851415073084,0.8997910651464137,0.005554052839847318,0.008035890506020039,1.0856886940837491,0.30158730158730157,0.2857142857142857,0.20634920634920634,0.30158730158730157,0.31746031746031744,0.009974429260979247,0.047068037252987596,0.044006849427311444,0.5716357354501945,0.1604174979781808,0.1393248825356904,0.2231182795698925,0.9395765413983106,0.17104258167750058,0.22260685024153395,0.4838709677419355,4,0.016129032258064516,1,1,12.476307081376737,5.155335230030381,4.368876914734277,0.391304347826087,1,0.1724137931034483,32,4.285717621431844,0.047791164738338686
w3,dDPretimed,101001,250,picked,233,0.4315,2.069,0.0433,0.0018517815983342012,0.0017724792408725257,0.9571751023268548,0.0009774994855457646,0.001296406627379815,0.6940768148106227,0.23605150214592274,0.30042918454935624,0.22317596566523606,0.4334763948497854,0.6137339055793991,0.0025932437053757477,0.013803004633278073,0.008968157836050566,0.7653135973496646,0.08242603052972806,0.2206195951672475,0.17385057471264367,0.9427574121429464,0.046221246768016616,0.1105023778605275,0.1336206896551724,8,0.004310344827586207,1,1,11.784915847833654,4.307607120027719,4.125451431341438,0.10526315789473684,1,0.07017543859649122,32,3.524995180879398,0.04088517283260328
w3,dDPretimed,101002,258,picked,72,0.4151,5.041,0.0773,0.005764929675286005,0.005377486471793381,0.9327930737553355,0.003560454442581993,0.0047291438019417716,0.7975428938956097,0.3333333333333333,0.3194444444444444,0.25,0.3333333333333333,0.4027777777777778,0.00841092349636272,0.04516326618668443,0.02666262858782471,0.7724637771491377,0.06693750133563735,0.16588763987125385,0.1643192488262911,0.9843457161093586,0.15231341213114621,0.19007408374652074,0.39436619718309857,6,0.14084507042253522,1,1,9.20534492231846,4.502098388596684,4.3151787612631995,0.36666666666666664,2,0.22388059701492538,37,4.353302605727386,0.05364947078807406
w3,dDPretimed,101003,267,picked,161,0.5025,3.221,0.071,0.003121287115960785,0.0033699829733406152,1.0796773408342082,0.0019833313578714548,0.002744466515238044,0.8683513123917334,0.3416149068322981,0.35403726708074534,0.2919254658385093,0.39751552795031053,0.515527950310559,0.004758582661442023,0.02152904858215249,0.01652183518104838,0.6961676281581431,0.1168387794625323,0.250036948248894,0.20520833333333333,0.9655489220974487,0.07342056877777306,0.18656150092860688,0.1875,4,0.03125,1,1,10.482888166371328,4.375431297235275,4.018229930372639,0.2,2,0.03205128205128205,42,4.050206058441606,0.03740292079109142
w3,dDPretimed,101004,277,picked,72,0.3043,3.157,0.043,0.004226423554964423,0.004728666157506623,1.118833949321586,0.00347660766850161,0.004487926140632634,1.0323767764567526,0.3333333333333333,0.3333333333333333,0.16666666666666666,0.4305555555555556,0.4861111111111111,0.006238788583601915,0.02845906554856632,0.022850491020402004,0.6689166460224684,0.10086707657294619,0.13893932598348258,0.2276995305164319,0.9519873443183203,0.09650629852050986,0.10425972875323467,0.18309859154929578,3,0.014084507042253521,1,1,6.230045483781094,4.522120902970764,4.109380303072586,0.3235294117647059,1,0.13432835820895522,30,3.947899026685566,0.051803649028379896
w3,dDPretimed,101005,284,picked,83,0.2574,3.089,0.0674,0.00310087135292595,0.004036068423117186,1.301591702380298,0.0014566695598262228,0.0016446243564045646,0.517594789066674,0.30120481927710846,0.46987951807228917,0.26506024096385544,0.4939759036144578,0.5903614457831325,0.0056894171123909685,0.020279992634063982,0.008400364102403163,0.8804646271014911,0.02132102624174223,0.3776781453280121,0.19512195121951217,0.9717062839351421,0.07051623972657639,0.11262286654776606,0.1951219512195122,3,0.012195121951219513,1,1,4.766740167476124,4.582946614362234,4.125065190215116,0.2857142857142857,1,0.20512820512820512,28,3.2326190500448577,0.04308009291891007
w3,dDPretimed,101006,302,picked,150,0.6184,5.01,0.0628,0.004122511813014196,0.004754441638409927,1.1532875717665179,0.0027177074162409924,0.003853508190826684,0.9222843387890055,0.23333333333333334,0.32666666666666666,0.12666666666666668,0.43333333333333335,0.5333333333333333,0.0060030043011833996,0.026652108189566714,0.02222814397628459,0.606265680946866,0.17024282413151282,0.22373788596517116,0.23266219239373598,0.9297322754017482,0.09099962285061912,0.24770010933265513,0.30201342281879195,6,0.006711409395973154,1,1,4.812232740464879,17.379609105514035,5.371185994075136,0.2619047619047619,2,0.11724137931034483,53,4.473296090137853,0.05601571506615347
w3,dDPretimed,101007,311,picked,101,0.5544,4.197,0.0848,0.0054889106821776066,0.006654212684527057,1.2123011413053533,0.0036090742211337635,0.00453794271755156,0.8103761790407156,0.2871287128712871,0.32673267326732675,0.1782178217821782,0.40594059405940597,0.49504950495049505,0.008047746926099246,0.04860138040547292,0.03377153764801343,0.7221496171705993,0.07964511977005585,0.15238270591996964,0.24,0.9502725786013634,0.1592686525116407,0.22207766402269308,0.27,4,0.01,1,1,10.691965882985432,4.393022999637697,3.9376094076097288,0.0975609756097561,1,0.16666666666666666,31,3.949527368527643,0.05460561175996672
w3,dDPretimed,101008,321,picked,98,0.3173,2.756,0.06,0.0032375467542825375,0.005555485668831727,1.7159553484387782,0.0029215306440242067,0.0042182374591216674,1.2763216391850363,0.16326530612244897,0.47959183673469385,0.2653061224489796,0.5408163265306123,0.6122448979591837,0.006039176118783898,0.024528114121165154,0.024738914055885297,0.5940362391365736,0.176212426189763,0.21914865625264676,0.19072164948453607,0.9758810824797468,0.07905395153979052,0.18292716768145934,0.27835051546391754,5,0.15463917525773196,1,1,9.847450617162414,4.384294435692399,4.236172533332407,0.1875,1,0.3118279569892473,35,3.485826605686921,0.04320955365476701
w3,dDPretimed,101009,330,picked,208,1.1521,7.301,0.0842,0.005538801365525586,0.006453451447014582,1.1651350213029716,0.004318394368292593,0.006168543163969811,1.1029877848583807,0.35096153846153844,0.33653846153846156,0.2548076923076923,0.3605769230769231,0.40865384615384615,0.008270231168653538,0.043063166208518584,0.03371698591885474,0.685859376059944,0.11202772121869627,0.13475849296508055,0.17954911433172302,0.9436641181852616,0.15168271960582247,0.24931298544286884,0.14492753623188406,2,0.043478260869565216,1,2,5.965386163390745,4.16558740511727,1.597581091200751,0.3724137931034483,8,0.1724137931034483,57,4.42159545066011,0.050303222119742176
w3,dDPretimed,102000,235,picked,48,0.3982,3.847,0.0701,0.008296550259978277,0.006951792981428645,0.8379136826258252,0.005406919667864321,0.007153137552472951,0.826257895106296,0.2708333333333333,0.10416666666666667,0.0,0.22916666666666666,0.2916666666666667,0.00921837022914829,0.05057302031343645,0.04105606642578844,0.6315859383178246,0.11944402837776662,0.12775611970141068,0.31560283687943264,0.9832005944265247,0.17836248584424338,0.2023804304341816,0.44680851063829785,4,0.0851063829787234,1,1,10.619300223814488,4.954138197249517,4.372075338449033,0.35714285714285715,1,0.13953488372093023,28,4.470713678734406,0.06467715407040776
w3,dDPretimed,102001,251,picked,135,0.3467,2.167,0.0562,0.002568345502670555,0.004604291504599825,1.792707211631886,0.0018459728367365275,0.0024818420246058015,0.9520035338194429,0.05925925925925926,0.6666666666666666,0.4888888888888889,0.7037037037037037,0.7185185185185186,0.007400733946401062,0.015040393332151425,0.01319167423498794,0.6394064703076333,0.11691041317630944,0.29216547219028066,0.23009950248756217,0.9726226108629235,0.052531019148631855,0.11529113995157653,0.11940298507462686,4,0.022388059701492536,1,1,10.785955853307518,4.629438268419724,4.303494223361648,0.46875,3,0.2230769230769231,29,2.4654715883385268,0.03456167744725961
w3,dDPretimed,102002,259,picked,94,0.5915,4.329,0.0955,0.0062922123276622595,0.006507349209659696,1.034190976209057,0.0035771479963128162,0.004630243454522188,0.7202121289547351,0.3723404255319149,0.35106382978723405,0.24468085106382978,0.40425531914893614,0.4574468085106383,0.009599424359542232,0.043801520898352125,0.025261497547374476,0.8068858233746067,0.05216889154098519,0.07102208871381253,0.16487455197132617,0.9666339334415558,0.1473677693662178,0.24497026309780365,0.26881720430107525,2,0.06451612903225806,1,1,10.649348072979464,4.516404429705288,4.287592617697823,0.23684210526315788,1,0.19101123595505617,31,3.98694141626902,0.024626408214986087
w3,dDPretimed,102003,269,picked,116,0.5763,4.249,0.0847,0.004968449601844762,0.006716087171330629,1.3517470658929451,0.0028336747016081605,0.003410936185386202,0.6746826896595567,0.13793103448275862,0.4482758620689655,0.22413793103448276,0.5517241379310345,0.5948275862068966,0.008835540389154111,0.030077630106151075,0.01683317932521182,0.827829029437189,0.04237008512334479,0.18804196766209913,0.17681159420289858,0.9097691054415454,0.10260503085347387,0.25021177461948735,0.2782608695652174,6,0.0782608695652174,1,1,4.665267913413459,5.036130606399747,4.27307648833646,0.275,2,0.2882882882882883,37,3.6184682785285966,0.06101369081175142
w3,dDPretimed,102004,278,picked,69,0.5389,4.279,0.0766,0.0078108058985774656,0.009211354598067692,1.179309115816756,0.004818400425342838,0.006443249346912379,0.8010042212694971,0.36231884057971014,0.36231884057971014,0.30434782608695654,0.43478260869565216,0.4782608695652174,0.01218012508457757,0.06354652898475843,0.0402651108287497,0.7233998643120397,0.09026533007793454,0.13960084614805862,0.2352941176470588,0.9033999596418616,0.21506448755847668,0.27694860125163173,0.39705882352941174,3,0.07352941176470588,1,1,10.537137373620672,4.4963992759512355,4.156376404550707,0.2,1,0.265625,27,3.7501824969599253,0.08975448420723571
w3,dDPretimed,102005,287,picked,188,0.7268,12.017,0.0737,0.003866218053515052,0.00477407914922078,1.2348189065229591,0.0024756284839461905,0.003174554032645712,0.8123655049355223,0.06914893617021277,0.2393617021276596,0.05319148936170213,0.4308510638297872,0.5904255319148937,0.004983870013981781,0.02696136073231222,0.0176691299453304,0.7860714437730015,0.06333912785773355,0.28331428883184734,0.13992869875222816,0.964303047954947,0.09212924014420201,0.2568565395297885,0.25133689839572193,7,0.03208556149732621,1,1,7.791002180022053,5.128990324330803,4.114358459177574,0.38461538461538464,2,0.2786885245901639,50,4.445322175220618,0.06585901230594357
w3,dDPretimed,102007,315,picked,220,0.7782,4.514,0.0395,0.003537411868724673,0.004293122396101788,1.2136337399833421,0.0027711376865442155,0.0038681315641570517,1.0835511594349645,0.3,0.37272727272727274,0.17272727272727273,0.41363636363636364,0.5136363636363637,0.005503809192444492,0.03643356904187201,0.02963980424814884,0.6490414602408136,0.11238297895363343,0.24299688545877027,0.1894977168949772,0.9757968223892796,0.12616900854806185,0.13049960452132095,0.1050228310502283,4,0.0045662100456621,1,1,6.40473948092268,5.431400438508291,4.260639693532632,0.25833333333333336,4,0.3302325581395349,62,4.463615945564167,0.056029479889287116
w3,dDPretimed,102008,325,picked,116,0.4184,2.457,0.055,0.0036072775887001484,0.0045174815767486535,1.252324354216524,0.002724826211443853,0.00386360582303995,1.0525921103031814,0.25,0.49137931034482757,0.33620689655172414,0.5172413793103449,0.5431034482758621,0.006935683776231267,0.021120638620806542,0.020688183508360852,0.5997716527355371,0.16554992812863853,0.17663758322734102,0.14347826086956522,0.9824535041794786,0.07240728861481589,0.1081944036333227,0.11304347826086956,2,0.008695652173913044,1,1,5.645328566995667,4.511569890500428,4.289602359464663,0.1956521739130435,1,0.40540540540540543,31,3.346182858946785,0.03859873074835305
w3,dDPretimed,102009,333,picked,126,0.4358,2.038,0.0663,0.0034588050649820663,0.005271419308629425,1.524057936077053,0.0019157983392905085,0.002597710011154186,0.7391213066027178,0.05555555555555555,0.626984126984127,0.4126984126984127,0.6587301587301587,0.6825396825396826,0.009000201530776403,0.025369407155990856,0.014432629765674183,0.7832036380253946,0.06514086870492368,0.19329693013330107,0.08666666666666667,0.9474581857726943,0.08616759655949045,0.1741711556198036,0.184,2,0.088,1,1,8.83243636418569,4.383731257531057,4.141703766687105,0.1875,1,0.4049586776859504,30,2.6219323235027514,0.04673877973800083
w3,dDPretimed,103000,242,picked,59,0.471,2.792,0.0596,0.007982259568911998,0.006776179829928742,0.848904971258953,0.00477412190923233,0.005102706112465822,0.6175861585743438,0.288135593220339,0.1016949152542373,0.01694915254237288,0.2033898305084746,0.3050847457627119,0.008851992539311683,0.053668754340153724,0.027766665453966246,0.7852698744480119,0.04201741961816239,0.04153029268874201,0.13505747126436782,0.9692216556313817,0.18796875179973566,0.12552401512094127,0.25862068965517243,3,0.05172413793103448,1,1,5.699899320986731,4.564550375513122,4.221450175110256,0.3103448275862069,1,0.2962962962962963,32,4.661641354153236,0.0453714860896516
w3,dDPretimed,103001,252,picked,166,0.3791,3.627,0.0756,0.0022834695068196416,0.0045398333780006395,1.988129626624007,0.0016820423092580572,0.002067011914781942,0.8943006029525298,0.20481927710843373,0.6927710843373494,0.6204819277108434,0.7228915662650602,0.7530120481927711,0.007297345403771331,0.016252917058741725,0.01255016239606275,0.7282335688858307,0.06095746309339678,0.2873109715197593,0.11515151515151513,0.956518817556391,0.05664519296063549,0.13500559643852214,0.12121212121212122,3,0.012121212121212121,1,1,12.38144017254283,4.407226694931122,4.228197005739442,0.3333333333333333,1,0.049689440993788817,35,2.4021718508343133,0.05897221726586869
w3,dDPretimed,103002,262,picked,60,0.3291,2.432,0.0507,0.005484790999204645,0.006408030068289779,1.1683271193412863,0.0033931120789101707,0.0038388131949415403,0.6765714054825918,0.4,0.43333333333333335,0.35,0.4666666666666667,0.5166666666666667,0.009582189343822196,0.035653699844664266,0.023729375481984016,0.7429613776673619,0.05764475582316988,0.04823907449440687,0.21468926553672316,0.9187133337986094,0.12410296716681998,0.14371488651356107,0.2542372881355932,2,0.03389830508474576,1,1,6.785813892614793,4.789533373468014,4.235156765686906,0.18421052631578946,1,0.07272727272727272,21,3.28353205282406,0.029876664132127417
w3,dDPretimed,103003,273,picked,101,0.3258,2.196,0.0556,0.003225918388837895,0.004832759033437038,1.4981033153718408,0.0020168778515326706,0.0027031917491588836,0.8213670900165281,0.21782178217821782,0.5742574257425742,0.4158415841584158,0.6237623762376238,0.6534653465346535,0.007405114617758575,0.022342203290112606,0.01598786168992276,0.7190401867541255,0.08816268184763319,0.18334822576718865,0.17,0.9457202870749771,0.0798207043778435,0.08819621037531129,0.07,1,0.01,1,1,3.3857070614021993,12.77512859213695,5.159155446342398,0.1348314606741573,1,0.010416666666666666,24,2.748801805294706,0.03586654725911901
w3,dDPretimed,103004,279,picked,214,0.343,2.245,0.0229,0.0016029651608706016,0.0031774320086641146,1.9822215018936464,0.0012885673599634486,0.0016606998081830384,1.0263350005277267,0.4205607476635514,0.677570093457944,0.5794392523364486,0.7336448598130841,0.7990654205607477,0.0048268734759770926,0.010165764225286183,0.010959086204017601,0.517736931034714,0.17554559534082648,0.2175941669085326,0.15336463223787167,0.9348144361806204,0.037204670350083575,0.09227931106778876,0.051643192488262914,1,0.004694835680751174,3,2,2.0033112074330033,13.499682878906677,3.6581813490903023,0.0,0,0.08133971291866028,33,2.3355165139992224,0.030174777780097542
w3,dDPretimed,103005,297,picked,85,0.412,2.58,0.0539,0.004846568905019807,0.0050665638145785605,1.0453918873062744,0.0031788297356083245,0.004134446613150876,0.8329945566624223,0.10588235294117647,0.10588235294117647,0.0,0.27058823529411763,0.47058823529411764,0.005377320737737139,0.028401600713387445,0.02310754687084966,0.6635503767081213,0.09418710196481424,0.2831449982107536,0.16666666666666666,0.9602675891340225,0.09709851044520595,0.17054212032175378,0.2857142857142857,4,0.047619047619047616,1,1,7.822014205474208,7.718477483667043,5.218817343752183,0.53125,2,0.35,42,4.910074060888007,0.0424911987739233
w3,dDPretimed,103007,316,picked,161,0.4849,3.194,0.0313,0.003012007315101175,0.003592658986140479,1.192778971062957,0.002549186343445576,0.003688955601381034,1.2095355969737334,0.2857142857142857,0.33540372670807456,0.2608695652173913,0.43478260869565216,0.5341614906832298,0.004482501534724491,0.027858625319150444,0.02433707873331157,0.6436266238826849,0.14928897184355627,0.2687625110413485,0.19270833333333334,0.9328173228505773,0.09634619190145624,0.17314616760831364,0.225,8,0.13125,1,1,5.099578129334175,4.647663659783559,4.202905544106819,0.2014388489208633,5,0.16025641025641027,50,4.288016187649843,0.06679185925626106
w3,dDPretimed,103009,335,picked,76,0.3445,2.201,0.0609,0.004533353269454792,0.004261641350070744,0.9400638107745074,0.0028870452324930764,0.00397592419379618,0.8539582908380968,0.3026315789473684,0.2236842105263158,0.13157894736842105,0.3157894736842105,0.40789473684210525,0.005784446767873548,0.03755165261601134,0.030162775945999965,0.6488932216927991,0.1361677455250111,0.1967168927914531,0.17555555555555555,0.9691411977944913,0.12823473145238626,0.09651350319413568,0.14666666666666667,2,0.05333333333333334,1,1,2.7068101980221937,32.87788774564817,13.585357853776202,0.125,1,0.04225352112676056,31,4.273003665211758,0.051752854595095814
w3,dDPretimed,104000,243,picked,46,0.3203,2.522,0.0614,0.006963662997640448,0.007806429399357998,1.12102343292648,0.004246147143841734,0.004963556365479736,0.6817891056171634,0.43478260869565216,0.391304347826087,0.2608695652173913,0.43478260869565216,0.45652173913043476,0.011340627147357273,0.04572909669144546,0.03038482126540881,0.732560343932464,0.055263756851259206,0.038794955585132025,0.14814814814814814,0.9665652837539284,0.16694052304471416,0.15551783162408983,0.4,2,0.044444444444444446,1,1,6.1148447011173355,8.203834345883312,4.316020956794543,0.38461538461538464,1,0.04878048780487805,15,3.013603001570032,0.031225491846537907
w3,dDPretimed,104001,254,picked,132,0.6341,5.361,0.0849,0.00480399467954642,0.004905557011428214,1.0211412248881557,0.0030753496670910315,0.004115369251644973,0.8436760326423319,0.25757575757575757,0.24242424242424243,0.09848484848484848,0.3409090909090909,0.44696969696969696,0.006253415093626104,0.037670472058517264,0.024990486742401022,0.7196505409255792,0.10703972014223674,0.18937229029043703,0.15521628498727735,0.9614214151728527,0.12713637155706897,0.3093003774217813,0.3282442748091603,7,0.015267175572519083,1,1,7.245138709531831,5.138203020705047,4.532134093466798,0.25,2,0.29133858267716534,52,4.769129683422479,0.06473780647825918
w3,dDPretimed,104002,263,picked,106,0.7101,4.527,0.0813,0.006698628557339533,0.006602818203400909,0.9856970194542811,0.0038550426007485533,0.004653481085062876,0.6815842251998762,0.2641509433962264,0.24528301886792453,0.11320754716981132,0.2830188679245283,0.3490566037735849,0.008802785142003085,0.04434827985363429,0.027370171364007993,0.7713930097750289,0.07275063258153701,0.13379780185478632,0.21111111111111114,0.9255244728526979,0.15101714733927457,0.1986271090912148,0.19047619047619047,2,0.009523809523809525,1,1,11.513543081852793,4.368838219983528,4.225217010058957,0.18032786885245902,1,0.1485148514851485,48,4.799691755138176,0.029164215848266267
w3,dDPretimed,104003,274,picked,123,0.4998,4.127,0.0412,0.004063582320911502,0.005191841152112261,1.2776512796097803,0.0027345964383178427,0.0036382070496825854,0.8807620785872373,0.22764227642276422,0.35772357723577236,0.21951219512195122,0.4878048780487805,0.5203252032520326,0.006228058267250242,0.04531258570240764,0.02621480191810411,0.7820442398390514,0.07874469327939716,0.17347093256296986,0.17349726775956284,0.9608994034137901,0.16083538021720734,0.11826676379168646,0.12295081967213115,2,0.00819672131147541,1,1,6.291084253065913,4.631396971971534,4.170218122104328,0.2972972972972973,3,0.3389830508474576,41,4.217534917110434,0.05151166093348697
w3,dDPretimed,104004,280,picked,60,0.419,3.278,0.0163,0.0069840694370687404,0.008907916996183634,1.2754622611430313,0.006549613722841726,0.010081868784194632,1.3954337910303656,0.3333333333333333,0.4166666666666667,0.23333333333333334,0.43333333333333335,0.5333333333333333,0.011856088021160957,0.05129298545083399,0.04836694143056429,0.5616111712079742,0.1527219279301122,0.15709353452605448,0.24011299435028247,0.8947636833544749,0.19124352926879082,0.11348922103057638,0.1864406779661017,2,0.06779661016949153,1,1,7.162498154666709,4.849928343921285,3.90366761446239,0.25,2,0.2727272727272727,24,3.454958016391485,0.0476120717791488
w3,dDPretimed,104005,298,picked,78,0.5619,4.658,0.0328,0.007203487745905491,0.009521578169193272,1.3218011198263506,0.007009419476868164,0.010193160810450476,1.3787484706129909,0.41025641025641024,0.41025641025641024,0.358974358974359,0.47435897435897434,0.48717948717948717,0.012170335425263596,0.05825909610014901,0.051113633382571945,0.5620496388745541,0.16115182121191726,0.20734664330767227,0.22077922077922077,0.9000054448784888,0.21800585493682842,0.08588850084641306,0.07792207792207792,1,0.012987012987012988,1,1,3.1191449522468466,13.699963642300867,6.423530421762739,0.3382352941176471,4,0.1643835616438356,27,3.585027981899547,0.058235415297771986
w3,dDPretimed,104008,327,picked,131,0.6825,3.747,0.0599,0.0052095490555735995,0.005830087985998049,1.1191156708200198,0.0030790360993495944,0.003944125164927769,0.7455366044397843,0.33587786259541985,0.32061068702290074,0.22137404580152673,0.3969465648854962,0.4351145038167939,0.007598260066343176,0.031973911821948135,0.020232346976764834,0.7814244684216723,0.05545404409699325,0.22608115697036243,0.2217948717948718,0.9084719570881091,0.10667495695818316,0.10869352851917304,0.16923076923076924,4,0.03076923076923077,1,1,6.308376768514772,4.386566693609327,3.4081420151331723,0.3469387755102041,3,0.09523809523809523,50,4.517635097646475,0.10177442928718672
w3,dDPretimed,105000,247,picked,110,0.5027,2.303,0.0606,0.004569858239197612,0.0052542094410566315,1.149753267177754,0.0030097392868789494,0.004393183803557316,0.9438602925151287,0.4636363636363636,0.4727272727272727,0.2909090909090909,0.4727272727272727,0.4909090909090909,0.008507428736977496,0.028298302212339945,0.024490927385691297,0.6476365879284999,0.1387702405981167,0.19014661284014903,0.1452599388379205,0.9553250001183133,0.09729815072982037,0.10770558799542895,0.11009174311926606,2,0.009174311926605505,1,1,10.187773829235315,4.395422293620053,4.150667411693454,0.23076923076923078,1,0.24761904761904763,32,3.4662533835168023,0.05249633707897231
w3,dDPretimed,105001,256,picked,131,0.7224,4.457,0.0659,0.005514470220791348,0.005141589582407122,0.9323814213415561,0.0029817598133325125,0.004021739080777524,0.7181720683144985,0.31297709923664124,0.29770992366412213,0.2748091603053435,0.31297709923664124,0.35877862595419846,0.007827861317730514,0.03631495531090893,0.024259426645140178,0.7332041936768028,0.0959594060679342,0.16017436601091192,0.1435897435897436,0.993092784945213,0.12403378680748517,0.20357783271094937,0.17692307692307693,2,0.015384615384615385,1,1,11.737376595896803,4.438848709286066,4.271323104298402,0.203125,2,0.1746031746031746,40,4.405288158376772,0.013856660240557197
w3,dDPretimed,105002,265,picked,201,0.4605,2.758,0.0613,0.0022909318628434186,0.0034823711244754297,1.5200675240306978,0.0014678961000153764,0.0021567039690624976,0.9320417873216954,0.04975124378109453,0.582089552238806,0.3034825870646766,0.6567164179104478,0.7114427860696517,0.005196003785858251,0.014094916802652313,0.011894093474490013,0.6720534930534079,0.15926353000710633,0.3055889587942751,0.20249999999999999,0.9689734337790689,0.048457970206864154,0.1835287036851574,0.16,6,0.01,7,2,8.465545107710659,5.186685025240972,4.170002453825157,0.3333333333333333,1,0.27040816326530615,37,2.897956124427652,0.0435453690812449
w3,dDPretimed,105003,275,picked,108,0.51,2.726,0.0491,0.004722262482724921,0.004982621148106104,1.0551343061368639,0.0030301066548758656,0.0036993727161286996,0.7688826758912018,0.28703703703703703,0.28703703703703703,0.2222222222222222,0.3611111111111111,0.42592592592592593,0.006557336110412915,0.03687154128959686,0.02505643054516991,0.7299772538985261,0.08676645878385188,0.17203784100017197,0.22118380062305296,0.9065566474789483,0.1272037945097656,0.1363370753587349,0.19626168224299065,3,0.06542056074766354,1,1,6.90446642069071,4.79059803590478,4.045415508926922,0.23595505617977527,2,0.1941747572815534,43,4.542495538660834,0.060423094064435384
w3,dDPretimed,105004,281,picked,120,0.4556,2.303,0.026,0.003796937182609225,0.00548028646470357,1.443343990468012,0.0024394858108684045,0.0034881888698193625,0.903373488601832,0.375,0.5666666666666667,0.525,0.6083333333333333,0.625,0.008689583234433019,0.031218689556120404,0.02380357387160569,0.6807043011225448,0.11131027992519943,0.2494058524711734,0.12324929971988796,0.9572424721934871,0.11022924880085799,0.0783390573650708,0.07563025210084033,1,0.008403361344537815,3,2,3.3984716340402916,21.71504416750753,1.8291623979192295,0.0,0,0.034782608695652174,26,2.7671912196349577,0.049811910597953556
w3,dDPretimed,105005,299,picked,200,0.8679,3.957,0.0684,0.004339514932221711,0.00504833224292144,1.1633402169990539,0.0030110414876730256,0.0039678670424353225,0.9052137009239061,0.305,0.305,0.21,0.385,0.475,0.006184892321582742,0.04516232565900953,0.03229489663023573,0.687242650051889,0.10547758725893462,0.2088175193730953,0.1700167504187605,0.9804417680005892,0.15810179019322013,0.2025667237612644,0.15577889447236182,4,0.05025125628140704,1,1,4.958221711541352,4.111146895293566,3.8313225108985876,0.2782608695652174,5,0.28205128205128205,51,4.5993559582616,0.10306576482218037
w3,dDPretimed,105006,308,picked,89,0.4531,3.361,0.0484,0.005090595592954341,0.0060084574266736366,1.1803053919642852,0.00398540098097018,0.005637557433026563,1.0825591325238384,0.39325842696629215,0.4044943820224719,0.3707865168539326,0.4044943820224719,0.47191011235955055,0.008508481028527696,0.03644845083492932,0.03147735273217566,0.6576782729864589,0.11207829470014641,0.1813771149558083,0.2159090909090909,0.9169597124446743,0.13092940643148598,0.14040092294590753,0.20454545454545456,1,0.011363636363636364,1,1,7.499454012862373,6.746869962600318,3.4010548298390457,0.10606060606060606,2,0.13095238095238096,36,3.9236339920835093,0.031657317403142204
w3,dDPretimed,105008,328,picked,224,0.7581,5.122,0.0532,0.003384407635932964,0.0045354519771650436,1.3401021582067127,0.0024398130584722083,0.003416951048118378,1.0006012634715606,0.3125,0.4955357142857143,0.38839285714285715,0.5178571428571429,0.5803571428571429,0.006582823598840104,0.03311307619197918,0.027346230883588774,0.6236998770512925,0.1277524777493784,0.25157310220874735,0.16143497757847533,0.9537100032836875,0.11850836637262582,0.12004898112293177,0.08968609865470852,4,0.004484304932735426,1,1,4.789088924773842,4.788809734842392,4.16671428845704,0.32989690721649484,3,0.2557077625570776,51,3.6897068564339865,0.09604848397754928
w3,dHsmoothed,100000,232,picked,66,0.3501,2.346,0.0377,0.005304720598649658,0.0024693278594501147,0.46549630909471346,0.0019675851042071485,0.002177659661704585,0.3980737412492186,0.045454545454545456,0.0,0.0,0.045454545454545456,0.10606060606060606,0.005304720598649658,0.03974177269800489,0.01084712964601884,0.8832617631670544,0.030964511598005357,0.033506483523820046,0.12051282051282051,0.938705020568386,0.13215136027431781,0.115038271902849,0.23076923076923078,1,0.046153846153846156,1,1,4.944172739924642,6.024708961052312,4.433319772410465,0.2857142857142857,2,0.14754098360655737,30,4.4019149073295445,0.0358926363477133
w3,dHsmoothed,100001,248,picked,143,0.4,2.666,0.0391,0.002797107165333159,0.0015201093817647368,0.5434576839259854,0.0004839539340257307,0.0006329055010764307,0.22310681679306354,0.17482517482517482,0.16783216783216784,0.14685314685314685,0.17482517482517482,0.2097902097902098,0.0033383998453418696,0.018434100407762014,0.002448763627526978,0.9465372350130274,0.014864775931962887,0.07489188312468847,0.04460093896713615,0.8172836613103405,0.06115233429089071,0.12143113526555604,0.176056338028169,2,0.07042253521126761,1,1,7.073726099332596,4.469000804263404,4.178765752744182,0.25510204081632654,2,0.10869565217391304,18,3.0665807686181776,0.05980986241962985
w3,dHsmoothed,100002,257,picked,101,0.4554,5.008,0.0631,0.004509120135342436,0.0024905290056677124,0.5523314817334256,0.0013252459631068907,0.001622316388197344,0.3526611098115205,0.13861386138613863,0.12871287128712872,0.10891089108910891,0.13861386138613863,0.16831683168316833,0.00515369691274522,0.03149413174193209,0.007315638660448819,0.9159404446408527,0.023869378238445357,0.05290935075627898,0.07833333333333332,0.8725539716077557,0.10815431267693944,0.18183290752787104,0.31,3,0.03,1,1,10.16396800419889,4.470739278150742,4.165580064229724,0.21666666666666667,2,0.0625,27,4.2003650189379025,0.04946068691019418
w3,dHsmoothed,100003,266,picked,165,0.4114,3.559,0.0347,0.0024935277466029185,0.0035154557118796267,1.4098322012534015,0.0011600834289497094,0.0016845702949699738,0.6673883069313034,0.15757575757575756,0.15757575757575756,0.09090909090909091,0.17575757575757575,0.42424242424242425,0.0029242003416712617,0.014015177131724732,0.005223280913292108,0.90209299428602,0.023261173678277944,0.07066356650138365,0.09959349593495935,0.9361747590246695,0.04214934650648225,0.1759704549278731,0.27439024390243905,3,0.06097560975609756,1,1,9.10450246443463,4.92675500570711,4.1331590012548105,0.23300970873786409,3,0.18125,25,3.773588371327782,0.052361761409852214
w3,dHsmoothed,100004,276,picked,147,0.4367,2.549,0.0256,0.0029705227034193893,0.0011714590201633013,0.3943612411427883,0.0005381034300088079,0.0006211394967492366,0.2062561644579165,0.0,0.0,0.0,0.02040816326530612,0.3129251700680272,0.0029705227034193893,0.02098292009525516,0.0028183737034990267,0.9544067714865726,0.010207697104842295,0.04448390130434756,0.07191780821917808,0.8263202012652616,0.06948466244377219,0.09017690953044073,0.1232876712328767,1,0.00684931506849315,1,1,4.423998134126739,23.390778725793847,2.2480320181680384,0.9444444444444444,1,0.056338028169014086,25,3.5839886322656365,0.03340500590090121
w3,dHsmoothed,100005,283,picked,109,0.3469,2.305,0.0531,0.0031821271624021545,0.001533852493473551,0.48202111832503314,0.0008159683008155035,0.0010452537446323025,0.3224493316811108,0.07339449541284404,0.06422018348623854,0.027522935779816515,0.09174311926605505,0.13761467889908258,0.003382960671333007,0.025845108901902107,0.004917500369717926,0.9258321763754287,0.021281306150314493,0.12199669707266043,0.07253086419753087,0.8830848894234492,0.08683052203821238,0.1097473329965249,0.2037037037037037,3,0.037037037037037035,1,1,3.2769974652046434,4.608645361523162,4.120228393121671,0.17857142857142858,3,0.07692307692307693,18,3.5631139170599972,0.06930857950361706
w3,dHsmoothed,100006,301,picked,170,0.5124,3.609,0.041,0.0030140047093590206,0.0014601427228962622,0.48445270120589373,0.0009970521785904061,0.0012750376417036428,0.41806079298663035,0.06470588235294118,0.058823529411764705,0.0,0.14705882352941177,0.2411764705882353,0.003178380579792697,0.020656638745966748,0.005745664231081829,0.9233196025287386,0.019682285391486688,0.04975952983362349,0.07790927021696253,0.884145921816793,0.06915304284122413,0.19633047057211872,0.3076923076923077,6,0.029585798816568046,1,1,6.328857139065121,6.733784270458976,3.901254855109374,0.22772277227722773,2,0.06060606060606061,40,4.623657434989224,0.03913491842071205
w3,dHsmoothed,100007,309,picked,100,0.5066,11.978,0.0729,0.005065637389188537,0.0019240451533137695,0.37982291377985544,0.0014365902502755667,0.0017563377217744783,0.33978171651459427,0.01,0.0,0.0,0.01,0.08,0.005065637389188537,0.035546420489153165,0.008093278978603066,0.9250947430648875,0.019105526094984702,0.038887730932335794,0.09764309764309764,0.8823983199833311,0.13039736710483948,0.2806741132309153,0.5252525252525253,3,0.020202020202020204,1,1,3.416210671580548,7.773883395920964,4.157930613543484,0.23684210526315788,1,0.07368421052631578,26,4.11375888086778,0.05337465495389165
w3,dHsmoothed,100008,320,picked,229,0.525,3.469,0.0282,0.0022927428525256754,0.0017081009709328135,0.7450032911676846,0.0006248521661758285,0.0007611178318298667,0.3290689637044065,0.3056768558951965,0.29694323144104806,0.20087336244541484,0.3537117903930131,0.4366812227074236,0.0031850054230566404,0.01728750650097102,0.00337179982824988,0.9280479747322312,0.019086790496209084,0.06328856732308936,0.07894736842105264,0.8814946021281421,0.056004469377735275,0.12674343794479837,0.15350877192982457,7,0.06578947368421052,1,1,9.182148600093711,4.549227630161233,4.201745413300116,0.1952662721893491,3,0.19196428571428573,33,3.6690498274869405,0.03827738104931768
w3,dHsmoothed,100009,329,picked,99,0.2712,2.537,0.0528,0.0027389592125732884,0.0013426630646389743,0.49020922198309214,0.0004678593614123928,0.00060620256414788,0.21685465229780423,0.1414141414141414,0.1414141414141414,0.050505050505050504,0.16161616161616163,0.23232323232323232,0.003147322540322202,0.018312045896858427,0.00259719955396674,0.9519006500677115,0.01606006867794406,0.039194280141322174,0.04931972789115646,0.8250432182084295,0.06463039215157904,0.09908329599122043,0.23469387755102042,2,0.01020408163265306,1,1,7.8272103522870555,5.295863878476483,4.203751102120301,0.2,1,0.10638297872340426,17,3.1033258476805115,0.034374769307723894
w3,dHsmoothed,101000,233,picked,71,0.3842,3.208,0.0435,0.005411751929380413,0.0024636907730336086,0.45524828284501107,0.0022377776116512173,0.0026918520475897774,0.48339710753285,0.11267605633802817,0.08450704225352113,0.056338028169014086,0.11267605633802817,0.14084507042253522,0.005890948403809411,0.036881253472305066,0.014735875222764767,0.8437651261005955,0.038063598468268796,0.05403975581336853,0.15476190476190477,0.9104825904532099,0.12854854346205422,0.13583779436146887,0.3,3,0.014285714285714285,1,1,9.190311703062795,4.414427345907519,4.082468095943312,0.37209302325581395,3,0.15151515151515152,24,4.100126788903671,0.03454317619276665
w3,dHsmoothed,101001,250,picked,252,1.294,5.959,0.083,0.005134940609004678,0.003157083793016054,0.6148238185033268,0.0020751563307901347,0.002580133642777749,0.4984782856409198,0.10317460317460317,0.06746031746031746,0.011904761904761904,0.10317460317460317,0.20238095238095238,0.005483001247376431,0.052209613372830345,0.01404444980692905,0.8722782757038234,0.031110100505191654,0.04602714735041202,0.12217795484727756,0.9118455875503766,0.1809393438392358,0.19550479794130912,0.10358565737051793,2,0.03187250996015936,1,1,5.075438938032009,4.376890180216423,3.8365219638741075,0.32751091703056767,8,0.15384615384615385,49,4.78531354740486,0.11690193478737454
w3,dHsmoothed,101002,258,picked,82,0.432,5.116,0.069,0.0052687501981598705,0.0029982728394143286,0.5690671841799382,0.00182036853353548,0.0021882687825720685,0.4051997709032898,0.13414634146341464,0.0975609756097561,0.04878048780487805,0.13414634146341464,0.14634146341463414,0.0058158991751209995,0.039425227066337935,0.010517927822570834,0.8896323649077335,0.03467825476768421,0.10536386502894117,0.10699588477366255,0.9547059310259293,0.1343934962179498,0.17699624243142237,0.35802469135802467,5,0.13580246913580246,1,1,8.644672292287447,4.385675817511944,4.136140186444798,0.4230769230769231,2,0.07792207792207792,28,4.34920684691806,0.05279280177803314
w3,dHsmoothed,101003,267,picked,164,0.6101,4.817,0.0949,0.003720186793921647,0.00207388185446591,0.5574671298372414,0.0011329745047192659,0.00138484481050886,0.3677117668919939,0.13414634146341464,0.0975609756097561,0.036585365853658534,0.15853658536585366,0.25,0.004094248352363021,0.030510311060934565,0.005825908240887456,0.904950163004437,0.027532706441565444,0.07826998933589786,0.09100204498977506,0.8898800983465442,0.0981480349162546,0.2402336688596154,0.31901840490797545,7,0.03067484662576687,1,1,12.04985978833963,4.367974607966249,4.1817098367361405,0.17,1,0.11949685534591195,34,4.183401477867768,0.07745389568805396
w3,dHsmoothed,101004,277,picked,78,0.289,2.945,0.0269,0.003705259994237399,0.0020554197274254005,0.5547302296254756,0.0011278615191904985,0.0014315468191374455,0.37644874924052224,0.16666666666666666,0.11538461538461539,0.01282051282051282,0.1794871794871795,0.23076923076923078,0.004150376444238849,0.025240975434761323,0.006695634323007797,0.8957042146953388,0.029941464305297105,0.049865789810911616,0.09307359307359309,0.9098653164479804,0.08550681594651852,0.0879242213351663,0.2077922077922078,2,0.012987012987012988,1,1,6.647758045228889,4.502354990134382,4.141363137324494,0.23076923076923078,1,0.1232876712328767,24,3.780102745982729,0.05112866796355601
w3,dHsmoothed,101005,284,picked,89,0.2353,2.845,0.0505,0.002643321742127774,0.0011610032075733223,0.4392212983648214,0.0004264967873525968,0.0005835372242372307,0.21579818267895992,0.07865168539325842,0.07865168539325842,0.011235955056179775,0.10112359550561797,0.3146067415730337,0.002842145846080678,0.018090872361380014,0.002293883459972535,0.9601561925759846,0.015033152395209507,0.05414081555250442,0.04545454545454545,0.8526644681061116,0.060884781941683425,0.09091208328665329,0.23863636363636365,2,0.011363636363636364,1,1,3.863692527363809,4.576772953879517,4.185432987037408,0.5666666666666667,1,0.05952380952380952,15,3.0813136300831183,0.041963063956768666
w3,dHsmoothed,101006,302,picked,162,0.6357,5.178,0.0532,0.003923826658921892,0.0018044967427817322,0.45988187033663064,0.0013381738542057157,0.001650800009788388,0.4155177851821662,0.09876543209876543,0.04938271604938271,0.012345679012345678,0.10493827160493827,0.19753086419753085,0.004111764619792456,0.025202802686226083,0.00689926886867792,0.9083559564634722,0.026719016953334326,0.06177627981571101,0.11076604554865425,0.9036740880075476,0.08310314386662006,0.23700648932486165,0.33540372670807456,5,0.006211180124223602,1,1,7.054454722883368,38.837807614481164,6.334249170331021,0.23333333333333334,2,0.10828025477707007,45,4.927391496893245,0.04846463272892785
w3,dHsmoothed,101007,311,picked,98,0.6323,3.241,0.0388,0.006452526092866305,0.002510298318610858,0.38904117278753186,0.0023695249841404176,0.002925639552719869,0.444156688686777,0.04081632653061224,0.0,0.0,0.02040816326530612,0.07142857142857142,0.006452526092866305,0.049599904818505465,0.013923531132000695,0.8734309409621618,0.03377906548948765,0.05880098901473702,0.14261168384879727,0.9201327507283038,0.1716698454569714,0.09433417936379256,0.17525773195876287,1,0.010309278350515464,1,1,3.5096384706473565,5.1036423263410935,3.724604638124805,0.24675324675324675,4,0.12903225806451613,32,4.346005319389223,0.05348233918207069
w3,dHsmoothed,101008,321,picked,121,0.3476,3.045,0.043,0.002873103391936939,0.004004579564595425,1.3938167264825396,0.001616949130257696,0.0022579992377608333,0.7729192560707477,0.2066115702479339,0.2066115702479339,0.11570247933884298,0.24793388429752067,0.4297520661157025,0.0035691048716097093,0.02081297396746569,0.007615667286249578,0.9042137928159212,0.021357867528378937,0.04635435759968185,0.08611111111111112,0.9193974239949035,0.06579516411117219,0.1629980562651892,0.21666666666666667,3,0.075,1,1,8.711562041185738,4.378724563872433,4.127737224873298,0.1038961038961039,1,0.2413793103448276,31,4.126301600288145,0.044373847419009266
w3,dHsmoothed,101009,330,picked,212,0.9797,6.197,0.0524,0.004621339756716307,0.003179795805744203,0.6880679571595937,0.0017430919493584974,0.0021369650961259906,0.45805008060117747,0.18396226415094338,0.1179245283018868,0.02830188679245283,0.2028301886792453,0.2971698113207547,0.00519657786312323,0.03907878515740067,0.008774837807095606,0.9097702770090432,0.023196675041266882,0.09372895567904228,0.10347551342812007,0.9338165764270829,0.13419581865868604,0.25105767533443096,0.1848341232227488,2,0.037914691943127965,1,1,6.7162801220069515,4.619703224600052,3.6466413657661296,0.28,8,0.1932367149758454,44,4.484377753221621,0.05398495348068266
w3,dHsmoothed,102000,235,picked,47,0.3392,2.43,0.0437,0.007217832163601792,0.0028016134726462183,0.3881516512359823,0.003183878608991385,0.003948285695865926,0.5237408480704586,0.0,0.0,0.0,0.0,0.02127659574468085,0.007217832163601792,0.046130467639592096,0.01904465519083616,0.8513459924481254,0.029962579401656888,0.02768877350246686,0.12318840579710144,0.9250733972133437,0.1636702502177325,0.12748658617005454,0.391304347826087,2,0.13043478260869565,1,1,7.688635875167747,6.036902966455534,4.631883856160003,0.4482758620689655,2,0.07142857142857142,21,3.913409534448547,0.0497012516644604
w3,dHsmoothed,102001,251,picked,130,0.3328,2.021,0.0262,0.002559616658484524,0.0008456805256518493,0.33039342936318933,0.0004090996145609889,0.00047509690379130064,0.1827569449141707,0.038461538461538464,0.038461538461538464,0.007692307692307693,0.06153846153846154,0.23846153846153847,0.002651613168818292,0.015255239331760446,0.002145970293653343,0.9413644565810019,0.016102589733443817,0.05093327658962802,0.07105943152454781,0.7651212837712219,0.05008150035216145,0.09284603109805012,0.1937984496124031,2,0.031007751937984496,1,1,8.26428213973063,4.545274138173763,4.285526167876826,0.2549019607843137,2,0.056,18,3.214776410357361,0.035598986141074096
w3,dHsmoothed,102002,259,picked,104,0.5853,3.92,0.0797,0.005627841264704398,0.0027958692247135055,0.4967924810260899,0.0013356185997635947,0.0016042008611085745,0.27956560438479855,0.09615384615384616,0.0673076923076923,0.038461538461538464,0.09615384615384616,0.09615384615384616,0.006018011007426455,0.03936707023814589,0.007117164117387123,0.9357300316975601,0.01694596678936582,0.058074309676947045,0.08414239482200647,0.8849460440857079,0.13099073743442466,0.22006195446583376,0.27184466019417475,2,0.06796116504854369,1,1,8.992999963067788,4.396375606399003,4.125279015302134,0.1527777777777778,1,0.06060606060606061,25,3.971905485287726,0.04909629132533174
w3,dHsmoothed,102003,269,picked,136,0.5524,4.241,0.0613,0.0040614096893807055,0.0022372517789251796,0.5508559712099179,0.0007948679012024716,0.0011170329109240638,0.27099111897757705,0.18382352941176472,0.16911764705882354,0.13970588235294118,0.18382352941176472,0.19852941176470587,0.00486063749182889,0.024963916847008022,0.004661156318983721,0.9452496953472163,0.011263541963308712,0.05182482677772909,0.05925925925925927,0.8621220581831885,0.08247394589743644,0.19536678221731182,0.28888888888888886,3,0.05925925925925926,1,1,8.539048339058215,4.380255807108976,4.199890506849738,0.2692307692307692,2,0.09923664122137404,22,3.7366750676380773,0.051207804803694544
w3,dHsmoothed,102005,287,picked,232,0.7637,22.075,0.0658,0.0032916340498535925,0.0015477874662219084,0.4702185731402165,0.0006616940976052222,0.0008319601456046385,0.2505710121149689,0.09913793103448276,0.07758620689655173,0.03879310344827586,0.10775862068965517,0.22413793103448276,0.0035502739154777813,0.023097730548416098,0.0035945813329070664,0.9541369361578608,0.011647418681900062,0.11204465015491273,0.049783549783549784,0.8869857900496589,0.07824864412234482,0.23944822531331797,0.21645021645021645,3,0.021645021645021644,1,1,8.136981751834357,4.533244736077935,3.642067164062526,0.37341772151898733,4,0.0881057268722467,37,3.8739253109944753,0.057222675750356465
w3,dHsmoothed,102006,304,picked,155,0.3782,2.287,0.0481,0.0024399169097093732,0.0015716257001347127,0.6441308283411644,0.0005448222848935925,0.0007314555344573051,0.2959188469310727,0.2,0.2,0.10967741935483871,0.24516129032258063,0.36129032258064514,0.0029950251409661378,0.019276811890147072,0.003208414689199009,0.9375839453108442,0.01782903733996882,0.04528580991079886,0.05411255411255411,0.8085065344079494,0.06544874132428136,0.12748636183406412,0.2077922077922078,4,0.006493506493506494,1,1,7.455376331790669,5.308974752020513,4.299432731475997,0.27380952380952384,1,0.14,31,3.8573864874959973,0.03595201704258287
w3,dHsmoothed,102007,315,picked,229,0.9044,5.293,0.0229,0.003949280121372179,0.0027448745536153216,0.6950316182336577,0.00190986361875855,0.002252870011053254,0.5654686985477183,0.15283842794759825,0.13537117903930132,0.017467248908296942,0.17903930131004367,0.29694323144104806,0.004514307230776647,0.041880624516161855,0.011880868269313574,0.8661340173758042,0.038776554275179224,0.0641539107784736,0.13230994152046785,0.9330945970406544,0.14079342540300172,0.1017443329067824,0.07017543859649122,2,0.0043859649122807015,1,1,3.0488337756406314,4.890005401406387,4.0994166095864015,0.25120772946859904,6,0.25892857142857145,49,4.8903379584248725,0.059817309827751027
w3,dHsmoothed,102008,325,picked,136,0.4369,2.644,0.0413,0.0032127429405284283,0.0016721764833422018,0.5204825018048795,0.0008118949896625312,0.0009318865666043668,0.2857939055150721,0.17647058823529413,0.17647058823529413,0.058823529411764705,0.18382352941176472,0.22794117647058823,0.003850913044873862,0.019022425760180456,0.004361319672031242,0.9044298942881698,0.022309311269198582,0.11582601667194585,0.06049382716049382,0.8399432473262191,0.06343047464689147,0.0855657823243441,0.1259259259259259,2,0.007407407407407408,1,1,5.234111713219615,4.624257222793099,4.160606524215846,0.13978494623655913,1,0.183206106870229,23,3.3770205047635535,0.04101755257249745
w3,dHsmoothed,102009,333,picked,157,0.4251,2.048,0.0505,0.002707393927209259,0.0017317390953429815,0.6396332199533418,0.0004148605170934813,0.0005418632697166455,0.1975924329033263,0.19745222929936307,0.19745222929936307,0.10828025477707007,0.22929936305732485,0.3248407643312102,0.0033240815471869203,0.020011614108506125,0.0021590980653906043,0.9581610298247952,0.01306188204904707,0.07784693238154165,0.039529914529914535,0.8692929025291765,0.06697091874572146,0.14798214258287792,0.25,3,0.11538461538461539,1,1,8.31421829812264,4.3398326579554745,4.045312982622806,0.11538461538461539,1,0.125,17,3.04036815971789,0.059824818959615444
w3,dHsmoothed,103000,242,picked,63,0.455,2.671,0.0474,0.00722157089649082,0.0025093580717530607,0.3474809162328426,0.002551606472434076,0.0026984018997811042,0.36179639926774243,0.06349206349206349,0.015873015873015872,0.0,0.047619047619047616,0.07936507936507936,0.00733418555023545,0.0491478592214394,0.014367937896438749,0.8704980280927425,0.03457445760439811,0.030016614554435526,0.10483870967741936,0.8941419506665679,0.17315068294313607,0.10596373583730652,0.27419354838709675,2,0.04838709677419355,1,1,5.276772913625207,4.558822218199074,4.009136476623253,0.3023255813953488,1,0.13793103448275862,24,3.8576123694733244,0.047116116282775115
w3,dHsmoothed,103001,252,picked,197,0.3863,3.517,0.059,0.001960677210186445,0.0012549009610420352,0.6400344506083712,0.00041939902736479396,0.0005561881061639659,0.28079151608724207,0.19289340101522842,0.19796954314720813,0.18274111675126903,0.2182741116751269,0.5025380710659898,0.0024316926534679933,0.01397694235742183,0.002077724465642494,0.9599284954815658,0.01423283148229839,0.0781253724571548,0.047619047619047616,0.8290948214021285,0.047865184631269514,0.12353840155283886,0.1836734693877551,2,0.01020408163265306,1,1,14.87471709794725,4.4526744834203145,4.235562635804604,0.1623931623931624,2,0.09375,24,3.8489066151927163,0.05431306920774268
w3,dHsmoothed,103002,262,picked,57,0.3125,2.405,0.0492,0.0054830079230605835,0.001546664096781769,0.28208314094837744,0.0012286705689113701,0.0014515637575403368,0.25544951156853885,0.0,0.0,0.0,0.0,0.03508771929824561,0.0054830079230605835,0.03677121916889782,0.006541156107057077,0.9208396330797443,0.019622728258911034,0.07186976073700004,0.07738095238095237,0.8510460033043343,0.1327140348638702,0.11617896631718877,0.30357142857142855,1,0.017857142857142856,1,1,9.837451340088599,4.81160594377279,4.133388488962048,0.2777777777777778,1,0.0,15,3.2884546022875707,0.03603314145484187
w3,dHsmoothed,103003,273,picked,110,0.3282,2.174,0.0351,0.002983408313086837,0.001542821144928699,0.5171337554303425,0.0006234945960198477,0.0007455630533957619,0.24535942945015604,0.18181818181818182,0.15454545454545454,0.08181818181818182,0.19090909090909092,0.20909090909090908,0.0034866472400174623,0.020617507883200145,0.0035001238470299153,0.9386604277888716,0.016265147069866395,0.0570648311222444,0.0581039755351682,0.9010012708008198,0.0734422951865727,0.10060123071955451,0.24770642201834864,2,0.009174311926605505,1,1,5.234641443308278,4.638716100434617,4.264232595515514,0.2923076923076923,1,0.09523809523809523,18,3.3787925628840028,0.034810999935974495
w3,dHsmoothed,103004,279,picked,249,0.3399,2.234,0.016,0.0013649004425441242,0.0007643322667400506,0.559991222008371,0.00022297338384780853,0.00027437866520732844,0.19941001704090894,0.1646586345381526,0.17670682730923695,0.1646586345381526,0.2891566265060241,0.7911646586345381,0.001650471682754906,0.00891945956836644,0.0012257146042899381,0.9592191100713339,0.011848278846863042,0.1417390891068993,0.03225806451612903,0.7155356029448503,0.03163278582036317,0.08404848245234019,0.125,3,0.004032258064516129,2,2,3.2887041975219886,5.1959740256242215,2.6194520055015773,0.0,0,0.028688524590163935,14,3.2690380893485176,0.0338861929243863
w3,dHsmoothed,103005,297,picked,98,0.3788,2.329,0.0345,0.0038654955432019084,0.00168287253510958,0.4353575153046497,0.0012281040689391819,0.0016028108110097737,0.4061834682636126,0.10204081632653061,0.05102040816326531,0.0,0.10204081632653061,0.16326530612244897,0.0040571092474660005,0.02342017050932947,0.006036024918021866,0.9171253328467822,0.025797715844874072,0.0732278177724101,0.06701030927835051,0.8993921534077485,0.07926460492879968,0.14802648682502756,0.29896907216494845,3,0.08247422680412371,1,1,7.527984762923905,7.950635850502966,5.143197194464868,0.36065573770491804,2,0.07526881720430108,33,4.233375169201402,0.040476830390213596
w3,dHsmoothed,103006,305,picked,111,0.3365,3.138,0.0535,0.0030311280127883725,0.001668709862044758,0.5505243773949656,0.000917943836601326,0.0010802931938318973,0.34997810951073055,0.13513513513513514,0.12612612612612611,0.036036036036036036,0.14414414414414414,0.2702702702702703,0.003427986869553085,0.02391415186057631,0.004368541996201808,0.937053054044266,0.017715434650626822,0.0397795228627773,0.06515151515151514,0.8897934538871677,0.0815877806304051,0.12947391971716118,0.2636363636363636,3,0.08181818181818182,1,1,6.4885972931056655,4.545739325100023,4.063483845911688,0.3684210526315789,2,0.14150943396226415,23,3.9138800737357657,0.04617620347456917
w3,dHsmoothed,103007,316,picked,187,0.5715,4.273,0.037,0.0030561434249261298,0.0029643898749858403,0.9699773416417761,0.0015191266588016727,0.0020510563476662763,0.6639478695897526,0.18716577540106952,0.21390374331550802,0.10695187165775401,0.3315508021390374,0.48663101604278075,0.003824493890758922,0.02827113060660121,0.008232129019637312,0.8834283382056141,0.026703742530986247,0.07584276684065226,0.08870967741935483,0.9171337151865829,0.09711198319812943,0.22878499560459695,0.27956989247311825,7,0.10752688172043011,1,1,7.476186081663102,4.630217070483746,4.203672472209235,0.1885245901639344,4,0.3241758241758242,39,4.17841702633383,0.047938487999770886
w3,dHsmoothed,103008,326,picked,86,0.2564,2.293,0.0309,0.0029813933423971277,0.001614556991621525,0.5415444412052567,0.0006129216463029526,0.0008110742850406418,0.2657187433471346,0.1744186046511628,0.1744186046511628,0.06976744186046512,0.19767441860465115,0.22093023255813954,0.003551245517154812,0.01837020701803254,0.003125833318620736,0.9406472580604385,0.01689099828370381,0.034230674434570806,0.06274509803921569,0.8032319091869775,0.06076246694242443,0.08299292051717903,0.2,2,0.011764705882352941,1,1,5.832477086568419,4.454449224244364,4.055964209778118,0.28,1,0.1111111111111111,13,2.963375102777829,0.04926728435863562
w3,dHsmoothed,103009,335,picked,75,0.3817,2.064,0.0318,0.005088773041358171,0.0025476155809579237,0.5006345459411522,0.0017880431682617518,0.002209049369437905,0.422526485024577,0.09333333333333334,0.05333333333333334,0.013333333333333334,0.09333333333333334,0.18666666666666668,0.0053622292805968665,0.039919291823075756,0.01129168122519946,0.8665884858416675,0.03265114282801486,0.06397176419258958,0.11036036036036036,0.8738733003910155,0.1423939570375822,0.11477988860224375,0.25675675675675674,2,0.06756756756756757,1,1,7.416160331520593,4.518258069682794,4.083216932631251,0.3018867924528302,3,0.18571428571428572,27,4.15797211163598,0.05479984293157774
w3,dHsmoothed,104000,243,picked,49,0.2897,2.75,0.0517,0.005911783658483342,0.002460007389473959,0.4161193189036741,0.0017901814493347789,0.0019200353290301914,0.3115246846774261,0.08163265306122448,0.061224489795918366,0.0,0.08163265306122448,0.08163265306122448,0.006278875334569756,0.04805415016438775,0.008893763159505715,0.9115144219834885,0.030409774868045292,0.03987996618379968,0.09375,0.873281437483478,0.17059233538223617,0.10080234191618095,0.3541666666666667,2,0.0625,1,1,4.196196000802531,6.605927502180767,4.194512255139648,0.3448275862068966,1,0.09090909090909091,21,3.815101487637983,0.03887513525099239
w3,dHsmoothed,104001,254,picked,137,0.6444,5.335,0.0673,0.004703336468031938,0.002582284816354769,0.5490325503833876,0.001552205964562757,0.0019458726428786466,0.4076820265816431,0.043795620437956206,0.014598540145985401,0.0,0.043795620437956206,0.21897810218978103,0.004768191240208619,0.03779728774221908,0.009538896785693807,0.9148919959619422,0.022288044706102194,0.039068219897119665,0.1053921568627451,0.921472961417863,0.12481683475641699,0.2613417181427602,0.27941176470588236,1,0.022058823529411766,1,1,5.746981817470635,5.602325692444025,4.626710005533406,0.18556701030927836,3,0.19696969696969696,34,4.5746511805146195,0.0630448123894944
w3,dHsmoothed,104002,263,picked,108,0.7296,4.499,0.0695,0.006755598382400318,0.002459399703642442,0.3640535692662947,0.0018064272474612893,0.002086356801289129,0.3031146092939657,0.009259259259259259,0.0,0.0,0.0,0.046296296296296294,0.006755598382400318,0.044401971948154324,0.010580105161046136,0.9029865240788184,0.019747171135056328,0.053812253052918924,0.1043613707165109,0.8494917712622468,0.1485413828510597,0.19427593054002137,0.22429906542056074,2,0.018691588785046728,1,1,9.64171466873848,4.374202080797137,4.117040701223005,0.15,1,0.04854368932038835,32,4.306648415987985,0.06891276181951174
w3,dHsmoothed,104003,274,picked,122,0.5411,4.501,0.0233,0.0044353201432214915,0.002549832175225038,0.5748924751513037,0.0017199911431847465,0.002056397509171294,0.4560406034468538,0.10655737704918032,0.040983606557377046,0.0,0.10655737704918032,0.2540983606557377,0.00460784315206946,0.04707438812776998,0.010155275206385862,0.9095125541035722,0.024473176079697633,0.06288244001006912,0.09917355371900827,0.9135767268230343,0.16528485433648854,0.0887655689365416,0.09917355371900827,1,0.008264462809917356,1,1,4.093848947158198,16.52026001015324,6.066509269484589,0.27358490566037735,4,0.2564102564102564,35,4.492848225405725,0.05553502517377027
w3,dHsmoothed,104004,280,picked,63,0.3065,3.459,0.032,0.00486499164163503,0.004191473129770378,0.861558135865924,0.0022669726757272583,0.003430524658456588,0.6827594697834565,0.12698412698412698,0.09523809523809523,0.047619047619047616,0.12698412698412698,0.15873015873015872,0.005349680394495999,0.03854964581827937,0.01076405429516846,0.9195066397562348,0.025111688367846472,0.042464645324007184,0.07795698924731183,0.8144792296101167,0.1370014517085146,0.12189098593584019,0.3548387096774194,3,0.06451612903225806,1,1,5.422364959261785,4.645770756133321,4.084901339669263,0.43243243243243246,2,0.15517241379310345,22,3.9457575870410677,0.04721674059706618
w3,dHsmoothed,104005,298,picked,92,0.3618,3.234,0.066,0.003932831559107337,0.0022005302217453157,0.5595282148937967,0.00090774444137754,0.001128267679206236,0.2806476973077245,0.1956521739130435,0.18478260869565216,0.06521739130434782,0.1956521739130435,0.21739130434782608,0.004767422809792537,0.02642080074563426,0.004948804661471259,0.9261445600464052,0.021373331813593275,0.0660744121004515,0.07326007326007326,0.8971502345050848,0.09032495389953342,0.11896834301790266,0.23076923076923078,3,0.01098901098901099,1,1,7.193625767658919,4.4319927753077435,4.025228744950819,0.26785714285714285,1,0.11494252873563218,21,3.650717424301865,0.04192449011503635
w3,dHsmoothed,104006,306,picked,171,0.769,3.931,0.0433,0.004497208277550325,0.0024821497126615347,0.5519312336616056,0.0015949754626893781,0.0019325231968749534,0.42469026749758215,0.0935672514619883,0.06432748538011696,0.011695906432748537,0.11695906432748537,0.21052631578947367,0.004787397665326454,0.036307675244265245,0.00940856161365312,0.8969824847187592,0.02563126328068958,0.07383088175368867,0.10294117647058824,0.9069595572656587,0.12225842158008368,0.11934051071350059,0.11764705882352941,3,0.029411764705882353,1,1,4.650635096164233,4.256138670552947,3.90493888324814,0.30714285714285716,5,0.19879518072289157,39,4.403265678407909,0.06549760334914964
w3,dHsmoothed,104007,317,picked,114,0.3651,2.829,0.021,0.0032028575422840652,0.0019328594040499288,0.6034796673071953,0.0015132096860255985,0.0018940254460406316,0.5809802355793917,0.12280701754385964,0.12280701754385964,0.043859649122807015,0.14912280701754385,0.2631578947368421,0.003614062648956091,0.032057309183643065,0.009023140870320683,0.8727230754205543,0.030284770167657734,0.037555534026292935,0.09144542772861358,0.9325960653298117,0.11306423003885639,0.09804345193068052,0.22123893805309736,4,0.02654867256637168,1,1,11.868301525743004,4.373232807359889,4.14811187851049,0.3291139240506329,3,0.21100917431192662,37,4.484050318586464,0.0460216098179504
w3,dHsmoothed,104008,327,picked,132,0.7112,3.797,0.0705,0.005387944417877063,0.004407823505083676,0.8180900104423181,0.0018390929526000935,0.0026073619761130965,0.47659298100894504,0.030303030303030304,0.015151515151515152,0.007575757575757576,0.030303030303030304,0.045454545454545456,0.005467333263265652,0.032267800699126,0.008169227774865187,0.9321223851771405,0.017708759098275902,0.06617639178244582,0.08778625954198473,0.859767941754655,0.1045808828716643,0.13416625512744235,0.19083969465648856,1,0.07633587786259542,1,1,5.530481665961202,4.353929606350269,3.7141593580999968,0.29464285714285715,4,0.03937007874015748,36,4.399304709455143,0.0974124623160651
w3,dHsmoothed,105000,247,picked,126,0.4879,2.236,0.0398,0.0038724211819503003,0.0018972885267222392,0.4899489073052461,0.0007959581729403795,0.0009518241243942191,0.24189409182180543,0.14285714285714285,0.1349206349206349,0.07142857142857142,0.14285714285714285,0.18253968253968253,0.004444550288407042,0.024520812175362602,0.004148886063158055,0.938630711338191,0.01428827327102334,0.041508230312027106,0.064,0.8901983314737231,0.08243147814805564,0.08557954377873142,0.12,2,0.008,1,1,8.237795755080372,4.3258076202028635,3.9583164042942296,0.1978021978021978,1,0.05785123966942149,23,3.4193704814399575,0.06778994470616882
w3,dHsmoothed,105001,256,picked,148,0.8463,3.341,0.05,0.0057184047062906005,0.004112856719319149,0.7192314868506511,0.001901976353180433,0.002220592110424302,0.38307608877740035,0.14189189189189189,0.08783783783783784,0.02702702702702703,0.14189189189189189,0.24324324324324326,0.006242054489488962,0.04428304315456977,0.00966961071610588,0.9231602688426253,0.013179271455592523,0.055626410615199455,0.08616780045351474,0.8793612015428592,0.15074995284672504,0.10399378224382547,0.10884353741496598,2,0.006802721088435374,1,1,10.650753786962646,4.5980714589705345,3.845500947411328,0.2605042016806723,2,0.09090909090909091,44,4.929213186654527,0.07878907198033173
w3,dHsmoothed,105002,265,picked,199,0.4391,2.61,0.0459,0.0022067267856692233,0.0007148152788603869,0.32392559128864173,0.0004241661039452853,0.0005346489983531793,0.23984647534212072,0.010050251256281407,0.020100502512562814,0.005025125628140704,0.05527638190954774,0.36180904522613067,0.0022453868223021927,0.013865325429203825,0.001968298662999365,0.9458826690636121,0.012488621620838686,0.07188132818592778,0.05976430976430977,0.779611213135225,0.047135154274071125,0.12865211182394484,0.19696969696969696,5,0.010101010101010102,3,2,6.249890943187433,4.722249676570976,4.1109153266054514,0.19594594594594594,1,0.06701030927835051,24,3.5104405443146884,0.04402356155202028
w3,dHsmoothed,105003,275,picked,105,0.4881,2.427,0.0339,0.0046484615088774345,0.0017960743720520612,0.386380390290851,0.001460984114453079,0.0017479432168453649,0.36886377504889745,0.0380952380952381,0.009523809523809525,0.0,0.0380952380952381,0.10476190476190476,0.004690816362394172,0.037825838421142524,0.009516980130554858,0.8802998996249277,0.027667974545708834,0.03598996318407674,0.11698717948717947,0.8666823892010697,0.1294757875897054,0.13058959220765493,0.25,3,0.038461538461538464,1,1,8.667355798573388,4.531396646507371,4.1070296356362395,0.25333333333333335,3,0.1,32,4.193010580091652,0.0586205067964414
w3,dHsmoothed,105004,281,picked,125,0.4664,2.369,0.0324,0.0037312713428354913,0.0017540216037874282,0.47008685314601134,0.0007344612474375857,0.0008084711232357563,0.2132076475197957,0.112,0.112,0.104,0.112,0.144,0.00419745092553528,0.03180626721471803,0.005128035433875075,0.9349635288214054,0.01641386021143537,0.03458876492122533,0.07123655913978495,0.7052678412120409,0.11008599437787779,0.08450033856504838,0.1532258064516129,1,0.008064516129032258,2,2,5.187684497043018,5.336525262230544,0.7466217009438859,0.0,0,0.025,21,3.718685414539593,0.07161021914571909
w3,dHsmoothed,105005,299,picked,200,1.1256,5.099,0.0725,0.005628080225069183,0.003179595129930799,0.5649519912256962,0.002396573542409586,0.0027826285481505073,0.4894745903582316,0.1,0.075,0.03,0.095,0.175,0.006063943270536116,0.05568062647272108,0.015912642700633643,0.8692788106280563,0.0327314331422237,0.05997660045794187,0.12646566164154105,0.9173286543828506,0.19403466332703842,0.16564765851948537,0.10050251256281408,1,0.04522613065326633,1,1,2.29257085240197,27.47039514747467,18.33004904044142,0.266304347826087,5,0.20512820512820512,56,5.185790661630316,0.1157345733398597
w3,dHsmoothed,105006,308,picked,92,0.5379,6.623,0.0659,0.00584647244190878,0.003256867132408101,0.5570653355110635,0.002187252162382705,0.0031951658758374926,0.5346310581567373,0.07608695652173914,0.06521739130434782,0.043478260869565216,0.07608695652173914,0.08695652173913043,0.006240718695918713,0.038034800796998454,0.010729188825731383,0.9190324551570805,0.017861726576837784,0.10604288159780555,0.07875457875457875,0.8770921225809443,0.13652729022125154,0.26555403673654515,0.5054945054945055,3,0.04395604395604396,1,1,5.2733147589037515,5.256264083365895,4.272716230066846,0.2727272727272727,1,0.05747126436781609,25,4.005968094560834,0.05184372127467298
w3,dHsmoothed,105008,328,picked,239,0.8324,5.456,0.0484,0.0034830355005680143,0.0024807327474779942,0.7122329781230871,0.0012478790685476714,0.0016039529133946202,0.4566507326793388,0.12133891213389121,0.100418410041841,0.04602510460251046,0.19665271966527198,0.39330543933054396,0.003847367287494763,0.03369500546119572,0.008443485424950334,0.8921443432313075,0.02881958582259302,0.0530551174751098,0.09803921568627451,0.9123353116332328,0.11620661082760499,0.10980140024965755,0.07983193277310924,2,0.004201680672268907,1,1,3.135358933108011,4.8667388841707275,4.150141196249075,0.28502415458937197,10,0.20085470085470086,41,4.615073696662607,0.09210038575310642
w3,dDPnoised,100000,232,picked,106,0.5202,3.377,0.0405,0.004907104526140142,0.004010214592159784,0.817226242236613,0.004779902430550329,0.007441800193428503,1.4879220179903851,0.08490566037735849,0.03773584905660377,0.009433962264150943,0.12264150943396226,0.29245283018867924,0.005086236190943424,0.031228723440297763,0.03076077848465553,0.5301534035654364,0.15952839306817582,0.27419589869085753,0.5,0.9771411003700137,0.11804672591033122,0.2641245587816585,0.6285714285714286,2,0.06666666666666667,1,1,7.511349183833744,5.083189390101411,4.335407014008713,0.2926829268292683,1,0.3564356435643564,50,5.409142624923379,0.04126050121552096
w3,dDPnoised,100001,248,picked,143,0.6128,3.871,0.0747,0.0042851638016745955,0.005207155112778544,1.2151589422891242,0.003001994521305705,0.0043675179753005396,1.0049636389934293,0.09090909090909091,0.1888111888111888,0.03496503496503497,0.35664335664335667,0.5314685314685315,0.005204447923672174,0.02365344887232943,0.018073880921395467,0.7405346632181767,0.09418897617256851,0.3186739767104426,0.5035211267605634,0.9626582104917875,0.08769249839253403,0.23846238636825465,0.44366197183098594,12,0.07746478873239436,1,1,7.480388156822497,4.771937659458742,4.185407335872713,0.3673469387755102,3,0.37681159420289856,58,5.00383303348613,0.06695228255727592
w3,dDPnoised,100002,257,picked,81,0.486,4.911,0.0768,0.005999467522999176,0.005206056191580631,0.8677530416862874,0.00410500944252448,0.005719076973215078,0.929726709031378,0.2839506172839506,0.18518518518518517,0.07407407407407407,0.2839506172839506,0.35802469135802467,0.007307517504080806,0.04125596453813215,0.0253049426782933,0.7690641075799839,0.054424377277273006,0.13239797894659452,0.32916666666666666,0.9509600631011603,0.14826168859408165,0.18858241116900815,0.4,4,0.0875,1,1,10.320460065365555,4.657493986799402,4.160576323377603,0.12195121951219512,1,0.3157894736842105,41,4.778042369428951,0.047065054589885365
w3,dDPnoised,100003,266,picked,147,0.4982,4.47,0.0428,0.0033891169657944125,0.0050413246997018215,1.4875038986800297,0.0033691386955129634,0.005451443868326885,1.5866299741990368,0.17006802721088435,0.20408163265306123,0.05442176870748299,0.35374149659863946,0.4421768707482993,0.004183507802723594,0.018445130931139767,0.018477971359351517,0.5841509705630862,0.19340130839671088,0.33642247932987185,0.5114155251141552,0.9882071674345327,0.06544736238030713,0.24888007473039914,0.3835616438356164,7,0.11643835616438356,1,1,9.410748827588657,4.6859715923871645,3.8456423100932806,0.2948717948717949,3,0.44366197183098594,49,4.800532195372514,0.05095952553030384
w3,dDPnoised,100004,276,picked,137,0.4985,2.889,0.0385,0.0036385016641413007,0.004000200723510511,1.0994087931672205,0.0027078443189614792,0.003994687655275533,1.0818659466240257,0.06569343065693431,0.2846715328467153,0.043795620437956206,0.46715328467153283,0.5474452554744526,0.004958120650563859,0.025198285327813024,0.01860823014406061,0.7620898455142829,0.0812439341769076,0.226840280489501,0.4950980392156863,0.9611000883791956,0.09031444895528755,0.12179105122777692,0.15441176470588236,4,0.007352941176470588,1,2,4.4120240805668836,4.611143196132637,1.1331186421584185,0.47058823529411764,1,0.3181818181818182,43,4.283206578819634,0.04964326049249721
w3,dDPnoised,100005,283,picked,136,0.4147,2.791,0.0607,0.003049317374044561,0.003600413074607944,1.1807275638981518,0.0027081018819507256,0.004150087814262464,1.3409745885807522,0.08088235294117647,0.3602941176470588,0.08823529411764706,0.5147058823529411,0.5882352941176471,0.004619957239700889,0.022345198052151256,0.01651580234786882,0.7032985215161224,0.10345886302118425,0.360713195486881,0.4222222222222222,0.9758887547303882,0.07972183655856854,0.1215455039722563,0.15555555555555556,4,0.022222222222222223,1,1,3.439022305146602,4.9492915768191645,4.1037563896015765,0.08737864077669903,2,0.3969465648854962,42,3.9944169550094717,0.05465435200286794
w3,dDPnoised,100006,301,picked,143,0.5976,4.636,0.0604,0.004178731522192146,0.004219203467903849,1.009685222775564,0.003445306914603358,0.004824028878109281,1.1382784267164012,0.17482517482517482,0.17482517482517482,0.027972027972027972,0.2937062937062937,0.46153846153846156,0.0049939410623960285,0.027079315238382896,0.0238407929465217,0.6599639359878887,0.106253649547305,0.2864476205341783,0.5011737089201878,0.974061197472726,0.10248425131987146,0.20731625575238918,0.30985915492957744,8,0.035211267605633804,1,1,6.314764380281181,6.670806395643648,3.1041027181815237,0.2222222222222222,2,0.2463768115942029,54,5.032260314943485,0.03749523964044387
w3,dDPnoised,100007,309,picked,98,0.5553,12.781,0.0841,0.005666657041526924,0.005500288958141846,0.9706408765933983,0.004100798142945929,0.005854719406170629,1.0121020726377927,0.19387755102040816,0.17346938775510204,0.030612244897959183,0.2755102040816326,0.40816326530612246,0.006791159247523016,0.03787623281475862,0.02682330583493139,0.7550612860819051,0.06795297560002296,0.15755822959238588,0.345360824742268,0.9512382340647227,0.14566436591821974,0.30880242609098285,0.422680412371134,5,0.010309278350515464,1,1,2.944066767292684,13.460908591334588,3.8559867601980002,0.13513513513513514,1,0.24731182795698925,47,4.865400860876045,0.03637547675914574
w3,dDPnoised,100008,320,picked,186,0.8899,6.614,0.0568,0.004784318586495566,0.00494741966036058,1.034090763588652,0.003906858792251803,0.005875531861577294,1.2148760569647399,0.3279569892473118,0.26881720430107525,0.08602150537634409,0.3870967741935484,0.44086021505376344,0.0064440900404369155,0.04248222433422453,0.027972797846431637,0.711197392519053,0.07810264904472224,0.29456989599285544,0.31351351351351353,0.9690165397148363,0.15319459317239523,0.13072964817216268,0.15675675675675677,3,0.005405405405405406,1,1,3.599563344309643,4.855690590472363,3.7718261749618267,0.32,4,0.3812154696132597,60,4.7286648461076695,0.08840237616739284
w3,dDPnoised,100009,329,picked,79,0.3014,2.821,0.0573,0.003814758380627239,0.00497442591039683,1.303995014640721,0.0028472728340786977,0.003957064971101348,1.011043354845268,0.05063291139240506,0.31645569620253167,0.0759493670886076,0.5316455696202531,0.6075949367088608,0.005443033495121807,0.0248683047419426,0.016680220837796533,0.7916907592156975,0.053665255805487276,0.2981199164141532,0.4123931623931623,0.9275668624843018,0.09102586145612965,0.11017393055472302,0.20512820512820512,3,0.02564102564102564,1,1,6.4737341469104965,5.167350561954863,4.132699202758714,0.1,1,0.40540540540540543,32,3.8643314713089705,0.027759995889262746
w3,dDPnoised,101000,233,picked,79,0.5298,7.915,0.0677,0.00670624459519572,0.004813495882932966,0.7177632450777746,0.005138209114715277,0.006960601464548625,1.0116516941259068,0.20253164556962025,0.10126582278481013,0.012658227848101266,0.16455696202531644,0.22784810126582278,0.00741700192311318,0.04162905187207885,0.03203324910576435,0.689303400587104,0.08854097171692005,0.13113153831640387,0.35683760683760685,0.9783567323245864,0.15271454417482727,0.2491805897359928,0.47435897435897434,3,0.01282051282051282,1,1,9.330896809818434,5.158398056275222,4.338825048973135,0.3939393939393939,3,0.22972972972972974,39,4.965190799292872,0.048627435728479995
w3,dDPnoised,101001,250,picked,135,0.4918,2.352,0.0704,0.0036429504580140367,0.004885387861390841,1.341052511610087,0.0023929378754432465,0.003653928058676926,0.9881539243065658,0.037037037037037035,0.4,0.0962962962962963,0.6074074074074074,0.6444444444444445,0.005887007423189805,0.025477822427074654,0.015235430594826316,0.7966969020865539,0.08006131077129204,0.2928287095208484,0.4751243781094528,0.9983664564493797,0.09124795356592923,0.14363704808726332,0.19402985074626866,4,0.007462686567164179,1,1,8.336358649335235,4.570736657726827,4.044953656318513,0.09859154929577464,1,0.4076923076923077,38,3.6100299780644898,0.0421083371581305
w3,dDPnoised,101002,258,picked,73,0.4479,5.334,0.0773,0.006135505895416165,0.005404853829862439,0.8809141286785175,0.004169901101688555,0.005920639705482343,0.9385420691690556,0.2876712328767123,0.1917808219178082,0.0273972602739726,0.273972602739726,0.410958904109589,0.00751446451959645,0.04667281737887605,0.02752308900596374,0.7789384784578824,0.05388355907221642,0.15589770246414278,0.34259259259259256,0.9762186062055352,0.16311495961271494,0.19644751903753244,0.4166666666666667,7,0.1388888888888889,1,1,9.030204443768882,4.78838776419988,4.227065615065635,0.3,2,0.22058823529411764,39,4.741567375141781,0.04213816904155845
w3,dDPnoised,101003,267,picked,78,0.5356,3.396,0.0682,0.006866777053769801,0.006646676289878669,0.9679470059727221,0.0045916607516322755,0.006482210624185564,0.919791052760751,0.3717948717948718,0.15384615384615385,0.038461538461538464,0.3717948717948718,0.4358974358974359,0.008062347030937578,0.04572820699444542,0.027382935258102606,0.7826405220551337,0.07244598598087403,0.11723118882271,0.3658008658008658,0.9427699436783483,0.16217844332826503,0.2000946175626486,0.33766233766233766,4,0.05194805194805195,1,1,12.402746419987947,4.437207056177836,3.9706150534995874,0.358974358974359,1,0.2054794520547945,38,4.658683835892742,0.06146855848528058
w3,dDPnoised,101004,277,picked,72,0.3299,3.481,0.0385,0.0045813026445545,0.004262326496948109,0.9303743558645842,0.0038852866772958895,0.005811045934287069,1.2331924847583107,0.125,0.08333333333333333,0.0,0.3194444444444444,0.4305555555555556,0.004966341321673911,0.030050649237221144,0.023189294537341535,0.7191179386697208,0.08566108325872444,0.16847926580356068,0.46244131455399057,0.9881997291245727,0.10764660953686365,0.10683342757993447,0.23943661971830985,4,0.014084507042253521,1,1,7.138976332782381,4.501849248378542,3.8459037908754237,0.3902439024390244,1,0.3582089552238806,39,4.882661969663134,0.053340171263294545
w3,dDPnoised,101005,284,picked,88,0.308,3.627,0.0669,0.003500093584673285,0.003953224504516326,1.1294625154673796,0.0028190672335502726,0.004424773009356958,1.235455533347023,0.1590909090909091,0.25,0.045454545454545456,0.4318181818181818,0.5454545454545454,0.004572330805447621,0.020937137841316258,0.016614432394514222,0.7316371579990179,0.11046477361961021,0.38877586886780624,0.4865900383141762,0.9798695652789915,0.0777120958322705,0.12489781237862585,0.27586206896551724,4,0.011494252873563218,1,1,4.386748752535282,4.727704616225896,3.7446506829238455,0.20408163265306123,1,0.25301204819277107,43,4.449538433136123,0.04365602826724019
w3,dDPnoised,101006,302,picked,160,0.7187,5.833,0.0626,0.004492137522033593,0.004911469574105146,1.093347999702761,0.0033991653038713526,0.004876841922404311,1.072069003843432,0.08125,0.20625,0.04375,0.4,0.5375,0.0055812298260239975,0.027547065324859035,0.021436834085105404,0.7524448653061205,0.07653889159774331,0.20642308845063162,0.4643605870020964,0.9392409348027037,0.09747233966014998,0.2804286341343419,0.2830188679245283,5,0.006289308176100629,1,1,5.729039848685247,15.834072408906545,4.368693996355731,0.1375,2,0.34838709677419355,55,4.7369901029720785,0.05421583698563757
w3,dDPnoised,101007,311,picked,138,0.6613,5.011,0.113,0.004792055904966478,0.003972934655477601,0.8290668419289638,0.0036771356580508324,0.005798905739252663,1.1925703164620234,0.2246376811594203,0.13768115942028986,0.036231884057971016,0.2463768115942029,0.34782608695652173,0.005514373376278167,0.03799793276504753,0.024690579809962556,0.7198412680418583,0.10539270816871203,0.33209433953159534,0.38321167883211676,0.9833893744391001,0.12943571107163276,0.24830976182856818,0.32116788321167883,2,0.0072992700729927005,1,1,9.874659113934262,4.3502561141765055,3.801321742725567,0.18840579710144928,1,0.2706766917293233,49,5.024604305379715,0.07507156104794198
w3,dDPnoised,101009,330,picked,231,1.2635,7.968,0.0786,0.005469863946459343,0.005151540710906818,0.9418041767275442,0.00425312017485553,0.006130963281242873,1.1111576828169862,0.22077922077922077,0.11688311688311688,0.030303030303030304,0.2554112554112554,0.3722943722943723,0.006155003453161926,0.04260918089575382,0.027021757178437283,0.756420676246822,0.07773264606568737,0.20052256607232444,0.3710144927536232,0.98385457155491,0.15394900772322193,0.2868724477413663,0.20869565217391303,4,0.06086956521739131,1,1,7.62019905400139,4.2679246333287235,2.901485114121276,0.35714285714285715,8,0.2831858407079646,71,5.541345003042612,0.07092974936944528
w3,dDPnoised,102000,235,picked,73,0.4345,4.24,0.0735,0.005952681230351293,0.005464080725498435,0.9179192558873133,0.0039757690718270535,0.005464400384734238,0.8928230119318576,0.3287671232876712,0.2191780821917808,0.0410958904109589,0.3150684931506849,0.3972602739726027,0.007537842129522697,0.03554734853667149,0.027015324193873178,0.6560351293853929,0.08849796061378555,0.1860671792445547,0.34259259259259256,0.9327701380088685,0.13176434799990527,0.20252519338528288,0.4583333333333333,4,0.1111111111111111,1,1,10.673609816003617,5.214860963768752,4.424997114706122,0.5769230769230769,2,0.17647058823529413,36,4.559773621076033,0.061742847883364045
w3,dDPnoised,102001,251,picked,142,0.3994,2.498,0.0555,0.0028124437347516783,0.004526181959415915,1.6093413366776383,0.0022302322707330505,0.003263535668933502,1.1440479103863226,0.007042253521126761,0.5211267605633803,0.1056338028169014,0.6408450704225352,0.7253521126760564,0.0055537170981892914,0.016047872617172308,0.013237894562949378,0.6912967599386052,0.08542144359705661,0.3754231649860011,0.4952718676122931,0.9625871248441884,0.05752740785992757,0.16212435537216208,0.2553191489361702,6,0.03546099290780142,1,1,8.240292810285506,4.685915210394562,4.229242748571354,0.22388059701492538,2,0.35766423357664234,40,3.222371802346401,0.035199975028850916
w3,dDPnoised,102002,259,picked,97,0.6338,4.605,0.0969,0.006534256564029353,0.005985248324491514,0.9159799995365818,0.004161222367308863,0.005977753098494754,0.8959703984562392,0.35051546391752575,0.21649484536082475,0.020618556701030927,0.32989690721649484,0.422680412371134,0.008246977798107432,0.044485861913260864,0.02661058331954327,0.7827591850499506,0.06182563380563394,0.11420376161655516,0.34548611111111116,0.9812308038589954,0.1536846405407854,0.2561882191294079,0.4270833333333333,4,0.11458333333333333,1,1,9.163388329441567,4.636700268504832,4.0278568005462825,0.17307692307692307,1,0.2391304347826087,38,4.638552694283016,0.02532507353754301
w3,dDPnoised,102003,269,picked,128,0.6126,4.475,0.0881,0.004786168522321424,0.005960844525060656,1.2454313919914968,0.0027790583719548728,0.0036656579409468765,0.753918717820119,0.1171875,0.3359375,0.1171875,0.5,0.578125,0.007063000735411187,0.02915643883007328,0.01681919279473054,0.8169733939133553,0.052081847910078825,0.27291944457620176,0.4028871391076116,0.9722861438989686,0.10334511727273821,0.25978399303763167,0.3228346456692913,6,0.10236220472440945,1,1,6.715172923095867,4.811829075971714,4.182625615979236,0.15492957746478872,2,0.3252032520325203,44,4.014083571451921,0.061044092224860624
w3,dDPnoised,102005,287,picked,216,0.8609,23.636,0.0976,0.00398567952142441,0.004664026623293135,1.170196097860446,0.0028332733611478376,0.004041867815460929,1.0047077523269619,0.12037037037037036,0.23148148148148148,0.06481481481481481,0.4351851851851852,0.5370370370370371,0.005100012323960426,0.02677349734848247,0.01675853253373922,0.800032785171342,0.059235461339502186,0.3135955657698795,0.3984496124031008,0.9374139673426108,0.09656330575402265,0.2895614381265107,0.23255813953488372,6,0.018604651162790697,1,1,8.63684269153366,4.908655689940231,3.425980286639503,0.3523809523809524,3,0.1943127962085308,58,4.668893364060162,0.061054534397582766
w3,dDPnoised,102006,304,picked,235,0.9755,5.943,0.0515,0.004150864083530662,0.00467152346239139,1.125433974320321,0.003773378271720393,0.006095534301262126,1.4559998332807773,0.251063829787234,0.3191489361702128,0.1148936170212766,0.425531914893617,0.5063829787234042,0.0059750990565652345,0.03869533503120342,0.03026865369274087,0.6013632645997765,0.1545706633629193,0.36377543422884134,0.32834757834757833,0.982123684607274,0.14352639559697664,0.12890059728817366,0.12393162393162394,3,0.008547008547008548,1,1,2.9621962006544944,5.444652656802131,3.757629577830021,0.3246753246753247,7,0.3739130434782609,59,4.557846478165357,0.07728765775323658
w3,dDPnoised,102007,315,picked,200,0.9507,5.517,0.0405,0.004753462435526036,0.004691380570660731,0.986939653840257,0.004033331999642968,0.005852894827824673,1.2189779467364614,0.26,0.19,0.07,0.315,0.405,0.0058054425413347896,0.04477738576568969,0.025995801513077243,0.720002050802519,0.09083221811637159,0.22994042397507178,0.32412060301507534,0.9920085288287921,0.15615370013286034,0.128937859897015,0.1407035175879397,3,0.005025125628140704,1,1,4.5239211722165855,4.840429483626251,4.20874612756564,0.2,4,0.441025641025641,58,5.059873734065709,0.05696966109032351
w3,dDPnoised,102008,325,picked,121,0.514,3.018,0.0539,0.00424811247340466,0.004445684408067469,1.0465081694281189,0.0036301821711848233,0.005502017384409336,1.2737598126649121,0.32231404958677684,0.3305785123966942,0.0743801652892562,0.45454545454545453,0.4793388429752066,0.006190293922594481,0.023686436874647457,0.02045223191488167,0.6366766485427223,0.12289811341654938,0.27915958873905683,0.4458333333333333,0.9844343402858042,0.0868184957178643,0.12090339117934633,0.15,3,0.008333333333333333,1,1,5.309548536360944,4.843885566040641,4.167274714820616,0.12,1,0.4827586206896552,36,4.011947962324485,0.041989006375761466
w3,dDPnoised,102009,333,picked,125,0.4771,2.284,0.0602,0.0038170706166272437,0.005118914278662304,1.3410583121947497,0.002340577037027614,0.0034562360056135024,0.8909806946481769,0.024,0.44,0.08,0.632,0.64,0.00657749549984525,0.02679429322286515,0.014743660801072587,0.8282943093767589,0.057308303009282385,0.3197838421606161,0.4274193548387097,0.9874300629933739,0.09600308984393875,0.171399259129205,0.25806451612903225,5,0.0967741935483871,1,1,8.687703428763381,4.608964023037596,3.7553015319118606,0.13793103448275862,1,0.4,32,3.2882798793880195,0.04718294998910755
w3,dDPnoised,103000,242,picked,57,0.5015,2.975,0.0596,0.008797974058522416,0.006935154820841185,0.7882672504726521,0.005713836441803473,0.007394102917412088,0.8109435947782087,0.2631578947368421,0.07017543859649122,0.03508771929824561,0.19298245614035087,0.2631578947368421,0.009440924630342134,0.05741574996438685,0.031948482191998036,0.7453132441381904,0.05597192336822939,0.0631184501379824,0.2886904761904762,0.9845968480616918,0.20527144604259068,0.1235387118645549,0.30357142857142855,2,0.07142857142857142,1,1,4.34924563047679,5.044966812509226,3.7292801790021066,0.2631578947368421,1,0.36538461538461536,29,4.559146874969518,0.045164346143201924
w3,dDPnoised,103001,252,picked,227,0.4674,4.449,0.0715,0.002058910261892659,0.0038047918437189117,1.8479639031092816,0.0016297101267214013,0.0022836734478166665,1.0993937029727634,0.030837004405286344,0.5682819383259912,0.16299559471365638,0.7577092511013216,0.8149779735682819,0.004397002855593252,0.013675945377579232,0.011752043116143548,0.7417767814376522,0.07036979157916017,0.49646801767776627,0.5435103244837758,0.987611523962234,0.051841669194550744,0.3283846205097569,0.504424778761062,21,0.008849557522123894,1,1,11.213322220301594,4.559341753121326,4.222966217638786,0.2222222222222222,2,0.46846846846846846,36,2.5567040762774287,0.051568872538211165
w3,dDPnoised,103002,262,picked,48,0.3455,2.541,0.0614,0.007197836860758673,0.0061970265416394854,0.8609567932033265,0.005055697312273197,0.006297221986578714,0.8384238006336038,0.2916666666666667,0.14583333333333334,0.0625,0.25,0.375,0.008384243255933507,0.045721784293398605,0.029825414567756177,0.7451066726728236,0.06374530712748834,0.05700720667268028,0.4078014184397163,0.9237897301935164,0.16516501176157464,0.14303471692598374,0.3617021276595745,2,0.02127659574468085,1,1,11.57127659043853,4.767870951193008,3.983332201154839,0.25,1,0.23255813953488372,28,4.427694271103768,0.027455409699674953
w3,dDPnoised,103003,273,picked,86,0.3654,2.445,0.0528,0.004248354032217015,0.005236377469541624,1.2325661726475763,0.003165010226419484,0.004437395591467739,1.0202069583388091,0.05813953488372093,0.36046511627906974,0.08139534883720931,0.5348837209302325,0.5813953488372093,0.006466662654811796,0.027550574410732984,0.019357618845561357,0.720369752854936,0.07085103359382637,0.3567799150753033,0.4058823529411765,0.9825688282459893,0.10255353170444062,0.11353068190935985,0.2,2,0.011764705882352941,1,1,5.122420360795139,5.173411926398744,4.117998346008523,0.2,1,0.2839506172839506,32,3.7042709349002334,0.03760270738686766
w3,dDPnoised,103004,279,picked,199,0.4356,2.856,0.0237,0.002188750676328794,0.003061418413426829,1.398705867477682,0.0021371235970744917,0.0032664746169750367,1.477393364773729,0.04020100502512563,0.3969849246231156,0.10552763819095477,0.628140703517588,0.7085427135678392,0.0034357123130044397,0.012981972033816139,0.013958731408672112,0.6175546242460633,0.12564470718310725,0.39553443300175833,0.5824915824915825,0.9841151941107232,0.0509893000675299,0.11496437560600346,0.09090909090909091,2,0.005050505050505051,3,2,3.3514396837465297,4.695372268616244,2.4395047867178956,0.0,0,0.422680412371134,46,3.5815075527494646,0.04619949809644885
w3,dDPnoised,103005,297,picked,89,0.422,2.662,0.0566,0.004741452266014667,0.004615903385845921,0.9735210072515876,0.0030008383185679698,0.004138041732865856,0.853125119490803,0.14606741573033707,0.11235955056179775,0.011235955056179775,0.24719101123595505,0.4044943820224719,0.005303824290939684,0.02855431848273462,0.02116383893422145,0.5912762398769018,0.14918074394269581,0.22804582603841747,0.4053030303030303,0.9444981541302533,0.10756292077293053,0.14858728456397807,0.29545454545454547,4,0.07954545454545454,1,1,7.031850204594186,7.8640586247577815,5.407907602292465,0.46296296296296297,2,0.19047619047619047,36,4.703279039026164,0.039831852499623295
w3,dDPnoised,103006,305,picked,42,0.2857,2.79,0.0472,0.006802388474449119,0.0067033359465302625,0.9854385664254675,0.004203022055695124,0.005550648264344215,0.777128754140424,0.2857142857142857,0.14285714285714285,0.023809523809523808,0.3333333333333333,0.42857142857142855,0.007888502496918155,0.056854132140151475,0.027684938866873336,0.7964236109929641,0.0689615968571151,0.026121566863622953,0.3170731707317073,0.9747706337895058,0.20547437281458683,0.10784992643269875,0.4146341463414634,2,0.07317073170731707,1,1,4.172275968483489,4.503681847929654,3.5849814087425345,0.18181818181818182,1,0.40540540540540543,23,4.076026648608658,0.034957160665808513
w3,dDPnoised,103007,316,picked,168,0.5833,3.799,0.0541,0.0034722063042178933,0.003907047986117888,1.1252349785125864,0.003020965868156649,0.004575701808568281,1.3021199698007242,0.08333333333333333,0.19642857142857142,0.023809523809523808,0.40476190476190477,0.5654761904761905,0.004239494009669508,0.029114838106350755,0.019068347965974317,0.7745293361586497,0.06830567279212225,0.2514287679684352,0.43413173652694614,0.9731766949943857,0.10564585614638562,0.22380495204562512,0.32335329341317365,8,0.10179640718562874,1,1,7.861447603788998,5.087104925828836,4.0550183657592145,0.2826086956521739,4,0.31901840490797545,55,4.892173566079619,0.06560953095088608
w3,dDPnoised,103008,326,picked,99,0.5494,12.278,0.0821,0.005549522032778647,0.005416875050478629,0.9760975843475295,0.004258371938509569,0.006398790097432977,1.129740826972985,0.2222222222222222,0.18181818181818182,0.04040404040404041,0.2727272727272727,0.40404040404040403,0.006718636580785321,0.03660762371223844,0.026793494305382064,0.7330232276199139,0.08247438533210388,0.19062545256920085,0.3945578231292517,0.9771145323683756,0.14171776816710488,0.2946099321625099,0.4387755102040816,4,0.01020408163265306,1,1,3.0489414414403986,14.740679400911963,4.092743955877613,0.13157894736842105,1,0.2765957446808511,42,4.718504470100807,0.04076249440703469
w3,dDPnoised,103009,335,picked,95,0.3962,2.514,0.056,0.004170300586856334,0.003667213970066174,0.8793644231843254,0.003571876269860833,0.005358270980390537,1.257814674575858,0.16842105263157894,0.12631578947368421,0.021052631578947368,0.28421052631578947,0.4,0.004727341781997348,0.03192825344663823,0.021173631565703243,0.7055730119659747,0.09912547187174679,0.1671795956526947,0.4078014184397163,0.9631369266684255,0.11419711151372706,0.12984036118199696,0.26595744680851063,5,0.0425531914893617,1,1,4.202305969261664,4.823208087764587,4.164881383092472,0.1935483870967742,1,0.26666666666666666,46,5.0930483728730795,0.06596474135428214
w3,dDPnoised,104000,243,picked,57,0.3575,2.739,0.049,0.0062715571181793,0.0061874191865066205,0.9865842038767709,0.004480835348198312,0.006000759048003733,0.923248563290121,0.15789473684210525,0.12280701754385964,0.017543859649122806,0.3333333333333333,0.43859649122807015,0.007101127779836902,0.04116175007283597,0.027808710773348524,0.7366854130934759,0.07006925424682624,0.07963044648225376,0.4523809523809524,0.9356620261774659,0.15427782682821764,0.14327759811349483,0.30357142857142855,2,0.017857142857142856,1,1,10.22899722157968,4.577289511283501,4.102701930537927,0.2,1,0.23076923076923078,32,4.567294128420573,0.026328059637765855
w3,dDPnoised,104001,254,picked,126,0.6791,5.698,0.088,0.005389634251119805,0.005240537414675368,0.9723363720991902,0.0037773035072812622,0.0053714515585281735,0.9808068927089454,0.20634920634920634,0.15079365079365079,0.031746031746031744,0.2619047619047619,0.3888888888888889,0.006287862564609427,0.04161378038751983,0.023464895943177307,0.7886420916792405,0.06431017855173939,0.20231889268008243,0.36400000000000005,0.9626358811836043,0.14538083552213807,0.24856080791651008,0.264,3,0.008,1,1,7.448426399275184,5.364513284234807,3.8368102663171206,0.2702702702702703,4,0.2231404958677686,51,5.011122163166085,0.06407415444863973
w3,dDPnoised,104002,263,picked,105,0.7743,4.93,0.0809,0.007374419060020156,0.006190805490777504,0.8394973814738138,0.004635557471929485,0.006126174675974075,0.8149097014444043,0.2,0.08571428571428572,0.01904761904761905,0.17142857142857143,0.26666666666666666,0.008037303288658879,0.047971184857349185,0.027396687743952534,0.7874766677397981,0.0622328951412317,0.15918506420160755,0.3477564102564103,0.9378666657495071,0.16882987965521076,0.21682751880870776,0.2403846153846154,3,0.028846153846153848,1,1,9.31138524840585,4.747542466609556,4.1400700953721605,0.25,2,0.26,51,5.225372386429498,0.030699118119708758
w3,dDPnoised,104003,274,picked,113,0.5642,4.768,0.0408,0.004993286149088416,0.005429754121386853,1.0874109673001857,0.004013714161351799,0.005684093849663117,1.1181995687779602,0.1592920353982301,0.1592920353982301,0.035398230088495575,0.30973451327433627,0.4247787610619469,0.005880696893287319,0.05321892893011802,0.028574125977344354,0.802205864717135,0.050127677781721315,0.11779175602616974,0.31547619047619047,0.974362756244404,0.19223548168698357,0.11410587907141327,0.14285714285714285,2,0.008928571428571428,1,1,5.289226505854687,4.899376487776431,3.9635995635994004,0.2073170731707317,1,0.4537037037037037,52,5.026932762211638,0.042723064029164516
w3,dDPnoised,104004,280,picked,105,0.398,3.134,0.0336,0.00379021978676198,0.0034579104909066446,0.91232453141214,0.003441522873929149,0.005349474077434982,1.3845052868519645,0.20952380952380953,0.17142857142857143,0.01904761904761905,0.3238095238095238,0.3904761904761905,0.004505942909037262,0.03667667603751104,0.024948359293674154,0.6936441797740814,0.09662611316000531,0.25981550463857817,0.3365384615384615,0.9710510225013278,0.13276676409650479,0.12413537188106055,0.20192307692307693,4,0.028846153846153848,1,1,10.591824225703684,4.6193489948374635,4.067787992182767,0.43478260869565216,2,0.23,43,4.771189340444641,0.046139159719567856
w3,dDPnoised,104005,298,picked,118,0.5578,4.573,0.039,0.004727525427447294,0.005461440302951589,1.1552429250286622,0.003799438025903071,0.005536984546178751,1.1513713535793542,0.1016949152542373,0.1440677966101695,0.03389830508474576,0.3983050847457627,0.4830508474576271,0.0054732716841101505,0.05015187057217169,0.028104760705052256,0.7905718511469318,0.06813342041194277,0.09683367304277268,0.34188034188034194,0.975813483906422,0.18113694393923138,0.10295816850421577,0.1282051282051282,2,0.008547008547008548,1,1,4.935113606548535,4.862983528652235,3.9044112972094225,0.16853932584269662,2,0.35398230088495575,52,4.98887167662855,0.046741744996936625
w3,dDPnoised,104006,306,picked,162,0.9706,4.682,0.0635,0.005991386288555065,0.005812189471713271,0.9700909258372972,0.004684884888034255,0.006671745774837393,1.099808662919384,0.2716049382716049,0.16049382716049382,0.037037037037037035,0.2962962962962963,0.35185185185185186,0.007077440476089872,0.05787110213155066,0.03320900203344217,0.7431716275173789,0.07921798293048378,0.1388959812067004,0.33436853002070394,0.964022293960983,0.20648225999087308,0.15246150525361277,0.17391304347826086,5,0.037267080745341616,1,1,4.122270502097319,4.190803993471761,3.698379314781762,0.29914529914529914,6,0.29936305732484075,54,4.892846747014135,0.10690905261739432
w3,dDPnoised,104007,317,picked,65,0.3502,3.289,0.049,0.005387735178857989,0.005688682390724007,1.05585783299947,0.004476935396047466,0.006379399397234525,1.1476269675011248,0.1076923076923077,0.07692307692307693,0.0,0.24615384615384617,0.4,0.00580112728043192,0.038585479011714684,0.030088704648267225,0.6952399497427146,0.10068538722883251,0.18203727763512542,0.4479166666666667,0.9491921090394996,0.14944779499022004,0.17202664174862442,0.53125,4,0.046875,1,1,5.101632336785698,4.7687210196270895,3.9918548309720183,0.2,1,0.48333333333333334,37,4.867619351090584,0.040913563850180516
w3,dDPnoised,104008,327,picked,122,0.7451,4.013,0.0596,0.006107570179222666,0.00560504415584476,0.9177207942550626,0.0043755789806023794,0.006400837251932869,1.0308363733784824,0.21311475409836064,0.11475409836065574,0.00819672131147541,0.23770491803278687,0.3442622950819672,0.006849492726107956,0.03599358824244651,0.025286613956323437,0.7558017096635262,0.07319129530061008,0.25757039335277,0.4035812672176308,0.9650608717376147,0.12612397307475973,0.1213650885701963,0.19834710743801653,5,0.04132231404958678,1,1,8.384019436335414,4.4087947155579945,4.045583535348964,0.43529411764705883,3,0.20512820512820512,52,5.138605877032832,0.09085167559338982
w3,dDPnoised,105000,247,picked,104,0.549,2.518,0.0567,0.005279292552756577,0.004850044719502621,0.9186921677545934,0.0037967078518354124,0.005693150711445894,1.0576544088284294,0.3269230769230769,0.18269230769230768,0.019230769230769232,0.34615384615384615,0.4423076923076923,0.006387112069217246,0.03214093005107905,0.02252244964870659,0.7259065983631415,0.07980498623756185,0.28595720258358637,0.42556634304207125,0.9876182902430717,0.11454773186900032,0.108113686305643,0.13592233009708737,2,0.009708737864077669,1,1,8.798479750951904,5.037745912623953,3.851744204199498,0.19696969696969696,1,0.25252525252525254,42,4.680705405779049,0.05320868786850674
w3,dDPnoised,105001,256,picked,105,0.7916,4.844,0.0852,0.0075394421443064396,0.006428912301100997,0.8527039770383964,0.004921577692999241,0.006256191285525344,0.8139893668212735,0.22857142857142856,0.06666666666666667,0.009523809523809525,0.18095238095238095,0.29523809523809524,0.008054719689246566,0.04811063074959042,0.02911146889755816,0.8045721150162245,0.044945025200072014,0.14515133227728125,0.3669871794871795,0.9466950793219401,0.16571429011032346,0.22639199531739534,0.25,3,0.019230769230769232,1,1,9.666429451829698,4.585783827916099,4.049876488828221,0.22535211267605634,2,0.29,52,5.326409570876679,0.013830679621583986
w3,dDPnoised,105002,265,picked,201,0.5392,3.241,0.0589,0.0026828317413301697,0.0031996293343304464,1.1926313846070884,0.002286700214446373,0.003658375162679242,1.3500561231511325,0.11442786069651742,0.34328358208955223,0.11442786069651742,0.5024875621890548,0.6119402985074627,0.003950619418956946,0.015725023363692917,0.013339948335740998,0.6831786892822116,0.1374416177856537,0.45236094447382985,0.4925,0.9608827510370356,0.05901132406980405,0.19812029179006616,0.235,5,0.015,7,2,7.89190318323321,6.272544956309607,3.7698281761721506,0.18181818181818182,1,0.3469387755102041,51,4.2144781122886865,0.04563661311911008
w3,dDPnoised,105003,275,picked,118,0.5936,3.174,0.0499,0.005030405480388966,0.004876831764087667,0.9694709070869125,0.003925226223990389,0.005808084362579085,1.1350262472871817,0.23728813559322035,0.2033898305084746,0.025423728813559324,0.2796610169491525,0.3813559322033898,0.006230981628378194,0.03734695928582675,0.0267710081163402,0.7332914875119371,0.0889490267120286,0.18607480079120128,0.4031339031339031,0.9552457038109605,0.13660275558730597,0.1460644811025108,0.27350427350427353,6,0.09401709401709402,1,1,11.196264365024595,5.385790906909416,4.125234249589213,0.2777777777777778,2,0.336283185840708,49,4.87840548378323,0.052117327809525944
w3,dDPnoised,105004,281,picked,121,0.5603,2.889,0.026,0.004630309541509381,0.005257169434857899,1.135381854653323,0.00335388353384073,0.004661604992513636,0.9901181830769922,0.049586776859504134,0.21487603305785125,0.024793388429752067,0.4628099173553719,0.5371900826446281,0.0058063330092779294,0.03504054394779505,0.022003610572363958,0.7936851838835826,0.050013906578207895,0.2591439835904052,0.4875,0.9508007346453952,0.12859250362638575,0.11464349854765989,0.175,2,0.008333333333333333,3,2,5.2274578222413695,4.741918700065519,1.2803811771482343,0.0,0,0.41379310344827586,46,4.437804081282639,0.05098244365797641
w3,dDPnoised,105005,299,picked,177,0.9946,4.523,0.0714,0.005619045444991866,0.005849349914715428,1.040986404537594,0.004259608480832753,0.00598022577014389,1.0522521405961776,0.3163841807909605,0.2655367231638418,0.07909604519774012,0.3333333333333333,0.4180790960451977,0.007543501246479098,0.05383366713776208,0.02828245931012126,0.7835962156692357,0.05183313399626017,0.14192477786636085,0.28219696969696967,0.9592943260307853,0.1918526728388517,0.19680220764815826,0.19886363636363635,4,0.07954545454545454,1,1,3.4818293524934623,4.397660548216916,3.3082778556448056,0.20863309352517986,5,0.38953488372093026,58,4.7723466182787355,0.07514914673861338
w3,dDPnoised,105006,308,picked,144,0.576,4.288,0.0539,0.003999935349525758,0.004115605239876315,1.0289179399772725,0.003429580525287536,0.00478062590214635,1.17857612891944,0.1388888888888889,0.1527777777777778,0.034722222222222224,0.2708333333333333,0.4513888888888889,0.004668410502963958,0.026847019915220833,0.024020656247092494,0.6627401606971702,0.08942641380913822,0.26817160027514064,0.4743589743589743,0.9544275136137651,0.10050120109227229,0.21266362122289198,0.32167832167832167,6,0.006993006993006993,1,1,6.209130597636353,7.011078719397046,3.0273788639173773,0.1774193548387097,2,0.26618705035971224,60,5.193813695448293,0.027038588874029695
w3,dDPnoised,105008,328,picked,212,0.8667,5.856,0.0534,0.004088120695404217,0.004742536425548749,1.1600773995934646,0.003250187348962013,0.004836662290823433,1.1719403017316359,0.2971698113207547,0.38207547169811323,0.10377358490566038,0.4528301886792453,0.5047169811320755,0.006444249616562207,0.038086686195601314,0.024611348270137178,0.7154385207378883,0.08873984570509036,0.31931034675474756,0.2796208530805687,0.9893927399099748,0.13868695764828753,0.11838274619117592,0.11848341232227488,5,0.004739336492890996,1,1,3.2842781807421084,4.75089805648074,3.816127840213867,0.2708333333333333,4,0.36231884057971014,60,4.299081395205725,0.0971525780900147
