world,arm,uid,ic_uid,stage,n_rows,path_len,tortuosity,wander,speed_mean,speed_std,speed_cv,accel_mean,jerk_mean,jerk_per_len,pause_frac,joint_speed_mean,joint_jerk_mean,act_autocorr1,act_hf_frac,act_signflip_rate,speed_perm_entropy,act_mag_mean,can_path_len,can_moved_frac,contact_events,can_move_open_frac,grip_cmd_flip,grip_close_events,effort_std,tilt_max,tilt_inhand_mean,retreat_frac,approach_reversals,backtrack_frac,trans_kinds,trans_entropy,nnIC_path_div
old,dH,100000,232,picked,61,0.3275,2.332,0.0338,0.005369462387288576,0.00356454406341329,0.6638549274228703,0.003231748381552897,0.003951644020873581,0.7118183620909182,0.16393442622950818,0.041072823611428985,0.023933914955416264,0.6303633569817332,0.10484176673289135,0.18611111111111112,0.9490340558510479,0.14444260486488136,0.1052310100283274,0.2833333333333333,2,0.08333333333333333,1,1,5.005880763142163,6.234934831995309,4.280053842122614,0.2682926829268293,1,0.17857142857142858,33,4.725396559934517,0.028312344336994394
old,dH,100001,247,picked,112,0.514,2.428,0.0632,0.004589649076416292,0.004290099110114655,0.9347335795582147,0.0022428301119276424,0.00286031616878871,0.6120814571164502,0.16964285714285715,0.029234801124401567,0.01630008269009679,0.6992958799832869,0.08851934074536416,0.1216216216216216,0.9110331309734356,0.10127960704267025,0.1655730351907376,0.25225225225225223,4,0.10810810810810811,1,1,8.79288972478133,6.201276645840218,4.837397579841356,0.10526315789473684,1,0.037383177570093455,39,4.533038824301267,0.06602225483916023
old,dH,100002,258,picked,74,0.4195,5.25,0.0733,0.005668267568587219,0.005490933168937653,0.9687145327026674,0.002861766845257097,0.0033819679027605244,0.5805236476633425,0.013513513513513514,0.047242427001283865,0.018523806116051828,0.8364069319445395,0.03380637704308402,0.16894977168949774,0.8782466698306536,0.16717902466923273,0.2517023576719405,0.6712328767123288,5,0.3150684931506849,1,1,6.2572129249417365,7.916969003995622,4.710109340157571,0.225,2,0.08695652173913043,33,4.359008054725048,0.0438252033150944
old,dH,100003,273,picked,102,0.3507,2.47,0.0588,0.0034383263245340106,0.0043010474783085895,1.2509131107244458,0.0016315212857823907,0.0017318338720303799,0.4938089596129109,0.0,0.026353316080105375,0.009867359933244932,0.8239697501972018,0.03260686174962495,0.14026402640264027,0.858749246211117,0.10337285210494124,0.13025448046908414,0.2079207920792079,2,0.009900990099009901,1,1,5.083581822636916,6.268108627666058,4.205386274265094,0.0967741935483871,1,0.041237113402061855,33,3.765774682140301,0.03251508888455031
old,dH,100004,281,picked,119,0.4618,2.384,0.0331,0.00388107502900492,0.00508989089883557,1.3114641847417678,0.0019316745522673742,0.001982744069345291,0.5022888310685952,0.3697478991596639,0.035318626179202506,0.013283452148442284,0.804041608113223,0.05765918564148468,0.13700564971751414,0.9645942017927464,0.12387206772712775,0.09999362506445196,0.13559322033898305,3,0.025423728813559324,3,2,4.610263435503392,4.280252529400299,0.8312413919411104,0.0,0,0.21052631578947367,32,3.2577544017029565,0.052128221619506025
old,dH,100005,298,picked,126,0.3668,3.457,0.0729,0.00291094226614637,0.003123886232776089,1.0731529337102323,0.0010061463567555568,0.0011637460939658752,0.39343752951182964,0.0,0.02260898051733762,0.009611866296097988,0.8371089578981304,0.05937335126220078,0.1426666666666667,0.8036545218181271,0.1568713938994777,0.1591273903953346,0.256,4,0.048,1,1,6.495950950303129,6.901979308768814,5.2373735800867145,0.06818181818181818,1,0.04132231404958678,25,3.1811653457807987,0.033606790830773156
old,dH,100006,308,picked,89,0.5332,7.174,0.0863,0.005991483759127449,0.005722486070100128,0.9551033266813869,0.0029009346913034277,0.003468640513881757,0.5659188395322481,0.11235955056179775,0.04090833763823451,0.01609147557230467,0.8485424235906707,0.031365054420105884,0.12878787878787878,0.9141862019428583,0.15787629476200776,0.28089192587468964,0.3977272727272727,4,0.056818181818181816,1,1,4.686838138018868,8.509119562003626,4.506197626970985,0.18181818181818182,1,0.09523809523809523,35,4.373997479095021,0.04565116314304566
old,dH,100007,320,picked,197,0.5316,3.663,0.054,0.002698359765059907,0.003757443517645242,1.392491678203563,0.001600756625026575,0.0019273935989528395,0.7070317961123982,0.10152284263959391,0.0206605468993416,0.010486667589808239,0.7500226974262006,0.06937713154341839,0.13435374149659862,0.968871318694794,0.06952558223366133,0.1783513732036165,0.17857142857142858,6,0.04591836734693878,1,1,7.786985679155192,6.454971251451446,4.51657428544043,0.14705882352941177,2,0.22916666666666666,43,3.2804427897440767,0.034878562644051724
old,dH,100008,333,picked,140,0.4456,2.211,0.0696,0.003182735329251119,0.004024539543630064,1.2644908003007016,0.0010857480506630659,0.0012570400763996991,0.3893136666548111,0.07857142857142857,0.02495125092745484,0.007883628315814798,0.8908459083095335,0.025348452122272404,0.0947242206235012,0.9372073370589359,0.09822062268143632,0.14529864304806117,0.19424460431654678,4,0.03597122302158273,1,1,8.114565489230795,6.603413592345894,4.982540935693282,0.08,1,0.02962962962962963,29,3.354325174938472,0.055257384273893456
old,dH,101000,233,picked,66,0.3401,3.028,0.0524,0.005153365544642704,0.004366310390416906,0.8472735637696032,0.003157047163659423,0.0037944894532615263,0.7140003736393054,0.015151515151515152,0.03879475082671967,0.025233633101525463,0.601097435681769,0.12124123119315604,0.27179487179487183,0.9330440873418637,0.16831833874863206,0.13786149759912758,0.3384615384615385,2,0.03076923076923077,1,1,9.56386809596,4.969554159148487,3.7717540138520933,0.22857142857142856,2,0.08196721311475409,28,4.109095869524836,0.031445788621840574
old,dH,101001,248,picked,122,0.4008,2.81,0.0525,0.003285329410092891,0.004372184156206358,1.3308206302766872,0.001615759585771783,0.0015442225352767793,0.462330324344768,0.040983606557377046,0.022121279710495698,0.009023383214875417,0.8319918812593535,0.022378454136679285,0.10330578512396695,0.8080927901696053,0.07554723672528085,0.1398651210251115,0.2066115702479339,6,0.0743801652892562,1,1,7.428974462195718,6.260271422025555,4.471232428355061,0.16,2,0.08547008547008547,36,3.55009079842895,0.05573250957866196
old,dH,101002,259,picked,96,0.6019,4.178,0.0965,0.006270264357745609,0.005605768822502661,0.8940243190190056,0.0031997193262229846,0.0034415651554592793,0.5374360137183756,0.16666666666666666,0.044192386435387754,0.01846800983948909,0.801813032335517,0.05348252246002503,0.15087719298245614,0.9154324813376501,0.1471187841768067,0.2273757397558974,0.37894736842105264,4,0.06315789473684211,1,1,9.326692209301811,6.300502854269026,4.343333524665411,0.1320754716981132,1,0.054945054945054944,43,4.864059189593494,0.07356466774197555
old,dH,101003,274,picked,125,0.5433,4.815,0.0404,0.004346330318676122,0.004715660772179673,1.0849752380569289,0.0024545522539679765,0.0026936311540846185,0.609832401423785,0.096,0.04836312998820461,0.01919185446917621,0.7841428574138427,0.0630906173678265,0.19892473118279572,0.9385082057510343,0.17586686917146047,0.13068265533354118,0.18548387096774194,3,0.016129032258064516,1,1,5.41782220755376,5.533281141837212,4.353543324733031,0.1797752808988764,3,0.19166666666666668,44,4.528306627568996,0.04478685825042764
old,dH,101004,283,picked,107,0.3217,2.225,0.0569,0.003006280846655546,0.002573084025719404,0.8559027439442097,0.0014422143248370043,0.0015562081276696987,0.5079765341891638,0.07476635514018691,0.027339468836431718,0.01137271523994632,0.813388694755203,0.023908072878244046,0.14150943396226415,0.8706738544093288,0.09469934794297472,0.12574013860175234,0.3018867924528302,6,0.10377358490566038,1,1,3.9745087678860944,6.476584115529536,4.877679767786816,0.11428571428571428,1,0.0392156862745098,30,4.054292154034404,0.060171238506977635
old,dH,101006,309,picked,100,0.4569,9.659,0.0908,0.004568508497865386,0.004887210979442418,1.069760728632976,0.002655026932957828,0.0033304112804558045,0.7144132612146141,0.09,0.03700572812953293,0.017711845637146357,0.8108628497392821,0.04849370987927793,0.14983164983164982,0.8620937174561845,0.14676695759097738,0.2702363187475744,0.40404040404040403,5,0.020202020202020204,1,1,3.06764395141335,6.488480408815375,3.117971632429712,0.13513513513513514,1,0.09473684210526316,31,4.044365766876715,0.042611056686209646
old,dH,101007,321,picked,98,0.3106,2.836,0.0614,0.00316910619255926,0.0032766229567084424,1.0339265261611053,0.0016428497215915932,0.0018557121017797804,0.5736129734312342,0.25510204081632654,0.02266758329508649,0.01420574229765757,0.6590527422971814,0.09336689606341657,0.12714776632302405,0.9250055609510459,0.08237613664091038,0.1338439720257304,0.26804123711340205,4,0.08247422680412371,1,1,9.109616998689633,5.46939585909473,4.056296015775449,0.24528301886792453,2,0.0967741935483871,33,4.11021280221064,0.02788659866533494
old,dH,101008,335,picked,75,0.3755,2.13,0.0508,0.005007126211748054,0.004455137991503318,0.8897594754153343,0.0026706450448003164,0.003026991636099929,0.5884157368001878,0.08,0.042052022681145156,0.0181588837041093,0.7336655038985969,0.08096683692121637,0.21621621621621623,0.8817018332727795,0.15596782896253797,0.1756742514573497,0.47297297297297297,7,0.20270270270270271,1,1,5.913704083357179,6.7237144614011095,4.161898523726824,0.2,2,0.08571428571428572,31,4.5269846007560925,0.05076408568621275
old,dH,102001,250,picked,284,1.2728,6.021,0.0666,0.004481518413128363,0.004174357559136266,0.9314605395590284,0.0027685174729002657,0.0031614769970218764,0.7004797894640986,0.1619718309859155,0.04901310614895769,0.020868676261420475,0.7802676837448561,0.06271716186846987,0.2114252061248528,0.9300162864316484,0.18304801222041883,0.25317180597428374,0.19081272084805653,6,0.024734982332155476,1,1,9.733416829074486,8.378833331286353,4.432236722141458,0.30256410256410254,8,0.21505376344086022,69,5.367998585912308,0.10087471723801573
old,dH,102002,262,picked,62,0.3094,2.528,0.0492,0.004989863137289178,0.004815032430775838,0.9649628252913727,0.0026369857194304693,0.00321929488655394,0.6243551333352911,0.1774193548387097,0.037642018422724036,0.019606786678084312,0.7910055730712654,0.04081992494201885,0.18579234972677594,0.8095021850802055,0.1579591045055979,0.16571285331051394,0.3442622950819672,2,0.03278688524590164,1,1,8.72191453598162,5.27741165412385,4.069826564290872,0.13513513513513514,1,0.12280701754385964,29,4.362208819995945,0.033216595725656904
old,dH,102003,275,picked,108,0.4935,2.526,0.0505,0.004569700994395754,0.004324873033146975,0.9464236365685557,0.002306638051765393,0.002189809936734199,0.47032790624694787,0.25,0.03915211138162393,0.01386226793130897,0.8525357617712027,0.02261723884769859,0.21651090342679127,0.8961615388469557,0.1374819368859869,0.18650079952071977,0.37383177570093457,8,0.19626168224299065,1,1,8.482380171605564,4.357164056527884,3.4969785494513608,0.15942028985507245,1,0.10679611650485436,37,4.511625669104722,0.051863728035454505
old,dH,102004,284,picked,95,0.2193,3.001,0.0501,0.0023085498885955062,0.0026792377597135565,1.1605717394063215,0.0006961257761283266,0.0007559687456032264,0.32057076945696084,0.042105263157894736,0.018648721064980094,0.004838509751842114,0.9387343067179964,0.00978310112826672,0.11347517730496454,0.806024986795932,0.13700206675811819,0.09290971064280057,0.20212765957446807,3,0.010638297872340425,1,1,4.0370523710219945,5.24186402351904,3.5109444656609288,0.10909090909090909,1,0.06666666666666667,19,3.0220295367298524,0.03318219649379609
old,dH,102006,311,picked,98,0.6268,3.28,0.0519,0.006396209943440312,0.005755318152158794,0.8998013203211396,0.0032901475745080017,0.0037299313908133527,0.5712461558220803,0.25510204081632654,0.05002606098404902,0.021859460217542842,0.7653083578319365,0.06690027863399677,0.24914089347079038,0.9251105505611725,0.18013242150650546,0.11905793521848149,0.15463917525773196,2,0.010309278350515464,1,1,3.9844104129321187,4.145012241455716,2.9659657663321486,0.2028985507246377,2,0.15053763440860216,42,4.773294125317053,0.06605727031854844
old,dH,102007,325,picked,116,0.4113,2.597,0.0559,0.0035460931816206414,0.004206130325991623,1.186130795375583,0.002040042132127547,0.002327244197479819,0.6449687530427519,0.2413793103448276,0.022886214019628995,0.012643493768511259,0.7199477209066897,0.08739219476569576,0.1072463768115942,0.8847383473583572,0.07865255719971383,0.0990946850944878,0.12173913043478261,2,0.008695652173913044,1,1,5.265230893617804,6.318685684352654,4.326013146123835,0.12,1,0.10810810810810811,31,3.6920892613791647,0.03744245139451058
old,dH,103000,235,picked,49,0.3213,2.438,0.0522,0.006557967184843299,0.004956391838807404,0.7557817383201553,0.003673424281470848,0.0043162617312459545,0.631306572042684,0.32653061224489793,0.04240424200004946,0.025444840309495172,0.66532500543921,0.10447414848697674,0.24305555555555555,0.96411552621827,0.16875121869197507,0.13186668277283467,0.3958333333333333,2,0.10416666666666667,1,1,8.054742566828127,5.74132848160935,4.656633557837953,0.23076923076923078,2,0.045454545454545456,19,3.505031091721438,0.04764936749345266
old,dH,103001,251,picked,138,0.3638,2.364,0.0516,0.0026360546256894452,0.00402860129989873,1.5282692781243377,0.00164015076874172,0.0018903282447044567,0.7067122832098981,0.007246376811594203,0.015616673945624443,0.009491282310955198,0.7412589701775435,0.05859654915339024,0.14598540145985403,0.925217354303798,0.053259779649656176,0.15696391085526193,0.22627737226277372,3,0.0364963503649635,1,1,8.100449291581684,6.37187639606991,3.99937469517136,0.09836065573770492,1,0.17293233082706766,33,3.441757728163216,0.0337473409410112
old,dH,103002,263,picked,105,0.6755,4.364,0.0785,0.006433174417991435,0.0061527689093534895,0.9564125748162922,0.0030831273038872324,0.003072250861034669,0.46846729175981333,0.2857142857142857,0.04488252944717211,0.017388132965710935,0.8162431009067409,0.03806780735859032,0.20192307692307696,0.863585438193293,0.15620604961637471,0.21248993992001758,0.25961538461538464,3,0.019230769230769232,1,1,9.274523909949796,4.229587074545148,3.4532055167282265,0.12857142857142856,1,0.08,36,4.508346010837171,0.0452169754472204
old,dH,103003,276,picked,152,0.4448,2.701,0.039,0.0029260452281784795,0.0037439099085387496,1.2795119748950041,0.0013987196773153842,0.001684180536053523,0.5680090826473426,0.23684210526315788,0.02120274132534532,0.009589262756520098,0.7993128641451376,0.06703753554389329,0.1622516556291391,0.9552177514314835,0.0713277586915514,0.1346255102484656,0.17218543046357615,6,0.013245033112582781,1,2,4.175907334951748,6.442918319074613,1.2036912625047163,0.24324324324324326,1,0.17687074829931973,37,3.348436428783295,0.030841355233513685
old,dH,103005,301,picked,151,0.4842,3.733,0.0683,0.003206902050081372,0.0034984048788540916,1.0908985757034029,0.0020392842905624935,0.0025110476694978168,0.7726424821441531,0.059602649006622516,0.02296051139059711,0.014211063630154362,0.70688024645461,0.07109292930144602,0.19666666666666666,0.8711585082094346,0.09261309212406739,0.21410117623488759,0.30666666666666664,7,0.02,1,1,7.85162260022851,6.057552780629821,2.555155786872418,0.1875,2,0.10273972602739725,40,4.363317956952574,0.04095698762799453
old,dH,103006,315,picked,219,0.875,5.394,0.0371,0.003995312199240141,0.004451543789414418,1.114191724556856,0.002481509037952139,0.0028637492674202457,0.710231432380583,0.365296803652968,0.043159736165054294,0.018201615080594178,0.7325847870489227,0.08514431335600638,0.16896024464831805,0.9607191950753008,0.15450380089348312,0.11476908935488961,0.13302752293577982,7,0.03211009174311927,1,1,4.431163194709519,6.53420812774947,4.408294780141358,0.1901840490797546,5,0.3644859813084112,56,4.463155822367323,0.06559555588645428
old,dH,103007,326,picked,77,0.2538,2.389,0.0495,0.003296035255093477,0.003489264046512858,1.0586246130470778,0.0019248629316824624,0.002117508169497309,0.6257542161041237,0.025974025974025976,0.021872761758831686,0.012161036855724047,0.6878795541758495,0.08092763255335007,0.13157894736842105,0.8092736813926852,0.0758625408211215,0.09580512379315995,0.19736842105263158,2,0.013157894736842105,1,1,6.459244810116696,5.309357903146536,4.03774108339584,0.225,1,0.05555555555555555,22,3.5004357078687787,0.038255686975997585
old,dH,104000,242,picked,60,0.4231,2.607,0.0569,0.007052213928039426,0.005945139780207179,0.8430175035628814,0.0034902160777584273,0.0033685766135886056,0.4617402080674347,0.25,0.05276557233800917,0.021965101097926952,0.7624573949370711,0.05361929865706822,0.14689265536723164,0.9611845320888687,0.1958090083466636,0.11833423526007432,0.3389830508474576,3,0.1016949152542373,1,1,4.990864224590958,6.506753301385974,4.594231123994358,0.23076923076923078,1,0.09090909090909091,29,4.305559182493997,0.041252196512260135
old,dH,104001,252,picked,192,0.3936,3.884,0.0684,0.0020500386493164735,0.0028218395976472954,1.3764811695565626,0.0009065958041527208,0.0010964797291337022,0.5292866384008618,0.3072916666666667,0.016736738296740127,0.008539655734690108,0.8218054632616888,0.03863821480835836,0.10732984293193716,0.9120734651735501,0.11550269320529605,0.2018700642371252,0.21465968586387435,9,0.005235602094240838,1,1,12.984602717637026,8.894751773878191,5.005240348470061,0.1038961038961039,1,0.058823529411764705,35,3.35533420851717,0.030638584766390222
old,dH,104002,265,picked,202,0.446,2.775,0.063,0.0022079954151088856,0.0030257285726413316,1.3703509309561317,0.0010027695054256964,0.00132018720837626,0.5919921929877865,0.009900990099009901,0.014247837796424996,0.007073121217688889,0.7228766686219789,0.13498011955185082,0.13018242122719736,0.9652743593332064,0.050251895789266025,0.18662755422794777,0.21890547263681592,6,0.009950248756218905,3,2,8.241123711165429,11.36599715670771,4.122194312093836,0.12345679012345678,1,0.13705583756345177,35,3.1323475966426657,0.04130909568523778
old,dH,104003,277,picked,74,0.2868,3.141,0.0454,0.003875164308349524,0.003849612360311748,0.9934062284835972,0.0024530049597569024,0.0028749473905955217,0.7218393562671912,0.13513513513513514,0.028478457851510007,0.01599844899311263,0.6729947626501422,0.10357467612771264,0.21689497716894976,0.9248162000515785,0.09899369310923258,0.11076308678762217,0.2465753424657534,3,0.0136986301369863,1,1,7.445663267892789,5.460959770884567,4.468040420940734,0.21951219512195122,1,0.14492753623188406,32,4.366510170426989,0.03748792611792602
old,dH,104004,287,picked,201,0.7534,25.583,0.0926,0.003748387016048378,0.004636854151929587,1.237026521561759,0.0016842597325904924,0.0015159974820741795,0.400415678420536,0.16417910447761194,0.02740104650420773,0.00963518479768597,0.877507486944401,0.015121344956871062,0.1275,0.8759589937115748,0.09346771209344741,0.23950207945004856,0.2,5,0.005,1,1,8.703844463016905,4.786580515863196,3.59950601680229,0.22429906542056074,2,0.14285714285714285,38,3.6999769383365475,0.05513185764846168
old,dH,104005,302,picked,152,0.5261,4.586,0.0674,0.003461111020045615,0.0040932699963555615,1.1826462579930808,0.0018700495085889849,0.0022493831404448578,0.6413507053093033,0.0,0.025625366201608022,0.012760468520172832,0.7967855712868568,0.05421059997639388,0.2130242825607064,0.917128225123712,0.10240467444977217,0.2622691576018104,0.3841059602649007,8,0.039735099337748346,1,1,6.591992151578646,13.027320991703226,4.495628858880399,0.13636363636363635,2,0.14285714285714285,42,4.247734896082633,0.037151667534144846
old,dH,104006,316,picked,199,0.8137,5.927,0.1081,0.004088747799993757,0.004082667475180331,0.9985129127275995,0.00243582708361704,0.002792377941030075,0.676078343869594,0.19597989949748743,0.03508079140362683,0.016500499806273383,0.739340085602373,0.0649785410750092,0.19191919191919193,0.9296963401874294,0.12687493309104067,0.5219002404790412,0.3939393939393939,9,0.06060606060606061,1,1,8.603536791491106,6.375689917671557,4.423467200130515,0.25842696629213485,3,0.15463917525773196,60,5.127747552902273,0.06950850322502862
old,dH,104007,327,picked,131,0.6927,3.803,0.061,0.0052879265732461295,0.005274770172901315,0.9975119926189258,0.002392461065798599,0.0025150501575612137,0.4683598402751039,0.3969465648854962,0.032626343917966455,0.013723695567914846,0.7826638914887925,0.05826780360132664,0.1692307692307692,0.95340477781787,0.11061003607041356,0.13124390016309917,0.2,4,0.046153846153846156,1,1,10.562965487139845,5.313872176859325,4.460791279670155,0.27472527472527475,2,0.05555555555555555,38,3.9275284400558723,0.07882533100782181
old,dH,105000,243,picked,46,0.2711,2.705,0.0535,0.00589361897035631,0.005587059453166217,0.9479845034550038,0.0023827939668509294,0.0025376421374969085,0.4118538851693816,0.15217391304347827,0.053659180469133205,0.018372879100194386,0.8428550668506923,0.040426283547280624,0.17407407407407408,0.8345251202437151,0.1969336286943028,0.11837912491080171,0.4666666666666667,2,0.13333333333333333,1,1,4.0109530928294514,5.279033883045776,3.871089974713871,0.20833333333333334,1,0.024390243902439025,21,3.7831737732098407,0.0301671984591953
old,dH,105001,254,picked,162,0.6578,5.73,0.0969,0.004060420006487186,0.00423981449638429,1.0441812644038035,0.002157162388437877,0.0025328729907252733,0.6160946280941426,0.10493827160493827,0.032174730545782036,0.013400222896922434,0.8323783450887322,0.053176413180006266,0.15527950310559008,0.8966701764131114,0.1865566275369974,0.3075166790423082,0.36024844720496896,6,0.06832298136645963,1,1,7.184991051291087,10.482758073763298,5.521400306294594,0.13592233009708737,2,0.14012738853503184,44,4.677919774541421,0.06377423367627078
old,dH,105002,266,picked,144,0.3362,3.095,0.0548,0.0023349622803580153,0.0028556481007904247,1.2229953883248914,0.0011180272929240068,0.0015191647951582005,0.6415800789230056,0.05555555555555555,0.014573706701661691,0.007804545658499362,0.6502367795443338,0.18367004332734913,0.1456876456876457,0.9696660918385938,0.0530936714667068,0.14862366656098597,0.22377622377622378,5,0.04195804195804196,1,1,8.8372849492088,5.331811286137833,4.177336167200855,0.1927710843373494,2,0.11510791366906475,34,3.8477145334746408,0.03971163531291686
old,dH,105003,278,picked,70,0.4063,2.057,0.0432,0.005804224845276433,0.005952460883774829,1.0255393342694215,0.002811649697507654,0.0031966441790572003,0.5350088204722365,0.15714285714285714,0.044609430465720065,0.016703307306132186,0.8197082178119514,0.04507931888389912,0.20531400966183574,0.8612775868008835,0.1585994178429247,0.12459884082701142,0.2753623188405797,4,0.043478260869565216,1,1,8.588071986097374,5.2856494395876155,3.9478782633710683,0.13157894736842105,1,0.09230769230769231,32,4.51070837485714,0.0433903299630631
old,dH,105005,304,picked,128,0.4404,2.753,0.0619,0.0034409497337012174,0.004856195078007671,1.411294977792123,0.0018289411189870302,0.001955190460553362,0.5593341253308569,0.2734375,0.024729004005618442,0.010540936883389872,0.8287207548816536,0.025621067794150413,0.09973753280839896,0.8581698309402922,0.08636262927514811,0.19761124203897423,0.2755905511811024,4,0.007874015748031496,1,1,6.964744138131929,6.450147485396675,3.7029462592070086,0.13725490196078433,1,0.0975609756097561,35,3.3827022878564907,0.03525889808623047
old,dH,105006,317,picked,100,0.3286,2.698,0.0308,0.003285919560103443,0.003142404611197097,0.9563242659227398,0.0022133221493629398,0.002852136537554302,0.8506275810096899,0.28,0.03560504887827015,0.019783655688097593,0.6548214016942903,0.10022272767188682,0.19023569023569023,0.9390142026762801,0.13459439078966778,0.0993086317051998,0.21212121212121213,3,0.010101010101010102,1,1,10.523570680504047,5.424926277626006,4.364615728953799,0.4375,2,0.22105263157894736,38,4.3627972527349215,0.037785814987523675
old,dH,105007,328,picked,222,0.8037,5.405,0.0564,0.0036204522866622774,0.004532652132731665,1.2519574279241092,0.0020745277578198655,0.0022462588629296775,0.6148464667792004,0.34234234234234234,0.0341181488699647,0.015727100030982877,0.7090571032675901,0.07718504309181017,0.14856711915535445,0.9060851167327179,0.12896578969271702,0.1302198472125471,0.13574660633484162,3,0.004524886877828055,1,1,3.458436578536621,6.269215616841635,3.829539111478841,0.24285714285714285,5,0.20276497695852536,51,3.842848844814902,0.08130259669768587
old,dH,106002,267,picked,189,0.7575,6.177,0.1299,0.00400799764044709,0.003612755107935517,0.9013865356299252,0.001957719627747814,0.0023439127562195653,0.5786204620547742,0.1111111111111111,0.027495866617358918,0.013496586412477354,0.7805092000486128,0.06283093885159553,0.22251773049645393,0.9444616991948809,0.11711565531277786,0.4184478083505635,0.39361702127659576,4,0.031914893617021274,1,1,10.48426218573744,7.486541721436141,5.342691628665377,0.11578947368421053,1,0.10869565217391304,58,5.123116621372223,0.07453543928070967
old,dH,106003,279,picked,216,0.3481,2.4,0.0289,0.0016117527272556378,0.0028283555450828867,1.7548321757139396,0.001067102255444623,0.0012881778679537234,0.7918400096492442,0.3287037037037037,0.010905216054312246,0.007618776310440233,0.6394630643043647,0.11618081685409558,0.1325581395348837,0.9468373221319514,0.03947403672852634,0.11272896342062279,0.09302325581395349,2,0.004651162790697674,3,2,3.54007774458401,6.326449493989819,2.5732454018621533,0.0,0,0.2559241706161137,32,2.4728493022316567,0.0330249214053254
old,dH,106005,305,picked,100,0.3034,3.036,0.056,0.003034013675254776,0.0032659825966212673,1.0764561225476388,0.0015374349555941826,0.0020530083475495484,0.6631308873153341,0.09,0.029706653593269773,0.014213116607959233,0.7695165119220113,0.05699045108926462,0.1346801346801347,0.819829883593738,0.10537359702090435,0.14257050090710618,0.3333333333333333,5,0.08080808080808081,1,1,7.728302321378446,5.118055240756175,4.045944266143208,0.23529411764705882,1,0.12631578947368421,36,4.184303719992712,0.03214046720050804
old,dH,106007,329,picked,83,0.2661,2.681,0.0503,0.0032058963168233546,0.004518431142859513,1.4094127496102924,0.0015392074010534273,0.0015990794488416735,0.4867741373108831,0.060240963855421686,0.02304448735234417,0.00991618382919592,0.8129468199954691,0.04274631585718865,0.11178861788617887,0.7809010724308681,0.07960990712749791,0.10092354620277054,0.24390243902439024,2,0.012195121951219513,1,1,7.200778159231604,5.36154250403579,3.9646039105352187,0.10416666666666667,1,0.1794871794871795,25,3.1703754944669864,0.028006456812181595
old,dH,107001,257,picked,117,0.4707,5.407,0.0781,0.00402283714189416,0.0049230217768331495,1.2237685999178023,0.002085363824692165,0.002259128246173986,0.5519762771879898,0.008547008547008548,0.02908605119477132,0.011534749950408122,0.8518461832259074,0.029558225876766462,0.14798850574712644,0.8793608384041205,0.17489738329353496,0.24939272256030298,0.28448275862068967,2,0.02586206896551724,1,1,6.761517307255892,10.68638503717551,5.087541563711187,0.05405405405405406,1,0.03571428571428571,32,3.878534894507655,0.05112671250849309
old,dH,107002,269,picked,117,0.5521,4.375,0.0742,0.004719153725684897,0.005821207178279647,1.2335277714299946,0.0022770373031918293,0.0023544227291343524,0.4903794877799044,0.26495726495726496,0.030029317666319458,0.011629766973479939,0.8524458452356404,0.03049203445302497,0.1709770114942529,0.8430906662025226,0.10260209695905702,0.21152389670911173,0.3275862068965517,6,0.10344827586206896,1,1,8.451170946224321,5.759574351386958,4.177478392280319,0.16393442622950818,2,0.05357142857142857,39,4.0470903357211725,0.04733683420638752
old,dH,107003,280,picked,59,0.2946,3.367,0.0404,0.00499406384642032,0.005465829280143148,1.0944652387776306,0.0026592913807706423,0.002711382626685504,0.5245169929259599,0.0847457627118644,0.04423787743422408,0.01844450242181093,0.8191922946068647,0.05352624423685321,0.16379310344827588,0.8962423236646759,0.1624369356086699,0.14342508891775965,0.4827586206896552,4,0.1896551724137931,1,1,5.147774312149344,5.3892133419283725,3.9118861533601255,0.3235294117647059,1,0.12962962962962962,29,4.298241866815555,0.03909225317565428
old,dH,107004,297,picked,88,0.3688,2.22,0.0563,0.004190634597906836,0.0043171152696712565,1.0301817466566032,0.0023053657803017128,0.002807189265393565,0.6546477497064951,0.17045454545454544,0.028760538251729018,0.014998090066668817,0.7341836103970082,0.06428651208268586,0.13984674329501917,0.9246415541096386,0.10398507964881984,0.14983797824231743,0.3448275862068966,4,0.12643678160919541,1,1,8.392733718693695,6.366841097179766,4.402750163721591,0.19230769230769232,1,0.13253012048192772,32,4.293104111557736,0.034698960078066006
old,dH,107005,306,picked,161,0.8207,4.278,0.0518,0.005097384614992262,0.004786055294231361,0.9389237139678984,0.0029865410446002355,0.0031470607516532758,0.6097179365534707,0.13664596273291926,0.04058766931626303,0.019825008145356513,0.747928094367007,0.07210989933330048,0.21354166666666666,0.9035639108173362,0.14246365869143984,0.22930366592682094,0.275,9,0.14375,1,1,5.580505571757877,7.698979674237292,4.98298283932116,0.20175438596491227,3,0.1794871794871795,62,5.36314098011222,0.058080345158204504
old,dH,107006,319,picked,114,0.5156,3.292,0.0462,0.004522540774497709,0.004652451934954304,1.0287252601876262,0.0025138657552409805,0.0027200521142928904,0.5908917210499303,0.32456140350877194,0.02994631475021209,0.01490908544345503,0.7299324053599303,0.07630666479976009,0.1784660766961652,0.9227145549289584,0.10954061926108356,0.15424581996282533,0.2831858407079646,3,0.035398230088495575,1,1,8.66134524099002,6.441657472504053,4.557789790154206,0.3076923076923077,3,0.25688073394495414,46,4.43570493046955,0.02859561219259621
old,dH,107007,330,picked,212,0.9616,6.154,0.0872,0.004535757464001661,0.004531691621847998,0.9991036023892519,0.00262249181229793,0.0028877494671012338,0.6306568572730966,0.25,0.03971894517926598,0.016688130496300108,0.7992565500101553,0.057871742688891226,0.17140600315955767,0.9348205534417142,0.1462553229956132,0.3505284285748381,0.2890995260663507,7,0.08530805687203792,1,1,8.749397124045917,9.529245453035937,6.725341692819157,0.26119402985074625,6,0.15458937198067632,57,4.8623365733967905,0.05576541790783197
old,dDP,100000,232,picked,123,0.5436,5.32,0.0748,0.0044195296815878905,0.004673023155342755,1.057357567890298,0.0023663892491576533,0.002943622297465625,0.655218706265289,0.016260162601626018,0.03025522821264688,0.013560934402618132,0.6541642319268322,0.14336588713268086,0.4125683060109289,0.9670566242995131,0.150942103972603,0.31273395549343996,0.4262295081967213,6,0.03278688524590164,1,1,5.225181655079029,9.508318835635883,4.494217793358023,0.14893617021276595,1,0.19491525423728814,42,4.610072291812091,0.04265053704691025
old,dDP,100002,254,picked,124,0.5106,4.091,0.0799,0.00411803055310172,0.0037461314585742447,0.9096900594272281,0.0020186192591983283,0.0024672177572287405,0.5894623391286842,0.008064516129032258,0.029267322873483104,0.012644320378739212,0.7618837703473923,0.08791499384755219,0.38346883468834697,0.8824626180263923,0.1410579653356665,0.28171589380065554,0.45528455284552843,5,0.0975609756097561,1,1,7.123581136915504,11.137793610985042,5.79810524283819,0.14084507042253522,1,0.03361344537815126,42,4.709572386039808,0.04786924150682831
old,dDP,100003,269,picked,106,0.3777,1.928,0.0578,0.003562757162085556,0.004134842741004909,1.1605738345030698,0.001707534326904818,0.0020479333121000065,0.5639713765257338,0.018867924528301886,0.023913892786175082,0.011437885758432544,0.6022960574972608,0.1740026517091572,0.4587301587301587,0.9493852050278713,0.1085576907081424,0.19728906334078997,0.3523809523809524,5,0.08571428571428572,1,1,5.086077900610058,6.746829739131794,4.689527996245863,0.125,1,0.06930693069306931,32,3.951838761676344,0.027035814805711118
old,dDP,100004,280,picked,89,0.2722,2.61,0.0527,0.0030579434296619584,0.002991854101788017,0.9783876551695245,0.0013191125929610523,0.0015645954841261604,0.5001518406812862,0.056179775280898875,0.02516720064826261,0.010557107996463045,0.8184522580316402,0.06173041595306867,0.38257575757575757,0.841060389902899,0.11731756459014693,0.1448525663217634,0.32954545454545453,4,0.09090909090909091,1,1,6.765896815017278,5.253489245569136,4.214106832567671,0.15384615384615385,1,0.09523809523809523,29,3.9583669531434587,0.02115340383447778
old,dDP,100006,302,picked,91,0.4131,3.587,0.0607,0.004539386458320016,0.004641120217105044,1.0224113456122612,0.0022638944024020806,0.002469934611859157,0.5321534874493697,0.0,0.02902040212086047,0.01405230716573847,0.6784645043580401,0.12164334959881855,0.42777777777777776,0.8670427685063438,0.12162976812967013,0.20357634713920175,0.4111111111111111,6,0.12222222222222222,1,1,8.628008681715581,8.086006988508093,4.157607949104915,0.13043478260869565,1,0.06976744186046512,28,3.983122714527128,0.023096816715414612
old,dDP,100007,311,picked,112,0.6999,4.246,0.0706,0.006249011526229529,0.004773261059485226,0.7638425756537646,0.002835473493651684,0.003496096992849899,0.5494735727392592,0.17857142857142858,0.041158737941813225,0.02017188247571866,0.6369132437600092,0.16853577229303227,0.3843843843843844,0.9123122029930749,0.16247472193624293,0.1591233914539839,0.26126126126126126,3,0.018018018018018018,1,1,6.775438950281972,5.046455285569677,4.315585538016352,0.32,3,0.09345794392523364,48,5.236930176974818,0.020111252601390173
old,dDP,100008,325,picked,116,0.3573,2.25,0.0437,0.0030801919269699313,0.003578748716586616,1.1618590014639538,0.0016432352232179884,0.002037477384355376,0.6500726290472492,0.04310344827586207,0.023284259378707376,0.010901370136777276,0.6752438351372643,0.13012101007609062,0.49130434782608695,0.9333566024336378,0.09647504651340945,0.12783560525813836,0.22608695652173913,4,0.008695652173913044,1,1,5.392649465304743,6.829437393515737,4.063081658673225,0.13559322033898305,1,0.13513513513513514,35,3.876663082056813,0.035351855938851234
old,dDP,100009,233,picked,104,0.3336,2.863,0.0631,0.003207915721625036,0.0034009487935499753,1.0601739848162701,0.0018555237083751445,0.002433638144808863,0.7440461715265214,0.11538461538461539,0.02414296395662277,0.013062925058923371,0.6410407800630448,0.13474349003002875,0.5080906148867315,0.9511277548232285,0.10149477336269158,0.14736681283211553,0.3786407766990291,5,0.14563106796116504,1,1,8.677674900333981,5.844998896121769,3.9582607518836825,0.21666666666666667,2,0.15151515151515152,37,4.467622416135665,0.03057252742699325
old,dDP,100010,278,picked,161,0.8492,4.814,0.0706,0.0052742623719229855,0.004346478036359212,0.824092115609807,0.0023617525080095255,0.002845746036987565,0.5328508436556694,0.12422360248447205,0.03314752812383622,0.01645834058777364,0.6388526088679998,0.15933942982621593,0.3885416666666666,0.9311984280575935,0.12852814781246225,0.20817221612267583,0.28125,4,0.04375,1,1,6.872371440063946,8.456084255897299,5.942799263461306,0.25,3,0.1987179487179487,55,5.294249680592243,0.032168009944597044
old,dDP,101003,247,picked,112,0.81,5.797,0.0904,0.007232013911597884,0.004697854743926572,0.6495914971060391,0.003551358252778776,0.004439983516096308,0.6029714750925498,0.16071428571428573,0.046082999514173474,0.02337280956480779,0.6108267409553941,0.1792336228579278,0.3438438438438438,0.9411761993489508,0.1795168218335935,0.2289001188635803,0.27927927927927926,3,0.018018018018018018,1,1,8.954511858540329,5.915599266778972,4.030381929635344,0.2602739726027397,2,0.06542056074766354,46,5.217950739304524,0.0326229517931177
old,dDP,101005,273,picked,106,0.4354,2.528,0.0514,0.004107745288289337,0.00393755918654938,0.9585694609095807,0.0025772575360116985,0.003417214967665384,0.8161993936471001,0.20754716981132076,0.027404056208969144,0.015813756400399167,0.5763818517220006,0.1775408593427413,0.3984126984126984,0.9414530341732661,0.11746895060224354,0.24862766181750726,0.47619047619047616,3,0.047619047619047616,1,1,7.883450244745243,6.99045842162099,5.214412320311794,0.30303030303030304,1,0.25742574257425743,40,4.252186294690797,0.03333002111099944
old,dDP,101006,281,picked,126,0.6992,3.777,0.0537,0.005549443798328165,0.004814309298757451,0.8675300577344018,0.002653166780466363,0.0033550308989759047,0.5949743001734157,0.30952380952380953,0.036357161788121484,0.017678205213830133,0.6863072195308679,0.12599146651180285,0.3933333333333333,0.9615909271238526,0.1410982379364589,0.12566456067075327,0.168,2,0.016,1,1,6.1970685953045965,5.093638048099109,4.015243685433712,0.19387755102040816,2,0.11570247933884298,44,4.930070775038538,0.01836127870045628
old,dDP,101009,304,picked,89,0.3676,2.354,0.0538,0.004130543963381719,0.004979749878710675,1.20559178714895,0.002203988172916474,0.002326180710227245,0.5505102975687111,0.10112359550561797,0.029535931743392387,0.012002842766908618,0.7526187319795946,0.07475239460767197,0.418560606060606,0.909031400513625,0.1236154485061374,0.1313900781378959,0.36363636363636365,4,0.06818181818181818,1,1,5.2713633249312215,6.345494990249885,4.259183213734543,0.16666666666666666,1,0.15476190476190477,34,4.090266155732671,0.028872057619030143
old,dDP,101010,315,picked,146,0.4992,2.893,0.0607,0.0034188598488627494,0.00392523905324342,1.1481134725511233,0.0021865205163594022,0.0028235496308506827,0.814561284139973,0.0273972602739726,0.022009181620529936,0.013702502625442935,0.5514179536539583,0.1875446516791103,0.48735632183908045,0.9332560138184763,0.09988357997648248,0.2512903321044962,0.4413793103448276,10,0.034482758620689655,1,1,8.918373429472366,7.002413699231893,4.523918149749944,0.09803921568627451,1,0.2127659574468085,50,4.764972116656725,0.03385878559904757
old,dDP,101012,326,picked,100,0.3882,6.586,0.0801,0.0038820366519003425,0.003895241581000424,1.0034015467354274,0.001528919859630549,0.0019309592838899863,0.4874606470512957,0.02,0.034348924954467876,0.014783893779472417,0.6698537322106102,0.1347089924700538,0.38047138047138046,0.8795705829540849,0.14619614481925963,0.2013040381004644,0.30303030303030304,3,0.010101010101010102,1,1,3.033629034193291,5.970004357785868,3.9280600927600235,0.14035087719298245,1,0.07368421052631578,32,4.177603967466168,0.03385463143657222
old,dDP,101013,259,picked,102,0.7211,4.783,0.0716,0.007069273877364907,0.004886172961711959,0.6911845610278285,0.0031433765942201377,0.003502335528100674,0.48571640341250283,0.17647058823529413,0.04239999917776426,0.01670470890754051,0.7517723119425245,0.10548285354182847,0.30033003300330036,0.9385866982685966,0.15567983531094845,0.1821204413245105,0.2376237623762376,2,0.009900990099009901,1,1,7.77395439374581,5.610037922520609,4.501878844339388,0.208955223880597,2,0.13402061855670103,43,5.031911470527101,0.027112457819750548
old,dDP,101014,301,picked,100,0.3621,2.474,0.0506,0.0036212915162503606,0.00405051398340424,1.1185274549778073,0.0018766866251856325,0.002232179322418429,0.604076122055793,0.07,0.02167520501843183,0.011078294669974223,0.539051274924597,0.19373627056909312,0.45959595959595956,0.9471571115390021,0.10007910480101903,0.18120260855264325,0.3939393939393939,5,0.010101010101010102,1,1,8.326848403195761,6.485768032051904,4.552017046656181,0.21428571428571427,1,0.18947368421052632,33,4.2452095423127165,0.03265453746219779
old,dDP,102000,235,picked,116,0.4751,2.366,0.0477,0.004095999084035404,0.003617923127934321,0.8832822111790906,0.0022362358470328406,0.00286398481339911,0.6871597642349231,0.04310344827586207,0.025681249312512793,0.014280638589328078,0.6510295373738386,0.1413000085660117,0.3710144927536232,0.9457594217550319,0.10982747949745464,0.19762923128316218,0.28695652173913044,4,0.0782608695652174,1,1,5.3315369245353965,7.26845590812978,4.8782406427153235,0.34177215189873417,2,0.13513513513513514,45,5.008762509526344,0.04885751905923466
old,dDP,102001,248,picked,216,0.4052,2.15,0.0629,0.0018761180467138682,0.0027364846420373677,1.4585887315728787,0.0010143466512208526,0.0013100651534976074,0.6918194315481702,0.027777777777777776,0.011341637097610501,0.006323490068046393,0.591470019977503,0.19769386430017144,0.5813953488372093,0.9794926638496633,0.05865093389594996,0.20105624537452255,0.22790697674418606,7,0.09767441860465116,1,1,4.37825484232969,6.6115206522946055,3.7812259413821834,0.10778443113772455,2,0.23222748815165878,31,3.4007470271122537,0.019585834856580886
old,dDP,102002,257,picked,145,0.44,2.544,0.0622,0.0030347768285677768,0.003755171900286516,1.2373799170131137,0.0017919661484958594,0.002227513275812589,0.7238716646599821,0.041379310344827586,0.016635542735700604,0.010831296352204717,0.4483872846228561,0.2469727444225219,0.545138888888889,0.9751781053266085,0.07670181407325569,0.2111490016142087,0.3541666666666667,8,0.013888888888888888,1,1,8.567234622550005,6.8388713715900264,4.185487534359562,0.3148148148148148,3,0.2357142857142857,39,4.156612018873394,0.03506378790339714
old,dDP,102003,274,picked,96,0.3104,2.404,0.0642,0.003233428149477911,0.004139049822800028,1.2800809640592585,0.001777053137320261,0.0020844696948926623,0.6312319768866028,0.052083333333333336,0.02284950520320157,0.011204917127489016,0.705808341360219,0.10901251246209519,0.48771929824561405,0.9245002690902936,0.09250758371005456,0.15077193408050496,0.29473684210526313,6,0.05263157894736842,1,1,9.152307155847442,5.061077838894063,3.725974730904176,0.043478260869565216,0,0.23076923076923078,32,3.912923098725941,0.028779738347180717
old,dDP,102004,283,picked,146,0.4312,2.45,0.039,0.0029537307248074197,0.0030465930932274715,1.0314390095346644,0.0018279768963785218,0.0023783738349389605,0.7941798322186561,0.18493150684931506,0.017241022314155634,0.011020000240382211,0.4969140339486034,0.2624679381260499,0.5252873563218391,0.9726162015726116,0.07877619061023677,0.27129188507617763,0.41379310344827586,6,0.05517241379310345,1,1,7.371271372934029,7.328727078090178,5.58747700505272,0.12307692307692308,1,0.24113475177304963,42,4.3199949065845065,0.024175539118719874
old,dDP,102005,297,picked,120,0.4991,2.532,0.0617,0.004158871954586787,0.004655323908549535,1.1193717814310717,0.0022167152861846556,0.002608075865468488,0.6166595082469084,0.13333333333333333,0.029393388906129726,0.013618669944952297,0.6510344686211859,0.1400945837852193,0.4831932773109244,0.9638151579584318,0.1189141468041473,0.1748350932807799,0.29411764705882354,4,0.058823529411764705,1,1,6.048883414477498,7.14465651194866,4.187971587057858,0.07462686567164178,1,0.21739130434782608,36,4.173486474963736,0.03728530382213758
old,dDP,102006,305,picked,57,0.2909,2.802,0.0552,0.005103748868478192,0.00369390684933544,0.7237634422316059,0.0025853991337401214,0.0029589372558993634,0.5594152395853614,0.0,0.04446302353222366,0.019684025235964877,0.7318266281249629,0.08732464871500432,0.22916666666666666,0.8920516223792517,0.22225853922771432,0.15496231373507685,0.48214285714285715,1,0.05357142857142857,1,1,9.508227596923152,5.271060537510442,4.13240133410272,0.21428571428571427,1,0.11538461538461539,26,4.111606962612904,0.024654964774433036
old,dDP,102007,316,picked,184,0.6161,5.017,0.0705,0.003348218017010772,0.0035518876710957928,1.0608292688977443,0.0022631719389562765,0.002997570535666965,0.885542169647271,0.125,0.019823646405930557,0.01312121369109181,0.4846215257805406,0.21666242852431816,0.49817850637522776,0.9552405831229189,0.08742075278491214,0.4645786954633805,0.5081967213114754,6,0.060109289617486336,1,1,8.375154755908486,7.239929542844749,5.511977204936933,0.18333333333333332,1,0.2681564245810056,56,4.842137866666443,0.044727928580567344
old,dDP,102009,327,picked,134,0.8562,6.029,0.0876,0.006389819758255369,0.005949914911319011,0.931155359058756,0.003471524846610969,0.004215422613730322,0.6498627528478647,0.23134328358208955,0.040086685053861794,0.02101249002314986,0.6548343283643603,0.15609562377336994,0.37844611528822053,0.9392615363335066,0.15289598132543897,0.21199622225608464,0.23308270676691728,3,0.06015037593984962,1,1,7.5474709057042215,4.9170961806980795,4.248476076006129,0.2736842105263158,4,0.12403100775193798,53,5.246054396372401,0.02948604623571294
old,dDP,102010,262,picked,79,0.2817,2.749,0.0601,0.003565727491365955,0.0034431696684436848,0.9656289429803506,0.0015660562621926518,0.0017536080119547502,0.4793447835119976,0.02531645569620253,0.029838589037296012,0.013161381006083666,0.7782301665322578,0.07513212187457065,0.43162393162393164,0.921133243715277,0.13096518594504408,0.13472690471036122,0.3333333333333333,5,0.038461538461538464,1,1,7.055951256819587,5.535385259909621,4.216055323696661,0.1794871794871795,1,0.14864864864864866,33,4.417710250387036,0.028611006022304788
old,dDP,102011,319,picked,97,0.4276,2.689,0.0499,0.004408752146602081,0.0048524681070170285,1.1006443423581724,0.002608301388827119,0.0031786497890646352,0.7061205789387427,0.08247422680412371,0.02979211212087185,0.01353194387372777,0.6578353647835814,0.15373857653990478,0.47048611111111116,0.9240263304733447,0.12605879366193032,0.19382342557711885,0.40625,7,0.041666666666666664,1,1,6.45504911203647,7.316342502980876,5.148938834311208,0.23684210526315788,1,0.16304347826086957,39,4.410227942000328,0.036326777749579715
old,dDP,103000,242,picked,233,0.6171,3.649,0.0569,0.0026484164291908567,0.0029750824436157626,1.1233439012174942,0.0018853095113499723,0.0023890359390965677,0.8943190227685834,0.034334763948497854,0.01678093961165529,0.013233320717799566,0.43196504529276974,0.23054562924005786,0.5294540229885057,0.9701151758193738,0.07981153538128166,0.28324341688912513,0.23275862068965517,6,0.017241379310344827,1,1,8.714128429784457,7.511982243844421,4.227369533349449,0.16129032258064516,2,0.3157894736842105,62,4.749272639922442,0.03442792764228411
old,dDP,103001,250,picked,119,0.767,4.702,0.0727,0.006445624224639952,0.004663187925792481,0.7234656820306591,0.002957045363860126,0.0036260596383057373,0.5531066247830834,0.20168067226890757,0.0393852052818305,0.019369579801552923,0.6803373524543143,0.13638082210222977,0.3968926553672316,0.9432708964277173,0.14992747128176756,0.15956311752559205,0.2288135593220339,4,0.01694915254237288,1,1,6.63530909433229,4.890673152814934,3.9222688305340805,0.3058823529411765,3,0.08771929824561403,48,5.253151826868521,0.01598453423050024
old,dDP,103003,258,picked,153,0.5025,15.192,0.0794,0.0032845268994975826,0.0032856932326687403,1.0003550992903532,0.0019139221358812995,0.0022915565248774325,0.688562343018131,0.0392156862745098,0.028049785207047987,0.016049787722829383,0.6367879801617192,0.16749420945996848,0.45065789473684204,0.9336654465606714,0.11957138004126372,0.3244311864488734,0.48026315789473684,7,0.1118421052631579,1,1,6.5731588558661205,6.65107828084954,4.98446112469445,0.23684210526315788,2,0.20270270270270271,51,4.9030006398129515,0.04117124449122559
old,dDP,103005,276,picked,103,0.3622,2.13,0.0604,0.0035165479736062174,0.004247570775309798,1.2078807987806057,0.0016981872727155085,0.001924731288097095,0.5367075550207167,0.0970873786407767,0.02469703057164967,0.01064620958324657,0.7266988993891045,0.0949296145470403,0.4509803921568627,0.9334307869135225,0.10376005545017403,0.13551452499796654,0.24509803921568626,3,0.00980392156862745,1,1,5.026316924512004,6.8677369045115455,4.228913809615486,0.1111111111111111,1,0.1326530612244898,34,4.135151400417848,0.025848980911578192
old,dDP,103006,284,picked,72,0.3005,2.758,0.0671,0.004173739166593277,0.00408546680872419,0.978850533215966,0.0020023604196375416,0.0022077488229157137,0.5142684727171346,0.041666666666666664,0.029501128441936014,0.01308805969995967,0.7020876254827179,0.10086120704636714,0.3967136150234742,0.8062191574535488,0.12330946616000599,0.17293692929503998,0.4647887323943662,4,0.2112676056338028,1,1,8.581834517638088,5.444315913992232,4.163455708217852,0.14634146341463414,1,0.029850746268656716,29,3.925162377237011,0.023853056577948745
old,dDP,103008,298,picked,135,0.4318,3.678,0.0693,0.003198875762880845,0.0033741550236465103,1.0547940194488241,0.0016280439290376663,0.0019944571527635586,0.6142500631596034,0.0,0.023186951646647972,0.01280538410457542,0.6341267685534283,0.1522056324980567,0.4116915422885572,0.9064722327836257,0.1061863895551658,0.24392895813332982,0.4253731343283582,5,0.05970149253731343,3,1,6.269177897296375,7.159836183249199,4.054697641645747,0.15942028985507245,1,0.11538461538461539,34,4.043205098478394,0.025654530067904347
old,dDP,103009,306,picked,140,0.8068,3.885,0.0625,0.005762957554337596,0.004806903498605513,0.8341035749929321,0.0029923802281285753,0.0035019316975240604,0.598981351033378,0.14285714285714285,0.03820913487262755,0.018128155017133045,0.6764149645644663,0.13050850914802933,0.3800959232613909,0.9150223165572534,0.14642393908330373,0.18775430199305035,0.2805755395683453,6,0.05755395683453238,1,1,7.0879644097344,8.177835753172758,5.9827644751390725,0.2777777777777778,2,0.18518518518518517,51,5.360867617509374,0.042520015525588484
old,dDP,103011,317,picked,99,0.3238,2.787,0.0571,0.0032711688872456277,0.0033999118401355282,1.0393568651841465,0.0016937553866352964,0.0021768204022549094,0.6520128755285002,0.12121212121212122,0.023791129871320916,0.011729959893773104,0.695570557549459,0.10885282056564959,0.4795918367346939,0.940128882342043,0.1035272327537087,0.16383765506967995,0.41836734693877553,6,0.19387755102040816,1,1,9.155630357149517,5.726931435815726,4.22869803194056,0.2641509433962264,2,0.1595744680851064,39,4.429219877371277,0.026153921507981237
old,dDP,103012,328,picked,146,0.4593,2.54,0.0578,0.0031457564787028543,0.0036448061278387235,1.1586421747883204,0.002129181256682239,0.00282747797800172,0.8865102629020202,0.136986301369863,0.01894968992298212,0.011999261089032447,0.5558813240175537,0.19090628490269487,0.4873563218390804,0.9459937228445638,0.08450305931372186,0.2818183466432347,0.4827586206896552,11,0.08275862068965517,1,1,8.31705429197963,7.36092975497889,5.033609195331468,0.32653061224489793,1,0.3617021276595745,46,4.467986227961514,0.02408970944934437
old,dDP,103014,266,picked,113,0.3042,2.612,0.0548,0.0026920695893618,0.003871269210778107,1.43802716916239,0.0012939627058151345,0.0014954021633067343,0.5456526362415419,0.0,0.017171743099191835,0.007767143673637271,0.6755322026143481,0.12952417326484328,0.511904761904762,0.9382859575228268,0.08091053384243563,0.14555334336164538,0.3125,3,0.0625,1,1,9.66070538872277,5.418361464130753,4.032896441270919,0.15384615384615385,1,0.17592592592592593,29,3.2986432775453327,0.025733756885427395
old,dDP,103015,321,picked,142,0.3317,2.761,0.0586,0.00233573174117643,0.0027334057743850695,1.1702567234918615,0.0013333023352646344,0.0016759401913532558,0.7074165970333216,0.014084507042253521,0.01661895878256356,0.009669627442362288,0.59132767876754,0.16350368192429185,0.46572104018912525,0.9502380464205131,0.07588104008229125,0.15820555101759703,0.24822695035460993,4,0.09929078014184398,1,1,7.828994193649556,5.474814912356342,4.106440842590447,0.14705882352941177,2,0.1897810218978102,42,4.308734187628099,0.025936430842577757
old,dDP,104000,243,picked,95,0.3624,3.092,0.0606,0.0038143280410196066,0.004703878244267804,1.2332128211527427,0.0021837717453419897,0.0026925456446055328,0.6910418938260912,0.010526315789473684,0.024209638364724798,0.012684569240987202,0.6439873494875129,0.1469746756538073,0.44148936170212766,0.964695048390762,0.10488177234666389,0.18244601044846337,0.3191489361702128,4,0.05319148936170213,1,1,8.58674954171798,5.4712971537840955,4.134420144863412,0.17543859649122806,1,0.2222222222222222,37,4.376693522445833,0.03323991627963202
old,dDP,104001,251,picked,152,0.5225,3.623,0.0526,0.0034374120027328018,0.003328923499733591,0.9684389002793495,0.002592045212147053,0.0034610581905862546,0.9936306583327923,0.13157894736842105,0.024700880469791665,0.015964055091616417,0.5171863612602515,0.20187329654003894,0.44039735099337757,0.9553110308542355,0.11337272724822949,0.3025707792071792,0.4304635761589404,5,0.013245033112582781,1,1,7.827570072439641,7.38085752365818,5.963463242267313,0.15873015873015872,2,0.24489795918367346,45,4.843483128652699,0.04152264885852316
old,dDP,104002,263,picked,110,0.7682,4.474,0.0817,0.006983245088807909,0.0050651095186453905,0.7253231777248194,0.0032162267489806414,0.0038893814168037832,0.5468325030097989,0.21818181818181817,0.04442969029616891,0.020874753637879058,0.7096827049770309,0.12493805896079935,0.3547400611620795,0.9494528569023778,0.16772986587249872,0.17431400816332182,0.26605504587155965,1,0.009174311926605505,1,1,6.440961315202362,5.03131837695739,4.043095807592535,0.27631578947368424,2,0.10476190476190476,45,5.192793127874247,0.026988665195867706
old,dDP,104003,277,picked,99,0.3127,2.703,0.0646,0.0031581135904382137,0.003456449659523017,1.0944665416684416,0.001490313893684528,0.001885393455373287,0.5849392828339499,0.08080808080808081,0.022075535703911967,0.011225836126410102,0.6247636460151597,0.17317341840143177,0.4608843537414966,0.9412379531460043,0.09741360039422006,0.13808655356226804,0.3163265306122449,5,0.10204081632653061,1,1,8.431539001496272,5.87366241883413,4.076850039687987,0.3090909090909091,2,0.13829787234042554,31,4.221404301865267,0.028295995894058165
old,dDP,104007,308,picked,97,0.3313,2.214,0.0506,0.003415662251427944,0.0039650736048389805,1.1608506090382182,0.0018342875022124942,0.00220941428463742,0.6335109245736862,0.10309278350515463,0.02229740713673277,0.011535039287877547,0.6083707826382495,0.1358072925042893,0.4947916666666667,0.9137540990314293,0.10059313112517812,0.14656911896394992,0.3645833333333333,7,0.020833333333333332,1,1,7.30127253779947,6.791473871822666,4.519005705352991,0.2,1,0.20652173913043478,26,3.7194020217530657,0.026528362934115937
old,dDP,104011,330,picked,152,0.7792,4.296,0.0701,0.0051263050221884215,0.0044472916910302945,0.8675433224868355,0.002459160492458346,0.003143170955035856,0.605077815121003,0.2565789473684211,0.03439072828283918,0.01748431888462026,0.6333073671659865,0.16985922209348803,0.40397350993377484,0.9695608527783529,0.1359059514575883,0.16191817169141426,0.1986754966887417,2,0.013245033112582781,1,1,6.808464136347859,4.6778352972059665,3.9331416469448643,0.24786324786324787,3,0.1292517006802721,46,4.9435548086334915,0.02637154278163062
old,dDP,104013,267,picked,111,0.7594,4.529,0.0688,0.006841677709960713,0.004528407666095017,0.6618855576172734,0.0033161843466318684,0.00405048344476366,0.5813635090240262,0.15315315315315314,0.04601082740486322,0.022520194123666362,0.6463035031305124,0.15077255272903192,0.3303030303030303,0.9612708859739408,0.17820800881128054,0.14640568881979277,0.2,3,0.02727272727272727,1,1,5.915455172412426,4.863869850500557,3.596650648053642,0.3291139240506329,2,0.18867924528301888,45,5.1507876860688855,0.026592484146399236
old,dDP,104014,329,picked,91,0.2669,2.536,0.0531,0.0029331359546253604,0.0027087534040081598,0.9235008011601493,0.0015664830299467454,0.0019593631671692654,0.6533281341413495,0.15384615384615385,0.02773860365810482,0.012521032575521014,0.7434171915831337,0.09740890216485693,0.37592592592592594,0.914427726916343,0.13817965231098972,0.12658130360691325,0.3888888888888889,6,0.13333333333333333,1,1,5.109681003107743,5.836316533154338,4.1543752476997815,0.11864406779661017,1,0.13953488372093023,24,3.7694636556788113,0.026107539123321616
old,dDP,105001,252,picked,123,0.385,3.238,0.0549,0.003130272483129555,0.0034700606813916103,1.1085490800220514,0.0017788544257365787,0.002260409410309956,0.7103709973289372,0.016260162601626018,0.02407754327162939,0.01337806874414524,0.6280382147742533,0.16807725959371497,0.45081967213114754,0.9591124950460498,0.1140693657928043,0.19224773370477885,0.39344262295081966,5,0.07377049180327869,1,1,6.714717253706795,6.917341200584992,3.7767689242070785,0.109375,2,0.11864406779661017,34,4.165853657828406,0.0317791754049478
old,dDP,105002,265,picked,162,0.4455,2.49,0.0566,0.002750191088295664,0.0032916432124038752,1.1968780011005553,0.0018183069423026652,0.0024179677877614087,0.8683456010583858,0.09876543209876543,0.017640906297989468,0.011591409145696712,0.4972000697424976,0.21747452999587158,0.5362318840579711,0.952931763542827,0.08775628183358981,0.2652039372240896,0.37888198757763975,10,0.031055900621118012,1,1,8.419018621113574,7.180854407169902,4.8630807790286585,0.14545454545454545,2,0.29936305732484075,46,3.9441765137224523,0.025848120030461035
old,dDP,105003,279,picked,162,0.4059,2.255,0.0512,0.0025053607798873677,0.0033072896472566378,1.320085184460069,0.001723748334370138,0.0022097275153485823,0.8711108381114898,0.043209876543209874,0.01983889654405551,0.011970939500737552,0.6098167836778977,0.15358787319045128,0.5610766045548653,0.9692259536641753,0.08921481423662524,0.1917808998662251,0.2608695652173913,7,0.018633540372670808,1,1,8.93495688095748,6.938400112856074,4.068990069377052,0.0958904109589041,2,0.3248407643312102,39,3.83020601950491,0.03538525192702294
old,dDP,105004,287,picked,88,0.3843,3.31,0.0622,0.004367379762841359,0.004332469184495635,0.9920065164374413,0.0022739739563761656,0.002795756114838768,0.6255962044757802,0.07954545454545454,0.03020662258463536,0.014384807502372239,0.6700860626824778,0.1244625079477794,0.41379310344827586,0.925858314232294,0.12567356511047392,0.18540877521729066,0.47126436781609193,6,0.13793103448275862,1,1,9.373489614906392,7.796400939472835,4.3584839906330295,0.1794871794871795,1,0.1566265060240964,36,4.677333348885283,0.02963592711957039
old,dDP,105006,309,picked,194,0.4946,9.036,0.078,0.002549663556405242,0.003307355454131907,1.2971732861864063,0.0015901522441956594,0.0020140175194123698,0.7817715585236714,0.08762886597938144,0.02230574288126472,0.014228360259627686,0.5727235401073428,0.1915019287097519,0.48100172711571676,0.9683243344816068,0.09774510726281457,0.2604872584095115,0.27979274611398963,13,0.02072538860103627,1,1,8.86095842311662,5.592999238111843,3.655638434435555,0.13541666666666666,3,0.26455026455026454,52,4.350689016953841,0.0331330591224685
old,dDP,105007,320,picked,71,0.2951,1.878,0.0477,0.004156945730137944,0.004131437178390745,0.9938636312804708,0.0018431116512856276,0.0022676429813349914,0.5301406025769798,0.23943661971830985,0.028124999834317585,0.012127220938983233,0.5916429538839932,0.16293095032096735,0.3857142857142857,0.900891501836726,0.12417366037346388,0.1200396408348419,0.37142857142857144,4,0.11428571428571428,1,1,9.24150816495253,6.566406783069414,4.637384303528776,0.21875,1,0.06060606060606061,26,3.988729086301327,0.038805118593986644
old,dDP,105008,335,picked,209,0.4287,2.321,0.0664,0.002051054717394564,0.0033468933548371936,1.6317913542007898,0.0010871331057961885,0.0013640290830978928,0.6586738821516772,0.019138755980861243,0.013556362578630311,0.006879202993196558,0.6331220620587888,0.13944287413953657,0.5833333333333334,0.9447130900800038,0.06812862065610323,0.19483940312358247,0.23076923076923078,7,0.004807692307692308,1,2,4.599591823642962,7.485259107743886,3.3644679845524372,0.06481481481481481,1,0.10784313725490197,42,3.5012223454302305,0.029278594489172166
old,dDP,105009,275,picked,136,0.8286,4.924,0.0691,0.00609274800196132,0.00469779403694071,0.7710468306630178,0.002923872709218204,0.003458034272597425,0.5592190627801054,0.23529411764705882,0.03801020271808888,0.019999512977467427,0.6529312578813501,0.15162151944991534,0.34814814814814815,0.9034778611105608,0.1492085524779909,0.1542681270955793,0.17777777777777778,3,0.007407407407407408,1,1,5.79996311236433,5.0681544743051195,4.068865002132484,0.27184466019417475,2,0.1297709923664122,48,4.960583775561413,0.021323840932915155
old,dDP,105010,333,picked,105,0.7488,4.805,0.0745,0.007131189069427087,0.004673213985391621,0.6553204437429202,0.0033455311610595903,0.004063329940510586,0.5589436966168086,0.18095238095238095,0.04642984402215164,0.02481556039969883,0.6150585316259204,0.18008753437426026,0.3397435897435897,0.9400070688696364,0.1834685226281484,0.15472417645930672,0.19230769230769232,4,0.009615384615384616,1,1,7.350244981395696,4.71766297450212,3.9610236077481216,0.2631578947368421,3,0.11,48,5.260507813366737,0.01586458622766368
w3,dH,100000,232,picked,60,0.354,2.37,0.0386,0.005899516468135572,0.004393287047125565,0.7446859536462958,0.004432836606480362,0.005739860017216403,0.9405061211278155,0.18333333333333332,0.04438586547104215,0.03517236230301501,0.6388050953092894,0.10001753557779818,0.1807909604519774,0.9649723659988001,0.14885788824823168,0.1208238797432231,0.3389830508474576,1,0.11864406779661017,1,1,4.829353714977791,6.720913201408409,4.404723096337105,0.23809523809523808,2,0.16363636363636364,34,4.752538513461185,0.02861946681506664
w3,dH,100001,247,picked,109,0.508,2.327,0.0629,0.004660687167329956,0.005336446142771795,1.1449912751447278,0.0030361520527467066,0.004085081627788223,0.8604151829155314,0.43119266055045874,0.029267400757960776,0.022641914882308836,0.6923059896264486,0.08456217160177981,0.11882716049382715,0.9566738370556138,0.10019587404137358,0.10520942134288182,0.12037037037037036,3,0.009259259259259259,1,1,8.163933480537608,4.310137853464601,3.724528433594681,0.18666666666666668,1,0.20192307692307693,37,3.7227485172948827,0.0726564861325063
w3,dH,100002,258,picked,70,0.4451,5.253,0.0808,0.0063590220673862925,0.005599482467527204,0.8805571687265308,0.0037940035177276427,0.004871612907094022,0.7442062500714789,0.35714285714285715,0.04719306065537502,0.02752454956728346,0.7591239327605122,0.08320708488841749,0.16425120772946858,0.9715772371532608,0.16064979771063448,0.18379779868020146,0.37681159420289856,6,0.14492753623188406,1,1,9.328012323905671,4.372869375688777,4.16158998718063,0.275,2,0.2153846153846154,35,4.315089397223288,0.05190298764187243
w3,dH,100003,273,picked,98,0.3561,2.375,0.0647,0.003633749919730406,0.005333646044528303,1.4678076814168917,0.0021088827547890393,0.0024765132995637376,0.6676222264622784,0.22448979591836735,0.024874640026504462,0.01400305160827752,0.7850460040464992,0.03433122853167054,0.13917525773195874,0.9588618266740877,0.09318043737589908,0.11689601040118006,0.15463917525773196,3,0.010309278350515464,1,1,5.025276108163471,4.51825885800399,4.0478057042363265,0.14516129032258066,1,0.3225806451612903,24,2.754005417703805,0.034379546195128376
w3,dH,100004,281,picked,116,0.4954,2.484,0.0315,0.004270783521427722,0.005692522665605595,1.3328989018161674,0.0022539845055542574,0.002684659464778487,0.6177724109381049,0.4051724137931034,0.035437367685794585,0.017492308193997427,0.8228675159814877,0.04281273860734445,0.11449275362318839,0.9858586613721723,0.1247190148837265,0.10475838171850844,0.13043478260869565,2,0.008695652173913044,3,2,4.411907563739406,4.7314517506721065,1.032717599619733,0.0,0,0.32432432432432434,31,3.124564458878608,0.058921831684157246
w3,dH,100005,298,picked,75,0.3777,3.415,0.0765,0.00503583810578913,0.005936277026414318,1.1788061692432201,0.0026049788883255594,0.0034801203690668263,0.6726421874704493,0.29333333333333333,0.03335426727760671,0.0189983386446312,0.7843270990516241,0.0675371494572121,0.15315315315315317,0.9538894170712413,0.11472423921028775,0.12990624866680356,0.24324324324324326,2,0.013513513513513514,1,1,7.20177099785828,4.409649179702876,3.9560907249373165,0.11904761904761904,1,0.11428571428571428,24,3.4526950090947635,0.042195236967863814
w3,dH,100006,308,picked,85,0.5503,6.97,0.0838,0.006473677120383482,0.006211955926781677,0.9595714786612185,0.0033661511524535437,0.004114299241457407,0.6205889057753862,0.36470588235294116,0.04261582277057665,0.0202635032952191,0.8373932391687816,0.03831323383173353,0.11706349206349205,0.9680241538335885,0.15651627136211768,0.2797860988142771,0.4880952380952381,4,0.08333333333333333,1,1,5.087429775548398,5.386446698618913,4.075625299319068,0.22727272727272727,1,0.175,29,3.7094675406056066,0.05056371599560994
w3,dH,100007,320,picked,195,0.5686,3.685,0.0581,0.0029160807005158625,0.004295816651910741,1.4731473827698935,0.002096686640997926,0.002706645971106235,0.9186595896107427,0.20512820512820512,0.021489594018775742,0.014810819516850772,0.7380382855987566,0.08318293916786385,0.12457044673539519,0.96524997627466,0.06996903765914789,0.19999313845751754,0.18556701030927836,7,0.05154639175257732,1,1,7.762129001360111,4.826043487275886,4.13733624943313,0.10784313725490197,1,0.3894736842105263,43,3.217644834236686,0.035975289943709056
w3,dH,100008,333,picked,124,0.4364,2.101,0.068,0.0035191589639481835,0.005116205594536934,1.4538148594449982,0.00145104466130974,0.0018908361703381205,0.5286316508603769,0.18548387096774194,0.02612798003764212,0.011027421694669807,0.8291963204616827,0.05498470054468655,0.06504065040650407,0.972428558038661,0.08846751464310525,0.12725731948432767,0.13008130081300814,2,0.008130081300813009,1,1,8.251949628460558,4.433044703869544,3.815683320178681,0.12698412698412698,1,0.2773109243697479,27,2.617875156417217,0.05847412210002088
w3,dH,101000,233,picked,62,0.4036,3.415,0.0495,0.006510115848167557,0.0053929291715526465,0.8283921972096131,0.005106015890634628,0.006145237203215493,0.9135019842574983,0.2903225806451613,0.04402237328885164,0.03799184630744217,0.6029469858083405,0.11931195421026534,0.24863387978142074,0.971723778631778,0.1554545785090135,0.14792809714287206,0.3114754098360656,3,0.01639344262295082,1,1,8.944927444376424,4.3662249981018055,3.945276876996332,0.4,3,0.22807017543859648,28,4.23182675612606,0.031401469943242576
w3,dH,101001,248,picked,119,0.4196,2.792,0.059,0.003526465510303686,0.005164719251574103,1.464559694822972,0.001953331882881505,0.0021497906857480082,0.5993706003014512,0.2857142857142857,0.022593582183762465,0.011464607540450034,0.822305175801669,0.024681097578062205,0.09887005649717513,0.9379050603875455,0.07594847587310301,0.13300790255369807,0.16101694915254236,4,0.059322033898305086,1,1,7.380364666674527,4.582009377676333,4.168575254203665,0.21333333333333335,2,0.23684210526315788,31,3.097554713048051,0.059453821397474994
w3,dH,101002,259,picked,93,0.6004,4.001,0.0924,0.006455873246236472,0.006553568012034829,1.01513269577517,0.003611491194658181,0.00430984466917614,0.6532284133737287,0.3978494623655914,0.044917190799223204,0.02384342900643018,0.8038671255613732,0.05185861997414104,0.1503623188405797,0.9601218138409168,0.15023087942472077,0.18440075029686726,0.20652173913043478,3,0.010869565217391304,1,1,8.490901341356546,4.550212531258219,4.125905227533954,0.16981132075471697,2,0.20454545454545456,34,3.939130230185215,0.07633321189017177
w3,dH,101003,274,picked,122,0.556,4.648,0.0432,0.004557748738719964,0.005450207717560295,1.1958113599502584,0.0030373437518461817,0.004182257656837555,0.902571925687399,0.23770491803278687,0.04881520921134088,0.02730094751781741,0.7468904049988999,0.0937929566841678,0.21074380165289255,0.9607128874014831,0.17287118739036264,0.11839825887065138,0.1487603305785124,2,0.008264462809917356,1,1,5.224946378393904,4.5546011054164275,3.994227216509409,0.18681318681318682,2,0.39316239316239315,42,4.031467838030565,0.05652281847837514
w3,dH,101004,283,picked,100,0.3579,2.377,0.0578,0.003578825437009983,0.0037288422321938605,1.0419178855812572,0.0022543342011937468,0.0027111132723423807,0.7423918974699413,0.32,0.02896512899089361,0.017526499584321866,0.7478581315564794,0.07397001959940076,0.15151515151515152,0.9311374225854095,0.09683434166014195,0.11434464880118324,0.20202020202020202,4,0.030303030303030304,1,1,3.4972072070215976,4.7161341313841,4.064969535631774,0.14084507042253522,1,0.22105263157894736,32,3.9760233241821723,0.0692365787493444
w3,dH,101005,299,picked,198,1.1666,5.286,0.0753,0.005892060900996464,0.006319196940876055,1.0724934869236253,0.004263815071022421,0.005511231774200095,0.9259175792730262,0.3383838383838384,0.05792120970986093,0.03864039886996393,0.706276844721578,0.09648043159301241,0.22419627749576987,0.9742700426894291,0.203405284608153,0.16265251254498628,0.15228426395939088,5,0.04568527918781726,1,1,3.7811291112092906,4.166532530722356,3.7209439810581606,0.23376623376623376,5,0.32642487046632124,67,4.673235359310456,0.10138005518932468
w3,dH,101006,309,picked,97,0.5235,11.572,0.0902,0.005397067366653376,0.005643480271600929,1.0456568147490715,0.0033536108882941938,0.004357331426408409,0.790705257395002,0.29896907216494845,0.038218500044788155,0.024677846286165442,0.7309038924766443,0.09628083926295099,0.1597222222222222,0.9451861457945834,0.14402743828358108,0.29724601699488795,0.4270833333333333,5,0.010416666666666666,1,1,2.9901603883115766,14.151570332241146,4.164800709900043,0.13513513513513514,1,0.21739130434782608,34,4.22501189049575,0.04852016715613531
w3,dH,101007,321,picked,97,0.3442,2.977,0.0655,0.0035479629064003614,0.004317397702586081,1.2168666405158,0.0028019383922790408,0.0038241404480478763,1.0556176290994363,0.26804123711340205,0.02463219859487693,0.019352164660610644,0.6424440044066166,0.11351662516470033,0.1388888888888889,0.9628891171314952,0.08054578230041,0.12698928269302787,0.19791666666666666,2,0.03125,1,1,8.812697822484358,4.486690719063666,4.0386744971505895,0.16363636363636364,1,0.30434782608695654,39,3.973522357458073,0.028423453310229024
w3,dH,101008,335,picked,73,0.4024,2.164,0.0551,0.005511820350776314,0.00504814825936061,0.915876777197501,0.0033188227058760823,0.004838702879273934,0.8538260279907723,0.273972602739726,0.04359845712687622,0.029985739969615732,0.6734586033588141,0.11780323898178612,0.2222222222222222,0.9612731000690246,0.1584407619145363,0.16045724182045829,0.3472222222222222,4,0.08333333333333333,1,1,6.151032098550929,5.1512730725628355,4.223271078725035,0.2926829268292683,2,0.22058823529411764,29,4.247489628170142,0.05654406171827506
w3,dH,102001,250,picked,246,1.339,6.171,0.0799,0.005443208849487635,0.005336381875534001,0.9803742650874603,0.0038585081188033128,0.005157846179665444,0.9398706925179312,0.26422764227642276,0.055861567558908753,0.03354871261716254,0.7549764774366844,0.07779641445463481,0.22517006802721087,0.946456187140897,0.19120495413053976,0.21699254973238163,0.12244897959183673,6,0.0326530612244898,1,1,7.691676760400856,4.344478249668211,3.9542148424334287,0.33163265306122447,7,0.27385892116182575,63,4.939424445922634,0.11489532717393963
w3,dH,102002,262,picked,58,0.3338,2.571,0.0493,0.005755239349765107,0.0063971399400804705,1.1115332571427392,0.0032445139418974477,0.003922637228451972,0.6580740861631252,0.3793103448275862,0.03758418106352572,0.023569686387407952,0.7565430526809572,0.06406818400093817,0.1871345029239766,0.8815573063818556,0.13783309019930745,0.13127669440311987,0.2982456140350877,2,0.017543859649122806,1,1,10.294732217817018,4.382838716761983,3.9103525706939433,0.19444444444444445,1,0.33962264150943394,22,3.437228788336055,0.03858250987763348
w3,dH,102003,275,picked,104,0.5258,2.611,0.0514,0.005055987929607639,0.0048571301160161085,0.9606688511997769,0.002753687634299022,0.0030066606310734747,0.5832371982246606,0.27884615384615385,0.039939939128260465,0.018670173602258703,0.8354585784756728,0.030163291438755024,0.2184466019417476,0.9325534444198369,0.13752577826380732,0.11153837853504761,0.1553398058252427,4,0.009708737864077669,1,1,8.07761395631243,4.923225681458847,4.131507602923348,0.2318840579710145,2,0.30303030303030304,43,4.543727126609292,0.05757632807110502
w3,dH,102004,284,picked,82,0.2519,3.132,0.0668,0.0030718395112018983,0.003726887194285866,1.213242807996721,0.0012298219834900842,0.0013223906593168005,0.4199884869951989,0.35365853658536583,0.020443396290771833,0.006550691873348396,0.9038109556918189,0.015543841699219232,0.08847736625514402,0.9328122587892366,0.06963773683561542,0.10469097293248929,0.20987654320987653,3,0.012345679012345678,1,1,3.8648251228291897,4.527564773344436,3.5733000111590787,0.2127659574468085,1,0.14285714285714285,20,3.192880521502323,0.04048945246652736
w3,dH,102006,311,picked,99,0.6681,3.396,0.057,0.006748012302079708,0.006250199265446529,0.92622819663803,0.0042111443964610445,0.005489502783037098,0.7970648979489077,0.2828282828282828,0.05217131112932027,0.03366357915372405,0.7391133601123414,0.08813155509354852,0.25170068027210885,0.9276242281156007,0.17892924435311294,0.13481941085656585,0.19387755102040816,2,0.01020408163265306,1,1,4.051060254564096,6.964416679881846,4.457912155381439,0.2028985507246377,2,0.23404255319148937,45,4.822448854499327,0.06543418395079174
w3,dH,102007,325,picked,114,0.4714,2.811,0.0656,0.004135462451241604,0.005132424409967021,1.2410762932755188,0.0027684121423662464,0.0034098889362005193,0.8100826359283998,0.37719298245614036,0.024262370344499098,0.017403499268275797,0.7202688791610883,0.09320608900619194,0.10471976401179943,0.9787844658939752,0.08005117507357347,0.10970199362788509,0.11504424778761062,2,0.008849557522123894,1,1,5.000788391205341,4.6333117010290605,4.023931277259493,0.13333333333333333,1,0.28440366972477066,32,3.420585136319524,0.04147575768380036
w3,dH,103000,235,picked,46,0.3525,2.524,0.0569,0.007662735625535637,0.006155316295952255,0.8032792199485532,0.005436392521615785,0.008010301658026414,0.9999076109792373,0.2391304347826087,0.047962638652358704,0.04252419514519196,0.650941063844393,0.13473999750122548,0.23703703703703705,0.9746646118290171,0.17270240014877872,0.1292807900149559,0.37777777777777777,4,0.17777777777777778,1,1,7.602728177024262,5.677108320488418,4.423515222930458,0.5384615384615384,2,0.07317073170731707,25,4.226850206236479,0.0407943092467801
w3,dH,103001,251,picked,133,0.3695,2.268,0.0642,0.002778019935585914,0.00481998833737433,1.7350445458044357,0.0018664232813449563,0.0021564873179611486,0.7645945624907625,0.10526315789473684,0.015823053335710113,0.010902567640805638,0.7268271267413245,0.06529210125873805,0.1414141414141414,0.9677875305307426,0.05294571581639742,0.14822430940448295,0.20454545454545456,5,0.03787878787878788,1,1,8.33945620543515,4.667255356587152,4.233197620786721,0.21311475409836064,2,0.375,28,2.4203501432373877,0.03516757026285582
w3,dH,103002,263,picked,105,0.7626,4.681,0.0846,0.007262520048195349,0.0066163363903879915,0.9110248710476294,0.0041181888912747875,0.004572706719912598,0.6176378880234328,0.26666666666666666,0.04735661375617649,0.024986806787156084,0.792049351357838,0.04971222263855577,0.21314102564102566,0.8971857256492992,0.156146558504256,0.22161478867889534,0.2403846153846154,3,0.028846153846153848,1,1,9.870362858126223,4.321143748731828,4.178444840713866,0.25,3,0.19,43,4.859732267915903,0.0750199405678194
w3,dH,103003,276,picked,149,0.4585,2.669,0.0367,0.0030774222466099393,0.004122013031799945,1.3394369382819398,0.0017717889174762573,0.0024090854398251408,0.7723180415460559,0.28859060402684567,0.021293643138997564,0.013240107496059653,0.7993292702057846,0.06888700923160715,0.15990990990990991,0.9418507087040825,0.07090196630165349,0.11525741786441038,0.11486486486486487,4,0.006756756756756757,1,2,4.1458578820303345,4.667335660561389,1.1638057583194203,0.24324324324324326,1,0.3125,36,3.2582507713969493,0.033714190317589425
w3,dH,103005,301,picked,159,0.5538,4.05,0.0638,0.0034830047826960252,0.004210617649108235,1.2089037804447111,0.002585755961085289,0.0033524939938149286,0.9504219674029015,0.22012578616352202,0.023317727126380774,0.019523774278663756,0.7210607860585375,0.06598276893298906,0.1867088607594937,0.9382557446577202,0.08763178370783664,0.21218882725651886,0.2848101265822785,6,0.006329113924050633,1,1,7.013701184986159,6.896874464189658,3.538924458523697,0.171875,2,0.2077922077922078,56,4.59764339371527,0.044270131973284034
w3,dH,103006,315,picked,218,0.9351,5.485,0.0404,0.0042895703214586274,0.0049643411649635495,1.157304996290508,0.003537270785806816,0.0050162856099958885,1.1586858982665547,0.3165137614678899,0.04591544101145726,0.029352165546690945,0.6763543431598237,0.1218671075221756,0.18663594470046083,0.9539866764057492,0.154474311602225,0.10581813724447242,0.0967741935483871,4,0.009216589861751152,1,1,4.022035065516158,4.652704187978926,4.105261573500353,0.1696969696969697,5,0.4413145539906103,62,4.617100047210614,0.07368943717019699
w3,dH,103007,326,picked,71,0.272,2.432,0.0509,0.0038308118160185014,0.004694591810667882,1.225482230956241,0.0024482836780800707,0.0033820820540413563,0.8579936303011113,0.323943661971831,0.023146746092393356,0.018620262343023324,0.6958782184199008,0.09777399739827312,0.11904761904761903,0.8874014069582604,0.07748222242802504,0.09551411856977497,0.18571428571428572,2,0.014285714285714285,1,1,5.644638568743337,4.425048213510473,3.8284616624649166,0.3,1,0.25757575757575757,21,3.216797211763186,0.04760343036897289
w3,dH,104000,242,picked,58,0.478,2.797,0.0606,0.008241239579183412,0.006860383955396607,0.8324456399405357,0.004642121383592075,0.0049637987827550935,0.5815427717443639,0.29310344827586204,0.05592179886198719,0.028239796795741914,0.7706853278858472,0.059332768740553564,0.13450292397660818,0.9715665320691896,0.20254682535412669,0.11793816192732597,0.2631578947368421,1,0.03508771929824561,1,1,4.767868607200657,4.875301788977301,3.956627566113755,0.23076923076923078,1,0.2830188679245283,31,4.346543266171589,0.04624358853689375
w3,dH,104001,252,picked,164,0.4262,3.945,0.0833,0.002599062151114021,0.004412725832973615,1.697814664063425,0.0018036667418272877,0.002317154833182599,0.8806626060985123,0.07926829268292683,0.017825530756738206,0.012557293758142978,0.7539597812263755,0.061368994946766016,0.10122699386503066,0.944194092837916,0.062358454945005054,0.25682513320024075,0.44785276073619634,15,0.012269938650306749,1,1,12.301936727858743,4.436245852369298,4.202522887759342,0.19230769230769232,1,0.4528301886792453,37,3.0891655129624422,0.034725331174270284
w3,dH,104002,265,picked,199,0.482,2.865,0.0716,0.0024219607193042775,0.003439905885942781,1.420297967066499,0.0015161980395199403,0.0022312421508617042,0.9119956360260187,0.1306532663316583,0.014675158671150356,0.011478693757986958,0.7119570704278039,0.14236024856708734,0.12794612794612795,0.9621563480179254,0.049921990788761694,0.17630069516483418,0.20202020202020202,7,0.010101010101010102,3,2,8.358600024140976,5.96571578932913,3.7563254340051735,0.18518518518518517,1,0.33505154639175255,31,2.885673874649009,0.043174630097842746
w3,dH,104003,277,picked,70,0.3071,3.147,0.0423,0.00438724739893649,0.00476029310832266,1.085029558505545,0.003549337904527869,0.0048290250483753435,1.069247406761972,0.2857142857142857,0.029124032062000094,0.024662879687683815,0.6503877955942375,0.11495659200239307,0.21256038647342992,0.9477839497626871,0.10001666613277936,0.09800366642087294,0.18840579710144928,3,0.014492753623188406,1,1,7.074963907167975,4.520675666978121,3.9732830113500044,0.34146341463414637,1,0.24615384615384617,31,4.114119088402606,0.04131495973679853
w3,dH,104004,287,picked,199,0.7977,22.156,0.0924,0.004008585675500987,0.0048311659001139895,1.2052046011241104,0.002011540476128282,0.0021030415622774394,0.519361599004356,0.1658291457286432,0.027829352403233698,0.011780651153666312,0.8745798139473376,0.017906629873073055,0.12542087542087543,0.8834150262891836,0.09417191805502081,0.24816384164377958,0.21212121212121213,6,0.005050505050505051,1,1,8.528451225484437,4.813344177023965,3.715719655477114,0.3364485981308411,3,0.21649484536082475,53,4.345624064204863,0.05878090218119192
w3,dH,104005,302,picked,149,0.6695,5.568,0.0649,0.004492969528268547,0.0050131802115174675,1.1157832653829267,0.0030227361872882676,0.0037748150115469565,0.828883065029158,0.2348993288590604,0.028894345886455446,0.020533579620881627,0.6524543602513005,0.13122918658463462,0.2195945945945946,0.9540285804584058,0.09501052071117448,0.27715476888869583,0.28378378378378377,7,0.006756756756756757,1,1,6.078421332393397,12.312256203145214,4.018510077778468,0.16666666666666666,2,0.20833333333333334,49,4.461529594387731,0.04755311479525003
w3,dH,104006,316,picked,163,0.5866,4.368,0.0518,0.0035985980833132722,0.004154120677249512,1.154371947373674,0.0031607859012528373,0.004483819559793008,1.2307024197594332,0.27607361963190186,0.03360625179571762,0.026641860195921498,0.6372543749522531,0.14642006920793924,0.19753086419753085,0.969910966587945,0.11418964995684558,0.2369616339710819,0.30864197530864196,9,0.10493827160493827,1,1,7.756226286486947,4.670818868479613,3.8349087576085084,0.27472527472527475,3,0.2721518987341772,50,4.4423532909152,0.05499345968731661
w3,dH,104007,327,picked,128,0.7316,3.9,0.0649,0.005715561490793466,0.006314638407606853,1.1048150593390291,0.0034965406669604884,0.004657926386037561,0.8022214954106265,0.3359375,0.033742590932979884,0.02129408644533864,0.7834658230779321,0.05933109032306624,0.16535433070866143,0.9504543996919607,0.11070038696440558,0.14057185878302522,0.1968503937007874,4,0.07086614173228346,1,1,7.829932174343879,4.387014814438541,3.8703577384006396,0.3626373626373626,3,0.14634146341463414,45,4.4016236645273,0.08157768756991927
w3,dH,105000,243,picked,44,0.3027,2.849,0.0586,0.006879923520279635,0.006892333747801171,1.001803832191587,0.0036988676462775885,0.004864430934833011,0.6749087288700585,0.4090909090909091,0.05490042406731975,0.02460158928910571,0.8354102122479327,0.041449804991125355,0.15891472868217055,0.8977257982045046,0.19917596357338357,0.11446540855593157,0.37209302325581395,1,0.046511627906976744,1,1,4.070943400747626,4.704815988523314,3.8280656684567913,0.20833333333333334,1,0.3076923076923077,21,3.6386785745815087,0.03518727024218238
w3,dH,105001,254,picked,130,0.6609,5.651,0.0899,0.005083920442098677,0.005134932431885985,1.0100339866385184,0.003114829526778637,0.0040487081260945365,0.7841232675003043,0.2076923076923077,0.040978271351825926,0.022809415000896237,0.7906276609386115,0.06511978750454586,0.14857881136950907,0.9332852420517233,0.13535061211158067,0.23948513692881654,0.2558139534883721,4,0.007751937984496124,1,1,7.4262468750812,5.386497752573169,3.941102187613622,0.22077922077922077,3,0.224,48,4.706608845114388,0.06503036142702406
w3,dH,105002,266,picked,140,0.4126,3.587,0.0619,0.002947483552308785,0.0033381048550747577,1.132527050900758,0.001994930907560309,0.0028991030614489736,0.9695346056095299,0.29285714285714287,0.016924135298304666,0.01485774081839074,0.6411127134556877,0.18918482145735305,0.14508393285371704,0.9778407496983903,0.05272954853162879,0.1520765943495777,0.17985611510791366,4,0.007194244604316547,1,1,8.639470110533756,4.426992859073509,3.9211209546560966,0.21686746987951808,1,0.2962962962962963,39,4.002803889384388,0.03995407310463223
w3,dH,105003,278,picked,65,0.4296,2.099,0.0464,0.006608911846002296,0.0067598996935361476,1.0228460979737812,0.003835658843670553,0.005181393756562991,0.7598779304945367,0.36923076923076925,0.04669911758324187,0.025677241224211785,0.7597526100837753,0.08468637349889574,0.1796875,0.9231170361890104,0.16104845435191423,0.10938512015492248,0.25,2,0.015625,1,1,8.276385625446258,4.30844805070313,4.055901064950354,0.34210526315789475,1,0.26666666666666666,31,4.129017776400179,0.04283758788682888
w3,dH,105005,304,picked,122,0.3809,2.304,0.0489,0.0031222664257151826,0.005057940408904428,1.6199579790010592,0.001597741466115147,0.00201395969044555,0.6344570538568126,0.1885245901639344,0.024950392308896997,0.012980025888680025,0.8338570956627067,0.0288722132627784,0.08953168044077135,0.9435716479102799,0.08381969982483349,0.13068935748925456,0.21487603305785125,4,0.008264462809917356,1,1,6.790832947152352,5.287839815226512,3.630342521148322,0.13725490196078433,1,0.29914529914529914,33,3.1168476666263434,0.03644702453361359
w3,dH,105006,317,picked,101,0.3656,2.815,0.0345,0.003620103966460915,0.003807637054503864,1.0518032326641396,0.003439771795866675,0.005389289622526723,1.459231852201306,0.2871287128712871,0.03722601446912544,0.03297374562441369,0.5652539940136843,0.1814586203665336,0.22333333333333336,0.9254424988468454,0.13217011553914637,0.11153088791271194,0.22,3,0.03,1,1,10.443880916369462,4.361647547020395,4.089214746838468,0.47761194029850745,3,0.23958333333333334,39,4.275005176847274,0.04639547898406341
w3,dH,105007,328,picked,220,0.8208,5.378,0.0566,0.0037307585492182553,0.004892723329435739,1.3114553688983603,0.002888072901356253,0.004049926474528324,1.0756817703907506,0.3090909090909091,0.0367415739106271,0.0294127937308576,0.5379804800293068,0.18961703264211816,0.17808219178082188,0.9515506719255691,0.13011450179937217,0.11802815110537235,0.1278538812785388,4,0.0045662100456621,1,1,3.3747032627072375,4.831876743721523,3.7953318687397495,0.2569444444444444,5,0.3674418604651163,56,3.978022426495286,0.09377479636815748
w3,dH,106001,256,picked,131,0.8747,3.451,0.0576,0.006677093766183152,0.006293774059574719,0.9425918341075579,0.0035628932734543383,0.004442870146941251,0.6552311861366764,0.3282442748091603,0.051419659682744895,0.02972360864827434,0.7780283257059918,0.07333699451811516,0.13076923076923078,0.9204437448871935,0.17470030421177848,0.13502533389434887,0.18461538461538463,6,0.046153846153846156,1,1,9.857992621086794,4.885392548119306,3.41847321236059,0.22916666666666666,2,0.15873015873015872,43,4.412263097998749,0.09626796247441118
w3,dH,106002,267,picked,161,0.6342,5.015,0.1226,0.0039390319327645106,0.004234458767309112,1.0749998577283082,0.0025403450662805234,0.0037026446178868074,0.9283115991408368,0.38509316770186336,0.03218789210507174,0.024347335593017275,0.7153951096752665,0.09974436901290078,0.18541666666666667,0.9883772186165267,0.10405936966771667,0.27619839680983,0.31875,3,0.00625,1,1,10.217856199037243,4.405769316909129,3.979768665023496,0.14457831325301204,1,0.24358974358974358,40,3.9841782186939065,0.0719585471561259
w3,dH,106003,279,picked,212,0.3633,2.387,0.0225,0.001713602614027145,0.0032847169896965526,1.9168487272420325,0.0014454456529321888,0.0019256904494402978,1.1131656445860354,0.37735849056603776,0.010829702457451587,0.010515802707989465,0.6420913822904095,0.10559138174555212,0.12954186413902055,0.9601588214062359,0.03851415671455036,0.10601508000052237,0.07109004739336493,3,0.004739336492890996,3,2,3.392300400426728,4.606750527601744,2.3904533198211158,0.0,0,0.3719806763285024,29,2.250975963754052,0.03425082915836241
w3,dH,106005,305,picked,97,0.3426,3.19,0.0682,0.003532436032020976,0.004950933538124214,1.4015635366768942,0.0029702883474989217,0.003953131522250898,1.0960208821099877,0.25773195876288657,0.02797501462196092,0.023167819665705417,0.6209012595637077,0.13288758339144577,0.15104166666666666,0.9123092252524626,0.09735366922268754,0.14815556169560226,0.2604166666666667,6,0.0625,1,1,7.37901704300824,4.541500926084145,4.120945696221935,0.17647058823529413,1,0.2391304347826087,32,3.3246284659699823,0.03743151380141935
w3,dH,106007,329,picked,82,0.2817,2.633,0.062,0.0034357982009102696,0.005105223205206793,1.4858914600555502,0.002022285819935156,0.002302312891938537,0.6537517012405839,0.2804878048780488,0.023221452075297654,0.013011075744992362,0.8129778873809562,0.041275742133467914,0.11316872427983539,0.946783254970918,0.08061176254906184,0.11556573258618742,0.19753086419753085,2,0.012345679012345678,1,1,7.269475223064105,4.977505027729883,4.07633076909427,0.08333333333333333,1,0.2857142857142857,28,3.1569568835088884,0.03082931170895392
w3,dH,107001,257,picked,86,0.4724,5.229,0.0799,0.005493517370187735,0.005538369413777198,1.0081645402329782,0.0037385923018188496,0.004619874477854006,0.8214109890680761,0.36046511627906974,0.03799781019035419,0.025187203199810614,0.7159903597056091,0.10006294497870323,0.16666666666666666,0.9770924829362639,0.13104077370822895,0.19124263758243973,0.3764705882352941,4,0.09411764705882353,1,1,10.136186492177552,4.492427712785686,4.177303930678923,0.1702127659574468,2,0.18518518518518517,38,4.184214076298698,0.05584486597671432
w3,dH,107002,269,picked,115,0.5786,4.401,0.0824,0.005031415998312966,0.0064917912162135325,1.2902513364806707,0.0025788968928133816,0.002904582426476489,0.5672494483563391,0.23478260869565218,0.0310954777214734,0.014574168693199163,0.8523246968001493,0.034807263075146706,0.1652046783625731,0.9357572349510656,0.10436595047729602,0.21569674733126956,0.24561403508771928,5,0.09649122807017543,1,1,8.967988340100243,4.383369139450676,4.176983564339397,0.16393442622950818,2,0.2727272727272727,29,3.1607337520278036,0.05018461177822977
w3,dH,107003,280,picked,56,0.333,3.76,0.0393,0.0059468595603760594,0.008177222911494015,1.3750489360769291,0.004209796736344403,0.006360214642970673,1.0313114102899041,0.26785714285714285,0.04528072133821779,0.02776899100321751,0.8234728042887026,0.042441655206539364,0.1515151515151515,0.8966669431388944,0.16543410807138398,0.13743959078879325,0.36363636363636365,3,0.16363636363636364,1,1,4.738773734473363,4.603047121610633,3.820799380673872,0.4117647058823529,2,0.27450980392156865,25,3.6356179468013994,0.046082188114880906
w3,dH,107004,297,picked,84,0.4041,2.545,0.055,0.004810580024378338,0.004968826016231062,1.0328954078407984,0.0030308400388602053,0.003734692831275328,0.7578652792204524,0.17857142857142858,0.028851875662915156,0.021667420484778172,0.7260856457130783,0.06875648674713679,0.13654618473895583,0.9266289491503737,0.09987533033367187,0.13727183967637327,0.30120481927710846,4,0.07228915662650602,1,1,6.974069461022657,7.9597195794567766,5.117331815901638,0.46153846153846156,2,0.189873417721519,37,4.656026096207757,0.04083794253951708
w3,dH,107005,306,picked,157,0.8191,4.204,0.0519,0.005217414407036415,0.005546541060953932,1.0630823293380038,0.0037003045107981067,0.004747936546055948,0.898424566703315,0.36942675159235666,0.04130298709241145,0.029568066483187216,0.7298883982610249,0.07640190552345198,0.19978632478632477,0.967164017773684,0.1409152462730489,0.1347435049718534,0.14743589743589744,5,0.057692307692307696,1,1,5.519915808228697,4.30834053475019,3.860277415622235,0.2608695652173913,4,0.28289473684210525,52,4.409357607834027,0.06652117823322909
w3,dH,107006,319,picked,110,0.5466,3.312,0.0457,0.004969352532000046,0.005200306033090964,1.0464755719389391,0.003246607274781577,0.004312398400624482,0.8520206867417963,0.35454545454545455,0.031348751994292816,0.021164508243102245,0.723073810134213,0.07921948954239887,0.17431192660550457,0.991707153714337,0.11187060809496677,0.1425517892849022,0.24770642201834864,4,0.027522935779816515,1,1,8.524110248862309,5.57876705362441,4.2278976395569705,0.3384615384615385,3,0.3238095238095238,47,4.331720208723168,0.03423827439355581
w3,dH,107007,330,picked,207,0.9923,6.274,0.0811,0.004793632832473491,0.005682321357515153,1.1853893604494323,0.003629440431387892,0.00484459521284125,1.0008667115937118,0.33816425120772947,0.04121705435124724,0.027892675611690097,0.7446709905668675,0.0844460880447173,0.19336569579288024,0.9450810491733452,0.14061330565387883,0.2610833750083984,0.1650485436893204,5,0.02912621359223301,1,1,8.413455341766335,4.842709321061089,3.5668965720784436,0.32608695652173914,8,0.3465346534653465,57,4.4188626083814935,0.06061255720591965
w3,dDP,100001,232,picked,106,0.4728,3.02,0.0416,0.0044604329715481825,0.003867267295316596,0.8670161215255964,0.003384016947344459,0.004512414171942734,0.99256603790403,0.0660377358490566,0.030061200968552335,0.024324797615172745,0.634415635069349,0.0855981692710196,0.3873015873015873,0.9663758023753488,0.1081449660302708,0.2476099828856217,0.580952380952381,6,0.06666666666666667,1,1,7.238052196437033,7.193284353073303,4.393045127422268,0.24390243902439024,2,0.31683168316831684,52,5.359509370877718,0.03317709310299955
w3,dDP,100003,254,picked,126,0.6473,5.483,0.0883,0.005137381843384772,0.005051892667199251,0.9833593883437725,0.002875722619632053,0.003582398180329172,0.6862512510509711,0.16666666666666666,0.04124606019164712,0.020051747699053414,0.8293729610402729,0.03923770164017933,0.336,0.9384541979560426,0.14215021655357704,0.23507876535593675,0.272,3,0.008,1,1,7.545016345027688,5.463667073935505,3.8579181341432136,0.25675675675675674,3,0.17355371900826447,55,5.043659467856056,0.06504726589172664
w3,dDP,100004,269,picked,128,0.6002,4.376,0.0878,0.004688906094375639,0.005953107770766166,1.2696154819365955,0.0024272594235552605,0.0027191001747519407,0.5708398037085987,0.1484375,0.028860283941545783,0.013440218721885156,0.8769236297906531,0.01588218635406025,0.3543307086614173,0.9197032743454203,0.10046609328128397,0.2332831150345196,0.25196850393700787,7,0.07086614173228346,1,1,8.79717667585199,4.408954718509775,4.176322209580558,0.15492957746478872,2,0.25203252032520324,48,4.081700931077339,0.0689545122295409
w3,dDP,100005,280,picked,104,0.3496,2.747,0.0337,0.003361934457328238,0.0031775128632946085,0.9451442030252455,0.002011046437637403,0.002729687743923228,0.7963253843370204,0.20192307692307693,0.03599495477098619,0.018593322189515628,0.7751978999262049,0.046915821760559716,0.26051779935275077,0.9491613451228532,0.1300075062765525,0.1127353995951562,0.20388349514563106,4,0.02912621359223301,1,1,10.342318693976177,4.413275454749363,4.073694662064656,0.43478260869565216,3,0.26262626262626265,39,4.412203577842827,0.045449272677763886
w3,dDP,100007,302,picked,160,0.6812,5.515,0.0608,0.004257752211482934,0.00472538027278864,1.1098297970568927,0.002701414704418864,0.0032461892251264826,0.7528883083348616,0.09375,0.02709835057980612,0.01692708898913944,0.8270110927896915,0.03108142566770979,0.42452830188679247,0.9533293912734533,0.09376746633400519,0.27166789496328964,0.27044025157232704,6,0.006289308176100629,1,1,5.942722862384136,15.676161504637982,4.43215254843881,0.1375,2,0.3161290322580645,55,4.731905367706092,0.052712634520039096
w3,dDP,100008,311,picked,138,0.6173,4.672,0.113,0.004473076885302394,0.0036816930435664666,0.8230784173783707,0.0023198288548898515,0.003041848436861542,0.6701793315373269,0.21739130434782608,0.03744266503767072,0.016796901112192487,0.8346614298935565,0.03966734496337288,0.30048661800486615,0.9628987971268324,0.12284575129188777,0.2376156523924542,0.3284671532846715,2,0.0072992700729927005,1,1,9.942591816222835,4.361456294676925,3.810879357490342,0.18840579710144928,1,0.19548872180451127,47,4.902939103175608,0.05029802281364389
w3,dDP,100009,325,picked,121,0.4826,2.835,0.0536,0.003988130396404142,0.004367196684637986,1.095048619417165,0.0025779293462971577,0.0030144057502355477,0.7433510359828973,0.21487603305785125,0.023135507756674834,0.014845306482217921,0.7419453161459084,0.05745507258852187,0.4083333333333334,0.9790389872358415,0.08054090884434618,0.10797257599252692,0.15833333333333333,2,0.008333333333333333,1,1,5.5352760251369855,4.726989724337607,4.148822224295289,0.12,1,0.45689655172413796,38,4.01150068473684,0.041484535020873674
w3,dDP,100010,233,picked,80,0.5091,7.632,0.0676,0.006363910603249043,0.004670287506225326,0.7338706963986811,0.004259339368481236,0.0048116229636618775,0.7371776069851153,0.225,0.04159198015409446,0.027215810596830953,0.7385777618318098,0.048430678907188295,0.31645569620253167,0.9418409328741111,0.14869602707525095,0.25430775462184313,0.45569620253164556,5,0.012658227848101266,1,1,9.444758479500733,5.417193256579703,4.398873970734845,0.3939393939393939,3,0.24,45,5.1646396846624745,0.03975415416475501
w3,dDP,100011,278,picked,145,0.6305,4.983,0.1184,0.00434842421866017,0.0036017230342537563,0.8282823508336347,0.0020525908340395266,0.002614636481016543,0.592990103975815,0.18620689655172415,0.036043833679603246,0.016085444397824528,0.8351448440226209,0.040759313258751644,0.32175925925925924,0.9557889720224197,0.11812932977731201,0.2703030167835318,0.3888888888888889,4,0.006944444444444444,1,1,10.264368206349525,4.4880605777821785,4.084433739697648,0.17391304347826086,1,0.2357142857142857,46,4.913435019318988,0.03996498920732401
w3,dDP,101003,247,picked,104,0.5279,2.415,0.0588,0.005076324816805384,0.004598667704891214,0.9059049353317844,0.0024322073343954844,0.0030484685818735883,0.5889781079749514,0.34615384615384615,0.03174053264585254,0.01643154433913962,0.8126199434858071,0.03041026832938994,0.3851132686084142,0.9791713919682873,0.1098954252516612,0.10861115062438687,0.14563106796116504,2,0.009708737864077669,1,1,8.742098220208218,4.366099384155554,3.79501218196249,0.21212121212121213,1,0.24242424242424243,40,4.680429862308216,0.046714309232167774
w3,dDP,101004,256,picked,105,0.7672,4.724,0.0841,0.007306605286115771,0.0063123176070134035,0.8639193387123645,0.0038792015190844496,0.004082231446882438,0.5480622670321924,0.20952380952380953,0.04773907156958317,0.023163388562758062,0.8291155058103078,0.029132980417007678,0.3381410256410256,0.9368424849590935,0.16368305597986493,0.22432056667928404,0.23076923076923078,3,0.009615384615384616,1,1,9.70434522462632,4.393728724633396,4.044551964632194,0.22535211267605634,1,0.26,45,5.179496028350769,0.05498730143350467
w3,dDP,101005,273,picked,86,0.3555,2.389,0.0516,0.004133882858720387,0.005114546614413874,1.237225821148944,0.002558811873544529,0.0032937208917613115,0.7782326789210543,0.03488372093023256,0.027314737774718937,0.016729670816560877,0.7700885850462682,0.039051938101081124,0.3666666666666667,0.9597904577730809,0.10107694150403489,0.10943750629835584,0.2,2,0.011764705882352941,1,1,5.093448263553399,4.826983831180155,4.107588739735627,0.2,1,0.2839506172839506,34,3.6757919524972147,0.037954701148724596
w3,dDP,101006,281,picked,121,0.5303,2.709,0.0263,0.004382573440192169,0.005137059665695167,1.1721559799965189,0.0026449072165786254,0.0029445722953710474,0.6607765319710541,0.024793388429752067,0.034566005389685656,0.017976467756727933,0.8245249689681442,0.02951594422338642,0.4569444444444444,0.9456694809766173,0.1256272118774656,0.11195063404286894,0.175,2,0.016666666666666666,3,2,5.296414175485197,4.850951148252005,1.256805168896928,0.0,0,0.39655172413793105,47,4.467635820740795,0.040121717184748454
w3,dDP,101008,304,picked,235,0.9212,5.662,0.0509,0.003919888808822786,0.004521751304146973,1.1535407060449088,0.0030813329690432324,0.004470056777565003,1.1306478212302173,0.2127659574468085,0.03834322727260425,0.026812908658572374,0.6509092072596175,0.12499449724629581,0.2934472934472934,0.9784679942818328,0.1394061545530955,0.12565026766023968,0.12393162393162394,3,0.008547008547008548,1,1,2.9995677435806702,5.063259951139938,3.743483728692211,0.3051948051948052,6,0.3782608695652174,66,4.584932385796398,0.07631855032289063
w3,dDP,101009,315,picked,200,0.8825,5.121,0.0405,0.004412318624823465,0.004542776384597053,1.0295667133011746,0.002905300472355041,0.0034003588356342645,0.7629447312211295,0.255,0.044325184208437035,0.02042068687168873,0.8003218732405711,0.042265750043351306,0.2889447236180905,0.967055719425054,0.15257225975394248,0.11143334792782043,0.135678391959799,2,0.010050251256281407,1,1,4.39399844879236,4.720268466071138,4.080189256815106,0.18620689655172415,4,0.40512820512820513,64,5.1065870608507655,0.07141538106019034
w3,dDP,101010,326,picked,99,0.5065,11.297,0.0822,0.00511588989989658,0.005313368367127304,1.0386010002355046,0.0030214807794294546,0.0036659778688159224,0.7021100493039454,0.1919191919191919,0.03576721647216655,0.02108741572683935,0.8073400721876028,0.03568829719002956,0.3656462585034013,0.9470929747845841,0.13377717498577002,0.27821621647281713,0.42857142857142855,5,0.01020408163265306,1,1,2.969320263138422,16.16995002401493,4.355145972514104,0.13157894736842105,1,0.23404255319148937,44,4.741640773691246,0.038074257361543185
w3,dDP,101011,259,picked,97,0.6132,4.475,0.096,0.0063221474431951405,0.005952648680754941,0.9415548647417404,0.0033116073760923598,0.003855856360765815,0.5973214325814281,0.35051546391752575,0.044047666979445975,0.022258301796725,0.8151327454138305,0.04167802906119563,0.3038194444444445,0.9693566444943265,0.15029898265383088,0.20020453882780528,0.2604166666666667,4,0.010416666666666666,1,1,9.06696376331108,4.604344975686457,4.106814606066466,0.19230769230769232,2,0.21739130434782608,41,4.611352097199094,0.04658963484576886
w3,dDP,101012,301,picked,143,0.5692,4.394,0.0598,0.003980430784476663,0.004101902869921161,1.0305173213709,0.0028308482148055314,0.0034698345673590605,0.8595314421528488,0.13986013986013987,0.026386292219310208,0.01976294880017433,0.7483734871280929,0.052197165861596895,0.437793427230047,0.9554620872821039,0.09414742077702964,0.2032960243690921,0.2746478873239437,6,0.007042253521126761,1,1,6.299400400927426,6.805644355608106,3.1848904501516,0.19047619047619047,2,0.2536231884057971,53,4.905375343535789,0.026385839831464187
w3,dDP,102001,235,picked,73,0.4292,4.198,0.073,0.005879875434011305,0.005248638802866178,0.8926445571459171,0.0034658727937544576,0.004249219217910541,0.7028724161621981,0.3150684931506849,0.035073898929703,0.022490176086219584,0.7026687705087328,0.059392691613337746,0.29629629629629634,0.9625857426644713,0.12923401716637284,0.20253072733858415,0.4722222222222222,5,0.1111111111111111,1,1,10.418361609571091,4.98287397205317,4.408002157993503,0.5769230769230769,2,0.16176470588235295,38,4.646958935823983,0.0624941765037631
w3,dDP,102003,248,picked,143,0.5579,3.534,0.0732,0.003901620570204106,0.005267608517147918,1.3501078391311518,0.0023817165427859866,0.003075163861043835,0.7771526015189554,0.08391608391608392,0.023442712921441986,0.014957511363527493,0.8140221314829122,0.0499973838258141,0.44835680751173707,0.9754817150963011,0.08317641688115669,0.25120168864767395,0.43661971830985913,11,0.056338028169014086,1,1,7.5221287537773405,14.567140588487971,4.19637019329285,0.32653061224489793,4,0.3188405797101449,50,4.640085953781105,0.05469248644389744
w3,dDP,102004,257,picked,81,0.4773,4.806,0.0768,0.005892358137062382,0.00511369542163,0.8678521065217224,0.003536472910416899,0.004132636912111707,0.6840379353686306,0.2839506172839506,0.04081545090257384,0.021388281313461797,0.8061235356463604,0.032667720169518556,0.30208333333333337,0.9437641713729144,0.1447574009375317,0.1847692151179936,0.4,4,0.1,1,1,10.269919659543739,4.445005377914959,4.179660837628047,0.1951219512195122,2,0.32894736842105265,37,4.5394791604871925,0.055285716528731134
w3,dDP,102005,274,picked,113,0.5414,4.466,0.0409,0.004791499207508485,0.005413991084001194,1.129915888437848,0.003119971870919513,0.0038738771026030124,0.7941800136653838,0.1415929203539823,0.05307356823218852,0.025982937334094503,0.8154668260992998,0.04608269939052356,0.2916666666666667,0.9859790356608961,0.19041741008603819,0.11730532308656438,0.15178571428571427,2,0.008928571428571428,1,1,5.301191311866906,4.674121973997252,3.8865086144250265,0.1951219512195122,2,0.4537037037037037,51,4.97528318232007,0.04119518038613603
w3,dDP,102006,283,picked,136,0.3786,2.496,0.0617,0.0027835019419769373,0.0033476304761065395,1.2026686332142233,0.0017893242185532102,0.0022464677144411554,0.7951966517942679,0.07352941176470588,0.021954375119761695,0.012128665088615294,0.8181762286511308,0.03595129027759006,0.3938271604938272,0.9648382355956953,0.07613881290251133,0.11915297279260872,0.15555555555555556,4,0.02962962962962963,1,1,3.409313500884761,4.621661234207678,4.195728138464278,0.10576923076923077,1,0.35877862595419846,42,3.9070963467231223,0.05401834195822482
w3,dDP,102007,297,picked,89,0.4059,2.556,0.0553,0.004560695749634762,0.004483281965114309,0.9830258827226849,0.0025297803209337415,0.00321881138893781,0.6899119611276289,0.12359550561797752,0.028167116125047107,0.017901547899730818,0.6222963944102583,0.12923600508203656,0.36742424242424243,0.9525186603930871,0.1037519204705842,0.14634890877908208,0.3068181818181818,4,0.09090909090909091,1,1,7.332115722349876,7.963799556063828,5.409931479299767,0.48148148148148145,2,0.19047619047619047,41,4.851494765022261,0.04037146108407382
w3,dDP,102008,305,picked,42,0.2854,2.786,0.0472,0.006796158342117574,0.006570586181971838,0.9668088721906601,0.003757495795482999,0.0045595372715692365,0.6389516298056898,0.2857142857142857,0.05654719356100231,0.024887486995146344,0.8196328614715379,0.05350942353509234,0.2926829268292683,0.9438055927637427,0.2037819049188069,0.10968162063114113,0.3902439024390244,1,0.04878048780487805,1,1,4.062437479451563,4.475715752984886,3.6406956516000846,0.13636363636363635,1,0.4594594594594595,20,3.8651991968878647,0.026064556665451533
w3,dDP,102009,316,picked,168,0.5499,3.584,0.0551,0.0032734104567116893,0.003803877137541536,1.162053212649271,0.002367647612703846,0.0030957492446922526,0.9344673170287858,0.08928571428571429,0.02878089719831704,0.015315364839032114,0.8374646140409384,0.03059787271286288,0.3802395209580838,0.961584446439007,0.10224562227016404,0.23406672239397147,0.38922155688622756,11,0.1317365269461078,1,1,7.898026981403907,4.697169867800298,3.9948866275180532,0.29347826086956524,3,0.2883435582822086,60,4.90323901643495,0.060578172584558804
w3,dDP,102010,327,picked,122,0.7235,3.96,0.0602,0.005930126369727781,0.005916701533578933,0.9977361635634984,0.003518513884016966,0.004549796426224434,0.7546567004727167,0.21311475409836064,0.035633833882473855,0.01986919574610762,0.8239343367589615,0.03329267838442597,0.3719008264462809,0.9596134080171423,0.11998423909554716,0.12351880226011203,0.21487603305785125,4,0.05785123966942149,1,1,8.016250364354718,4.315960368368061,4.041948992257085,0.4235294117647059,3,0.20512820512820512,53,5.170233858555893,0.09996588802977364
w3,dDP,102011,262,picked,48,0.3387,2.494,0.0612,0.007055874837247493,0.0060614897504045655,0.8590699084408875,0.004226583108066448,0.0044942966042017755,0.6104181756395141,0.2916666666666667,0.04570356042268356,0.025626947680335486,0.7832964440577576,0.040176369639740105,0.38652482269503546,0.9333615776709809,0.16469704711602795,0.13939634627239186,0.3829787234042553,2,0.02127659574468085,1,1,11.4548665008114,4.704508393482749,4.040516314287974,0.25,1,0.23255813953488372,27,4.42850885479768,0.023599332427953784
w3,dDP,102012,319,picked,113,0.5538,3.346,0.0441,0.004900948916679789,0.004872028717343786,0.9940990612577951,0.0030578566455229583,0.0036745568438390852,0.7364941975295399,0.2743362831858407,0.031065539478376612,0.017180334890132872,0.7384558417192618,0.07005236242664344,0.32440476190476186,0.9644138914083322,0.11246528905049889,0.15229696205064208,0.24107142857142858,3,0.017857142857142856,1,1,8.637666710232065,5.935608594322775,4.304685146510613,0.3088235294117647,3,0.3055555555555556,46,4.744690561083826,0.034096303397951985
w3,dDP,103000,242,picked,57,0.478,2.838,0.0588,0.00838597987336156,0.006701727042629469,0.7991584935611167,0.004795257269285743,0.005102155021896853,0.5870669990886754,0.2631578947368421,0.05711217037163517,0.02667208421994694,0.7386300945100307,0.057385761355148175,0.2410714285714286,0.9563387124206723,0.20614191018349942,0.12006075748287026,0.26785714285714285,2,0.05357142857142857,1,1,4.293273840952369,4.762334012495505,3.7062971266423355,0.23684210526315788,1,0.3076923076923077,31,4.661751636933802,0.04488456706715497
w3,dDP,103001,250,picked,135,0.4741,2.28,0.0714,0.003511849236517029,0.004736473526240049,1.3487120907666224,0.0016341314274603972,0.002079976125928544,0.583499326649907,0.044444444444444446,0.025172801022382806,0.011068871545685902,0.8702223377536348,0.04315557581170695,0.4465174129353234,0.9847490633840058,0.0883979050465572,0.14351053212257361,0.22388059701492538,7,0.007462686567164179,1,1,8.168630846188462,4.541177244168419,4.0343707202456365,0.09859154929577464,1,0.3769230769230769,34,3.508196854990727,0.024844232407139264
w3,dDP,103002,258,picked,73,0.4411,5.249,0.0774,0.00604205652375321,0.005239558892047022,0.8671813763159416,0.0034187249591193913,0.00431334590030792,0.694328499498967,0.273972602739726,0.04650337112926254,0.023385919264741276,0.8012168716849811,0.032686704320855846,0.3055555555555555,0.9787572496696861,0.16252696037836814,0.1939443286357821,0.4305555555555556,7,0.1388888888888889,1,1,9.047010176757862,4.505693079069209,4.259335927184474,0.275,2,0.22058823529411764,39,4.800921423935106,0.04176392275672528
w3,dDP,103003,276,picked,137,0.479,2.774,0.038,0.003496349615321174,0.0038413564550422758,1.0986762989059404,0.001915868286366831,0.002409529022254847,0.6790949639835817,0.043795620437956206,0.02484561898284938,0.013687272267476031,0.823063583353437,0.04360122685116424,0.45098039215686275,0.9527142616756108,0.08706435343644915,0.11909530013905434,0.1323529411764706,4,0.007352941176470588,1,2,4.48832293742607,4.5367936481037106,1.157687499095788,0.5294117647058824,1,0.32575757575757575,43,4.191646662229014,0.049254107771950016
w3,dDP,103004,284,picked,88,0.2688,3.227,0.0666,0.0030547530895548166,0.003683610680570001,1.205862003435057,0.0016134192075814046,0.002030539724580799,0.6496076888380804,0.11363636363636363,0.020042748917633236,0.009646945138987905,0.8628429679154306,0.03465040536287783,0.4118773946360153,0.9296870358392062,0.07150516760620204,0.11202071031874483,0.25287356321839083,4,0.011494252873563218,1,1,4.442162266012004,4.583084326151935,3.74525404536628,0.20408163265306123,1,0.24096385542168675,29,3.8523090470158903,0.04361914457892099
w3,dDP,103005,298,picked,118,0.5306,4.381,0.0397,0.00449694853073301,0.0053294207471950164,1.1851193561084212,0.0029336817661186807,0.0037356976683015184,0.8166383790189133,0.07627118644067797,0.05003620593660119,0.024132970128691134,0.8259508820510542,0.04533656592214927,0.3433048433048433,0.9644348660205235,0.17950053900311896,0.10290702284947265,0.1282051282051282,2,0.008547008547008548,1,1,5.071721716006974,4.65440466818793,3.9280034446922403,0.19101123595505617,2,0.37168141592920356,47,4.829476462160976,0.04612476831301459
w3,dDP,103006,306,picked,162,0.9228,4.481,0.0618,0.005696115237397815,0.005765615276828251,1.0122013050182226,0.0037194067103880368,0.0043818004854085935,0.7597641555258713,0.2716049382716049,0.057457634306942035,0.028328477662931964,0.8004642990350807,0.04471318648687179,0.2950310559006211,0.9596583044641124,0.20490638053220978,0.1505235445407767,0.17391304347826086,5,0.043478260869565216,1,1,4.199993179596881,4.129392660981671,3.6609082946090985,0.27350427350427353,5,0.2611464968152866,60,5.105610188001588,0.10631404550785979
w3,dDP,103007,317,picked,65,0.3325,3.124,0.0487,0.00511512395003291,0.005723148667490669,1.1188680320158901,0.00377075534093612,0.004856094036327903,0.9201489160896605,0.015384615384615385,0.03805370541211531,0.025441770458269886,0.7455400302414344,0.0717726947560489,0.421875,0.9026405193752505,0.14483106824067923,0.16089575932978464,0.5625,4,0.046875,1,1,5.079680893452166,4.8915861450479055,4.05096767968721,0.24,1,0.55,37,4.856607235938958,0.03165350590335198
w3,dDP,103008,328,picked,212,0.8105,5.479,0.0534,0.003823078702366155,0.004556584457794539,1.191862583151743,0.0024606344963861867,0.0031943957486478664,0.8276732408725866,0.16981132075471697,0.037811052182167175,0.021025983576043766,0.7535338259882588,0.06677428393988862,0.2456556082148499,0.9837896499782989,0.13537823661880674,0.11361087905764412,0.11848341232227488,5,0.004739336492890996,1,1,3.3003958425884004,4.752026840273992,3.8141148498327127,0.2847222222222222,4,0.3333333333333333,63,4.323229581426308,0.09732561305519143
w3,dDP,103009,266,picked,147,0.4231,3.794,0.0433,0.002878201660582225,0.0026580312180248724,0.9235041638768233,0.0016199310630289003,0.002047654570191111,0.7017560138331622,0.17687074829931973,0.017219650102846706,0.010478347395244654,0.758098305389311,0.08857983203815083,0.44063926940639275,0.9602218213565792,0.05722992375594418,0.1854234546182762,0.2876712328767123,4,0.00684931506849315,1,1,9.501664407793795,4.4061413765355235,4.0056283095004765,0.21794871794871795,1,0.34507042253521125,45,4.498734875492461,0.04416043380476023
w3,dDP,103010,321,picked,113,0.3388,2.937,0.0625,0.0029984419372589247,0.003580366585222236,1.1940756766813658,0.002077282819653477,0.002692885011947422,0.8821992840515728,0.1415929203539823,0.022083044801302725,0.015033728485720035,0.7123235823587456,0.07834999664487376,0.4389880952380953,0.987578556842061,0.0779550832457247,0.1399036194124198,0.24107142857142858,3,0.026785714285714284,1,1,9.443378706721782,4.381878375713887,4.117209642600283,0.18518518518518517,1,0.3055555555555556,38,4.039399694984834,0.031048757423512003
w3,dDP,104000,243,picked,57,0.3487,2.705,0.0498,0.006118331920235043,0.006181264036625725,1.010285829080725,0.003682605298288087,0.004041433258787248,0.6373679352280904,0.12280701754385964,0.04083475679924853,0.02400633416094997,0.764480090757552,0.050185340395837684,0.4226190476190476,0.9230492607981247,0.15396469604899313,0.1447816043385062,0.2857142857142857,3,0.017857142857142856,1,1,10.21217759600598,4.601192831595939,4.087267714458522,0.2,1,0.21153846153846154,29,4.410195559255954,0.02251500113153279
w3,dDP,104001,251,picked,142,0.3888,2.432,0.0554,0.0027377894295036063,0.0044533292572247465,1.6266149650640547,0.0018583205512113464,0.002246922632661301,0.8091476324458744,0.0,0.015841551027538477,0.011414250709899541,0.7373665873284742,0.05647362400478165,0.46926713947990545,0.968309332126292,0.055705281980160816,0.15846314740061163,0.24822695035460993,6,0.03546099290780142,1,1,8.252874854800238,4.598131911382913,4.217644061435545,0.22388059701492538,2,0.35766423357664234,37,3.1584120558486397,0.03510723368048758
w3,dDP,104002,263,picked,105,0.7597,4.928,0.0823,0.007234787660664385,0.006174691845370793,0.8534724355412193,0.003814614856180829,0.003980267755526887,0.5396776401387204,0.21904761904761905,0.04724067135608978,0.021174652033737647,0.8322917190688853,0.03408621204733891,0.31730769230769235,0.9267046231452537,0.1614666548040178,0.21544576440581584,0.2403846153846154,3,0.019230769230769232,1,1,9.643426452747637,4.420586154995643,4.158886958283705,0.2361111111111111,2,0.22,54,5.361984213672008,0.034186642833590374
w3,dDP,104003,277,picked,72,0.3141,3.266,0.0402,0.004362938388436095,0.004021356412600059,0.9217082742352278,0.002875716819758952,0.003553207493939774,0.7917845676966014,0.20833333333333334,0.029527271534753183,0.01849445516273981,0.7857231629260207,0.04401917341423477,0.3967136150234742,0.9511499458597542,0.10446880495658627,0.10030109488819328,0.19718309859154928,4,0.014084507042253521,1,1,7.28876159322732,4.496150296896357,3.8661817212764995,0.36585365853658536,1,0.29850746268656714,34,4.630194392581234,0.041449231985014566
w3,dDP,104005,299,picked,177,0.9274,4.22,0.0713,0.005239749908025452,0.005742991052127375,1.0960429701675523,0.0034276579296681777,0.0040066405928485095,0.7560223078053122,0.2768361581920904,0.05348832999508662,0.02495016772177628,0.8098101741232892,0.034398597763226374,0.25946969696969696,0.9640006045793973,0.19044211214994083,0.1529633663789797,0.16477272727272727,4,0.045454545454545456,1,1,3.434442980569316,4.128291769325062,3.2681366814046267,0.19424460431654678,5,0.3546511627906977,64,4.9081904831144225,0.11295184493591783
w3,dDP,104007,308,picked,144,0.5617,4.151,0.0548,0.003901001508127346,0.004063495136907313,1.041654336313746,0.002910902540085965,0.003520872779837285,0.8900206169550835,0.10416666666666667,0.02646280302096391,0.020429636405536855,0.7424299733804546,0.04547220300733263,0.40559440559440557,0.9526550262946746,0.09417889881189223,0.20616790399146337,0.3356643356643357,6,0.006993006993006993,1,1,6.4517654678218035,7.326412830472375,2.985526935582669,0.16129032258064516,2,0.26618705035971224,71,5.470621087008316,0.02672199763147586
w3,dDP,104011,330,picked,231,1.1874,7.53,0.0798,0.005140331353225555,0.004980976343970484,0.9689990784047265,0.0032747192841105807,0.004191337798680893,0.8083232138574069,0.21212121212121213,0.042092191228320065,0.02238460652204419,0.8146503243880868,0.04279139681076289,0.3318840579710145,0.9622176783654395,0.1498540107047919,0.2852873627885728,0.1782608695652174,5,0.06086956521739131,1,1,7.715145878928974,4.473011375713552,2.8752812523066416,0.35119047619047616,9,0.24778761061946902,63,5.259833240778393,0.06967660877396366
w3,dDP,104012,267,picked,79,0.5265,3.36,0.0699,0.0066647805904356695,0.006451255690806843,0.9679622011960534,0.0038570490334179043,0.004811141186120394,0.7036000780225632,0.4050632911392405,0.04568503247098988,0.024255107471695337,0.8104679472889295,0.06008736449671531,0.34401709401709396,0.9805720961503622,0.15939323522370577,0.1929100432504831,0.3076923076923077,3,0.01282051282051282,1,1,11.35039201057666,4.320114718445675,3.982290177586402,0.3333333333333333,1,0.22972972972972974,41,4.765682330400813,0.03750897505623514
w3,dDP,104013,329,picked,80,0.2892,2.726,0.0566,0.003614471618487862,0.004866505627718964,1.3463947545823858,0.0022523826886103027,0.002694738670245906,0.7269029835649771,0.075,0.024606486646794525,0.013957458787534604,0.8288003546074423,0.029704134864715615,0.40717299578059074,0.9518967068848836,0.08844429068267345,0.1084192255678962,0.21518987341772153,3,0.02531645569620253,1,1,6.592021045562606,5.629969014597231,4.10174195011691,0.1,1,0.41333333333333333,36,3.9381843311279012,0.028806320193344004
w3,dDP,105002,252,picked,227,0.4442,4.247,0.0753,0.0019570074926940103,0.00364898979854705,1.864576304469771,0.001342905009602539,0.0016569883745840498,0.8392350893899659,0.02643171806167401,0.013506053618279197,0.010240589711265942,0.7932620722310535,0.036854958218415355,0.5398230088495576,0.9780482398431625,0.05020756837905066,0.31495693477213027,0.4911504424778761,20,0.008849557522123894,1,1,11.10047674501123,4.448566592617756,4.22226813295769,0.2037037037037037,1,0.46396396396396394,31,2.477736527896787,0.047183140590976336
w3,dDP,105003,265,picked,201,0.5052,3.02,0.0613,0.0025136148348438433,0.002951657146092723,1.1742678731748066,0.0013319943849455912,0.001762175036591358,0.6940764879491409,0.06467661691542288,0.015183165522756194,0.007662630512395118,0.8536298060770872,0.041448726061420284,0.4475,0.9789367422379759,0.05411059776348854,0.1759021106431575,0.22,7,0.015,7,2,7.870927601482622,5.308772537749325,3.734161828732143,0.18181818181818182,1,0.3673469387755102,43,3.96296183976761,0.045016289900115414
w3,dDP,105005,279,picked,199,0.4095,2.683,0.0239,0.002057892552467551,0.002881862482126338,1.400395019978469,0.0015815997931648926,0.002133127831448982,1.0261416993074282,0.04522613065326633,0.012705395696586711,0.011218005439539902,0.7182965345235619,0.06811308816620633,0.5555555555555555,0.9674837996988849,0.049156429529988784,0.10924900061935174,0.09090909090909091,2,0.005050505050505051,3,2,3.328891506689291,4.611113218078257,2.4516814828586297,0.0,0,0.4175257731958763,44,3.5050589848902898,0.04555697109584938
w3,dDP,105006,287,picked,216,0.8103,22.291,0.0973,0.0037516136624181555,0.004529622183401536,1.2073797013741292,0.0020609815295079435,0.002259905385346446,0.5968046118157488,0.1527777777777778,0.026321899629146113,0.012761443366931375,0.8616753270082507,0.025316719120275295,0.3666666666666667,0.9049343402650327,0.09281427289048831,0.26820166524547373,0.23255813953488372,6,0.004651162790697674,1,1,8.623375456338488,4.868642707950364,3.611187707137062,0.3619047619047619,3,0.18009478672985782,64,4.680606466513657,0.0609917130298232
w3,dDP,105008,309,picked,98,0.5236,12.157,0.0848,0.005342530515820618,0.005462520938287956,1.0224594734858352,0.003311148211851476,0.00399189057441511,0.7319421776357536,0.19387755102040816,0.037070937606998505,0.022410236755164924,0.8046228483223697,0.03462722601569084,0.33505154639175255,0.9651850610856983,0.13880346755997663,0.2900836484248731,0.4329896907216495,4,0.010309278350515464,1,1,2.9618709319229235,13.504788507182802,4.18836128431475,0.13513513513513514,1,0.25806451612903225,43,4.772082013654344,0.038988610743104335
w3,dDP,105009,320,picked,186,0.8379,6.218,0.0562,0.004504826320329362,0.004785399224893572,1.0622827351407627,0.0029789539282277064,0.0039852965539341235,0.875160022268807,0.27956989247311825,0.042030672821167,0.023860230217609423,0.7543578446811341,0.05368342802735445,0.2684684684684685,0.976629232947228,0.14962285676951048,0.12639545913152567,0.15135135135135136,3,0.005405405405405406,1,1,3.5974892722229006,4.657931193005666,3.7677112066489675,0.304,4,0.3701657458563536,59,4.741607415504083,0.08874418373084547
w3,dDP,105010,335,picked,95,0.3737,2.391,0.057,0.00393393986573256,0.003475279763588128,0.8834094780808189,0.002442165649392737,0.0029719929595322884,0.7395701983254007,0.14736842105263157,0.03125512478698078,0.015322074035919465,0.8139464665765539,0.03701584267308793,0.3457446808510638,0.9259912134854282,0.10807755380346064,0.12431224495584772,0.2765957446808511,5,0.0425531914893617,1,1,4.152141855043966,4.6303428225373215,4.1517392485878,0.1774193548387097,1,0.26666666666666666,42,4.902992819952187,0.0657916689102468
w3,dDP,105011,275,picked,118,0.5612,2.998,0.0476,0.0047562496683501865,0.004623546170225641,0.9720991311689118,0.002888340755141353,0.003432223753728107,0.7093930523073193,0.16101694915254236,0.03672688663473079,0.02086131402202095,0.8042205131616703,0.04502982787935403,0.3561253561253562,0.942593350257518,0.1297618149869186,0.1332113757472657,0.1794871794871795,3,0.008547008547008548,1,1,8.645949332034055,5.166248865840531,4.155716820801571,0.2361111111111111,2,0.3008849557522124,48,4.957163788437418,0.04060235464743887
w3,dDP,105012,333,picked,125,0.46,2.154,0.065,0.0036797094870918,0.004851044752271974,1.3183227559917836,0.0016703389612048854,0.0022742607835589423,0.608165568198338,0.032,0.026531268380672764,0.012401190431767316,0.8704110830447388,0.03666436048495613,0.407258064516129,0.983162190825136,0.09327964584032694,0.12780521665790606,0.1774193548387097,3,0.008064516129032258,1,1,8.650452587108841,4.744447753823769,3.9489297865505515,0.13793103448275862,1,0.4,33,3.2405943607281307,0.024581614743927147
