{
    "index": {
        "min": [
            0
        ],
        "max": [
            34509
        ],
        "mean": [
            17254.5
        ],
        "std": [
            9962.17889068451
        ],
        "count": [
            34510
        ],
        "q01": [
            16687.11547606921
        ],
        "q10": [
            16791.32276041487
        ],
        "q50": [
            17254.375219739206
        ],
        "q90": [
            17717.63460828985
        ],
        "q99": [
            17821.884523930785
        ]
    },
    "task_index": {
        "min": [
            0
        ],
        "max": [
            0
        ],
        "mean": [
            0.0
        ],
        "std": [
            0.0
        ],
        "count": [
            34510
        ],
        "q01": [
            3.999999999999418e-16
        ],
        "q10": [
            3.999999999999417e-15
        ],
        "q50": [
            1.9999999999997094e-14
        ],
        "q90": [
            3.5999999999994754e-14
        ],
        "q99": [
            3.959999999999423e-14
        ]
    },
    "episode_index": {
        "min": [
            0
        ],
        "max": [
            33
        ],
        "mean": [
            16.25033323674297
        ],
        "std": [
            9.220179906435392
        ],
        "count": [
            34510
        ],
        "q01": [
            16.25033323674297
        ],
        "q10": [
            16.250333236742975
        ],
        "q50": [
            16.25033323674299
        ],
        "q90": [
            16.250333236743003
        ],
        "q99": [
            16.250333236743014
        ]
    },
    "frame_index": {
        "min": [
            0
        ],
        "max": [
            1956
        ],
        "mean": [
            578.4872500724427
        ],
        "std": [
            412.7379358695822
        ],
        "count": [
            34510
        ],
        "q01": [
            11.10272614165792
        ],
        "q10": [
            115.31001048731491
        ],
        "q50": [
            578.3356635410025
        ],
        "q90": [
            1041.6218583622942
        ],
        "q99": [
            1145.8717740032273
        ]
    },
    "timestamp": {
        "min": [
            0.0
        ],
        "max": [
            65.2
        ],
        "mean": [
            19.28290833574808
        ],
        "std": [
            13.757931195652734
        ],
        "count": [
            34510
        ],
        "q01": [
            0.37009087129377166
        ],
        "q10": [
            3.8436670161664193
        ],
        "q50": [
            19.276066454554194
        ],
        "q90": [
            34.720728612153856
        ],
        "q99": [
            38.1957258002024
        ]
    },
    "observation.state": {
        "min": [
            -0.9152876734733582,
            -1.672268271446228,
            0.5585004091262817,
            -2.6002120971679688,
            0.5011195540428162,
            -2.6000757217407227,
            0.0,
            0.0
        ],
        "max": [
            0.928348958492279,
            -0.6596540808677673,
            2.610229015350342,
            -0.10889133810997009,
            2.2815470695495605,
            -0.7464902400970459,
            1.0,
            68.01902770996094
        ],
        "mean": [
            0.10191661121825124,
            -1.2714032812209726,
            1.7251575474081369,
            -1.612916748204531,
            1.4272130314905171,
            -1.5930003792919722,
            0.3912908940393315,
            10.226150397414903
        ],
        "std": [
            0.3285291837415118,
            0.20276975023033605,
            0.4181605825505818,
            0.4857315668668636,
            0.47428969936244497,
            0.2571848758317915,
            0.30010420083223,
            12.962262595568156
        ],
        "count": [
            34510
        ],
        "q01": [
            -0.2565815801796149,
            -1.5212883091235974,
            1.1170577265328963,
            -2.1142158822728754,
            0.7939839505181441,
            -1.9230384194928347,
            0.0040430455486417625,
            6.737068992713806e-07
        ],
        "q10": [
            -0.20346923456296795,
            -1.4755494181659639,
            1.2196752630071996,
            -2.0145152122628227,
            0.8794261110878179,
            -1.8082291091786282,
            0.0127652192856128,
            0.00029892341833967
        ],
        "q50": [
            0.08867530869264113,
            -1.298888496123042,
            1.7291155189512035,
            -1.622111139061175,
            1.4104940399328265,
            -1.582415175480792,
            0.4470106332864355,
            5.622317468775077
        ],
        "q90": [
            0.4091441674647642,
            -1.0153440278549222,
            2.223321714756005,
            -1.2112766794648844,
            1.9973291255179688,
            -1.38084209525527,
            0.7111849688982956,
            25.32610164250784
        ],
        "q99": [
            0.5511348988261505,
            -0.8656722962271113,
            2.372986945935224,
            -0.9894973098520535,
            2.221663629358266,
            -1.311228533572154,
            0.7231644654296628,
            28.181479863982307
        ]
    },
    "observation.environment_state": {
        "min": [
            0.3498644232749939,
            -0.29263836145401,
            0.02624773420393467,
            -0.999801516532898,
            -0.8779054880142212,
            -0.8205236792564392,
            -0.9999349117279053,
            0.491487979888916,
            -0.26141682267189026
        ],
        "max": [
            1.0744035243988037,
            0.26775696873664856,
            0.2800489366054535,
            1.0,
            0.7070761919021606,
            0.7078788876533508,
            0.9996356964111328,
            1.0668150186538696,
            0.1233687624335289
        ],
        "mean": [
            0.5433136612392794,
            -0.024081077628622712,
            0.15184108970502744,
            0.7208875504922811,
            -0.014022345655957162,
            0.005617490955896469,
            -0.21423067867002654,
            0.6562522326732366,
            -0.14050801145833097
        ],
        "std": [
            0.08990553013086898,
            0.1032151585320709,
            0.05173081859489455,
            0.5182626644128001,
            0.07308046457787128,
            0.07422585596901592,
            0.3933858691987689,
            0.05588699229870131,
            0.06453274212280329
        ],
        "count": [
            34510
        ],
        "q01": [
            0.44816962446563585,
            -0.1380951376649448,
            0.10046377329213146,
            0.029981950307199995,
            -0.11991831298892172,
            -0.07460453326455636,
            -0.6327391569042045,
            0.6491248387679805,
            -0.15756231406906704
        ],
        "q10": [
            0.46252373555208265,
            -0.11573048660992995,
            0.10223162750776972,
            0.2636969538514187,
            -0.05103608250700517,
            -0.02546735877703897,
            -0.574210621778669,
            0.6501950803659635,
            -0.14927165542897497
        ],
        "q50": [
            0.530185774692231,
            -0.02111469210385674,
            0.1458513432493624,
            0.780089263319907,
            -0.0066004543881675445,
            0.00046697749612660056,
            -0.19884483356807267,
            0.6524932160148601,
            -0.13969981147866306
        ],