comparison,arm_role,arm,seed,k,n,cell,statistic,action_mode,source,path
pick_rnd30_dp,human,dH,20,18,30,HEADLINE/final/rnd,picked,sample,cluster:dp_headline,/cluster/tufts/shortlab/jstale02/genesis_pickaplace/baselines/outputs/dp_w2final/dH_DP_s20/sweep/HEADLINE.txt
pick_rnd30_dp,human,dH,21,18,30,HEADLINE/final/rnd,picked,sample,cluster:dp_headline,/cluster/tufts/shortlab/jstale02/genesis_pickaplace/baselines/outputs/dp_w2final/dH_DP_s21/sweep/HEADLINE.txt
pick_rnd30_dp,human,dH,22,18,30,HEADLINE/final/rnd,picked,sample,cluster:dp_headline,/cluster/tufts/shortlab/jstale02/genesis_pickaplace/baselines/outputs/dp_w2final/dH_DP_s22/sweep/HEADLINE.txt
pick_rnd30_dp,human,dH,23,14,30,HEADLINE/final/rnd,picked,sample,cluster:dp_headline,/cluster/tufts/shortlab/jstale02/genesis_pickaplace/baselines/outputs/dp_w2final/dH_DP_s23/sweep/HEADLINE.txt
pick_rnd30_dp,human,dH,24,13,30,HEADLINE/final/rnd,picked,sample,cluster:dp_headline,/cluster/tufts/shortlab/jstale02/genesis_pickaplace/baselines/outputs/dp_w2final/dH_DP_s24/sweep/HEADLINE.txt
pick_rnd30_dp,human,dH,25,15,30,HEADLINE/final/rnd,picked,sample,cluster:dp_headline,/cluster/tufts/shortlab/jstale02/genesis_pickaplace/baselines/outputs/dp_w2final/dH_DP_s25/sweep/HEADLINE.txt
pick_rnd30_dp,human,dH,26,12,30,HEADLINE/final/rnd,picked,sample,cluster:dp_headline,/cluster/tufts/shortlab/jstale02/genesis_pickaplace/baselines/outputs/dp_w2final/dH_DP_s26/sweep/HEADLINE.txt
pick_rnd30_dp,human,dH,27,16,30,HEADLINE/final/rnd,picked,sample,cluster:dp_headline,/cluster/tufts/shortlab/jstale02/genesis_pickaplace/baselines/outputs/dp_w2final/dH_DP_s27/sweep/HEADLINE.txt
pick_rnd30_dp,human,dH,28,17,30,HEADLINE/final/rnd,picked,sample,cluster:dp_headline,/cluster/tufts/shortlab/jstale02/genesis_pickaplace/baselines/outputs/dp_w2final/dH_DP_s28/sweep/HEADLINE.txt
pick_rnd30_dp,human,dH,29,15,30,HEADLINE/final/rnd,picked,sample,cluster:dp_headline,/cluster/tufts/shortlab/jstale02/genesis_pickaplace/baselines/outputs/dp_w2final/dH_DP_s29/sweep/HEADLINE.txt
pick_rnd30_dp,machine,dDP,20,17,30,HEADLINE/final/rnd,picked,sample,cluster:dp_headline,/cluster/tufts/shortlab/jstale02/genesis_pickaplace/baselines/outputs/dp_w2final/dDP_DP_s20/sweep/HEADLINE.txt
pick_rnd30_dp,machine,dDP,21,14,30,HEADLINE/final/rnd,picked,sample,cluster:dp_headline,/cluster/tufts/shortlab/jstale02/genesis_pickaplace/baselines/outputs/dp_w2final/dDP_DP_s21/sweep/HEADLINE.txt
pick_rnd30_dp,machine,dDP,22,13,30,HEADLINE/final/rnd,picked,sample,cluster:dp_headline,/cluster/tufts/shortlab/jstale02/genesis_pickaplace/baselines/outputs/dp_w2final/dDP_DP_s22/sweep/HEADLINE.txt
pick_rnd30_dp,machine,dDP,23,15,30,HEADLINE/final/rnd,picked,sample,cluster:dp_headline,/cluster/tufts/shortlab/jstale02/genesis_pickaplace/baselines/outputs/dp_w2final/dDP_DP_s23/sweep/HEADLINE.txt
pick_rnd30_dp,machine,dDP,24,12,30,HEADLINE/final/rnd,picked,sample,cluster:dp_headline,/cluster/tufts/shortlab/jstale02/genesis_pickaplace/baselines/outputs/dp_w2final/dDP_DP_s24/sweep/HEADLINE.txt
pick_rnd30_dp,machine,dDP,25,15,30,HEADLINE/final/rnd,picked,sample,cluster:dp_headline,/cluster/tufts/shortlab/jstale02/genesis_pickaplace/baselines/outputs/dp_w2final/dDP_DP_s25/sweep/HEADLINE.txt
pick_rnd30_dp,machine,dDP,26,11,30,HEADLINE/final/rnd,picked,sample,cluster:dp_headline,/cluster/tufts/shortlab/jstale02/genesis_pickaplace/baselines/outputs/dp_w2final/dDP_DP_s26/sweep/HEADLINE.txt
pick_rnd30_dp,machine,dDP,27,15,30,HEADLINE/final/rnd,picked,sample,cluster:dp_headline,/cluster/tufts/shortlab/jstale02/genesis_pickaplace/baselines/outputs/dp_w2final/dDP_DP_s27/sweep/HEADLINE.txt
pick_rnd30_dp,machine,dDP,28,16,30,HEADLINE/final/rnd,picked,sample,cluster:dp_headline,/cluster/tufts/shortlab/jstale02/genesis_pickaplace/baselines/outputs/dp_w2final/dDP_DP_s28/sweep/HEADLINE.txt
pick_rnd30_dp,machine,dDP,29,12,30,HEADLINE/final/rnd,picked,sample,cluster:dp_headline,/cluster/tufts/shortlab/jstale02/genesis_pickaplace/baselines/outputs/dp_w2final/dDP_DP_s29/sweep/HEADLINE.txt
pick_rnd30_rlpd,human,dHv2raw,60,23,30,final/rnd,picked,?,cluster:rlpd,/cluster/tufts/shortlab/jstale02/genesis_pickaplace/baselines/rl/checkpoints/rlpd_g99v2fullw3_dHv2raw_s60/sweep/final_sweep.json
pick_rnd30_rlpd,human,dHv2raw,61,20,30,final/rnd,picked,?,cluster:rlpd,/cluster/tufts/shortlab/jstale02/genesis_pickaplace/baselines/rl/checkpoints/rlpd_g99v2fullw3_dHv2raw_s61/sweep/final_sweep.json
pick_rnd30_rlpd,human,dHv2raw,62,18,30,final/rnd,picked,?,cluster:rlpd,/cluster/tufts/shortlab/jstale02/genesis_pickaplace/baselines/rl/checkpoints/rlpd_g99v2fullw3_dHv2raw_s62/sweep/final_sweep.json
pick_rnd30_rlpd,human,dHv2raw,63,20,30,final/rnd,picked,?,cluster:rlpd,/cluster/tufts/shortlab/jstale02/genesis_pickaplace/baselines/rl/checkpoints/rlpd_g99v2fullw3_dHv2raw_s63/sweep/final_sweep.json
pick_rnd30_rlpd,human,dHv2raw,64,18,30,final/rnd,picked,?,cluster:rlpd,/cluster/tufts/shortlab/jstale02/genesis_pickaplace/baselines/rl/checkpoints/rlpd_g99v2fullw3_dHv2raw_s64/sweep/final_sweep.json
pick_rnd30_rlpd,human,dHv2raw,65,2,30,final/rnd,picked,?,cluster:rlpd,/cluster/tufts/shortlab/jstale02/genesis_pickaplace/baselines/rl/checkpoints/rlpd_g99v2fullw3_dHv2raw_s65/sweep/final/sweep.json
pick_rnd30_rlpd,human,dHv2raw,66,24,30,final/rnd,picked,?,cluster:rlpd,/cluster/tufts/shortlab/jstale02/genesis_pickaplace/baselines/rl/checkpoints/rlpd_g99v2fullw3_dHv2raw_s66/sweep/final_sweep.json
pick_rnd30_rlpd,human,dHv2raw,67,19,30,final/rnd,picked,?,cluster:rlpd,/cluster/tufts/shortlab/jstale02/genesis_pickaplace/baselines/rl/checkpoints/rlpd_g99v2fullw3_dHv2raw_s67/sweep/final_sweep.json
pick_rnd30_rlpd,machine,dDPv2,50,18,30,final/rnd,picked,?,cluster:rlpd,/cluster/tufts/shortlab/jstale02/genesis_pickaplace/baselines/rl/checkpoints/rlpd_g99v2fullw3_dDPv2_s50/sweep/final/sweep.json
pick_rnd30_rlpd,machine,dDPv2,51,20,30,final/rnd,picked,?,cluster:rlpd,/cluster/tufts/shortlab/jstale02/genesis_pickaplace/baselines/rl/checkpoints/rlpd_g99v2fullw3_dDPv2_s51/sweep/final_sweep.json
pick_rnd30_rlpd,machine,dDPv2,52,19,30,final/rnd,picked,?,cluster:rlpd,/cluster/tufts/shortlab/jstale02/genesis_pickaplace/baselines/rl/checkpoints/rlpd_g99v2fullw3_dDPv2_s52/sweep/final_sweep.json
pick_rnd30_rlpd,machine,dDPv2,53,20,30,final/rnd,picked,?,cluster:rlpd,/cluster/tufts/shortlab/jstale02/genesis_pickaplace/baselines/rl/checkpoints/rlpd_g99v2fullw3_dDPv2_s53/sweep/final_sweep.json
pick_rnd30_rlpd,machine,dDPv2,54,19,30,final/rnd,picked,?,cluster:rlpd,/cluster/tufts/shortlab/jstale02/genesis_pickaplace/baselines/rl/checkpoints/rlpd_g99v2fullw3_dDPv2_s54/sweep/final_sweep.json
pick_rnd30_rlpd,machine,dDPv2,55,0,30,final/rnd,picked,?,cluster:rlpd,/cluster/tufts/shortlab/jstale02/genesis_pickaplace/baselines/rl/checkpoints/rlpd_g99v2fullw3_dDPv2_s55/sweep/final/sweep.json
pick_rnd30_rlpd,machine,dDPv2,56,20,30,final/rnd,picked,?,cluster:rlpd,/cluster/tufts/shortlab/jstale02/genesis_pickaplace/baselines/rl/checkpoints/rlpd_g99v2fullw3_dDPv2_s56/sweep/final_sweep.json
pick_rnd30_rlpd,machine,dDPv2,57,20,30,final/rnd,picked,?,cluster:rlpd,/cluster/tufts/shortlab/jstale02/genesis_pickaplace/baselines/rl/checkpoints/rlpd_g99v2fullw3_dDPv2_s57/sweep/final_sweep.json
pick_rnd30_rlpd_frozen,human,dHv2raw,60,23,30,final/rnd,picked,?,cluster:rlpd,/cluster/tufts/shortlab/jstale02/genesis_pickaplace/baselines/rl/checkpoints/rlpd_g99v2fullw3_dHv2raw_s60/sweep/final_sweep.json
pick_rnd30_rlpd_frozen,human,dHv2raw,61,20,30,final/rnd,picked,?,cluster:rlpd,/cluster/tufts/shortlab/jstale02/genesis_pickaplace/baselines/rl/checkpoints/rlpd_g99v2fullw3_dHv2raw_s61/sweep/final_sweep.json
pick_rnd30_rlpd_frozen,human,dHv2raw,62,18,30,final/rnd,picked,?,cluster:rlpd,/cluster/tufts/shortlab/jstale02/genesis_pickaplace/baselines/rl/checkpoints/rlpd_g99v2fullw3_dHv2raw_s62/sweep/final_sweep.json
pick_rnd30_rlpd_frozen,human,dHv2raw,63,20,30,final/rnd,picked,?,cluster:rlpd,/cluster/tufts/shortlab/jstale02/genesis_pickaplace/baselines/rl/checkpoints/rlpd_g99v2fullw3_dHv2raw_s63/sweep/final_sweep.json
pick_rnd30_rlpd_frozen,human,dHv2raw,64,18,30,final/rnd,picked,?,cluster:rlpd,/cluster/tufts/shortlab/jstale02/genesis_pickaplace/baselines/rl/checkpoints/rlpd_g99v2fullw3_dHv2raw_s64/sweep/final_sweep.json
pick_rnd30_rlpd_frozen,human,dHv2raw,65,2,30,final/rnd,picked,?,cluster:rlpd,/cluster/tufts/shortlab/jstale02/genesis_pickaplace/baselines/rl/checkpoints/rlpd_g99v2fullw3_dHv2raw_s65/sweep/final/sweep.json
pick_rnd30_rlpd_frozen,human,dHv2raw,66,24,30,final/rnd,picked,?,cluster:rlpd,/cluster/tufts/shortlab/jstale02/genesis_pickaplace/baselines/rl/checkpoints/rlpd_g99v2fullw3_dHv2raw_s66/sweep/final_sweep.json
pick_rnd30_rlpd_frozen,human,dHv2raw,67,19,30,final/rnd,picked,?,cluster:rlpd,/cluster/tufts/shortlab/jstale02/genesis_pickaplace/baselines/rl/checkpoints/rlpd_g99v2fullw3_dHv2raw_s67/sweep/final_sweep.json
pick_rnd30_rlpd_frozen,machine,dDP,40,18,30,final/rnd,picked,?,cluster:rlpd,/cluster/tufts/shortlab/jstale02/genesis_pickaplace/baselines/rl/checkpoints/rlpd_g99w3_dDP_s40/sweep/final_sweep.json
pick_rnd30_rlpd_frozen,machine,dDP,41,19,30,final/rnd,picked,?,cluster:rlpd,/cluster/tufts/shortlab/jstale02/genesis_pickaplace/baselines/rl/checkpoints/rlpd_g99w3_dDP_s41/sweep/final_sweep.json
pick_rnd30_rlpd_frozen,machine,dDP,42,17,30,final/rnd,picked,?,cluster:rlpd,/cluster/tufts/shortlab/jstale02/genesis_pickaplace/baselines/rl/checkpoints/rlpd_g99w3_dDP_s42/sweep/final_sweep.json
pick_rnd30_rlpd_frozen,machine,dDP,43,19,30,final/rnd,picked,?,cluster:rlpd,/cluster/tufts/shortlab/jstale02/genesis_pickaplace/baselines/rl/checkpoints/rlpd_g99w3_dDP_s43/sweep/final_sweep.json
pick_rnd30_rlpd_frozen,machine,dDP,44,20,30,final/rnd,picked,?,cluster:rlpd,/cluster/tufts/shortlab/jstale02/genesis_pickaplace/baselines/rl/checkpoints/rlpd_g99w3_dDP_s44/sweep/final_sweep.json
pick_rnd30_rlpd_frozen,machine,dDP,45,0,30,final/rnd,picked,?,cluster:rlpd,/cluster/tufts/shortlab/jstale02/genesis_pickaplace/baselines/rl/checkpoints/rlpd_g99w3_dDP_s45/sweep/final/sweep.json
pick_rnd30_rlpd_frozen,machine,dDP,46,20,30,final/rnd,picked,?,cluster:rlpd,/cluster/tufts/shortlab/jstale02/genesis_pickaplace/baselines/rl/checkpoints/rlpd_g99w3_dDP_s46/sweep/final_sweep.json
pick_rnd30_rlpd_frozen,machine,dDP,47,11,30,final/rnd,picked,?,cluster:rlpd,/cluster/tufts/shortlab/jstale02/genesis_pickaplace/baselines/rl/checkpoints/rlpd_g99w3_dDP_s47/sweep/final_sweep.json
pick_rnd30_r2d_mode,human,dHv2raw,0,15,30,rnd30,picked,mode,cluster:wm,/cluster/tufts/shortlab/jstale02/wm_fix_2026-09-03/runs/s2_r2d_pick_state_dHv2raw_bnormclamp1ent5_s0/fresh_eval_rnd30_mode/metrics.json
pick_rnd30_r2d_mode,human,dHv2raw,1,19,30,rnd30,picked,mode,cluster:wm,/cluster/tufts/shortlab/jstale02/wm_fix_2026-09-03/runs/s2_r2d_pick_state_dHv2raw_bnormclamp1ent5_s1/fresh_eval_rnd30_mode/metrics.json
pick_rnd30_r2d_mode,human,dHv2raw,2,19,30,rnd30,picked,mode,cluster:wm,/cluster/tufts/shortlab/jstale02/wm_fix_2026-09-03/runs/s2_r2d_pick_state_dHv2raw_bnormclamp1ent5_s2/fresh_eval_rnd30_mode/metrics.json
pick_rnd30_r2d_mode,human,dHv2raw,3,19,30,rnd30,picked,mode,cluster:wm,/cluster/tufts/shortlab/jstale02/wm_fix_2026-09-03/runs/s2_r2d_pick_state_dHv2raw_bnormclamp1ent5_s3/fresh_eval_rnd30_mode/metrics.json
pick_rnd30_r2d_mode,human,dHv2raw,4,21,30,rnd30,picked,mode,cluster:wm,/cluster/tufts/shortlab/jstale02/wm_fix_2026-09-03/runs/s2_r2d_pick_state_dHv2raw_bnormclamp1ent5_s4/fresh_eval_rnd30_mode/metrics.json
pick_rnd30_r2d_mode,human,dHv2raw,5,17,30,rnd30,picked,mode,cluster:wm,/cluster/tufts/shortlab/jstale02/wm_fix_2026-09-03/runs/s2_r2d_pick_state_dHv2raw_bnormclamp1ent5_s5/fresh_eval_rnd30_mode/metrics.json
pick_rnd30_r2d_mode,human,dHv2raw,6,20,30,rnd30,picked,mode,cluster:wm,/cluster/tufts/shortlab/jstale02/wm_fix_2026-09-03/runs/s2_r2d_pick_state_dHv2raw_bnormclamp1ent5_s6/fresh_eval_rnd30_mode/metrics.json
pick_rnd30_r2d_mode,human,dHv2raw,7,18,30,rnd30,picked,mode,cluster:wm,/cluster/tufts/shortlab/jstale02/wm_fix_2026-09-03/runs/s2_r2d_pick_state_dHv2raw_bnormclamp1ent5_s7/fresh_eval_rnd30_mode/metrics.json
pick_rnd30_r2d_mode,machine,dDP,0,20,30,rnd30,picked,mode,cluster:wm,/cluster/tufts/shortlab/jstale02/wm_fix_2026-09-03/runs/s2_r2d_pick_state_dDP_bnormclamp1ent5_s0/fresh_eval_rnd30_mode/metrics.json
pick_rnd30_r2d_mode,machine,dDP,1,18,30,rnd30,picked,mode,cluster:wm,/cluster/tufts/shortlab/jstale02/wm_fix_2026-09-03/runs/s2_r2d_pick_state_dDP_bnormclamp1ent5_s1/fresh_eval_rnd30_mode/metrics.json
pick_rnd30_r2d_mode,machine,dDP,2,18,30,rnd30,picked,mode,cluster:wm,/cluster/tufts/shortlab/jstale02/wm_fix_2026-09-03/runs/s2_r2d_pick_state_dDP_bnormclamp1ent5_s2/fresh_eval_rnd30_mode/metrics.json
pick_rnd30_r2d_mode,machine,dDP,3,18,30,rnd30,picked,mode,cluster:wm,/cluster/tufts/shortlab/jstale02/wm_fix_2026-09-03/runs/s2_r2d_pick_state_dDP_bnormclamp1ent5_s3/fresh_eval_rnd30_mode/metrics.json
pick_rnd30_r2d_mode,machine,dDP,4,16,30,rnd30,picked,mode,cluster:wm,/cluster/tufts/shortlab/jstale02/wm_fix_2026-09-03/runs/s2_r2d_pick_state_dDP_bnormclamp1ent5_s4/fresh_eval_rnd30_mode/metrics.json
pick_rnd30_r2d_mode,machine,dDP,5,19,30,rnd30,picked,mode,cluster:wm,/cluster/tufts/shortlab/jstale02/wm_fix_2026-09-03/runs/s2_r2d_pick_state_dDP_bnormclamp1ent5_s5/fresh_eval_rnd30_mode/metrics.json
pick_rnd30_r2d_mode,machine,dDP,6,19,30,rnd30,picked,mode,cluster:wm,/cluster/tufts/shortlab/jstale02/wm_fix_2026-09-03/runs/s2_r2d_pick_state_dDP_bnormclamp1ent5_s6/fresh_eval_rnd30_mode/metrics.json
pick_rnd30_r2d_mode,machine,dDP,7,18,30,rnd30,picked,mode,cluster:wm,/cluster/tufts/shortlab/jstale02/wm_fix_2026-09-03/runs/s2_r2d_pick_state_dDP_bnormclamp1ent5_s7/fresh_eval_rnd30_mode/metrics.json
pick_rnd30_r2d_sample,human,dHv2raw,0,16,30,rnd30,picked,sample,cluster:wm,/cluster/tufts/shortlab/jstale02/wm_fix_2026-09-03/runs/s2_r2d_pick_state_dHv2raw_bnormclamp1ent5_s0/fresh_eval_rnd30_sample/metrics.json
pick_rnd30_r2d_sample,human,dHv2raw,1,20,30,rnd30,picked,sample,cluster:wm,/cluster/tufts/shortlab/jstale02/wm_fix_2026-09-03/runs/s2_r2d_pick_state_dHv2raw_bnormclamp1ent5_s1/fresh_eval_rnd30_sample/metrics.json
pick_rnd30_r2d_sample,human,dHv2raw,2,20,30,rnd30,picked,sample,cluster:wm,/cluster/tufts/shortlab/jstale02/wm_fix_2026-09-03/runs/s2_r2d_pick_state_dHv2raw_bnormclamp1ent5_s2/fresh_eval_rnd30_sample/metrics.json
pick_rnd30_r2d_sample,human,dHv2raw,3,18,30,rnd30,picked,sample,cluster:wm,/cluster/tufts/shortlab/jstale02/wm_fix_2026-09-03/runs/s2_r2d_pick_state_dHv2raw_bnormclamp1ent5_s3/fresh_eval_rnd30_sample/metrics.json
pick_rnd30_r2d_sample,human,dHv2raw,4,19,30,rnd30,picked,sample,cluster:wm,/cluster/tufts/shortlab/jstale02/wm_fix_2026-09-03/runs/s2_r2d_pick_state_dHv2raw_bnormclamp1ent5_s4/fresh_eval_rnd30_sample/metrics.json
pick_rnd30_r2d_sample,human,dHv2raw,5,16,30,rnd30,picked,sample,cluster:wm,/cluster/tufts/shortlab/jstale02/wm_fix_2026-09-03/runs/s2_r2d_pick_state_dHv2raw_bnormclamp1ent5_s5/fresh_eval_rnd30_sample/metrics.json
pick_rnd30_r2d_sample,human,dHv2raw,6,18,30,rnd30,picked,sample,cluster:wm,/cluster/tufts/shortlab/jstale02/wm_fix_2026-09-03/runs/s2_r2d_pick_state_dHv2raw_bnormclamp1ent5_s6/fresh_eval_rnd30_sample/metrics.json
pick_rnd30_r2d_sample,human,dHv2raw,7,20,30,rnd30,picked,sample,cluster:wm,/cluster/tufts/shortlab/jstale02/wm_fix_2026-09-03/runs/s2_r2d_pick_state_dHv2raw_bnormclamp1ent5_s7/fresh_eval_rnd30_sample/metrics.json
pick_rnd30_r2d_sample,machine,dDP,0,20,30,rnd30,picked,sample,cluster:wm,/cluster/tufts/shortlab/jstale02/wm_fix_2026-09-03/runs/s2_r2d_pick_state_dDP_bnormclamp1ent5_s0/fresh_eval_rnd30_sample/metrics.json
pick_rnd30_r2d_sample,machine,dDP,1,17,30,rnd30,picked,sample,cluster:wm,/cluster/tufts/shortlab/jstale02/wm_fix_2026-09-03/runs/s2_r2d_pick_state_dDP_bnormclamp1ent5_s1/fresh_eval_rnd30_sample/metrics.json
pick_rnd30_r2d_sample,machine,dDP,2,19,30,rnd30,picked,sample,cluster:wm,/cluster/tufts/shortlab/jstale02/wm_fix_2026-09-03/runs/s2_r2d_pick_state_dDP_bnormclamp1ent5_s2/fresh_eval_rnd30_sample/metrics.json
pick_rnd30_r2d_sample,machine,dDP,3,19,30,rnd30,picked,sample,cluster:wm,/cluster/tufts/shortlab/jstale02/wm_fix_2026-09-03/runs/s2_r2d_pick_state_dDP_bnormclamp1ent5_s3/fresh_eval_rnd30_sample/metrics.json
pick_rnd30_r2d_sample,machine,dDP,4,20,30,rnd30,picked,sample,cluster:wm,/cluster/tufts/shortlab/jstale02/wm_fix_2026-09-03/runs/s2_r2d_pick_state_dDP_bnormclamp1ent5_s4/fresh_eval_rnd30_sample/metrics.json
pick_rnd30_r2d_sample,machine,dDP,5,20,30,rnd30,picked,sample,cluster:wm,/cluster/tufts/shortlab/jstale02/wm_fix_2026-09-03/runs/s2_r2d_pick_state_dDP_bnormclamp1ent5_s5/fresh_eval_rnd30_sample/metrics.json
pick_rnd30_r2d_sample,machine,dDP,6,16,30,rnd30,picked,sample,cluster:wm,/cluster/tufts/shortlab/jstale02/wm_fix_2026-09-03/runs/s2_r2d_pick_state_dDP_bnormclamp1ent5_s6/fresh_eval_rnd30_sample/metrics.json
pick_rnd30_r2d_sample,machine,dDP,7,20,30,rnd30,picked,sample,cluster:wm,/cluster/tufts/shortlab/jstale02/wm_fix_2026-09-03/runs/s2_r2d_pick_state_dDP_bnormclamp1ent5_s7/fresh_eval_rnd30_sample/metrics.json
pick_rnd30_dv3,human,dHv2raw,0,21,30,rnd30_recov,picked,sample,cluster:dv3,/cluster/tufts/shortlab/jstale02/wm_fix_2026-09-03/runs/dv3dbg_pick_dHv2raw_clamp1_s0/fresh_eval_rnd30_recov/metrics.json
pick_rnd30_dv3,human,dHv2raw,1,21,30,rnd30_recov,picked,sample,cluster:dv3,/cluster/tufts/shortlab/jstale02/wm_fix_2026-09-03/runs/dv3dbg_pick_dHv2raw_clamp1_s1/fresh_eval_rnd30_recov/metrics.json
pick_rnd30_dv3,machine,dDP,0,19,30,rnd30_recov,picked,sample,cluster:dv3,/cluster/tufts/shortlab/jstale02/wm_fix_2026-09-03/runs/dv3dbg_pick_dDP_clamp1_s0/fresh_eval_rnd30_recov/metrics.json
pick_rnd30_dv3,machine,dDP,1,19,30,rnd30_recov,picked,sample,cluster:dv3,/cluster/tufts/shortlab/jstale02/wm_fix_2026-09-03/runs/dv3dbg_pick_dDP_clamp1_s1/fresh_eval_rnd30_recov/metrics.json
pick_spots60_dp,human,dH,20,53,60,selected_spots60/spots60,picked,sample,cluster:dp,/cluster/tufts/shortlab/jstale02/genesis_pickaplace/baselines/outputs/dp_w2final/dH_DP_s20/sweep/selected_spots60/sweep.json
pick_spots60_dp,human,dH,21,58,60,selected_spots60/spots60,picked,sample,cluster:dp,/cluster/tufts/shortlab/jstale02/genesis_pickaplace/baselines/outputs/dp_w2final/dH_DP_s21/sweep/selected_spots60/sweep.json
pick_spots60_dp,human,dH,22,52,60,selected_spots60/spots60,picked,sample,cluster:dp,/cluster/tufts/shortlab/jstale02/genesis_pickaplace/baselines/outputs/dp_w2final/dH_DP_s22/sweep/selected_spots60/sweep.json
pick_spots60_dp,human,dH,23,53,60,selected_spots60/spots60,picked,sample,cluster:dp,/cluster/tufts/shortlab/jstale02/genesis_pickaplace/baselines/outputs/dp_w2final/dH_DP_s23/sweep/selected_spots60/sweep.json
pick_spots60_dp,human,dH,24,52,60,selected_spots60/spots60,picked,sample,cluster:dp,/cluster/tufts/shortlab/jstale02/genesis_pickaplace/baselines/outputs/dp_w2final/dH_DP_s24/sweep/selected_spots60/sweep.json
pick_spots60_dp,human,dH,25,53,60,selected_spots60/spots60,picked,sample,cluster:dp,/cluster/tufts/shortlab/jstale02/genesis_pickaplace/baselines/outputs/dp_w2final/dH_DP_s25/sweep/selected_spots60/sweep.json
pick_spots60_dp,human,dH,26,51,60,selected_spots60/spots60,picked,sample,cluster:dp,/cluster/tufts/shortlab/jstale02/genesis_pickaplace/baselines/outputs/dp_w2final/dH_DP_s26/sweep/selected_spots60/sweep.json
pick_spots60_dp,human,dH,27,55,60,selected_spots60/spots60,picked,sample,cluster:dp,/cluster/tufts/shortlab/jstale02/genesis_pickaplace/baselines/outputs/dp_w2final/dH_DP_s27/sweep/selected_spots60/sweep.json
pick_spots60_dp,human,dH,28,50,60,selected_spots60/spots60,picked,sample,cluster:dp,/cluster/tufts/shortlab/jstale02/genesis_pickaplace/baselines/outputs/dp_w2final/dH_DP_s28/sweep/selected_spots60/sweep.json
pick_spots60_dp,human,dH,29,50,60,selected_spots60/spots60,picked,sample,cluster:dp,/cluster/tufts/shortlab/jstale02/genesis_pickaplace/baselines/outputs/dp_w2final/dH_DP_s29/sweep/selected_spots60/sweep.json
pick_spots60_dp,machine,dDP,20,50,60,selected_spots60/spots60,picked,sample,cluster:dp,/cluster/tufts/shortlab/jstale02/genesis_pickaplace/baselines/outputs/dp_w2final/dDP_DP_s20/sweep/selected_spots60/sweep.json
pick_spots60_dp,machine,dDP,21,53,60,selected_spots60/spots60,picked,sample,cluster:dp,/cluster/tufts/shortlab/jstale02/genesis_pickaplace/baselines/outputs/dp_w2final/dDP_DP_s21/sweep/selected_spots60/sweep.json
pick_spots60_dp,machine,dDP,22,49,60,selected_spots60/spots60,picked,sample,cluster:dp,/cluster/tufts/shortlab/jstale02/genesis_pickaplace/baselines/outputs/dp_w2final/dDP_DP_s22/sweep/selected_spots60/sweep.json
pick_spots60_dp,machine,dDP,23,55,60,selected_spots60/spots60,picked,sample,cluster:dp,/cluster/tufts/shortlab/jstale02/genesis_pickaplace/baselines/outputs/dp_w2final/dDP_DP_s23/sweep/selected_spots60/sweep.json
pick_spots60_dp,machine,dDP,24,52,60,selected_spots60/spots60,picked,sample,cluster:dp,/cluster/tufts/shortlab/jstale02/genesis_pickaplace/baselines/outputs/dp_w2final/dDP_DP_s24/sweep/selected_spots60/sweep.json
pick_spots60_dp,machine,dDP,25,53,60,selected_spots60/spots60,picked,sample,cluster:dp,/cluster/tufts/shortlab/jstale02/genesis_pickaplace/baselines/outputs/dp_w2final/dDP_DP_s25/sweep/selected_spots60/sweep.json
pick_spots60_dp,machine,dDP,26,54,60,selected_spots60/spots60,picked,sample,cluster:dp,/cluster/tufts/shortlab/jstale02/genesis_pickaplace/baselines/outputs/dp_w2final/dDP_DP_s26/sweep/selected_spots60/sweep.json
pick_spots60_dp,machine,dDP,27,55,60,selected_spots60/spots60,picked,sample,cluster:dp,/cluster/tufts/shortlab/jstale02/genesis_pickaplace/baselines/outputs/dp_w2final/dDP_DP_s27/sweep/selected_spots60/sweep.json
pick_spots60_dp,machine,dDP,28,52,60,selected_spots60/spots60,picked,sample,cluster:dp,/cluster/tufts/shortlab/jstale02/genesis_pickaplace/baselines/outputs/dp_w2final/dDP_DP_s28/sweep/selected_spots60/sweep.json
pick_spots60_dp,machine,dDP,29,51,60,selected_spots60/spots60,picked,sample,cluster:dp,/cluster/tufts/shortlab/jstale02/genesis_pickaplace/baselines/outputs/dp_w2final/dDP_DP_s29/sweep/selected_spots60/sweep.json
pick_spots60_dp_asrecorded,human,dH,20,53,60,selected_spots60/spots60,picked,sample,cluster:dp,/cluster/tufts/shortlab/jstale02/genesis_pickaplace/baselines/outputs/dp_w2final/dH_DP_s20/sweep/selected_spots60/sweep.json
pick_spots60_dp_asrecorded,human,dH,21,58,60,selected_spots60/spots60,picked,sample,cluster:dp,/cluster/tufts/shortlab/jstale02/genesis_pickaplace/baselines/outputs/dp_w2final/dH_DP_s21/sweep/selected_spots60/sweep.json
pick_spots60_dp_asrecorded,human,dH,22,52,60,selected_spots60/spots60,picked,sample,cluster:dp,/cluster/tufts/shortlab/jstale02/genesis_pickaplace/baselines/outputs/dp_w2final/dH_DP_s22/sweep/selected_spots60/sweep.json
pick_spots60_dp_asrecorded,human,dH,23,53,60,selected_spots60/spots60,picked,sample,cluster:dp,/cluster/tufts/shortlab/jstale02/genesis_pickaplace/baselines/outputs/dp_w2final/dH_DP_s23/sweep/selected_spots60/sweep.json
pick_spots60_dp_asrecorded,human,dH,24,52,60,selected_spots60/spots60,picked,sample,cluster:dp,/cluster/tufts/shortlab/jstale02/genesis_pickaplace/baselines/outputs/dp_w2final/dH_DP_s24/sweep/selected_spots60/sweep.json
pick_spots60_dp_asrecorded,human,dH,25,53,60,selected_spots60/spots60,picked,sample,cluster:dp,/cluster/tufts/shortlab/jstale02/genesis_pickaplace/baselines/outputs/dp_w2final/dH_DP_s25/sweep/selected_spots60/sweep.json
pick_spots60_dp_asrecorded,human,dH,26,51,60,selected_spots60/spots60,picked,sample,cluster:dp,/cluster/tufts/shortlab/jstale02/genesis_pickaplace/baselines/outputs/dp_w2final/dH_DP_s26/sweep/selected_spots60/sweep.json
pick_spots60_dp_asrecorded,human,dH,27,55,60,selected_spots60/spots60,picked,sample,cluster:dp,/cluster/tufts/shortlab/jstale02/genesis_pickaplace/baselines/outputs/dp_w2final/dH_DP_s27/sweep/selected_spots60/sweep.json
pick_spots60_dp_asrecorded,human,dH,28,50,60,selected_spots60/spots60,picked,sample,cluster:dp,/cluster/tufts/shortlab/jstale02/genesis_pickaplace/baselines/outputs/dp_w2final/dH_DP_s28/sweep/selected_spots60/sweep.json
pick_spots60_dp_asrecorded,human,dH,29,50,60,selected_spots60/spots60,picked,sample,cluster:dp,/cluster/tufts/shortlab/jstale02/genesis_pickaplace/baselines/outputs/dp_w2final/dH_DP_s29/sweep/selected_spots60/sweep.json
pick_spots60_dp_asrecorded,machine,dDP,20,50,60,selected_spots60/spots60,picked,sample,cluster:dp,/cluster/tufts/shortlab/jstale02/genesis_pickaplace/baselines/outputs/dp_w2final/dDP_DP_s20/sweep/selected_spots60/sweep.json
pick_spots60_dp_asrecorded,machine,dDP,21,53,60,selected_spots60/spots60,picked,sample,cluster:dp,/cluster/tufts/shortlab/jstale02/genesis_pickaplace/baselines/outputs/dp_w2final/dDP_DP_s21/sweep/selected_spots60/sweep.json
pick_spots60_dp_asrecorded,machine,dDP,22,49,60,selected_spots60/spots60,picked,sample,cluster:dp,/cluster/tufts/shortlab/jstale02/genesis_pickaplace/baselines/outputs/dp_w2final/dDP_DP_s22/sweep/selected_spots60/sweep.json
pick_spots60_dp_asrecorded,machine,dDP,23,55,60,selected_spots60/spots60,picked,sample,cluster:dp,/cluster/tufts/shortlab/jstale02/genesis_pickaplace/baselines/outputs/dp_w2final/dDP_DP_s23/sweep/selected_spots60/sweep.json
pick_spots60_dp_asrecorded,machine,dDP,24,52,60,selected_spots60/spots60,picked,sample,cluster:dp,/cluster/tufts/shortlab/jstale02/genesis_pickaplace/baselines/outputs/dp_w2final/dDP_DP_s24/sweep/selected_spots60/sweep.json
pick_spots60_dp_asrecorded,machine,dDP,25,53,60,selected_spots60/spots60,picked,sample,cluster:dp,/cluster/tufts/shortlab/jstale02/genesis_pickaplace/baselines/outputs/dp_w2final/dDP_DP_s25/sweep/selected_spots60/sweep.json
pick_spots60_dp_asrecorded,machine,dDP,26,54,60,selected_spots60/spots60,picked,sample,cluster:dp,/cluster/tufts/shortlab/jstale02/genesis_pickaplace/baselines/outputs/dp_w2final/dDP_DP_s26/sweep/selected_spots60/sweep.json
pick_spots60_dp_asrecorded,machine,dDP,27,55,60,selected_spots60/spots60,picked,sample,cluster:dp,/cluster/tufts/shortlab/jstale02/genesis_pickaplace/baselines/outputs/dp_w2final/dDP_DP_s27/sweep/selected_spots60/sweep.json
pick_spots60_dp_asrecorded,machine,dDP,28,52,60,selected_spots60/spots60,picked,sample,cluster:dp,/cluster/tufts/shortlab/jstale02/genesis_pickaplace/baselines/outputs/dp_w2final/dDP_DP_s28/sweep/selected_spots60/sweep.json
pick_spots60_dp_asrecorded,machine,dDP,29,51,60,selected_spots60/spots60,picked,sample,cluster:dp,/cluster/tufts/shortlab/jstale02/genesis_pickaplace/baselines/outputs/dp_w2final/dDP_DP_s29/sweep/selected_spots60/sweep.json
pick_spots60_rlpd,human,dHv2raw,60,58,60,final_det_spots60/spots60,picked,mode,cluster:rlpd,/cluster/tufts/shortlab/jstale02/genesis_pickaplace/baselines/rl/checkpoints/rlpd_g99v2fullw3_dHv2raw_s60/sweep/final_det_spots60/sweep.json
pick_spots60_rlpd,human,dHv2raw,61,59,60,final_det_spots60/spots60,picked,mode,cluster:rlpd,/cluster/tufts/shortlab/jstale02/genesis_pickaplace/baselines/rl/checkpoints/rlpd_g99v2fullw3_dHv2raw_s61/sweep/final_det_spots60/sweep.json
pick_spots60_rlpd,human,dHv2raw,62,58,60,final_det_spots60/spots60,picked,mode,cluster:rlpd,/cluster/tufts/shortlab/jstale02/genesis_pickaplace/baselines/rl/checkpoints/rlpd_g99v2fullw3_dHv2raw_s62/sweep/final_det_spots60/sweep.json
pick_spots60_rlpd,human,dHv2raw,63,60,60,final_det_spots60/spots60,picked,mode,cluster:rlpd,/cluster/tufts/shortlab/jstale02/genesis_pickaplace/baselines/rl/checkpoints/rlpd_g99v2fullw3_dHv2raw_s63/sweep/final_det_spots60/sweep.json
pick_spots60_rlpd,human,dHv2raw,64,59,60,final_det_spots60/spots60,picked,mode,cluster:rlpd,/cluster/tufts/shortlab/jstale02/genesis_pickaplace/baselines/rl/checkpoints/rlpd_g99v2fullw3_dHv2raw_s64/sweep/final_det_spots60/sweep.json
pick_spots60_rlpd,human,dHv2raw,65,3,60,final_det_spots60/spots60,picked,mode,cluster:rlpd,/cluster/tufts/shortlab/jstale02/genesis_pickaplace/baselines/rl/checkpoints/rlpd_g99v2fullw3_dHv2raw_s65/sweep/final_det_spots60/sweep.json
pick_spots60_rlpd,human,dHv2raw,66,60,60,final_det_spots60/spots60,picked,mode,cluster:rlpd,/cluster/tufts/shortlab/jstale02/genesis_pickaplace/baselines/rl/checkpoints/rlpd_g99v2fullw3_dHv2raw_s66/sweep/final_det_spots60/sweep.json
pick_spots60_rlpd,human,dHv2raw,67,59,60,final_det_spots60/spots60,picked,mode,cluster:rlpd,/cluster/tufts/shortlab/jstale02/genesis_pickaplace/baselines/rl/checkpoints/rlpd_g99v2fullw3_dHv2raw_s67/sweep/final_det_spots60/sweep.json
pick_spots60_rlpd,machine,dDPv2,50,59,60,final_det_spots60/spots60,picked,mode,cluster:rlpd,/cluster/tufts/shortlab/jstale02/genesis_pickaplace/baselines/rl/checkpoints/rlpd_g99v2fullw3_dDPv2_s50/sweep/final_det_spots60/sweep.json
pick_spots60_rlpd,machine,dDPv2,51,60,60,final_det_spots60/spots60,picked,mode,cluster:rlpd,/cluster/tufts/shortlab/jstale02/genesis_pickaplace/baselines/rl/checkpoints/rlpd_g99v2fullw3_dDPv2_s51/sweep/final_det_spots60/sweep.json
pick_spots60_rlpd,machine,dDPv2,52,58,60,final_det_spots60/spots60,picked,mode,cluster:rlpd,/cluster/tufts/shortlab/jstale02/genesis_pickaplace/baselines/rl/checkpoints/rlpd_g99v2fullw3_dDPv2_s52/sweep/final_det_spots60/sweep.json
pick_spots60_rlpd,machine,dDPv2,53,60,60,final_det_spots60/spots60,picked,mode,cluster:rlpd,/cluster/tufts/shortlab/jstale02/genesis_pickaplace/baselines/rl/checkpoints/rlpd_g99v2fullw3_dDPv2_s53/sweep/final_det_spots60/sweep.json
pick_spots60_rlpd,machine,dDPv2,54,58,60,final_det_spots60/spots60,picked,mode,cluster:rlpd,/cluster/tufts/shortlab/jstale02/genesis_pickaplace/baselines/rl/checkpoints/rlpd_g99v2fullw3_dDPv2_s54/sweep/final_det_spots60/sweep.json
pick_spots60_rlpd,machine,dDPv2,55,2,60,final_det_spots60/spots60,picked,mode,cluster:rlpd,/cluster/tufts/shortlab/jstale02/genesis_pickaplace/baselines/rl/checkpoints/rlpd_g99v2fullw3_dDPv2_s55/sweep/final_det_spots60/sweep.json
pick_spots60_rlpd,machine,dDPv2,56,59,60,final_det_spots60/spots60,picked,mode,cluster:rlpd,/cluster/tufts/shortlab/jstale02/genesis_pickaplace/baselines/rl/checkpoints/rlpd_g99v2fullw3_dDPv2_s56/sweep/final_det_spots60/sweep.json
pick_spots60_rlpd,machine,dDPv2,57,59,60,final_det_spots60/spots60,picked,mode,cluster:rlpd,/cluster/tufts/shortlab/jstale02/genesis_pickaplace/baselines/rl/checkpoints/rlpd_g99v2fullw3_dDPv2_s57/sweep/final_det_spots60/sweep.json
prune_dp_rnd30,human,dH,20,18,30,selected/rnd,picked,sample,cluster:dp,/cluster/tufts/shortlab/jstale02/genesis_pickaplace/baselines/outputs/dp_w2final/dH_DP_s20/sweep/selected/sweep.json
prune_dp_rnd30,human,dH,21,19,30,selected/rnd,picked,sample,cluster:dp,/cluster/tufts/shortlab/jstale02/genesis_pickaplace/baselines/outputs/dp_w2final/dH_DP_s21/sweep/selected/sweep.json
prune_dp_rnd30,human,dH,22,18,30,selected/rnd,picked,sample,cluster:dp,/cluster/tufts/shortlab/jstale02/genesis_pickaplace/baselines/outputs/dp_w2final/dH_DP_s22/sweep/selected/sweep.json
prune_dp_rnd30,human,dH,23,14,30,selected/rnd,picked,sample,cluster:dp,/cluster/tufts/shortlab/jstale02/genesis_pickaplace/baselines/outputs/dp_w2final/dH_DP_s23/sweep/selected/sweep.json
prune_dp_rnd30,human,dH,24,13,30,selected/rnd,picked,sample,cluster:dp,/cluster/tufts/shortlab/jstale02/genesis_pickaplace/baselines/outputs/dp_w2final/dH_DP_s24/sweep/selected/sweep.json
prune_dp_rnd30,human,dH,25,15,30,selected/rnd,picked,sample,cluster:dp,/cluster/tufts/shortlab/jstale02/genesis_pickaplace/baselines/outputs/dp_w2final/dH_DP_s25/sweep/selected/sweep.json
prune_dp_rnd30,human,dH,26,16,30,selected/rnd,picked,sample,cluster:dp,/cluster/tufts/shortlab/jstale02/genesis_pickaplace/baselines/outputs/dp_w2final/dH_DP_s26/sweep/selected/sweep.json
prune_dp_rnd30,human,dH,27,16,30,selected/rnd,picked,sample,cluster:dp,/cluster/tufts/shortlab/jstale02/genesis_pickaplace/baselines/outputs/dp_w2final/dH_DP_s27/sweep/selected/sweep.json
prune_dp_rnd30,human,dH,28,18,30,selected/rnd,picked,sample,cluster:dp,/cluster/tufts/shortlab/jstale02/genesis_pickaplace/baselines/outputs/dp_w2final/dH_DP_s28/sweep/selected/sweep.json
prune_dp_rnd30,human,dH,29,17,30,selected/rnd,picked,sample,cluster:dp,/cluster/tufts/shortlab/jstale02/genesis_pickaplace/baselines/outputs/dp_w2final/dH_DP_s29/sweep/selected/sweep.json
prune_dp_rnd30,machine,dHv2raw,50,9,30,selected/rnd,picked,sample,cluster:dp,/cluster/tufts/shortlab/jstale02/genesis_pickaplace/baselines/outputs/dp_v2fullw3/dHv2raw_DP_s50/sweep/selected/sweep.json
prune_dp_rnd30,machine,dHv2raw,51,9,30,selected/rnd,picked,sample,cluster:dp,/cluster/tufts/shortlab/jstale02/genesis_pickaplace/baselines/outputs/dp_v2fullw3/dHv2raw_DP_s51/sweep/selected/sweep.json
prune_dp_rnd30,machine,dHv2raw,52,7,30,selected/rnd,picked,sample,cluster:dp,/cluster/tufts/shortlab/jstale02/genesis_pickaplace/baselines/outputs/dp_v2fullw3/dHv2raw_DP_s52/sweep/selected/sweep.json
prune_dp_rnd30,machine,dHv2raw,53,5,30,selected/rnd,picked,sample,cluster:dp,/cluster/tufts/shortlab/jstale02/genesis_pickaplace/baselines/outputs/dp_v2fullw3/dHv2raw_DP_s53/sweep/selected/sweep.json
prune_dp_rnd30,machine,dHv2raw,54,10,30,selected/rnd,picked,sample,cluster:dp,/cluster/tufts/shortlab/jstale02/genesis_pickaplace/baselines/outputs/dp_v2fullw3/dHv2raw_DP_s54/sweep/selected/sweep.json
prune_dp_rnd30,machine,dHv2raw,55,5,30,selected/rnd,picked,sample,cluster:dp,/cluster/tufts/shortlab/jstale02/genesis_pickaplace/baselines/outputs/dp_v2fullw3/dHv2raw_DP_s55/sweep/selected/sweep.json
prune_dp_rnd30,machine,dHv2raw,56,5,30,selected/rnd,picked,sample,cluster:dp,/cluster/tufts/shortlab/jstale02/genesis_pickaplace/baselines/outputs/dp_v2fullw3/dHv2raw_DP_s56/sweep/selected/sweep.json
prune_dp_rnd30,machine,dHv2raw,57,7,30,selected/rnd,picked,sample,cluster:dp,/cluster/tufts/shortlab/jstale02/genesis_pickaplace/baselines/outputs/dp_v2fullw3/dHv2raw_DP_s57/sweep/selected/sweep.json
prune_dp_spots60,human,dH,20,53,60,selected_spots60/spots60,picked,sample,cluster:dp,/cluster/tufts/shortlab/jstale02/genesis_pickaplace/baselines/outputs/dp_w2final/dH_DP_s20/sweep/selected_spots60/sweep.json
prune_dp_spots60,human,dH,21,58,60,selected_spots60/spots60,picked,sample,cluster:dp,/cluster/tufts/shortlab/jstale02/genesis_pickaplace/baselines/outputs/dp_w2final/dH_DP_s21/sweep/selected_spots60/sweep.json
prune_dp_spots60,human,dH,22,52,60,selected_spots60/spots60,picked,sample,cluster:dp,/cluster/tufts/shortlab/jstale02/genesis_pickaplace/baselines/outputs/dp_w2final/dH_DP_s22/sweep/selected_spots60/sweep.json
prune_dp_spots60,human,dH,23,53,60,selected_spots60/spots60,picked,sample,cluster:dp,/cluster/tufts/shortlab/jstale02/genesis_pickaplace/baselines/outputs/dp_w2final/dH_DP_s23/sweep/selected_spots60/sweep.json
prune_dp_spots60,human,dH,24,52,60,selected_spots60/spots60,picked,sample,cluster:dp,/cluster/tufts/shortlab/jstale02/genesis_pickaplace/baselines/outputs/dp_w2final/dH_DP_s24/sweep/selected_spots60/sweep.json
prune_dp_spots60,human,dH,25,53,60,selected_spots60/spots60,picked,sample,cluster:dp,/cluster/tufts/shortlab/jstale02/genesis_pickaplace/baselines/outputs/dp_w2final/dH_DP_s25/sweep/selected_spots60/sweep.json
prune_dp_spots60,human,dH,26,51,60,selected_spots60/spots60,picked,sample,cluster:dp,/cluster/tufts/shortlab/jstale02/genesis_pickaplace/baselines/outputs/dp_w2final/dH_DP_s26/sweep/selected_spots60/sweep.json
prune_dp_spots60,human,dH,27,55,60,selected_spots60/spots60,picked,sample,cluster:dp,/cluster/tufts/shortlab/jstale02/genesis_pickaplace/baselines/outputs/dp_w2final/dH_DP_s27/sweep/selected_spots60/sweep.json
prune_dp_spots60,human,dH,28,50,60,selected_spots60/spots60,picked,sample,cluster:dp,/cluster/tufts/shortlab/jstale02/genesis_pickaplace/baselines/outputs/dp_w2final/dH_DP_s28/sweep/selected_spots60/sweep.json
prune_dp_spots60,human,dH,29,50,60,selected_spots60/spots60,picked,sample,cluster:dp,/cluster/tufts/shortlab/jstale02/genesis_pickaplace/baselines/outputs/dp_w2final/dH_DP_s29/sweep/selected_spots60/sweep.json
prune_dp_spots60,machine,dHv2raw,50,40,60,selected_spots60/spots60,picked,sample,cluster:dp,/cluster/tufts/shortlab/jstale02/genesis_pickaplace/baselines/outputs/dp_v2fullw3/dHv2raw_DP_s50/sweep/selected_spots60/sweep.json
prune_dp_spots60,machine,dHv2raw,51,44,60,selected_spots60/spots60,picked,sample,cluster:dp,/cluster/tufts/shortlab/jstale02/genesis_pickaplace/baselines/outputs/dp_v2fullw3/dHv2raw_DP_s51/sweep/selected_spots60/sweep.json
prune_dp_spots60,machine,dHv2raw,52,45,60,selected_spots60/spots60,picked,sample,cluster:dp,/cluster/tufts/shortlab/jstale02/genesis_pickaplace/baselines/outputs/dp_v2fullw3/dHv2raw_DP_s52/sweep/selected_spots60/sweep.json
prune_dp_spots60,machine,dHv2raw,53,35,60,selected_spots60/spots60,picked,sample,cluster:dp,/cluster/tufts/shortlab/jstale02/genesis_pickaplace/baselines/outputs/dp_v2fullw3/dHv2raw_DP_s53/sweep/selected_spots60/sweep.json
prune_dp_spots60,machine,dHv2raw,54,48,60,selected_spots60/spots60,picked,sample,cluster:dp,/cluster/tufts/shortlab/jstale02/genesis_pickaplace/baselines/outputs/dp_v2fullw3/dHv2raw_DP_s54/sweep/selected_spots60/sweep.json
prune_dp_spots60,machine,dHv2raw,55,40,60,selected_spots60/spots60,picked,sample,cluster:dp,/cluster/tufts/shortlab/jstale02/genesis_pickaplace/baselines/outputs/dp_v2fullw3/dHv2raw_DP_s55/sweep/selected_spots60/sweep.json
prune_dp_spots60,machine,dHv2raw,56,38,60,selected_spots60/spots60,picked,sample,cluster:dp,/cluster/tufts/shortlab/jstale02/genesis_pickaplace/baselines/outputs/dp_v2fullw3/dHv2raw_DP_s56/sweep/selected_spots60/sweep.json
prune_dp_spots60,machine,dHv2raw,57,40,60,selected_spots60/spots60,picked,sample,cluster:dp,/cluster/tufts/shortlab/jstale02/genesis_pickaplace/baselines/outputs/dp_v2fullw3/dHv2raw_DP_s57/sweep/selected_spots60/sweep.json
place_r2d,human,dH,0,113,148,polE_v2,placed_v2,mode,cluster:wm,/cluster/tufts/shortlab/jstale02/wm_fix_2026-09-03/runs/s2_r2d_place_state_dH_bnormclamp1ent5_s0/fresh_eval_polE_mode_v2/metrics.json
place_r2d,human,dH,1,88,148,polE_v2,placed_v2,mode,cluster:wm,/cluster/tufts/shortlab/jstale02/wm_fix_2026-09-03/runs/s2_r2d_place_state_dH_bnormclamp1ent5_s1/fresh_eval_polE_mode_v2/metrics.json
place_r2d,human,dH,2,112,148,polE_v2,placed_v2,mode,cluster:wm,/cluster/tufts/shortlab/jstale02/wm_fix_2026-09-03/runs/s2_r2d_place_state_dH_bnormclamp1ent5_s2/fresh_eval_polE_mode_v2/metrics.json
place_r2d,human,dH,3,112,148,polE_v2,placed_v2,mode,cluster:wm,/cluster/tufts/shortlab/jstale02/wm_fix_2026-09-03/runs/s2_r2d_place_state_dH_bnormclamp1ent5_s3/fresh_eval_polE_mode_v2/metrics.json
place_r2d,human,dH,4,84,148,polE_v2,placed_v2,mode,cluster:wm,/cluster/tufts/shortlab/jstale02/wm_fix_2026-09-03/runs/s2_r2d_place_state_dH_bnormclamp1ent5_s4/fresh_eval_polE_mode_v2/metrics.json
place_r2d,human,dH,5,108,148,polE_v2,placed_v2,mode,cluster:wm,/cluster/tufts/shortlab/jstale02/wm_fix_2026-09-03/runs/s2_r2d_place_state_dH_bnormclamp1ent5_s5/fresh_eval_polE_mode_v2/metrics.json
place_r2d,human,dH,6,114,148,polE_v2,placed_v2,mode,cluster:wm,/cluster/tufts/shortlab/jstale02/wm_fix_2026-09-03/runs/s2_r2d_place_state_dH_bnormclamp1ent5_s6/fresh_eval_polE_mode_v2/metrics.json
place_r2d,human,dH,7,116,148,polE_v2,placed_v2,mode,cluster:wm,/cluster/tufts/shortlab/jstale02/wm_fix_2026-09-03/runs/s2_r2d_place_state_dH_bnormclamp1ent5_s7/fresh_eval_polE_mode_v2/metrics.json
place_r2d,machine,dDP,0,107,148,polE_v2,placed_v2,mode,cluster:wm,/cluster/tufts/shortlab/jstale02/wm_fix_2026-09-03/runs/s2_r2d_place_state_dDP_bnormclamp1ent5_n39_s0/fresh_eval_polE_mode_v2/metrics.json
place_r2d,machine,dDP,1,91,148,polE_v2,placed_v2,mode,cluster:wm,/cluster/tufts/shortlab/jstale02/wm_fix_2026-09-03/runs/s2_r2d_place_state_dDP_bnormclamp1ent5_n39_s1/fresh_eval_polE_mode_v2/metrics.json
place_r2d,machine,dDP,2,104,148,polE_v2,placed_v2,mode,cluster:wm,/cluster/tufts/shortlab/jstale02/wm_fix_2026-09-03/runs/s2_r2d_place_state_dDP_bnormclamp1ent5_n39_s2/fresh_eval_polE_mode_v2/metrics.json
place_r2d,machine,dDP,3,111,148,polE_v2,placed_v2,mode,cluster:wm,/cluster/tufts/shortlab/jstale02/wm_fix_2026-09-03/runs/s2_r2d_place_state_dDP_bnormclamp1ent5_n39_s3/fresh_eval_polE_mode_v2/metrics.json
place_r2d,machine,dDP,4,92,148,polE_v2,placed_v2,mode,cluster:wm,/cluster/tufts/shortlab/jstale02/wm_fix_2026-09-03/runs/s2_r2d_place_state_dDP_bnormclamp1ent5_n39_s4/fresh_eval_polE_mode_v2/metrics.json
place_r2d,machine,dDP,5,87,148,polE_v2,placed_v2,mode,cluster:wm,/cluster/tufts/shortlab/jstale02/wm_fix_2026-09-03/runs/s2_r2d_place_state_dDP_bnormclamp1ent5_n39_s5/fresh_eval_polE_mode_v2/metrics.json
place_r2d,machine,dDP,6,91,148,polE_v2,placed_v2,mode,cluster:wm,/cluster/tufts/shortlab/jstale02/wm_fix_2026-09-03/runs/s2_r2d_place_state_dDP_bnormclamp1ent5_n39_s6/fresh_eval_polE_mode_v2/metrics.json
place_r2d,machine,dDP,7,89,148,polE_v2,placed_v2,mode,cluster:wm,/cluster/tufts/shortlab/jstale02/wm_fix_2026-09-03/runs/s2_r2d_place_state_dDP_bnormclamp1ent5_n39_s7/fresh_eval_polE_mode_v2/metrics.json
place_r2d_asrecorded,human,dH,0,113,148,polE,placed_v2,mode,cluster:wm,/cluster/tufts/shortlab/jstale02/wm_fix_2026-09-03/runs/s2_r2d_place_state_dH_bnormclamp1ent5_s0/fresh_eval_polE_mode/metrics.json
place_r2d_asrecorded,human,dH,1,86,148,polE,placed_v2,mode,cluster:wm,/cluster/tufts/shortlab/jstale02/wm_fix_2026-09-03/runs/s2_r2d_place_state_dH_bnormclamp1ent5_s1/fresh_eval_polE_mode/metrics.json
place_r2d_asrecorded,human,dH,2,112,148,polE,placed_v2,mode,cluster:wm,/cluster/tufts/shortlab/jstale02/wm_fix_2026-09-03/runs/s2_r2d_place_state_dH_bnormclamp1ent5_s2/fresh_eval_polE_mode/metrics.json
place_r2d_asrecorded,human,dH,3,112,148,polE,placed_v2,mode,cluster:wm,/cluster/tufts/shortlab/jstale02/wm_fix_2026-09-03/runs/s2_r2d_place_state_dH_bnormclamp1ent5_s3/fresh_eval_polE_mode/metrics.json
place_r2d_asrecorded,human,dH,4,82,148,polE,placed_v2,mode,cluster:wm,/cluster/tufts/shortlab/jstale02/wm_fix_2026-09-03/runs/s2_r2d_place_state_dH_bnormclamp1ent5_s4/fresh_eval_polE_mode/metrics.json
place_r2d_asrecorded,human,dH,5,99,148,polE,placed_v2,mode,cluster:wm,/cluster/tufts/shortlab/jstale02/wm_fix_2026-09-03/runs/s2_r2d_place_state_dH_bnormclamp1ent5_s5/fresh_eval_polE_mode/metrics.json
place_r2d_asrecorded,human,dH,6,110,148,polE,placed_v2,mode,cluster:wm,/cluster/tufts/shortlab/jstale02/wm_fix_2026-09-03/runs/s2_r2d_place_state_dH_bnormclamp1ent5_s6/fresh_eval_polE_mode/metrics.json
place_r2d_asrecorded,human,dH,7,118,148,polE,placed_v2,mode,cluster:wm,/cluster/tufts/shortlab/jstale02/wm_fix_2026-09-03/runs/s2_r2d_place_state_dH_bnormclamp1ent5_s7/fresh_eval_polE_mode/metrics.json
place_r2d_asrecorded,machine,dDP,0,109,148,polE,placed_v2,mode,cluster:wm,/cluster/tufts/shortlab/jstale02/wm_fix_2026-09-03/runs/s2_r2d_place_state_dDP_bnormclamp1ent5_n39_s0/fresh_eval_polE_mode/metrics.json
place_r2d_asrecorded,machine,dDP,1,79,148,polE,placed_v2,mode,cluster:wm,/cluster/tufts/shortlab/jstale02/wm_fix_2026-09-03/runs/s2_r2d_place_state_dDP_bnormclamp1ent5_n39_s1/fresh_eval_polE_mode/metrics.json
place_r2d_asrecorded,machine,dDP,2,111,148,polE,placed_v2,mode,cluster:wm,/cluster/tufts/shortlab/jstale02/wm_fix_2026-09-03/runs/s2_r2d_place_state_dDP_bnormclamp1ent5_n39_s2/fresh_eval_polE_mode/metrics.json
place_r2d_asrecorded,machine,dDP,3,105,148,polE,placed_v2,mode,cluster:wm,/cluster/tufts/shortlab/jstale02/wm_fix_2026-09-03/runs/s2_r2d_place_state_dDP_bnormclamp1ent5_n39_s3/fresh_eval_polE_mode/metrics.json
place_r2d_asrecorded,machine,dDP,4,90,148,polE,placed_v2,mode,cluster:wm,/cluster/tufts/shortlab/jstale02/wm_fix_2026-09-03/runs/s2_r2d_place_state_dDP_bnormclamp1ent5_n39_s4/fresh_eval_polE_mode/metrics.json
place_r2d_asrecorded,machine,dDP,5,79,148,polE,placed_v2,mode,cluster:wm,/cluster/tufts/shortlab/jstale02/wm_fix_2026-09-03/runs/s2_r2d_place_state_dDP_bnormclamp1ent5_n39_s5/fresh_eval_polE_mode/metrics.json
place_r2d_asrecorded,machine,dDP,6,95,148,polE,placed_v2,mode,cluster:wm,/cluster/tufts/shortlab/jstale02/wm_fix_2026-09-03/runs/s2_r2d_place_state_dDP_bnormclamp1ent5_n39_s6/fresh_eval_polE_mode/metrics.json
place_r2d_asrecorded,machine,dDP,7,98,148,polE,placed_v2,mode,cluster:wm,/cluster/tufts/shortlab/jstale02/wm_fix_2026-09-03/runs/s2_r2d_place_state_dDP_bnormclamp1ent5_n39_s7/fresh_eval_polE_mode/metrics.json
place_r2d_sample,human,dH,0,109,148,polE_v2,placed_v2,sample,cluster:wm,/cluster/tufts/shortlab/jstale02/wm_fix_2026-09-03/runs/s2_r2d_place_state_dH_bnormclamp1ent5_s0/fresh_eval_polE_sample_v2/metrics.json
place_r2d_sample,human,dH,1,91,148,polE_v2,placed_v2,sample,cluster:wm,/cluster/tufts/shortlab/jstale02/wm_fix_2026-09-03/runs/s2_r2d_place_state_dH_bnormclamp1ent5_s1/fresh_eval_polE_sample_v2/metrics.json
place_r2d_sample,human,dH,2,109,148,polE_v2,placed_v2,sample,cluster:wm,/cluster/tufts/shortlab/jstale02/wm_fix_2026-09-03/runs/s2_r2d_place_state_dH_bnormclamp1ent5_s2/fresh_eval_polE_sample_v2/metrics.json
place_r2d_sample,human,dH,3,113,148,polE_v2,placed_v2,sample,cluster:wm,/cluster/tufts/shortlab/jstale02/wm_fix_2026-09-03/runs/s2_r2d_place_state_dH_bnormclamp1ent5_s3/fresh_eval_polE_sample_v2/metrics.json
place_r2d_sample,human,dH,4,81,148,polE_v2,placed_v2,sample,cluster:wm,/cluster/tufts/shortlab/jstale02/wm_fix_2026-09-03/runs/s2_r2d_place_state_dH_bnormclamp1ent5_s4/fresh_eval_polE_sample_v2/metrics.json
place_r2d_sample,human,dH,5,109,148,polE_v2,placed_v2,sample,cluster:wm,/cluster/tufts/shortlab/jstale02/wm_fix_2026-09-03/runs/s2_r2d_place_state_dH_bnormclamp1ent5_s5/fresh_eval_polE_sample_v2/metrics.json
place_r2d_sample,human,dH,6,112,148,polE_v2,placed_v2,sample,cluster:wm,/cluster/tufts/shortlab/jstale02/wm_fix_2026-09-03/runs/s2_r2d_place_state_dH_bnormclamp1ent5_s6/fresh_eval_polE_sample_v2/metrics.json
place_r2d_sample,human,dH,7,114,148,polE_v2,placed_v2,sample,cluster:wm,/cluster/tufts/shortlab/jstale02/wm_fix_2026-09-03/runs/s2_r2d_place_state_dH_bnormclamp1ent5_s7/fresh_eval_polE_sample_v2/metrics.json
place_r2d_sample,machine,dDP,0,107,148,polE_v2,placed_v2,sample,cluster:wm,/cluster/tufts/shortlab/jstale02/wm_fix_2026-09-03/runs/s2_r2d_place_state_dDP_bnormclamp1ent5_n39_s0/fresh_eval_polE_sample_v2/metrics.json
place_r2d_sample,machine,dDP,1,85,148,polE_v2,placed_v2,sample,cluster:wm,/cluster/tufts/shortlab/jstale02/wm_fix_2026-09-03/runs/s2_r2d_place_state_dDP_bnormclamp1ent5_n39_s1/fresh_eval_polE_sample_v2/metrics.json
place_r2d_sample,machine,dDP,2,110,148,polE_v2,placed_v2,sample,cluster:wm,/cluster/tufts/shortlab/jstale02/wm_fix_2026-09-03/runs/s2_r2d_place_state_dDP_bnormclamp1ent5_n39_s2/fresh_eval_polE_sample_v2/metrics.json
place_r2d_sample,machine,dDP,3,111,148,polE_v2,placed_v2,sample,cluster:wm,/cluster/tufts/shortlab/jstale02/wm_fix_2026-09-03/runs/s2_r2d_place_state_dDP_bnormclamp1ent5_n39_s3/fresh_eval_polE_sample_v2/metrics.json
place_r2d_sample,machine,dDP,4,89,148,polE_v2,placed_v2,sample,cluster:wm,/cluster/tufts/shortlab/jstale02/wm_fix_2026-09-03/runs/s2_r2d_place_state_dDP_bnormclamp1ent5_n39_s4/fresh_eval_polE_sample_v2/metrics.json
place_r2d_sample,machine,dDP,5,89,148,polE_v2,placed_v2,sample,cluster:wm,/cluster/tufts/shortlab/jstale02/wm_fix_2026-09-03/runs/s2_r2d_place_state_dDP_bnormclamp1ent5_n39_s5/fresh_eval_polE_sample_v2/metrics.json
place_r2d_sample,machine,dDP,6,90,148,polE_v2,placed_v2,sample,cluster:wm,/cluster/tufts/shortlab/jstale02/wm_fix_2026-09-03/runs/s2_r2d_place_state_dDP_bnormclamp1ent5_n39_s6/fresh_eval_polE_sample_v2/metrics.json
place_r2d_sample,machine,dDP,7,91,148,polE_v2,placed_v2,sample,cluster:wm,/cluster/tufts/shortlab/jstale02/wm_fix_2026-09-03/runs/s2_r2d_place_state_dDP_bnormclamp1ent5_n39_s7/fresh_eval_polE_sample_v2/metrics.json
place_r2d_sample_asrecorded,human,dH,0,113,148,polE,placed_v2,sample,cluster:wm,/cluster/tufts/shortlab/jstale02/wm_fix_2026-09-03/runs/s2_r2d_place_state_dH_bnormclamp1ent5_s0/fresh_eval_polE_sample/metrics.json
place_r2d_sample_asrecorded,human,dH,1,82,148,polE,placed_v2,sample,cluster:wm,/cluster/tufts/shortlab/jstale02/wm_fix_2026-09-03/runs/s2_r2d_place_state_dH_bnormclamp1ent5_s1/fresh_eval_polE_sample/metrics.json
place_r2d_sample_asrecorded,human,dH,2,110,148,polE,placed_v2,sample,cluster:wm,/cluster/tufts/shortlab/jstale02/wm_fix_2026-09-03/runs/s2_r2d_place_state_dH_bnormclamp1ent5_s2/fresh_eval_polE_sample/metrics.json
place_r2d_sample_asrecorded,human,dH,3,109,148,polE,placed_v2,sample,cluster:wm,/cluster/tufts/shortlab/jstale02/wm_fix_2026-09-03/runs/s2_r2d_place_state_dH_bnormclamp1ent5_s3/fresh_eval_polE_sample/metrics.json
place_r2d_sample_asrecorded,human,dH,4,77,148,polE,placed_v2,sample,cluster:wm,/cluster/tufts/shortlab/jstale02/wm_fix_2026-09-03/runs/s2_r2d_place_state_dH_bnormclamp1ent5_s4/fresh_eval_polE_sample/metrics.json
place_r2d_sample_asrecorded,human,dH,5,103,148,polE,placed_v2,sample,cluster:wm,/cluster/tufts/shortlab/jstale02/wm_fix_2026-09-03/runs/s2_r2d_place_state_dH_bnormclamp1ent5_s5/fresh_eval_polE_sample/metrics.json
place_r2d_sample_asrecorded,human,dH,6,111,148,polE,placed_v2,sample,cluster:wm,/cluster/tufts/shortlab/jstale02/wm_fix_2026-09-03/runs/s2_r2d_place_state_dH_bnormclamp1ent5_s6/fresh_eval_polE_sample/metrics.json
place_r2d_sample_asrecorded,human,dH,7,109,148,polE,placed_v2,sample,cluster:wm,/cluster/tufts/shortlab/jstale02/wm_fix_2026-09-03/runs/s2_r2d_place_state_dH_bnormclamp1ent5_s7/fresh_eval_polE_sample/metrics.json
place_r2d_sample_asrecorded,machine,dDP,0,104,148,polE,placed_v2,sample,cluster:wm,/cluster/tufts/shortlab/jstale02/wm_fix_2026-09-03/runs/s2_r2d_place_state_dDP_bnormclamp1ent5_n39_s0/fresh_eval_polE_sample/metrics.json
place_r2d_sample_asrecorded,machine,dDP,1,92,148,polE,placed_v2,sample,cluster:wm,/cluster/tufts/shortlab/jstale02/wm_fix_2026-09-03/runs/s2_r2d_place_state_dDP_bnormclamp1ent5_n39_s1/fresh_eval_polE_sample/metrics.json
place_r2d_sample_asrecorded,machine,dDP,2,112,148,polE,placed_v2,sample,cluster:wm,/cluster/tufts/shortlab/jstale02/wm_fix_2026-09-03/runs/s2_r2d_place_state_dDP_bnormclamp1ent5_n39_s2/fresh_eval_polE_sample/metrics.json
place_r2d_sample_asrecorded,machine,dDP,3,104,148,polE,placed_v2,sample,cluster:wm,/cluster/tufts/shortlab/jstale02/wm_fix_2026-09-03/runs/s2_r2d_place_state_dDP_bnormclamp1ent5_n39_s3/fresh_eval_polE_sample/metrics.json
place_r2d_sample_asrecorded,machine,dDP,4,97,148,polE,placed_v2,sample,cluster:wm,/cluster/tufts/shortlab/jstale02/wm_fix_2026-09-03/runs/s2_r2d_place_state_dDP_bnormclamp1ent5_n39_s4/fresh_eval_polE_sample/metrics.json
place_r2d_sample_asrecorded,machine,dDP,5,88,148,polE,placed_v2,sample,cluster:wm,/cluster/tufts/shortlab/jstale02/wm_fix_2026-09-03/runs/s2_r2d_place_state_dDP_bnormclamp1ent5_n39_s5/fresh_eval_polE_sample/metrics.json
place_r2d_sample_asrecorded,machine,dDP,6,101,148,polE,placed_v2,sample,cluster:wm,/cluster/tufts/shortlab/jstale02/wm_fix_2026-09-03/runs/s2_r2d_place_state_dDP_bnormclamp1ent5_n39_s6/fresh_eval_polE_sample/metrics.json
place_r2d_sample_asrecorded,machine,dDP,7,100,148,polE,placed_v2,sample,cluster:wm,/cluster/tufts/shortlab/jstale02/wm_fix_2026-09-03/runs/s2_r2d_place_state_dDP_bnormclamp1ent5_n39_s7/fresh_eval_polE_sample/metrics.json
place_dp,human,pl_dp_dH_s0,0,92,148,fresh_eval_polE_sample,placed_v2,sample,cluster:phase_clone,/cluster/tufts/shortlab/jstale02/gp_place/baselines/outputs/dp_place/pl_dp_dH_s0/fresh_eval_polE_sample/metrics.json
place_dp,human,pl_dp_dH_s1,1,89,148,fresh_eval_polE_sample,placed_v2,sample,cluster:phase_clone,/cluster/tufts/shortlab/jstale02/gp_place/baselines/outputs/dp_place/pl_dp_dH_s1/fresh_eval_polE_sample/metrics.json
place_dp,human,pl_dp_dH_s2,2,96,148,fresh_eval_polE_sample,placed_v2,sample,cluster:phase_clone,/cluster/tufts/shortlab/jstale02/gp_place/baselines/outputs/dp_place/pl_dp_dH_s2/fresh_eval_polE_sample/metrics.json
place_dp,human,pl_dp_dH_s3,3,91,148,fresh_eval_polE_sample,placed_v2,sample,cluster:phase_clone,/cluster/tufts/shortlab/jstale02/gp_place/baselines/outputs/dp_place/pl_dp_dH_s3/fresh_eval_polE_sample/metrics.json
place_dp,human,pl_dp_dH_s4,4,94,148,fresh_eval_polE_sample,placed_v2,sample,cluster:phase_clone,/cluster/tufts/shortlab/jstale02/gp_place/baselines/outputs/dp_place/pl_dp_dH_s4/fresh_eval_polE_sample/metrics.json
place_dp,human,pl_dp_dH_s5,5,89,148,fresh_eval_polE_sample,placed_v2,sample,cluster:phase_clone,/cluster/tufts/shortlab/jstale02/gp_place/baselines/outputs/dp_place/pl_dp_dH_s5/fresh_eval_polE_sample/metrics.json
place_dp,human,pl_dp_dH_s6,6,84,148,fresh_eval_polE_sample,placed_v2,sample,cluster:phase_clone,/cluster/tufts/shortlab/jstale02/gp_place/baselines/outputs/dp_place/pl_dp_dH_s6/fresh_eval_polE_sample/metrics.json
place_dp,human,pl_dp_dH_s7,7,94,148,fresh_eval_polE_sample,placed_v2,sample,cluster:phase_clone,/cluster/tufts/shortlab/jstale02/gp_place/baselines/outputs/dp_place/pl_dp_dH_s7/fresh_eval_polE_sample/metrics.json
place_dp,machine,pl_dp_dDP_s0,0,75,148,fresh_eval_polE_sample,placed_v2,sample,cluster:phase_clone,/cluster/tufts/shortlab/jstale02/gp_place/baselines/outputs/dp_place/pl_dp_dDP_s0/fresh_eval_polE_sample/metrics.json
place_dp,machine,pl_dp_dDP_s1,1,72,148,fresh_eval_polE_sample,placed_v2,sample,cluster:phase_clone,/cluster/tufts/shortlab/jstale02/gp_place/baselines/outputs/dp_place/pl_dp_dDP_s1/fresh_eval_polE_sample/metrics.json
place_dp,machine,pl_dp_dDP_s2,2,68,148,fresh_eval_polE_sample,placed_v2,sample,cluster:phase_clone,/cluster/tufts/shortlab/jstale02/gp_place/baselines/outputs/dp_place/pl_dp_dDP_s2/fresh_eval_polE_sample/metrics.json
place_rlpd,human,pl_rlpd_dH_s0,0,129,148,fresh_eval_polE_mode,placed_v2,mode,cluster:phase_clone,/cluster/tufts/shortlab/jstale02/gp_place/baselines/rl/checkpoints/place/pl_rlpd_dH_s0/fresh_eval_polE_mode/metrics.json
place_rlpd,human,pl_rlpd_dH_s1,1,30,148,fresh_eval_polE_mode,placed_v2,mode,cluster:phase_clone,/cluster/tufts/shortlab/jstale02/gp_place/baselines/rl/checkpoints/place/pl_rlpd_dH_s1/fresh_eval_polE_mode/metrics.json
place_rlpd,human,pl_rlpd_dH_s2,2,130,148,fresh_eval_polE_mode,placed_v2,mode,cluster:phase_clone,/cluster/tufts/shortlab/jstale02/gp_place/baselines/rl/checkpoints/place/pl_rlpd_dH_s2/fresh_eval_polE_mode/metrics.json
place_rlpd,human,pl_rlpd_dH_s3,3,126,148,fresh_eval_polE_mode,placed_v2,mode,cluster:phase_clone,/cluster/tufts/shortlab/jstale02/gp_place/baselines/rl/checkpoints/place/pl_rlpd_dH_s3/fresh_eval_polE_mode/metrics.json
place_rlpd,human,pl_rlpd_dH_s4,4,4,148,fresh_eval_polE_mode,placed_v2,mode,cluster:phase_clone,/cluster/tufts/shortlab/jstale02/gp_place/baselines/rl/checkpoints/place/pl_rlpd_dH_s4/fresh_eval_polE_mode/metrics.json
place_rlpd,human,pl_rlpd_dH_s5,5,129,148,fresh_eval_polE_mode,placed_v2,mode,cluster:phase_clone,/cluster/tufts/shortlab/jstale02/gp_place/baselines/rl/checkpoints/place/pl_rlpd_dH_s5/fresh_eval_polE_mode/metrics.json
place_rlpd,human,pl_rlpd_dH_s6,6,124,148,fresh_eval_polE_mode,placed_v2,mode,cluster:phase_clone,/cluster/tufts/shortlab/jstale02/gp_place/baselines/rl/checkpoints/place/pl_rlpd_dH_s6/fresh_eval_polE_mode/metrics.json
place_rlpd,human,pl_rlpd_dH_s7,7,119,148,fresh_eval_polE_mode,placed_v2,mode,cluster:phase_clone,/cluster/tufts/shortlab/jstale02/gp_place/baselines/rl/checkpoints/place/pl_rlpd_dH_s7/fresh_eval_polE_mode/metrics.json
place_rlpd,machine,pl_rlpd_dDP_s0,0,125,148,fresh_eval_polE_mode,placed_v2,mode,cluster:phase_clone,/cluster/tufts/shortlab/jstale02/gp_place/baselines/rl/checkpoints/place/pl_rlpd_dDP_s0/fresh_eval_polE_mode/metrics.json
place_rlpd,machine,pl_rlpd_dDP_s1,1,126,148,fresh_eval_polE_mode,placed_v2,mode,cluster:phase_clone,/cluster/tufts/shortlab/jstale02/gp_place/baselines/rl/checkpoints/place/pl_rlpd_dDP_s1/fresh_eval_polE_mode/metrics.json
place_rlpd,machine,pl_rlpd_dDP_s2,2,127,148,fresh_eval_polE_mode,placed_v2,mode,cluster:phase_clone,/cluster/tufts/shortlab/jstale02/gp_place/baselines/rl/checkpoints/place/pl_rlpd_dDP_s2/fresh_eval_polE_mode/metrics.json
place_rlpd,machine,pl_rlpd_dDP_s3,3,125,148,fresh_eval_polE_mode,placed_v2,mode,cluster:phase_clone,/cluster/tufts/shortlab/jstale02/gp_place/baselines/rl/checkpoints/place/pl_rlpd_dDP_s3/fresh_eval_polE_mode/metrics.json
place_rlpd,machine,pl_rlpd_dDP_s4,4,131,148,fresh_eval_polE_mode,placed_v2,mode,cluster:phase_clone,/cluster/tufts/shortlab/jstale02/gp_place/baselines/rl/checkpoints/place/pl_rlpd_dDP_s4/fresh_eval_polE_mode/metrics.json
place_rlpd,machine,pl_rlpd_dDP_s5,5,127,148,fresh_eval_polE_mode,placed_v2,mode,cluster:phase_clone,/cluster/tufts/shortlab/jstale02/gp_place/baselines/rl/checkpoints/place/pl_rlpd_dDP_s5/fresh_eval_polE_mode/metrics.json
contact_r2d_bare,human,dH,0,95,160,polE,contact,mode,cluster:wm,/cluster/tufts/shortlab/jstale02/wm_fix_2026-09-03/runs/s2_r2d_contact_state_dH_bnormclamp1ent5_subfloor_s0/fresh_eval_polE_mode/metrics.json
contact_r2d_bare,human,dH,1,91,160,polE,contact,mode,cluster:wm,/cluster/tufts/shortlab/jstale02/wm_fix_2026-09-03/runs/s2_r2d_contact_state_dH_bnormclamp1ent5_subfloor_s1/fresh_eval_polE_mode/metrics.json
contact_r2d_bare,human,dH,2,79,160,polE,contact,mode,cluster:wm,/cluster/tufts/shortlab/jstale02/wm_fix_2026-09-03/runs/s2_r2d_contact_state_dH_bnormclamp1ent5_subfloor_s2/fresh_eval_polE_mode/metrics.json
contact_r2d_bare,human,dH,3,117,160,polE,contact,mode,cluster:wm,/cluster/tufts/shortlab/jstale02/wm_fix_2026-09-03/runs/s2_r2d_contact_state_dH_bnormclamp1ent5_subfloor_s3/fresh_eval_polE_mode/metrics.json
contact_r2d_bare,human,dH,4,101,160,polE,contact,mode,cluster:wm,/cluster/tufts/shortlab/jstale02/wm_fix_2026-09-03/runs/s2_r2d_contact_state_dH_bnormclamp1ent5_subfloor_s4/fresh_eval_polE_mode/metrics.json
contact_r2d_bare,human,dH,5,88,160,polE,contact,mode,cluster:wm,/cluster/tufts/shortlab/jstale02/wm_fix_2026-09-03/runs/s2_r2d_contact_state_dH_bnormclamp1ent5_subfloor_s5/fresh_eval_polE_mode/metrics.json
contact_r2d_bare,human,dH,6,76,160,polE,contact,mode,cluster:wm,/cluster/tufts/shortlab/jstale02/wm_fix_2026-09-03/runs/s2_r2d_contact_state_dH_bnormclamp1ent5_subfloor_s6/fresh_eval_polE_mode/metrics.json
contact_r2d_bare,human,dH,7,112,160,polE,contact,mode,cluster:wm,/cluster/tufts/shortlab/jstale02/wm_fix_2026-09-03/runs/s2_r2d_contact_state_dH_bnormclamp1ent5_subfloor_s7/fresh_eval_polE_mode/metrics.json
contact_r2d_bare,machine,dDP,0,103,160,polE,contact,mode,cluster:wm,/cluster/tufts/shortlab/jstale02/wm_fix_2026-09-03/runs/s2_r2d_contact_state_dDP_bnormclamp1ent5_n11_s0/fresh_eval_polE_mode/metrics.json
contact_r2d_bare,machine,dDP,1,91,160,polE,contact,mode,cluster:wm,/cluster/tufts/shortlab/jstale02/wm_fix_2026-09-03/runs/s2_r2d_contact_state_dDP_bnormclamp1ent5_n11_s1/fresh_eval_polE_mode/metrics.json
contact_r2d_bare,machine,dDP,2,94,160,polE,contact,mode,cluster:wm,/cluster/tufts/shortlab/jstale02/wm_fix_2026-09-03/runs/s2_r2d_contact_state_dDP_bnormclamp1ent5_n11_s2/fresh_eval_polE_mode/metrics.json
contact_r2d_bare,machine,dDP,3,92,160,polE,contact,mode,cluster:wm,/cluster/tufts/shortlab/jstale02/wm_fix_2026-09-03/runs/s2_r2d_contact_state_dDP_bnormclamp1ent5_n11_s3/fresh_eval_polE_mode/metrics.json
contact_r2d_bare,machine,dDP,4,100,160,polE,contact,mode,cluster:wm,/cluster/tufts/shortlab/jstale02/wm_fix_2026-09-03/runs/s2_r2d_contact_state_dDP_bnormclamp1ent5_n11_s4/fresh_eval_polE_mode/metrics.json
contact_r2d_bare,machine,dDP,5,115,160,polE,contact,mode,cluster:wm,/cluster/tufts/shortlab/jstale02/wm_fix_2026-09-03/runs/s2_r2d_contact_state_dDP_bnormclamp1ent5_n11_s5/fresh_eval_polE_mode/metrics.json
contact_r2d_bare,machine,dDP,6,85,160,polE,contact,mode,cluster:wm,/cluster/tufts/shortlab/jstale02/wm_fix_2026-09-03/runs/s2_r2d_contact_state_dDP_bnormclamp1ent5_n11_s6/fresh_eval_polE_mode/metrics.json
contact_r2d_bare,machine,dDP,7,90,160,polE,contact,mode,cluster:wm,/cluster/tufts/shortlab/jstale02/wm_fix_2026-09-03/runs/s2_r2d_contact_state_dDP_bnormclamp1ent5_n11_s7/fresh_eval_polE_mode/metrics.json
contact_r2d_push,human,dH,0,46,160,polE_cp,contact_push,mode,cluster:wm,/cluster/tufts/shortlab/jstale02/wm_fix_2026-09-03/runs/s2_r2d_contact_state_dH_bnormclamp1ent5_subfloor_s0/fresh_eval_polE_mode_cp/metrics.json
contact_r2d_push,human,dH,1,49,160,polE_cp,contact_push,mode,cluster:wm,/cluster/tufts/shortlab/jstale02/wm_fix_2026-09-03/runs/s2_r2d_contact_state_dH_bnormclamp1ent5_subfloor_s1/fresh_eval_polE_mode_cp/metrics.json
contact_r2d_push,human,dH,2,54,160,polE_cp,contact_push,mode,cluster:wm,/cluster/tufts/shortlab/jstale02/wm_fix_2026-09-03/runs/s2_r2d_contact_state_dH_bnormclamp1ent5_subfloor_s2/fresh_eval_polE_mode_cp/metrics.json
contact_r2d_push,human,dH,3,61,160,polE_cp,contact_push,mode,cluster:wm,/cluster/tufts/shortlab/jstale02/wm_fix_2026-09-03/runs/s2_r2d_contact_state_dH_bnormclamp1ent5_subfloor_s3/fresh_eval_polE_mode_cp/metrics.json
contact_r2d_push,human,dH,4,59,160,polE_cp,contact_push,mode,cluster:wm,/cluster/tufts/shortlab/jstale02/wm_fix_2026-09-03/runs/s2_r2d_contact_state_dH_bnormclamp1ent5_subfloor_s4/fresh_eval_polE_mode_cp/metrics.json
contact_r2d_push,human,dH,5,60,160,polE_cp,contact_push,mode,cluster:wm,/cluster/tufts/shortlab/jstale02/wm_fix_2026-09-03/runs/s2_r2d_contact_state_dH_bnormclamp1ent5_subfloor_s5/fresh_eval_polE_mode_cp/metrics.json
contact_r2d_push,human,dH,6,52,160,polE_cp,contact_push,mode,cluster:wm,/cluster/tufts/shortlab/jstale02/wm_fix_2026-09-03/runs/s2_r2d_contact_state_dH_bnormclamp1ent5_subfloor_s6/fresh_eval_polE_mode_cp/metrics.json
contact_r2d_push,human,dH,7,62,160,polE_cp,contact_push,mode,cluster:wm,/cluster/tufts/shortlab/jstale02/wm_fix_2026-09-03/runs/s2_r2d_contact_state_dH_bnormclamp1ent5_subfloor_s7/fresh_eval_polE_mode_cp/metrics.json
contact_r2d_push,machine,dDP,0,64,160,polE_cp,contact_push,mode,cluster:wm,/cluster/tufts/shortlab/jstale02/wm_fix_2026-09-03/runs/s2_r2d_contact_state_dDP_bnormclamp1ent5_n11_s0/fresh_eval_polE_mode_cp/metrics.json
contact_r2d_push,machine,dDP,1,62,160,polE_cp,contact_push,mode,cluster:wm,/cluster/tufts/shortlab/jstale02/wm_fix_2026-09-03/runs/s2_r2d_contact_state_dDP_bnormclamp1ent5_n11_s1/fresh_eval_polE_mode_cp/metrics.json
contact_r2d_push,machine,dDP,2,57,160,polE_cp,contact_push,mode,cluster:wm,/cluster/tufts/shortlab/jstale02/wm_fix_2026-09-03/runs/s2_r2d_contact_state_dDP_bnormclamp1ent5_n11_s2/fresh_eval_polE_mode_cp/metrics.json
contact_r2d_push,machine,dDP,3,60,160,polE_cp,contact_push,mode,cluster:wm,/cluster/tufts/shortlab/jstale02/wm_fix_2026-09-03/runs/s2_r2d_contact_state_dDP_bnormclamp1ent5_n11_s3/fresh_eval_polE_mode_cp/metrics.json
contact_r2d_push,machine,dDP,4,61,160,polE_cp,contact_push,mode,cluster:wm,/cluster/tufts/shortlab/jstale02/wm_fix_2026-09-03/runs/s2_r2d_contact_state_dDP_bnormclamp1ent5_n11_s4/fresh_eval_polE_mode_cp/metrics.json
contact_r2d_push,machine,dDP,5,63,160,polE_cp,contact_push,mode,cluster:wm,/cluster/tufts/shortlab/jstale02/wm_fix_2026-09-03/runs/s2_r2d_contact_state_dDP_bnormclamp1ent5_n11_s5/fresh_eval_polE_mode_cp/metrics.json
contact_r2d_push,machine,dDP,6,49,160,polE_cp,contact_push,mode,cluster:wm,/cluster/tufts/shortlab/jstale02/wm_fix_2026-09-03/runs/s2_r2d_contact_state_dDP_bnormclamp1ent5_n11_s6/fresh_eval_polE_mode_cp/metrics.json
contact_r2d_push,machine,dDP,7,52,160,polE_cp,contact_push,mode,cluster:wm,/cluster/tufts/shortlab/jstale02/wm_fix_2026-09-03/runs/s2_r2d_contact_state_dDP_bnormclamp1ent5_n11_s7/fresh_eval_polE_mode_cp/metrics.json
carry_r2d_bare,human,dH,0,116,148,polE,contact,mode,cluster:wm,/cluster/tufts/shortlab/jstale02/wm_fix_2026-09-03/runs/s2_r2d_carrycontact_state_dH_bnormclamp1ent5_s0/fresh_eval_polE_mode/metrics.json
carry_r2d_bare,human,dH,1,124,148,polE,contact,mode,cluster:wm,/cluster/tufts/shortlab/jstale02/wm_fix_2026-09-03/runs/s2_r2d_carrycontact_state_dH_bnormclamp1ent5_s1/fresh_eval_polE_mode/metrics.json
carry_r2d_bare,human,dH,2,120,148,polE,contact,mode,cluster:wm,/cluster/tufts/shortlab/jstale02/wm_fix_2026-09-03/runs/s2_r2d_carrycontact_state_dH_bnormclamp1ent5_s2/fresh_eval_polE_mode/metrics.json
carry_r2d_bare,human,dH,3,120,148,polE,contact,mode,cluster:wm,/cluster/tufts/shortlab/jstale02/wm_fix_2026-09-03/runs/s2_r2d_carrycontact_state_dH_bnormclamp1ent5_s3/fresh_eval_polE_mode/metrics.json
carry_r2d_bare,human,dH,4,115,148,polE,contact,mode,cluster:wm,/cluster/tufts/shortlab/jstale02/wm_fix_2026-09-03/runs/s2_r2d_carrycontact_state_dH_bnormclamp1ent5_s4/fresh_eval_polE_mode/metrics.json
carry_r2d_bare,human,dH,5,121,148,polE,contact,mode,cluster:wm,/cluster/tufts/shortlab/jstale02/wm_fix_2026-09-03/runs/s2_r2d_carrycontact_state_dH_bnormclamp1ent5_s5/fresh_eval_polE_mode/metrics.json
carry_r2d_bare,human,dH,6,123,148,polE,contact,mode,cluster:wm,/cluster/tufts/shortlab/jstale02/wm_fix_2026-09-03/runs/s2_r2d_carrycontact_state_dH_bnormclamp1ent5_s6/fresh_eval_polE_mode/metrics.json
carry_r2d_bare,human,dH,7,116,148,polE,contact,mode,cluster:wm,/cluster/tufts/shortlab/jstale02/wm_fix_2026-09-03/runs/s2_r2d_carrycontact_state_dH_bnormclamp1ent5_s7/fresh_eval_polE_mode/metrics.json
carry_r2d_bare,machine,dDP,0,117,148,polE,contact,mode,cluster:wm,/cluster/tufts/shortlab/jstale02/wm_fix_2026-09-03/runs/s2_r2d_carrycontact_state_dDP_bnormclamp1ent5_n21_s0/fresh_eval_polE_mode/metrics.json
carry_r2d_bare,machine,dDP,1,119,148,polE,contact,mode,cluster:wm,/cluster/tufts/shortlab/jstale02/wm_fix_2026-09-03/runs/s2_r2d_carrycontact_state_dDP_bnormclamp1ent5_n21_s1/fresh_eval_polE_mode/metrics.json
carry_r2d_bare,machine,dDP,2,114,148,polE,contact,mode,cluster:wm,/cluster/tufts/shortlab/jstale02/wm_fix_2026-09-03/runs/s2_r2d_carrycontact_state_dDP_bnormclamp1ent5_n21_s2/fresh_eval_polE_mode/metrics.json
carry_r2d_bare,machine,dDP,3,119,148,polE,contact,mode,cluster:wm,/cluster/tufts/shortlab/jstale02/wm_fix_2026-09-03/runs/s2_r2d_carrycontact_state_dDP_bnormclamp1ent5_n21_s3/fresh_eval_polE_mode/metrics.json
carry_r2d_bare,machine,dDP,4,123,148,polE,contact,mode,cluster:wm,/cluster/tufts/shortlab/jstale02/wm_fix_2026-09-03/runs/s2_r2d_carrycontact_state_dDP_bnormclamp1ent5_n21_s4/fresh_eval_polE_mode/metrics.json
carry_r2d_bare,machine,dDP,5,115,148,polE,contact,mode,cluster:wm,/cluster/tufts/shortlab/jstale02/wm_fix_2026-09-03/runs/s2_r2d_carrycontact_state_dDP_bnormclamp1ent5_n21_s5/fresh_eval_polE_mode/metrics.json
carry_r2d_bare,machine,dDP,6,116,148,polE,contact,mode,cluster:wm,/cluster/tufts/shortlab/jstale02/wm_fix_2026-09-03/runs/s2_r2d_carrycontact_state_dDP_bnormclamp1ent5_n21_s6/fresh_eval_polE_mode/metrics.json
carry_r2d_bare,machine,dDP,7,119,148,polE,contact,mode,cluster:wm,/cluster/tufts/shortlab/jstale02/wm_fix_2026-09-03/runs/s2_r2d_carrycontact_state_dDP_bnormclamp1ent5_n21_s7/fresh_eval_polE_mode/metrics.json
carry_r2d_push,human,dH,0,81,148,polE_cp,contact_push,mode,cluster:wm,/cluster/tufts/shortlab/jstale02/wm_fix_2026-09-03/runs/s2_r2d_carrycontact_state_dH_bnormclamp1ent5_s0/fresh_eval_polE_mode_cp/metrics.json
carry_r2d_push,human,dH,1,27,148,polE_cp,contact_push,mode,cluster:wm,/cluster/tufts/shortlab/jstale02/wm_fix_2026-09-03/runs/s2_r2d_carrycontact_state_dH_bnormclamp1ent5_s1/fresh_eval_polE_mode_cp/metrics.json
carry_r2d_push,human,dH,2,38,148,polE_cp,contact_push,mode,cluster:wm,/cluster/tufts/shortlab/jstale02/wm_fix_2026-09-03/runs/s2_r2d_carrycontact_state_dH_bnormclamp1ent5_s2/fresh_eval_polE_mode_cp/metrics.json
carry_r2d_push,human,dH,3,35,148,polE_cp,contact_push,mode,cluster:wm,/cluster/tufts/shortlab/jstale02/wm_fix_2026-09-03/runs/s2_r2d_carrycontact_state_dH_bnormclamp1ent5_s3/fresh_eval_polE_mode_cp/metrics.json
carry_r2d_push,human,dH,4,46,148,polE_cp,contact_push,mode,cluster:wm,/cluster/tufts/shortlab/jstale02/wm_fix_2026-09-03/runs/s2_r2d_carrycontact_state_dH_bnormclamp1ent5_s4/fresh_eval_polE_mode_cp/metrics.json
carry_r2d_push,human,dH,5,43,148,polE_cp,contact_push,mode,cluster:wm,/cluster/tufts/shortlab/jstale02/wm_fix_2026-09-03/runs/s2_r2d_carrycontact_state_dH_bnormclamp1ent5_s5/fresh_eval_polE_mode_cp/metrics.json
carry_r2d_push,human,dH,6,45,148,polE_cp,contact_push,mode,cluster:wm,/cluster/tufts/shortlab/jstale02/wm_fix_2026-09-03/runs/s2_r2d_carrycontact_state_dH_bnormclamp1ent5_s6/fresh_eval_polE_mode_cp/metrics.json
carry_r2d_push,human,dH,7,23,148,polE_cp,contact_push,mode,cluster:wm,/cluster/tufts/shortlab/jstale02/wm_fix_2026-09-03/runs/s2_r2d_carrycontact_state_dH_bnormclamp1ent5_s7/fresh_eval_polE_mode_cp/metrics.json
carry_r2d_push,machine,dDP,0,24,148,polE_cp,contact_push,mode,cluster:wm,/cluster/tufts/shortlab/jstale02/wm_fix_2026-09-03/runs/s2_r2d_carrycontact_state_dDP_bnormclamp1ent5_n21_s0/fresh_eval_polE_mode_cp/metrics.json
carry_r2d_push,machine,dDP,1,48,148,polE_cp,contact_push,mode,cluster:wm,/cluster/tufts/shortlab/jstale02/wm_fix_2026-09-03/runs/s2_r2d_carrycontact_state_dDP_bnormclamp1ent5_n21_s1/fresh_eval_polE_mode_cp/metrics.json
carry_r2d_push,machine,dDP,2,32,148,polE_cp,contact_push,mode,cluster:wm,/cluster/tufts/shortlab/jstale02/wm_fix_2026-09-03/runs/s2_r2d_carrycontact_state_dDP_bnormclamp1ent5_n21_s2/fresh_eval_polE_mode_cp/metrics.json
carry_r2d_push,machine,dDP,3,33,148,polE_cp,contact_push,mode,cluster:wm,/cluster/tufts/shortlab/jstale02/wm_fix_2026-09-03/runs/s2_r2d_carrycontact_state_dDP_bnormclamp1ent5_n21_s3/fresh_eval_polE_mode_cp/metrics.json
carry_r2d_push,machine,dDP,4,50,148,polE_cp,contact_push,mode,cluster:wm,/cluster/tufts/shortlab/jstale02/wm_fix_2026-09-03/runs/s2_r2d_carrycontact_state_dDP_bnormclamp1ent5_n21_s4/fresh_eval_polE_mode_cp/metrics.json
carry_r2d_push,machine,dDP,5,20,148,polE_cp,contact_push,mode,cluster:wm,/cluster/tufts/shortlab/jstale02/wm_fix_2026-09-03/runs/s2_r2d_carrycontact_state_dDP_bnormclamp1ent5_n21_s5/fresh_eval_polE_mode_cp/metrics.json
carry_r2d_push,machine,dDP,6,50,148,polE_cp,contact_push,mode,cluster:wm,/cluster/tufts/shortlab/jstale02/wm_fix_2026-09-03/runs/s2_r2d_carrycontact_state_dDP_bnormclamp1ent5_n21_s6/fresh_eval_polE_mode_cp/metrics.json
carry_r2d_push,machine,dDP,7,39,148,polE_cp,contact_push,mode,cluster:wm,/cluster/tufts/shortlab/jstale02/wm_fix_2026-09-03/runs/s2_r2d_carrycontact_state_dDP_bnormclamp1ent5_n21_s7/fresh_eval_polE_mode_cp/metrics.json
e2e_picked,human,dHfull,0,8,30,rnd30_v2,picked,mode,cluster:wm,/cluster/tufts/shortlab/jstale02/wm_fix_2026-09-03/runs/full_r2d_state_dHfull_all_bnormclampS8ent5_s0/fresh_eval_rnd30_mode_v2/metrics.json
e2e_picked,human,dHfull,1,18,30,rnd30_v2,picked,mode,cluster:wm,/cluster/tufts/shortlab/jstale02/wm_fix_2026-09-03/runs/full_r2d_state_dHfull_all_bnormclampS8ent5_s1/fresh_eval_rnd30_mode_v2/metrics.json
e2e_picked,human,dHfull,2,18,30,rnd30_v2,picked,mode,cluster:wm,/cluster/tufts/shortlab/jstale02/wm_fix_2026-09-03/runs/full_r2d_state_dHfull_all_bnormclampS8ent5_s2/fresh_eval_rnd30_mode_v2/metrics.json
e2e_picked,human,dHfull,3,18,30,rnd30_v2,picked,mode,cluster:wm,/cluster/tufts/shortlab/jstale02/wm_fix_2026-09-03/runs/full_r2d_state_dHfull_all_bnormclampS8ent5_s3/fresh_eval_rnd30_mode_v2/metrics.json
e2e_picked,human,dHfull,4,18,30,rnd30_v2,picked,mode,cluster:wm,/cluster/tufts/shortlab/jstale02/wm_fix_2026-09-03/runs/full_r2d_state_dHfull_all_bnormclampS8ent5_s4/fresh_eval_rnd30_mode_v2/metrics.json
e2e_picked,human,dHfull,5,9,30,rnd30_v2,picked,mode,cluster:wm,/cluster/tufts/shortlab/jstale02/wm_fix_2026-09-03/runs/full_r2d_state_dHfull_all_bnormclampS8ent5_s5/fresh_eval_rnd30_mode_v2/metrics.json
e2e_picked,human,dHfull,6,11,30,rnd30_v2,picked,mode,cluster:wm,/cluster/tufts/shortlab/jstale02/wm_fix_2026-09-03/runs/full_r2d_state_dHfull_all_bnormclampS8ent5_s6/fresh_eval_rnd30_mode_v2/metrics.json
e2e_picked,human,dHfull,7,18,30,rnd30_v2,picked,mode,cluster:wm,/cluster/tufts/shortlab/jstale02/wm_fix_2026-09-03/runs/full_r2d_state_dHfull_all_bnormclampS8ent5_s7/fresh_eval_rnd30_mode_v2/metrics.json
e2e_picked,machine,dDPfull,0,14,30,rnd30_v2,picked,mode,cluster:wm,/cluster/tufts/shortlab/jstale02/wm_fix_2026-09-03/runs/full_r2d_state_dDPfull_bnormclampS8ent5_s0/fresh_eval_rnd30_mode_v2/metrics.json
e2e_picked,machine,dDPfull,1,10,30,rnd30_v2,picked,mode,cluster:wm,/cluster/tufts/shortlab/jstale02/wm_fix_2026-09-03/runs/full_r2d_state_dDPfull_bnormclampS8ent5_s1/fresh_eval_rnd30_mode_v2/metrics.json
e2e_picked,machine,dDPfull,2,22,30,rnd30_v2,picked,mode,cluster:wm,/cluster/tufts/shortlab/jstale02/wm_fix_2026-09-03/runs/full_r2d_state_dDPfull_bnormclampS8ent5_s2/fresh_eval_rnd30_mode_v2/metrics.json
e2e_picked,machine,dDPfull,3,14,30,rnd30_v2,picked,mode,cluster:wm,/cluster/tufts/shortlab/jstale02/wm_fix_2026-09-03/runs/full_r2d_state_dDPfull_bnormclampS8ent5_s3/fresh_eval_rnd30_mode_v2/metrics.json
e2e_picked,machine,dDPfull,4,19,30,rnd30_v2,picked,mode,cluster:wm,/cluster/tufts/shortlab/jstale02/wm_fix_2026-09-03/runs/full_r2d_state_dDPfull_bnormclampS8ent5_s4/fresh_eval_rnd30_mode_v2/metrics.json
e2e_picked,machine,dDPfull,5,19,30,rnd30_v2,picked,mode,cluster:wm,/cluster/tufts/shortlab/jstale02/wm_fix_2026-09-03/runs/full_r2d_state_dDPfull_bnormclampS8ent5_s5/fresh_eval_rnd30_mode_v2/metrics.json
e2e_picked,machine,dDPfull,6,15,30,rnd30_v2,picked,mode,cluster:wm,/cluster/tufts/shortlab/jstale02/wm_fix_2026-09-03/runs/full_r2d_state_dDPfull_bnormclampS8ent5_s6/fresh_eval_rnd30_mode_v2/metrics.json
e2e_picked,machine,dDPfull,7,16,30,rnd30_v2,picked,mode,cluster:wm,/cluster/tufts/shortlab/jstale02/wm_fix_2026-09-03/runs/full_r2d_state_dDPfull_bnormclampS8ent5_s7/fresh_eval_rnd30_mode_v2/metrics.json
e2e_picked_asrecorded,human,dHfull,0,8,30,rnd30,picked,mode,cluster:wm,/cluster/tufts/shortlab/jstale02/wm_fix_2026-09-03/runs/full_r2d_state_dHfull_all_bnormclampS8ent5_s0/fresh_eval_rnd30_mode/metrics.json
e2e_picked_asrecorded,human,dHfull,1,18,30,rnd30,picked,mode,cluster:wm,/cluster/tufts/shortlab/jstale02/wm_fix_2026-09-03/runs/full_r2d_state_dHfull_all_bnormclampS8ent5_s1/fresh_eval_rnd30_mode/metrics.json
e2e_picked_asrecorded,human,dHfull,2,19,30,rnd30,picked,mode,cluster:wm,/cluster/tufts/shortlab/jstale02/wm_fix_2026-09-03/runs/full_r2d_state_dHfull_all_bnormclampS8ent5_s2/fresh_eval_rnd30_mode/metrics.json
e2e_picked_asrecorded,human,dHfull,3,19,30,rnd30,picked,mode,cluster:wm,/cluster/tufts/shortlab/jstale02/wm_fix_2026-09-03/runs/full_r2d_state_dHfull_all_bnormclampS8ent5_s3/fresh_eval_rnd30_mode/metrics.json
e2e_picked_asrecorded,human,dHfull,4,18,30,rnd30,picked,mode,cluster:wm,/cluster/tufts/shortlab/jstale02/wm_fix_2026-09-03/runs/full_r2d_state_dHfull_all_bnormclampS8ent5_s4/fresh_eval_rnd30_mode/metrics.json
e2e_picked_asrecorded,human,dHfull,5,9,30,rnd30,picked,mode,cluster:wm,/cluster/tufts/shortlab/jstale02/wm_fix_2026-09-03/runs/full_r2d_state_dHfull_all_bnormclampS8ent5_s5/fresh_eval_rnd30_mode/metrics.json
e2e_picked_asrecorded,human,dHfull,6,11,30,rnd30,picked,mode,cluster:wm,/cluster/tufts/shortlab/jstale02/wm_fix_2026-09-03/runs/full_r2d_state_dHfull_all_bnormclampS8ent5_s6/fresh_eval_rnd30_mode/metrics.json
e2e_picked_asrecorded,human,dHfull,7,18,30,rnd30,picked,mode,cluster:wm,/cluster/tufts/shortlab/jstale02/wm_fix_2026-09-03/runs/full_r2d_state_dHfull_all_bnormclampS8ent5_s7/fresh_eval_rnd30_mode/metrics.json
e2e_picked_asrecorded,machine,dDPfull,0,14,30,rnd30,picked,mode,cluster:wm,/cluster/tufts/shortlab/jstale02/wm_fix_2026-09-03/runs/full_r2d_state_dDPfull_bnormclampS8ent5_s0/fresh_eval_rnd30_mode/metrics.json
e2e_picked_asrecorded,machine,dDPfull,1,10,30,rnd30,picked,mode,cluster:wm,/cluster/tufts/shortlab/jstale02/wm_fix_2026-09-03/runs/full_r2d_state_dDPfull_bnormclampS8ent5_s1/fresh_eval_rnd30_mode/metrics.json
e2e_picked_asrecorded,machine,dDPfull,2,22,30,rnd30,picked,mode,cluster:wm,/cluster/tufts/shortlab/jstale02/wm_fix_2026-09-03/runs/full_r2d_state_dDPfull_bnormclampS8ent5_s2/fresh_eval_rnd30_mode/metrics.json
e2e_picked_asrecorded,machine,dDPfull,3,14,30,rnd30,picked,mode,cluster:wm,/cluster/tufts/shortlab/jstale02/wm_fix_2026-09-03/runs/full_r2d_state_dDPfull_bnormclampS8ent5_s3/fresh_eval_rnd30_mode/metrics.json
e2e_picked_asrecorded,machine,dDPfull,4,19,30,rnd30,picked,mode,cluster:wm,/cluster/tufts/shortlab/jstale02/wm_fix_2026-09-03/runs/full_r2d_state_dDPfull_bnormclampS8ent5_s4/fresh_eval_rnd30_mode/metrics.json
e2e_picked_asrecorded,machine,dDPfull,5,19,30,rnd30,picked,mode,cluster:wm,/cluster/tufts/shortlab/jstale02/wm_fix_2026-09-03/runs/full_r2d_state_dDPfull_bnormclampS8ent5_s5/fresh_eval_rnd30_mode/metrics.json
e2e_picked_asrecorded,machine,dDPfull,6,15,30,rnd30,picked,mode,cluster:wm,/cluster/tufts/shortlab/jstale02/wm_fix_2026-09-03/runs/full_r2d_state_dDPfull_bnormclampS8ent5_s6/fresh_eval_rnd30_mode/metrics.json
e2e_picked_asrecorded,machine,dDPfull,7,16,30,rnd30,picked,mode,cluster:wm,/cluster/tufts/shortlab/jstale02/wm_fix_2026-09-03/runs/full_r2d_state_dDPfull_bnormclampS8ent5_s7/fresh_eval_rnd30_mode/metrics.json
e2e_contact_push,human,dHfull,0,3,30,rnd30_v2,contact_push,mode,cluster:wm,/cluster/tufts/shortlab/jstale02/wm_fix_2026-09-03/runs/full_r2d_state_dHfull_all_bnormclampS8ent5_s0/fresh_eval_rnd30_mode_v2/metrics.json
e2e_contact_push,human,dHfull,1,6,30,rnd30_v2,contact_push,mode,cluster:wm,/cluster/tufts/shortlab/jstale02/wm_fix_2026-09-03/runs/full_r2d_state_dHfull_all_bnormclampS8ent5_s1/fresh_eval_rnd30_mode_v2/metrics.json
e2e_contact_push,human,dHfull,2,12,30,rnd30_v2,contact_push,mode,cluster:wm,/cluster/tufts/shortlab/jstale02/wm_fix_2026-09-03/runs/full_r2d_state_dHfull_all_bnormclampS8ent5_s2/fresh_eval_rnd30_mode_v2/metrics.json
e2e_contact_push,human,dHfull,3,6,30,rnd30_v2,contact_push,mode,cluster:wm,/cluster/tufts/shortlab/jstale02/wm_fix_2026-09-03/runs/full_r2d_state_dHfull_all_bnormclampS8ent5_s3/fresh_eval_rnd30_mode_v2/metrics.json
e2e_contact_push,human,dHfull,4,1,30,rnd30_v2,contact_push,mode,cluster:wm,/cluster/tufts/shortlab/jstale02/wm_fix_2026-09-03/runs/full_r2d_state_dHfull_all_bnormclampS8ent5_s4/fresh_eval_rnd30_mode_v2/metrics.json
e2e_contact_push,human,dHfull,5,6,30,rnd30_v2,contact_push,mode,cluster:wm,/cluster/tufts/shortlab/jstale02/wm_fix_2026-09-03/runs/full_r2d_state_dHfull_all_bnormclampS8ent5_s5/fresh_eval_rnd30_mode_v2/metrics.json
e2e_contact_push,human,dHfull,6,4,30,rnd30_v2,contact_push,mode,cluster:wm,/cluster/tufts/shortlab/jstale02/wm_fix_2026-09-03/runs/full_r2d_state_dHfull_all_bnormclampS8ent5_s6/fresh_eval_rnd30_mode_v2/metrics.json
e2e_contact_push,human,dHfull,7,11,30,rnd30_v2,contact_push,mode,cluster:wm,/cluster/tufts/shortlab/jstale02/wm_fix_2026-09-03/runs/full_r2d_state_dHfull_all_bnormclampS8ent5_s7/fresh_eval_rnd30_mode_v2/metrics.json
e2e_contact_push,machine,dDPfull,0,5,30,rnd30_v2,contact_push,mode,cluster:wm,/cluster/tufts/shortlab/jstale02/wm_fix_2026-09-03/runs/full_r2d_state_dDPfull_bnormclampS8ent5_s0/fresh_eval_rnd30_mode_v2/metrics.json
e2e_contact_push,machine,dDPfull,1,6,30,rnd30_v2,contact_push,mode,cluster:wm,/cluster/tufts/shortlab/jstale02/wm_fix_2026-09-03/runs/full_r2d_state_dDPfull_bnormclampS8ent5_s1/fresh_eval_rnd30_mode_v2/metrics.json
e2e_contact_push,machine,dDPfull,2,11,30,rnd30_v2,contact_push,mode,cluster:wm,/cluster/tufts/shortlab/jstale02/wm_fix_2026-09-03/runs/full_r2d_state_dDPfull_bnormclampS8ent5_s2/fresh_eval_rnd30_mode_v2/metrics.json
e2e_contact_push,machine,dDPfull,3,5,30,rnd30_v2,contact_push,mode,cluster:wm,/cluster/tufts/shortlab/jstale02/wm_fix_2026-09-03/runs/full_r2d_state_dDPfull_bnormclampS8ent5_s3/fresh_eval_rnd30_mode_v2/metrics.json
e2e_contact_push,machine,dDPfull,4,5,30,rnd30_v2,contact_push,mode,cluster:wm,/cluster/tufts/shortlab/jstale02/wm_fix_2026-09-03/runs/full_r2d_state_dDPfull_bnormclampS8ent5_s4/fresh_eval_rnd30_mode_v2/metrics.json
e2e_contact_push,machine,dDPfull,5,4,30,rnd30_v2,contact_push,mode,cluster:wm,/cluster/tufts/shortlab/jstale02/wm_fix_2026-09-03/runs/full_r2d_state_dDPfull_bnormclampS8ent5_s5/fresh_eval_rnd30_mode_v2/metrics.json
e2e_contact_push,machine,dDPfull,6,11,30,rnd30_v2,contact_push,mode,cluster:wm,/cluster/tufts/shortlab/jstale02/wm_fix_2026-09-03/runs/full_r2d_state_dDPfull_bnormclampS8ent5_s6/fresh_eval_rnd30_mode_v2/metrics.json
e2e_contact_push,machine,dDPfull,7,4,30,rnd30_v2,contact_push,mode,cluster:wm,/cluster/tufts/shortlab/jstale02/wm_fix_2026-09-03/runs/full_r2d_state_dDPfull_bnormclampS8ent5_s7/fresh_eval_rnd30_mode_v2/metrics.json
e2e_contact_push_asrecorded,human,dHfull,0,3,30,rnd30_cp,contact_push,mode,cluster:wm,/cluster/tufts/shortlab/jstale02/wm_fix_2026-09-03/runs/full_r2d_state_dHfull_all_bnormclampS8ent5_s0/fresh_eval_rnd30_mode_cp/metrics.json
e2e_contact_push_asrecorded,human,dHfull,1,6,30,rnd30_cp,contact_push,mode,cluster:wm,/cluster/tufts/shortlab/jstale02/wm_fix_2026-09-03/runs/full_r2d_state_dHfull_all_bnormclampS8ent5_s1/fresh_eval_rnd30_mode_cp/metrics.json
e2e_contact_push_asrecorded,human,dHfull,2,12,30,rnd30_cp,contact_push,mode,cluster:wm,/cluster/tufts/shortlab/jstale02/wm_fix_2026-09-03/runs/full_r2d_state_dHfull_all_bnormclampS8ent5_s2/fresh_eval_rnd30_mode_cp/metrics.json
e2e_contact_push_asrecorded,human,dHfull,3,6,30,rnd30_cp,contact_push,mode,cluster:wm,/cluster/tufts/shortlab/jstale02/wm_fix_2026-09-03/runs/full_r2d_state_dHfull_all_bnormclampS8ent5_s3/fresh_eval_rnd30_mode_cp/metrics.json
e2e_contact_push_asrecorded,human,dHfull,4,1,30,rnd30_cp,contact_push,mode,cluster:wm,/cluster/tufts/shortlab/jstale02/wm_fix_2026-09-03/runs/full_r2d_state_dHfull_all_bnormclampS8ent5_s4/fresh_eval_rnd30_mode_cp/metrics.json
e2e_contact_push_asrecorded,human,dHfull,5,6,30,rnd30_cp,contact_push,mode,cluster:wm,/cluster/tufts/shortlab/jstale02/wm_fix_2026-09-03/runs/full_r2d_state_dHfull_all_bnormclampS8ent5_s5/fresh_eval_rnd30_mode_cp/metrics.json
e2e_contact_push_asrecorded,human,dHfull,6,4,30,rnd30_cp,contact_push,mode,cluster:wm,/cluster/tufts/shortlab/jstale02/wm_fix_2026-09-03/runs/full_r2d_state_dHfull_all_bnormclampS8ent5_s6/fresh_eval_rnd30_mode_cp/metrics.json
e2e_contact_push_asrecorded,human,dHfull,7,11,30,rnd30_cp,contact_push,mode,cluster:wm,/cluster/tufts/shortlab/jstale02/wm_fix_2026-09-03/runs/full_r2d_state_dHfull_all_bnormclampS8ent5_s7/fresh_eval_rnd30_mode_cp/metrics.json
e2e_contact_push_asrecorded,machine,dDPfull,0,5,30,rnd30_cp,contact_push,mode,cluster:wm,/cluster/tufts/shortlab/jstale02/wm_fix_2026-09-03/runs/full_r2d_state_dDPfull_bnormclampS8ent5_s0/fresh_eval_rnd30_mode_cp/metrics.json
e2e_contact_push_asrecorded,machine,dDPfull,1,6,30,rnd30_cp,contact_push,mode,cluster:wm,/cluster/tufts/shortlab/jstale02/wm_fix_2026-09-03/runs/full_r2d_state_dDPfull_bnormclampS8ent5_s1/fresh_eval_rnd30_mode_cp/metrics.json
e2e_contact_push_asrecorded,machine,dDPfull,2,11,30,rnd30_cp,contact_push,mode,cluster:wm,/cluster/tufts/shortlab/jstale02/wm_fix_2026-09-03/runs/full_r2d_state_dDPfull_bnormclampS8ent5_s2/fresh_eval_rnd30_mode_cp/metrics.json
e2e_contact_push_asrecorded,machine,dDPfull,3,5,30,rnd30_cp,contact_push,mode,cluster:wm,/cluster/tufts/shortlab/jstale02/wm_fix_2026-09-03/runs/full_r2d_state_dDPfull_bnormclampS8ent5_s3/fresh_eval_rnd30_mode_cp/metrics.json
e2e_contact_push_asrecorded,machine,dDPfull,4,5,30,rnd30_cp,contact_push,mode,cluster:wm,/cluster/tufts/shortlab/jstale02/wm_fix_2026-09-03/runs/full_r2d_state_dDPfull_bnormclampS8ent5_s4/fresh_eval_rnd30_mode_cp/metrics.json
e2e_contact_push_asrecorded,machine,dDPfull,5,4,30,rnd30_cp,contact_push,mode,cluster:wm,/cluster/tufts/shortlab/jstale02/wm_fix_2026-09-03/runs/full_r2d_state_dDPfull_bnormclampS8ent5_s5/fresh_eval_rnd30_mode_cp/metrics.json
e2e_contact_push_asrecorded,machine,dDPfull,6,11,30,rnd30_cp,contact_push,mode,cluster:wm,/cluster/tufts/shortlab/jstale02/wm_fix_2026-09-03/runs/full_r2d_state_dDPfull_bnormclampS8ent5_s6/fresh_eval_rnd30_mode_cp/metrics.json
e2e_contact_push_asrecorded,machine,dDPfull,7,4,30,rnd30_cp,contact_push,mode,cluster:wm,/cluster/tufts/shortlab/jstale02/wm_fix_2026-09-03/runs/full_r2d_state_dDPfull_bnormclampS8ent5_s7/fresh_eval_rnd30_mode_cp/metrics.json
e2e_nested_honest,human,dHfull,0,1,30,rnd30_v2,nested_honest,mode,cluster:wm,/cluster/tufts/shortlab/jstale02/wm_fix_2026-09-03/runs/full_r2d_state_dHfull_all_bnormclampS8ent5_s0/fresh_eval_rnd30_mode_v2/metrics.json
e2e_nested_honest,human,dHfull,1,2,30,rnd30_v2,nested_honest,mode,cluster:wm,/cluster/tufts/shortlab/jstale02/wm_fix_2026-09-03/runs/full_r2d_state_dHfull_all_bnormclampS8ent5_s1/fresh_eval_rnd30_mode_v2/metrics.json
e2e_nested_honest,human,dHfull,2,1,30,rnd30_v2,nested_honest,mode,cluster:wm,/cluster/tufts/shortlab/jstale02/wm_fix_2026-09-03/runs/full_r2d_state_dHfull_all_bnormclampS8ent5_s2/fresh_eval_rnd30_mode_v2/metrics.json
e2e_nested_honest,human,dHfull,3,4,30,rnd30_v2,nested_honest,mode,cluster:wm,/cluster/tufts/shortlab/jstale02/wm_fix_2026-09-03/runs/full_r2d_state_dHfull_all_bnormclampS8ent5_s3/fresh_eval_rnd30_mode_v2/metrics.json
e2e_nested_honest,human,dHfull,4,1,30,rnd30_v2,nested_honest,mode,cluster:wm,/cluster/tufts/shortlab/jstale02/wm_fix_2026-09-03/runs/full_r2d_state_dHfull_all_bnormclampS8ent5_s4/fresh_eval_rnd30_mode_v2/metrics.json
e2e_nested_honest,human,dHfull,5,0,30,rnd30_v2,nested_honest,mode,cluster:wm,/cluster/tufts/shortlab/jstale02/wm_fix_2026-09-03/runs/full_r2d_state_dHfull_all_bnormclampS8ent5_s5/fresh_eval_rnd30_mode_v2/metrics.json
e2e_nested_honest,human,dHfull,6,0,30,rnd30_v2,nested_honest,mode,cluster:wm,/cluster/tufts/shortlab/jstale02/wm_fix_2026-09-03/runs/full_r2d_state_dHfull_all_bnormclampS8ent5_s6/fresh_eval_rnd30_mode_v2/metrics.json
e2e_nested_honest,human,dHfull,7,2,30,rnd30_v2,nested_honest,mode,cluster:wm,/cluster/tufts/shortlab/jstale02/wm_fix_2026-09-03/runs/full_r2d_state_dHfull_all_bnormclampS8ent5_s7/fresh_eval_rnd30_mode_v2/metrics.json
e2e_nested_honest,machine,dDPfull,0,1,30,rnd30_v2,nested_honest,mode,cluster:wm,/cluster/tufts/shortlab/jstale02/wm_fix_2026-09-03/runs/full_r2d_state_dDPfull_bnormclampS8ent5_s0/fresh_eval_rnd30_mode_v2/metrics.json
e2e_nested_honest,machine,dDPfull,1,1,30,rnd30_v2,nested_honest,mode,cluster:wm,/cluster/tufts/shortlab/jstale02/wm_fix_2026-09-03/runs/full_r2d_state_dDPfull_bnormclampS8ent5_s1/fresh_eval_rnd30_mode_v2/metrics.json
e2e_nested_honest,machine,dDPfull,2,2,30,rnd30_v2,nested_honest,mode,cluster:wm,/cluster/tufts/shortlab/jstale02/wm_fix_2026-09-03/runs/full_r2d_state_dDPfull_bnormclampS8ent5_s2/fresh_eval_rnd30_mode_v2/metrics.json
e2e_nested_honest,machine,dDPfull,3,4,30,rnd30_v2,nested_honest,mode,cluster:wm,/cluster/tufts/shortlab/jstale02/wm_fix_2026-09-03/runs/full_r2d_state_dDPfull_bnormclampS8ent5_s3/fresh_eval_rnd30_mode_v2/metrics.json
e2e_nested_honest,machine,dDPfull,4,3,30,rnd30_v2,nested_honest,mode,cluster:wm,/cluster/tufts/shortlab/jstale02/wm_fix_2026-09-03/runs/full_r2d_state_dDPfull_bnormclampS8ent5_s4/fresh_eval_rnd30_mode_v2/metrics.json
e2e_nested_honest,machine,dDPfull,5,2,30,rnd30_v2,nested_honest,mode,cluster:wm,/cluster/tufts/shortlab/jstale02/wm_fix_2026-09-03/runs/full_r2d_state_dDPfull_bnormclampS8ent5_s5/fresh_eval_rnd30_mode_v2/metrics.json
e2e_nested_honest,machine,dDPfull,6,7,30,rnd30_v2,nested_honest,mode,cluster:wm,/cluster/tufts/shortlab/jstale02/wm_fix_2026-09-03/runs/full_r2d_state_dDPfull_bnormclampS8ent5_s6/fresh_eval_rnd30_mode_v2/metrics.json
e2e_nested_honest,machine,dDPfull,7,5,30,rnd30_v2,nested_honest,mode,cluster:wm,/cluster/tufts/shortlab/jstale02/wm_fix_2026-09-03/runs/full_r2d_state_dDPfull_bnormclampS8ent5_s7/fresh_eval_rnd30_mode_v2/metrics.json
e2e_nested_honest_asrecorded,human,dHfull,0,1,30,rnd30_cp,nested_honest,mode,cluster:wm,/cluster/tufts/shortlab/jstale02/wm_fix_2026-09-03/runs/full_r2d_state_dHfull_all_bnormclampS8ent5_s0/fresh_eval_rnd30_mode_cp/metrics.json
e2e_nested_honest_asrecorded,human,dHfull,1,2,30,rnd30_cp,nested_honest,mode,cluster:wm,/cluster/tufts/shortlab/jstale02/wm_fix_2026-09-03/runs/full_r2d_state_dHfull_all_bnormclampS8ent5_s1/fresh_eval_rnd30_mode_cp/metrics.json
e2e_nested_honest_asrecorded,human,dHfull,2,1,30,rnd30_cp,nested_honest,mode,cluster:wm,/cluster/tufts/shortlab/jstale02/wm_fix_2026-09-03/runs/full_r2d_state_dHfull_all_bnormclampS8ent5_s2/fresh_eval_rnd30_mode_cp/metrics.json
e2e_nested_honest_asrecorded,human,dHfull,3,4,30,rnd30_cp,nested_honest,mode,cluster:wm,/cluster/tufts/shortlab/jstale02/wm_fix_2026-09-03/runs/full_r2d_state_dHfull_all_bnormclampS8ent5_s3/fresh_eval_rnd30_mode_cp/metrics.json
e2e_nested_honest_asrecorded,human,dHfull,4,1,30,rnd30_cp,nested_honest,mode,cluster:wm,/cluster/tufts/shortlab/jstale02/wm_fix_2026-09-03/runs/full_r2d_state_dHfull_all_bnormclampS8ent5_s4/fresh_eval_rnd30_mode_cp/metrics.json
e2e_nested_honest_asrecorded,human,dHfull,5,0,30,rnd30_cp,nested_honest,mode,cluster:wm,/cluster/tufts/shortlab/jstale02/wm_fix_2026-09-03/runs/full_r2d_state_dHfull_all_bnormclampS8ent5_s5/fresh_eval_rnd30_mode_cp/metrics.json
e2e_nested_honest_asrecorded,human,dHfull,6,0,30,rnd30_cp,nested_honest,mode,cluster:wm,/cluster/tufts/shortlab/jstale02/wm_fix_2026-09-03/runs/full_r2d_state_dHfull_all_bnormclampS8ent5_s6/fresh_eval_rnd30_mode_cp/metrics.json
e2e_nested_honest_asrecorded,human,dHfull,7,2,30,rnd30_cp,nested_honest,mode,cluster:wm,/cluster/tufts/shortlab/jstale02/wm_fix_2026-09-03/runs/full_r2d_state_dHfull_all_bnormclampS8ent5_s7/fresh_eval_rnd30_mode_cp/metrics.json
e2e_nested_honest_asrecorded,machine,dDPfull,0,1,30,rnd30_cp,nested_honest,mode,cluster:wm,/cluster/tufts/shortlab/jstale02/wm_fix_2026-09-03/runs/full_r2d_state_dDPfull_bnormclampS8ent5_s0/fresh_eval_rnd30_mode_cp/metrics.json
e2e_nested_honest_asrecorded,machine,dDPfull,1,1,30,rnd30_cp,nested_honest,mode,cluster:wm,/cluster/tufts/shortlab/jstale02/wm_fix_2026-09-03/runs/full_r2d_state_dDPfull_bnormclampS8ent5_s1/fresh_eval_rnd30_mode_cp/metrics.json
e2e_nested_honest_asrecorded,machine,dDPfull,2,2,30,rnd30_cp,nested_honest,mode,cluster:wm,/cluster/tufts/shortlab/jstale02/wm_fix_2026-09-03/runs/full_r2d_state_dDPfull_bnormclampS8ent5_s2/fresh_eval_rnd30_mode_cp/metrics.json
e2e_nested_honest_asrecorded,machine,dDPfull,3,4,30,rnd30_cp,nested_honest,mode,cluster:wm,/cluster/tufts/shortlab/jstale02/wm_fix_2026-09-03/runs/full_r2d_state_dDPfull_bnormclampS8ent5_s3/fresh_eval_rnd30_mode_cp/metrics.json
e2e_nested_honest_asrecorded,machine,dDPfull,4,3,30,rnd30_cp,nested_honest,mode,cluster:wm,/cluster/tufts/shortlab/jstale02/wm_fix_2026-09-03/runs/full_r2d_state_dDPfull_bnormclampS8ent5_s4/fresh_eval_rnd30_mode_cp/metrics.json
e2e_nested_honest_asrecorded,machine,dDPfull,5,2,30,rnd30_cp,nested_honest,mode,cluster:wm,/cluster/tufts/shortlab/jstale02/wm_fix_2026-09-03/runs/full_r2d_state_dDPfull_bnormclampS8ent5_s5/fresh_eval_rnd30_mode_cp/metrics.json
e2e_nested_honest_asrecorded,machine,dDPfull,6,7,30,rnd30_cp,nested_honest,mode,cluster:wm,/cluster/tufts/shortlab/jstale02/wm_fix_2026-09-03/runs/full_r2d_state_dDPfull_bnormclampS8ent5_s6/fresh_eval_rnd30_mode_cp/metrics.json
e2e_nested_honest_asrecorded,machine,dDPfull,7,5,30,rnd30_cp,nested_honest,mode,cluster:wm,/cluster/tufts/shortlab/jstale02/wm_fix_2026-09-03/runs/full_r2d_state_dDPfull_bnormclampS8ent5_s7/fresh_eval_rnd30_mode_cp/metrics.json
e2e_nested_proxy,human,dHfull,0,2,30,rnd30_v2,nested,mode,cluster:wm,/cluster/tufts/shortlab/jstale02/wm_fix_2026-09-03/runs/full_r2d_state_dHfull_all_bnormclampS8ent5_s0/fresh_eval_rnd30_mode_v2/metrics.json
e2e_nested_proxy,human,dHfull,1,4,30,rnd30_v2,nested,mode,cluster:wm,/cluster/tufts/shortlab/jstale02/wm_fix_2026-09-03/runs/full_r2d_state_dHfull_all_bnormclampS8ent5_s1/fresh_eval_rnd30_mode_v2/metrics.json
e2e_nested_proxy,human,dHfull,2,3,30,rnd30_v2,nested,mode,cluster:wm,/cluster/tufts/shortlab/jstale02/wm_fix_2026-09-03/runs/full_r2d_state_dHfull_all_bnormclampS8ent5_s2/fresh_eval_rnd30_mode_v2/metrics.json
e2e_nested_proxy,human,dHfull,3,10,30,rnd30_v2,nested,mode,cluster:wm,/cluster/tufts/shortlab/jstale02/wm_fix_2026-09-03/runs/full_r2d_state_dHfull_all_bnormclampS8ent5_s3/fresh_eval_rnd30_mode_v2/metrics.json
e2e_nested_proxy,human,dHfull,4,2,30,rnd30_v2,nested,mode,cluster:wm,/cluster/tufts/shortlab/jstale02/wm_fix_2026-09-03/runs/full_r2d_state_dHfull_all_bnormclampS8ent5_s4/fresh_eval_rnd30_mode_v2/metrics.json
e2e_nested_proxy,human,dHfull,5,1,30,rnd30_v2,nested,mode,cluster:wm,/cluster/tufts/shortlab/jstale02/wm_fix_2026-09-03/runs/full_r2d_state_dHfull_all_bnormclampS8ent5_s5/fresh_eval_rnd30_mode_v2/metrics.json
e2e_nested_proxy,human,dHfull,6,6,30,rnd30_v2,nested,mode,cluster:wm,/cluster/tufts/shortlab/jstale02/wm_fix_2026-09-03/runs/full_r2d_state_dHfull_all_bnormclampS8ent5_s6/fresh_eval_rnd30_mode_v2/metrics.json
e2e_nested_proxy,human,dHfull,7,5,30,rnd30_v2,nested,mode,cluster:wm,/cluster/tufts/shortlab/jstale02/wm_fix_2026-09-03/runs/full_r2d_state_dHfull_all_bnormclampS8ent5_s7/fresh_eval_rnd30_mode_v2/metrics.json
e2e_nested_proxy,machine,dDPfull,0,4,30,rnd30_v2,nested,mode,cluster:wm,/cluster/tufts/shortlab/jstale02/wm_fix_2026-09-03/runs/full_r2d_state_dDPfull_bnormclampS8ent5_s0/fresh_eval_rnd30_mode_v2/metrics.json
e2e_nested_proxy,machine,dDPfull,1,1,30,rnd30_v2,nested,mode,cluster:wm,/cluster/tufts/shortlab/jstale02/wm_fix_2026-09-03/runs/full_r2d_state_dDPfull_bnormclampS8ent5_s1/fresh_eval_rnd30_mode_v2/metrics.json
e2e_nested_proxy,machine,dDPfull,2,7,30,rnd30_v2,nested,mode,cluster:wm,/cluster/tufts/shortlab/jstale02/wm_fix_2026-09-03/runs/full_r2d_state_dDPfull_bnormclampS8ent5_s2/fresh_eval_rnd30_mode_v2/metrics.json
e2e_nested_proxy,machine,dDPfull,3,4,30,rnd30_v2,nested,mode,cluster:wm,/cluster/tufts/shortlab/jstale02/wm_fix_2026-09-03/runs/full_r2d_state_dDPfull_bnormclampS8ent5_s3/fresh_eval_rnd30_mode_v2/metrics.json
e2e_nested_proxy,machine,dDPfull,4,9,30,rnd30_v2,nested,mode,cluster:wm,/cluster/tufts/shortlab/jstale02/wm_fix_2026-09-03/runs/full_r2d_state_dDPfull_bnormclampS8ent5_s4/fresh_eval_rnd30_mode_v2/metrics.json
e2e_nested_proxy,machine,dDPfull,5,6,30,rnd30_v2,nested,mode,cluster:wm,/cluster/tufts/shortlab/jstale02/wm_fix_2026-09-03/runs/full_r2d_state_dDPfull_bnormclampS8ent5_s5/fresh_eval_rnd30_mode_v2/metrics.json
e2e_nested_proxy,machine,dDPfull,6,9,30,rnd30_v2,nested,mode,cluster:wm,/cluster/tufts/shortlab/jstale02/wm_fix_2026-09-03/runs/full_r2d_state_dDPfull_bnormclampS8ent5_s6/fresh_eval_rnd30_mode_v2/metrics.json
e2e_nested_proxy,machine,dDPfull,7,6,30,rnd30_v2,nested,mode,cluster:wm,/cluster/tufts/shortlab/jstale02/wm_fix_2026-09-03/runs/full_r2d_state_dDPfull_bnormclampS8ent5_s7/fresh_eval_rnd30_mode_v2/metrics.json
e2e_nested_proxy_asrecorded,human,dHfull,0,2,30,rnd30,nested,mode,cluster:wm,/cluster/tufts/shortlab/jstale02/wm_fix_2026-09-03/runs/full_r2d_state_dHfull_all_bnormclampS8ent5_s0/fresh_eval_rnd30_mode/metrics.json
e2e_nested_proxy_asrecorded,human,dHfull,1,4,30,rnd30,nested,mode,cluster:wm,/cluster/tufts/shortlab/jstale02/wm_fix_2026-09-03/runs/full_r2d_state_dHfull_all_bnormclampS8ent5_s1/fresh_eval_rnd30_mode/metrics.json
e2e_nested_proxy_asrecorded,human,dHfull,2,9,30,rnd30,nested,mode,cluster:wm,/cluster/tufts/shortlab/jstale02/wm_fix_2026-09-03/runs/full_r2d_state_dHfull_all_bnormclampS8ent5_s2/fresh_eval_rnd30_mode/metrics.json
e2e_nested_proxy_asrecorded,human,dHfull,3,10,30,rnd30,nested,mode,cluster:wm,/cluster/tufts/shortlab/jstale02/wm_fix_2026-09-03/runs/full_r2d_state_dHfull_all_bnormclampS8ent5_s3/fresh_eval_rnd30_mode/metrics.json
e2e_nested_proxy_asrecorded,human,dHfull,4,2,30,rnd30,nested,mode,cluster:wm,/cluster/tufts/shortlab/jstale02/wm_fix_2026-09-03/runs/full_r2d_state_dHfull_all_bnormclampS8ent5_s4/fresh_eval_rnd30_mode/metrics.json
e2e_nested_proxy_asrecorded,human,dHfull,5,1,30,rnd30,nested,mode,cluster:wm,/cluster/tufts/shortlab/jstale02/wm_fix_2026-09-03/runs/full_r2d_state_dHfull_all_bnormclampS8ent5_s5/fresh_eval_rnd30_mode/metrics.json
e2e_nested_proxy_asrecorded,human,dHfull,6,6,30,rnd30,nested,mode,cluster:wm,/cluster/tufts/shortlab/jstale02/wm_fix_2026-09-03/runs/full_r2d_state_dHfull_all_bnormclampS8ent5_s6/fresh_eval_rnd30_mode/metrics.json
e2e_nested_proxy_asrecorded,human,dHfull,7,5,30,rnd30,nested,mode,cluster:wm,/cluster/tufts/shortlab/jstale02/wm_fix_2026-09-03/runs/full_r2d_state_dHfull_all_bnormclampS8ent5_s7/fresh_eval_rnd30_mode/metrics.json
e2e_nested_proxy_asrecorded,machine,dDPfull,0,4,30,rnd30,nested,mode,cluster:wm,/cluster/tufts/shortlab/jstale02/wm_fix_2026-09-03/runs/full_r2d_state_dDPfull_bnormclampS8ent5_s0/fresh_eval_rnd30_mode/metrics.json
e2e_nested_proxy_asrecorded,machine,dDPfull,1,1,30,rnd30,nested,mode,cluster:wm,/cluster/tufts/shortlab/jstale02/wm_fix_2026-09-03/runs/full_r2d_state_dDPfull_bnormclampS8ent5_s1/fresh_eval_rnd30_mode/metrics.json
e2e_nested_proxy_asrecorded,machine,dDPfull,2,7,30,rnd30,nested,mode,cluster:wm,/cluster/tufts/shortlab/jstale02/wm_fix_2026-09-03/runs/full_r2d_state_dDPfull_bnormclampS8ent5_s2/fresh_eval_rnd30_mode/metrics.json
e2e_nested_proxy_asrecorded,machine,dDPfull,3,4,30,rnd30,nested,mode,cluster:wm,/cluster/tufts/shortlab/jstale02/wm_fix_2026-09-03/runs/full_r2d_state_dDPfull_bnormclampS8ent5_s3/fresh_eval_rnd30_mode/metrics.json
e2e_nested_proxy_asrecorded,machine,dDPfull,4,9,30,rnd30,nested,mode,cluster:wm,/cluster/tufts/shortlab/jstale02/wm_fix_2026-09-03/runs/full_r2d_state_dDPfull_bnormclampS8ent5_s4/fresh_eval_rnd30_mode/metrics.json
e2e_nested_proxy_asrecorded,machine,dDPfull,5,6,30,rnd30,nested,mode,cluster:wm,/cluster/tufts/shortlab/jstale02/wm_fix_2026-09-03/runs/full_r2d_state_dDPfull_bnormclampS8ent5_s5/fresh_eval_rnd30_mode/metrics.json
e2e_nested_proxy_asrecorded,machine,dDPfull,6,9,30,rnd30,nested,mode,cluster:wm,/cluster/tufts/shortlab/jstale02/wm_fix_2026-09-03/runs/full_r2d_state_dDPfull_bnormclampS8ent5_s6/fresh_eval_rnd30_mode/metrics.json
e2e_nested_proxy_asrecorded,machine,dDPfull,7,6,30,rnd30,nested,mode,cluster:wm,/cluster/tufts/shortlab/jstale02/wm_fix_2026-09-03/runs/full_r2d_state_dDPfull_bnormclampS8ent5_s7/fresh_eval_rnd30_mode/metrics.json
e2e_slide_success,human,dHfull,0,2,30,rnd30_v2,slide_success,mode,cluster:wm,/cluster/tufts/shortlab/jstale02/wm_fix_2026-09-03/runs/full_r2d_state_dHfull_all_bnormclampS8ent5_s0/fresh_eval_rnd30_mode_v2/metrics.json
e2e_slide_success,human,dHfull,1,0,30,rnd30_v2,slide_success,mode,cluster:wm,/cluster/tufts/shortlab/jstale02/wm_fix_2026-09-03/runs/full_r2d_state_dHfull_all_bnormclampS8ent5_s1/fresh_eval_rnd30_mode_v2/metrics.json
e2e_slide_success,human,dHfull,2,0,30,rnd30_v2,slide_success,mode,cluster:wm,/cluster/tufts/shortlab/jstale02/wm_fix_2026-09-03/runs/full_r2d_state_dHfull_all_bnormclampS8ent5_s2/fresh_eval_rnd30_mode_v2/metrics.json
e2e_slide_success,human,dHfull,3,4,30,rnd30_v2,slide_success,mode,cluster:wm,/cluster/tufts/shortlab/jstale02/wm_fix_2026-09-03/runs/full_r2d_state_dHfull_all_bnormclampS8ent5_s3/fresh_eval_rnd30_mode_v2/metrics.json
e2e_slide_success,human,dHfull,4,1,30,rnd30_v2,slide_success,mode,cluster:wm,/cluster/tufts/shortlab/jstale02/wm_fix_2026-09-03/runs/full_r2d_state_dHfull_all_bnormclampS8ent5_s4/fresh_eval_rnd30_mode_v2/metrics.json
e2e_slide_success,human,dHfull,5,0,30,rnd30_v2,slide_success,mode,cluster:wm,/cluster/tufts/shortlab/jstale02/wm_fix_2026-09-03/runs/full_r2d_state_dHfull_all_bnormclampS8ent5_s5/fresh_eval_rnd30_mode_v2/metrics.json
e2e_slide_success,human,dHfull,6,1,30,rnd30_v2,slide_success,mode,cluster:wm,/cluster/tufts/shortlab/jstale02/wm_fix_2026-09-03/runs/full_r2d_state_dHfull_all_bnormclampS8ent5_s6/fresh_eval_rnd30_mode_v2/metrics.json
e2e_slide_success,human,dHfull,7,2,30,rnd30_v2,slide_success,mode,cluster:wm,/cluster/tufts/shortlab/jstale02/wm_fix_2026-09-03/runs/full_r2d_state_dHfull_all_bnormclampS8ent5_s7/fresh_eval_rnd30_mode_v2/metrics.json
e2e_slide_success,machine,dDPfull,0,0,30,rnd30_v2,slide_success,mode,cluster:wm,/cluster/tufts/shortlab/jstale02/wm_fix_2026-09-03/runs/full_r2d_state_dDPfull_bnormclampS8ent5_s0/fresh_eval_rnd30_mode_v2/metrics.json
e2e_slide_success,machine,dDPfull,1,0,30,rnd30_v2,slide_success,mode,cluster:wm,/cluster/tufts/shortlab/jstale02/wm_fix_2026-09-03/runs/full_r2d_state_dDPfull_bnormclampS8ent5_s1/fresh_eval_rnd30_mode_v2/metrics.json
e2e_slide_success,machine,dDPfull,2,0,30,rnd30_v2,slide_success,mode,cluster:wm,/cluster/tufts/shortlab/jstale02/wm_fix_2026-09-03/runs/full_r2d_state_dDPfull_bnormclampS8ent5_s2/fresh_eval_rnd30_mode_v2/metrics.json
e2e_slide_success,machine,dDPfull,3,0,30,rnd30_v2,slide_success,mode,cluster:wm,/cluster/tufts/shortlab/jstale02/wm_fix_2026-09-03/runs/full_r2d_state_dDPfull_bnormclampS8ent5_s3/fresh_eval_rnd30_mode_v2/metrics.json
e2e_slide_success,machine,dDPfull,4,1,30,rnd30_v2,slide_success,mode,cluster:wm,/cluster/tufts/shortlab/jstale02/wm_fix_2026-09-03/runs/full_r2d_state_dDPfull_bnormclampS8ent5_s4/fresh_eval_rnd30_mode_v2/metrics.json
e2e_slide_success,machine,dDPfull,5,1,30,rnd30_v2,slide_success,mode,cluster:wm,/cluster/tufts/shortlab/jstale02/wm_fix_2026-09-03/runs/full_r2d_state_dDPfull_bnormclampS8ent5_s5/fresh_eval_rnd30_mode_v2/metrics.json
e2e_slide_success,machine,dDPfull,6,1,30,rnd30_v2,slide_success,mode,cluster:wm,/cluster/tufts/shortlab/jstale02/wm_fix_2026-09-03/runs/full_r2d_state_dDPfull_bnormclampS8ent5_s6/fresh_eval_rnd30_mode_v2/metrics.json
e2e_slide_success,machine,dDPfull,7,1,30,rnd30_v2,slide_success,mode,cluster:wm,/cluster/tufts/shortlab/jstale02/wm_fix_2026-09-03/runs/full_r2d_state_dDPfull_bnormclampS8ent5_s7/fresh_eval_rnd30_mode_v2/metrics.json
e2e_slide_success_asrecorded,human,dHfull,0,2,30,rnd30_cp,slide_success,mode,cluster:wm,/cluster/tufts/shortlab/jstale02/wm_fix_2026-09-03/runs/full_r2d_state_dHfull_all_bnormclampS8ent5_s0/fresh_eval_rnd30_mode_cp/metrics.json
e2e_slide_success_asrecorded,human,dHfull,1,0,30,rnd30_cp,slide_success,mode,cluster:wm,/cluster/tufts/shortlab/jstale02/wm_fix_2026-09-03/runs/full_r2d_state_dHfull_all_bnormclampS8ent5_s1/fresh_eval_rnd30_mode_cp/metrics.json
e2e_slide_success_asrecorded,human,dHfull,2,0,30,rnd30_cp,slide_success,mode,cluster:wm,/cluster/tufts/shortlab/jstale02/wm_fix_2026-09-03/runs/full_r2d_state_dHfull_all_bnormclampS8ent5_s2/fresh_eval_rnd30_mode_cp/metrics.json
e2e_slide_success_asrecorded,human,dHfull,3,4,30,rnd30_cp,slide_success,mode,cluster:wm,/cluster/tufts/shortlab/jstale02/wm_fix_2026-09-03/runs/full_r2d_state_dHfull_all_bnormclampS8ent5_s3/fresh_eval_rnd30_mode_cp/metrics.json
e2e_slide_success_asrecorded,human,dHfull,4,1,30,rnd30_cp,slide_success,mode,cluster:wm,/cluster/tufts/shortlab/jstale02/wm_fix_2026-09-03/runs/full_r2d_state_dHfull_all_bnormclampS8ent5_s4/fresh_eval_rnd30_mode_cp/metrics.json
e2e_slide_success_asrecorded,human,dHfull,5,0,30,rnd30_cp,slide_success,mode,cluster:wm,/cluster/tufts/shortlab/jstale02/wm_fix_2026-09-03/runs/full_r2d_state_dHfull_all_bnormclampS8ent5_s5/fresh_eval_rnd30_mode_cp/metrics.json
e2e_slide_success_asrecorded,human,dHfull,6,1,30,rnd30_cp,slide_success,mode,cluster:wm,/cluster/tufts/shortlab/jstale02/wm_fix_2026-09-03/runs/full_r2d_state_dHfull_all_bnormclampS8ent5_s6/fresh_eval_rnd30_mode_cp/metrics.json
e2e_slide_success_asrecorded,human,dHfull,7,2,30,rnd30_cp,slide_success,mode,cluster:wm,/cluster/tufts/shortlab/jstale02/wm_fix_2026-09-03/runs/full_r2d_state_dHfull_all_bnormclampS8ent5_s7/fresh_eval_rnd30_mode_cp/metrics.json
e2e_slide_success_asrecorded,machine,dDPfull,0,0,30,rnd30_cp,slide_success,mode,cluster:wm,/cluster/tufts/shortlab/jstale02/wm_fix_2026-09-03/runs/full_r2d_state_dDPfull_bnormclampS8ent5_s0/fresh_eval_rnd30_mode_cp/metrics.json
e2e_slide_success_asrecorded,machine,dDPfull,1,0,30,rnd30_cp,slide_success,mode,cluster:wm,/cluster/tufts/shortlab/jstale02/wm_fix_2026-09-03/runs/full_r2d_state_dDPfull_bnormclampS8ent5_s1/fresh_eval_rnd30_mode_cp/metrics.json
e2e_slide_success_asrecorded,machine,dDPfull,2,0,30,rnd30_cp,slide_success,mode,cluster:wm,/cluster/tufts/shortlab/jstale02/wm_fix_2026-09-03/runs/full_r2d_state_dDPfull_bnormclampS8ent5_s2/fresh_eval_rnd30_mode_cp/metrics.json
e2e_slide_success_asrecorded,machine,dDPfull,3,0,30,rnd30_cp,slide_success,mode,cluster:wm,/cluster/tufts/shortlab/jstale02/wm_fix_2026-09-03/runs/full_r2d_state_dDPfull_bnormclampS8ent5_s3/fresh_eval_rnd30_mode_cp/metrics.json
e2e_slide_success_asrecorded,machine,dDPfull,4,1,30,rnd30_cp,slide_success,mode,cluster:wm,/cluster/tufts/shortlab/jstale02/wm_fix_2026-09-03/runs/full_r2d_state_dDPfull_bnormclampS8ent5_s4/fresh_eval_rnd30_mode_cp/metrics.json
e2e_slide_success_asrecorded,machine,dDPfull,5,1,30,rnd30_cp,slide_success,mode,cluster:wm,/cluster/tufts/shortlab/jstale02/wm_fix_2026-09-03/runs/full_r2d_state_dDPfull_bnormclampS8ent5_s5/fresh_eval_rnd30_mode_cp/metrics.json
e2e_slide_success_asrecorded,machine,dDPfull,6,1,30,rnd30_cp,slide_success,mode,cluster:wm,/cluster/tufts/shortlab/jstale02/wm_fix_2026-09-03/runs/full_r2d_state_dDPfull_bnormclampS8ent5_s6/fresh_eval_rnd30_mode_cp/metrics.json
e2e_slide_success_asrecorded,machine,dDPfull,7,1,30,rnd30_cp,slide_success,mode,cluster:wm,/cluster/tufts/shortlab/jstale02/wm_fix_2026-09-03/runs/full_r2d_state_dDPfull_bnormclampS8ent5_s7/fresh_eval_rnd30_mode_cp/metrics.json
robo_rlpd_mg200s,human,MH200,0,27,50,eval_bank50_mode,success,mode,cluster:robomimic,/cluster/tufts/shortlab/jstale02/robomimic_runs/rlpd/rlpd_MH200_s0/eval_bank50_mode/metrics.json
robo_rlpd_mg200s,human,MH200,1,44,50,eval_bank50_mode,success,mode,cluster:robomimic,/cluster/tufts/shortlab/jstale02/robomimic_runs/rlpd/rlpd_MH200_s1/eval_bank50_mode/metrics.json
robo_rlpd_mg200s,human,MH200,2,30,50,eval_bank50_mode,success,mode,cluster:robomimic,/cluster/tufts/shortlab/jstale02/robomimic_runs/rlpd/rlpd_MH200_s2/eval_bank50_mode/metrics.json
robo_rlpd_mg200s,human,MH200,3,1,50,eval_bank50_mode,success,mode,cluster:robomimic,/cluster/tufts/shortlab/jstale02/robomimic_runs/rlpd/rlpd_MH200_s3/eval_bank50_mode/metrics.json
robo_rlpd_mg200s,human,MH200,4,20,50,eval_bank50_mode,success,mode,cluster:robomimic,/cluster/tufts/shortlab/jstale02/robomimic_runs/rlpd/rlpd_MH200_s4/eval_bank50_mode/metrics.json
robo_rlpd_mg200s,human,MH200,5,9,50,eval_bank50_mode,success,mode,cluster:robomimic,/cluster/tufts/shortlab/jstale02/robomimic_runs/rlpd/rlpd_MH200_s5/eval_bank50_mode/metrics.json
robo_rlpd_mg200s,human,MH200,6,24,50,eval_bank50_mode,success,mode,cluster:robomimic,/cluster/tufts/shortlab/jstale02/robomimic_runs/rlpd/rlpd_MH200_s6/eval_bank50_mode/metrics.json
robo_rlpd_mg200s,human,MH200,7,27,50,eval_bank50_mode,success,mode,cluster:robomimic,/cluster/tufts/shortlab/jstale02/robomimic_runs/rlpd/rlpd_MH200_s7/eval_bank50_mode/metrics.json
robo_rlpd_mg200s,machine,MG200s,0,10,50,eval_bank50_mode,success,mode,cluster:robomimic,/cluster/tufts/shortlab/jstale02/robomimic_runs/rlpd/rlpd_MG200s_s0/eval_bank50_mode/metrics.json
robo_rlpd_mg200s,machine,MG200s,1,2,50,eval_bank50_mode,success,mode,cluster:robomimic,/cluster/tufts/shortlab/jstale02/robomimic_runs/rlpd/rlpd_MG200s_s1/eval_bank50_mode/metrics.json
robo_rlpd_mg200s,machine,MG200s,2,2,50,eval_bank50_mode,success,mode,cluster:robomimic,/cluster/tufts/shortlab/jstale02/robomimic_runs/rlpd/rlpd_MG200s_s2/eval_bank50_mode/metrics.json
robo_rlpd_mg200s,machine,MG200s,3,13,50,eval_bank50_mode,success,mode,cluster:robomimic,/cluster/tufts/shortlab/jstale02/robomimic_runs/rlpd/rlpd_MG200s_s3/eval_bank50_mode/metrics.json
robo_rlpd_mg200s,machine,MG200s,4,6,50,eval_bank50_mode,success,mode,cluster:robomimic,/cluster/tufts/shortlab/jstale02/robomimic_runs/rlpd/rlpd_MG200s_s4/eval_bank50_mode/metrics.json
robo_rlpd_mg200s,machine,MG200s,5,12,50,eval_bank50_mode,success,mode,cluster:robomimic,/cluster/tufts/shortlab/jstale02/robomimic_runs/rlpd/rlpd_MG200s_s5/eval_bank50_mode/metrics.json
robo_rlpd_mg200s,machine,MG200s,6,9,50,eval_bank50_mode,success,mode,cluster:robomimic,/cluster/tufts/shortlab/jstale02/robomimic_runs/rlpd/rlpd_MG200s_s6/eval_bank50_mode/metrics.json
robo_rlpd_mg200s,machine,MG200s,7,5,50,eval_bank50_mode,success,mode,cluster:robomimic,/cluster/tufts/shortlab/jstale02/robomimic_runs/rlpd/rlpd_MG200s_s7/eval_bank50_mode/metrics.json
robo_rlpd_mg718s,human,MH200,0,27,50,eval_bank50_mode,success,mode,cluster:robomimic,/cluster/tufts/shortlab/jstale02/robomimic_runs/rlpd/rlpd_MH200_s0/eval_bank50_mode/metrics.json
robo_rlpd_mg718s,human,MH200,1,44,50,eval_bank50_mode,success,mode,cluster:robomimic,/cluster/tufts/shortlab/jstale02/robomimic_runs/rlpd/rlpd_MH200_s1/eval_bank50_mode/metrics.json
robo_rlpd_mg718s,human,MH200,2,30,50,eval_bank50_mode,success,mode,cluster:robomimic,/cluster/tufts/shortlab/jstale02/robomimic_runs/rlpd/rlpd_MH200_s2/eval_bank50_mode/metrics.json
robo_rlpd_mg718s,human,MH200,3,1,50,eval_bank50_mode,success,mode,cluster:robomimic,/cluster/tufts/shortlab/jstale02/robomimic_runs/rlpd/rlpd_MH200_s3/eval_bank50_mode/metrics.json
robo_rlpd_mg718s,human,MH200,4,20,50,eval_bank50_mode,success,mode,cluster:robomimic,/cluster/tufts/shortlab/jstale02/robomimic_runs/rlpd/rlpd_MH200_s4/eval_bank50_mode/metrics.json
robo_rlpd_mg718s,human,MH200,5,9,50,eval_bank50_mode,success,mode,cluster:robomimic,/cluster/tufts/shortlab/jstale02/robomimic_runs/rlpd/rlpd_MH200_s5/eval_bank50_mode/metrics.json
robo_rlpd_mg718s,human,MH200,6,24,50,eval_bank50_mode,success,mode,cluster:robomimic,/cluster/tufts/shortlab/jstale02/robomimic_runs/rlpd/rlpd_MH200_s6/eval_bank50_mode/metrics.json
robo_rlpd_mg718s,human,MH200,7,27,50,eval_bank50_mode,success,mode,cluster:robomimic,/cluster/tufts/shortlab/jstale02/robomimic_runs/rlpd/rlpd_MH200_s7/eval_bank50_mode/metrics.json
robo_rlpd_mg718s,machine,MG718s_ctl,0,31,50,eval_bank50_mode,success,mode,cluster:robomimic,/cluster/tufts/shortlab/jstale02/robomimic_runs/rlpd/rlpd_MG718s_ctl_s0/eval_bank50_mode/metrics.json
robo_rlpd_mg718s,machine,MG718s_ctl,1,17,50,eval_bank50_mode,success,mode,cluster:robomimic,/cluster/tufts/shortlab/jstale02/robomimic_runs/rlpd/rlpd_MG718s_ctl_s1/eval_bank50_mode/metrics.json
robo_rlpd_mg718s,machine,MG718s_ctl,2,32,50,eval_bank50_mode,success,mode,cluster:robomimic,/cluster/tufts/shortlab/jstale02/robomimic_runs/rlpd/rlpd_MG718s_ctl_s2/eval_bank50_mode/metrics.json
robo_rlpd_mg718s,machine,MG718s_ctl,3,32,50,eval_bank50_mode,success,mode,cluster:robomimic,/cluster/tufts/shortlab/jstale02/robomimic_runs/rlpd/rlpd_MG718s_ctl_s3/eval_bank50_mode/metrics.json
robo_rlpd_mg718s,machine,MG718s_ctl,4,27,50,eval_bank50_mode,success,mode,cluster:robomimic,/cluster/tufts/shortlab/jstale02/robomimic_runs/rlpd/rlpd_MG718s_ctl_s4/eval_bank50_mode/metrics.json
robo_rlpd_mg718s,machine,MG718s_ctl,5,0,50,eval_bank50_mode,success,mode,cluster:robomimic,/cluster/tufts/shortlab/jstale02/robomimic_runs/rlpd/rlpd_MG718s_ctl_s5/eval_bank50_mode/metrics.json
robo_rlpd_mg718s,machine,MG718s_ctl,6,28,50,eval_bank50_mode,success,mode,cluster:robomimic,/cluster/tufts/shortlab/jstale02/robomimic_runs/rlpd/rlpd_MG718s_ctl_s6/eval_bank50_mode/metrics.json
robo_rlpd_mg718s,machine,MG718s_ctl,7,23,50,eval_bank50_mode,success,mode,cluster:robomimic,/cluster/tufts/shortlab/jstale02/robomimic_runs/rlpd/rlpd_MG718s_ctl_s7/eval_bank50_mode/metrics.json
robo_rlpd_mgall,human,MH200,0,27,50,eval_bank50_mode,success,mode,cluster:robomimic,/cluster/tufts/shortlab/jstale02/robomimic_runs/rlpd/rlpd_MH200_s0/eval_bank50_mode/metrics.json
robo_rlpd_mgall,human,MH200,1,44,50,eval_bank50_mode,success,mode,cluster:robomimic,/cluster/tufts/shortlab/jstale02/robomimic_runs/rlpd/rlpd_MH200_s1/eval_bank50_mode/metrics.json
robo_rlpd_mgall,human,MH200,2,30,50,eval_bank50_mode,success,mode,cluster:robomimic,/cluster/tufts/shortlab/jstale02/robomimic_runs/rlpd/rlpd_MH200_s2/eval_bank50_mode/metrics.json
robo_rlpd_mgall,human,MH200,3,1,50,eval_bank50_mode,success,mode,cluster:robomimic,/cluster/tufts/shortlab/jstale02/robomimic_runs/rlpd/rlpd_MH200_s3/eval_bank50_mode/metrics.json
robo_rlpd_mgall,human,MH200,4,20,50,eval_bank50_mode,success,mode,cluster:robomimic,/cluster/tufts/shortlab/jstale02/robomimic_runs/rlpd/rlpd_MH200_s4/eval_bank50_mode/metrics.json
robo_rlpd_mgall,human,MH200,5,9,50,eval_bank50_mode,success,mode,cluster:robomimic,/cluster/tufts/shortlab/jstale02/robomimic_runs/rlpd/rlpd_MH200_s5/eval_bank50_mode/metrics.json
robo_rlpd_mgall,human,MH200,6,24,50,eval_bank50_mode,success,mode,cluster:robomimic,/cluster/tufts/shortlab/jstale02/robomimic_runs/rlpd/rlpd_MH200_s6/eval_bank50_mode/metrics.json
robo_rlpd_mgall,human,MH200,7,27,50,eval_bank50_mode,success,mode,cluster:robomimic,/cluster/tufts/shortlab/jstale02/robomimic_runs/rlpd/rlpd_MH200_s7/eval_bank50_mode/metrics.json
robo_rlpd_mgall,machine,MGall_ctl,0,37,50,eval_bank50_mode,success,mode,cluster:robomimic,/cluster/tufts/shortlab/jstale02/robomimic_runs/rlpd/rlpd_MGall_ctl_s0/eval_bank50_mode/metrics.json
robo_rlpd_mgall,machine,MGall_ctl,1,30,50,eval_bank50_mode,success,mode,cluster:robomimic,/cluster/tufts/shortlab/jstale02/robomimic_runs/rlpd/rlpd_MGall_ctl_s1/eval_bank50_mode/metrics.json
robo_rlpd_mgall,machine,MGall_ctl,2,34,50,eval_bank50_mode,success,mode,cluster:robomimic,/cluster/tufts/shortlab/jstale02/robomimic_runs/rlpd/rlpd_MGall_ctl_s2/eval_bank50_mode/metrics.json
robo_rlpd_mgall,machine,MGall_ctl,3,22,50,eval_bank50_mode,success,mode,cluster:robomimic,/cluster/tufts/shortlab/jstale02/robomimic_runs/rlpd/rlpd_MGall_ctl_s3/eval_bank50_mode/metrics.json
robo_rlpd_mgall,machine,MGall_ctl,4,14,50,eval_bank50_mode,success,mode,cluster:robomimic,/cluster/tufts/shortlab/jstale02/robomimic_runs/rlpd/rlpd_MGall_ctl_s4/eval_bank50_mode/metrics.json
robo_rlpd_mgall,machine,MGall_ctl,5,39,50,eval_bank50_mode,success,mode,cluster:robomimic,/cluster/tufts/shortlab/jstale02/robomimic_runs/rlpd/rlpd_MGall_ctl_s5/eval_bank50_mode/metrics.json
robo_rlpd_mgall,machine,MGall_ctl,6,32,50,eval_bank50_mode,success,mode,cluster:robomimic,/cluster/tufts/shortlab/jstale02/robomimic_runs/rlpd/rlpd_MGall_ctl_s6/eval_bank50_mode/metrics.json
robo_rlpd_mgall,machine,MGall_ctl,7,36,50,eval_bank50_mode,success,mode,cluster:robomimic,/cluster/tufts/shortlab/jstale02/robomimic_runs/rlpd/rlpd_MGall_ctl_s7/eval_bank50_mode/metrics.json
robo_rlpd_mg200s_3x,human,MH200,0,27,50,eval_bank50_mode,success,mode,cluster:robomimic,/cluster/tufts/shortlab/jstale02/robomimic_runs/rlpd/rlpd_MH200_s0/eval_bank50_mode/metrics.json
robo_rlpd_mg200s_3x,human,MH200,1,44,50,eval_bank50_mode,success,mode,cluster:robomimic,/cluster/tufts/shortlab/jstale02/robomimic_runs/rlpd/rlpd_MH200_s1/eval_bank50_mode/metrics.json
robo_rlpd_mg200s_3x,human,MH200,2,30,50,eval_bank50_mode,success,mode,cluster:robomimic,/cluster/tufts/shortlab/jstale02/robomimic_runs/rlpd/rlpd_MH200_s2/eval_bank50_mode/metrics.json
robo_rlpd_mg200s_3x,human,MH200,3,1,50,eval_bank50_mode,success,mode,cluster:robomimic,/cluster/tufts/shortlab/jstale02/robomimic_runs/rlpd/rlpd_MH200_s3/eval_bank50_mode/metrics.json
robo_rlpd_mg200s_3x,human,MH200,4,20,50,eval_bank50_mode,success,mode,cluster:robomimic,/cluster/tufts/shortlab/jstale02/robomimic_runs/rlpd/rlpd_MH200_s4/eval_bank50_mode/metrics.json
robo_rlpd_mg200s_3x,human,MH200,5,9,50,eval_bank50_mode,success,mode,cluster:robomimic,/cluster/tufts/shortlab/jstale02/robomimic_runs/rlpd/rlpd_MH200_s5/eval_bank50_mode/metrics.json
robo_rlpd_mg200s_3x,human,MH200,6,24,50,eval_bank50_mode,success,mode,cluster:robomimic,/cluster/tufts/shortlab/jstale02/robomimic_runs/rlpd/rlpd_MH200_s6/eval_bank50_mode/metrics.json
robo_rlpd_mg200s_3x,human,MH200,7,27,50,eval_bank50_mode,success,mode,cluster:robomimic,/cluster/tufts/shortlab/jstale02/robomimic_runs/rlpd/rlpd_MH200_s7/eval_bank50_mode/metrics.json
robo_rlpd_mg200s_3x,machine,MG200s_ext300k,0,0,50,eval_bank50_mode,success,mode,cluster:robomimic,/cluster/tufts/shortlab/jstale02/robomimic_runs/rlpd/rlpd_MG200s_ext300k_s0/eval_bank50_mode/metrics.json
robo_rlpd_mg200s_3x,machine,MG200s_ext300k,1,22,50,eval_bank50_mode,success,mode,cluster:robomimic,/cluster/tufts/shortlab/jstale02/robomimic_runs/rlpd/rlpd_MG200s_ext300k_s1/eval_bank50_mode/metrics.json
robo_rlpd_mg200s_3x,machine,MG200s_ext300k,2,25,50,eval_bank50_mode,success,mode,cluster:robomimic,/cluster/tufts/shortlab/jstale02/robomimic_runs/rlpd/rlpd_MG200s_ext300k_s2/eval_bank50_mode/metrics.json
robo_rlpd_mg200s_3x,machine,MG200s_ext300k,3,4,50,eval_bank50_mode,success,mode,cluster:robomimic,/cluster/tufts/shortlab/jstale02/robomimic_runs/rlpd/rlpd_MG200s_ext300k_s3/eval_bank50_mode/metrics.json
robo_rlpd_mg200s_3x,machine,MG200s_ext300k,4,24,50,eval_bank50_mode,success,mode,cluster:robomimic,/cluster/tufts/shortlab/jstale02/robomimic_runs/rlpd/rlpd_MG200s_ext300k_s4/eval_bank50_mode/metrics.json
robo_rlpd_mg200s_3x,machine,MG200s_ext300k,5,25,50,eval_bank50_mode,success,mode,cluster:robomimic,/cluster/tufts/shortlab/jstale02/robomimic_runs/rlpd/rlpd_MG200s_ext300k_s5/eval_bank50_mode/metrics.json
robo_rlpd_mg200s_3x,machine,MG200s_ext300k,6,12,50,eval_bank50_mode,success,mode,cluster:robomimic,/cluster/tufts/shortlab/jstale02/robomimic_runs/rlpd/rlpd_MG200s_ext300k_s6/eval_bank50_mode/metrics.json
robo_rlpd_mg200s_3x,machine,MG200s_ext300k,7,3,50,eval_bank50_mode,success,mode,cluster:robomimic,/cluster/tufts/shortlab/jstale02/robomimic_runs/rlpd/rlpd_MG200s_ext300k_s7/eval_bank50_mode/metrics.json
robo_dp,human,MH200,0,41,50,eval_bank50_sample,success,sample,cluster:robomimic,/cluster/tufts/shortlab/jstale02/robomimic_runs/dp/dp_MH200_s0/eval_bank50_sample/metrics.json
robo_dp,human,MH200,1,44,50,eval_bank50_sample,success,sample,cluster:robomimic,/cluster/tufts/shortlab/jstale02/robomimic_runs/dp/dp_MH200_s1/eval_bank50_sample/metrics.json
robo_dp,human,MH200,2,39,50,eval_bank50_sample,success,sample,cluster:robomimic,/cluster/tufts/shortlab/jstale02/robomimic_runs/dp/dp_MH200_s2/eval_bank50_sample/metrics.json
robo_dp,human,MH200,3,46,50,eval_bank50_sample,success,sample,cluster:robomimic,/cluster/tufts/shortlab/jstale02/robomimic_runs/dp/dp_MH200_s3/eval_bank50_sample/metrics.json
robo_dp,human,MH200,4,45,50,eval_bank50_sample,success,sample,cluster:robomimic,/cluster/tufts/shortlab/jstale02/robomimic_runs/dp/dp_MH200_s4/eval_bank50_sample/metrics.json
robo_dp,human,MH200,5,42,50,eval_bank50_sample,success,sample,cluster:robomimic,/cluster/tufts/shortlab/jstale02/robomimic_runs/dp/dp_MH200_s5/eval_bank50_sample/metrics.json
robo_dp,human,MH200,6,43,50,eval_bank50_sample,success,sample,cluster:robomimic,/cluster/tufts/shortlab/jstale02/robomimic_runs/dp/dp_MH200_s6/eval_bank50_sample/metrics.json
robo_dp,human,MH200,7,45,50,eval_bank50_sample,success,sample,cluster:robomimic,/cluster/tufts/shortlab/jstale02/robomimic_runs/dp/dp_MH200_s7/eval_bank50_sample/metrics.json
robo_dp,machine,MG200s,0,6,50,eval_bank50_sample,success,sample,cluster:robomimic,/cluster/tufts/shortlab/jstale02/robomimic_runs/dp/dp_MG200s_s0/eval_bank50_sample/metrics.json
robo_dp,machine,MG200s,1,1,50,eval_bank50_sample,success,sample,cluster:robomimic,/cluster/tufts/shortlab/jstale02/robomimic_runs/dp/dp_MG200s_s1/eval_bank50_sample/metrics.json
robo_dp,machine,MG200s,2,8,50,eval_bank50_sample,success,sample,cluster:robomimic,/cluster/tufts/shortlab/jstale02/robomimic_runs/dp/dp_MG200s_s2/eval_bank50_sample/metrics.json
robo_dp,machine,MG200s,3,2,50,eval_bank50_sample,success,sample,cluster:robomimic,/cluster/tufts/shortlab/jstale02/robomimic_runs/dp/dp_MG200s_s3/eval_bank50_sample/metrics.json
robo_dp,machine,MG200s,4,4,50,eval_bank50_sample,success,sample,cluster:robomimic,/cluster/tufts/shortlab/jstale02/robomimic_runs/dp/dp_MG200s_s4/eval_bank50_sample/metrics.json
robo_dp,machine,MG200s,5,6,50,eval_bank50_sample,success,sample,cluster:robomimic,/cluster/tufts/shortlab/jstale02/robomimic_runs/dp/dp_MG200s_s5/eval_bank50_sample/metrics.json
robo_dp,machine,MG200s,6,6,50,eval_bank50_sample,success,sample,cluster:robomimic,/cluster/tufts/shortlab/jstale02/robomimic_runs/dp/dp_MG200s_s6/eval_bank50_sample/metrics.json
robo_dp,machine,MG200s,7,5,50,eval_bank50_sample,success,sample,cluster:robomimic,/cluster/tufts/shortlab/jstale02/robomimic_runs/dp/dp_MG200s_s7/eval_bank50_sample/metrics.json
robo_bcrnn_mh,human,MH200,0,49,50,eval_bank50,success,mode,cluster:robomimic,/cluster/tufts/shortlab/jstale02/robomimic_runs/bcrnn/bcrnn_MH200_s0/eval_bank50/metrics.json
robo_bcrnn_mh,human,MH200,1,45,50,eval_bank50,success,mode,cluster:robomimic,/cluster/tufts/shortlab/jstale02/robomimic_runs/bcrnn/bcrnn_MH200_s1/eval_bank50/metrics.json
robo_bcrnn_mh,human,MH200,2,45,50,eval_bank50,success,mode,cluster:robomimic,/cluster/tufts/shortlab/jstale02/robomimic_runs/bcrnn/bcrnn_MH200_s2/eval_bank50/metrics.json
robo_bcrnn_mh,machine,MG200s,0,22,50,eval_bank50,success,mode,cluster:robomimic,/cluster/tufts/shortlab/jstale02/robomimic_runs/bcrnn/bcrnn_MG200s_s0/eval_bank50/metrics.json
robo_bcrnn_mh,machine,MG200s,1,14,50,eval_bank50,success,mode,cluster:robomimic,/cluster/tufts/shortlab/jstale02/robomimic_runs/bcrnn/bcrnn_MG200s_s1/eval_bank50/metrics.json
robo_bcrnn_mh,machine,MG200s,2,23,50,eval_bank50,success,mode,cluster:robomimic,/cluster/tufts/shortlab/jstale02/robomimic_runs/bcrnn/bcrnn_MG200s_s2/eval_bank50/metrics.json
robo_bcrnn_ph,human,PH200,0,46,50,eval_bank50,success,mode,cluster:robomimic,/cluster/tufts/shortlab/jstale02/robomimic_runs/bcrnn/bcrnn_PH200_s0/eval_bank50/metrics.json
robo_bcrnn_ph,human,PH200,1,46,50,eval_bank50,success,mode,cluster:robomimic,/cluster/tufts/shortlab/jstale02/robomimic_runs/bcrnn/bcrnn_PH200_s1/eval_bank50/metrics.json
robo_bcrnn_ph,human,PH200,2,46,50,eval_bank50,success,mode,cluster:robomimic,/cluster/tufts/shortlab/jstale02/robomimic_runs/bcrnn/bcrnn_PH200_s2/eval_bank50/metrics.json
robo_bcrnn_ph,machine,MG200s,0,22,50,eval_bank50,success,mode,cluster:robomimic,/cluster/tufts/shortlab/jstale02/robomimic_runs/bcrnn/bcrnn_MG200s_s0/eval_bank50/metrics.json
robo_bcrnn_ph,machine,MG200s,1,14,50,eval_bank50,success,mode,cluster:robomimic,/cluster/tufts/shortlab/jstale02/robomimic_runs/bcrnn/bcrnn_MG200s_s1/eval_bank50/metrics.json
robo_bcrnn_ph,machine,MG200s,2,23,50,eval_bank50,success,mode,cluster:robomimic,/cluster/tufts/shortlab/jstale02/robomimic_runs/bcrnn/bcrnn_MG200s_s2/eval_bank50/metrics.json
robo_r2d,human,MH200,0,0,50,eval_bank50_mode,success,mode,cluster:robomimic,/cluster/tufts/shortlab/jstale02/robomimic_runs/r2d/r2d_MH200_s0/eval_bank50_mode/metrics.json
robo_r2d,human,MH200,1,0,50,eval_bank50_mode,success,mode,cluster:robomimic,/cluster/tufts/shortlab/jstale02/robomimic_runs/r2d/r2d_MH200_s1/eval_bank50_mode/metrics.json
robo_r2d,human,MH200,2,0,50,eval_bank50_mode,success,mode,cluster:robomimic,/cluster/tufts/shortlab/jstale02/robomimic_runs/r2d/r2d_MH200_s2/eval_bank50_mode/metrics.json
robo_r2d,human,MH200,3,0,50,eval_bank50_mode,success,mode,cluster:robomimic,/cluster/tufts/shortlab/jstale02/robomimic_runs/r2d/r2d_MH200_s3/eval_bank50_mode/metrics.json
robo_r2d,human,MH200,4,0,50,eval_bank50_mode,success,mode,cluster:robomimic,/cluster/tufts/shortlab/jstale02/robomimic_runs/r2d/r2d_MH200_s4/eval_bank50_mode/metrics.json
robo_r2d,human,MH200,5,0,50,eval_bank50_mode,success,mode,cluster:robomimic,/cluster/tufts/shortlab/jstale02/robomimic_runs/r2d/r2d_MH200_s5/eval_bank50_mode/metrics.json
robo_r2d,human,MH200,6,0,50,eval_bank50_mode,success,mode,cluster:robomimic,/cluster/tufts/shortlab/jstale02/robomimic_runs/r2d/r2d_MH200_s6/eval_bank50_mode/metrics.json
robo_r2d,human,MH200,7,0,50,eval_bank50_mode,success,mode,cluster:robomimic,/cluster/tufts/shortlab/jstale02/robomimic_runs/r2d/r2d_MH200_s7/eval_bank50_mode/metrics.json
robo_r2d,machine,MG200s,0,0,50,eval_bank50_mode,success,mode,cluster:robomimic,/cluster/tufts/shortlab/jstale02/robomimic_runs/r2d/r2d_MG200s_s0/eval_bank50_mode/metrics.json
robo_r2d,machine,MG200s,1,0,50,eval_bank50_mode,success,mode,cluster:robomimic,/cluster/tufts/shortlab/jstale02/robomimic_runs/r2d/r2d_MG200s_s1/eval_bank50_mode/metrics.json
robo_r2d,machine,MG200s,2,0,50,eval_bank50_mode,success,mode,cluster:robomimic,/cluster/tufts/shortlab/jstale02/robomimic_runs/r2d/r2d_MG200s_s2/eval_bank50_mode/metrics.json
robo_r2d,machine,MG200s,3,0,50,eval_bank50_mode,success,mode,cluster:robomimic,/cluster/tufts/shortlab/jstale02/robomimic_runs/r2d/r2d_MG200s_s3/eval_bank50_mode/metrics.json
robo_r2d,machine,MG200s,4,1,50,eval_bank50_mode,success,mode,cluster:robomimic,/cluster/tufts/shortlab/jstale02/robomimic_runs/r2d/r2d_MG200s_s4/eval_bank50_mode/metrics.json
robo_r2d,machine,MG200s,5,0,50,eval_bank50_mode,success,mode,cluster:robomimic,/cluster/tufts/shortlab/jstale02/robomimic_runs/r2d/r2d_MG200s_s5/eval_bank50_mode/metrics.json
robo_r2d,machine,MG200s,6,0,50,eval_bank50_mode,success,mode,cluster:robomimic,/cluster/tufts/shortlab/jstale02/robomimic_runs/r2d/r2d_MG200s_s6/eval_bank50_mode/metrics.json
robo_r2d,machine,MG200s,7,0,50,eval_bank50_mode,success,mode,cluster:robomimic,/cluster/tufts/shortlab/jstale02/robomimic_runs/r2d/r2d_MG200s_s7/eval_bank50_mode/metrics.json
robo_rlpd_nodemo,human,MH200,0,27,50,eval_bank50_mode,success,mode,cluster:robomimic,/cluster/tufts/shortlab/jstale02/robomimic_runs/rlpd/rlpd_MH200_s0/eval_bank50_mode/metrics.json
robo_rlpd_nodemo,human,MH200,1,44,50,eval_bank50_mode,success,mode,cluster:robomimic,/cluster/tufts/shortlab/jstale02/robomimic_runs/rlpd/rlpd_MH200_s1/eval_bank50_mode/metrics.json
robo_rlpd_nodemo,human,MH200,2,30,50,eval_bank50_mode,success,mode,cluster:robomimic,/cluster/tufts/shortlab/jstale02/robomimic_runs/rlpd/rlpd_MH200_s2/eval_bank50_mode/metrics.json
robo_rlpd_nodemo,human,MH200,3,1,50,eval_bank50_mode,success,mode,cluster:robomimic,/cluster/tufts/shortlab/jstale02/robomimic_runs/rlpd/rlpd_MH200_s3/eval_bank50_mode/metrics.json
robo_rlpd_nodemo,human,MH200,4,20,50,eval_bank50_mode,success,mode,cluster:robomimic,/cluster/tufts/shortlab/jstale02/robomimic_runs/rlpd/rlpd_MH200_s4/eval_bank50_mode/metrics.json
robo_rlpd_nodemo,human,MH200,5,9,50,eval_bank50_mode,success,mode,cluster:robomimic,/cluster/tufts/shortlab/jstale02/robomimic_runs/rlpd/rlpd_MH200_s5/eval_bank50_mode/metrics.json
robo_rlpd_nodemo,human,MH200,6,24,50,eval_bank50_mode,success,mode,cluster:robomimic,/cluster/tufts/shortlab/jstale02/robomimic_runs/rlpd/rlpd_MH200_s6/eval_bank50_mode/metrics.json
robo_rlpd_nodemo,human,MH200,7,27,50,eval_bank50_mode,success,mode,cluster:robomimic,/cluster/tufts/shortlab/jstale02/robomimic_runs/rlpd/rlpd_MH200_s7/eval_bank50_mode/metrics.json
robo_rlpd_nodemo,machine,none,0,0,50,eval_bank50_mode,success,mode,cluster:robomimic,/cluster/tufts/shortlab/jstale02/robomimic_runs/rlpd/rlpd_none_s0/eval_bank50_mode/metrics.json
robo_rlpd_nodemo,machine,none,1,0,50,eval_bank50_mode,success,mode,cluster:robomimic,/cluster/tufts/shortlab/jstale02/robomimic_runs/rlpd/rlpd_none_s1/eval_bank50_mode/metrics.json
robo_rlpd_nodemo,machine,none,2,0,50,eval_bank50_mode,success,mode,cluster:robomimic,/cluster/tufts/shortlab/jstale02/robomimic_runs/rlpd/rlpd_none_s2/eval_bank50_mode/metrics.json
robo_rlpd_nodemo,machine,none,3,0,50,eval_bank50_mode,success,mode,cluster:robomimic,/cluster/tufts/shortlab/jstale02/robomimic_runs/rlpd/rlpd_none_s3/eval_bank50_mode/metrics.json
robo_rlpd_nodemo,machine,none,4,0,50,eval_bank50_mode,success,mode,cluster:robomimic,/cluster/tufts/shortlab/jstale02/robomimic_runs/rlpd/rlpd_none_s4/eval_bank50_mode/metrics.json
robo_rlpd_nodemo,machine,none,5,0,50,eval_bank50_mode,success,mode,cluster:robomimic,/cluster/tufts/shortlab/jstale02/robomimic_runs/rlpd/rlpd_none_s5/eval_bank50_mode/metrics.json
robo_rlpd_nodemo,machine,none,6,0,50,eval_bank50_mode,success,mode,cluster:robomimic,/cluster/tufts/shortlab/jstale02/robomimic_runs/rlpd/rlpd_none_s6/eval_bank50_mode/metrics.json
robo_rlpd_nodemo,machine,none,7,0,50,eval_bank50_mode,success,mode,cluster:robomimic,/cluster/tufts/shortlab/jstale02/robomimic_runs/rlpd/rlpd_none_s7/eval_bank50_mode/metrics.json
