step,picked,placed_v2,farside,slide_event,home,nested_v2,tipped
7200,0,0,0,0,0,0,0
7201,0,0,0,0,0,0,0
7202,0,0,0,0,0,0,0
7203,0,0,0,0,0,0,0
7204,0,0,0,0,0,0,0
7205,0,0,0,0,0,0,0
7229,0,0,0,0,0,0,1
7750,0,0,0,0,0,0,1
14392,0,0,0,0,0,0,0
14393,0,0,0,0,0,0,0
14395,0,0,0,0,0,0,0
14396,0,0,0,0,0,0,0
14429,0,0,0,0,0,0,0
14950,0,0,0,0,0,0,0
18545,0,0,0,0,0,0,1
18927,0,0,0,0,0,0,1
21584,0,0,0,0,0,0,0
21588,0,0,0,0,0,0,0
21629,0,0,0,0,0,0,0
22150,0,0,0,0,0,0,0
25745,0,0,0,0,0,0,0
25789,0,0,0,0,0,0,1
26123,0,0,0,0,0,0,0
26167,0,0,0,0,0,0,1
28776,0,0,0,0,0,0,0
28780,0,0,0,0,0,0,0
28821,0,0,0,0,0,0,0
29342,0,0,0,0,0,0,0
31161,0,0,0,0,0,0,1
32553,0,0,0,0,0,0,1
33363,0,0,0,0,0,0,0
35972,0,0,0,0,0,0,0
35976,0,0,0,0,0,0,0
36012,0,0,0,0,0,0,1
36538,0,0,0,0,0,0,0
36607,0,0,0,0,0,0,1
37107,0,0,0,0,0,0,1
38349,0,0,0,0,0,0,0
39741,0,0,0,0,0,0,0
43168,0,0,0,0,0,0,0
43208,0,0,0,0,0,0,0
43734,0,0,0,0,0,0,0
44307,0,0,0,0,0,0,0
45215,0,0,0,0,0,0,1
45545,0,0,0,0,0,0,0
46937,0,0,0,0,0,0,0
48781,0,0,0,0,0,0,1
48821,0,0,0,0,0,0,1
50356,0,0,0,0,0,0,0
50396,0,0,0,0,0,0,0
50922,0,0,0,0,0,0,0
52407,0,0,0,0,0,0,0
53004,0,0,0,0,0,0,1
53455,0,0,0,0,0,0,1
55973,0,0,0,0,0,0,0
56013,0,0,0,0,0,0,0
57592,0,0,0,0,0,0,0
58118,0,0,0,0,0,0,0
60204,0,0,0,0,0,0,0
60655,0,0,0,0,0,0,0
63173,0,0,0,0,0,0,0
63213,0,0,0,0,0,0,0
64792,0,0,0,0,0,0,0
65318,0,0,0,0,0,0,0
67404,0,0,0,0,0,0,0
67855,0,0,0,0,0,0,0
70373,0,0,0,0,0,0,0
70413,0,0,0,0,0,0,0
71992,0,0,0,0,0,0,0
72518,0,0,0,0,0,0,0
73644,0,0,0,0,0,0,1
75055,0,0,0,0,0,0,0
76252,0,0,0,0,0,0,1
77569,0,0,0,0,0,0,0
77609,0,0,0,0,0,0,0
79188,0,0,0,0,0,0,0
79714,0,0,0,0,0,0,0
82255,0,0,0,0,0,0,0
83452,0,0,0,0,0,0,0
84769,0,0,0,0,0,0,0
84809,0,0,0,0,0,0,0
84952,0,0,0,0,0,0,1
86384,0,0,0,0,0,0,0
86910,0,0,0,0,0,0,0
89451,0,0,0,0,0,0,0
89733,0,0,0,0,0,0,1
91965,0,0,0,0,0,0,0
92152,0,0,0,0,0,0,0
93584,0,0,0,0,0,0,0
94110,0,0,0,0,0,0,0
96651,0,0,0,0,0,0,0
96933,0,0,0,0,0,0,0
98753,0,0,0,0,0,0,1
99161,0,0,0,0,0,0,0
99348,0,0,0,0,0,0,0
99846,0,0,0,0,0,0,1
99890,0,0,0,0,0,0,1
100772,0,0,0,0,0,0,0
101634,0,0,0,0,0,0,1
102590,0,0,0,0,0,0,1
103835,0,0,0,0,0,0,0
105941,0,0,0,0,0,0,0
106349,0,0,0,0,0,0,0
106536,0,0,0,0,0,0,0
106893,0,0,0,0,0,0,1
107964,0,0,0,0,0,0,0
109786,0,0,0,0,0,0,0
111031,0,0,0,0,0,0,0
113137,0,0,0,0,0,0,0
113736,0,0,0,0,0,0,0
114093,0,0,0,0,0,0,0
115164,0,0,0,0,0,0,0
116986,0,0,0,0,0,0,0
118015,0,0,0,0,0,0,1
118156,0,0,0,0,0,0,1
120333,0,0,0,0,0,0,0
121293,0,0,0,0,0,0,0
122364,0,0,0,0,0,0,0
124186,0,0,0,0,0,0,0
125215,0,0,0,0,0,0,0
125356,0,0,0,0,0,0,0
126431,0,0,0,0,0,0,1
127529,0,0,0,0,0,0,0
128489,0,0,0,0,0,0,0
129560,0,0,0,0,0,0,0
129989,0,0,0,0,0,0,1
131378,0,0,0,0,0,0,0
132552,0,0,0,0,0,0,0
133627,0,0,0,0,0,0,0
133960,0,0,0,0,0,0,1
134461,0,0,0,0,0,0,1
136756,0,0,0,0,0,0,0
137185,0,0,0,0,0,0,0
138574,0,0,0,0,0,0,0
140827,0,0,0,0,0,0,0
141160,0,0,0,0,0,0,0
141661,0,0,0,0,0,0,0
143956,0,0,0,0,0,0,0
144385,0,0,0,0,0,0,0
145774,0,0,0,0,0,0,0
148027,0,0,0,0,0,0,0
148360,0,0,0,0,0,0,0
148861,0,0,0,0,0,0,0
151156,0,0,0,0,0,0,0
151585,0,0,0,0,0,0,0
152974,0,0,0,0,0,0,0
153018,0,0,0,0,0,0,1
155223,0,0,0,0,0,0,0
155556,0,0,0,0,0,0,0
156057,0,0,0,0,0,0,0
156964,1,0,0,0,0,0,1
158348,0,0,0,0,0,0,0
158777,0,0,0,0,0,0,0
158821,0,0,0,0,0,0,1
160210,0,0,0,0,0,0,0
162415,0,0,0,0,0,0,0
162459,0,0,0,0,0,0,1
163249,0,0,0,0,0,0,0
164156,0,0,0,0,0,0,0
165540,0,0,0,0,0,0,0
166017,0,0,0,0,0,0,0
167406,0,0,0,0,0,0,0
169659,0,0,0,0,0,0,0
170449,0,0,0,0,0,0,0
171356,0,0,0,0,0,0,0
172740,0,0,0,0,0,0,0
173217,0,0,0,0,0,0,0
174172,0,0,0,0,0,0,1
174602,0,0,0,0,0,0,0
176855,0,0,0,0,0,0,0
177645,0,0,0,0,0,0,0
178552,0,0,0,0,0,0,0
180417,0,0,0,0,0,0,0
181372,0,0,0,0,0,0,0
181802,0,0,0,0,0,0,0
184055,0,0,0,0,0,0,0
184845,0,0,0,0,0,0,0
185513,0,0,0,0,0,0,1
185748,0,0,0,0,0,0,0
186705,1,0,0,0,0,0,1
186963,1,0,0,0,0,0,1
187605,0,0,0,0,0,0,0
188560,0,0,0,0,0,0,0
188990,0,0,0,0,0,0,0
192682,0,0,0,0,0,0,1
192944,0,0,0,0,0,0,0
193901,0,0,0,0,0,0,0
194159,0,0,0,0,0,0,0
194801,0,0,0,0,0,0,0
195756,0,0,0,0,0,0,0
199882,0,0,0,0,0,0,0
200144,0,0,0,0,0,0,0
201101,0,0,0,0,0,0,0
201145,0,0,0,0,0,0,1
201355,0,0,0,0,0,0,0
201997,0,0,0,0,0,0,0
202114,0,0,0,0,0,0,1
202948,0,0,0,0,0,0,0
203187,0,0,0,0,0,0,1
205631,0,0,0,0,0,0,1
207332,0,0,0,0,0,0,0
208337,0,0,0,0,0,0,0
208381,0,0,0,0,0,0,1
209189,0,0,0,0,0,0,0
209306,0,0,0,0,0,0,0
210140,0,0,0,0,0,0,0
212827,0,0,0,0,0,0,0
214528,0,0,0,0,0,0,0
215581,0,0,0,0,0,0,0
216389,0,0,0,0,0,0,0
216506,0,0,0,0,0,0,0
217340,0,0,0,0,0,0,0
220027,0,0,0,0,0,0,0
220237,0,0,0,0,0,0,1
220285,0,0,0,0,0,0,1
220564,0,0,0,0,0,0,1
220608,0,0,0,0,0,0,1
221712,0,0,0,0,0,0,0
223698,0,0,0,0,0,0,0
224990,0,0,0,0,0,0,1
227219,0,0,0,0,0,0,0
227429,0,0,0,0,0,0,0
227477,0,0,0,0,0,0,0
227639,0,0,0,0,0,0,1
227800,0,0,0,0,0,0,0
228904,0,0,0,0,0,0,0
230481,0,0,0,0,0,0,1
230600,0,0,0,0,0,0,1
232178,0,0,0,0,0,0,0
234673,0,0,0,0,0,0,0
234835,0,0,0,0,0,0,0
234996,0,0,0,0,0,0,0
237681,0,0,0,0,0,0,0
237800,0,0,0,0,0,0,0
239260,0,0,0,0,0,0,1
239374,0,0,0,0,0,0,0
241869,0,0,0,0,0,0,0
242031,0,0,0,0,0,0,0
242192,0,0,0,0,0,0,0
242358,0,0,0,0,0,0,1
244873,0,0,0,0,0,0,0
245353,0,0,0,0,0,0,1
246045,0,0,0,0,0,0,1
246448,0,0,0,0,0,0,0
249227,0,0,0,0,0,0,0
249388,0,0,0,0,0,0,0
249554,0,0,0,0,0,0,0
250293,0,0,0,0,0,0,1
250337,0,0,0,0,0,0,1
253241,0,0,0,0,0,0,0
253285,0,0,0,0,0,0,1
253372,0,0,0,0,0,0,1
253636,0,0,0,0,0,0,0
254926,0,0,0,0,0,0,1
255045,1,0,0,0,0,0,1
256407,0,0,0,0,0,0,0
256546,0,0,0,0,0,0,1
256736,0,0,0,0,0,0,1
257521,0,0,0,0,0,0,0
260564,0,0,0,0,0,0,0
262245,0,0,0,0,0,0,0
263607,0,0,0,0,0,0,0
263746,0,0,0,0,0,0,0
263936,0,0,0,0,0,0,0
264721,0,0,0,0,0,0,0
267764,0,0,0,0,0,0,0
269445,0,0,0,0,0,0,0
270807,0,0,0,0,0,0,0
270946,0,0,0,0,0,0,0
271136,0,0,0,0,0,0,0
271921,0,0,0,0,0,0,0
274964,0,0,0,0,0,0,0
276645,0,0,0,0,0,0,0
277572,0,0,0,0,0,0,1
278003,0,0,0,0,0,0,0
278142,0,0,0,0,0,0,0
278332,0,0,0,0,0,0,0
278376,0,0,0,0,0,0,1
278969,1,0,0,0,0,0,1
283841,0,0,0,0,0,0,0
284768,0,0,0,0,0,0,0
285199,0,0,0,0,0,0,0
285338,0,0,0,0,0,0,0
285576,0,0,0,0,0,0,0
286169,0,0,0,0,0,0,0
291041,0,0,0,0,0,0,0
291968,0,0,0,0,0,0,0
292399,0,0,0,0,0,0,0
292538,0,0,0,0,0,0,0
292776,0,0,0,0,0,0,0
293369,0,0,0,0,0,0,0
295335,0,0,0,0,0,0,1
296265,1,0,0,0,0,0,1
296625,1,0,0,0,0,0,1
297699,0,0,0,0,0,0,1
297817,0,0,0,0,0,0,1
299152,0,0,0,0,0,0,0
299726,0,0,0,0,0,0,0
299964,0,0,0,0,0,0,0
303461,0,0,0,0,0,0,0
304899,0,0,0,0,0,0,0
305017,0,0,0,0,0,0,0
306352,0,0,0,0,0,0,0
306422,0,0,0,0,0,0,1
307164,0,0,0,0,0,0,0
310661,0,0,0,0,0,0,0
311020,0,0,0,0,0,0,1
312095,0,0,0,0,0,0,0
312116,0,0,0,0,0,0,1
312209,0,0,0,0,0,0,0
312705,0,0,0,0,0,0,1
313540,0,0,0,0,0,0,0
313610,0,0,0,0,0,0,0
317060,1,0,0,0,0,0,1
317373,0,0,0,0,0,0,1
317533,0,0,0,0,0,0,1
317797,0,0,0,0,0,0,1
319136,0,0,0,0,0,0,1
319275,0,0,0,0,0,0,0
320806,0,0,0,0,0,0,0
321379,1,0,0,0,0,0,1
324252,0,0,0,0,0,0,0
324729,0,0,0,0,0,0,0
324993,0,0,0,0,0,0,0
326332,0,0,0,0,0,0,0
327024,0,0,0,0,0,0,1
328002,0,0,0,0,0,0,0
328575,0,0,0,0,0,0,0
329531,0,0,0,0,0,0,1
331444,0,0,0,0,0,0,0
331921,0,0,0,0,0,0,0
332185,0,0,0,0,0,0,0
334220,0,0,0,0,0,0,0
334289,0,0,0,0,0,0,1
335194,0,0,0,0,0,0,0
336727,0,0,0,0,0,0,0
337058,0,0,0,0,0,0,1
338636,0,0,0,0,0,0,0
339113,0,0,0,0,0,0,0
341416,0,0,0,0,0,0,0
341485,0,0,0,0,0,0,0
342056,0,0,0,0,0,0,1
343923,0,0,0,0,0,0,0
344254,0,0,0,0,0,0,0
345832,0,0,0,0,0,0,0
346309,0,0,0,0,0,0,0
348685,0,0,0,0,0,0,0
349256,0,0,0,0,0,0,0
349464,1,0,0,0,0,0,1
350518,0,0,0,0,0,0,1
351066,0,0,0,0,0,0,1
351111,0,0,0,0,0,0,0
353505,0,0,0,0,0,0,0
354558,0,0,0,0,0,0,1
355877,0,0,0,0,0,0,0
356448,0,0,0,0,0,0,0
356656,0,0,0,0,0,0,0
358311,0,0,0,0,0,0,0
360705,0,0,0,0,0,0,0
361758,0,0,0,0,0,0,0
363077,0,0,0,0,0,0,0
363648,0,0,0,0,0,0,0
363856,0,0,0,0,0,0,0
364936,0,0,0,0,0,0,1
365507,0,0,0,0,0,0,0
367901,0,0,0,0,0,0,0
368954,0,0,0,0,0,0,0
370273,0,0,0,0,0,0,0
371056,0,0,0,0,0,0,0
372136,0,0,0,0,0,0,0
372707,0,0,0,0,0,0,0
375101,0,0,0,0,0,0,0
376154,0,0,0,0,0,0,0
376748,0,0,0,0,0,0,1
376963,0,0,0,0,0,0,1
377009,0,0,0,0,0,0,1
378227,0,0,0,0,0,0,1
379328,0,0,0,0,0,0,0
382297,0,0,0,0,0,0,0
382820,0,0,0,0,0,0,1
383346,0,0,0,0,0,0,0
384209,0,0,0,0,0,0,0
385427,0,0,0,0,0,0,0
385876,0,0,0,0,0,0,1
385948,0,0,0,0,0,0,1
387768,1,0,0,0,0,0,1
388360,0,0,0,0,0,0,1
388933,0,0,0,0,0,0,1
388976,0,0,0,0,0,0,1
390369,0,0,0,0,0,0,1
390530,0,0,0,0,0,0,0
392615,0,0,0,0,0,0,0
394964,0,0,0,0,0,0,0
396133,0,0,0,0,0,0,0
396176,0,0,0,0,0,0,0
397569,0,0,0,0,0,0,0
397730,0,0,0,0,0,0,0
399815,0,0,0,0,0,0,0
402164,0,0,0,0,0,0,0
403333,0,0,0,0,0,0,0
403376,0,0,0,0,0,0,0
404769,0,0,0,0,0,0,0
404930,0,0,0,0,0,0,0
407015,0,0,0,0,0,0,0
409364,0,0,0,0,0,0,0
410533,0,0,0,0,0,0,0
410576,0,0,0,0,0,0,0
411388,0,0,0,0,0,0,1
411965,0,0,0,0,0,0,0
412126,0,0,0,0,0,0,0
414211,0,0,0,0,0,0,0
414833,0,0,0,0,0,0,1
416556,0,0,0,0,0,0,0
417725,0,0,0,0,0,0,0
418584,0,0,0,0,0,0,0
419326,0,0,0,0,0,0,0
421411,1,0,0,0,0,0,0
422033,0,0,0,0,0,0,0
423756,0,0,0,0,0,0,0
424925,0,0,0,0,0,0,0
425784,0,0,0,0,0,0,0
426384,1,0,0,0,0,0,1
426522,0,0,0,0,0,0,0
427956,1,0,0,0,0,0,1
428603,0,0,0,0,0,0,0
429225,0,0,0,0,0,0,0
432121,0,0,0,0,0,0,0
432432,0,0,0,0,0,0,1
433722,0,0,0,0,0,0,0
434918,1,0,0,0,0,0,1
434941,0,0,0,0,0,0,1
435079,1,0,0,0,0,0,1
435080,0,0,0,0,0,0,1
435140,0,0,0,0,0,0,0
436744,0,0,0,0,0,0,1
436864,0,0,0,0,0,0,1
437866,0,0,0,0,0,0,1
438004,0,0,0,0,0,0,1
439297,0,0,0,0,0,0,0
439341,0,0,0,0,0,0,1
439936,1,0,0,0,0,0,1
439959,1,0,0,0,0,0,1
442117,0,0,0,0,0,0,0
444056,0,0,0,0,0,0,0
445058,0,0,0,0,0,0,0
446541,0,0,0,0,0,0,0
447136,0,0,0,0,0,0,0
447159,0,0,0,0,0,0,0
448426,0,0,0,0,0,0,1
449313,0,0,0,0,0,0,0
451252,0,0,0,0,0,0,0
451365,1,0,0,0,0,0,1
452176,0,0,0,0,0,0,1
452295,1,0,0,0,0,0,1
452795,0,0,0,0,0,0,1
454736,0,0,0,0,0,0,1
455618,0,0,0,0,0,0,0
456505,0,0,0,0,0,0,0
458561,0,0,0,0,0,0,0
459372,0,0,0,0,0,0,0
459995,0,0,0,0,0,0,0
461936,0,0,0,0,0,0,0
462818,0,0,0,0,0,0,0
463560,0,0,0,0,0,0,1
463701,0,0,0,0,0,0,0
465757,0,0,0,0,0,0,0
466568,0,0,0,0,0,0,0
467191,0,0,0,0,0,0,0
467281,1,0,0,0,0,0,1
470014,0,0,0,0,0,0,0
470756,0,0,0,0,0,0,0
470800,0,0,0,0,0,0,1
470893,0,0,0,0,0,0,0
472086,1,0,0,0,0,0,1
472613,0,0,0,0,0,0,1
473180,0,0,0,0,0,0,1
474379,0,0,0,0,0,0,0
474469,0,0,0,0,0,0,0
477729,1,0,0,0,0,0,1
477748,1,0,0,0,0,0,1
477988,0,0,0,0,0,0,0
479278,1,0,0,0,0,0,0
479805,0,0,0,0,0,0,0
480108,1,0,0,0,0,0,1
481571,0,0,0,0,0,0,0
481686,0,0,0,0,0,0,1
482427,0,0,0,0,0,0,1
484917,1,0,0,0,0,0,0
485180,1,0,0,0,0,0,0
487001,0,0,0,0,0,0,0
487304,0,0,0,0,0,0,0
488597,0,0,0,0,0,0,1
488882,0,0,0,0,0,0,0
489623,0,0,0,0,0,0,0
489857,0,0,0,0,0,0,1
491173,0,0,0,0,0,0,1
492372,0,0,0,0,0,0,0
494193,0,0,0,0,0,0,0
494496,0,0,0,0,0,0,0
495407,0,0,0,0,0,0,1
496074,0,0,0,0,0,0,0
496528,1,0,0,0,0,0,1
496572,0,0,0,0,0,0,1
498365,0,0,0,0,0,0,0
500956,1,0,0,0,0,0,1
501237,1,0,0,0,0,0,1
501381,1,1,0,0,0,0,0
501684,0,0,0,0,0,0,0
502595,0,0,0,0,0,0,0
503262,0,0,0,0,0,0,0
503908,0,0,0,0,0,0,1
504500,1,0,0,0,0,0,1
504932,0,0,0,0,0,0,1
506053,1,0,0,0,0,0,1
506170,1,0,0,0,0,0,1
507921,0,0,0,0,0,0,1
509787,0,0,0,0,0,0,0
511700,0,0,0,0,0,0,0
512132,0,0,0,0,0,0,0
513253,0,0,0,0,0,0,0
513370,0,0,0,0,0,0,0
515121,1,0,0,0,0,0,0
516987,0,0,0,0,0,0,0
517749,1,0,0,0,0,0,1
518421,1,0,0,0,0,0,1
518892,0,0,0,0,0,0,0
519324,0,0,0,0,0,0,0
520566,0,0,0,0,0,0,0
521594,0,0,0,0,0,0,1
524183,0,0,0,0,0,0,0
524945,1,0,0,0,0,0,0
525617,0,0,0,0,0,0,0
526088,0,0,0,0,0,0,0
526520,0,0,0,0,0,0,0
526781,1,0,0,0,0,0,1
528241,0,0,0,0,0,0,1
528786,0,0,0,0,0,0,0
531375,0,0,0,0,0,0,0
532137,0,0,0,0,0,0,0
533284,0,0,0,0,0,0,0
533716,0,0,0,0,0,0,0
535441,0,0,0,0,0,0,0
535986,0,0,0,0,0,0,0
538575,0,0,0,0,0,0,0
539337,0,0,0,0,0,0,0
540484,0,0,0,0,0,0,0
540916,0,0,0,0,0,0,0
542641,0,0,0,0,0,0,0
543186,0,0,0,0,0,0,0
544525,1,0,0,0,0,0,1
545771,0,0,0,0,0,0,0
547684,0,0,0,0,0,0,0
548116,0,0,0,0,0,0,0
548327,0,0,0,0,0,0,1
548394,1,0,0,0,0,0,1
549833,0,0,0,0,0,0,0
551721,0,0,0,0,0,0,0
552153,0,0,0,0,0,0,1
554880,0,0,0,0,0,0,1
555312,0,0,0,0,0,0,0
555523,0,0,0,0,0,0,0
555590,1,0,0,0,0,0,0
555925,1,0,0,0,0,0,1
556567,1,0,0,0,0,0,1
557042,1,0,0,0,0,0,1
557180,1,0,0,0,0,0,1
557276,1,0,0,0,0,0,1
557823,0,0,0,0,0,0,1
558082,0,0,0,0,0,0,1
558849,1,0,0,0,0,0,1
558889,0,0,0,0,0,0,0
559677,0,0,0,0,0,0,1
564376,0,0,0,0,0,0,0
564472,0,0,0,0,0,0,0
565019,0,0,0,0,0,0,0
565278,0,0,0,0,0,0,0
566020,1,1,1,0,0,0,1
566041,0,0,0,0,0,0,0
566248,1,0,0,0,0,0,1
566869,1,1,1,0,0,1,0
567084,0,0,0,0,0,0,1
567438,1,0,0,0,0,0,1
568804,1,0,0,0,0,0,1
568942,0,0,0,0,0,0,1
569347,0,0,0,0,0,0,1
569486,0,0,0,0,0,0,1
569701,1,0,0,0,0,0,1
570461,1,0,0,0,0,0,1
571489,1,0,0,0,0,0,1
571703,0,0,0,0,0,0,1
572128,0,0,0,0,0,0,1
575992,0,0,0,0,0,0,0
576682,0,0,0,0,0,0,0
576897,0,0,0,0,0,0,0
578117,1,0,0,0,0,0,1
578685,0,0,0,0,0,0,0
578899,0,0,0,0,0,0,0
579324,0,0,0,0,0,0,0
579466,1,0,0,0,0,0,1
580543,0,0,0,0,0,0,1
581428,0,0,0,0,0,0,1
581733,0,0,0,0,0,0,1
581757,0,0,0,0,0,0,1
582229,0,0,0,0,0,0,1
582877,0,0,0,0,0,0,1
583468,0,0,0,0,0,0,1
583684,0,0,0,0,0,0,1
583869,1,0,0,0,0,0,1
585281,1,0,0,0,0,0,1
585352,1,0,0,0,0,0,1
585704,0,0,0,0,0,0,1
586638,0,0,0,0,0,0,0
586684,0,0,0,0,0,0,1
587711,0,0,0,0,0,0,0
588043,0,0,0,0,0,0,1
590057,0,0,0,0,0,0,0
592261,1,0,0,0,0,0,1
592469,1,0,0,0,0,0,0
592896,0,0,0,0,0,0,0
593830,0,0,0,0,0,0,0
593876,0,0,0,0,0,0,0
595239,0,0,0,0,0,0,0
599461,0,0,0,0,0,0,0
599669,0,0,0,0,0,0,0
600096,0,0,0,0,0,0,0
601030,0,0,0,0,0,0,0
601076,0,0,0,0,0,0,0
601550,0,0,0,0,0,0,1
602435,0,0,0,0,0,0,0
602598,0,0,0,0,0,0,1
604275,1,0,0,0,0,0,1
604702,0,0,0,0,0,0,1
605274,0,0,0,0,0,0,1
606641,0,0,0,0,0,0,0
606849,0,0,0,0,0,0,0
607276,1,0,0,0,0,0,0
608260,0,0,0,0,0,0,0
608473,0,0,0,0,0,0,1
609668,0,0,0,0,0,0,1
611416,1,0,0,0,0,0,1
611459,0,0,0,0,0,0,0
612462,0,0,0,0,0,0,0
613200,0,0,0,0,0,0,1
613439,0,0,0,0,0,0,1
614033,0,0,0,0,0,0,0
614966,1,0,0,0,0,0,1
614984,1,0,0,0,0,0,1
615657,0,0,0,0,0,0,0
615817,0,0,0,0,0,0,1
616294,1,0,0,0,0,0,1
617106,0,0,0,0,0,0,1
617201,0,0,0,0,0,0,1
618325,0,0,0,0,0,0,1
618584,0,0,0,0,0,0,0
618962,0,0,0,0,0,0,1
619680,0,0,0,0,0,0,1
620010,0,0,0,0,0,0,1
620033,1,0,0,0,0,0,1
620603,0,0,0,0,0,0,0
620718,0,0,0,0,0,0,1
621293,1,0,0,0,0,0,1
621648,0,0,0,0,0,0,1
621859,1,0,0,0,0,0,1
622140,0,0,0,0,0,0,0
622501,0,0,0,0,0,0,1
622973,1,0,0,0,0,0,0
623572,1,0,0,0,0,0,1
623615,0,0,0,0,0,0,1
624137,0,0,0,0,0,0,1
625933,1,0,0,0,0,0,1
626077,0,0,0,0,0,0,1
626288,1,0,0,0,0,0,1
627890,0,0,0,0,0,0,0
629324,0,0,0,0,0,0,0
630404,1,0,0,0,0,0,1
630807,1,0,0,0,0,0,0
631018,0,0,0,0,0,0,1
633125,0,0,0,0,0,0,0
633269,0,0,0,0,0,0,0
633358,1,0,0,0,0,0,1
633572,1,0,0,0,0,0,1
633615,1,0,0,0,0,0,1
635293,1,0,0,0,0,0,1
636270,1,0,0,0,0,0,1
636312,0,0,0,0,0,0,1
636647,0,0,0,0,0,0,1
636881,1,0,0,0,0,0,1
637528,1,0,0,0,0,0,1
638221,1,0,0,0,0,0,1
639700,1,0,0,0,0,0,1
639818,1,0,0,0,0,0,1
639861,1,0,0,0,0,0,1
640125,1,0,0,0,0,0,1
640620,1,0,0,0,0,0,1
641409,0,0,0,0,0,0,1
641959,1,0,0,0,0,0,1
642048,1,0,0,0,0,0,1
643052,1,0,0,0,0,0,1
643674,1,0,0,0,0,0,1
643718,0,0,0,0,0,0,1
644507,1,0,0,0,0,0,1
644696,1,0,0,0,0,0,0
645624,1,0,0,0,0,0,1
645720,0,0,0,0,0,0,1
646339,1,0,0,0,0,0,1
647272,1,0,0,0,0,0,1
647293,0,0,0,0,0,0,0
648031,0,0,0,0,0,0,1
648075,0,0,0,0,0,0,1
648142,1,0,0,0,0,0,1
648308,1,0,0,0,0,0,1
648565,0,0,0,0,0,0,0
649114,1,0,0,0,0,0,1
650309,0,0,0,0,0,0,1
650426,0,0,0,0,0,0,1
651960,0,0,0,0,0,0,1
652242,0,0,0,0,0,0,1
652481,1,0,0,0,0,0,1
652784,1,0,0,0,0,0,0
654438,0,0,0,0,0,0,1
655132,1,0,0,0,0,0,1
655247,0,0,0,0,0,0,0
655652,0,0,0,0,0,0,1
655670,1,0,0,0,0,0,1
657489,1,0,0,0,0,0,0
657607,1,0,0,0,0,0,1
658107,0,0,0,0,0,0,1
658988,1,0,0,0,0,0,1
659661,0,0,0,0,0,0,0
660661,1,0,0,0,0,0,1
660755,0,0,0,0,0,0,1
661660,0,0,0,0,0,0,1
662019,1,0,0,0,0,0,1
662807,0,0,0,0,0,0,1
662828,0,0,0,0,0,0,0
662846,1,0,0,0,0,0,0
666779,0,0,0,0,0,0,1
666849,1,0,0,0,0,0,0
667849,0,0,0,0,0,0,0
668016,1,0,0,0,0,0,1
668848,0,0,0,0,0,0,0
668945,1,0,0,0,0,0,1
670042,1,0,0,0,0,0,0
670252,1,0,0,0,0,0,1
671928,0,0,0,0,0,0,1
673748,1,0,0,0,0,0,1
673963,0,0,0,0,0,0,0
674775,0,0,0,0,0,0,1
675033,1,0,0,0,0,0,0
675200,1,0,0,0,0,0,0
675985,1,0,0,0,0,0,1
676129,1,1,1,0,0,0,0
676244,1,0,0,0,0,0,1
677222,0,0,0,0,0,0,0
677821,1,0,0,0,0,0,1
680143,1,0,0,0,0,0,1
680928,0,0,0,0,0,0,0
680974,1,0,0,0,0,0,1
682699,1,0,0,0,0,0,1
682814,1,0,0,0,0,0,1
683169,1,1,1,0,0,0,0
683432,0,0,0,0,0,0,0
683833,1,0,0,0,0,0,1
684116,1,1,1,1,1,1,0
684905,1,0,0,0,0,0,1
685001,0,0,0,0,0,0,0
686388,1,0,0,0,0,0,1
686505,1,0,0,0,0,0,1
686810,0,0,0,0,0,0,1
686973,1,0,0,0,0,0,1
687786,0,0,0,0,0,0,1
688264,1,0,0,0,0,0,1
688545,1,0,0,0,0,0,1
689863,0,0,0,0,0,0,0
690074,0,0,0,0,0,0,1
691292,1,1,0,0,0,0,0
691296,1,0,0,0,0,0,1
691337,0,0,0,0,0,0,1
691860,0,0,0,0,0,0,1
692169,1,0,0,0,0,0,1
692594,1,0,0,0,0,0,1
693361,0,0,0,0,0,0,1
693376,1,0,0,0,0,0,1
695174,1,0,0,0,0,0,1
695721,0,0,0,0,0,0,0
696316,0,0,0,0,0,0,1
696434,1,0,0,0,0,0,1
697031,1,0,0,0,0,0,0
697531,0,0,0,0,0,0,1
697620,1,0,0,0,0,0,1
698240,0,0,0,0,0,0,1
699032,0,0,0,0,0,0,0
699291,1,0,0,0,0,0,1
699596,1,0,0,0,0,0,1
700533,0,0,0,0,0,0,0
700550,1,0,0,0,0,0,1
700860,1,0,0,0,0,0,1
701308,1,0,0,0,0,0,1
701404,0,0,0,0,0,0,1
701857,1,0,0,0,0,0,1
702235,1,0,0,0,0,0,1
702877,1,0,0,0,0,0,0
704648,1,1,0,0,0,0,1
704841,1,0,0,0,0,0,1
706253,1,0,0,0,0,0,1
707734,1,0,0,0,0,0,0
708596,0,0,0,0,0,0,0
708640,0,0,0,0,0,0,1
709427,0,0,0,0,0,0,0
709929,1,0,0,0,0,0,1
710065,0,0,0,0,0,0,0
710447,1,0,0,0,0,0,1
711116,1,0,0,0,0,0,1
711209,1,0,0,0,0,0,1
711491,1,0,0,0,0,0,1
711820,0,0,0,0,0,0,0
711964,0,0,0,0,0,0,1
712993,0,0,0,0,0,0,1
713396,1,0,0,0,0,0,1
714013,1,0,0,0,0,0,1
714248,1,0,0,0,0,0,1
714368,0,0,0,0,0,0,1
714890,0,0,0,0,0,0,0
715415,1,0,0,0,0,0,1
715504,1,0,0,0,0,0,1
715621,1,0,0,0,0,0,1
716340,1,0,0,0,0,0,1
720177,1,0,0,0,0,0,0
720314,1,0,0,0,0,0,1
720408,1,0,0,0,0,0,1
721389,1,0,0,0,0,0,1
721454,1,0,0,0,0,0,1
722603,0,0,0,0,0,0,0
722670,1,0,0,0,0,0,1
722688,0,0,0,0,0,0,0
722784,1,0,0,0,0,0,1
722801,0,0,0,0,0,0,0
723445,1,0,0,0,0,0,1
723514,0,0,0,0,0,0,1
723584,1,0,0,0,0,0,1
723600,1,0,0,0,0,0,1
724437,1,0,0,0,0,0,1
724458,1,0,0,0,0,0,1
725341,0,0,0,0,0,0,1
725602,0,0,0,0,0,0,1
725646,0,0,0,0,0,0,1
726001,0,0,0,0,0,0,1
726140,1,1,1,0,0,0,1
726690,1,0,0,0,0,0,1
726973,0,0,0,0,0,0,1
728073,1,0,0,0,0,0,1
728529,0,0,0,0,0,0,0
729481,1,0,0,0,0,0,1
729743,1,0,0,0,0,0,0
730409,1,0,0,0,0,0,1
730744,0,0,0,0,0,0,0
732203,1,0,0,0,0,0,1
732989,1,0,0,0,0,0,1
733179,1,0,0,0,0,0,1
733316,0,0,0,0,0,0,0
733866,1,0,0,0,0,0,0
733910,0,0,0,0,0,0,1
734001,1,0,0,0,0,0,1
734003,1,0,0,0,0,0,1
734448,1,0,0,0,0,0,1
734854,1,0,0,0,0,0,1
735136,1,0,0,0,0,0,1
735158,0,0,0,0,0,0,1
735685,1,1,1,0,0,0,0
736113,0,0,0,0,0,0,1
736897,1,1,0,0,0,0,1
737401,1,0,0,0,0,0,1
737777,1,0,0,0,0,0,1
737896,1,1,1,0,0,0,0
738373,1,0,0,0,0,0,1
738389,0,0,0,0,0,0,1
738724,1,0,0,0,0,0,1
741167,1,1,1,0,0,0,0
742312,1,0,0,0,0,0,0
742334,0,0,0,0,0,0,0
743024,1,0,0,0,0,0,1
743093,1,0,0,0,0,0,1
744576,1,0,0,0,0,0,1
745196,0,0,0,0,0,0,1
745557,0,0,0,0,0,0,0
745789,1,1,1,1,1,1,0
745908,1,0,0,0,0,0,0
746529,1,0,0,0,0,0,1
746812,1,0,0,0,0,0,1
747048,0,0,0,0,0,0,1
747496,1,0,0,0,0,0,1
747589,1,0,0,0,0,0,1
747852,1,0,0,0,0,0,1
748301,0,0,0,0,0,0,1
748323,0,0,0,0,0,0,0
749494,1,0,0,0,0,0,0
749733,1,0,0,0,0,0,1
750975,1,0,0,0,0,0,1
751068,0,0,0,0,0,0,1
751353,0,0,0,0,0,0,1
751369,0,0,0,0,0,0,1
752205,1,0,0,0,0,0,1
753043,1,0,0,0,0,0,1
753445,1,0,0,0,0,0,1
754664,0,0,0,0,0,0,0
755048,1,0,0,0,0,0,1
755117,0,0,0,0,0,0,1
755420,0,0,0,0,0,0,1
756161,1,1,0,0,0,0,1
756353,1,0,0,0,0,0,1
756468,0,0,0,0,0,0,1
756654,0,0,0,0,0,0,0
757083,0,0,0,0,0,0,1
757221,1,0,0,0,0,0,1
757436,1,0,0,0,0,0,1
758321,1,0,0,0,0,0,1
758481,1,0,0,0,0,0,1
758527,1,0,0,0,0,0,1
758668,1,0,0,0,0,0,1
758974,1,0,0,0,0,0,1
759089,0,0,0,0,0,0,1
759568,0,0,0,0,0,0,1
760449,1,0,0,0,0,0,1
760544,0,0,0,0,0,0,1
762050,0,0,0,0,0,0,1
762572,0,0,0,0,0,0,0
763168,0,0,0,0,0,0,1
764172,1,0,0,0,0,0,1
764435,1,0,0,0,0,0,1
764454,0,0,0,0,0,0,1
764883,0,0,0,0,0,0,1
765333,1,0,0,0,0,0,1
765477,0,0,0,0,0,0,0
767124,1,0,0,0,0,0,1
767697,1,0,0,0,0,0,1
767720,1,0,0,0,0,0,0
767738,1,0,0,0,0,0,1
768576,1,0,0,0,0,0,1
768594,1,0,0,0,0,0,1
769598,0,0,0,0,0,0,1
769642,0,0,0,0,0,0,1
772063,1,1,1,0,0,1,0
772277,0,0,0,0,0,0,1
774215,1,0,0,0,0,0,1
774304,1,0,0,0,0,0,0
774877,0,0,0,0,0,0,0
775307,1,0,0,0,0,0,1
775348,1,0,0,0,0,0,1
775756,0,0,0,0,0,0,0
776087,1,0,0,0,0,0,1
776344,1,0,0,0,0,0,1
776822,0,0,0,0,0,0,0
777012,1,0,0,0,0,0,1
777148,1,0,0,0,0,0,1
777315,1,0,0,0,0,0,1
777624,1,0,0,0,0,0,1
777690,1,0,0,0,0,0,1
777972,1,0,0,0,0,0,1
777973,1,0,0,0,0,0,1
778087,1,0,0,0,0,0,1
778372,1,0,0,0,0,0,1
779036,0,0,0,0,0,0,1
779420,0,0,0,0,0,0,1
779421,0,0,0,0,0,0,0
779531,1,0,0,0,0,0,1
779812,0,0,0,0,0,0,1
781348,1,0,0,0,0,0,1
781561,1,0,0,0,0,0,1
782704,0,0,0,0,0,0,1
783180,0,0,0,0,0,0,1
783349,1,0,0,0,0,0,1
784325,1,0,0,0,0,0,1
784514,0,0,0,0,0,0,1
784584,0,0,0,0,0,0,1
784677,1,0,0,0,0,0,1
785606,0,0,0,0,0,0,1
786707,0,0,0,0,0,0,0
786822,1,0,0,0,0,0,1
787514,1,0,0,0,0,0,1
787515,1,0,0,0,0,0,1
789283,1,0,0,0,0,0,1
789541,1,0,0,0,0,0,1
789824,1,0,0,0,0,0,1
790015,1,0,0,0,0,0,1
790370,1,0,0,0,0,0,1
790993,1,0,0,0,0,0,1
791153,0,0,0,0,0,0,1
791511,1,0,0,0,0,0,1
791748,0,0,0,0,0,0,0
792053,1,0,0,0,0,0,1
792793,1,0,0,0,0,0,1
795071,0,0,0,0,0,0,1
795333,1,0,0,0,0,0,1
795758,1,0,0,0,0,0,1
796092,1,0,0,0,0,0,1
796497,1,0,0,0,0,0,1
796992,0,0,0,0,0,0,0
797493,1,1,1,0,0,0,1
797776,0,0,0,0,0,0,1
797993,1,0,0,0,0,0,1
798896,1,0,0,0,0,0,1
799040,1,0,0,0,0,0,1
799109,1,0,0,0,0,0,1
799508,1,0,0,0,0,0,1
799917,0,0,0,0,0,0,1
799961,0,0,0,0,0,0,1
800389,0,0,0,0,0,0,1
802037,1,0,0,0,0,0,1
802227,0,0,0,0,0,0,0
802918,0,0,0,0,0,0,0
803491,1,0,0,0,0,0,1
803797,1,0,0,0,0,0,1
804273,0,0,0,0,0,0,1
804703,1,0,0,0,0,0,1
804793,0,0,0,0,0,0,1
805391,1,0,0,0,0,0,1
806204,0,0,0,0,0,0,0
806676,1,1,1,0,0,0,0
807321,1,0,0,0,0,0,1
807561,1,0,0,0,0,0,0
808997,1,0,0,0,0,0,1
810094,0,0,0,0,0,0,0
810545,1,0,0,0,0,0,1
811168,0,0,0,0,0,0,1
811237,1,1,0,0,0,0,1
811616,0,0,0,0,0,0,1
811637,0,0,0,0,0,0,1
812300,1,0,0,0,0,0,1
812563,1,1,0,0,0,0,0
813040,0,0,0,0,0,0,1
813563,0,0,0,0,0,0,1
814085,1,0,0,0,0,0,1
815427,0,0,0,0,0,0,1
815973,0,0,0,0,0,0,1
816523,1,0,0,0,0,0,1
817262,1,0,0,0,0,0,0
817688,1,0,0,0,0,0,1
817709,1,0,0,0,0,0,1
818521,0,0,0,0,0,0,1
818543,1,0,0,0,0,0,1
818805,1,0,0,0,0,0,0
819063,0,0,0,0,0,0,1
819949,0,0,0,0,0,0,1
820208,1,0,0,0,0,0,0
823541,1,0,0,0,0,0,1
823585,0,0,0,0,0,0,1
823721,1,1,1,0,0,0,1
823765,0,0,0,0,0,0,1
824290,1,0,0,0,0,0,1
824860,1,1,1,0,0,0,0
824908,0,0,0,0,0,0,1
825910,1,0,0,0,0,0,1
826243,1,0,0,0,0,0,0
826983,0,0,0,0,0,0,1
828132,1,0,0,0,0,0,1
829904,1,0,0,0,0,0,1
830765,0,0,0,0,0,0,0
830949,0,0,0,0,0,0,0
831211,0,0,0,0,0,0,1
831422,1,0,0,0,0,0,1
832040,1,0,0,0,0,0,0
832159,1,0,0,0,0,0,1
832660,1,0,0,0,0,0,1
832969,0,0,0,0,0,0,1
833850,0,0,0,0,0,0,1
834040,1,0,0,0,0,0,1
834397,0,0,0,0,0,0,1
834680,0,0,0,0,0,0,1
835347,1,1,1,0,0,0,1
835919,0,0,0,0,0,0,1
836514,1,0,0,0,0,0,1
836943,1,0,0,0,0,0,1
838113,0,0,0,0,0,0,0
839117,1,0,0,0,0,0,1
839208,0,0,0,0,0,0,0
839852,1,0,0,0,0,0,1
840353,1,0,0,0,0,0,1
840588,1,0,0,0,0,0,1
841428,1,0,0,0,0,0,1
841569,0,0,0,0,0,0,0
841632,1,0,0,0,0,0,1
843694,0,0,0,0,0,0,0
843696,1,1,1,0,0,0,1
843713,1,1,0,0,0,0,1
844115,0,0,0,0,0,0,0
844542,1,0,0,0,0,0,1
844544,0,0,0,0,0,0,1
844561,1,0,0,0,0,0,1
845300,1,0,0,0,0,0,1
845342,1,0,0,0,0,0,1
845345,1,0,0,0,0,0,1
845934,0,0,0,0,0,0,1
846842,1,0,0,0,0,0,1
846886,0,0,0,0,0,0,1
847029,1,0,0,0,0,0,1
847501,1,1,1,1,0,0,0
848194,1,0,0,0,0,0,1
848788,1,1,1,0,0,0,0
849508,1,0,0,0,0,0,1
849740,1,0,0,0,0,0,1
851275,0,0,0,0,0,0,0
851727,0,0,0,0,0,0,1
853451,1,0,0,0,0,0,1
854217,1,1,0,0,0,0,0
854689,1,1,0,0,0,0,0
855382,1,0,0,0,0,0,0
855760,0,0,0,0,0,0,1
856452,0,0,0,0,0,0,1
856522,0,0,0,0,0,0,1
856688,1,1,1,0,0,0,0
858122,0,0,0,0,0,0,1
859006,0,0,0,0,0,0,1
859220,0,0,0,0,0,0,1
860030,1,0,0,0,0,0,1
860149,1,0,0,0,0,0,1
860236,1,0,0,0,0,0,1
860619,1,1,1,0,0,0,0
860710,0,0,0,0,0,0,1
860876,1,0,0,0,0,0,1
861447,0,0,0,0,0,0,1
861541,1,0,0,0,0,0,1
861845,0,0,0,0,0,0,0
861936,1,1,1,0,0,0,1
862128,1,1,1,0,0,0,1
862194,1,1,1,0,0,0,1
862481,1,0,0,0,0,0,1
862884,1,0,0,0,0,0,1
863213,1,1,1,0,0,0,1
863282,1,0,0,0,0,0,1
865845,1,0,0,0,0,0,1
865846,1,1,1,0,0,0,1
865913,1,0,0,0,0,0,1
866481,1,0,0,0,0,0,1
866622,0,0,0,0,0,0,1
867218,0,0,0,0,0,0,1
868607,1,1,1,0,0,0,0
869082,1,1,1,0,0,1,1
869100,1,1,0,0,0,0,0
869768,0,0,0,0,0,0,1
870056,1,1,1,0,0,0,0
870409,1,1,1,0,0,0,1
870504,0,0,0,0,0,0,1
871073,0,0,0,0,0,0,1
871096,0,0,0,0,0,0,1
871282,1,1,0,0,0,0,1
873081,1,0,0,0,0,0,0
874469,0,0,0,0,0,0,1
875783,1,1,1,0,0,0,0
876952,1,1,0,0,0,0,0
877476,0,0,0,0,0,0,1
878265,1,1,0,0,0,1,0
878288,1,1,1,0,0,0,0
878474,0,0,0,0,0,0,0
878832,0,0,0,0,0,0,1
878968,1,0,0,0,0,0,1
879805,1,0,0,0,0,0,1
881625,1,1,1,1,0,0,1
881649,1,1,0,0,0,0,0
882408,1,0,0,0,0,0,1
882959,1,1,0,0,0,0,0
883985,1,0,0,0,0,0,1
884508,1,0,0,0,0,0,1
885181,1,0,0,0,0,0,1
885464,1,0,0,0,0,0,1
885650,1,1,0,0,0,0,0
889604,1,0,0,0,0,0,1
889606,1,1,1,0,0,0,1
889840,1,0,0,0,0,0,1
890029,1,0,0,0,0,0,1
890143,1,1,1,0,0,0,0
890716,1,0,0,0,0,0,1
891025,1,0,0,0,0,0,1
891161,1,1,1,0,0,1,0
891881,1,0,0,0,0,0,1
891898,1,1,1,0,0,0,1
892640,1,0,0,0,0,0,1
892853,1,0,0,0,0,0,1
893254,1,1,0,0,0,0,1
893345,1,0,0,0,0,0,1
893945,1,0,0,0,0,0,1
894058,1,0,0,0,0,0,1
894677,1,1,0,0,0,0,1
895153,0,0,0,0,0,0,1
895821,0,0,0,0,0,0,1
896013,1,0,0,0,0,0,1
896295,1,1,0,0,0,0,1
896744,1,1,1,0,0,0,0
897413,1,0,0,0,0,0,1
898133,1,0,0,0,0,0,1
899808,1,1,0,0,0,0,0
901242,1,0,0,0,0,0,0
901286,0,0,0,0,0,0,1
901356,1,1,0,0,0,0,1
901567,1,0,0,0,0,0,1
902475,1,0,0,0,0,0,1
903839,1,0,0,0,0,0,1
903928,1,0,0,0,0,0,0
904597,1,1,1,0,0,0,0
905317,1,0,0,0,0,0,0
905912,1,1,0,0,0,0,1
905956,0,0,0,0,0,0,1
906046,0,0,0,0,0,0,1
906161,1,1,0,0,0,0,1
906663,1,0,0,0,0,0,1
907090,1,0,0,0,0,0,1
907209,1,0,0,0,0,0,1
907272,1,0,0,0,0,0,1
907273,1,0,0,0,0,0,1
907363,1,0,0,0,0,0,1
907598,0,0,0,0,0,0,1
907859,0,0,0,0,0,0,1
907903,0,0,0,0,0,0,1
908212,1,1,1,0,0,1,1
908229,1,0,0,0,0,0,1
908587,0,0,0,0,0,0,1
908750,1,0,0,0,0,0,1
909155,0,0,0,0,0,0,1
909296,1,0,0,0,0,0,1
909747,0,0,0,0,0,0,1
909840,0,0,0,0,0,0,1
910388,0,0,0,0,0,0,1
910623,1,0,0,0,0,0,1
912924,1,0,0,0,0,0,1
913926,1,1,0,0,0,0,1
914357,1,1,1,0,0,0,0
914420,1,1,0,0,0,0,0
914708,1,1,1,1,0,0,1
914964,0,0,0,0,0,0,1
915181,1,0,0,0,0,0,1
915389,1,1,0,0,0,0,0
916037,1,0,0,0,0,0,1
916293,1,0,0,0,0,0,1
916792,0,0,0,0,0,0,1
917628,1,0,0,0,0,0,1
917749,1,1,0,0,0,0,1
917791,1,1,1,0,0,1,0
919344,1,1,0,0,0,0,1
919513,1,1,0,0,0,0,1
920800,1,0,0,0,0,0,1
921086,0,0,0,0,0,0,0
921876,1,1,0,0,0,0,0
921942,1,0,0,0,0,0,1
921984,1,1,0,0,0,0,1
922798,1,0,0,0,0,0,1
923465,1,1,0,0,0,0,0
923510,1,0,0,0,0,0,1
923676,1,0,0,0,0,0,1
924702,0,0,0,0,0,0,1
924963,1,1,0,0,0,0,0
925176,1,0,0,0,0,0,1
925506,1,0,0,0,0,0,1
925672,0,0,0,0,0,0,1
925785,1,1,0,0,0,0,1
925951,1,0,0,0,0,0,1
926669,1,1,1,1,0,0,0
926975,1,1,0,0,0,1,1
927041,1,1,0,0,0,0,1
928335,1,0,0,0,0,0,1
929144,1,1,1,0,0,0,0
929649,1,0,0,0,0,0,1
931181,1,1,1,1,0,0,1
932686,1,1,0,0,0,0,0
932852,0,0,0,0,0,0,0
933784,1,1,0,0,0,0,1
934042,1,1,0,0,0,0,1
934229,1,1,0,0,0,0,0
935523,1,1,1,0,0,0,0
935952,1,1,1,0,0,0,1
936328,1,1,1,0,0,0,0
937455,1,1,1,1,1,1,0
938365,1,1,0,0,0,0,0
938744,1,1,1,0,0,0,1
940877,1,1,0,0,0,0,1
941016,1,1,0,0,0,0,1
941226,1,1,0,0,0,0,0
941413,1,1,1,0,0,0,0
942541,1,1,0,0,0,0,1
943112,1,1,1,0,0,0,1
943512,1,1,1,0,0,0,0
943585,1,1,0,0,0,0,1
944082,1,0,0,0,0,0,1
944557,1,0,0,0,0,0,1
944627,1,1,0,0,0,0,0
944696,1,1,1,1,1,1,0
944789,1,1,1,0,0,0,1
945358,1,1,0,0,0,0,1
945476,1,0,0,0,0,0,1
945999,1,1,0,0,0,0,1
946716,1,1,0,0,0,0,1
946855,1,0,0,0,0,0,1
947162,1,1,0,0,0,0,1
947975,1,1,0,0,0,0,1
948140,1,1,1,0,0,0,1
948855,1,1,0,0,0,0,1
949258,1,0,0,0,0,0,1
949712,0,0,0,0,0,0,1
949779,1,1,0,0,0,0,1
950660,1,1,0,0,0,0,0
950704,0,0,0,0,0,0,1
950871,1,1,0,0,0,0,1
951252,1,0,0,0,0,0,1
951701,1,1,1,0,0,0,0
951941,1,0,0,0,0,0,0
952004,1,1,1,0,0,1,1
952100,1,1,0,0,0,0,1
952669,1,1,0,0,0,0,1
952981,1,1,0,0,0,0,1
953288,1,1,0,0,0,0,1
953981,1,1,0,0,0,0,1
954069,1,1,1,0,0,0,1
954332,1,1,0,0,0,0,1
955093,1,1,0,0,0,0,1
955331,1,0,0,0,0,0,1
955448,1,1,1,0,0,0,1
956402,1,1,0,0,0,0,0
956759,1,1,0,0,0,0,1
957138,1,0,0,0,0,0,1
958359,1,0,0,0,0,0,1
958836,1,1,1,0,0,0,1
959164,1,1,1,0,0,0,0
959908,0,0,0,0,0,0,1
960214,1,0,0,0,0,0,1
961149,1,1,1,0,0,0,0
962247,1,0,0,0,0,0,1
962265,1,1,0,0,0,0,0
966364,1,1,1,0,0,1,0
967108,1,1,1,0,0,0,0
967220,0,0,0,0,0,0,1
967410,1,1,1,0,0,0,0
967719,1,0,0,0,0,0,1
967784,1,0,0,0,0,0,1
968096,1,1,0,0,0,0,1
968140,0,0,0,0,0,0,1
968324,0,0,0,0,0,0,1
968329,1,0,0,0,0,0,0
969377,1,0,0,0,0,0,1
969441,1,1,1,0,0,0,0
969919,1,0,0,0,0,0,1
970421,1,0,0,0,0,0,1
971061,1,1,0,0,0,0,1
971464,1,1,1,0,0,0,1
971705,1,0,0,0,0,0,1
972320,1,1,0,0,0,0,1
972560,1,1,0,0,0,0,1
972749,0,0,0,0,0,0,1
974566,1,1,1,0,0,0,0
975475,1,0,0,0,0,0,1
975588,1,1,1,0,0,0,1
976283,1,0,0,0,0,0,1
977744,1,0,0,0,0,0,1
978241,1,1,1,0,0,0,0
979945,1,0,0,0,0,0,0
980440,1,0,0,0,0,0,1
980485,1,0,0,0,0,0,1
980869,1,0,0,0,0,0,1
981366,1,1,0,0,0,0,1
981792,1,0,0,0,0,0,1
981815,1,1,1,0,0,0,1
982194,1,0,0,0,0,0,1
982428,1,0,0,0,0,0,1
982597,1,1,1,0,0,0,1
982685,1,1,0,0,0,0,1
982900,1,0,0,0,0,0,1
983204,0,0,0,0,0,0,1
983248,0,0,0,0,0,0,1
983607,1,0,0,0,0,0,1
984060,1,1,0,0,0,0,1
984389,1,0,0,0,0,0,1
984437,1,1,0,0,0,0,1
985008,1,0,0,0,0,0,1
985195,1,1,1,0,0,0,1
985767,0,0,0,0,0,0,1
986965,1,0,0,0,0,0,1
988017,1,0,0,0,0,0,1
988132,1,0,0,0,0,0,1
988439,1,1,1,0,0,0,1
989325,0,0,0,0,0,0,1
989342,1,1,1,0,0,0,0
989364,1,1,0,0,0,0,1
989813,1,0,0,0,0,0,1
989908,0,0,0,0,0,0,1
990191,1,1,0,0,0,0,1
990400,1,1,1,0,0,0,0
990565,1,0,0,0,0,0,1
990612,1,0,0,0,0,0,1
990681,1,1,1,0,0,0,1
990725,0,0,0,0,0,0,1
991848,1,1,0,0,0,0,1
992465,1,0,0,0,0,0,1
992509,0,0,0,0,0,0,1
993177,1,0,0,0,0,0,1
993873,1,1,1,0,0,0,1
994541,1,0,0,0,0,0,1
994607,1,1,1,0,0,0,1
995107,0,0,0,0,0,0,1
995727,1,0,0,0,0,0,1
995797,1,1,0,0,0,0,1
996486,1,1,1,0,0,0,0
997560,1,1,1,0,0,0,0
998396,1,0,0,0,0,0,1
999020,1,1,1,0,0,0,0
999928,0,0,0,0,0,0,1
1000353,1,1,1,0,0,0,0
1001096,1,1,0,0,0,0,1
1001113,1,0,0,0,0,0,1
1002692,0,0,0,0,0,0,1
1002809,1,1,1,0,0,0,1
1002903,1,1,0,0,0,0,0
1002973,1,1,1,0,0,0,0
1003662,1,1,1,0,0,0,0
1003848,1,1,0,0,0,0,1
1003893,1,1,0,0,0,0,1
1003897,1,0,0,0,0,0,1
1004558,1,1,0,0,0,0,1
1004653,1,0,0,0,0,0,1
1004695,1,0,0,0,0,0,1
1004928,1,0,0,0,0,0,1
1006175,1,1,1,1,1,1,0
1006581,1,1,1,0,0,0,1
1006838,1,1,0,0,0,0,1
1007049,1,1,1,0,0,0,1
1007574,1,0,0,0,0,0,1
1007765,1,1,1,0,0,1,1
1008240,1,1,1,0,0,0,0
1008618,1,0,0,0,0,0,1
1009120,1,0,0,0,0,0,1
1011083,0,0,0,0,0,0,1
1012108,1,1,0,0,0,0,0
1013570,1,1,1,1,1,1,0
1014237,0,0,0,0,0,0,0
1014354,1,0,0,0,0,0,1
1014953,1,1,1,0,0,0,0
1016316,1,0,0,0,0,0,0
1018279,1,1,1,0,0,1,0
1019304,0,0,0,0,0,0,0
1021437,0,0,0,0,0,0,0
1021554,1,1,1,0,0,1,0
1022125,1,0,0,0,0,0,1
1022149,1,1,0,0,0,1,0
1023029,1,0,0,0,0,0,1
1023073,0,0,0,0,0,0,1
1023504,1,1,0,0,0,0,0
1024220,1,0,0,0,0,0,1
1025296,1,1,0,0,0,0,1
1025459,1,1,1,0,0,0,0
1026152,1,0,0,0,0,0,1
1026291,1,0,0,0,0,0,1
1026476,1,1,1,0,0,1,0
1027720,1,1,0,0,0,0,1
1028556,1,0,0,0,0,0,1
1028722,1,1,1,0,0,0,0
1029268,1,0,0,0,0,0,1
1029317,1,1,1,0,0,0,0
1029745,1,0,0,0,0,0,1
1029906,1,1,1,0,0,0,1
1030164,1,1,0,0,0,0,1
1030233,1,1,1,0,0,0,0
1030972,0,0,0,0,0,0,1
1030974,1,0,0,0,0,0,1
1031041,1,1,0,0,0,0,1
1031561,1,0,0,0,0,0,1
1032281,1,0,0,0,0,0,1
1032441,1,1,0,0,0,0,1
1033062,1,0,0,0,0,0,1
1033153,0,0,0,0,0,0,1
1033197,0,0,0,0,0,0,1
1033292,1,1,0,0,0,0,0
1033431,1,1,1,0,0,1,0
1033453,1,0,0,0,0,0,1
1033807,0,0,0,0,0,0,1
1033873,1,0,0,0,0,0,1
1033917,0,0,0,0,0,0,1
1034229,1,0,0,0,0,0,1
1034246,1,1,0,0,0,0,1
1034795,1,0,0,0,0,0,1
1035150,1,0,0,0,0,0,1
1035194,0,0,0,0,0,0,1
1035575,1,0,0,0,0,0,1
1036122,1,0,0,0,0,0,1
1036431,1,0,0,0,0,0,1
1038104,1,0,0,0,0,0,0
1038463,1,0,0,0,0,0,1
1039008,1,0,0,0,0,0,1
1039487,1,0,0,0,0,0,1
1040419,1,1,1,0,0,0,1
1040440,1,1,1,0,0,0,0
1041081,1,1,1,0,0,0,0
1041393,1,1,1,0,0,0,0
1042156,1,0,0,0,0,0,1
1042581,0,0,0,0,0,0,1
1042699,1,0,0,0,0,0,1
1043294,1,1,0,0,0,1,0
1043459,1,0,0,0,0,0,1
1044269,1,1,1,1,0,0,1
1044723,1,1,0,0,0,0,1
1045533,1,0,0,0,0,0,1
1046176,1,1,1,0,0,0,0
1046341,0,0,0,0,0,0,1
1046385,0,0,0,0,0,0,1
1047412,1,1,0,0,0,0,1
1048565,1,1,1,0,0,0,0
1049328,1,1,0,0,0,0,0
1049637,1,0,0,0,0,0,1
1050470,1,1,1,0,0,0,0
1051093,1,0,0,0,0,0,1
1051902,1,0,0,0,0,0,1
1051903,1,1,0,0,0,1,0
1052257,1,1,1,0,0,0,1
1052635,1,0,0,0,0,0,1
1053425,1,1,0,0,0,0,1
1053561,1,1,0,0,0,0,0
1054588,1,1,0,0,0,0,0
1055208,1,0,0,0,0,0,1
1056504,1,1,0,0,0,0,0
1058037,1,1,1,0,0,0,1
1058081,0,0,0,0,0,0,1
1059082,1,0,0,0,0,0,0
1059823,1,1,0,0,0,1,0
1060753,1,1,0,0,0,0,0
1061949,1,0,0,0,0,0,1
1062400,1,1,1,0,0,0,0
1062447,1,0,0,0,0,0,1
1062729,1,0,0,0,0,0,1
1063064,1,1,0,0,0,0,1
1063128,1,0,0,0,0,0,1
1063319,1,0,0,0,0,0,1
1063509,1,0,0,0,0,0,1
1063957,1,1,0,0,0,0,1
1064432,1,0,0,0,0,0,1
1064457,1,0,0,0,0,0,1
1064980,1,0,0,0,0,0,1
1065887,1,0,0,0,0,0,1
1066052,1,0,0,0,0,0,1
1066238,1,1,1,0,0,0,0
1066714,0,0,0,0,0,0,1
1067360,1,0,0,0,0,0,1
1067547,1,0,0,0,0,0,1
1068095,1,0,0,0,0,0,1
1068644,1,1,0,0,0,0,1
1068662,1,0,0,0,0,0,1
1068851,1,0,0,0,0,0,1
1069785,1,1,1,0,0,0,1
1069972,1,0,0,0,0,0,1
1070086,1,0,0,0,0,0,1
1070827,1,0,0,0,0,0,1
1071109,1,1,1,0,0,1,0
1071202,1,1,1,0,0,0,1
1071580,1,1,0,0,0,0,0
1071745,1,0,0,0,0,0,1
1072152,1,0,0,0,0,0,1
1072171,0,0,0,0,0,0,1
1072764,1,1,1,0,0,0,1
1073097,0,0,0,0,0,0,1
1074412,1,1,1,0,0,0,1
1074456,0,0,0,0,0,0,1
1074717,1,1,0,0,0,0,1
1075481,1,0,0,0,0,0,1
1076945,1,1,1,0,0,0,0
1078378,1,0,0,0,0,0,0
1079336,1,1,0,0,0,0,0
1079355,1,1,1,0,0,0,0
1079494,1,1,0,0,0,0,1
1080258,1,0,0,0,0,0,1
1080376,1,1,0,0,0,0,1
1080996,1,0,0,0,0,0,1
1081616,1,0,0,0,0,0,1
1081632,1,1,0,0,0,0,0
1082661,1,1,0,0,0,0,0
1083208,1,1,0,0,0,0,1
1083493,1,0,0,0,0,0,1
1084117,1,1,0,0,0,0,0
1084612,1,1,1,0,0,0,1
1084613,1,1,0,0,0,0,1
1084703,0,0,0,0,0,0,1
1085201,1,0,0,0,0,0,1
1085345,1,1,1,1,1,1,0
1086589,1,0,0,0,0,0,1
1087422,1,0,0,0,0,0,0
1088213,1,0,0,0,0,0,1
1088784,1,1,1,0,0,0,0
1088805,0,0,0,0,0,0,1
1091270,1,1,1,0,0,0,1
1091792,1,1,1,0,0,0,0
1091887,0,0,0,0,0,0,0
1092385,1,1,1,0,0,0,0
1094757,1,1,1,0,0,0,1
1094946,1,1,1,0,0,0,1
1095976,0,0,0,0,0,0,0
1095997,1,1,0,0,0,0,0
1096518,1,1,0,0,0,0,1
1097330,1,0,0,0,0,0,1
1097785,1,0,0,0,0,0,1
1098976,1,1,1,0,0,0,0
1099071,1,1,1,0,0,0,0
1101296,1,0,0,0,0,0,1
1101941,1,1,1,0,0,0,0
1102873,1,0,0,0,0,0,1
1103160,1,1,1,0,0,0,0
1104522,1,1,1,0,0,0,0
1104977,1,1,1,0,0,0,0
1106267,1,1,1,0,0,0,0
1106789,1,1,0,0,0,0,1
1108488,1,1,1,0,0,0,0
1109903,1,0,0,0,0,0,1
1110356,1,1,1,0,0,0,0
1110684,1,0,0,0,0,0,1
1111043,1,1,0,0,0,0,1
1111352,1,1,0,0,0,0,1
1111706,1,1,0,0,0,0,0
1112161,1,1,0,0,0,0,0
1112682,1,0,0,0,0,0,1
1113399,1,1,1,1,0,0,1
1113969,1,0,0,0,0,0,0
1114280,1,1,1,0,0,0,1
1114873,1,0,0,0,0,0,1
1115137,1,1,1,0,0,0,1
1115369,0,0,0,0,0,0,1
1115370,1,1,1,1,0,0,1
1115699,1,1,1,0,0,0,1
1117852,1,1,1,0,0,0,0
1121476,1,1,1,0,0,0,0
1122337,1,1,1,0,0,0,0
1122569,1,1,1,0,0,0,0
1122570,1,1,1,0,0,0,0
1122899,1,1,1,0,0,1,0
1123326,1,0,0,0,0,0,1
1123420,1,1,0,0,0,0,1
1123463,1,0,0,0,0,0,1
1124083,1,0,0,0,0,0,1
1124486,1,0,0,0,0,0,1
1125032,1,1,1,0,0,0,0
1125150,1,0,0,0,0,0,1
1125411,1,0,0,0,0,0,1
1125910,1,0,0,0,0,0,1
1127131,1,1,1,0,0,0,1
1127801,1,0,0,0,0,0,1
1128081,1,1,1,0,0,0,1
1128126,1,0,0,0,0,0,1
1128579,1,0,0,0,0,0,1
1129775,1,1,1,0,0,0,1
1130588,1,0,0,0,0,0,0
1130632,0,0,0,0,0,0,1
1131323,1,1,1,0,0,0,1
1132037,1,0,0,0,0,0,1
1132200,1,1,1,0,0,0,0
1132343,1,0,0,0,0,0,1
1132676,1,1,0,0,0,0,1
1132720,0,0,0,0,0,0,1
1133025,1,1,0,0,0,0,1
1133503,1,0,0,0,0,0,1
1133956,1,1,1,0,0,0,1
1134165,1,1,1,0,0,0,1
1134760,1,0,0,0,0,0,1
1134953,1,1,1,0,0,0,0
1135282,1,1,0,0,0,1,0
1135545,1,0,0,0,0,0,1
1136115,1,0,0,0,0,0,1
1136159,0,0,0,0,0,0,1
1136370,1,0,0,0,0,0,1
1136628,1,1,1,0,0,0,1
1137058,1,0,0,0,0,0,1
1137081,1,0,0,0,0,0,1
1138466,1,1,0,0,0,0,1
1139566,1,0,0,0,0,0,1
1139569,1,1,1,0,0,0,1
1140255,1,0,0,0,0,0,1
1140370,0,0,0,0,0,0,1
1141112,1,1,1,0,0,0,0
1141321,1,1,1,0,0,0,0
1142471,1,0,0,0,0,0,1
1142874,0,0,0,0,0,0,1
1143159,1,0,0,0,0,0,1
1143800,1,1,1,0,0,0,0
1143919,1,0,0,0,0,0,1
1143963,0,0,0,0,0,0,1
1145564,1,1,1,0,0,0,1
1146741,1,1,0,0,0,0,0
1148296,1,1,1,0,0,0,0
1148341,1,1,1,0,0,0,1
1148501,1,1,1,0,0,0,0
1150058,1,1,1,0,0,0,0
1150870,1,1,1,0,0,0,1
1151155,1,1,0,0,0,0,0
1152376,1,0,0,0,0,0,1
1152752,1,1,1,0,0,1,0
1152847,1,1,1,0,0,0,1
1153972,1,1,0,0,0,0,1
1154398,1,1,1,0,0,0,1
1154995,1,1,0,0,0,0,1
1155062,1,0,0,0,0,0,1
1155517,1,1,1,0,0,0,0
1155677,1,1,1,0,0,0,0
1155987,1,1,1,0,0,0,1
1156057,1,0,0,0,0,0,1
1156652,1,1,1,0,0,0,1
1156741,1,1,1,0,0,0,1
1157844,1,1,0,0,0,0,1
1157957,1,1,1,0,0,0,1
1157958,1,1,0,0,0,0,1
1157961,1,1,1,0,0,0,1
1158809,1,0,0,0,0,0,1
1159908,1,1,0,0,0,0,0
1161104,1,0,0,0,0,0,1
1162252,1,1,0,0,0,0,1
1162825,1,1,1,1,0,0,1
1163159,1,1,0,0,0,0,0
1163248,1,0,0,0,0,0,1
1164277,0,0,0,0,0,0,1
1165020,1,1,1,0,0,0,0
1165134,0,0,0,0,0,0,0
1165137,1,1,0,0,0,0,0
1165921,1,0,0,0,0,0,1
1166705,1,1,1,0,0,0,1
1166729,0,0,0,0,0,0,1
1167297,0,0,0,0,0,0,1
1167681,1,0,0,0,0,0,1
1169116,1,1,0,0,0,0,1
1170335,1,1,1,0,0,0,0
1170424,1,1,1,0,0,1,0
1172318,1,1,0,0,0,0,0
1172866,0,0,0,0,0,0,1
1174493,1,1,1,0,0,0,0
1174877,1,1,1,0,0,0,0
1176312,1,1,1,0,0,0,0
1176929,1,1,0,0,0,0,1
1177527,1,1,1,0,0,0,0
1177616,1,1,0,0,0,0,0
1179101,1,0,0,0,0,0,1
1179196,1,1,1,1,0,0,1
1180054,1,1,1,0,0,1,0
1181442,1,0,0,0,0,0,1
1182065,0,0,0,0,0,0,0
1182466,1,0,0,0,0,0,1
1184719,1,1,0,0,0,0,0
1184763,0,0,0,0,0,0,1
1184804,1,1,1,0,0,1,0
1185427,0,0,0,0,0,0,1
1186285,1,1,0,0,0,0,0
1186380,1,1,1,0,0,1,0
1186423,1,0,0,0,0,0,1
1188147,1,0,0,0,0,0,1
1188309,1,0,0,0,0,0,1
1189245,1,1,1,0,0,0,0
1189332,1,1,0,0,0,0,1
1189642,1,1,1,1,0,0,0
1189687,1,0,0,0,0,0,1
1190835,0,0,0,0,0,0,1
1190924,1,1,0,0,0,0,1
1191305,1,1,0,0,0,0,1
1193125,1,0,0,0,0,0,1
1193556,1,1,0,0,0,0,0
1193957,1,0,0,0,0,0,1
1194817,1,0,0,0,0,0,1
1195821,1,1,0,0,0,0,1
1196421,1,1,0,0,0,0,0
1196822,1,1,0,0,0,0,0
1196866,0,0,0,0,0,0,1
1197005,1,0,0,0,0,0,1
1198011,1,1,0,0,0,0,0
1198100,1,1,1,0,0,0,0
1198533,1,1,1,0,0,0,1
1199657,1,0,0,0,0,0,1
1200541,0,0,0,0,0,0,1
1200728,1,1,0,0,0,0,0
1201373,0,0,0,0,0,0,1
1201416,1,0,0,0,0,0,1
1202493,1,0,0,0,0,0,1
1202680,1,0,0,0,0,0,1
1204042,1,1,0,0,0,0,0
1204181,1,1,1,0,0,1,0
1205113,1,0,0,0,0,0,1
1205183,1,1,1,0,0,0,0
1205272,1,1,1,0,0,0,0
1206013,1,1,0,0,0,0,1
1207739,1,1,1,0,0,0,1
1208070,0,0,0,0,0,0,1
1208835,1,0,0,0,0,0,1
1209457,1,0,0,0,0,0,1
1209860,1,1,1,0,0,0,0
1210215,0,0,0,0,0,0,1
1211050,1,1,1,1,1,1,0
1212368,1,0,0,0,0,0,1
1212456,1,1,1,0,0,0,0
1212935,1,1,0,0,0,0,1
1213120,1,0,0,0,0,0,1
1213189,1,1,1,0,0,0,0
1213667,0,0,0,0,0,0,1
1213711,0,0,0,0,0,0,1
1213730,1,1,0,0,0,0,1
1213845,1,0,0,0,0,0,1
1214777,1,0,0,0,0,0,1
1215732,1,1,1,0,0,1,1
1216621,1,1,1,0,0,0,0
1217289,1,0,0,0,0,0,1
1218077,1,0,0,0,0,0,1
1218092,1,1,1,0,0,1,1
1218856,1,0,0,0,0,0,1
1219528,1,1,0,0,0,0,0
1220485,0,0,0,0,0,0,1
1220887,1,1,1,0,0,0,0
1220906,1,1,0,0,0,0,0
1221957,1,1,1,0,0,1,0
1221980,1,0,0,0,0,0,1
1222311,1,1,0,0,0,0,1
1222693,1,1,1,0,0,0,1
1222737,0,0,0,0,0,0,1
1223042,1,0,0,0,0,0,1
1223108,1,0,0,0,0,0,1
1223277,0,0,0,0,0,0,1
1223416,1,1,1,0,0,0,1
1224109,1,0,0,0,0,0,1
1224148,1,0,0,0,0,0,1
1225013,1,0,0,0,0,0,1
1225849,1,0,0,0,0,0,1
1225985,1,1,0,0,0,0,1
1226126,1,1,0,0,0,0,1
1226773,1,0,0,0,0,0,1
1226789,1,0,0,0,0,0,1
1227289,0,0,0,0,0,0,1
1228057,1,0,0,0,0,0,1
1228193,1,1,0,0,0,0,1
1228194,1,0,0,0,0,0,1
1228572,1,0,0,0,0,0,1
1228953,1,0,0,0,0,0,1
1229066,1,0,0,0,0,0,1
1229447,1,1,0,0,0,0,0
1229901,1,0,0,0,0,0,1
1230424,1,0,0,0,0,0,1
1230971,1,1,0,0,0,0,1
1231300,1,1,0,0,0,0,0
1232907,0,0,0,0,0,0,1
1233524,1,1,1,0,0,0,1
1233618,1,0,0,0,0,0,1
1235365,1,0,0,0,0,0,0
1237020,1,0,0,0,0,0,1
1237089,1,0,0,0,0,0,0
1238189,1,0,0,0,0,0,1
1239288,1,0,0,0,0,0,1
1239352,1,0,0,0,0,0,1
1239447,1,0,0,0,0,0,1
1239681,1,1,1,0,0,0,1
1239705,1,0,0,0,0,0,1
1240609,1,1,0,0,0,0,1
1240653,0,0,0,0,0,0,1
1240794,1,0,0,0,0,0,0
1240865,1,1,1,0,0,0,1
1241435,1,0,0,0,0,0,1
1242317,1,0,0,0,0,0,1
1242411,0,0,0,0,0,0,1
1243317,1,0,0,0,0,0,1
1243555,1,0,0,0,0,0,1
1245662,1,0,0,0,0,0,1
1245680,1,0,0,0,0,0,1
1246325,1,1,1,1,1,1,0
1246369,0,0,0,0,0,0,1
1246440,1,1,0,0,0,0,0
1246651,1,1,1,1,1,1,0
1246764,1,0,0,0,0,0,1
1247410,1,1,0,0,0,0,1
1247719,1,0,0,0,0,0,1
1247788,1,0,0,0,0,0,1
1247924,1,1,1,0,0,0,1
1248021,1,1,1,0,0,0,0
1248424,0,0,0,0,0,0,1
1248467,1,0,0,0,0,0,1
1248582,1,0,0,0,0,0,1
1248965,1,0,0,0,0,0,1
1249825,1,1,0,0,0,0,1
1249891,1,1,0,0,0,0,1
1249912,1,1,0,0,0,0,1
1249952,1,1,0,0,0,0,1
1249956,0,0,0,0,0,0,1
1251076,0,0,0,0,0,0,1
1251191,1,0,0,0,0,0,1
1251570,1,1,0,0,0,0,1
1252142,0,0,0,0,0,0,1
1252978,0,0,0,0,0,0,1
1253023,1,0,0,0,0,0,1
1253497,1,1,1,0,0,0,0
1254141,0,0,0,0,0,0,1
1255313,1,1,0,0,0,1,1
1255380,0,0,0,0,0,0,1
1255427,1,0,0,0,0,0,1
1256477,1,0,0,0,0,0,1
1256736,1,0,0,0,0,0,1
1256903,1,0,0,0,0,0,1
1256973,1,1,1,0,0,0,0
1257133,0,0,0,0,0,0,1
1257683,0,0,0,0,0,0,1
1257846,1,0,0,0,0,0,1
1257865,0,0,0,0,0,0,1
1257909,0,0,0,0,0,0,1
1258000,1,0,0,0,0,0,1
1258216,0,0,0,0,0,0,0
1259337,1,0,0,0,0,0,1
1259502,1,0,0,0,0,0,1
1259572,1,1,0,0,0,0,1
1260406,0,0,0,0,0,0,1
1260810,0,0,0,0,0,0,1
1261285,1,0,0,0,0,0,1
1261810,1,0,0,0,0,0,1
1262141,0,0,0,0,0,0,1
1262185,0,0,0,0,0,0,1
1263380,1,0,0,0,0,0,1
1263928,0,0,0,0,0,0,1
1264121,1,1,1,0,0,0,0
1264545,1,0,0,0,0,0,1
1264617,0,0,0,0,0,0,1
1264827,1,1,1,0,0,0,0
1265951,1,0,0,0,0,0,1
1266740,1,1,1,0,0,0,0
1268990,1,1,0,0,0,1,0
1269876,1,1,1,1,0,0,1
1271116,1,1,1,0,0,0,0
1271186,1,0,0,0,0,0,1
1271230,0,0,0,0,0,0,1
1271660,1,0,0,0,0,0,1
1271725,1,1,1,0,0,0,0
1271797,1,1,1,0,0,0,1
1271841,0,0,0,0,0,0,1
1271976,1,0,0,0,0,0,1
1272142,1,1,0,0,0,0,1
1272953,0,0,0,0,0,0,1
1272957,0,0,0,0,0,0,1
1272996,1,1,0,0,0,0,1
1273111,1,1,1,0,0,0,0
1273802,1,0,0,0,0,0,1
1274065,0,0,0,0,0,0,1
1274129,1,1,1,0,0,0,1
1274173,0,0,0,0,0,0,1
1274794,1,1,1,0,0,0,1
1275153,1,1,0,0,0,0,1
1275197,0,0,0,0,0,0,1
1275240,1,0,0,0,0,0,1
1275642,1,1,0,0,0,0,1
1276097,1,1,0,0,0,0,1
1276642,1,1,1,1,1,1,0
1279132,1,1,1,0,0,0,0
1279993,1,1,1,0,0,0,1
1280279,1,1,1,1,0,0,0
1280707,0,0,0,0,0,0,1
1280964,1,0,0,0,0,0,1
1281393,0,0,0,0,0,0,1
1281508,0,0,0,0,0,0,1
1282226,1,1,1,0,0,0,1
1282295,0,0,0,0,0,0,1
1282412,1,1,1,0,0,1,0
1283245,1,0,0,0,0,0,1
1283269,1,1,1,0,0,0,0
1283528,1,0,0,0,0,0,1
1283738,1,1,0,0,0,0,1
1284478,1,0,0,0,0,0,1
1288696,1,1,1,0,0,1,0
1289412,1,0,0,0,0,0,1
1289483,1,0,0,0,0,0,0
1290437,0,0,0,0,0,0,0
1290456,1,1,1,0,0,0,1
1290461,0,0,0,0,0,0,0
1290691,1,1,1,1,0,0,1
1290712,0,0,0,0,0,0,0
1291237,1,0,0,0,0,0,1
1291373,1,0,0,0,0,0,1
1291658,0,0,0,0,0,0,0
1291676,1,0,0,0,0,0,1
1292733,1,1,1,0,0,0,1
1292750,1,0,0,0,0,0,1
1292793,1,0,0,0,0,0,1
1294109,1,0,0,0,0,0,1
1294516,1,1,1,1,0,1,1
1294655,1,1,1,1,0,0,1
1295153,1,1,0,0,0,0,1
1295391,1,0,0,0,0,0,1
1295963,1,0,0,0,0,0,1
1296317,1,0,0,0,0,0,1
1297633,1,1,0,0,0,0,1
1298852,1,1,0,0,0,1,0
1299185,1,1,1,0,0,0,1
1299516,1,0,0,0,0,0,1
1299901,1,1,0,0,0,0,0
1299918,1,1,1,0,0,1,0
1300465,1,1,1,0,0,0,1
1300513,1,0,0,0,0,0,1
1300818,1,1,1,0,0,0,1
1301680,1,1,1,0,0,0,0
1301725,1,1,1,0,0,0,1
1301766,1,0,0,0,0,0,1
1302292,1,0,0,0,0,0,1
1303127,1,1,1,0,0,1,0
1303461,1,1,0,0,0,1,1
1303552,1,1,0,0,0,0,1
1304989,1,1,1,1,0,0,1
1305704,1,0,0,0,0,0,1
1306680,1,1,1,0,0,0,0
1307637,1,1,1,0,0,0,0
1307872,1,1,1,0,0,0,1
1308468,1,0,0,0,0,0,1
1308946,1,1,0,0,0,1,0
1309444,1,0,0,0,0,0,1
1310307,0,0,0,0,0,0,0
1310614,1,1,1,0,0,0,1
1310656,1,0,0,0,0,0,1
1311590,0,0,0,0,0,0,1
1312165,1,1,1,0,0,0,0
1312614,1,0,0,0,0,0,1
1312853,1,0,0,0,0,0,1
1312872,1,1,1,0,0,0,0
1313730,1,1,1,0,0,0,1
1313868,1,1,1,0,0,0,1
1314060,1,1,1,0,0,0,1
1314393,1,1,1,0,0,0,1
1314793,1,1,1,0,0,0,0
1315489,1,1,1,0,0,0,1
1315625,1,0,0,0,0,0,1
1316245,1,0,0,0,0,0,1
1316413,1,1,1,0,0,0,1
1317463,1,1,1,0,0,0,0
1317577,1,1,1,0,0,0,1
1318389,1,0,0,0,0,0,1
1318483,1,1,1,0,0,0,1
1319751,1,1,1,0,0,0,1
1320252,1,1,1,0,0,0,1
1320894,1,1,1,0,0,0,0
1321032,1,1,1,0,0,0,0
1321272,1,1,0,0,0,0,1
1322826,1,1,1,1,0,0,1
1323593,1,1,1,0,0,0,0
1323706,1,1,1,0,0,0,1
1324329,1,0,0,0,0,0,1
1324370,1,0,0,0,0,0,1
1325565,1,1,1,0,0,1,0
1326618,1,1,1,0,0,0,1
1326805,1,0,0,0,0,0,1
1326923,1,1,0,0,0,1,0
1327422,1,0,0,0,0,0,1
1328163,1,1,1,0,0,0,1
1328204,0,0,0,0,0,0,0
1328394,1,1,1,0,0,0,1
1328438,0,0,0,0,0,0,1
1328440,0,0,0,0,0,0,0
1328695,0,0,0,0,0,0,1
1330032,1,1,1,0,0,0,1
1330055,1,1,1,0,0,0,1
1330436,1,1,1,0,0,0,1
1331489,0,0,0,0,0,0,0
1331820,1,1,1,0,0,0,1
1333204,0,0,0,0,0,0,1
1333969,1,1,1,0,0,0,0
1334204,1,1,1,0,0,0,1
1335618,1,1,1,0,0,0,0
1335876,1,0,0,0,0,0,1
1336834,1,1,1,0,0,0,1
1337044,0,0,0,0,0,0,1
1337235,1,1,1,0,0,0,0
1338212,1,1,1,0,0,0,1
1338499,1,1,1,0,0,0,1
1338665,1,1,1,1,0,0,0
1338996,1,1,1,0,0,0,0
1339542,1,1,1,0,0,0,1
1339804,1,0,0,0,0,0,1
1339892,1,1,1,0,0,0,1
1340274,0,0,0,0,0,0,1
1340277,0,0,0,0,0,0,1
1340772,0,0,0,0,0,0,1
1341125,0,0,0,0,0,0,0
1341144,1,0,0,0,0,0,1
1341768,1,0,0,0,0,0,1
1341929,1,0,0,0,0,0,1
1341948,1,0,0,0,0,0,1
1342069,1,1,1,0,0,0,1
1342468,0,0,0,0,0,0,1
1342777,1,0,0,0,0,0,1
1342894,0,0,0,0,0,0,1
1343921,1,1,1,0,0,0,1
1344637,1,0,0,0,0,0,1
1345643,1,1,1,0,0,0,0
1346791,1,1,1,0,0,0,1
1347818,1,1,1,0,0,0,1
1348367,1,1,1,0,0,0,1
1348940,1,1,1,0,0,0,0
1349055,1,0,0,0,0,0,1
1349245,1,1,1,0,0,0,0
1349310,1,1,1,0,0,0,1
1349548,1,0,0,0,0,0,1
1349636,1,1,1,1,0,0,0
1350381,1,1,1,0,0,0,1
1350780,1,1,1,0,0,0,1
1350875,1,1,1,0,0,0,1
1351014,1,1,1,0,0,0,1
1351444,1,1,1,0,0,0,1
1351729,1,1,0,0,0,0,1
1351793,1,1,1,0,0,0,0
1351863,1,1,1,0,0,0,1
1351882,1,1,1,0,0,0,1
1352408,1,0,0,0,0,0,1
1353051,0,0,0,0,0,0,1
1353117,1,0,0,0,0,0,1
1353476,1,0,0,0,0,0,1
1353999,1,1,1,0,0,0,1
1354308,1,1,1,0,0,0,1
1355141,1,1,1,1,0,0,1
1355212,1,1,1,0,0,0,1
1355949,0,0,0,0,0,0,1
1356833,1,0,0,0,0,0,1
1357932,0,0,0,0,0,0,0
1358893,0,0,0,0,0,0,0
1359054,1,1,1,0,0,0,0
1359288,1,1,1,0,0,0,1
1359937,1,1,0,0,0,0,1
1360050,1,1,1,0,0,0,1
1360886,1,1,0,0,0,0,1
1361171,1,1,1,0,0,0,0
1362392,1,1,1,0,0,0,0
1362435,1,1,1,0,0,0,1
1362502,1,1,0,0,0,0,1
1363506,1,1,1,0,0,0,1
1363551,1,1,1,0,0,0,1
1364001,0,0,0,0,0,0,0
1364070,0,0,0,0,0,0,1
1364380,0,0,0,0,0,0,1
1364878,1,0,0,0,0,0,1
1365452,1,1,0,0,0,0,1
1365494,1,0,0,0,0,0,1
1366260,1,0,0,0,0,0,1
1366444,0,0,0,0,0,0,0
1366730,1,1,1,0,0,0,1
1367089,1,1,1,0,0,0,0
1367250,0,0,0,0,0,0,1
1367294,0,0,0,0,0,0,1
1367744,1,1,0,0,0,0,1
1367748,1,1,1,0,0,0,1
1368196,1,0,0,0,0,0,1
1368553,0,0,0,0,0,0,1
1369004,1,0,0,0,0,0,1
1369984,1,1,0,0,0,0,1
1370312,1,0,0,0,0,0,1
1370695,1,1,1,0,0,0,0
1371145,1,1,1,0,0,0,0
1372004,1,0,0,0,0,0,1
1372097,1,1,0,0,0,0,1
1373436,1,1,0,0,0,0,1
1373961,1,1,1,0,0,0,1
1374172,0,0,0,0,0,0,1
1374458,1,1,0,0,0,0,0
1375269,1,1,0,0,0,0,1
1375725,0,0,0,0,0,0,0
1375860,1,1,1,0,0,0,1
1377156,1,1,0,0,0,0,0
1377316,1,1,1,0,0,0,1
1377317,1,1,1,0,0,0,1
1377863,1,1,1,0,0,0,0
1378484,1,1,0,0,0,0,1
1378692,1,1,0,0,0,0,1
1378931,1,1,0,0,0,0,1
1379551,1,0,0,0,0,0,1
1379640,1,1,0,0,0,0,1
1381460,0,0,0,0,0,0,1
1381626,1,1,1,0,0,0,0
1382798,1,1,1,0,0,0,1
1382893,1,1,0,0,0,0,0
1383319,1,1,0,0,0,0,1
1383434,1,0,0,0,0,0,1
1383721,1,1,0,0,0,0,1
1384481,1,1,1,0,0,0,0
1384551,1,0,0,0,0,0,1
1385652,1,1,1,0,0,0,0
1386727,1,1,1,0,0,0,1
1387396,1,1,1,0,0,0,1
1387440,0,0,0,0,0,0,1
1388632,0,0,0,0,0,0,0
1389156,0,0,0,0,0,0,1
1390140,1,1,1,0,0,0,1
1390492,1,1,0,0,0,0,1
1390610,1,1,0,0,0,0,0
1390797,1,1,1,1,0,0,1
1390893,1,1,0,0,0,0,0
1391559,1,1,1,0,0,0,1
1391721,1,0,0,0,0,0,1
1391958,1,1,0,0,0,0,1
1392192,1,1,0,0,0,0,1
1392861,1,0,0,0,0,0,1
1393144,1,0,0,0,0,0,1
1394174,1,1,0,0,0,0,1
1394744,1,1,1,0,0,0,1
1395292,0,0,0,0,0,0,1
1395434,1,1,1,0,0,0,1
1395597,0,0,0,0,0,0,1
1397300,1,1,0,0,0,0,0
1397581,1,1,0,0,0,0,1
1397864,1,1,0,0,0,0,1
1398057,0,0,0,0,0,0,0
1398386,1,0,0,0,0,0,1
1398719,1,1,0,0,0,0,0
1398720,1,1,1,1,1,1,0
1399455,1,0,0,0,0,0,1
1400221,0,0,0,0,0,0,1
1400476,1,0,0,0,0,0,1
1400620,1,0,0,0,0,0,1
1401092,1,0,0,0,0,0,1
1401426,1,1,1,0,0,0,1
1401876,0,0,0,0,0,0,1
1402068,1,1,0,0,0,0,1
1402374,1,0,0,0,0,0,1
1403714,1,1,0,0,0,0,1
1404741,1,1,0,0,0,1,0
1406635,1,1,1,0,0,0,0
1407158,1,1,1,0,0,0,1
1407397,0,0,0,0,0,0,0
1408254,1,0,0,0,0,0,1
1408257,1,0,0,0,0,0,1
1409060,1,1,0,0,0,0,0
1409252,1,1,1,0,0,0,0
1409726,1,1,0,0,0,0,1
1410755,1,1,1,0,0,0,1
1410822,1,0,0,0,0,0,1
1411418,0,0,0,0,0,0,1
1411583,1,0,0,0,0,0,1
1411913,1,0,0,0,0,0,0
1412054,1,0,0,0,0,0,1
1412625,1,0,0,0,0,0,1
1412694,1,0,0,0,0,0,1
1412738,0,0,0,0,0,0,1
1412903,1,1,1,0,0,0,1
1413281,1,0,0,0,0,0,1
1414335,1,0,0,0,0,0,1
1414405,0,0,0,0,0,0,1
1415165,1,1,0,0,0,0,1
1415883,1,1,1,1,0,0,1
1416212,1,1,1,0,0,0,0
1416256,0,0,0,0,0,0,1
1416400,1,1,1,0,0,0,0
1416419,1,0,0,0,0,0,1
1416846,1,1,0,0,0,0,1
1417081,1,1,0,0,0,0,1
1417319,1,0,0,0,0,0,1
1417604,1,0,0,0,0,0,1
1417721,1,1,0,0,0,0,1
1418481,1,0,0,0,0,0,1
1418572,1,1,1,0,0,0,1
1419600,1,1,0,0,0,0,1
1420292,1,0,0,0,0,0,1
1423360,1,0,0,0,0,0,1
1423529,1,1,0,0,0,0,1
1424003,1,1,1,0,0,0,1
1424004,1,1,1,0,0,0,1
1424018,1,0,0,0,0,0,0
1424496,1,0,0,0,0,0,1
1424827,1,1,0,0,0,0,1
1425661,0,0,0,0,0,0,0
1425664,1,0,0,0,0,0,1
1426087,1,0,0,0,0,0,1
1426780,1,0,0,0,0,0,1
1427495,1,1,0,0,0,0,1
1428448,1,0,0,0,0,0,1
1429744,1,1,1,0,0,0,1
1430701,1,1,0,0,0,0,0
1431198,1,1,1,0,0,0,0
1431316,1,1,0,0,0,0,1
1431407,1,1,1,0,0,0,1
1432003,1,0,0,0,0,0,1
1432478,1,1,0,0,0,0,1
1432572,1,0,0,0,0,0,1
1432829,1,1,0,0,0,0,0
1433306,0,0,0,0,0,0,1
1433397,0,0,0,0,0,0,1
1433416,1,1,1,1,0,0,1
1433559,1,0,0,0,0,0,1
1434080,1,0,0,0,0,0,1
1435136,1,1,1,0,0,0,1
1435274,1,1,1,0,0,0,1
1436278,1,0,0,0,0,0,1
1436322,0,0,0,0,0,0,1
1436989,1,1,0,0,0,0,1
1437585,1,0,0,0,0,0,1
1437849,1,1,1,0,0,0,0
1437866,1,1,0,0,0,0,1
1438654,1,0,0,0,0,0,1
1438657,1,0,0,0,0,0,1
1439246,0,0,0,0,0,0,1
1439625,1,1,1,0,0,0,1
1439670,0,0,0,0,0,0,1
1440653,1,1,0,0,0,0,1
1440719,0,0,0,0,0,0,0
1441240,1,1,1,0,0,0,0
1441790,1,1,1,0,0,0,1
1442193,1,1,0,0,0,0,1
1442288,1,1,1,0,0,0,0
1442813,1,1,0,0,0,0,1
1443308,1,1,1,1,0,0,1
1443449,1,1,0,0,0,0,1
1443710,1,1,1,0,0,0,1
1443754,0,0,0,0,0,0,1
1443965,0,0,0,0,0,0,1
1444032,1,0,0,0,0,0,1
1444368,1,1,1,0,0,0,1
1445634,1,1,0,0,0,0,1
1446036,0,0,0,0,0,0,1
1447594,1,0,0,0,0,0,1
1447879,1,1,1,0,0,0,0
1449074,1,0,0,0,0,0,1
1449959,1,1,0,0,0,0,1
1449976,1,1,1,0,0,1,1
1449981,1,1,0,0,0,0,0
1450258,0,0,0,0,0,0,1
1450830,0,0,0,0,0,0,1
1451067,1,0,0,0,0,0,1
1451133,1,1,1,0,0,0,0
1451540,1,1,1,0,0,1,0
1452134,1,1,0,0,0,0,1
1452176,0,0,0,0,0,0,1
1452197,1,0,0,0,0,0,1
1452241,0,0,0,0,0,0,1
1452285,0,0,0,0,0,0,1
1452549,1,1,0,0,0,0,1
1452852,1,0,0,0,0,0,1
1453402,0,0,0,0,0,0,1
1454577,1,1,0,0,0,0,1
1455816,1,1,1,0,0,0,1
1456489,1,1,0,0,0,0,1
1457416,1,0,0,0,0,0,1
1458231,1,1,1,0,0,0,0
1458541,1,0,0,0,0,0,1
1458704,1,1,0,0,0,0,0
1458915,1,0,0,0,0,0,1
1459461,1,0,0,0,0,0,0
1459989,1,1,0,0,0,0,1
1460582,1,1,1,0,0,0,0
1461441,1,1,1,0,0,0,1
1461680,1,1,1,0,0,0,1
1462826,1,1,1,0,0,0,1
1463685,1,1,1,0,0,0,1
1464592,1,1,0,0,0,0,0
1466103,0,0,0,0,0,0,0
1466144,1,0,0,0,0,0,1
1467177,1,1,1,0,0,0,0
1467288,0,0,0,0,0,0,1
1467673,0,0,0,0,0,0,1
1468868,1,1,1,0,0,0,0
1469704,1,0,0,0,0,0,1
1470010,1,1,1,0,0,0,0
1470705,1,1,1,1,0,0,1
1470749,0,0,0,0,0,0,1
1470861,1,1,1,0,0,0,0
1471340,1,1,1,0,0,0,1
1472943,1,1,1,0,0,0,1
1474472,1,1,1,0,0,0,0
1474516,0,0,0,0,0,0,1
1475258,1,1,1,0,0,0,1
1475806,0,0,0,0,0,0,1
1476209,1,1,1,0,0,0,1
1476449,1,1,1,0,0,0,1
1476539,1,1,1,0,0,0,1
1476824,1,1,1,0,0,0,1
1477467,0,0,0,0,0,0,1
1477485,0,0,0,0,0,0,1
1477507,0,0,0,0,0,0,1
1477792,1,0,0,0,0,0,1
1478433,1,0,0,0,0,0,1
1478575,1,1,1,0,0,0,1
1478957,1,1,1,0,0,0,1
1479909,0,0,0,0,0,0,1
1480769,1,0,0,0,0,0,1
1481149,0,0,0,0,0,0,1
1481672,1,1,1,0,0,0,0
1481837,1,0,0,0,0,0,1
1482336,1,0,0,0,0,0,1
1482958,1,1,1,0,0,0,0
1483264,1,1,0,0,0,0,1
1483933,0,0,0,0,0,0,1
1484244,1,1,1,0,0,0,1
1485751,1,1,1,0,0,0,0
1486133,1,1,1,0,0,1,0
1486413,1,1,1,0,0,1,1
1486602,1,1,1,1,1,1,0
1486648,1,1,1,0,0,0,1
1487123,1,1,1,0,0,0,1
1487457,1,0,0,0,0,0,1
1487521,1,1,1,0,0,0,1
1487830,0,0,0,0,0,0,1
1487848,1,0,0,0,0,0,1
1488061,1,0,0,0,0,0,1
1489115,1,1,1,0,0,0,1
1489185,1,0,0,0,0,0,1
1489731,1,0,0,0,0,0,1
1489873,1,0,0,0,0,0,1
1490493,1,0,0,0,0,0,1
1491039,1,1,1,0,0,0,1
1491181,0,0,0,0,0,0,1
1493238,1,1,1,0,0,0,1
1493241,1,1,1,0,0,0,1
1493808,1,1,1,0,0,1,0
1495024,1,1,1,0,0,0,0
1495046,1,1,1,0,0,0,1
1495233,1,1,1,0,0,0,0
1496717,1,1,1,0,0,0,1
1496976,1,1,1,0,0,0,1
1497333,0,0,0,0,0,0,1
1497405,1,1,1,0,0,0,1
1498073,0,0,0,0,0,0,1
1498090,1,1,1,0,0,1,1
1498157,0,0,0,0,0,0,1
1498201,0,0,0,0,0,0,1
1498203,1,1,1,0,0,1,0
1498962,1,0,0,0,0,0,1
1499297,1,1,0,0,0,0,1
1499315,1,1,1,1,0,0,1
1500388,1,1,1,0,0,0,1
1500393,1,1,0,0,0,0,1
1500837,1,1,1,0,0,0,1
1500956,1,1,1,0,0,1,0
1501332,1,1,1,0,0,0,1
1501765,1,1,0,0,0,0,1
1502480,1,1,1,0,0,0,1
1502640,1,1,1,0,0,0,1
1504796,1,1,1,0,0,0,1
1504840,0,0,0,0,0,0,1
1505436,1,0,0,0,0,0,1
1506130,1,1,1,0,0,0,0
1506487,1,1,0,0,0,1,0
1507442,1,1,0,0,0,0,1
1508013,1,1,1,0,0,1,0
1508949,1,1,1,0,0,1,0
1509421,1,0,0,0,0,0,1
1509660,1,1,1,0,0,0,0
1510182,1,1,1,1,0,0,1
1510417,1,1,0,0,0,0,1
1510724,1,1,1,1,0,0,1
1510865,0,0,0,0,0,0,1
1510909,0,0,0,0,0,0,1
1511412,1,1,1,0,0,0,1
1511764,1,1,0,0,0,0,1
1513659,1,1,1,0,0,0,0
1513700,1,1,1,0,0,0,1
1514203,1,0,0,0,0,0,1
1514869,0,0,0,0,0,0,1
1515803,1,1,1,1,0,0,1
1515965,0,0,0,0,0,0,1
1516109,1,1,1,0,0,0,0
1516557,1,0,0,0,0,0,1
1516771,1,0,0,0,0,0,1
1517342,1,1,1,0,0,1,0
1517529,1,0,0,0,0,0,1
1518584,1,1,1,0,0,0,0
1519060,0,0,0,0,0,0,1
1520376,1,0,0,0,0,0,1
1520872,0,0,0,0,0,0,0
1521640,1,0,0,0,0,0,1
1522284,1,0,0,0,0,0,1
1522324,1,0,0,0,0,0,1
1522731,1,1,1,1,0,0,1
1523281,1,1,1,0,0,0,0
1523660,1,1,1,1,0,0,1
1524518,1,1,1,0,0,1,0
1524705,1,1,1,1,0,0,0
1525134,1,0,0,0,0,0,1
1525277,1,1,1,1,0,0,1
1525341,1,0,0,0,0,0,1
1525555,1,1,1,0,0,0,1
1525620,1,1,1,1,1,1,0
1525976,0,0,0,0,0,0,1
1526980,1,0,0,0,0,0,1
1527074,0,0,0,0,0,0,1
1527433,1,0,0,0,0,0,1
1528293,1,1,1,0,0,0,1
1528407,1,1,0,0,0,0,1
1528952,0,0,0,0,0,0,1
1529505,1,1,1,0,0,0,1
1529549,0,0,0,0,0,0,1
1529951,1,1,1,0,0,0,1
1530525,1,0,0,0,0,0,1
1530808,1,1,1,0,0,0,0
1531884,1,1,1,0,0,0,1
1532020,1,1,1,0,0,1,1
1532497,0,0,0,0,0,0,0
1533333,1,0,0,0,0,0,1
1534024,1,1,1,0,0,0,1
1534238,1,1,1,0,0,0,0
1535097,0,0,0,0,0,0,1
1535169,1,1,1,1,0,0,1
1536457,1,1,1,0,0,0,1
1536501,0,0,0,0,0,0,1
1537121,1,0,0,0,0,0,1
1537123,1,1,1,0,0,0,0
1537496,1,0,0,0,0,0,1
1537662,1,1,1,0,0,0,1
1538281,1,1,1,0,0,0,1
1538396,1,0,0,0,0,0,1
1538440,0,0,0,0,0,0,1
1539040,1,1,1,0,0,1,0
1539872,1,1,0,0,0,0,1
1540182,1,0,0,0,0,0,1
1540227,1,1,1,0,0,0,1
1542337,1,1,1,0,0,0,0
1543243,1,1,1,1,1,1,0
1543313,1,0,0,0,0,0,1
1543616,1,1,0,0,0,0,1
1543977,1,0,0,0,0,0,1
1545457,0,0,0,0,0,0,0
1546224,1,1,1,0,0,0,0
1546315,1,1,1,1,0,0,1
1546500,1,1,1,0,0,0,1
1546737,1,0,0,0,0,0,1
1546905,1,1,1,1,0,0,1
1547354,1,1,0,0,0,0,0
1547637,1,0,0,0,0,0,1
1547995,1,0,0,0,0,0,1
1548372,1,1,1,0,0,0,1
1549208,0,0,0,0,0,0,1
1550241,1,1,1,0,0,0,1
1550882,1,1,1,0,0,0,1
1550972,1,1,1,0,0,0,1
1551019,1,1,1,0,0,0,1
1551089,1,0,0,0,0,0,1
1551129,1,1,1,1,0,0,1
1551797,1,0,0,0,0,0,1
1552010,1,1,0,0,0,0,1
1553376,0,0,0,0,0,0,0
1553877,1,1,1,1,0,0,1
1554064,1,0,0,0,0,0,1
1554108,0,0,0,0,0,0,1
1554681,1,0,0,0,0,0,1
1555349,1,0,0,0,0,0,1
1556492,1,1,1,1,0,0,1
1556901,1,1,0,0,0,0,1
1557180,1,0,0,0,0,0,1
1558187,1,1,1,0,0,0,0
1558229,1,1,1,0,0,0,1
1558947,1,0,0,0,0,0,1
1559182,1,0,0,0,0,0,0
1559925,1,0,0,0,0,0,1
1560665,1,0,0,0,0,0,1
1560875,0,0,0,0,0,0,1
1561038,1,1,1,0,0,0,1
1561276,1,1,1,0,0,0,0
1561341,1,1,1,1,0,0,1
1561674,1,0,0,0,0,0,1
1561913,1,1,1,0,0,0,1
1562818,1,1,1,0,0,0,1
1563077,1,1,1,0,0,0,1
1563412,1,1,1,0,0,0,1
1564340,1,1,1,0,0,0,0
1564384,0,0,0,0,0,0,1
1564598,1,1,0,0,0,0,1
1565052,1,1,1,0,0,0,1
1565140,1,0,0,0,0,0,1
1565689,1,0,0,0,0,0,1
1565830,1,1,1,1,1,1,0
1566044,1,1,1,1,0,0,1
1566373,1,0,0,0,0,0,1
1567042,1,0,0,0,0,0,1
1567662,1,0,0,0,0,0,1
1567921,1,1,1,0,0,0,1
1568015,1,0,0,0,0,0,0
1568537,0,0,0,0,0,0,1
1569065,1,1,1,0,0,0,0
1570354,1,1,1,0,0,0,1
1571214,1,1,0,0,0,0,1
1571473,1,1,1,1,0,0,1
1571830,1,0,0,0,0,0,1
1571921,0,0,0,0,0,0,1
1572300,1,1,1,0,0,1,0
1572563,1,1,1,1,0,0,1
1573208,1,1,1,0,0,0,0
1573209,1,1,1,0,0,0,1
1574015,1,1,1,0,0,0,1
1574109,1,1,1,0,0,0,1
1574993,1,1,1,1,0,0,1
1576019,1,1,1,0,0,0,1
1576021,1,1,1,1,0,0,1
1576923,1,0,0,0,0,0,1
1577687,1,1,1,0,0,0,1
1578475,1,0,0,0,0,0,1
1578998,1,0,0,0,0,0,0
1579089,1,1,1,1,0,0,0
1579468,1,1,1,0,0,0,0
1580353,1,1,1,0,0,0,1
1580376,1,1,1,0,0,0,0
1580684,0,0,0,0,0,0,1
1582284,1,1,1,0,0,0,1
1582498,1,1,1,0,0,0,1
1583193,1,1,1,0,0,0,0
1583449,1,1,1,0,0,0,1
1583472,1,1,1,1,1,1,0
1583515,1,1,1,0,0,0,1
1583942,1,1,1,0,0,0,1
1584397,1,1,1,0,0,0,1
1585136,1,1,1,1,1,1,0
1585154,1,1,1,0,0,0,1
1585321,1,1,1,0,0,0,1
1585504,1,1,1,0,0,0,1
1586318,1,1,0,0,0,0,1
1586508,1,1,1,0,0,0,1
1586764,1,1,0,0,0,0,1
1587293,0,0,0,0,0,0,1
1587404,1,0,0,0,0,0,1
1588264,0,0,0,0,0,0,1
1588624,1,1,0,0,0,0,1
1588693,0,0,0,0,0,0,1
1588972,1,0,0,0,0,0,1
1589284,1,0,0,0,0,0,1
1589732,1,0,0,0,0,0,1
1590593,1,1,1,0,0,1,0
1590663,1,1,1,0,0,1,0
1591667,1,1,1,0,0,0,1
1591733,1,1,1,1,1,1,0
1593073,1,1,1,0,0,0,1
1593478,0,0,0,0,0,0,0
1594194,0,0,0,0,0,0,1
1594285,1,1,1,0,0,0,1
1595841,1,1,1,1,0,0,1
1595865,0,0,0,0,0,0,0
1596460,1,0,0,0,0,0,0
1596908,1,1,1,0,0,1,0
1597027,1,1,1,0,0,0,1
1597504,1,0,0,0,0,0,1
1597808,1,1,1,0,0,0,1
1598812,1,1,1,0,0,0,1
1600464,1,1,1,0,0,0,1
1601064,1,1,1,0,0,1,1
1601370,1,1,1,0,0,1,0
1601580,1,1,1,0,0,0,1
1602250,0,0,0,0,0,0,1
1602292,1,0,0,0,0,0,1
1603009,1,1,1,0,0,0,0
1603033,1,1,1,1,0,0,0
1603818,1,1,1,0,0,0,1
1604199,1,1,1,0,0,0,0
1604576,1,1,1,0,0,0,1
1605103,0,0,0,0,0,0,1
1605773,1,1,1,1,0,0,1
1605788,0,0,0,0,0,0,1
1606913,1,1,1,0,0,1,1
1608133,1,1,1,0,0,0,1
1608228,1,1,1,0,0,0,0
1609156,0,0,0,0,0,0,1
1610112,1,0,0,0,0,0,1
1610160,1,1,1,0,0,0,1
1610250,1,1,1,0,0,0,1
1610556,0,0,0,0,0,0,1
1612064,0,0,0,0,0,0,1
1612279,1,1,1,0,0,1,0
1612610,1,1,1,1,1,1,0
1612844,1,1,1,0,0,0,1
1612941,1,1,1,0,0,1,0
1613580,1,0,0,0,0,0,1
1613869,1,0,0,0,0,0,1
1614244,1,0,0,0,0,0,1
1615297,1,1,1,0,0,1,0
1615628,1,1,1,0,0,0,1
1617332,1,1,1,0,0,1,0
1617948,0,0,0,0,0,0,1
1618521,0,0,0,0,0,0,1
1618660,1,0,0,0,0,0,1
1619451,1,1,1,0,0,1,0
1619564,1,1,0,0,0,0,1
1619585,1,0,0,0,0,0,1
1619774,1,1,1,0,0,1,0
1620417,1,1,1,0,0,0,1
1620628,1,0,0,0,0,0,1
1620748,0,0,0,0,0,0,1
1620958,1,0,0,0,0,0,1
1620979,1,0,0,0,0,0,1
1621025,1,1,1,0,0,0,0
1622029,1,1,1,0,0,0,1
1622552,0,0,0,0,0,0,1
1623291,1,1,1,0,0,0,1
1623476,1,1,1,0,0,0,1
1624075,1,1,1,0,0,0,1
1624384,1,1,1,1,0,0,1
1624835,1,1,1,0,0,0,1
1624996,1,1,1,0,0,0,1
1625404,1,1,1,0,0,0,1
1625660,1,0,0,0,0,0,1
1627577,1,1,1,0,0,0,0
1627888,1,1,1,0,0,0,1
1628122,1,0,0,0,0,0,0
1628239,1,1,1,0,0,0,1
1629099,1,1,1,0,0,0,1
1629193,1,1,1,0,0,0,0
1629402,0,0,0,0,0,0,1
1629663,1,0,0,0,0,0,1
1629973,1,1,1,0,0,0,1
1632393,1,1,1,1,0,0,1
1632840,1,1,1,0,0,0,0
1633176,1,1,1,1,0,1,1
1633581,1,1,0,0,0,0,1
1633956,1,0,0,0,0,0,1
1634290,1,1,1,1,1,1,0
1634741,1,1,1,0,0,1,0
1635528,1,1,1,0,0,0,1
1635549,1,1,1,0,0,0,1
1635765,1,1,1,1,0,0,1
1635854,1,1,1,0,0,0,1
1636160,1,0,0,0,0,0,1
1636401,1,0,0,0,0,0,1
1636827,1,1,1,0,0,1,0
1637014,1,0,0,0,0,0,1
1637347,0,0,0,0,0,0,1
1637391,0,0,0,0,0,0,1
1637960,0,0,0,0,0,0,1
1638127,1,0,0,0,0,0,1
1638840,0,0,0,0,0,0,1
1638983,1,1,0,0,0,0,1
1639193,1,1,1,1,0,0,1
1640320,1,1,1,0,0,0,0
1640387,1,0,0,0,0,0,1
1640765,1,0,0,0,0,0,1
1641220,1,0,0,0,0,0,1
1641263,1,0,0,0,0,0,1
1641352,1,1,1,0,0,0,1
1641711,0,0,0,0,0,0,1
1642140,1,0,0,0,0,0,1
1642397,1,1,1,0,0,0,1
1642995,1,1,1,0,0,0,1
1643184,1,0,0,0,0,0,1
1643541,1,1,1,0,0,0,0
1643679,1,0,0,0,0,0,1
1644154,1,1,1,0,0,0,0
1645473,1,0,0,0,0,0,1
1645779,1,1,1,0,0,0,1
1647071,1,1,1,0,0,0,1
1647212,1,1,1,0,0,0,1
1647353,1,0,0,0,0,0,1
1648019,1,0,0,0,0,0,1
1648516,0,0,0,0,0,0,0
1648949,1,0,0,0,0,0,1
1649447,0,0,0,0,0,0,1
1649464,0,0,0,0,0,0,1
1649557,1,0,0,0,0,0,0
1651187,1,0,0,0,0,0,1
1651326,1,0,0,0,0,0,0
1652716,0,0,0,0,0,0,1
1653385,1,0,0,0,0,0,1
1653616,1,1,1,0,0,0,1
1653664,1,0,0,0,0,0,1
1654258,0,0,0,0,0,0,1
1655934,1,1,0,0,0,0,1
1656696,1,1,1,0,0,0,1
1656741,0,0,0,0,0,0,0
1657890,1,1,1,0,0,0,1
1658340,1,1,0,0,0,0,1
1658363,1,0,0,0,0,0,0
1658478,1,0,0,0,0,0,1
1659626,1,0,0,0,0,0,1
1659911,1,1,1,0,0,0,1
1660506,1,0,0,0,0,0,1
1660553,1,1,1,0,0,0,0
1660836,1,1,1,0,0,0,0
1661479,1,0,0,0,0,0,1
1661642,1,1,0,0,0,0,1
1662574,1,1,0,0,0,0,1
1662763,1,1,1,0,0,0,1
1662880,1,1,1,0,0,0,1
1663428,0,0,0,0,0,0,1
1663901,1,1,1,0,0,0,0
1664188,1,0,0,0,0,0,1
1664471,1,0,0,0,0,0,1
1664610,1,1,1,0,0,0,1
1665492,1,1,1,0,0,0,0
1665779,1,0,0,0,0,0,1
1666040,1,1,0,0,0,0,1
1666370,1,1,1,0,0,0,1
1666679,1,0,0,0,0,0,1
1666794,0,0,0,0,0,0,1
1666960,1,0,0,0,0,0,1
1667701,1,1,1,0,0,0,0
1668055,0,0,0,0,0,0,1
1668056,1,0,0,0,0,0,1
1669153,1,0,0,0,0,0,1
1669172,1,0,0,0,0,0,1
1669742,1,1,1,0,0,0,1
1669955,1,1,1,0,0,0,1
1670212,1,1,0,0,0,0,1
1670764,1,1,0,0,0,0,1
1670828,1,0,0,0,0,0,1
1670947,1,0,0,0,0,0,1
1671037,1,1,1,0,0,0,0
1671469,1,0,0,0,0,0,1
1671511,0,0,0,0,0,0,1
1671625,0,0,0,0,0,0,1
1672028,1,1,0,0,0,0,1
1672173,1,0,0,0,0,0,1
1672504,1,1,1,0,0,0,1
1673937,1,1,1,0,0,0,1
1674893,1,0,0,0,0,0,1
1676186,1,1,1,0,0,0,1
1676233,1,1,1,0,0,0,1
1676513,1,1,1,0,0,0,1
1677617,1,1,1,0,0,0,1
1678066,1,0,0,0,0,0,1
1678517,1,1,1,0,0,0,1
1678683,0,0,0,0,0,0,0
1679204,1,1,1,0,0,0,0
1679347,1,0,0,0,0,0,1
1679417,1,1,1,0,0,0,1
1679676,1,1,1,0,0,0,0
1680244,0,0,0,0,0,0,1
1680603,1,1,0,0,0,0,1
1680982,1,1,1,0,0,0,1
1681147,0,0,0,0,0,0,1
1681549,1,1,0,0,0,0,1
1682170,1,0,0,0,0,0,1
1682359,1,1,0,0,0,0,1
1682833,1,0,0,0,0,0,1
1683405,0,0,0,0,0,0,1
1683449,0,0,0,0,0,0,1
1684332,1,1,1,1,0,0,1
1684739,1,1,1,0,0,0,1
1685502,1,1,1,0,0,1,1
1685907,1,1,0,0,0,0,1
1686577,1,1,1,0,0,1,0
1686836,1,1,0,0,0,0,0
1688247,1,1,1,0,0,0,1
1688820,1,1,1,0,0,0,1
1689199,1,1,1,0,0,0,1
1690083,0,0,0,0,0,0,1
1690413,1,1,1,0,0,0,1
1691179,1,1,1,0,0,0,1
1691508,1,1,1,0,0,0,0
1692540,1,1,1,0,0,0,1
1692678,1,1,1,0,0,0,0
1692722,0,0,0,0,0,0,1
1692860,1,1,1,0,0,0,1
1693749,1,1,1,0,0,1,0
1695352,1,1,1,0,0,0,1
1696140,1,0,0,0,0,0,1
1697597,1,1,1,0,0,0,0
1698363,1,1,1,0,0,1,0
1699416,1,1,1,0,0,0,1
1699483,1,1,0,0,0,0,1
1699910,1,1,0,0,0,0,0
1700048,1,1,1,0,0,1,0
1700239,1,0,0,0,0,0,1
1700688,1,0,0,0,0,0,1
1700929,1,1,1,0,0,1,0
1701620,1,1,1,0,0,0,1
1701761,1,1,1,0,0,0,1
1702208,1,1,1,1,0,0,1
1702399,1,1,1,0,0,1,1
1702443,0,0,0,0,0,0,1
1703420,1,1,0,0,0,0,1
1703900,1,1,1,1,0,0,1
1704757,1,1,1,0,0,0,0
1707082,1,1,1,0,0,1,0
1708953,1,1,1,0,0,1,0
1709643,1,1,1,0,0,0,0
1710142,1,1,1,0,0,1,1
1710211,1,0,0,0,0,0,1
1710612,1,1,0,0,0,0,0
1710850,1,0,0,0,0,0,1
1711088,1,1,1,0,0,0,0
1711588,1,0,0,0,0,0,1
1711628,1,1,1,0,0,0,1
1711937,1,1,1,0,0,1,0
1711982,1,1,0,0,0,0,1
1712556,1,0,0,0,0,0,1
1712741,1,1,0,0,0,0,1
1713290,0,0,0,0,0,0,1
1714292,1,1,1,1,0,0,1
1714864,1,0,0,0,0,0,1
1715700,1,0,0,0,0,0,1
1716109,1,1,1,0,0,1,0
1716412,1,1,0,0,0,0,1
1716749,1,0,0,0,0,0,1
1717367,1,1,1,0,0,0,0
1717725,1,1,1,1,0,0,1
1717959,1,0,0,0,0,0,1
1719008,1,1,1,0,0,0,1
1719652,0,0,0,0,0,0,1
1719724,0,0,0,0,0,0,0
1719909,1,1,1,0,0,0,0
1720312,1,0,0,0,0,0,1
1720454,1,1,1,0,0,1,0
1720476,1,0,0,0,0,0,1
1721382,1,0,0,0,0,0,1
1721880,1,0,0,0,0,0,1
1721884,1,1,1,0,0,0,1
1723408,1,0,0,0,0,0,1
1723718,0,0,0,0,0,0,1
1724456,1,1,0,0,0,0,1
1724889,1,1,0,0,0,0,0
1725122,0,0,0,0,0,0,1
1725123,1,1,1,0,0,1,0
1725664,1,1,0,0,0,0,1
1725974,1,1,0,0,0,0,1
1726427,1,1,1,0,0,0,1
1726902,1,1,1,0,0,0,1
1727065,1,1,1,0,0,0,0
1727351,1,1,0,0,0,0,1
1727610,1,0,0,0,0,0,1
1727653,1,0,0,0,0,0,1
1728034,0,0,0,0,0,0,1
1728533,1,0,0,0,0,0,1
1728651,1,1,1,1,0,0,1
1728957,1,0,0,0,0,0,1
1729028,1,1,1,0,0,0,0
1729047,0,0,0,0,0,0,1
1729523,0,0,0,0,0,0,1
1729589,1,0,0,0,0,0,1
1729995,0,0,0,0,0,0,1
1730061,1,0,0,0,0,0,1
1730084,1,1,0,0,0,0,1
1730605,1,0,0,0,0,0,1
1730988,1,1,0,0,0,0,1
1731703,1,1,0,0,0,0,1
1731793,1,1,1,0,0,0,1
1731984,1,1,0,0,0,0,1
1732005,1,1,1,0,0,1,0
1732239,1,0,0,0,0,0,1
1732354,1,1,1,0,0,0,1
1732638,0,0,0,0,0,0,1
1732776,1,1,1,1,0,0,0
1732847,1,0,0,0,0,0,1
1733993,1,0,0,0,0,0,1
1734087,1,1,1,0,0,0,1
1735836,1,1,1,1,0,0,1
1735880,0,0,0,0,0,0,1
1736453,1,1,1,0,0,0,1
1736616,1,1,0,0,0,0,1
1737401,1,1,1,0,0,0,1
1737445,0,0,0,0,0,0,1
1737468,0,0,0,0,0,0,1
1737777,1,1,0,0,0,0,1
1737892,0,0,0,0,0,0,1
1738053,1,0,0,0,0,0,1
1738197,0,0,0,0,0,0,1
1738384,0,0,0,0,0,0,1
1738933,0,0,0,0,0,0,1
1739648,1,1,1,0,0,0,1
1739786,1,1,1,0,0,0,0
1739924,1,1,0,0,0,0,0
1740162,0,0,0,0,0,0,1
1740734,1,0,0,0,0,0,1
1741093,0,0,0,0,0,0,1
1741231,1,1,1,1,0,0,0
1741370,1,0,0,0,0,0,1
1741823,1,0,0,0,0,0,1
1742277,0,0,0,0,0,0,1
1742462,1,1,0,0,0,0,1
1742699,1,1,0,0,0,0,1
1743462,1,1,1,0,0,0,1
1743579,1,1,0,0,0,0,1
1744341,1,1,1,1,1,1,0
1744890,1,1,1,0,0,0,1
1745438,1,0,0,0,0,0,1
1745938,1,0,0,0,0,0,1
1746007,1,1,0,0,0,0,1
1746049,1,1,1,0,0,0,1
1746381,0,0,0,0,0,0,1
1746402,0,0,0,0,0,0,1
1746495,1,0,0,0,0,0,1
1746780,1,1,1,0,0,0,0
1746869,0,0,0,0,0,0,1
1747056,1,1,1,0,0,0,0
1747270,1,0,0,0,0,0,1
1747289,0,0,0,0,0,0,1
1747384,0,0,0,0,0,0,1
1747784,1,0,0,0,0,0,1
1747788,0,0,0,0,0,0,1
1747826,0,0,0,0,0,0,1
1748276,0,0,0,0,0,0,1
1748348,0,0,0,0,0,0,1
1748700,0,0,0,0,0,0,1
1748770,0,0,0,0,0,0,1
1749393,1,1,1,1,0,0,0
1749432,1,1,0,0,0,0,1
1750440,1,1,1,1,0,0,1
1750672,1,0,0,0,0,0,1
1752780,1,1,1,0,0,0,1
1753643,1,1,1,0,0,0,0
1753950,1,1,1,0,0,0,1
1753968,1,1,0,0,0,0,1
1754445,1,1,1,0,0,0,0
1754634,1,0,0,0,0,0,1
1754752,1,1,1,1,0,0,1
1754795,1,1,0,0,0,0,1
1755631,1,0,0,0,0,0,1
1755722,1,1,1,0,0,0,1
1756561,1,1,1,1,0,0,0
1756578,1,0,0,0,0,0,1
1756887,1,1,1,0,0,0,1
1758035,1,1,0,0,0,0,1
1760238,1,1,1,1,0,0,1
1760906,1,0,0,0,0,0,1
1761140,1,1,1,0,0,0,0
1761617,1,1,1,0,0,0,0
1761710,1,1,1,1,0,0,1
1761803,1,0,0,0,0,0,1
1761920,1,1,1,1,0,0,0
1762537,1,1,1,0,0,0,1
1762559,0,0,0,0,0,0,1
1763056,1,0,0,0,0,0,1
1763729,1,1,1,0,0,0,0
1764058,1,1,0,0,0,0,1
1764149,1,1,1,0,0,0,1
1764360,1,1,1,0,0,0,1
1764673,1,1,1,0,0,0,1
1765025,1,1,1,0,0,0,1
1765428,1,1,1,0,0,0,1
1765665,1,0,0,0,0,0,1
1765809,1,1,1,0,0,0,1
1765850,1,0,0,0,0,0,1
1766108,1,1,1,0,0,0,1
1766273,1,0,0,0,0,0,1
1766606,1,1,1,0,0,0,1
1767561,0,0,0,0,0,0,1
1767846,1,0,0,0,0,0,1
1768200,1,1,1,0,0,0,1
1768701,1,0,0,0,0,0,1
1768720,1,0,0,0,0,0,1
1769056,1,1,1,1,0,0,0
1769218,1,1,0,0,0,0,1
1769695,1,1,1,0,0,0,0
1770266,1,0,0,0,0,0,1
1770764,1,1,1,0,0,0,1
1771194,1,0,0,0,0,0,1
1771240,1,1,1,1,0,0,1
1771427,1,1,0,0,0,0,1
1771636,1,0,0,0,0,0,1
1771827,0,0,0,0,0,0,1
1772086,1,1,1,1,0,0,1
1772488,1,1,1,0,0,0,1
1772799,1,1,1,1,0,0,1
1772941,1,1,1,0,0,0,0
1773054,1,1,1,1,0,0,1
1774756,1,0,0,0,0,0,1
1774870,1,1,0,0,0,0,1
1775133,1,1,0,0,0,0,1
1775845,1,1,1,0,0,0,0
1776298,1,1,0,0,0,0,1
1776512,1,1,1,1,0,0,1
1776581,1,1,1,0,0,0,1
1776742,0,0,0,0,0,0,1
1777553,1,1,1,0,0,0,1
1778413,1,0,0,0,0,0,1
1778941,1,1,1,0,0,0,1
1779152,1,0,0,0,0,0,1
1779553,1,1,0,0,0,0,1
1779644,1,1,1,0,0,0,0
1779884,1,0,0,0,0,0,1
1779905,1,0,0,0,0,0,1
1779947,1,1,1,0,0,0,0
1780592,1,0,0,0,0,0,1
1780611,1,0,0,0,0,0,1
1781037,1,0,0,0,0,0,1
1781081,0,0,0,0,0,0,1
1781105,1,1,1,0,0,0,1
1782369,1,1,1,1,0,0,1
1782633,1,1,0,0,0,0,1
1782651,1,1,0,0,0,0,1
1783511,1,1,1,1,0,0,1
1783513,1,1,1,0,0,0,1
1783886,1,1,1,1,0,0,0
1784556,1,1,1,1,0,0,1
1784601,1,1,0,0,0,0,1
1784618,0,0,0,0,0,0,1
1784997,1,1,1,1,0,0,1
1785716,1,0,0,0,0,0,1
1786788,1,1,1,0,0,0,0
1786932,1,0,0,0,0,0,1
1787070,1,0,0,0,0,0,1
1787114,0,0,0,0,0,0,1
1787257,1,0,0,0,0,0,1
1787488,1,1,0,0,0,0,1
1788396,1,1,1,1,0,0,1
1788540,1,1,0,0,0,0,1
1788561,1,1,1,1,1,1,0
1788771,1,1,1,1,0,0,1
1788837,1,1,1,1,0,0,1
1789314,1,1,1,0,0,0,1
1789576,1,1,1,0,0,0,1
1789909,1,1,1,1,0,0,1
1790719,1,1,1,0,0,0,1
1791005,1,1,1,1,0,0,1
1791189,1,1,1,0,0,0,1
1791191,1,0,0,0,0,0,1
1791231,0,0,0,0,0,0,1
1791322,1,0,0,0,0,0,1
1791724,1,0,0,0,0,0,1
1791985,1,1,0,0,0,0,1
1792582,1,1,1,0,0,0,1
1792672,1,1,1,0,0,0,1
1792765,1,1,1,0,0,0,1
1792883,1,1,1,1,1,1,0
1793073,1,1,1,1,0,0,1
1793808,1,0,0,0,0,0,1
1793903,1,1,1,1,0,0,1
1793925,1,1,1,0,0,0,1
1794373,1,0,0,0,0,0,1
1795256,1,1,1,0,0,0,1
1795302,1,1,1,1,0,0,1
1796045,1,1,1,0,0,0,1
1796349,1,0,0,0,0,0,1
1796708,0,0,0,0,0,0,0
1797589,1,1,1,0,0,0,1
1797610,1,1,1,0,0,0,1
1797824,1,1,1,0,0,0,1
1797868,0,0,0,0,0,0,1
1798630,1,1,1,0,0,0,1
1798632,1,0,0,0,0,0,1
1799631,1,1,1,0,0,0,1
1799677,1,0,0,0,0,0,1
1799885,1,1,1,1,0,0,1
1801873,0,0,0,0,0,0,1
1802016,1,0,0,0,0,0,1
1802322,1,1,1,1,0,0,1
1802412,1,1,1,1,0,0,0
1802484,1,0,0,0,0,0,1
1802909,0,0,0,0,0,0,1
1803053,1,1,1,0,0,0,1
1803503,1,1,1,0,0,0,1
1803570,1,0,0,0,0,0,1
1803613,0,0,0,0,0,0,1
1803780,1,1,1,0,0,0,1
1803844,1,1,1,0,0,0,1
1804297,1,0,0,0,0,0,1
1804510,1,1,1,0,0,0,1
1804869,1,1,1,0,0,0,1
1804958,0,0,0,0,0,0,1
1805000,0,0,0,0,0,0,1
1805193,0,0,0,0,0,0,1
1805282,0,0,0,0,0,0,1
1805493,1,1,1,0,0,0,1
1806236,0,0,0,0,0,0,1
1806280,0,0,0,0,0,0,1
1806442,1,1,1,1,0,0,1
1806484,1,1,1,1,1,1,0
1807490,1,0,0,0,0,0,1
1807512,1,1,1,0,0,0,1
1807792,0,0,0,0,0,0,1
1808129,1,1,1,0,0,0,1
1808506,1,1,1,1,0,0,1
1808860,1,1,0,0,0,0,1
1808861,1,1,1,0,0,0,1
1808929,1,1,1,0,0,0,1
1809568,0,0,0,0,0,0,1
1809781,1,1,1,0,0,0,1
1809992,0,0,0,0,0,0,1
1810615,0,0,0,0,0,0,0
1810659,0,0,0,0,0,0,1
1811038,1,1,1,1,1,1,0
1811200,0,0,0,0,0,0,1
1812327,1,1,1,0,0,0,1
1812683,0,0,0,0,0,0,1
1812702,1,1,1,1,0,0,1
1812723,0,0,0,0,0,0,1
1813081,1,1,1,1,0,0,1
1813268,1,1,1,0,0,0,1
1813694,1,0,0,0,0,0,1
1813933,1,1,1,1,0,0,1
1814382,1,0,0,0,0,0,1
1815148,1,1,1,0,0,1,1
1815959,1,1,1,1,0,0,1
1816194,1,1,1,0,0,0,1
1816265,1,1,1,1,0,0,1
1816741,1,0,0,0,0,0,1
1816925,1,1,1,0,0,1,0
1817165,0,0,0,0,0,0,1
1817180,1,1,0,0,0,0,1
1817205,0,0,0,0,0,0,1
1817246,0,0,0,0,0,0,1
1817411,0,0,0,0,0,0,1
1817958,1,0,0,0,0,0,1
1818096,1,0,0,0,0,0,1
1818985,1,1,1,0,0,0,1
1819288,1,1,0,0,0,0,1
1819359,1,1,1,1,0,0,1
1819477,1,0,0,0,0,0,1
1819998,1,1,1,1,1,1,0
1820001,1,0,0,0,0,0,1
1820108,1,0,0,0,0,0,1
1820323,1,0,0,0,0,0,1
1820414,0,0,0,0,0,0,1
1820458,0,0,0,0,0,0,1
1820743,0,0,0,0,0,0,1
1821170,0,0,0,0,0,0,1
1822272,1,1,1,0,0,0,0
1822744,1,1,1,0,0,0,1
1823416,1,0,0,0,0,0,1
1823460,0,0,0,0,0,0,1
1824053,1,1,1,0,0,0,0
1824096,1,1,1,0,0,0,1
1824429,0,0,0,0,0,0,1
1824740,1,1,1,0,0,0,1
1825384,1,0,0,0,0,0,1
1825448,1,1,1,0,0,0,1
1825805,1,1,1,0,0,0,1
1826186,1,1,1,0,0,0,1
1826496,1,1,1,0,0,0,1
1826517,1,1,1,0,0,0,1
1826845,1,1,1,0,0,0,1
1827372,1,1,1,0,0,0,1
1827556,1,0,0,0,0,0,1
1827891,1,1,1,0,0,0,0
1827893,1,1,1,0,0,0,1
1828073,1,0,0,0,0,0,1
1828596,1,1,1,1,0,0,1
1828931,0,0,0,0,0,0,1
1829336,1,1,1,0,0,0,1
1829475,0,0,0,0,0,0,1
1829761,1,1,1,1,0,0,1
1830761,1,1,1,0,0,0,1
1831096,1,1,1,0,0,0,1
1831115,1,1,1,0,0,0,1
1831733,1,1,1,0,0,0,1
1831852,1,0,0,0,0,0,1
1832447,1,0,0,0,0,0,1
1832469,1,1,1,0,0,0,1
1832725,1,1,1,0,0,0,1
1833322,1,1,1,0,0,0,0
1833413,0,0,0,0,0,0,1
1833675,1,1,0,0,0,0,1
1834079,0,0,0,0,0,0,1
1834144,1,1,1,0,0,0,1
1834188,0,0,0,0,0,0,1
1834404,1,1,1,1,0,0,1
1834926,1,1,1,1,0,0,1
1836148,1,1,1,1,0,0,1
1836552,0,0,0,0,0,0,1
1836571,1,0,0,0,0,0,1
1836592,0,0,0,0,0,0,1
1837281,1,1,1,0,0,0,1
1837616,0,0,0,0,0,0,1
1839629,1,1,1,0,0,0,0
1841276,1,1,1,1,0,0,1
1842093,1,0,0,0,0,0,1
1842110,1,1,1,0,0,0,0
1842585,1,1,1,0,0,0,1
1842681,1,0,0,0,0,0,1
1843755,1,0,0,0,0,0,0
1843965,1,1,1,0,0,0,1
1844777,1,1,0,0,0,0,1
1844800,1,1,1,1,0,0,0
1844912,1,1,1,1,0,0,1
1845605,1,1,1,0,0,0,1
1845624,1,0,0,0,0,0,1
1847159,1,1,1,0,0,0,1
1847465,1,1,1,1,0,0,1
1847509,0,0,0,0,0,0,1
1847867,0,0,0,0,0,0,1
1848153,1,1,1,1,0,0,1
1848193,1,0,0,0,0,0,1
1848356,1,1,1,0,0,0,1
1848859,1,0,0,0,0,0,1
1848977,1,0,0,0,0,0,1
1849209,1,1,1,0,0,0,1
1849254,1,1,1,1,0,0,0
1850186,0,0,0,0,0,0,1
1850187,1,1,1,0,0,0,1
1850610,0,0,0,0,0,0,1
1850629,1,0,0,0,0,0,1
1851249,1,0,0,0,0,0,1
1851727,1,1,1,0,0,0,1
1851940,1,0,0,0,0,0,0
1852006,0,0,0,0,0,0,1
1852796,1,0,0,0,0,0,1
1853078,0,0,0,0,0,0,1
1853529,1,1,1,0,0,0,1
1853694,1,0,0,0,0,0,1
1854049,1,0,0,0,0,0,1
1854072,1,1,1,0,0,0,1
1855504,1,1,0,0,0,0,0
1856129,1,1,0,0,0,0,0
1857300,1,1,0,0,0,0,1
1857533,1,1,1,0,0,0,1
1857820,1,0,0,0,0,0,1
1858895,1,1,1,1,0,0,0
1859636,1,1,1,0,0,0,1
1860352,1,0,0,0,0,0,1
1860874,1,1,1,0,0,0,0
1861039,1,1,1,1,0,0,1
1861109,1,1,1,0,0,0,1
1861153,0,0,0,0,0,0,1
1861218,0,0,0,0,0,0,1
1861359,0,0,0,0,0,0,1
1861596,1,0,0,0,0,0,1
1862048,0,0,0,0,0,0,1
1862664,1,1,1,1,0,0,0
1863117,1,1,1,0,0,0,1
1863497,0,0,0,0,0,0,1
1863592,0,0,0,0,0,0,1
1864305,1,0,0,0,0,0,1
1864901,0,0,0,0,0,0,1
1865280,1,1,1,1,0,0,1
1865353,1,1,1,1,0,0,1
1866475,1,1,1,1,0,0,1
1866853,1,1,1,0,0,0,1
1867091,1,0,0,0,0,0,1
1867376,1,1,1,1,1,1,0
1867779,1,0,0,0,0,0,1
1868374,1,1,1,0,0,0,0
1868684,1,1,1,0,0,0,1
1868820,1,1,1,0,0,0,1
1869081,1,1,1,1,0,0,1
1870064,1,1,1,0,0,0,1
1870924,1,0,0,0,0,0,1
1871110,1,1,1,0,0,0,1
1871921,1,1,1,0,0,0,1
1872373,0,0,0,0,0,0,1
1872492,1,1,1,0,0,0,1
1872513,1,1,1,1,0,0,0
1872938,1,1,1,0,0,0,1
1873462,1,0,0,0,0,0,1
1873869,1,1,1,0,0,0,1
1874486,1,1,1,1,0,0,1
1874939,1,1,1,1,0,0,0
1874982,0,0,0,0,0,0,1
1875507,0,0,0,0,0,0,1
1875509,1,1,1,1,0,0,1
1875976,1,1,1,0,0,0,0
1875979,0,0,0,0,0,0,1
1876234,1,1,1,0,0,0,1
1877167,1,1,1,1,0,0,1
1877429,1,1,1,1,0,0,1
1877639,0,0,0,0,0,0,1
1877920,1,0,0,0,0,0,1
1878257,1,1,1,0,0,0,1
1878515,1,0,0,0,0,0,1
1879161,1,0,0,0,0,0,1
1879371,1,1,1,0,0,0,1
1879509,1,1,1,0,0,0,0
1879553,0,0,0,0,0,0,1
1879624,1,1,1,0,0,0,0
1879957,1,0,0,0,0,0,1
1880575,1,1,1,1,0,0,1
1880789,1,0,0,0,0,0,1
1881093,1,1,1,1,1,1,0
1881115,1,0,0,0,0,0,1
1881497,1,0,0,0,0,0,1
1881802,1,1,1,0,0,0,1
1881871,1,0,0,0,0,0,1
1882056,1,1,1,0,0,0,1
1882247,0,0,0,0,0,0,1
1882337,1,1,1,1,0,0,1
1882452,0,0,0,0,0,0,1
1882643,0,0,0,0,0,0,1
1882805,0,0,0,0,0,0,1
1883138,1,1,1,0,0,0,1
1883141,1,1,1,1,0,0,1
1883443,1,0,0,0,0,0,1
1883988,1,1,1,1,0,0,1
1884203,1,0,0,0,0,0,1
1885134,1,1,1,1,1,1,0
1885536,1,0,0,0,0,0,1
1886446,1,0,0,0,0,0,1
1886756,1,1,1,1,0,0,0
1887086,1,0,0,0,0,0,1
1888017,1,1,1,1,0,0,1
1888061,0,0,0,0,0,0,1
1888444,1,1,1,1,0,0,1
1889877,1,1,1,1,0,0,1
1890309,1,1,1,0,0,0,0
1890637,1,1,1,1,0,0,1
1890877,1,0,0,0,0,0,1
1891375,1,1,1,0,0,0,0
1891421,1,0,0,0,0,0,1
1891967,1,0,0,0,0,0,1
1892704,1,1,1,0,0,0,0
1892799,1,1,1,0,0,0,1
1893012,1,1,1,0,0,0,1
1894015,1,1,1,1,1,1,0
1894250,1,1,1,1,0,0,0
1894268,1,1,1,1,0,0,1
1894939,1,1,1,1,0,0,1
1895389,1,1,1,1,1,1,0
1895433,0,0,0,0,0,0,1
1895983,1,1,0,0,0,0,1
1896409,1,1,0,0,0,0,1
1896575,1,0,0,0,0,0,1
1897217,1,0,0,0,0,0,1
1897287,1,0,0,0,0,0,1
1898195,1,1,1,1,0,0,1
1898577,1,1,1,0,0,1,0
1898835,1,0,0,0,0,0,1
1899599,1,0,0,0,0,0,1
1900172,1,1,0,0,0,0,0
1900191,1,0,0,0,0,0,1
1900521,0,0,0,0,0,0,1
1900973,0,0,0,0,0,0,1
1900997,0,0,0,0,0,0,1
1901398,1,1,1,0,0,0,0
1901416,1,1,1,0,0,0,0
1901557,1,0,0,0,0,0,1
1901890,0,0,0,0,0,0,1
1902032,0,0,0,0,0,0,1
1902437,1,1,1,0,0,1,1
1902480,0,0,0,0,0,0,1
1903029,1,0,0,0,0,0,1
1903093,1,1,1,1,0,0,1
1903644,1,1,1,0,0,0,1
1904021,1,0,0,0,0,0,1
1904140,1,0,0,0,0,0,1
1904881,1,1,0,0,0,0,1
1905308,1,0,0,0,0,0,1
1905329,0,0,0,0,0,0,1
1906020,1,0,0,0,0,0,1
1907335,1,1,1,0,0,1,0
1907452,1,1,1,1,0,0,1
1908572,1,1,1,0,0,1,0
1909050,1,1,1,1,0,0,0
1909694,1,0,0,0,0,0,1
1909909,0,0,0,0,0,0,1
1910768,1,1,1,0,0,0,1
1911097,1,1,1,0,0,1,1
1911334,1,1,1,1,0,0,1
1911352,1,1,1,1,0,0,1
1911472,1,0,0,0,0,0,1
1911659,1,1,1,1,0,0,1
1911942,1,0,0,0,0,0,1
1912224,1,1,0,0,0,0,1
1912227,1,0,0,0,0,0,1
1912698,0,0,0,0,0,0,1
1913414,1,0,0,0,0,0,1
1913436,1,1,1,0,0,0,1
1913500,1,1,0,0,0,0,1
1913571,1,1,1,0,0,0,1
1913781,1,1,1,1,0,0,1
1914042,1,0,0,0,0,0,1
1914044,1,0,0,0,0,0,1
1914181,1,1,1,1,0,0,1
1914513,0,0,0,0,0,0,1
1914696,1,1,1,0,0,0,1
1914743,0,0,0,0,0,0,1
1915120,0,0,0,0,0,0,1
1915125,1,0,0,0,0,0,1
1915188,1,0,0,0,0,0,1
1915519,1,0,0,0,0,0,1
1915658,1,0,0,0,0,0,1
1915752,1,0,0,0,0,0,1
1915773,1,0,0,0,0,0,1
1916344,1,0,0,0,0,0,1
1916362,1,0,0,0,0,0,1
1917200,0,0,0,0,0,0,1
1917315,1,0,0,0,0,0,1
1918536,0,0,0,0,0,0,1
1918603,1,0,0,0,0,0,1
1918622,1,0,0,0,0,0,1
1918930,0,0,0,0,0,0,1
1919385,1,1,1,0,0,0,1
1919428,1,1,1,0,0,0,1
1919429,0,0,0,0,0,0,1
1920018,1,1,1,1,0,0,1
1920640,1,1,1,1,0,0,1
1920897,1,1,1,0,0,0,0
1921183,1,1,1,1,0,0,1
1921372,1,1,0,0,0,0,1
1921533,1,0,0,0,0,0,1
1922177,1,0,0,0,0,0,1
1922244,1,1,1,0,0,0,0
1922484,1,1,1,1,0,0,1
1922836,1,0,0,0,0,0,1
1923291,1,1,1,1,0,0,1
1923384,0,0,0,0,0,0,1
1923569,1,1,1,1,1,1,0
1924575,1,1,1,0,0,0,1
1924640,1,1,1,0,0,0,1
1924641,1,1,1,1,0,0,1
1924780,1,0,0,0,0,0,1
1925327,1,0,0,0,0,0,1
1925900,1,1,1,0,0,0,1
1926569,1,1,1,0,0,0,0
1927162,1,1,1,1,0,0,0
1927208,0,0,0,0,0,0,1
1927277,0,0,0,0,0,0,1
1927846,1,0,0,0,0,0,1
1928036,1,0,0,0,0,0,1
1928223,1,1,1,0,0,0,1
1928225,1,1,1,1,0,0,1
1928528,1,0,0,0,0,0,1
1928712,0,0,0,0,0,0,1
1929121,1,0,0,0,0,0,1
1929307,1,1,1,1,0,0,1
1929710,1,1,1,1,0,0,1
1929712,1,1,1,1,0,0,1
1930351,1,0,0,0,0,0,1
1930684,1,0,0,0,0,0,1
1930750,1,0,0,0,0,0,1
1931131,1,0,0,0,0,0,1
1931318,1,0,0,0,0,0,1
1931769,1,1,1,1,0,0,0
1931958,1,0,0,0,0,0,1
1932529,0,0,0,0,0,0,1
1933415,1,0,0,0,0,0,1
1935880,1,1,1,1,0,0,0
1936289,1,1,0,0,0,0,0
1936427,0,0,0,0,0,0,1
1936977,1,0,0,0,0,0,1
1937860,1,1,0,0,0,0,0
1938528,1,0,0,0,0,0,1
1938667,1,1,1,1,1,1,0
1939142,1,1,0,0,0,0,0
1939164,0,0,0,0,0,0,1
1939638,0,0,0,0,0,0,1
1939640,0,0,0,0,0,0,1
1939701,1,1,1,1,0,0,0
1940156,0,0,0,0,0,0,1
1940247,1,1,1,1,0,0,1
1941681,1,1,1,1,1,1,0
1941920,1,1,1,1,0,0,1
1942777,1,1,1,1,1,1,0
1943036,1,1,0,0,0,0,0
1943153,0,0,0,0,0,0,1
1943677,0,0,0,0,0,0,1
1944133,1,1,1,0,0,0,0
1944388,1,1,1,1,0,0,1
1944389,1,0,0,0,0,0,1
1944984,1,1,1,1,0,0,1
1946802,1,1,1,1,0,0,0
1947423,1,1,0,0,0,0,0
1948020,1,1,1,1,0,0,1
1948854,1,1,1,1,0,0,1
1949280,1,1,1,1,0,0,1
1950596,1,1,1,1,0,0,1
1950789,1,1,1,0,0,1,1
1950854,1,1,1,0,0,0,1
1951472,1,0,0,0,0,0,1
1951565,1,0,0,0,0,0,0
1952402,1,0,0,0,0,0,1
1952588,1,1,1,0,0,0,1
1953232,1,0,0,0,0,0,1
1953902,0,0,0,0,0,0,1
1954595,0,0,0,0,0,0,0
1955192,1,1,1,1,0,0,0
1955427,1,1,1,0,0,0,1
1955662,1,1,1,1,0,0,1
1955872,1,1,1,1,0,0,1
1956277,1,1,0,0,0,0,1
1956634,1,1,1,1,0,0,1
1956776,1,1,1,0,0,0,1
1956845,1,0,0,0,0,0,1
1957028,1,1,1,1,0,0,1
1957029,1,0,0,0,0,0,1
1957383,1,1,1,0,0,0,1
1957402,1,1,1,1,0,0,1
1957688,1,1,1,1,0,0,1
1957997,1,1,1,1,0,0,1
1958180,1,1,1,1,0,0,1
1958777,1,1,1,1,0,0,1
1958796,1,0,0,0,0,0,1
1958844,1,1,1,0,0,0,1
1959797,1,0,0,0,0,0,1
1959819,1,1,1,1,0,0,1
1959860,1,1,1,1,0,0,1
1960556,1,1,1,0,0,0,1
1960600,0,0,0,0,0,0,1
1961339,1,1,1,1,0,0,1
1961381,1,1,1,1,0,0,1
1961472,1,1,1,1,0,0,1
1962260,1,0,0,0,0,0,1
1962379,1,1,1,1,0,0,1
1962520,1,1,1,1,0,0,1
1962609,1,1,1,1,0,0,1
1962681,1,1,1,1,0,0,1
1963489,0,0,0,0,0,0,1
1963492,1,1,1,1,0,0,1
1963651,1,1,1,1,0,0,1
1964177,1,0,0,0,0,0,1
1964220,1,1,1,1,0,0,1
1964526,1,1,1,0,0,0,0
1964617,1,1,1,0,0,0,1
1964807,1,1,1,1,0,0,1
1964876,1,0,0,0,0,0,1
1965089,1,0,0,0,0,0,1
1965514,0,0,0,0,0,0,1
1965704,1,1,1,1,0,0,1
1965821,0,0,0,0,0,0,1
1966390,1,1,1,1,0,0,1
1966434,0,0,0,0,0,0,1
1966765,1,1,1,1,0,0,1
1967050,0,0,0,0,0,0,1
1967409,0,0,0,0,0,0,1
1967476,1,1,1,1,0,0,1
1967638,1,0,0,0,0,0,1
1969384,1,1,1,0,0,0,0
1969621,1,1,1,0,0,0,1
1970505,1,1,1,1,0,0,1
1971293,1,0,0,0,0,0,1
1971341,1,1,1,1,0,0,1
1971886,1,1,1,1,0,0,1
1971955,1,1,1,1,0,0,0
1971997,1,0,0,0,0,0,1
1972164,1,1,1,1,0,0,1
1973145,1,1,1,1,0,0,1
1973787,1,1,1,1,1,1,0
1973928,1,1,1,1,1,1,0
1973969,1,1,1,1,0,0,1
1974545,1,1,0,0,0,0,1
1975283,1,1,1,1,0,0,1
1976548,1,1,1,1,0,0,0
1977336,1,0,0,0,0,0,1
1977934,1,1,1,0,0,0,1
1978650,1,0,0,0,0,0,1
1978908,1,0,0,0,0,0,1
1979505,1,1,1,1,0,0,1
1979743,1,1,1,1,0,0,1
1980216,0,0,0,0,0,0,1
1980431,1,0,0,0,0,0,1
1981100,1,1,1,1,0,0,0
1981189,1,1,1,1,0,0,1
1981306,1,1,0,0,0,0,1
1981713,1,1,1,1,0,0,0
1981876,1,0,0,0,0,0,1
1981942,0,0,0,0,0,0,1
1982081,1,1,1,0,0,0,1
1982127,1,1,1,1,0,0,1
1982988,0,0,0,0,0,0,1
1983053,1,0,0,0,0,0,1
1983482,0,0,0,0,0,0,1
1984101,1,1,1,1,0,0,1
1984172,1,1,1,1,0,0,1
1984287,1,1,1,0,0,0,1
1985292,1,1,1,1,0,0,1
1987112,1,1,1,1,0,0,1
1987368,1,1,1,1,0,0,0
1987917,1,1,1,0,0,0,1
1988877,1,1,1,0,0,1,0
1989135,1,1,1,0,0,0,1
1990165,1,1,1,1,0,0,1
1990662,0,0,0,0,0,0,0
1990993,1,1,1,1,0,0,1
1991473,1,0,0,0,0,0,1
1992401,1,1,1,1,1,1,0
1992422,1,1,1,1,0,0,1
1992589,1,1,1,0,0,0,1
1993133,1,0,0,0,0,0,1
1993901,1,1,1,0,0,0,1
1994229,1,1,1,1,0,0,1
1994276,0,0,0,0,0,0,0
1994532,1,1,1,0,0,0,0
1994845,1,0,0,0,0,0,1
1995200,1,0,0,0,0,0,1
1995557,1,0,0,0,0,0,1
1996295,1,1,1,0,0,0,0
1996892,1,1,1,1,0,0,1
1997561,1,1,1,1,0,0,1
1998011,1,1,1,0,0,0,1
1998873,1,1,1,0,0,0,1
1999586,1,1,1,1,0,0,0
1999895,1,0,0,0,0,0,1
2000373,1,1,1,1,0,0,1
2000726,0,0,0,0,0,0,1
2001178,0,0,0,0,0,0,1
2001389,1,1,1,0,0,0,0
2001433,0,0,0,0,0,0,1
2001551,1,1,1,1,0,0,1
2001688,1,0,0,0,0,0,0
2002625,1,0,0,0,0,0,1
2002689,1,1,1,1,0,0,1
2003073,0,0,0,0,0,0,1
2003477,0,0,0,0,0,0,1
2003996,0,0,0,0,0,0,1
2004041,1,0,0,0,0,0,1
2004044,1,1,1,1,0,0,0
2004565,1,0,0,0,0,0,1
2004609,0,0,0,0,0,0,1
2004913,0,0,0,0,0,0,1
2004916,1,1,1,1,0,0,1
2005048,1,1,1,1,1,1,0
2005452,0,0,0,0,0,0,1
2005908,1,1,1,1,1,1,0
2006744,1,0,0,0,0,0,1
2007336,1,1,1,1,0,0,1
2007956,1,0,0,0,0,0,1
2008145,1,1,1,1,0,0,1
2008310,1,1,1,1,0,0,0
2008472,0,0,0,0,0,0,1
2008687,1,1,1,0,0,0,0
2009328,1,1,0,0,0,0,1
2009661,1,1,1,1,0,0,1
2009992,0,0,0,0,0,0,1
2010660,0,0,0,0,0,0,1
2010756,1,1,1,1,1,1,0
2011589,1,1,1,1,0,0,1
2011757,0,0,0,0,0,0,0
2011920,1,0,0,0,0,0,1
2012105,0,0,0,0,0,0,1
2012677,1,0,0,0,0,0,1
2012816,1,1,1,1,0,0,1
2013488,1,1,1,0,0,0,1
2013745,1,1,1,1,0,0,1
2013985,1,1,1,1,0,0,1
2014000,0,0,0,0,0,0,1
2014480,1,1,1,0,0,0,1
2014785,0,0,0,0,0,0,1
2014809,1,1,1,1,0,0,1
2015450,0,0,0,0,0,0,0
2015831,1,1,1,1,0,0,0
2016233,1,1,1,1,0,0,1
2016252,1,0,0,0,0,0,1
2016322,1,0,0,0,0,0,1
2016633,1,1,1,1,0,0,1
2016817,0,0,0,0,0,0,1
2017245,0,0,0,0,0,0,1
2017386,1,1,1,1,0,0,1
2018558,1,1,1,1,0,0,1
2018577,1,0,0,0,0,0,1
2019172,1,1,1,1,0,0,1
2019601,1,0,0,0,0,0,1
2019646,1,1,1,1,1,1,0
2020362,1,0,0,0,0,0,1
2021632,1,1,1,1,0,0,0
2022009,1,1,1,1,0,0,1
2022412,1,1,1,0,0,0,1
2022865,1,1,1,1,0,0,1
2022982,1,1,1,1,0,0,1
2022983,1,1,1,0,0,0,0
2023793,1,1,1,1,0,0,0
2023932,1,0,0,0,0,0,1
2024046,1,1,1,1,0,0,1
2024280,1,0,0,0,0,0,1
2024303,1,1,1,0,0,0,1
2025305,1,1,1,1,0,0,1
2025351,1,0,0,0,0,0,1
2025514,1,1,1,0,0,0,1
2025820,0,0,0,0,0,0,1
2026276,1,1,1,0,0,0,1
2027444,1,0,0,0,0,0,1
2027851,1,0,0,0,0,0,1
2028108,1,0,0,0,0,0,1
2028610,1,1,0,0,0,0,1
2028988,1,0,0,0,0,0,1
2029516,1,1,0,0,0,0,1
2029893,1,1,1,1,1,1,0
2029939,1,1,1,1,0,0,1
2030628,1,1,1,0,0,0,1
2030842,1,1,1,1,0,0,1
2030886,0,0,0,0,0,0,1
2030933,1,0,0,0,0,0,0
2031647,1,1,1,1,0,0,1
2031649,1,0,0,0,0,0,1
2031805,1,0,0,0,0,0,1
2031850,1,0,0,0,0,0,1
2032592,1,1,1,1,0,0,1
2032680,1,1,1,0,0,0,1
2032703,1,1,1,1,0,0,1
2032817,1,1,1,0,0,0,1
2033367,1,0,0,0,0,0,1
2033528,1,0,0,0,0,0,1
2034032,1,1,0,0,0,0,1
2034267,1,0,0,0,0,0,1
2034572,1,0,0,0,0,0,1
2034665,1,1,1,1,0,0,1
2034709,0,0,0,0,0,0,1
2035427,1,0,0,0,0,0,1
2035469,1,0,0,0,0,0,1
2036140,1,1,1,1,0,0,1
2036687,1,1,1,1,0,0,1
2037496,1,1,1,0,0,0,1
2037924,0,0,0,0,0,0,1
2037971,1,1,1,0,0,0,1
2038689,1,1,1,1,0,0,1
2038994,1,1,1,0,0,0,0
2039228,1,1,1,0,0,0,1
2040069,1,1,0,0,0,0,1
2040085,1,1,1,1,1,1,0
2040104,0,0,0,0,0,0,1
2040318,1,0,0,0,0,0,1
2040605,1,0,0,0,0,0,1
2040768,1,1,1,0,0,0,1
2040953,1,1,1,1,0,0,1
2041262,0,0,0,0,0,0,1
2041596,0,0,0,0,0,0,1
2042793,1,1,0,0,0,0,1
2043100,1,1,1,1,0,0,1
2044080,1,0,0,0,0,0,1
2044821,1,1,1,0,0,0,1
2045127,1,1,0,0,0,0,0
2046325,1,1,1,0,0,0,1
2046463,1,0,0,0,0,0,1
2047272,1,1,1,0,0,0,0
2048133,1,1,1,0,0,0,0
2048157,1,1,1,0,0,0,1
2048438,1,1,1,0,0,0,0
2048600,1,1,1,1,1,1,0
2049365,1,0,0,0,0,0,1
2049818,1,1,1,1,1,1,0
2049932,1,1,1,1,1,1,0
2050720,1,0,0,0,0,0,1
2050724,1,1,1,1,1,1,0
2051241,1,1,1,1,0,0,1
2051694,1,1,0,0,0,0,1
2051881,1,0,0,0,0,0,1
2052912,1,1,1,0,0,0,1
2053217,1,0,0,0,0,0,1
2053334,1,1,1,1,1,1,0
2053619,1,1,1,0,0,1,0
2054933,1,1,0,0,0,0,1
2055098,1,1,1,1,0,0,1
2055313,1,1,1,0,0,0,0
2056509,1,1,0,0,0,0,1
2057753,1,1,1,1,0,0,1
2057888,1,1,1,0,0,0,0
2058993,1,1,0,0,0,0,1
2059224,1,1,1,0,0,0,1
2059655,1,1,1,1,1,1,0
2059962,1,1,1,1,0,0,1
2060080,1,1,1,0,0,1,0
2060124,0,0,0,0,0,0,1
2060313,1,1,0,0,0,0,1
2060544,1,1,1,1,0,0,1
2060566,1,0,0,0,0,0,1
2060610,0,0,0,0,0,0,1
2060800,1,0,0,0,0,0,1
2061155,1,1,1,1,1,1,0
2062085,1,1,1,0,0,1,0
2062443,1,1,1,0,0,0,1
2063277,1,1,1,1,0,0,1
2063538,1,1,1,0,0,0,1
2063559,1,1,0,0,0,0,1
2064201,1,1,1,1,0,0,1
2064606,1,1,1,0,0,0,1
2064865,1,0,0,0,0,0,1
2066734,1,1,1,1,0,0,1
2066778,0,0,0,0,0,0,1
2067254,0,0,0,0,0,0,1
2067469,1,1,1,0,0,1,0
2067513,0,0,0,0,0,0,1
2067696,1,1,1,0,0,0,0
2067909,1,1,1,0,0,0,1
2067953,0,0,0,0,0,0,1
2067956,1,1,1,1,0,0,0
2068114,0,0,0,0,0,0,1
2068396,1,0,0,0,0,0,1
2068466,0,0,0,0,0,0,1
2068536,1,0,0,0,0,0,1
2068601,1,1,0,0,0,0,1
2068980,1,0,0,0,0,0,1
2069458,1,1,1,0,0,0,1
2070030,0,0,0,0,0,0,1
2070408,1,1,1,1,0,0,1
2070672,1,1,1,1,1,1,0
2070691,1,0,0,0,0,0,0
2070758,1,1,1,0,0,0,1
2071740,1,1,1,0,0,0,1
2072094,1,1,1,0,0,0,1
2072236,0,0,0,0,0,0,1
2072493,1,1,0,0,0,0,1
2073042,1,1,0,0,0,0,1
2073208,1,1,1,0,0,0,1
2073585,1,1,1,1,0,0,1
2073966,1,1,1,1,0,0,1
2074156,1,0,0,0,0,0,1
2074437,1,1,1,0,0,0,1
2074481,0,0,0,0,0,0,1
2074525,0,0,0,0,0,0,1
2074569,0,0,0,0,0,0,1
2074617,1,1,0,0,0,0,0
2075474,1,1,1,1,0,0,1
2075544,1,1,1,1,0,0,1
2075897,1,0,0,0,0,0,1
2076326,1,1,1,1,0,0,1
2076329,1,0,0,0,0,0,1
2076560,1,1,1,1,0,0,1
2076769,0,0,0,0,0,0,1
2077365,1,0,0,0,0,0,1
2077413,1,0,0,0,0,0,1
2077524,1,1,1,0,0,1,0
2077595,1,1,1,0,0,1,1
2078381,1,1,1,0,0,0,1
2078385,1,1,1,1,0,0,1
2078516,1,1,0,0,0,0,1
2078563,1,0,0,0,0,0,1
2078872,1,1,1,0,0,0,1
2078913,0,0,0,0,0,0,1
2079508,1,0,0,0,0,0,1
2079869,1,0,0,0,0,0,1
2080152,0,0,0,0,0,0,1
2080360,1,1,1,1,0,0,1
2080912,1,0,0,0,0,0,1
2082564,1,1,1,1,0,0,1
2083470,0,0,0,0,0,0,0
2084208,1,1,1,1,0,0,1
2084544,1,1,1,1,0,0,1
2084946,1,1,1,1,1,1,0
2085735,1,1,1,1,0,0,0
2085970,0,0,0,0,0,0,1
2086085,1,1,1,1,0,0,0
2086372,1,1,1,1,0,0,1
2086700,1,1,1,1,1,1,0
2087037,1,1,1,1,0,0,0
2087340,0,0,0,0,0,0,1
2087435,1,0,0,0,0,0,1
2087838,1,1,1,1,0,0,1
2087885,1,0,0,0,0,0,1
2088020,1,0,0,0,0,0,1
2088163,1,0,0,0,0,0,1
2088253,1,1,0,0,0,0,1
2088420,1,0,0,0,0,0,1
2088751,0,0,0,0,0,0,1
2089201,1,1,1,1,0,0,1
2089248,1,0,0,0,0,0,1
2089483,1,0,0,0,0,0,1
2089577,1,1,1,1,0,0,1
2089714,1,1,1,0,0,0,1
2090239,1,0,0,0,0,0,1
2090400,1,0,0,0,0,0,1
2090593,1,0,0,0,0,0,1
2090609,1,1,1,1,0,0,1
2090633,0,0,0,0,0,0,1
2090915,1,0,0,0,0,0,1
2091006,1,0,0,0,0,0,1
2091241,1,0,0,0,0,0,1
2091312,1,1,1,1,1,1,0
2091403,0,0,0,0,0,0,1
2091516,1,1,1,0,0,0,1
2091613,1,1,1,0,0,0,1
2091917,1,0,0,0,0,0,1
2092515,1,1,0,0,0,0,1
2092560,1,1,1,1,0,0,1
2092914,1,1,1,1,1,1,0
2093630,1,0,0,0,0,0,1
2093769,1,1,1,1,0,0,1
2094124,1,0,0,0,0,0,1
2094505,1,1,0,0,0,0,1
2094506,1,1,1,1,0,0,1
2095145,1,0,0,0,0,0,1
2095646,1,1,1,1,0,0,1
2096217,1,0,0,0,0,0,1
2097629,1,1,1,1,0,0,1
2097722,1,1,1,1,0,0,1
2097913,1,1,1,0,0,0,1
2099683,1,1,1,0,0,0,0
2099728,1,1,1,1,0,0,0
2099869,1,1,1,1,0,0,1
2099957,1,1,1,1,1,1,0
2100818,1,1,1,1,0,0,1
2100839,1,1,1,0,0,0,1
2101288,1,1,1,0,0,0,0
2101455,1,0,0,0,0,0,1
2101858,1,1,1,1,0,0,1
2102908,1,1,1,1,1,1,0
2103533,1,1,1,1,1,1,0
2104028,1,1,1,1,0,0,1
2104533,1,1,0,0,0,0,1
2104577,0,0,0,0,0,0,1
2106253,1,1,1,1,1,1,0
2106896,1,1,1,1,0,0,0
2107129,1,1,1,1,0,0,0
2107584,1,0,0,0,0,0,1
2107773,1,1,1,1,0,0,1
2108631,1,1,1,1,0,0,0
2108675,0,0,0,0,0,0,1
2108885,1,1,1,1,0,0,1
2108889,1,1,1,1,0,0,1
2109022,1,1,1,1,0,0,0
2109331,1,0,0,0,0,0,1
2109760,1,1,1,1,0,0,1
2109875,1,0,0,0,0,0,1
2110352,1,0,0,0,0,0,1
2110945,1,1,1,0,0,0,1
2111180,1,1,1,1,0,0,0
2111277,1,1,1,0,0,0,1
2111296,1,1,1,0,0,0,1
2111888,1,0,0,0,0,0,1
2111912,1,0,0,0,0,0,1
2111933,1,0,0,0,0,0,1
2113152,1,1,1,1,0,0,1
2113288,1,1,1,1,0,0,1
2113381,1,1,1,1,0,0,1
2113692,1,0,0,0,0,0,1
2113924,1,1,0,0,0,0,1
2114093,1,1,1,1,0,0,1
2114136,0,0,0,0,0,0,1
2114392,0,0,0,0,0,0,1
2115161,1,1,1,0,0,0,1
2115681,1,1,1,0,0,0,1
2116158,1,1,1,1,0,0,0
2116160,1,1,1,0,0,0,1
2116393,1,1,1,1,0,0,1
2116962,1,0,0,0,0,0,1
2117007,1,0,0,0,0,0,0
2117697,1,1,1,1,0,0,1
2118511,1,0,0,0,0,0,1
2118745,1,0,0,0,0,0,1
2118768,1,1,1,1,0,0,1
2119891,1,1,1,0,0,0,1
2120414,1,1,1,0,0,0,1
2120460,1,1,1,1,0,0,1
2121151,1,0,0,0,0,0,1
2121193,0,0,0,0,0,0,1
2121262,1,0,0,0,0,0,1
2121544,1,1,1,1,0,0,0
2122260,1,0,0,0,0,0,1
2122353,1,1,1,0,0,0,1
2122640,1,1,1,0,0,0,1
2122921,1,0,0,0,0,0,1
2123012,1,0,0,0,0,0,1
2123396,1,0,0,0,0,0,1
2123537,1,1,1,1,0,0,0
2123723,1,0,0,0,0,0,1
2124269,1,0,0,0,0,0,1
2124552,1,1,1,1,0,0,1
2124647,1,0,0,0,0,0,1
2125125,1,1,0,0,0,0,1
2125288,1,1,1,0,0,0,1
2125569,1,0,0,0,0,0,1
2125857,1,0,0,0,0,0,1
2125971,1,1,1,1,0,0,1
2126180,0,0,0,0,0,0,1
2126201,1,1,0,0,0,0,1
2126248,1,0,0,0,0,0,1
2126869,1,1,0,0,0,0,1
2127005,1,1,0,0,0,0,1
2127240,1,0,0,0,0,0,1
2127264,1,0,0,0,0,0,1
2127475,1,1,1,0,0,0,1
2128260,1,1,1,1,0,0,1
2128263,1,0,0,0,0,0,1
2128303,0,0,0,0,0,0,1
2128370,1,0,0,0,0,0,0
2128393,1,1,1,1,0,0,1
2128676,1,1,1,0,0,0,1
2128860,1,0,0,0,0,0,1
2128977,1,1,1,0,0,0,1
2128999,1,0,0,0,0,0,1
2129309,1,0,0,0,0,0,1
2129640,1,1,1,0,0,0,1
2129897,1,1,1,0,0,0,1
2129899,1,1,1,0,0,0,1
2130032,1,1,1,0,0,0,1
2130054,1,1,1,0,0,0,1
2130557,1,1,1,0,0,0,1
2130790,1,0,0,0,0,0,1
2131120,1,0,0,0,0,0,1
2131167,1,1,1,1,0,0,1
2131403,0,0,0,0,0,0,1
2132429,1,1,1,0,0,0,1
2132688,1,1,1,0,0,0,1
2133260,1,0,0,0,0,0,1
2134337,1,1,1,1,0,0,1
2134863,1,1,1,0,0,0,1
2135217,1,1,1,1,0,0,1
2135286,1,1,1,1,1,1,0
2135929,1,0,0,0,0,0,1
2136549,1,0,0,0,0,0,1
2136550,1,1,1,1,1,1,0
2136589,0,0,0,0,0,0,1
2136780,1,1,1,0,0,0,0
2136895,1,0,0,0,0,0,1
2137709,1,1,1,0,0,0,0
2138085,1,0,0,0,0,0,1
2138253,1,0,0,0,0,0,1
2138821,1,0,0,0,0,0,1
2138989,1,0,0,0,0,0,1
2139008,1,0,0,0,0,0,1
2140416,1,1,1,1,0,0,0
2141013,1,1,1,1,0,0,1
2141685,1,1,1,1,0,0,1
2142420,1,1,1,1,0,0,1
2142685,1,1,1,1,0,0,1
2142729,0,0,0,0,0,0,1
2143608,1,1,1,0,0,0,1
2143702,0,0,0,0,0,0,0
2143893,1,1,1,0,0,0,1
2144055,1,1,1,0,0,0,0
2144408,1,1,1,1,0,0,1
2144671,0,0,0,0,0,0,1
2144690,1,0,0,0,0,0,1
2145454,1,1,1,1,0,0,1
2145880,1,1,1,0,0,0,1
2146168,1,1,1,1,0,0,0
2146808,1,0,0,0,0,0,1
2147332,1,0,0,0,0,0,1
2148169,1,1,1,1,0,0,0
2148356,1,1,1,1,0,0,1
2148761,1,0,0,0,0,0,1
2148948,1,0,0,0,0,0,1
2150336,1,1,1,1,1,1,0
2150381,1,1,1,1,0,0,1
2151053,1,1,1,0,0,0,0
2151140,1,0,0,0,0,0,1
2151835,1,1,1,1,0,0,0
2152097,1,1,0,0,0,0,1
2152618,1,1,1,1,0,0,0
2153117,1,1,1,1,0,0,1
2153332,1,1,1,0,0,1,0
2153497,1,1,1,0,0,0,1
2153515,1,1,1,0,0,0,1
2155000,1,1,1,1,0,0,1
2155138,1,1,1,0,0,0,1
2155397,1,1,1,1,0,0,1
2155399,1,1,1,1,0,0,1
2156568,1,1,1,0,0,0,1
2156971,1,1,1,0,0,0,1
2157496,1,0,0,0,0,0,1
2157681,1,1,1,1,0,0,1
2158300,1,1,1,1,0,0,0
2158660,1,1,1,1,0,0,1
2158871,1,1,1,1,0,0,1
2159465,1,1,1,1,0,0,1
2159487,1,0,0,0,0,0,1
2160417,1,1,1,1,0,0,1
2160583,1,0,0,0,0,0,1
2160653,1,1,1,0,0,0,0
2161029,1,0,0,0,0,0,1
2161073,0,0,0,0,0,0,1
2162294,1,1,1,0,0,0,0
2163131,1,1,1,0,0,0,1
2163345,1,1,1,0,0,0,1
2163723,1,0,0,0,0,0,1
2164296,1,1,1,0,0,0,1
2164389,1,0,0,0,0,0,1
2164430,1,1,1,1,0,0,1
2165053,1,0,0,0,0,0,1
2165118,1,0,0,0,0,0,1
2165448,1,1,1,1,0,0,0
2165520,1,1,1,1,0,0,1
2166858,1,1,1,0,0,0,1
2167409,1,1,1,1,0,0,1
2168168,1,1,1,0,0,0,1
2168237,1,1,1,1,0,0,0
2168285,1,0,0,0,0,0,1
2168879,1,1,1,1,1,1,0
2168997,1,0,0,0,0,0,1
2169253,1,0,0,0,0,0,1
2169586,1,1,0,0,0,0,1
2169679,1,0,0,0,0,0,1
2169865,1,0,0,0,0,0,1
2169909,0,0,0,0,0,0,1
2170005,1,0,0,0,0,0,1
2170140,1,1,1,0,0,0,1
2170737,1,0,0,0,0,0,1
2170759,1,0,0,0,0,0,1
2171232,1,1,0,0,0,0,1
2172097,1,1,1,0,0,0,1
2172668,1,1,1,0,0,0,0
2172975,1,1,1,1,0,0,1
2172997,1,0,0,0,0,0,1
2173108,1,1,1,0,0,0,1
2173250,1,1,1,0,0,0,1
2173704,1,1,1,1,0,0,1
2174157,1,0,0,0,0,0,1
2174511,1,0,0,0,0,0,1
2174984,1,1,1,1,0,0,1
2175341,1,1,1,0,0,0,1
2177163,1,0,0,0,0,0,1
2177185,1,0,0,0,0,0,1
2177925,1,0,0,0,0,0,1
2178040,1,1,1,1,0,0,1
2178344,1,1,1,0,0,0,1
2179060,1,0,0,0,0,0,1
2179064,1,0,0,0,0,0,1
2179249,1,0,0,0,0,0,1
2180418,1,1,1,1,0,0,0
2180487,1,1,1,1,0,0,1
2181827,1,1,1,1,0,0,1
2181918,1,1,1,0,0,0,1
2182513,1,1,1,1,0,0,0
2182514,1,0,0,0,0,0,1
2183084,1,1,1,1,0,0,1
2183174,1,0,0,0,0,0,1
2183175,1,1,1,1,0,0,1
2183984,1,1,1,1,0,0,1
2184266,1,1,1,0,0,0,1
2184596,1,1,1,1,0,0,1
2184881,1,1,1,1,0,0,1
2185022,1,0,0,0,0,0,1
2185592,1,1,1,1,0,0,1
2185662,1,0,0,0,0,0,1
2186161,1,1,1,0,0,0,1
2186401,1,1,1,0,0,0,0
2187112,1,1,1,1,0,0,1
2187445,1,1,1,1,0,0,1
2187872,1,0,0,0,0,0,1
2188756,1,1,1,1,0,0,1
2189928,1,1,1,1,0,0,1
2190335,1,1,1,1,0,0,0
2190763,0,0,0,0,0,0,1
2191144,1,1,1,1,0,0,0
2191355,1,0,0,0,0,0,1
2192431,1,1,1,1,0,0,1
2192834,1,1,1,1,0,0,0
2193577,1,1,0,0,0,0,0
2194000,1,1,1,1,0,0,1
2194070,1,1,1,1,1,1,0
2194617,1,1,0,0,0,0,0
2194641,1,1,1,1,0,0,1
2194756,1,1,1,1,1,1,0
2194916,1,1,1,1,0,0,1
2195465,1,1,1,1,0,0,1
2195468,0,0,0,0,0,0,1
2195533,1,1,1,1,0,0,1
2196344,1,1,1,1,0,0,1
2196385,1,1,1,1,0,0,1
2196745,1,1,1,1,0,0,1
2196858,1,1,1,0,0,0,1
2197769,1,1,1,1,0,0,1
2197929,1,1,1,0,0,0,1
2198573,1,0,0,0,0,0,1
2198597,1,0,0,0,0,0,1
2199526,1,1,1,0,0,0,1
2199571,1,1,1,0,0,0,0
2199953,1,1,1,0,0,0,1
2200545,1,1,1,1,0,0,1
2200662,1,0,0,0,0,0,1
2202072,1,1,1,0,0,0,0
2202214,1,1,1,1,0,0,1
2202978,1,0,0,0,0,0,1
2203357,1,1,1,1,0,0,1
2203500,1,1,1,0,0,0,0
2203732,1,1,1,1,0,0,1
2203877,1,1,1,1,0,0,1
2204636,1,1,1,0,0,0,1
2204757,1,0,0,0,0,0,1
2205300,1,0,0,0,0,0,1
2206739,1,1,1,0,0,0,0
2206928,1,1,1,0,0,0,1
2207160,1,1,1,0,0,0,1
2208670,1,1,1,1,0,0,1
2208692,1,0,0,0,0,0,1
2209886,1,1,1,1,0,0,1
2210028,1,0,0,0,0,0,1
2210029,1,1,1,0,0,0,1
2210497,1,1,1,0,0,0,1
2211265,1,0,0,0,0,0,1
2211473,1,0,0,0,0,0,1
2212048,1,0,0,0,0,0,1
2212160,1,1,1,1,0,0,1
2212162,1,0,0,0,0,0,1
2213232,1,0,0,0,0,0,1
2213617,1,1,0,0,0,0,1
2213899,1,1,1,1,0,0,0
2214305,1,0,0,0,0,0,1
2214490,1,1,1,0,0,0,1
2215636,1,1,1,0,0,0,1
2216139,1,1,1,1,0,0,1
2216473,1,1,1,1,0,0,1
2216657,1,1,1,0,0,0,1
2217084,1,1,1,0,0,0,1
2217109,1,0,0,0,0,0,1
2217557,1,0,0,0,0,0,1
2218128,1,1,0,0,0,0,1
2218988,1,0,0,0,0,0,1
2219201,1,1,0,0,0,0,1
2219204,1,1,1,0,0,0,0
2219696,1,0,0,0,0,0,1
2219793,1,0,0,0,0,0,1
2220195,1,1,1,0,0,0,1
2220284,1,0,0,0,0,0,1
2220405,1,0,0,0,0,0,1
2220493,1,0,0,0,0,0,1
2220706,1,1,1,1,0,0,1
2220919,1,0,0,0,0,0,1
2221008,1,0,0,0,0,0,1
2221369,1,0,0,0,0,0,1
2221410,1,0,0,0,0,0,1
2221672,1,1,0,0,0,0,1
2221787,0,0,0,0,0,0,1
2221831,0,0,0,0,0,0,1
2222189,1,0,0,0,0,0,1
2222519,1,0,0,0,0,0,1
2222680,1,0,0,0,0,0,1
2223064,1,0,0,0,0,0,1
2223972,1,0,0,0,0,0,1
2224444,1,0,0,0,0,0,1
2224449,1,0,0,0,0,0,1
2224917,1,1,0,0,0,0,1
2225037,1,0,0,0,0,0,1
2225172,1,0,0,0,0,0,1
2225960,1,0,0,0,0,0,1
2226319,1,1,1,0,0,0,1
2226533,1,0,0,0,0,0,1
2227392,1,0,0,0,0,0,1
2227485,1,0,0,0,0,0,1
2228223,1,0,0,0,0,0,1
2228457,1,0,0,0,0,0,1
2228550,0,0,0,0,0,0,0
2229291,1,0,0,0,0,0,1
2229406,1,0,0,0,0,0,1
2230960,1,1,1,0,0,0,1
2231200,1,1,1,0,0,0,1
2231385,1,0,0,0,0,0,1
2231454,1,0,0,0,0,0,1
2231880,1,0,0,0,0,0,1
2232361,1,1,1,0,0,0,1
2232403,1,1,0,0,0,0,1
2232517,1,0,0,0,0,0,1
2233020,1,0,0,0,0,0,1
2233159,1,1,0,0,0,0,1
2233469,1,0,0,0,0,0,1
2233677,1,1,1,0,0,0,1
2233795,1,0,0,0,0,0,1
2234777,1,0,0,0,0,0,1
2235969,1,0,0,0,0,0,1
2236113,1,0,0,0,0,0,1
2236516,1,1,1,0,0,0,1
2236773,1,0,0,0,0,0,1
2237276,1,0,0,0,0,0,1
2238614,1,1,1,1,0,0,0
2238615,1,1,0,0,0,0,1
2238681,0,0,0,0,0,0,1
2239032,1,0,0,0,0,0,0
2239319,1,0,0,0,0,0,1
2239437,1,0,0,0,0,0,1
2239500,1,0,0,0,0,0,1
2241130,1,1,1,0,0,0,1
2241967,1,0,0,0,0,0,1
2242658,1,0,0,0,0,0,1
2242849,1,1,1,0,0,0,1
2243945,1,1,1,0,0,0,0
2244448,1,1,1,0,0,0,0
2244491,1,0,0,0,0,0,1
2244606,1,0,0,0,0,0,1
2244984,1,0,0,0,0,0,1
2246424,1,0,0,0,0,0,1
2247136,1,0,0,0,0,0,1
2247518,1,1,1,0,0,0,1
2248476,1,1,0,0,0,0,1
2249048,1,0,0,0,0,0,1
2249520,1,1,1,0,0,0,1
2250025,1,0,0,0,0,0,0
2250040,1,0,0,0,0,0,1
2250325,1,1,1,0,0,0,1
2250608,1,0,0,0,0,0,1
2251399,1,1,1,0,0,0,1
2252522,1,1,1,0,0,0,1
2252566,0,0,0,0,0,0,1
2254339,1,1,1,0,0,0,1
2254644,1,1,1,0,0,0,1
2254929,1,1,1,0,0,0,1
2255599,1,1,0,0,0,0,1
2256220,1,1,1,0,0,0,0
2256598,1,1,1,0,0,0,1
2256619,1,1,0,0,0,0,1
2257193,1,1,1,0,0,0,0
2257258,1,0,0,0,0,0,1
2257736,1,0,0,0,0,0,1
2258088,1,1,1,0,0,0,1
2259670,1,1,1,0,0,0,1
2259956,1,1,1,0,0,0,1
2259999,1,1,1,0,0,0,1
2260426,1,1,1,0,0,0,1
2260880,1,1,0,0,0,0,1
2261884,1,1,0,0,0,0,1
2261905,1,1,1,1,0,0,1
2262089,1,1,1,0,0,0,0
2262423,1,1,1,0,0,0,1
2262849,1,1,0,0,0,0,1
2263783,1,1,1,0,0,0,1
2263853,1,1,1,0,0,0,1
2264133,1,1,0,0,0,0,1
2265141,1,1,0,0,0,0,1
2265252,1,1,1,0,0,0,0
2266834,1,1,1,0,0,0,1
2267189,1,1,1,0,0,0,1
2268457,1,1,0,0,0,0,1
2268574,1,1,1,0,0,0,1
2269052,1,1,1,1,0,0,0
2270345,1,1,1,0,0,0,1
2270963,1,1,1,0,0,0,0
2272399,1,1,0,0,0,0,1
2272440,1,1,1,0,0,0,0
2273588,1,1,1,0,0,0,1
2273658,1,1,1,0,0,0,1
2274374,1,1,0,0,0,0,1
2274375,1,1,1,0,0,0,1
2275567,1,1,1,0,0,0,1
2275633,1,1,0,0,0,0,0
2275678,1,1,1,0,0,0,1
2276228,1,1,1,0,0,0,0
2276439,1,1,1,0,0,0,1
2276792,1,1,1,0,0,0,1
2277176,1,1,0,0,0,0,1
2277509,1,1,0,0,0,0,0
2277860,1,1,0,0,0,0,1
2279224,1,1,1,0,0,0,1
2279678,1,1,1,0,0,0,1
2280777,1,1,1,0,0,0,1
2281660,1,1,0,0,0,0,1
2283627,1,1,1,0,0,0,0
2284079,1,0,0,0,0,0,1
2284364,1,1,1,0,0,0,0
2284697,1,1,1,0,0,0,0
2284908,1,0,0,0,0,0,1
2286128,1,1,0,0,0,0,1
2286602,1,1,1,0,0,0,1
2287965,1,1,1,0,0,0,0
2288108,1,1,1,0,0,0,1
2288342,1,1,1,0,0,0,1
2288531,1,1,1,0,0,0,1
2288836,1,1,1,0,0,0,0
2288957,1,1,1,0,0,0,1
2289119,1,0,0,0,0,0,1
2289209,1,1,1,0,0,0,1
2289828,1,1,0,0,0,0,1
2290139,1,1,0,0,0,0,1
2290564,1,0,0,0,0,0,1
2290569,1,1,1,0,0,0,1
2290631,1,0,0,0,0,0,1
2291176,1,0,0,0,0,0,1
2291796,1,0,0,0,0,0,1
2291820,1,1,1,0,0,0,1
2292536,1,0,0,0,0,0,1
2292600,1,0,0,0,0,0,1
2293679,1,1,1,0,0,0,1
2294009,1,1,1,0,0,0,1
2294102,1,1,1,0,0,0,1
2294168,1,1,1,0,0,0,1
2294526,1,0,0,0,0,0,1
2294572,1,1,1,0,0,0,1
2294855,1,1,0,0,0,0,1
2295116,1,0,0,0,0,0,1
2295469,1,1,0,0,0,0,1
2296764,1,1,1,0,0,0,1
2296996,1,1,0,0,0,0,1
2297040,0,0,0,0,0,0,1
2297615,1,1,0,0,0,0,1
2297709,1,1,0,0,0,0,0
2299889,1,1,0,0,0,0,1
2300794,1,1,1,0,0,0,1
2301148,1,1,1,0,0,0,1
2302657,1,1,1,0,0,0,0
2302800,1,1,1,0,0,0,1
2302844,0,0,0,0,0,0,1
2302908,1,1,0,0,0,0,1
2302910,1,1,0,0,0,0,1
2303023,1,1,1,0,0,0,1
2303256,0,0,0,0,0,0,1
2303832,1,1,0,0,0,0,1
2304234,1,1,0,0,0,0,1
2304353,1,1,1,0,0,0,1
2304634,0,0,0,0,0,0,1
2304800,1,1,0,0,0,0,1
2304867,1,1,0,0,0,0,1
2305244,1,1,0,0,0,0,1
2305699,1,0,0,0,0,0,1
2305717,1,1,0,0,0,0,1
2305789,1,1,1,0,0,0,1
2305804,1,0,0,0,0,0,1
2306114,1,1,1,0,0,0,1
2306256,1,1,1,0,0,0,1
2306780,1,0,0,0,0,0,1
2306989,1,0,0,0,0,0,1
2307033,0,0,0,0,0,0,1
2307246,1,0,0,0,0,0,1
2307341,1,1,1,0,0,0,1
2307500,1,1,0,0,0,0,1
2308026,1,1,0,0,0,0,1
2308406,0,0,0,0,0,0,1
2308861,1,1,0,0,0,0,1
2309068,1,1,0,0,0,0,1
2309717,1,0,0,0,0,0,1
2310260,1,0,0,0,0,0,1
2310645,1,1,0,0,0,0,1
2311908,1,1,0,0,0,0,1
2312361,1,1,0,0,0,0,1
2312839,1,1,1,0,0,0,0
2313940,1,1,1,0,0,0,0
2314848,1,0,0,0,0,0,1
2315009,1,1,1,0,0,0,1
2315582,1,1,1,0,0,1,0
2315603,1,1,0,0,0,0,1
2316199,1,0,0,0,0,0,1
2316218,0,0,0,0,0,0,1
2317342,1,0,0,0,0,0,1
2317821,1,1,0,0,0,0,0
2317936,1,1,0,0,0,0,1
2318410,1,1,0,0,0,0,1
2318411,1,1,0,0,0,0,1
2318689,1,1,1,0,0,0,1
2318761,1,1,0,0,0,0,1
2319064,0,0,0,0,0,0,0
2319208,1,0,0,0,0,0,1
2319252,0,0,0,0,0,0,1
2319342,1,1,0,0,0,0,1
2319553,1,1,1,0,0,0,1
2319625,1,1,0,0,0,0,1
2319908,1,0,0,0,0,0,1
2319948,1,0,0,0,0,0,1
2320043,1,1,1,0,0,0,1
2320612,1,0,0,0,0,0,1
2320633,1,1,0,0,0,0,1
2320823,0,0,0,0,0,0,1
2321324,1,0,0,0,0,0,1
2321325,1,1,1,0,0,0,1
2321504,1,1,1,0,0,0,1
2321669,1,0,0,0,0,0,1
2321763,1,0,0,0,0,0,1
2321782,1,1,1,0,0,0,1
2322208,1,0,0,0,0,0,1
2322252,0,0,0,0,0,0,1
2322633,1,1,0,0,0,0,1
2322871,1,1,0,0,0,0,1
2323899,1,1,1,0,0,0,1
2324062,1,1,0,0,0,0,1
2324157,1,1,1,0,0,0,1
2324653,1,1,1,0,0,0,1
2325608,1,1,0,0,0,0,1
2325753,1,1,0,0,0,0,1
2326299,1,1,0,0,0,0,1
2326657,1,1,1,0,0,0,1
2326793,1,1,1,0,0,0,1
2327536,1,1,0,0,0,0,1
2327581,1,1,1,0,0,0,1
2328681,1,1,0,0,0,0,1
2329157,1,0,0,0,0,0,1
2329464,1,1,0,0,0,0,1
2329627,1,1,1,1,0,0,1
2330245,1,1,1,0,0,0,1
2331226,0,0,0,0,0,0,0
2331845,1,0,0,0,0,0,1
2332178,1,0,0,0,0,0,1
2332392,1,1,1,0,0,0,1
2332768,1,1,1,1,0,0,0
2333416,1,1,0,0,0,0,1
2333720,1,1,0,0,0,0,1
2333984,1,0,0,0,0,0,1
2335368,1,0,0,0,0,0,1
2336160,1,1,0,0,0,0,1
2336297,1,1,1,0,0,0,1
2336321,1,1,1,0,0,0,0
2336795,1,1,1,0,0,0,0
2337705,1,0,0,0,0,0,1
2337890,1,1,1,0,0,0,1
2338847,1,1,0,0,0,0,1
2339276,1,1,1,0,0,0,1
2339318,1,0,0,0,0,0,1
2339769,1,1,1,0,0,0,1
2340128,1,1,0,0,0,0,1
2340293,1,1,0,0,0,0,1
2340381,1,0,0,0,0,0,1
2341026,1,1,0,0,0,0,1
2341408,1,0,0,0,0,0,1
2341546,0,0,0,0,0,0,1
2341641,1,0,0,0,0,0,1
2342089,1,1,0,0,0,0,1
2342110,1,0,0,0,0,0,1
2342349,1,1,0,0,0,0,1
2342439,1,0,0,0,0,0,1
2342504,1,1,1,0,0,1,0
2342981,1,1,0,0,0,0,1
2343264,1,0,0,0,0,0,1
2343528,1,1,1,0,0,0,1
2344147,1,1,1,0,0,0,1
2344237,1,1,0,0,0,0,1
2344525,1,1,1,0,0,0,1
2345381,1,1,0,0,0,0,1
2346096,1,1,0,0,0,0,1
2346217,1,1,0,0,0,0,1
2346236,1,0,0,0,0,0,1
2346398,1,1,1,0,0,0,1
2346561,1,1,0,0,0,0,1
2346944,1,1,1,0,0,0,1
2347131,1,1,1,0,0,0,1
2347249,1,1,0,0,0,0,1
2347793,1,1,0,0,0,0,1
2348989,1,1,1,0,0,0,1
2349154,1,1,1,0,0,0,1
2349176,1,1,0,0,0,0,1
2349197,1,1,0,0,0,0,1
2350848,1,1,1,0,0,0,1
2350864,1,1,0,0,0,0,1
2350888,0,0,0,0,0,0,1
2350931,1,1,1,0,0,0,1
2350974,1,1,0,0,0,0,1
2351113,1,1,1,0,0,0,1
2351948,1,1,0,0,0,0,1
2352113,1,1,0,0,0,0,1
2352160,1,1,0,0,0,0,1
2352178,1,1,0,0,0,0,1
2352369,1,1,1,0,0,0,1
2352457,0,0,0,0,0,0,1
2352524,1,0,0,0,0,0,1
2352643,1,1,1,0,0,0,1
2352880,1,0,0,0,0,0,1
2353017,1,0,0,0,0,0,1
2353254,1,0,0,0,0,0,1
2353300,1,0,0,0,0,0,1
2353321,1,1,0,0,0,0,1
2353842,1,0,0,0,0,0,1
2354052,1,0,0,0,0,0,1
2354865,1,1,1,0,0,0,1
2355223,1,1,0,0,0,0,1
2355915,1,0,0,0,0,0,1
2356104,1,1,1,0,0,0,1
2356481,1,0,0,0,0,0,1
2356574,1,0,0,0,0,0,1
2356787,1,1,1,0,0,0,1
2357097,1,1,1,0,0,0,1
2357473,1,1,1,0,0,0,1
2358745,1,1,1,1,0,0,1
2358808,1,1,1,0,0,0,1
2359119,1,0,0,0,0,0,1
2359570,1,1,1,0,0,0,1
2359708,1,1,1,0,0,0,1
2360307,1,0,0,0,0,0,1
2360542,1,1,1,0,0,0,1
2360637,1,1,1,0,0,0,1
2360844,1,1,1,0,0,0,1
2360889,1,1,1,0,0,0,1
2361295,1,1,1,0,0,0,1
2361557,1,1,1,0,0,0,1
2362486,1,1,1,0,0,0,1
2362577,1,1,1,1,0,0,1
2363247,1,1,1,1,0,0,1
2363248,1,1,1,0,0,0,0
2364364,1,1,1,1,0,0,1
2364484,1,1,1,1,0,0,1
2365172,1,1,1,0,0,0,1
2366272,1,1,1,0,0,0,1
2366367,1,1,1,1,0,0,1
2366960,1,1,1,0,0,0,1
2367054,1,1,1,0,0,0,1
2367195,1,1,1,0,0,0,1
2367936,1,1,1,1,0,0,1
2368168,1,1,1,0,0,0,1
2368285,1,1,1,1,0,0,1
2368522,1,1,1,0,0,0,1
2368713,1,1,1,0,0,0,0
2368800,1,1,1,0,0,0,1
2368919,1,1,1,1,0,0,1
2368938,1,0,0,0,0,0,1
2368959,0,0,0,0,0,0,1
2369049,1,1,1,0,0,0,1
2369096,1,1,1,0,0,0,1
2369429,1,1,1,1,0,0,1
2369492,1,1,1,0,0,0,1
2369586,1,0,0,0,0,0,1
2369824,1,1,1,1,0,0,1
2369825,1,0,0,0,0,0,1
2369957,1,1,1,1,0,0,1
2370098,1,0,0,0,0,0,1
2370140,1,0,0,0,0,0,1
2370143,1,1,1,1,0,0,1
2370636,1,0,0,0,0,0,1
2370680,0,0,0,0,0,0,1
2370989,1,1,1,0,0,0,1
2371085,1,1,1,1,0,0,1
2371127,1,1,1,1,0,0,1
2371312,1,0,0,0,0,0,1
2371336,1,1,1,0,0,0,1
2371617,1,0,0,0,0,0,1
2371687,1,0,0,0,0,0,1
2371781,1,0,0,0,0,0,1
2372184,1,1,1,1,0,0,1
2372465,1,1,1,1,0,0,1
2372467,1,1,1,0,0,0,1
2372469,1,1,1,1,0,0,1
2372572,1,1,1,1,0,0,1
2372928,1,0,0,0,0,0,1
2373624,1,1,1,1,0,0,1
2373667,1,1,1,1,0,0,1
2373999,0,0,0,0,0,0,1
2374304,1,1,1,1,0,0,1
2374497,1,1,1,1,0,0,1
2375020,1,1,1,0,0,0,1
2375660,1,1,1,1,1,1,0
2375663,1,1,1,1,0,0,1
2375992,1,1,1,1,0,0,1
2376325,1,1,1,1,0,0,1
2376364,1,1,1,1,0,0,1
2376484,1,0,0,0,0,0,1
2376527,1,1,1,1,0,0,1
2377072,1,1,1,1,0,0,1
2377143,1,1,0,0,0,0,1
2377186,1,1,1,1,0,0,0
2377901,1,1,1,0,0,0,1
2378019,1,1,1,0,0,0,1
2378182,1,1,1,0,0,0,1
2378224,1,1,1,1,0,0,1
2378584,1,1,1,1,0,0,1
2378677,1,1,1,1,0,0,1
2378717,1,0,0,0,0,0,1
2378760,1,0,0,0,0,0,1
2379143,1,1,1,1,0,0,1
2379165,1,0,0,0,0,0,1
2379397,1,1,1,1,0,0,1
2379488,1,1,1,1,0,0,1
2379558,1,1,1,1,0,0,1
2379602,0,0,0,0,0,0,1
2379959,1,1,1,1,0,0,1
2380148,1,1,1,0,0,0,1
2380457,1,1,1,1,0,0,1
2380642,1,1,1,0,0,0,1
2380904,1,1,1,1,0,0,1
2380920,1,1,1,1,0,0,1
2380943,1,1,1,1,0,0,1
2381130,1,0,0,0,0,0,1
2382086,1,1,1,1,0,0,1
2382253,1,1,1,1,0,0,1
2383254,1,1,1,1,0,0,1
2383296,1,1,1,1,0,0,1
2383440,1,1,1,1,0,0,1
2384152,1,1,1,1,0,0,1
2384248,1,1,1,1,0,0,1
2384389,1,1,1,1,0,0,1
2384551,1,1,1,0,0,0,1
2384810,1,1,1,1,0,0,1
2385020,1,1,1,1,0,0,1
2385331,1,1,1,1,0,0,1
2385449,1,1,1,1,0,0,1
2385946,1,1,1,0,0,0,1
2386135,1,1,1,1,0,0,1
2386301,1,1,1,1,0,0,1
2386364,1,0,0,0,0,0,1
2386505,1,1,1,1,0,0,0
2386861,0,0,0,0,0,0,1
2386884,1,1,1,1,0,0,1
2387622,1,1,1,1,0,0,1
2387644,1,1,1,1,0,0,1
2388430,1,1,1,1,0,0,1
2388883,1,1,1,1,0,0,1
2388884,1,1,1,0,0,0,1
2389165,1,1,1,1,0,0,1
2389228,1,1,1,1,0,0,1
2389250,1,1,1,1,0,0,1
2389728,1,1,1,1,0,0,1
2389941,1,1,1,1,0,0,1
2390052,1,1,1,1,0,0,1
2390725,1,1,1,1,0,0,1
2390788,1,1,1,1,0,0,1
2390836,1,1,0,0,0,0,1
2391335,1,1,1,1,0,0,1
2392096,1,1,0,0,0,0,1
2392433,1,1,1,0,0,0,1
2393364,1,1,0,0,0,0,1
2393365,1,0,0,0,0,0,1
2393496,1,1,1,1,0,0,1
2393997,1,1,0,0,0,0,0
2394064,0,0,0,0,0,0,1
2394108,0,0,0,0,0,0,1
2394228,1,1,0,0,0,0,1
2394343,1,1,1,1,0,0,1
2394701,1,1,1,1,0,0,1
2394912,1,1,1,1,0,0,1
2395723,1,1,1,1,0,0,1
2395888,1,1,1,0,0,0,1
2396385,1,1,1,0,0,0,1
2396386,1,1,1,0,0,0,0
2397147,1,1,1,1,0,0,1
2397166,1,1,1,1,0,0,1
2397641,1,1,1,1,0,0,1
2397686,0,0,0,0,0,0,1
2397828,1,1,1,0,0,0,1
2398206,1,0,0,0,0,0,1
2398323,1,1,1,1,0,0,1
2398608,1,1,1,1,0,0,1
2398865,1,1,1,1,0,0,1
2399270,1,1,1,1,0,0,1
2399700,1,1,1,1,0,0,1
2401252,1,1,1,1,0,0,0
2401276,1,1,1,1,0,0,1
2401849,1,1,1,0,0,0,0
2401912,1,1,1,1,0,0,1
2402628,1,1,0,0,0,0,1
2403205,1,0,0,0,0,0,1
2403388,1,0,0,0,0,0,1
2404157,1,1,0,0,0,0,1
2405161,1,1,1,0,0,0,1
2405491,1,1,1,1,0,0,0
2405772,0,0,0,0,0,0,1
2406033,1,1,1,1,0,0,0
2406035,1,0,0,0,0,0,1
2406245,1,1,1,1,0,0,1
2406430,1,1,0,0,0,1,0
2406882,0,0,0,0,0,0,1
2407021,1,1,1,0,0,0,1
2407067,1,1,1,0,0,0,1
2407903,1,1,1,1,0,0,1
2407945,1,1,1,0,0,0,1
2408424,1,1,1,0,0,0,0
2408852,1,0,0,0,0,0,1
2408941,1,1,0,0,0,0,1
2409251,1,1,0,0,0,0,1
2409917,1,1,0,0,0,0,1
2410369,1,0,0,0,0,0,1
2412357,1,1,1,0,0,0,1
2412401,0,0,0,0,0,0,1
2412805,0,0,0,0,0,0,1
2412920,1,1,1,0,0,0,0
2413401,1,1,1,0,0,0,0
2413512,1,0,0,0,0,0,1
2414038,1,1,0,0,0,0,0
2414157,1,1,1,1,0,0,1
2414868,1,1,1,0,0,0,1
2414914,1,0,0,0,0,0,1
2415796,1,1,0,0,0,0,1
2415866,1,0,0,0,0,0,1
2416008,1,1,0,0,0,0,0
2416192,0,0,0,0,0,0,1
2416407,1,1,0,0,0,0,0
2416453,1,1,1,0,0,0,1
2418630,1,1,1,0,0,0,1
2418632,1,1,0,0,0,0,1
2418961,1,1,1,0,0,0,1
2419050,0,0,0,0,0,0,1
2419116,1,1,1,0,0,0,1
2419329,1,1,1,1,0,0,1
2420213,1,1,1,0,0,0,1
2420283,1,1,1,0,0,0,1
2420735,0,0,0,0,0,0,1
2420992,1,1,1,0,0,0,1
2421064,1,1,1,1,0,0,1
2421130,1,1,1,0,0,0,1
2421197,1,1,1,1,0,0,1
2421772,1,0,0,0,0,0,1
2421773,1,1,1,1,0,0,1
2422026,1,1,1,0,0,0,1
2422121,0,0,0,0,0,0,1
2422260,0,0,0,0,0,0,1
2422351,1,1,1,1,0,0,1
2422680,1,1,1,1,0,0,1
2423089,1,1,1,1,0,0,1
2423250,1,1,1,0,0,0,1
2423365,1,1,1,0,0,0,1
2423869,1,1,0,0,0,0,1
2424030,1,1,1,0,0,0,1
2424048,1,1,0,0,0,0,1
2424070,0,0,0,0,0,0,1
2424545,1,1,1,1,0,0,1
2424592,1,1,1,1,0,0,1
2424685,1,1,1,0,0,0,1
2424943,1,1,1,1,0,0,1
2424984,1,1,1,0,0,0,1
2425943,1,1,1,1,0,0,1
2425984,1,0,0,0,0,0,1
2426149,1,1,0,0,0,0,1
2426602,1,1,1,1,0,0,1
2426604,1,1,0,0,0,0,1
2426953,1,1,1,0,0,0,1
2427214,1,0,0,0,0,0,1
2427572,1,1,1,0,0,0,1
2428095,1,1,1,1,0,0,1
2428932,1,1,1,0,0,0,1
2428976,0,0,0,0,0,0,1
2429209,1,1,1,1,0,0,1
2429327,1,1,1,1,0,0,1
2429826,1,1,1,0,0,0,1
2430111,1,1,1,1,0,0,1
2430444,1,1,1,1,0,0,1
2430509,1,1,0,0,0,0,1
2430651,1,0,0,0,0,0,1
2431224,1,0,0,0,0,0,1
2431385,1,1,1,0,0,0,1
2431816,1,0,0,0,0,0,1
2431817,1,1,1,0,0,0,0
2431975,1,1,1,1,0,0,1
2432908,1,1,1,1,0,0,1
2433025,1,1,1,0,0,0,1
2433112,1,1,0,0,0,0,0
2433471,1,1,1,1,0,0,1
2433492,1,0,0,0,0,0,1
2433557,1,1,1,1,0,0,1
2433624,1,0,0,0,0,0,1
2434127,1,0,0,0,0,0,1
2434217,1,1,0,0,0,0,1
2434336,1,1,1,1,0,0,1
2435460,1,1,1,1,0,0,1
2435548,1,1,1,1,0,0,1
2435956,0,0,0,0,0,0,1
2436121,1,1,1,1,0,0,1
2436329,1,1,1,1,0,0,1
2436732,1,1,1,0,0,0,1
2436946,1,1,1,1,0,0,0
2437037,1,1,1,1,0,0,1
2437080,0,0,0,0,0,0,1
2437223,1,1,1,1,0,0,1
2437600,1,0,0,0,0,0,1
2437959,1,1,1,0,0,0,1
2438144,1,0,0,0,0,0,1
2438188,0,0,0,0,0,0,1
2438284,1,1,1,1,0,0,1
2438660,0,0,0,0,0,0,1
2439524,1,1,1,1,0,0,1
2439876,1,1,1,0,0,0,1
2440044,1,0,0,0,0,0,1
2441046,1,1,1,1,0,0,1
2441762,1,0,0,0,0,0,1
2441784,1,1,1,0,0,0,1
2442280,1,1,1,0,0,0,1
2442352,1,0,0,0,0,0,1
2443261,1,1,1,0,0,0,0
2443518,1,1,1,1,0,0,1
2444185,1,1,1,0,0,0,0
2444685,1,0,0,0,0,0,1
2445115,1,1,1,0,0,0,0
2445301,1,0,0,0,0,0,1
2447125,1,1,1,1,0,0,1
2447238,1,1,1,1,0,0,1
2448242,1,1,1,1,0,0,1
2448337,1,1,1,0,0,0,1
2449456,1,1,1,0,0,0,0
2449528,1,1,1,0,0,0,0
2451080,1,1,1,1,0,0,1
2451774,1,1,1,1,0,0,1
2452036,1,1,1,1,0,0,1
2452129,1,1,1,0,0,0,1
2452144,1,1,1,1,0,0,1
2452169,0,0,0,0,0,0,1
2452283,1,1,1,0,0,1,0
2452327,0,0,0,0,0,0,1
2452465,1,1,1,1,0,0,0
2453254,1,1,1,1,0,0,1
2453804,1,1,1,1,0,0,1
2453873,1,1,1,1,0,0,1
2453912,1,1,1,1,0,0,1
2454390,1,1,1,1,0,0,1
2454555,1,1,1,1,0,0,1
2455153,1,1,1,1,0,0,1
2455244,1,1,1,1,0,0,1
2456104,1,1,1,0,0,0,1
2456291,1,1,1,0,0,0,1
2456550,1,1,1,1,0,0,1
2457051,1,0,0,0,0,0,1
2457238,1,0,0,0,0,0,1
2457548,1,1,1,1,0,0,1
2457756,1,1,1,1,0,0,1
2457877,1,1,1,1,0,0,1
2458132,0,0,0,0,0,0,1
2458253,0,0,0,0,0,0,1
2458848,1,1,1,1,0,0,1
2459179,1,1,1,1,0,0,1
2459389,1,1,1,1,0,0,1
2459722,1,1,1,1,0,0,1
2459935,1,1,1,1,0,0,1
2460172,1,1,1,1,0,0,1
2460597,1,1,1,1,0,0,1
2460691,1,1,1,0,0,0,1
2460928,1,1,1,1,0,0,1
2460972,0,0,0,0,0,0,1
2461421,1,1,1,1,0,0,1
2461492,1,0,0,0,0,0,1
2461630,1,1,1,1,0,0,1
2462225,1,1,1,0,0,0,1
2462678,1,1,1,0,0,0,1
2462964,1,1,1,1,0,0,1
2463655,1,1,1,1,0,0,1
2464033,1,1,1,1,0,0,1
2464343,1,0,0,0,0,0,1
2464629,1,1,1,1,0,0,1
2464788,1,1,1,1,0,0,1
2466923,1,1,1,1,0,0,1
2467228,1,1,1,0,0,0,1
2467299,0,0,0,0,0,0,1
2467655,1,0,0,0,0,0,1
2467892,1,1,1,1,0,0,1
2468729,1,1,1,1,0,0,1
2468796,1,1,1,1,0,0,1
2469197,1,1,1,1,0,0,1
2469268,1,0,0,0,0,0,1
2469501,1,0,0,0,0,0,1
2469834,1,1,1,1,0,0,0
2470289,1,1,1,1,0,0,1
2470304,1,1,1,1,0,0,1
2471236,1,0,0,0,0,0,1
2471240,1,1,1,1,0,0,1
2471302,1,1,1,1,0,0,1
2472932,1,1,1,0,0,0,1
2473240,1,0,0,0,0,0,1
2473473,1,1,1,1,0,0,1
2474621,1,1,1,0,0,0,1
2474811,1,1,1,1,0,0,0
2474949,0,0,0,0,0,0,1
2475594,1,1,1,1,0,0,1
2475612,1,1,1,0,0,0,1
2476784,1,1,1,1,0,0,1
2477457,1,1,1,1,0,0,0
2477740,1,1,1,1,0,0,1
2478334,1,1,1,1,0,0,1
2479245,1,1,1,1,0,0,1
2479793,0,0,0,0,0,0,1
2480292,1,1,1,1,0,0,1
2480333,1,1,1,1,0,0,1
2480499,1,1,1,1,0,0,1
2480664,0,0,0,0,0,0,1
2481160,1,1,1,1,0,0,1
2481204,0,0,0,0,0,0,1
2481441,1,0,0,0,0,0,1
2481485,0,0,0,0,0,0,1
2482778,1,1,1,1,0,0,1
2482849,1,1,1,1,0,0,1
2483011,1,1,1,1,0,0,1
2483148,1,1,1,1,0,0,1
2483149,1,1,1,1,0,0,1
2483526,1,1,1,1,0,0,1
2483885,1,1,1,1,0,0,1
2484360,1,1,1,1,0,0,1
2484641,1,1,1,1,0,0,1
2485165,1,0,0,0,0,0,1
2486460,1,1,1,1,0,0,1
2488324,1,1,1,1,0,0,1
2488516,1,1,1,1,0,0,1
2489209,1,1,1,1,0,0,1
2489729,1,1,1,1,0,0,1
2490109,1,0,0,0,0,0,1
2490179,1,1,1,0,0,0,0
2490296,1,1,1,0,0,0,1
2490698,1,1,1,1,0,0,0
2490720,1,0,0,0,0,0,1
2491101,1,1,1,1,0,0,1
2491505,1,0,0,0,0,0,1
2492387,1,1,1,1,0,0,1
2492525,1,1,1,1,0,0,1
2493000,1,1,1,1,0,0,1
2493044,0,0,0,0,0,0,1
2493233,1,1,1,1,0,0,1
2493615,1,1,1,1,0,0,1
2494045,1,1,1,1,0,0,1
2495048,1,1,1,1,0,0,1
2495715,1,1,1,1,0,0,1
2495808,1,1,1,1,0,0,1
2495874,1,1,1,1,0,0,1
2495918,0,0,0,0,0,0,1
2496994,1,0,0,0,0,0,1
2497036,1,1,1,1,0,0,1
2497129,1,1,1,1,0,0,1
2497992,1,1,1,1,0,0,1
2498225,1,1,1,1,0,0,1
2498392,0,0,0,0,0,0,1
2498769,1,0,0,0,0,0,1
2499224,1,0,0,0,0,0,1
2500203,1,1,1,1,0,0,1
2500221,1,1,1,1,0,0,1
2500243,0,0,0,0,0,0,1
2501201,1,1,1,0,0,0,0
2502059,1,1,1,1,0,0,1
2502968,1,1,1,1,0,0,1
2503322,1,1,1,1,0,0,1
2504204,1,1,1,1,0,0,0
2504685,1,1,1,1,0,0,1
2504823,1,1,1,1,0,0,1
2505082,1,1,1,1,0,0,1
2505631,1,1,1,1,0,0,1
2506467,1,1,1,1,0,0,1
2507279,1,1,1,0,0,0,1
2507393,1,1,1,1,0,0,0
2507750,1,1,1,1,0,0,1
2508779,1,1,1,1,0,0,1
2508872,1,1,1,1,0,0,1
2508984,1,1,1,1,0,0,1
2509436,1,0,0,0,0,0,1
2510561,1,1,1,1,0,0,1
2510580,1,1,1,1,0,0,1
2510984,1,0,0,0,0,0,1
2511849,1,1,1,1,0,0,0
2514938,1,1,1,1,0,0,0
2515844,1,1,1,1,0,0,1
2515963,1,1,1,1,0,0,0
2516056,1,1,1,1,0,0,0
2516457,1,1,1,1,0,0,1
2517008,1,1,1,0,0,0,1
2517217,0,0,0,0,0,0,1
2518318,1,1,1,1,0,0,1
2519037,1,1,1,1,0,0,0
2519438,1,1,1,0,0,0,1
2519964,1,1,1,1,0,0,1
2520221,1,1,1,1,0,0,1
2520338,1,1,1,1,0,0,1
2520692,1,1,1,1,0,0,1
2521457,1,1,1,1,0,0,1
2522897,1,1,1,1,0,0,1
2523036,1,1,1,1,0,0,1
2523127,1,1,1,1,0,0,0
2523412,1,0,0,0,0,0,1
2524392,1,1,1,0,0,0,1
2524411,1,1,1,1,0,0,1
2525080,1,0,0,0,0,0,1
2525915,1,1,1,0,0,0,1
2526919,1,1,1,0,0,0,1
2527469,1,1,1,1,0,0,1
2527510,1,1,1,0,0,0,0
2527864,1,1,1,1,0,0,0
2528532,1,0,0,0,0,0,1
2528625,1,1,1,1,0,0,0
2528865,1,1,1,1,0,0,1
2528979,1,1,1,1,0,0,1
2529958,1,1,1,1,0,0,1
2532016,1,1,1,1,0,0,1
2532256,1,1,1,1,0,0,0
2532491,1,1,1,1,0,0,1
2533228,1,1,1,1,0,0,1
2533249,1,1,1,0,0,0,1
2533438,1,1,1,1,0,0,1
2533579,1,1,1,1,0,0,1
2534415,1,1,1,1,0,0,1
2534720,1,1,1,1,0,0,1
2535272,1,1,1,1,0,0,1
2535316,0,0,0,0,0,0,1
2535359,1,1,1,1,0,0,1
2535861,1,1,1,1,0,0,1
2536096,1,1,1,1,0,0,1
2537768,1,1,1,1,0,0,1
2538077,1,1,1,0,0,0,1
2538770,1,1,1,1,0,0,1
2538932,1,1,1,1,0,0,1
2539076,1,1,1,0,0,0,1
2539696,1,0,0,0,0,0,1
2540122,1,1,1,0,0,0,1
2540241,1,1,1,1,0,0,1
2540284,1,0,0,0,0,0,1
2540325,1,1,1,1,0,0,1
2540925,1,1,1,0,0,0,1
2540992,1,1,1,1,0,0,1
2541802,1,1,1,1,0,0,1
2541968,1,1,1,0,0,0,1
2542515,1,1,1,1,0,0,0
2542653,1,1,1,1,0,0,1
2543251,1,1,1,1,0,0,1
2543700,1,1,1,1,0,0,1
2544084,1,1,1,1,0,0,1
2544222,1,1,1,0,0,0,1
2544313,1,1,1,0,0,0,1
2544548,1,1,1,1,0,0,1
2544763,1,1,1,1,0,0,1
2544952,1,1,1,1,0,0,1
2545304,1,1,1,1,0,0,1
2545517,1,1,1,1,0,0,1
2545731,1,1,1,1,0,0,1
2546805,1,1,1,0,0,0,1
2546829,1,1,1,1,0,0,1
2546871,1,1,1,1,0,0,1
2547056,1,1,1,1,0,0,1
2547058,1,1,1,1,0,0,1
2547677,1,0,0,0,0,0,1
2547792,1,1,1,1,0,0,1
2547953,1,1,1,1,0,0,1
2548361,1,1,0,0,0,0,1
2548424,1,1,1,1,0,0,1
2548712,1,1,1,0,0,0,1
2548825,1,1,1,1,0,0,1
2549401,1,1,1,1,0,0,1
2549657,1,1,1,1,0,0,1
2550063,1,1,1,1,0,0,1
2551549,1,1,1,1,0,0,1
2552071,1,1,1,1,0,0,1
2552497,1,1,1,1,0,0,1
2552881,1,1,1,0,0,0,1
2554073,1,1,1,1,0,0,1
2554214,1,1,1,0,0,0,0
2554717,1,1,1,1,0,0,1
2554756,1,1,1,1,0,0,1
2555402,1,1,1,1,0,0,1
2555880,1,1,1,1,0,0,0
2556163,1,1,1,1,0,0,1
2556760,1,1,1,1,0,0,1
2556805,1,1,1,1,0,0,1
2556822,1,1,1,1,0,0,1
2557275,1,1,1,1,0,0,1
2557342,1,0,0,0,0,0,1
2557649,1,1,1,1,0,0,1
2557718,0,0,0,0,0,0,1
2558459,1,1,1,1,0,0,1
2558477,1,1,1,1,0,0,1
2559002,1,1,1,1,0,0,1
2559383,1,1,1,0,0,0,1
2559425,1,1,1,1,0,0,1
2559854,1,1,1,1,0,0,1
2560163,1,1,1,0,0,0,1
2560685,1,1,1,1,1,1,0
2560852,1,1,1,1,0,0,1
2561281,1,1,1,1,0,0,1
2561465,1,1,1,1,0,0,1
2561775,1,1,1,1,1,1,0
2561888,1,1,1,1,0,0,0
2561934,1,1,1,1,0,0,1
2562269,1,1,1,1,0,0,1
2562573,1,1,1,1,0,0,1
2562621,1,0,0,0,0,0,1
2562660,1,1,1,1,0,0,1
2562804,1,1,1,1,0,0,1
2562871,1,1,1,1,0,0,1
2563250,1,1,1,1,1,1,0
2563294,0,0,0,0,0,0,1
2564105,1,1,1,1,0,0,1
2564106,1,1,1,1,0,0,1
2564821,1,1,1,0,0,0,1
2564865,0,0,0,0,0,0,1
2565745,1,1,1,1,0,0,1
2565769,1,1,1,1,0,0,1
2566216,1,1,1,0,0,0,1
2566309,1,0,0,0,0,0,1
2566311,1,1,1,1,0,0,1
2566326,1,1,1,1,0,0,1
2566633,0,0,0,0,0,0,1
2566969,1,1,1,1,0,0,1
2567227,1,1,1,1,0,0,1
2567271,0,0,0,0,0,0,1
2567433,1,1,1,1,0,0,1
2567646,1,1,1,1,0,0,1
2567712,1,1,1,1,0,0,1
2568261,1,1,1,1,0,0,1
2568475,1,1,1,1,0,0,1
2568516,1,1,1,1,0,0,1
2568730,1,1,1,1,0,0,1
2569113,1,1,1,1,0,0,1
2569249,1,1,1,1,0,0,1
2569388,1,1,1,1,0,0,1
2569391,1,1,1,1,0,0,1
2569912,1,1,1,1,0,0,0
2569930,1,1,1,1,0,0,1
2570188,1,1,1,1,0,0,1
2570762,1,1,1,1,0,0,1
2570853,1,1,1,1,0,0,1
2571235,1,1,1,1,0,0,1
2571328,1,1,1,1,0,0,1
2571397,1,1,1,1,0,0,1
2571532,1,1,1,1,0,0,1
2571939,1,1,1,0,0,0,1
2571980,0,0,0,0,0,0,1
2572074,1,1,1,1,0,0,1
2572093,1,1,1,1,0,0,1
2572355,1,0,0,0,0,0,1
2572376,1,1,1,1,0,0,1
2573356,1,1,1,1,0,0,1
2574215,1,1,1,1,1,1,0
2574233,1,1,1,1,0,0,1
2574688,1,1,1,1,0,0,1
2574896,1,1,1,1,0,0,1
2575757,1,1,1,1,0,0,1
2575853,1,1,1,1,1,1,0
2575871,1,1,1,1,0,0,1
2575986,1,1,1,1,0,0,1
2576416,1,1,1,1,0,0,1
2577251,1,1,1,0,0,0,1
2577388,1,1,1,1,0,0,1
2577722,1,1,1,1,0,0,1
2578727,1,1,1,1,0,0,1
2578869,1,1,1,1,0,0,1
2578884,1,1,1,1,0,0,1
2578980,1,1,1,1,0,0,1
2579069,1,1,1,1,0,0,1
2580125,1,1,1,1,0,0,1
2580430,1,1,1,1,0,0,1
2580475,1,1,1,1,0,0,1
2581262,0,0,0,0,0,0,1
2582412,1,1,1,1,0,0,1
2582551,1,1,1,1,0,0,1
2584348,1,1,1,1,0,0,1
2584366,1,1,1,1,0,0,1
2584367,1,1,1,1,0,0,1
2584769,1,1,1,1,0,0,1
2585725,1,1,1,1,0,0,1
2586052,1,1,1,1,0,0,0
2586241,1,1,1,1,0,0,0
2586697,1,1,1,1,0,0,1
2586760,0,0,0,0,0,0,1
2586763,1,1,1,1,0,0,1
2588243,1,1,1,1,0,0,1
2588312,1,1,1,1,0,0,1
2588619,1,0,0,0,0,0,1
2588852,1,1,1,1,0,0,1
2588921,1,1,1,1,0,0,1
2589016,1,0,0,0,0,0,1
2589728,1,1,1,1,0,0,1
2589919,1,1,1,1,0,0,1
2590060,1,1,1,1,0,0,1
2590725,1,1,1,1,0,0,1
2590893,1,1,1,1,0,0,1
2591056,1,1,1,1,0,0,1
2591100,0,0,0,0,0,0,1
2591116,1,1,1,1,0,0,1
2591307,1,1,1,1,0,0,1
2591351,0,0,0,0,0,0,1
2591490,1,1,1,1,0,0,0
2591969,1,1,1,0,0,0,1
2592396,1,1,1,1,0,0,1
2592604,1,1,1,1,0,0,1
2593203,1,1,1,1,0,0,1
2593776,1,1,1,1,0,0,1
2594081,1,1,1,1,0,0,1
2594343,1,1,1,1,1,1,0
2594384,1,1,1,0,0,0,1
2595053,1,1,1,1,0,0,1
2595436,1,1,1,0,0,0,1
2595985,1,1,1,1,0,0,1
2596144,1,1,1,1,0,0,1
2598279,1,1,1,1,0,0,1
2598658,0,0,0,0,0,0,0
2599208,1,1,1,1,0,0,1
2599322,1,0,0,0,0,0,1
2600159,1,1,1,1,0,0,1
2600224,1,1,1,1,0,0,1
2600226,1,1,1,1,0,0,1
2600937,1,1,1,1,0,0,1
2601201,1,1,1,1,0,0,1
2601844,1,1,1,1,0,0,1
2602148,1,1,1,1,0,0,1
2602149,1,1,1,1,0,0,1
2602188,0,0,0,0,0,0,1
2602525,1,1,1,1,0,0,1
2602784,1,1,1,1,0,0,1
2602828,0,0,0,0,0,0,1
2603809,1,1,1,1,0,0,1
2603876,1,0,0,0,0,0,1
2605624,1,1,1,1,0,0,1
2605645,1,1,1,1,0,0,1
2605828,1,1,1,1,0,0,1
2607221,1,1,1,1,1,1,0
2607265,0,0,0,0,0,0,1
2607307,1,1,1,1,0,0,0
2607374,1,1,1,1,0,0,0
2607756,1,1,1,1,0,0,1
2608063,1,1,1,1,0,0,1
2608850,1,1,1,1,0,0,1
2609301,1,1,1,1,0,0,0
2609707,1,1,1,1,0,0,1
2609825,1,1,1,1,0,0,1
2610536,1,1,1,1,0,0,1
2611996,1,1,0,0,0,0,1
2614948,1,1,1,1,0,0,0
2614988,1,1,1,1,0,0,1
2616042,1,1,1,1,0,0,0
2616493,1,1,1,1,0,0,0
2616899,1,1,1,1,0,0,0
2617017,1,1,1,1,0,0,0
2617104,1,1,1,1,0,0,1
2618521,1,1,1,1,0,0,1
2619353,1,1,1,1,0,0,1
2619375,1,1,1,1,0,0,1
2619877,1,1,1,1,0,0,1
2620184,1,1,1,1,0,0,1
2620225,1,1,1,1,0,0,1
2620295,1,1,1,1,0,0,1
2620482,1,1,1,1,0,0,1
2621677,1,1,1,1,0,0,1
2622156,1,1,1,1,0,0,1
2623592,1,1,1,0,0,0,1
2624280,1,1,1,1,0,0,0
2625360,1,1,1,1,0,0,1
2627061,1,1,1,1,0,0,0
2627487,1,1,1,1,0,0,0
2627674,1,1,1,0,0,0,0
2628030,1,0,0,0,0,0,1
2628604,1,1,1,1,0,0,1
2628861,1,1,1,1,0,0,0
2628976,1,1,1,1,0,0,1
2629456,1,1,0,0,0,0,1
2630005,1,1,1,1,0,0,1
2630885,1,1,1,1,0,0,1
2631120,1,1,1,1,0,0,1
2631334,1,1,1,1,0,0,1
2632053,1,1,1,1,0,0,1
2632263,1,1,1,1,0,0,1
2632834,1,1,1,1,0,0,1
2633889,1,1,1,1,0,0,1
2633904,1,1,1,1,1,1,0
2634238,1,1,1,1,0,0,1
2634784,1,1,1,1,0,0,1
2635072,1,1,1,1,0,0,1
2635808,1,1,1,1,0,0,1
2636312,1,1,1,1,0,0,1
2636525,1,1,1,1,0,0,1
2637116,1,1,1,1,0,0,1
2637261,1,1,0,0,0,0,1
2637950,1,1,1,1,0,0,1
2638041,1,1,1,1,0,0,0
2638468,1,1,1,0,0,0,1
2639354,1,1,1,1,0,0,1
2639423,1,1,0,0,0,0,0
2640115,1,1,1,0,0,0,1
2640326,1,1,1,1,0,0,1
2640801,1,1,1,1,0,0,1
2641108,1,1,1,1,0,0,1
2641756,1,1,1,1,0,0,1
2641797,1,1,1,1,0,0,1
2641987,1,1,1,1,0,0,1
2642081,1,1,1,1,0,0,1
2642700,1,1,1,1,0,0,1
2642740,1,1,1,1,0,0,1
2642784,0,0,0,0,0,0,1
2643214,1,1,1,1,0,0,1
2643216,1,0,0,0,0,0,1
2643253,1,1,1,1,0,0,1
2643803,1,1,1,1,0,0,1
2643965,1,1,0,0,0,0,1
2644516,1,1,1,1,0,0,1
2644799,1,1,1,0,0,0,1
2644817,1,0,0,0,0,0,1
2645222,1,1,1,0,0,0,1
2645744,1,1,1,1,0,0,1
2646968,1,1,1,1,0,0,1
2647227,1,1,1,1,0,0,1
2647585,1,1,1,1,0,0,1
2647648,1,1,1,1,0,0,1
2648366,1,1,1,1,0,0,1
2648481,1,1,1,1,0,0,1
2648860,1,1,1,1,0,0,1
2649437,1,1,1,0,0,0,1
2651012,1,1,1,1,0,0,1
2651973,1,1,1,1,0,0,1
2652228,1,1,1,1,0,0,1
2652973,1,0,0,0,0,0,1
2653377,1,0,0,0,0,0,1
2653706,1,1,1,1,0,0,1
2654136,1,1,1,0,0,0,0
2654201,1,1,1,1,0,0,1
2654391,1,1,1,1,0,0,0
2654915,1,0,0,0,0,0,1
2656420,1,1,1,1,0,0,1
2656464,0,0,0,0,0,0,1
2656679,1,1,1,1,0,0,1
2657180,1,1,1,1,0,0,1
2658017,1,1,1,1,0,0,1
2659928,1,1,1,1,0,0,1
2660504,1,1,1,1,0,0,1
2660882,1,1,1,1,0,0,0
2660948,1,1,1,1,0,0,1
2661377,1,1,1,1,0,0,0
2662813,1,1,1,1,0,0,1
2663577,1,0,0,0,0,0,1
2663863,1,1,1,1,0,0,0
2664362,1,1,1,1,0,0,1
2664500,1,1,1,1,0,0,1
2664933,1,1,1,1,0,0,1
2664951,1,1,1,1,0,0,1
2665405,0,0,0,0,0,0,1
2665637,1,1,1,1,0,0,1
2666258,1,1,1,1,0,0,1
2667672,1,1,1,0,0,0,0
2667908,0,0,0,0,0,0,1
2668428,1,1,1,1,0,0,1
2669556,1,1,1,1,0,0,1
2670560,1,1,1,1,0,0,1
2672139,1,1,1,1,0,0,0
2672472,1,1,1,1,0,0,1
2672589,1,1,1,1,0,0,0
2672821,1,1,1,1,0,0,0
2673442,1,1,1,1,0,0,0
2674016,1,1,1,1,0,0,1
2674130,1,0,0,0,0,0,1
2674657,1,1,1,1,0,0,1
2675249,1,0,0,0,0,0,1
2675511,1,1,1,1,0,0,1
2675600,1,1,1,1,0,0,0
2676005,1,0,0,0,0,0,1
2676601,1,0,0,0,0,0,1
2679119,1,1,1,1,0,0,1
2679163,0,0,0,0,0,0,1
2679592,1,1,1,1,0,0,1
2679872,1,1,1,1,0,0,1
2679877,1,1,1,1,0,0,1
2679962,1,1,1,1,0,0,1
2680151,1,1,1,1,0,0,1
2680241,1,1,1,1,0,0,1
2681221,1,0,0,0,0,0,1
2681265,0,0,0,0,0,0,1
2681404,1,0,0,0,0,0,1
2681429,1,1,1,1,0,0,1
2681640,1,1,1,1,0,0,1
2681729,0,0,0,0,0,0,1
2681777,1,0,0,0,0,0,1
2682368,1,1,1,1,0,0,1
2683111,1,1,1,1,0,0,1
2683781,1,1,1,1,0,0,1
2685191,1,1,1,1,0,0,1
2685305,1,1,1,1,0,0,1
2685687,1,0,0,0,0,0,1
2686332,1,1,1,1,0,0,1
2686353,1,1,1,1,0,0,1
2687114,1,1,1,1,0,0,0
2687664,1,1,1,0,0,0,1
2687681,1,1,1,1,0,0,1
2688161,1,1,1,1,0,0,1
2688443,1,1,1,1,1,1,0
2688534,1,1,1,1,0,0,1
2689489,1,1,1,1,0,0,1
2689532,1,1,1,1,0,0,0
2689964,1,1,1,1,0,0,1
2690701,1,1,1,1,0,0,1
2691442,1,1,1,1,0,0,1
2692084,1,1,1,1,0,0,1
2693548,1,1,1,1,0,0,1
2693950,1,1,1,1,0,0,1
2694353,1,1,1,1,0,0,1
2694448,1,1,1,1,0,0,1
2694827,1,1,1,1,1,1,0
2694846,1,1,1,1,0,0,1
2695325,1,1,1,1,0,0,0
2695464,1,1,1,1,0,0,1
2695843,1,1,1,1,0,0,1
2695887,0,0,0,0,0,0,1
2696432,1,1,1,1,0,0,1
2696437,1,1,1,1,0,0,1
2697336,1,1,1,1,0,0,1
2697625,1,1,1,1,0,0,1
2698509,1,1,1,1,0,0,1
2698766,1,1,1,1,0,0,1
2698810,0,0,0,0,0,0,1
2699692,1,1,1,1,0,0,1
2699858,1,1,1,1,0,0,1
2700721,1,1,1,1,0,0,1
2701505,1,1,1,0,0,0,0
2701625,1,1,1,1,0,0,1
2701834,1,1,1,0,0,0,1
2702624,1,1,1,1,0,0,0
2702712,1,1,1,1,0,0,1
2702974,1,1,1,1,0,0,1
2703043,1,1,1,1,0,0,0
2703449,1,1,1,1,0,0,1
2703562,1,0,0,0,0,0,1
2704615,1,1,1,1,0,0,1
2705045,1,1,1,0,0,0,1
2705446,1,1,1,0,0,0,1
2705587,1,1,1,0,0,0,1
2705725,1,1,1,1,0,0,1
2706104,1,1,1,1,0,0,1
2706297,1,1,1,1,0,0,1
2706507,1,1,0,0,0,0,1
2706692,1,0,0,0,0,0,1
2707722,1,1,1,1,1,1,0
2708897,1,1,1,1,0,0,1
2709298,1,1,1,0,0,0,1
2709776,1,1,1,1,0,0,0
2710368,1,1,1,0,0,0,1
2710390,1,1,1,0,0,0,1
2710434,0,0,0,0,0,0,1
2710479,1,1,1,1,0,0,1
2710523,0,0,0,0,0,0,1
2710952,1,1,1,0,0,0,1
2711405,1,1,1,0,0,1,1
2711422,1,1,1,0,0,0,1
2712064,1,1,1,1,0,0,1
2712592,1,1,1,1,1,1,0
2712873,1,1,1,1,0,0,0
2712942,1,1,1,0,0,0,1
2714211,1,1,1,1,0,0,1
2715049,1,1,1,1,0,0,1
2715258,1,1,1,1,0,0,1
2715304,1,1,1,1,0,0,1
2716355,1,1,1,1,0,0,1
2716612,1,1,1,1,0,0,1
2716617,1,1,1,1,0,0,1
2716749,1,1,1,1,0,0,1
2717010,1,1,1,1,0,0,1
2717012,1,1,1,1,0,0,1
2717339,1,1,1,1,0,0,1
2718461,1,1,1,1,0,0,1
2718772,1,1,1,1,0,0,1
2719125,1,0,0,0,0,0,1
2719459,1,1,1,1,0,0,1
2719721,1,1,1,1,0,0,1
2720746,1,1,1,1,0,0,1
2720769,1,1,1,1,0,0,1
2720786,0,0,0,0,0,0,1
2721092,1,1,1,1,0,0,1
2721425,1,1,1,1,0,0,1
2722265,1,1,1,1,0,0,1
2722356,1,1,1,1,0,0,1
2722685,1,1,1,1,0,0,1
2723356,1,1,1,1,0,0,1
2723565,1,1,1,1,0,0,1
2724524,1,1,1,1,0,0,1
2724829,1,1,1,1,0,0,1
2724995,1,1,1,1,0,0,1
2725497,1,1,1,1,0,0,1
2725971,1,1,1,1,0,0,1
2726593,1,1,1,1,0,0,1
2727546,1,1,1,1,0,0,1
2727735,1,1,1,1,1,1,0
2727737,1,1,1,1,0,0,1
2727820,1,1,1,1,0,0,1
2728754,1,1,1,1,0,0,1
2729039,1,1,1,1,0,0,1
2730164,1,1,1,1,0,0,1
2730257,1,1,1,1,0,0,1
2730801,1,1,1,1,0,0,1
2730991,1,1,1,1,0,0,1
2731205,1,1,1,1,0,0,1
2731294,1,1,1,1,0,0,1
2731744,1,1,1,1,0,0,1
2732221,1,1,1,1,1,1,0
2732459,1,1,1,1,0,0,1
2733484,1,1,1,1,0,0,1
2733674,1,1,1,1,1,1,0
2733745,1,1,1,1,0,0,1
2734000,1,0,0,0,0,0,1
2734216,1,1,1,1,0,0,1
2734981,1,1,1,0,0,0,1
2735022,1,1,1,1,0,0,1
2735023,1,1,1,1,0,0,1
2735062,0,0,0,0,0,0,1
2735106,0,0,0,0,0,0,1
2736255,1,1,1,1,0,0,1
2736805,1,1,1,0,0,0,1
2737255,1,1,1,1,0,0,1
2737370,1,1,1,1,0,0,1
2737388,1,1,1,1,0,0,1
2737436,1,1,1,1,0,0,1
2738201,1,1,1,1,0,0,1
2738362,1,1,1,1,0,0,1
2738696,1,1,1,1,0,0,1
2738736,1,1,1,1,0,0,1
2738807,1,1,1,1,1,1,0
2739021,1,1,1,1,0,0,1
2739349,1,1,1,1,0,0,0
2739584,1,1,1,1,0,0,1
2739608,1,1,1,1,0,0,1
2740203,1,1,1,0,0,0,1
2740556,1,1,1,1,0,0,1
2740817,1,1,1,0,0,0,1
2740910,1,1,1,1,0,0,1
2741096,1,0,0,0,0,0,1
2741100,1,1,1,1,0,0,1
2741664,1,1,1,0,0,0,1
2741710,1,1,1,1,0,0,1
2741732,0,0,0,0,0,0,1
2742325,1,1,1,1,0,0,1
2742464,1,1,1,0,0,0,1
2742630,1,1,1,1,0,0,1
2742652,1,1,1,1,0,0,1
2742671,1,1,1,1,0,0,1
2743432,1,1,1,1,0,0,1
2743479,1,1,0,0,0,0,1
2743500,1,1,1,1,0,0,1
2743545,1,1,1,1,0,0,1
2743562,1,1,1,1,0,0,1
2743893,1,1,1,1,0,0,1
2744272,1,1,1,1,0,0,1
2744464,1,1,1,1,0,0,1
2744530,1,1,1,1,0,0,1
2744551,1,1,1,1,0,0,1
2744785,1,1,1,1,0,0,1
2745068,1,1,1,1,0,0,1
2745141,1,1,1,1,0,0,1
2745398,1,1,1,1,0,0,1
2745467,1,1,1,1,0,0,1
2745632,1,1,1,1,0,0,1
2745721,1,1,1,1,0,0,1
2746052,1,1,1,1,0,0,1
2746101,1,1,1,1,0,0,1
2746525,1,1,1,1,0,0,1
2746620,1,1,1,1,0,0,1
2746900,1,1,1,1,0,0,1
2747069,1,1,1,1,0,0,1
2747517,1,1,1,0,0,0,1
2747564,1,1,1,1,0,0,1
2747873,1,1,1,1,0,0,1
2748106,1,1,1,1,0,0,1
2748124,1,1,1,1,0,0,1
2748529,1,1,1,1,0,0,1
2748888,1,1,1,1,0,0,1
2748909,1,1,1,1,0,0,1
2749164,1,1,1,1,0,0,1
2749717,1,1,1,1,0,0,1
2749784,1,1,1,1,0,0,1
2750114,1,1,1,1,0,0,1
2750833,1,1,1,0,0,0,1
2750972,1,1,1,1,0,0,1
2751542,1,1,1,1,0,0,1
2751853,1,1,1,1,0,0,1
2751920,1,1,1,1,0,0,1
2752587,1,1,1,0,0,0,0
2753496,1,1,1,1,0,0,1
2754042,1,1,1,1,0,0,1
2754086,0,0,0,0,0,0,1
2754419,1,1,1,0,0,0,1
2755281,1,1,1,1,0,0,1
2755323,1,1,1,1,0,0,1
2755677,1,1,1,1,0,0,0
2756320,1,1,1,1,0,0,0
2756560,1,1,1,0,0,0,1
2757058,1,1,1,1,0,0,1
2757513,1,1,1,1,0,0,1
2758130,1,1,1,0,0,0,1
2758197,1,1,1,1,0,0,1
2760045,1,1,1,1,0,0,1
2760085,1,1,1,1,0,0,1
2760421,1,0,0,0,0,0,1
2760917,1,1,1,0,0,0,1
2761032,1,1,1,1,0,0,1
2761414,1,1,1,1,0,0,1
2762133,1,1,1,1,0,0,1
2762149,1,1,1,1,0,0,1
2762168,1,1,1,1,0,0,1
2762479,1,1,1,1,0,0,0
2762715,0,0,0,0,0,0,1
2763720,1,1,1,1,0,0,0
2763834,1,1,1,1,0,0,1
2763879,1,1,1,1,0,0,1
2765029,1,1,1,1,0,0,1
2765213,1,1,1,1,0,0,1
2765331,1,1,1,1,0,0,1
2767705,1,1,1,1,0,0,1
2768441,1,1,1,1,0,0,1
2768751,1,1,1,1,0,0,1
2769344,1,1,1,1,0,0,0
2769581,1,1,1,1,0,0,1
2770637,1,1,1,1,0,0,1
2770896,1,1,1,0,0,0,0
2771010,1,1,1,0,0,0,0
2771054,0,0,0,0,0,0,1
2771531,1,1,1,1,0,0,1
2772605,1,1,1,1,0,0,1
2773035,1,1,1,1,1,1,0
2773081,1,1,1,1,0,0,1
2774060,1,1,1,1,0,0,1
2774294,1,1,1,1,0,0,1
2774509,1,1,1,1,0,0,1
2774693,1,1,1,1,0,0,1
2775627,1,1,1,1,0,0,1
2775933,1,1,1,1,0,0,1
2776384,1,1,1,1,0,0,1
2777176,1,1,1,1,0,0,1
2777192,1,1,1,1,0,0,1
2778128,1,1,1,1,0,0,1
2778505,1,1,1,0,0,0,1
2778596,1,1,1,1,0,0,1
2779004,1,1,1,1,0,0,1
2779744,1,1,1,0,0,0,1
2781466,1,1,1,0,0,0,0
2781681,1,1,0,0,0,0,0
2781744,1,1,1,1,0,0,1
2782750,1,1,1,1,0,0,1
2782795,1,1,0,0,0,0,0
2785024,1,1,1,1,0,0,1
2785689,1,1,1,1,0,0,0
2785784,1,1,1,1,0,0,1
2785803,1,1,1,1,0,0,1
2786230,1,1,1,1,0,0,1
2786491,1,1,1,0,0,0,1
2786560,1,1,1,1,0,0,1
2786768,1,1,1,1,0,0,1
2787053,1,1,1,0,0,0,1
2787504,1,1,1,0,0,0,1
2788561,1,1,1,0,0,0,1
2788675,1,1,1,1,0,0,1
2788720,1,1,1,0,0,0,1
2789361,1,1,1,0,0,0,1
2789596,1,1,1,1,0,0,1
2789621,1,1,1,1,0,0,1
2789665,0,0,0,0,0,0,1
2791196,1,1,1,1,0,0,1
2791790,1,1,1,1,0,0,1
2792001,1,1,1,0,0,0,1
2792358,1,0,0,0,0,0,1
2792424,1,1,1,1,0,0,1
2792447,1,1,1,1,0,0,1
2792464,0,0,0,0,0,0,1
2793303,1,0,0,0,0,0,1
2793707,0,0,0,0,0,0,1
2793729,1,1,1,1,0,0,1
2795380,1,1,1,1,0,0,1
2795447,1,1,1,1,0,0,1
2795512,1,1,1,1,0,0,1
2796424,1,1,1,1,0,0,1
2796685,1,1,1,1,0,0,1
2797353,1,0,0,0,0,0,1
2797563,1,1,1,1,0,0,1
2798372,1,1,1,1,0,0,1
2798537,1,1,1,1,0,0,1
2798631,1,1,1,1,0,0,1
2799083,1,0,0,0,0,0,1
2799272,1,1,1,0,0,0,1
2799506,1,1,1,1,0,0,0
2799958,1,0,0,0,0,0,1
2800121,1,1,1,1,0,0,1
2801031,1,1,1,1,0,0,1
2801245,1,1,1,1,0,0,1
2801840,1,1,1,0,0,0,1
2803584,1,1,1,1,0,0,1
2804062,1,1,1,1,0,0,1
2804157,1,1,1,1,0,0,1
2804320,1,1,1,1,0,0,1
2805060,1,1,1,0,0,0,1
2805340,1,1,1,1,0,0,1
2805773,1,1,1,1,0,0,1
2806032,1,1,1,1,0,0,1
2806144,1,1,1,1,0,0,1
2806215,1,1,1,1,0,0,1
2806330,1,1,1,1,0,0,1
2807285,1,1,1,1,0,0,0
2807309,1,1,1,1,0,0,1
2807684,1,1,1,1,0,0,1
2808069,1,1,1,1,0,0,1
2808780,1,1,1,0,0,0,1
2809137,1,1,1,1,0,0,1
2809183,1,1,1,1,0,0,1
2809320,1,0,0,0,0,0,1
2809584,1,1,1,1,0,0,1
2810516,1,1,1,0,0,0,1
2811328,0,0,0,0,0,0,1
2811489,1,1,1,1,0,0,1
2811895,1,1,1,1,0,0,1
2811939,0,0,0,0,0,0,1
2812201,1,1,1,1,0,0,1
2812245,0,0,0,0,0,0,1
2812261,1,1,1,0,0,0,1
2813291,1,1,1,1,0,0,1
2813478,1,1,1,0,0,0,0
2813621,1,1,1,1,0,0,1
2814361,1,1,1,1,0,0,1
2814644,1,1,1,1,0,0,1
2814924,1,1,1,1,0,0,1
2814947,1,1,1,0,0,0,1
2815133,1,1,1,1,0,0,1
2815154,1,1,1,0,0,0,1
2815416,1,1,1,1,0,0,1
2815432,1,0,0,0,0,0,1
2815646,1,0,0,0,0,0,1
2815789,1,1,1,0,0,0,1
2816044,1,0,0,0,0,0,1
2816048,1,0,0,0,0,0,1
2816252,0,0,0,0,0,0,1
2816369,1,1,1,0,0,0,1
2816656,1,0,0,0,0,0,1
2817203,1,1,1,1,0,0,1
2817220,1,1,1,1,0,0,1
2817650,1,1,1,1,0,0,1
2817673,1,1,1,1,0,0,1
2817857,1,1,1,1,0,0,1
2818096,1,1,1,1,0,0,1
2818810,1,1,1,1,0,0,1
2818879,1,1,1,1,0,0,1
2818969,1,1,1,1,0,0,1
2819639,1,1,1,0,0,0,1
2819994,1,0,0,0,0,0,1
2820373,1,1,1,0,0,0,1
2820658,1,1,1,0,0,0,1
2821061,1,1,1,0,0,0,1
2821297,0,0,0,0,0,0,1
2822184,1,1,1,1,0,0,1
2822225,1,1,1,0,0,0,1
2822727,1,1,1,0,0,0,1
2822888,1,1,1,1,0,0,1
2823417,1,1,1,1,0,0,1
2823556,1,1,1,1,0,0,1
2824535,1,1,1,1,0,0,1
2824792,1,1,1,1,0,0,1
2825006,1,1,1,1,0,0,1
2825435,1,1,1,1,0,0,1
2825740,1,1,1,1,0,0,1
2826218,1,1,1,1,0,0,1
2826431,1,1,1,1,0,0,1
2826741,1,1,1,1,0,0,1
2827095,1,1,1,0,0,0,1
2827096,1,1,1,1,0,0,1
2827397,1,1,1,0,0,0,1
2827464,1,1,1,1,0,0,1
2827726,1,1,1,1,0,0,1
2828369,1,1,1,1,0,0,1
2828414,1,1,1,1,0,0,1
2828459,1,1,1,1,0,0,1
2829345,1,1,1,1,0,0,1
2829961,1,1,1,1,0,0,1
2830033,1,1,1,1,0,0,1
2830050,1,1,1,0,0,0,1
2830380,1,1,1,1,0,0,1
2830738,1,1,1,0,0,0,1
2830833,1,1,1,0,0,0,1
2831810,1,1,1,1,0,0,1
2832215,1,1,1,1,1,1,0
2832236,1,1,1,1,0,0,1
2833024,1,1,1,0,0,0,1
2833043,1,1,1,1,0,0,1
2833134,1,1,1,1,0,0,1
2833272,1,1,1,1,0,0,1
2833800,1,1,1,0,0,0,1
2833843,1,1,1,1,0,0,1
2833913,1,1,1,1,0,0,1
2834456,1,1,1,1,0,0,1
2834838,1,1,1,1,0,0,1
2835457,1,1,1,1,0,0,1
2835548,1,1,1,1,0,0,1
2835619,1,1,1,0,0,0,1
2836480,1,1,1,1,0,0,1
2836520,1,1,1,1,0,0,1
2836975,1,1,1,1,0,0,1
2837448,1,1,1,0,0,0,1
2838406,1,1,1,1,0,0,1
2838929,1,1,1,0,0,0,1
2838996,1,1,1,1,0,0,1
2839429,1,1,1,1,0,0,1
2839566,1,1,1,1,0,0,1
2839875,1,1,1,1,0,0,1
2840924,1,1,1,1,0,0,1
2841018,1,1,1,1,0,0,1
2841472,1,1,1,1,0,0,1
2841779,1,1,1,1,0,0,1
2842328,1,1,1,1,0,0,1
2842417,1,1,1,0,0,0,1
2842799,1,1,1,0,0,0,1
2843056,1,1,1,1,0,0,1
2843105,1,1,1,1,0,0,1
2843124,1,1,1,0,0,0,1
2843286,1,1,1,0,0,0,1
2844243,1,1,1,1,0,0,1
2844287,0,0,0,0,0,0,1
2844784,1,1,1,0,0,0,1
2846512,1,1,1,1,1,1,0
2846960,1,1,1,0,0,0,1
2847773,1,1,1,1,0,0,1
2849544,1,1,1,1,0,0,1
2850289,1,1,1,1,0,0,0
2850474,1,1,1,1,0,0,0
2851479,1,1,1,1,0,0,0
2852315,1,1,1,0,0,0,1
2852816,1,1,1,1,0,0,1
2853173,1,1,1,1,0,0,1
2853311,0,0,0,0,0,0,1
2853980,1,1,1,1,0,0,1
2854957,1,1,1,1,0,0,0
2855269,1,1,1,1,0,0,1
2855575,1,1,1,1,0,0,1
2855810,1,1,1,1,0,0,1
2856433,1,1,1,0,0,0,1
2856690,1,1,1,1,0,0,1
2856708,1,1,1,1,0,0,0
2856730,0,0,0,0,0,0,1
2857447,1,1,1,1,0,0,1
2857612,1,1,1,0,0,0,1
2861468,1,1,1,1,0,0,1
2861683,1,1,1,1,0,0,1
2861921,1,1,1,1,0,0,1
2862129,1,1,1,1,0,0,0
2862873,1,1,1,1,0,0,1
2863202,1,1,1,0,0,0,1
2863272,1,1,1,1,0,0,1
2865041,1,1,1,0,0,0,1
2865804,1,1,1,1,0,0,1
2865805,1,0,0,0,0,0,1
2865871,1,1,1,1,0,0,1
2867021,1,1,1,1,0,0,1
2867661,1,1,1,1,0,0,1
2867684,1,1,1,1,0,0,1
2867729,1,1,1,1,0,0,1
2867984,1,1,1,1,0,0,1
2868724,1,1,1,0,0,0,1
2869324,1,1,1,1,0,0,1
2870374,1,1,1,0,0,0,0
2870804,1,1,1,0,0,0,1
2870894,0,0,0,0,0,0,1
2871492,1,1,1,1,0,0,1
2872544,1,1,1,1,0,0,1
2873043,1,1,1,1,0,0,0
2874216,1,1,1,1,1,1,0
2874307,1,1,1,0,0,0,1
2874709,1,1,1,1,0,0,1
2874901,1,1,1,1,0,0,0
2875038,1,1,1,1,0,0,1
2875657,1,1,1,0,0,0,1
2875868,1,1,1,1,0,0,1
2875988,1,1,1,1,0,0,1
2877950,1,1,1,0,0,0,1
2878501,1,1,1,0,0,0,1
2880316,1,1,1,0,0,0,1
2880362,1,1,1,0,0,0,1
2880599,1,1,1,0,0,0,1
2880617,1,1,1,0,0,0,1
2880832,1,1,1,0,0,0,1
2881448,1,1,1,0,0,0,1
2881855,1,1,1,0,0,0,1
2882761,1,1,1,0,0,0,1
2882948,1,1,1,1,0,0,1
2883068,1,1,1,0,0,0,1
2883732,1,1,1,0,0,0,1
2883754,1,1,1,0,0,0,1
2883944,1,1,1,0,0,0,1
2884536,1,1,1,0,0,0,1
2884681,1,1,1,0,0,0,1
2885300,1,1,1,0,0,0,1
2885533,1,1,1,1,0,0,1
2885696,1,1,1,1,0,0,1
2886176,1,1,1,1,0,0,1
2887968,1,1,1,0,0,0,1
2887989,1,1,1,1,0,0,1
2888971,1,1,1,1,0,0,1
2890428,1,1,1,1,0,0,1
2890715,1,1,1,1,0,0,1
2890781,1,1,1,1,0,0,1
2890828,1,1,1,1,0,0,1
2890918,1,1,1,1,0,0,0
2891441,1,1,1,0,0,0,1
2891560,1,1,1,1,0,0,1
2891576,1,1,1,1,0,0,1
2891841,1,1,1,0,0,0,0
2892244,1,1,1,1,0,0,1
2892671,1,1,1,1,0,0,1
2894105,1,1,1,1,0,0,1
2894871,1,1,1,1,0,0,1
2898106,1,1,1,1,0,0,0
2898772,1,1,1,1,0,0,0
2899037,1,1,1,1,0,0,0
2899440,1,1,1,1,0,0,0
2899770,1,1,1,1,0,0,1
2900009,1,1,1,1,0,0,1
2900845,1,1,1,1,0,0,1
2900936,1,1,1,1,0,0,1
2901075,1,1,1,1,0,0,1
2901285,1,1,1,1,0,0,0
2902581,1,1,1,0,0,0,1
2903029,1,1,1,1,0,0,1
2903099,1,1,1,0,0,0,1
2903600,1,1,1,0,0,0,1
2904269,1,1,1,1,0,0,1
2905102,1,1,1,1,0,0,1
2905292,1,1,1,1,0,0,1
2905621,1,1,1,1,0,0,1
2905712,1,1,1,1,0,0,1
2905903,1,1,1,1,0,0,1
2906092,1,1,1,1,0,0,1
2906830,1,1,1,1,0,0,1
2907570,1,1,1,1,0,0,1
2907640,1,1,1,1,0,0,1
2908064,1,1,1,1,0,0,1
2908113,1,1,1,1,0,0,1
2908129,1,1,1,1,0,0,1
2908390,1,0,0,0,0,0,1
2909803,1,1,1,1,0,0,1
2910161,1,1,1,1,0,0,1
2910300,1,1,1,1,0,0,1
2910487,1,1,1,1,0,0,1
2910912,1,1,1,1,0,0,1
2911679,1,1,1,1,0,0,1
2912344,1,1,1,1,0,0,1
2912437,1,1,1,1,0,0,1
2912509,1,1,1,1,0,0,1
2912888,1,1,1,1,0,0,1
2913385,1,1,1,1,0,0,1
2913672,1,1,1,0,0,0,1
2914145,1,1,1,1,0,0,1
2914188,1,1,1,1,0,0,1
2914524,1,1,1,1,0,0,1
2914807,1,1,1,1,0,0,1
2914849,1,1,1,1,0,0,1
2915232,1,1,1,1,0,0,1
2915276,0,0,0,0,0,0,1
2915534,1,1,1,1,0,0,0
2916204,1,1,1,1,0,0,1
2916846,1,1,1,1,0,0,1
2919677,1,1,1,1,0,0,0
2919837,1,1,1,1,0,0,1
2920290,1,1,1,1,0,0,1
2920716,1,1,1,1,0,0,1
2920861,1,1,1,1,0,0,1
2921889,1,1,1,1,0,0,1
2921905,1,1,1,1,0,0,1
2921975,1,1,1,1,0,0,0
2922594,1,1,1,1,0,0,1
2922829,1,0,0,0,0,0,1
2923380,1,1,1,1,0,0,0
2923424,0,0,0,0,0,0,1
2923537,1,1,1,1,0,0,1
2923582,1,1,1,1,0,0,1
2923749,1,1,1,1,0,0,1
2924177,1,0,0,0,0,0,1
2925157,1,1,1,1,0,0,1
2925201,0,0,0,0,0,0,1
2926613,1,1,1,0,0,0,1
2926656,1,1,1,1,0,0,1
2926840,1,1,1,1,0,0,1
2928132,1,1,1,1,0,0,1
2928636,1,1,1,1,0,0,1
2928988,1,1,1,1,0,0,1
2929131,1,1,1,0,0,0,0
2929509,1,1,1,0,0,0,1
2929553,0,0,0,0,0,0,1
2929672,1,1,1,1,0,0,1
2929933,1,1,1,1,0,0,1
2930143,1,1,1,0,0,0,1
2930738,1,1,1,1,0,0,0
2930785,1,1,1,1,0,0,1
2930993,1,1,1,1,0,0,1
2932117,1,1,1,1,0,0,1
2932856,1,1,1,1,0,0,1
2933625,1,1,1,1,0,0,1
2933980,1,1,1,1,0,0,1
2934212,1,1,1,1,0,0,1
2935120,1,1,1,1,0,0,1
2935122,1,1,1,0,0,0,1
2935162,0,0,0,0,0,0,1
2935519,1,1,1,1,0,0,1
2935541,1,1,1,1,0,0,1
2935992,1,1,1,0,0,0,1
2936345,1,1,1,1,0,0,1
2936414,1,1,1,1,0,0,1
2936817,1,0,0,0,0,0,1
2938972,1,1,1,1,0,0,1
2939569,1,1,1,1,0,0,1
2939591,1,1,1,1,0,0,1
2939973,1,1,1,1,0,0,1
2941239,1,1,1,1,0,0,1
2941400,1,1,1,1,0,0,1
2942260,1,1,1,1,0,0,1
2942885,1,1,1,1,0,0,1
2943116,1,1,1,1,0,0,1
2943164,1,1,1,1,0,0,0
2943590,1,1,1,1,0,0,0
2944259,1,1,1,1,0,0,1
2944857,1,1,1,1,0,0,1
2945016,1,1,1,1,0,0,1
2945060,0,0,0,0,0,0,1
2945467,1,1,1,1,0,0,1
2946156,1,1,1,1,0,0,1
2946729,1,1,1,1,0,0,0
2947521,1,1,1,1,0,0,1
2948501,1,1,1,1,0,0,1
2949023,1,1,1,1,0,0,1
2949472,1,1,1,1,0,0,1
2950336,1,1,1,0,0,0,0
2950549,1,1,1,1,0,0,1
2950758,1,1,1,1,0,0,0
2952265,1,1,1,1,0,0,1
2952266,1,1,1,1,0,0,1
2952328,1,1,1,1,0,0,1
2954415,1,1,1,1,0,0,1
2954796,1,1,1,1,0,0,1
2956137,1,1,1,1,0,0,1
2957619,1,1,1,0,0,0,1
2957734,1,1,1,1,0,0,1
2959457,1,1,1,1,0,0,0
2959524,1,1,1,1,0,0,0
2960604,1,1,1,1,0,0,1
2961272,1,1,1,1,0,0,1
2962876,1,1,1,1,0,0,1
2963329,1,1,1,1,0,0,0
2963536,1,1,1,1,0,0,1
2964541,1,1,1,0,0,0,1
2964779,1,1,1,1,0,0,1
2964918,1,1,1,1,0,0,0
2966906,1,1,1,1,0,0,1
2968653,1,1,1,1,0,0,1
2968819,1,1,1,1,0,0,1
2969825,1,1,1,1,0,0,1
2969840,1,1,1,1,0,0,1
2970054,1,1,1,1,0,0,1
2970056,1,1,1,1,0,0,0
2971029,1,1,1,1,0,0,1
2971509,1,1,1,1,0,0,1
2972197,1,1,1,1,0,0,1
2972624,1,1,1,1,0,0,1
2973342,1,1,1,1,0,0,1
2973437,1,1,1,1,0,0,1
2973740,1,1,1,1,0,0,1
2974268,1,1,1,1,0,0,1
2974815,1,1,1,1,0,0,1
2974817,1,1,1,1,0,0,1
2974974,1,1,1,1,0,0,1
2975954,1,1,1,1,0,0,1
2976337,1,1,1,1,0,0,1
2977699,1,1,1,1,0,0,1
2978560,1,1,1,1,0,0,1
2979369,1,1,1,1,0,0,0
2980278,1,1,1,1,0,0,1
2980920,1,1,1,1,0,0,0
2981636,1,1,1,1,0,0,1
2983048,1,1,1,1,0,0,1
2983529,1,1,1,1,0,0,0
2984891,1,1,1,0,0,0,0
2985364,1,1,1,1,0,0,1
2985748,1,1,1,1,0,0,0
2986557,1,1,1,1,0,0,0
2986960,1,1,1,0,0,0,1
2987029,1,0,0,0,0,0,1
2987220,1,1,1,0,0,0,1
2987452,1,0,0,0,0,0,1
2987454,1,1,1,1,0,0,0
2988217,1,1,1,0,0,0,1
2990851,1,1,1,0,0,0,1
2991592,1,1,1,0,0,0,1
2991731,1,1,1,1,0,0,1
2992927,1,1,1,1,0,0,1
2993908,1,1,1,1,0,0,1
2994213,1,1,1,1,0,0,0
2994640,1,1,1,0,0,0,0
2994642,1,1,1,0,0,0,0
2994803,1,1,1,1,0,0,1
2995401,1,1,1,1,0,0,0
2995536,1,1,1,0,0,0,1
2995581,1,1,1,1,0,0,1
2996105,1,0,0,0,0,0,1
2996583,1,1,1,1,0,0,1
2997085,1,1,1,1,0,0,1
2997365,1,1,1,1,0,0,1
2998372,1,1,1,0,0,0,1
2999038,1,1,1,1,0,0,1
2999176,1,1,1,1,0,0,1
2999245,1,1,1,1,0,0,1
3000060,1,1,1,0,0,0,1
3000104,0,0,0,0,0,0,1
3000410,1,1,1,1,0,0,1
3001173,1,1,1,1,0,0,1
3002132,1,1,1,1,0,0,1
3003086,1,1,1,0,0,0,1
3003755,1,1,1,0,0,0,0
3004064,1,1,1,1,0,0,1
3004106,1,1,1,0,0,0,1
3004150,0,0,0,0,0,0,1
3004245,1,1,1,1,0,0,0
3005438,1,1,1,0,0,0,1
3006083,1,1,1,1,0,0,1
3006340,1,1,1,1,0,0,0
3006913,1,1,1,0,0,0,1
3008256,1,1,1,1,0,0,1
3008731,1,1,1,1,0,0,1
3009468,1,1,1,0,0,0,1
3011336,1,1,1,1,0,0,1
3011433,1,1,1,1,0,0,0
3012626,1,1,1,1,0,0,0
3012673,1,1,1,1,0,0,1
3012860,1,1,1,1,0,0,1
3014006,1,1,1,1,0,0,1
3014097,1,1,1,0,0,0,0
3014167,1,1,1,1,0,0,1
3014309,1,1,1,1,0,0,1
3015433,1,1,1,1,0,0,1
3015928,1,1,1,1,0,0,1
3016501,1,1,1,1,0,0,1
3016545,0,0,0,0,0,0,1
3016784,1,1,1,1,0,0,1
3016896,1,1,1,1,0,0,1
3017712,1,1,1,1,0,0,1
3017851,1,1,1,1,0,0,1
3018061,1,1,1,1,0,0,1
3018085,1,1,1,1,0,0,1
3020001,1,1,1,1,0,0,1
3020209,1,1,1,1,0,0,1
3020472,1,1,1,0,0,0,1
3020803,1,1,1,1,0,0,1
3021158,1,1,1,1,0,0,0
3021849,1,1,1,1,0,0,1
3022111,1,1,1,1,0,0,1
3022875,1,1,1,1,0,0,1
3022897,1,1,1,1,0,0,1
3023345,1,1,1,1,0,0,1
3023606,1,1,1,1,0,0,1
3023627,1,1,1,1,0,0,1
3023648,1,1,1,1,0,0,1
3023693,1,1,1,1,0,0,1
3024044,1,1,1,1,0,0,0
3025436,1,1,1,1,0,0,1
3025620,1,1,1,1,0,0,1
3026361,1,1,1,1,0,0,1
3026409,1,1,1,1,0,0,1
3027264,1,1,1,1,0,0,1
3028031,1,1,1,1,0,0,1
3029321,1,1,1,1,0,0,1
3030782,1,1,1,1,0,0,0
3032533,1,1,1,1,0,0,1
3032624,1,1,1,1,0,0,0
3033364,1,1,1,1,0,0,1
3033365,1,1,1,0,0,0,1
3034002,1,1,1,1,0,0,1
3034144,1,1,1,1,0,0,1
3034448,1,1,1,1,0,0,0
3034713,1,1,1,0,0,0,1
3034754,1,1,1,1,0,0,1
3035207,1,1,1,1,0,0,0
3035589,1,1,1,0,0,0,1
3035848,1,1,1,1,0,0,1
3036489,1,1,1,1,0,0,0
3036604,1,1,1,0,0,0,1
3038328,1,1,1,1,0,0,1
3038372,0,0,0,0,0,0,1
3039088,1,1,1,0,0,0,1
3041825,1,1,1,1,0,0,1
3041938,1,1,1,1,0,0,0
3042249,1,0,0,0,0,0,1
3042387,1,1,1,1,0,0,0
3043032,1,1,1,1,0,0,0
3043101,1,1,1,1,0,0,1
3043476,1,1,1,1,0,0,1
3043665,1,1,1,1,0,0,0
3043948,1,0,0,0,0,0,1
3044066,1,1,1,1,0,0,1
3044159,1,1,1,1,0,0,1
3044180,1,1,1,1,0,0,1
3044489,1,1,1,1,0,0,1
3044866,1,1,1,1,0,0,1
3044908,1,1,1,0,0,0,1
3045267,1,1,1,1,0,0,1
3045528,1,1,1,1,0,0,1
3046005,1,1,1,1,0,0,1
3046476,1,1,1,1,0,0,1
3046571,1,1,1,1,0,0,1
3046664,1,1,1,1,0,0,1
3047789,1,1,1,1,0,0,1
3047948,1,1,1,1,0,0,1
3048355,1,1,1,1,0,0,1
3048664,1,1,1,1,0,0,1
3048665,1,1,1,0,0,0,1
3049808,1,1,1,1,0,0,1
3050256,1,1,1,1,0,0,1
3050497,1,1,1,1,0,0,1
3050562,1,1,1,1,0,0,1
3050680,1,1,1,0,0,0,1
3050793,1,1,1,1,0,0,0
3051655,1,1,1,0,0,0,1
3051989,1,1,1,1,0,0,1
3052030,1,1,1,1,0,0,1
3052360,1,1,1,1,0,0,1
3052455,1,1,0,0,0,0,1
3052500,1,1,1,1,0,0,1
3052857,1,1,1,1,0,0,1
3053208,1,1,1,1,0,0,1
3053520,1,1,1,0,0,0,1
3053685,1,1,1,1,0,0,1
3053729,0,0,0,0,0,0,1
3053770,1,1,1,1,0,0,1
3054316,1,1,1,1,0,0,1
3054557,1,1,1,0,0,0,1
3054792,1,1,1,0,0,0,1
3054907,1,1,1,1,0,0,1
3055623,1,1,1,0,0,0,1
3055832,1,1,1,0,0,0,1
3056145,1,1,1,0,0,0,1
3056378,1,1,1,1,0,0,1
3056544,1,1,1,0,0,0,1
3057929,1,1,1,1,0,0,0
3058092,1,1,1,1,0,0,1
3058162,1,1,1,1,0,0,1
3058353,1,1,1,1,0,0,1
3058468,1,1,1,1,0,0,1
3059300,1,1,1,1,0,0,1
3059325,1,1,1,0,0,0,1
3059367,1,1,1,1,0,0,1
3059369,0,0,0,0,0,0,1
3059504,1,1,1,1,0,0,1
3059762,1,1,1,1,0,0,1
3061007,1,1,1,1,0,0,1
3061097,1,1,1,1,0,0,1
3061409,1,1,1,0,0,0,1
3061640,1,1,1,0,0,0,1
3061853,1,1,0,0,0,0,1
3061922,1,1,1,1,0,0,1
3061944,1,1,1,0,0,0,1
3062539,1,1,0,0,0,0,1
3062560,1,0,0,0,0,0,1
3062770,1,1,1,0,0,0,1
3062773,1,1,1,0,0,0,1
3063267,1,1,1,1,0,0,1
3064439,1,1,1,0,0,0,1
3065925,1,1,1,0,0,0,1
3066997,1,1,1,1,0,0,1
3067380,1,1,1,1,0,0,1
3067424,0,0,0,0,0,0,1
3067923,1,1,1,1,0,0,1
3067944,1,0,0,0,0,0,1
3068564,1,1,0,0,0,0,1
3068796,1,1,1,0,0,1,0
3069250,1,1,1,1,0,0,1
3070207,1,1,1,1,0,0,1
3070682,1,1,1,1,0,0,1
3070824,1,1,1,1,0,0,1
3071368,1,1,1,1,0,0,1
3071372,1,0,0,0,0,0,1
3071653,1,1,1,1,0,0,1
3072703,1,1,1,1,0,0,1
3072941,1,1,1,1,0,0,1
3074157,1,1,1,1,0,0,0
3075233,1,1,1,0,0,0,1
3076813,1,1,1,1,0,0,1
3077409,1,0,0,0,0,0,1
3077862,1,1,1,1,0,0,0
3077979,1,1,1,1,0,0,1
3078548,1,1,1,1,0,0,0
3078552,1,1,1,1,0,0,1
3079214,1,1,1,1,0,0,1
3080125,1,1,1,1,0,0,0
3080336,1,1,1,1,0,0,1
3080645,1,0,0,0,0,0,1
3080782,1,1,1,0,0,0,1
3081308,1,1,1,0,0,0,1
3082720,1,1,1,1,0,0,1
3083293,1,1,1,1,0,0,1
3083551,1,1,1,1,0,0,1
3083596,1,1,1,1,0,0,1
3084217,1,1,1,1,0,0,1
3084569,1,1,0,0,0,0,0
3085095,1,1,1,0,0,0,1
3085165,1,1,1,0,0,0,1
3085708,1,1,1,1,0,0,0
3086141,1,1,1,1,0,0,1
3086589,1,1,1,1,0,0,1
3086755,1,1,1,1,0,0,1
3086820,1,1,1,1,0,0,1
3087325,1,1,1,0,0,0,1
3087724,1,1,1,0,0,0,1
3087938,1,1,1,1,0,0,0
3087939,1,1,1,0,0,0,1
3088818,1,1,1,1,0,0,1
3089124,1,1,1,1,0,0,1
3089317,1,1,1,1,0,0,1
3090297,1,1,1,1,0,0,1
3090314,1,1,1,0,0,0,1
3090744,1,1,1,1,0,0,0
3090834,1,0,0,0,0,0,1
3092268,1,1,1,1,0,0,1
3092842,1,1,1,1,0,0,1
3093749,1,1,1,1,0,0,0
3093941,1,1,1,1,0,0,1
3094222,1,1,1,1,0,0,1
3094365,1,0,0,0,0,0,1
3094384,1,1,1,1,0,0,1
3095099,1,1,1,0,0,0,0
3095140,1,1,1,1,0,0,1
3095426,1,1,1,1,0,0,1
3095665,1,1,1,1,0,0,1
3095827,1,1,1,1,0,0,1
3095940,1,1,1,1,0,0,1
3096752,1,1,1,1,0,0,1
3097038,1,1,1,1,0,0,1
3097041,1,1,1,1,0,0,1
3098276,1,1,1,1,0,0,1
3098948,1,1,1,1,0,0,1
3099686,1,1,1,1,0,0,1
3100380,1,1,1,0,0,0,1
3100424,0,0,0,0,0,0,1
3100897,1,1,1,0,0,0,0
3101230,1,1,1,1,0,0,1
3101296,1,1,1,1,0,0,1
3101487,1,1,1,1,0,0,1
3102321,1,1,1,0,0,0,1
3103039,1,1,1,1,0,0,1
3103300,1,1,1,1,0,0,1
3103606,1,1,1,1,0,0,1
3103792,1,1,1,1,0,0,1
3104201,1,1,1,1,0,0,0
3104555,1,1,1,1,0,0,1
3104961,1,1,1,0,0,0,1
3105770,1,1,1,1,0,0,1
3106703,1,1,1,1,0,0,1
3106961,1,1,1,1,0,0,1
3108737,1,1,1,1,0,0,1
3109716,1,1,1,1,0,0,1
3109997,1,1,1,1,0,0,1
3110666,1,1,1,1,0,0,1
3110972,1,1,1,1,0,0,0
3111017,1,1,1,1,0,0,1
3111853,1,1,1,1,0,0,1
3112139,1,1,1,1,0,0,1
3112904,1,1,1,0,0,0,1
3113352,1,1,1,1,0,0,1
3114167,1,1,1,0,0,0,1
3114169,1,1,1,1,0,0,1
3114209,0,0,0,0,0,0,1
3114634,1,1,1,1,0,0,1
3114872,1,1,1,1,0,0,1
3117267,1,1,1,1,0,0,1
3117428,1,1,1,1,0,0,1
3117522,1,1,1,1,0,0,1
3117711,1,0,0,0,0,0,1
3117780,1,1,1,1,0,0,1
3118350,1,1,1,1,0,0,1
3118440,1,1,1,1,0,0,1
3118489,1,1,1,0,0,0,1
3118912,1,0,0,0,0,0,1
3119005,1,1,1,1,0,0,0
3120253,1,1,1,1,0,0,1
3121064,1,1,1,1,0,0,1
3121109,1,1,1,1,0,0,1
3121919,1,1,1,1,0,0,1
3122202,1,1,1,1,0,0,1
3122941,1,1,1,1,0,0,1
3123106,1,1,1,1,0,0,1
3125573,1,1,1,1,0,0,1
3126096,1,1,1,0,0,1,0
3127033,1,1,1,1,0,0,1
3127362,1,1,1,1,0,0,1
3128056,1,1,1,1,0,0,1
3128264,1,1,1,1,0,0,1
3129033,1,1,1,1,0,0,1
3129099,1,1,1,1,0,0,0
3129116,1,1,1,0,0,0,1
3130868,1,1,1,1,0,0,1
3131318,1,1,1,1,0,0,1
3131459,1,1,1,1,0,0,1
3131764,1,1,1,1,0,0,1
3132052,1,1,1,1,0,0,1
3132741,1,1,1,1,0,0,0
3133601,1,1,1,1,0,0,1
3133745,1,1,1,1,0,0,1
3134050,1,1,1,1,0,0,1
3135461,1,1,1,1,1,1,0
3136850,1,1,1,1,0,0,1
3137324,1,1,1,1,0,0,1
3138641,1,1,1,1,0,0,1
3138643,1,1,1,1,0,0,0
3139236,1,1,1,1,0,0,0
3139591,1,1,1,1,0,0,1
3139992,1,1,1,1,0,0,1
3140015,1,0,0,0,0,0,1
3140491,1,0,0,0,0,0,1
3140654,1,1,1,1,0,0,1
3140917,1,1,1,1,0,0,0
3140980,1,1,1,1,0,0,1
3142588,1,1,1,1,0,0,1
3142606,1,1,1,1,0,0,1
3142650,0,0,0,0,0,0,1
3142817,1,1,1,1,1,1,0
3143147,1,1,1,1,0,0,1
3143934,1,1,1,1,0,0,1
3144053,1,1,1,1,0,0,1
3145606,1,1,1,1,0,0,1
3145793,1,1,1,1,0,0,0
3146489,1,1,1,0,0,0,1
3146817,1,1,1,1,0,0,1
3147124,1,1,1,1,0,0,1
3147460,1,1,1,1,0,0,1
3148849,1,1,1,1,0,0,1
3149320,1,1,1,1,0,0,1
3149486,1,1,1,1,0,0,1
3149940,1,1,1,1,0,0,1
3150319,1,1,1,1,0,0,0
3150554,1,1,1,1,0,0,1
3150649,1,1,1,1,0,0,1
3150668,1,1,1,1,0,0,1
3153472,1,1,1,1,0,0,1
3153873,1,1,1,1,0,0,1
3154399,1,1,1,1,0,0,1
3154490,1,1,1,1,0,0,1
3154964,1,1,1,1,0,0,1
3155013,1,1,1,1,0,0,1
3155057,0,0,0,0,0,0,1
3155529,1,1,1,1,0,0,1
3156127,1,1,1,1,0,0,1
3156768,1,1,1,1,0,0,1
3157054,1,1,1,1,0,0,1
3157243,1,1,1,1,0,0,1
3158172,1,1,1,1,0,0,1
3159011,1,1,1,1,0,0,1
3159221,1,1,1,1,0,0,1
3159723,1,1,1,1,0,0,1
3160029,1,1,1,1,0,0,1
3160411,1,0,0,0,0,0,1
3160574,1,1,1,1,0,0,1
3160620,1,1,1,1,0,0,0
3161672,1,1,1,1,0,0,1
3161689,1,1,1,1,0,0,1
3162120,1,0,0,0,0,0,1
3162213,1,1,1,1,0,0,0
3162228,1,1,1,1,0,0,1
3162609,0,0,0,0,0,0,1
3163111,1,1,1,1,0,0,1
3163490,1,1,1,1,0,0,1
3163631,1,0,0,0,0,0,1
3163792,1,1,1,1,0,0,1
3164438,1,1,1,1,0,0,1
3165108,1,1,1,0,0,0,1
3165127,1,0,0,0,0,0,1
3165797,1,1,1,1,0,0,1
3165911,1,1,0,0,0,0,1
3165980,1,1,1,1,0,0,1
3166024,0,0,0,0,0,0,1
3166355,1,0,0,0,0,0,1
3166398,1,1,1,1,0,0,1
3166536,1,1,1,1,0,0,1
3166848,1,1,1,1,0,0,1
3167440,1,1,1,1,0,0,1
3167560,1,1,0,0,0,0,1
3167650,1,1,1,1,0,0,1
3167651,1,1,1,1,0,0,1
3168241,1,1,1,1,0,0,1
3168404,1,1,1,0,0,0,1
3168860,1,0,0,0,0,0,1
3169021,1,1,1,1,0,0,1
3169259,1,1,1,1,0,0,1
3170020,1,1,1,1,0,0,1
3170117,1,1,1,1,0,0,1
3170712,1,1,1,1,0,0,1
3170992,1,1,1,0,0,0,1
3171425,1,0,0,0,0,0,1
3171540,1,1,1,1,0,0,1
3171796,1,1,1,1,0,0,1
3171840,0,0,0,0,0,0,1
3172465,1,1,1,1,0,0,1
3172748,1,0,0,0,0,0,1
3173105,1,0,0,0,0,0,1
3173145,1,1,1,1,0,0,1
3173884,1,1,1,1,0,0,1
3174794,1,1,1,1,0,0,0
3175125,1,0,0,0,0,0,1
3176419,1,1,1,1,0,0,0
3176489,1,1,1,1,0,0,1
3176554,1,1,1,1,0,0,1
3177941,1,1,1,1,0,0,1
3179808,1,1,1,0,0,0,1
3179928,1,1,1,1,0,0,0
3180931,1,1,1,1,0,0,1
3181697,1,1,1,1,0,0,1
3183754,1,1,1,1,0,0,0
3183965,1,1,1,0,0,0,1
3184417,1,0,0,0,0,0,1
3186308,1,1,1,1,0,0,1
3186525,1,1,1,1,0,0,1
3186950,1,1,1,1,0,0,1
3187116,1,1,1,1,0,0,0
3187516,1,1,1,1,0,0,1
3188115,1,1,1,1,0,0,0
3188182,1,1,1,1,0,0,1
3188465,1,1,1,1,0,0,1
3188895,1,1,0,0,0,0,1
3188916,1,1,1,0,0,0,1
3189100,1,1,1,1,0,0,1
3189269,1,1,1,1,0,0,1
3190150,1,1,1,1,0,0,1
3190292,1,1,1,1,0,0,1
3191005,1,1,1,1,0,0,1
3191052,1,1,1,0,0,0,1
3191764,1,1,1,1,0,0,1
3191787,1,1,1,1,0,0,1
3191904,1,1,1,1,0,0,1
3193148,1,1,1,1,0,0,1
3193501,1,1,1,1,0,0,1
3193546,1,1,1,1,0,0,1
3194504,1,1,1,1,0,0,1
3194834,1,1,0,0,0,0,1
3195980,1,1,1,1,0,0,1
3196437,1,1,1,1,0,0,0
3196453,1,1,1,1,0,0,1
3196856,1,1,1,1,0,0,1
3197120,1,1,1,1,0,0,1
3197164,0,0,0,0,0,0,1
3197996,1,1,1,1,0,0,1
3198332,1,1,1,1,0,0,1
3198830,1,1,1,1,0,0,1
3198947,1,1,1,1,0,0,0
3199229,1,1,1,1,1,1,0
3199540,1,1,1,1,0,0,1
3199918,1,1,1,1,0,0,1
3200107,1,1,1,1,0,0,1
3200108,1,0,0,0,0,0,1
3200147,0,0,0,0,0,0,1
3200217,1,1,1,1,0,0,1
3200304,1,1,1,0,0,0,1
3200664,1,0,0,0,0,0,1
3201357,1,1,1,1,0,0,1
3201829,1,1,1,1,0,0,1
3201874,1,1,1,1,0,0,1
3202180,1,1,1,1,0,0,1
3202419,1,1,1,0,0,0,1
3202918,1,1,1,1,0,0,1
3203201,1,1,1,1,0,0,1
3203292,1,1,1,1,0,0,1
3203339,1,1,0,0,0,0,1
3204150,1,1,1,1,0,0,1
3204216,1,1,1,1,0,0,1
3204479,1,1,1,1,0,0,1
3204905,1,1,1,1,0,0,1
3205623,1,1,1,1,0,0,1
3207657,1,1,1,1,0,0,1
3207824,1,1,1,1,0,0,0
3207868,0,0,0,0,0,0,1
3208513,1,1,1,1,0,0,0
3209177,1,1,1,1,0,0,1
3209272,1,1,1,1,0,0,1
3210009,1,1,1,1,0,0,1
3210320,1,1,1,1,0,0,1
3211322,1,1,1,1,0,0,0
3211368,1,1,1,0,0,0,1
3211384,1,1,1,1,0,0,0
3211621,1,1,1,1,0,0,1
3212148,1,1,0,0,0,0,1
3212404,1,1,1,0,0,0,1
3212405,1,1,0,0,0,0,1
3212783,1,1,1,1,0,0,0
3212996,1,1,1,1,0,0,1
3213061,1,1,0,0,0,0,1
3213248,1,1,1,1,0,0,1
3215120,1,1,1,1,0,0,1
3215280,1,1,1,0,0,0,1
3215325,1,1,1,0,0,0,1
3215661,1,1,1,1,0,0,0
3217000,1,1,1,1,0,0,1
3217425,1,1,1,1,0,0,1
3218456,1,1,1,0,0,0,1
3218474,1,1,1,1,0,0,0
3219237,1,1,1,1,0,0,1
3219549,1,1,1,1,0,0,1
3219590,1,1,1,1,0,0,1
3219947,1,1,1,0,0,0,0
3220708,1,1,1,1,0,0,1
3221355,1,1,1,1,0,0,1
3221687,1,0,0,0,0,0,1
3222160,1,1,1,1,0,0,1
3222161,1,1,1,1,0,0,1
3222250,1,1,1,1,0,0,1
3222253,1,1,1,1,0,0,1
3223320,1,1,1,1,0,0,1
3223727,1,1,1,1,0,0,1
3224010,1,1,1,1,0,0,1
3224013,1,1,1,1,0,0,1
3224384,1,1,1,1,0,0,1
3225341,1,1,1,1,0,0,1
3225604,0,0,0,0,0,0,0
3225622,1,1,1,0,0,0,1
3225664,1,1,1,1,0,0,1
3226719,1,1,1,1,0,0,1
3226861,1,1,1,1,0,0,1
3227260,1,1,1,1,0,0,1
3227449,1,1,1,1,0,0,1
3227734,1,1,1,1,0,0,1
3228187,1,1,1,1,1,1,0
3228473,1,1,1,1,0,0,1
3228492,1,1,1,1,0,0,1
3229015,1,1,1,1,0,0,1
3229563,1,1,0,0,0,0,1
3229654,1,1,1,0,0,0,1
3230060,1,1,1,1,0,0,1
3230061,1,1,1,1,1,1,0
3230264,1,1,1,1,1,1,0
3231153,1,1,0,0,0,0,1
3231244,1,1,1,1,0,0,1
3231311,1,1,1,0,0,0,1
3231738,1,1,1,1,0,0,1
3231900,1,1,1,1,0,0,1
3232212,1,1,1,0,0,0,1
3233145,1,1,1,1,1,1,0
3233523,1,1,1,1,0,0,1
3234597,1,1,1,0,0,1,0
3234741,1,1,1,0,0,0,1
3236127,1,1,1,1,0,0,1
3236987,1,1,1,1,0,0,1
3238687,1,1,1,0,0,0,1
3238922,1,1,1,1,0,0,0
3239084,1,1,1,1,0,0,0
3239273,1,1,1,1,0,0,1
3239392,1,1,1,1,0,0,0
3240848,1,1,1,0,0,0,1
3241929,1,1,1,1,0,0,0
3242185,1,1,1,0,0,0,1
3242348,1,1,1,1,0,0,1
3243378,1,1,1,1,0,0,1
3243905,1,1,1,0,0,0,1
3244545,1,1,1,1,0,0,1
3244710,1,1,1,1,0,0,1
3245859,1,1,1,1,0,0,0
3246576,1,1,1,0,0,0,0
3246881,1,1,1,1,0,0,1
3248172,1,1,1,1,0,0,1
3248557,1,1,1,1,0,0,1
3250300,1,1,1,0,0,0,1
3250516,1,1,1,1,1,1,0
3251087,1,1,1,1,0,0,1
3251274,1,1,1,0,0,0,1
3253262,1,1,1,1,0,0,1
3253832,1,1,1,1,0,0,1
3253876,0,0,0,0,0,0,1
3254065,1,1,1,1,0,0,0
3255745,1,1,1,1,0,0,0
3257035,1,1,1,1,0,0,1
3257413,1,1,1,1,0,0,1
3257650,1,1,1,1,0,0,1
3257696,1,1,1,1,0,0,0
3257931,1,1,1,1,0,0,1
3257974,1,0,0,0,0,0,1
3258140,1,0,0,0,0,0,1
3258665,1,1,1,1,0,0,1
3259355,1,1,1,1,0,0,1
3259832,1,1,1,1,0,0,1
3260452,0,0,0,0,0,0,1
3261044,1,1,1,1,0,0,0
3262172,1,1,1,1,0,0,1
3262529,1,1,1,1,0,0,1
3263482,1,1,1,1,0,0,1
3264581,1,1,1,1,0,0,0
3265419,1,1,1,1,0,0,1
3266279,1,0,0,0,0,0,1
3266852,1,1,1,0,0,1,1
3267113,1,1,1,1,0,0,1
3267561,1,1,1,1,0,0,1
3267563,1,1,1,1,0,0,1
3268178,1,1,1,1,0,0,1
3268220,1,1,1,1,0,0,0
3268409,1,1,1,1,0,0,1
3268815,1,1,1,1,0,0,1
3269197,1,1,1,1,0,0,1
3269572,1,1,1,1,0,0,1
3269883,1,1,1,1,0,0,1
3270481,1,0,0,0,0,0,1
3271290,1,1,1,1,0,0,1
3271673,1,1,1,1,0,0,1
3271835,1,1,1,1,0,0,1
3272069,1,1,1,1,0,0,1
3272545,1,0,0,0,0,0,1
3272686,1,1,1,1,0,0,1
3272877,1,1,1,1,0,0,1
3273013,1,0,0,0,0,0,1
3273538,1,1,1,1,0,0,1
3273992,1,1,1,1,0,0,0
3274515,1,1,1,1,0,0,1
3274537,1,1,1,1,0,0,1
3275154,1,1,1,1,0,0,1
3275293,1,1,1,1,0,0,1
3275412,1,1,1,1,0,0,1
3275625,1,1,1,1,0,0,1
3276720,1,1,1,1,0,0,0
3277077,1,1,1,1,0,0,1
3277148,1,1,1,1,0,0,1
3277193,1,1,1,0,0,0,1
3277256,1,0,0,0,0,0,1
3277998,1,1,1,1,0,0,1
3278137,1,1,1,1,0,0,1
3278159,1,1,1,1,0,0,1
3279089,1,1,1,1,0,0,1
3279708,1,1,1,1,0,0,1
3279732,1,1,1,1,0,0,1
3279945,1,1,1,1,0,0,1
3280347,1,1,1,1,0,0,1
3280825,0,0,0,0,0,0,1
3281273,1,1,1,1,0,0,1
3282015,1,1,1,1,0,0,1
3283160,1,1,1,1,0,0,1
3283616,1,1,1,1,0,0,1
3284427,1,1,1,1,0,0,1
3284617,1,1,1,1,1,1,0
3285016,1,1,1,1,1,1,0
3285158,1,1,1,1,0,0,0
3285732,1,1,1,1,0,0,1
3286329,1,1,1,1,1,1,0
3287571,1,1,1,1,0,0,1
3288453,1,1,1,1,0,0,0
3288544,1,1,1,1,0,0,1
3289024,1,1,1,1,0,0,1
3289597,1,1,1,1,1,1,0
3290048,1,1,1,1,0,0,1
3290091,1,1,1,1,0,0,1
3290616,1,1,0,0,0,0,1
3291209,1,1,1,1,0,0,1
3292334,1,1,1,1,0,0,0
3292376,1,1,1,1,0,0,1
3292804,0,0,0,0,0,0,1
3294961,1,1,1,1,0,0,1
3295009,1,1,1,1,0,0,1
3295484,1,1,1,1,0,0,1
3296223,1,1,1,1,0,0,1
3297756,1,1,1,1,0,0,1
3297942,1,1,1,1,0,0,1
3298709,1,1,1,1,0,0,1
3299996,1,1,1,1,0,0,0
3302153,1,1,1,1,0,0,0
3302511,1,1,1,1,0,0,1
3304956,1,1,1,1,0,0,0
3305142,1,1,1,1,0,0,0
3305211,1,1,1,1,0,0,1
3305905,1,1,1,1,0,0,0
3306667,1,1,1,1,0,0,1
3307188,1,1,1,1,0,0,0
3308072,1,0,0,0,0,0,1
3308719,1,1,1,1,0,0,1
3309337,1,1,1,1,0,0,0
3309718,1,1,1,1,0,0,1
3312140,1,1,1,1,0,0,0
3312421,1,1,1,0,0,0,1
3313093,1,1,1,1,0,0,0
3313276,1,1,1,1,0,0,1
3313320,0,0,0,0,0,0,1
3313919,1,1,1,1,0,0,1
3315570,1,1,1,1,0,0,1
3316816,1,1,1,1,0,0,1
3316907,1,1,1,1,0,0,1
3317168,1,0,0,0,0,0,1
3317713,1,1,1,1,1,1,0
3317977,1,1,1,1,1,1,0
3318234,1,1,1,1,1,1,0
3318325,1,0,0,0,0,0,1
3319188,1,1,1,1,1,1,0
3319447,1,1,1,1,1,1,0
3319829,1,1,1,1,1,1,0
3319991,1,0,0,0,0,0,1
3320345,1,1,1,1,1,1,0
3320484,1,1,1,1,0,0,0
3320528,0,0,0,0,0,0,1
3320743,1,1,1,1,1,1,0
3320933,1,1,0,0,0,0,1
3320997,1,1,0,0,0,0,1
3321403,1,1,0,0,0,0,1
3325406,1,1,1,0,0,0,0
3326364,1,1,1,1,0,0,0
3327104,1,1,1,1,1,1,0
3327720,1,1,0,0,0,1,0
3328129,1,1,1,0,0,0,0
3328193,1,1,1,0,0,0,0
3328237,0,0,0,0,0,0,1
3328256,1,0,0,0,0,0,1
3328591,1,1,1,0,0,0,0
3329280,1,1,1,1,1,1,0
3329301,1,1,1,1,1,1,0
3330137,1,1,1,1,0,0,1
3330207,1,1,1,0,0,1,1
3330680,1,1,1,1,0,0,1
3330967,1,1,1,1,1,1,0
3331417,1,1,1,0,0,0,1
3331556,1,1,1,0,0,0,1
3331891,1,1,1,1,1,1,0
3332316,1,1,1,0,0,0,1
3332554,1,1,0,0,0,1,0
3332597,1,1,1,1,0,0,1
3332598,0,0,0,0,0,0,1
3333311,1,1,1,1,1,1,0
3334244,1,1,1,1,0,0,0
3334572,1,1,1,0,0,0,1
3334666,1,1,1,1,0,0,1
3335265,1,1,1,1,0,0,0
3338357,1,1,1,0,0,0,1
3339768,1,1,1,0,0,1,1
3339785,1,1,1,0,0,1,0
3340503,1,1,1,0,0,0,0
3340547,0,0,0,0,0,0,1
3340828,1,1,1,0,0,0,1
3341858,1,1,1,0,0,1,0
3342071,1,1,1,0,0,0,1
3343074,1,1,1,0,0,0,1
3343958,1,1,1,0,0,0,1
3344028,1,1,1,0,0,0,1
3344764,1,1,1,0,0,0,1
3345052,1,1,1,0,0,0,1
3345334,1,1,1,0,0,0,1
3345525,1,1,1,0,0,0,0
3346068,1,1,1,0,0,0,1
3346188,1,1,1,0,0,0,1
3346329,1,1,1,0,0,0,1
3346945,1,1,1,0,0,1,0
3349148,1,1,1,0,0,0,1
3349243,1,1,1,0,0,0,0
3350633,1,1,1,0,0,0,1
3352522,1,1,1,0,0,0,0
3352540,1,1,1,0,0,0,1
3352563,1,1,1,0,0,0,1
3352677,1,1,1,0,0,0,1
3352915,0,0,0,0,0,0,1
3353368,1,1,1,0,0,0,0
3353412,0,0,0,0,0,0,1
3353430,1,1,1,1,0,0,1
3355200,1,1,1,1,0,0,1
3356543,1,1,1,1,0,0,1
3356587,0,0,0,0,0,0,1
3357809,1,1,1,1,0,0,0
3358909,1,1,1,1,0,0,1
3359861,1,1,1,1,0,0,0
3360218,1,1,1,1,0,0,1
3360600,1,1,1,1,0,0,0
3361600,1,1,1,1,0,0,1
3361745,1,1,1,1,0,0,1
3361785,1,1,1,1,0,0,1
3362072,1,1,1,1,0,0,1
3362187,1,1,1,1,1,1,0
3362446,1,1,1,1,0,0,1
3363236,1,1,1,1,0,0,1
3363638,1,1,1,1,0,0,1
3363899,1,1,1,1,0,0,1
3364133,1,1,1,1,0,0,1
3364512,1,1,1,1,0,0,1
3367052,1,1,1,1,0,0,1
3367869,1,0,0,0,0,0,1
3369085,1,1,1,1,0,0,1
3369325,1,1,1,1,0,0,1
3369535,1,1,1,0,0,0,1
3370275,1,1,0,0,0,0,1
3370416,1,1,1,1,0,0,0
3370818,1,1,1,1,0,0,0
3371367,1,1,1,1,0,0,1
3372344,1,1,1,1,0,0,1
3372415,1,1,1,1,0,0,1
3372769,1,1,1,1,0,0,1
3373940,1,1,1,1,0,0,1
3375352,1,1,1,1,0,0,1
3375997,1,1,1,1,0,0,1
3376501,1,1,1,1,0,0,0
3376781,1,1,0,0,0,0,1
3377596,1,1,1,1,0,0,0
3377998,1,1,1,1,0,0,0
3378741,1,1,1,1,0,0,1
3378924,1,1,1,1,0,0,1
3379428,1,1,1,1,0,0,1
3379591,1,1,1,1,0,0,0
3380544,1,1,1,1,0,0,1
3381168,1,1,1,1,0,0,1
3383224,1,1,1,1,0,0,1
3383965,1,1,1,1,0,0,0
3385186,1,1,1,1,0,0,0
3385929,1,1,1,1,0,0,0
3386787,1,1,1,1,0,0,0
3387601,1,1,1,1,0,0,1
3388364,1,1,1,1,0,0,0
3389751,1,1,1,0,0,0,1
3390416,1,1,1,1,0,0,0
3390964,1,0,0,0,0,0,1
3391153,1,1,1,1,0,0,0
3391535,1,1,1,1,0,0,1
3392370,1,1,1,1,0,0,0
3393204,1,1,1,1,0,0,1
3393393,1,1,1,1,0,0,1
3393894,1,1,1,1,0,0,1
3394781,1,1,1,1,0,0,0
3395544,1,1,1,1,0,0,0
3395728,1,1,1,1,0,0,1
3395965,1,1,1,1,0,0,1
3396181,1,1,1,1,1,1,0
3396678,1,1,1,1,0,0,1
3397248,1,1,1,1,0,0,1
3398711,1,1,1,1,0,0,0
3400264,1,1,1,1,0,0,1
3400575,1,1,1,0,0,0,1
3401600,1,1,1,1,0,0,1
3402728,1,1,1,1,0,0,0
3403153,1,1,0,0,0,0,0
3403369,1,1,1,1,0,0,0
3403866,1,1,1,1,0,0,0
3404271,1,1,1,1,0,0,1
3405901,1,1,1,1,0,0,1
3406207,1,1,1,1,0,0,1
3406752,1,1,1,1,0,0,1
3406773,1,1,1,1,0,0,1
3407251,1,1,1,1,0,0,1
3407582,1,1,1,1,0,0,1
3407629,1,1,1,1,0,0,1
3407936,1,1,1,1,0,0,1
3409225,1,1,1,1,0,0,1
3410252,1,1,1,1,0,0,1
3410729,1,1,1,0,0,0,1
3412286,1,1,1,1,0,0,1
3412355,1,1,1,1,0,0,1
3412733,1,1,1,1,0,0,1
3412777,0,0,0,0,0,0,1
3413950,1,1,0,0,0,0,1
3414813,1,1,1,1,0,0,0
3415120,1,1,1,1,0,0,0
3416291,1,1,1,0,0,0,1
3416454,1,1,1,1,0,0,1
3416856,1,1,1,1,0,0,1
3416997,1,1,1,1,0,0,1
3417283,1,1,1,1,0,0,1
3417689,1,1,1,1,0,0,1
3419361,1,1,1,0,0,0,1
3419598,1,1,1,1,0,0,1
3420508,1,1,1,1,0,0,1
3420526,1,1,1,1,0,0,1
3420544,1,1,1,1,0,0,1
3421693,1,1,1,1,0,0,1
3421738,1,1,1,1,0,0,1
3422576,1,1,1,0,0,0,1
3423484,1,1,1,1,0,0,1
3423597,1,1,1,1,0,0,1
3424459,1,1,1,1,0,0,0
3424865,1,1,1,1,0,0,0
3424884,1,1,1,1,0,0,1
3425812,1,1,1,1,0,0,1
3426100,1,1,1,1,0,0,1
3426409,1,1,1,1,0,0,1
3426595,1,1,1,1,0,0,1
3426662,1,1,1,1,0,0,1
3427689,1,1,1,1,0,0,1
3427690,1,1,1,1,0,0,1
3428427,1,1,1,1,0,0,1
3428807,1,0,0,0,0,0,1
3429136,1,1,1,1,0,0,1
3429757,1,1,1,1,0,0,1
3430333,1,1,1,1,0,0,1
3430448,1,1,1,1,0,0,1
3430633,1,1,1,1,0,0,1
3430705,0,0,0,0,0,0,1
3430891,1,1,1,1,0,0,1
3431320,1,1,1,1,0,0,1
3431338,1,1,1,1,1,1,0
3431359,1,0,0,0,0,0,1
3431403,0,0,0,0,0,0,1
3432070,1,1,1,1,0,0,1
3432141,1,1,1,1,0,0,1
3432831,1,1,1,1,0,0,1
3433065,1,1,1,1,0,0,1
3433372,1,1,1,1,0,0,1
3433416,0,0,0,0,0,0,1
3433701,1,1,1,1,0,0,1
3434082,1,1,1,1,0,0,1
3434296,1,1,1,1,0,0,1
3434675,1,1,1,1,0,0,1
3435272,1,1,1,1,0,0,1
3435581,1,1,1,1,0,0,1
3435597,1,1,1,1,0,0,1
3435906,1,1,1,1,0,0,1
3435973,0,0,0,0,0,0,1
3435977,1,0,0,0,0,0,1
3436471,1,1,1,1,0,0,1
3436512,1,1,1,1,0,0,1
3436656,1,1,1,0,0,0,1
3437154,1,1,1,1,0,0,1
3437197,1,1,1,1,0,0,1
3437629,1,1,1,1,0,0,1
3438270,1,1,1,1,0,0,1
3438937,1,1,1,1,0,0,1
3438958,1,0,0,0,0,0,1
3439003,1,1,1,1,0,0,1
3439092,1,1,1,1,0,0,1
3439548,1,1,1,0,0,0,1
3440094,1,1,1,1,0,0,1
3440185,1,1,1,1,0,0,1
3440229,0,0,0,0,0,0,1
3440440,1,1,1,0,0,0,1
3440511,1,1,1,1,0,0,1
3441179,1,1,1,1,0,0,1
3441537,1,1,1,1,0,0,1
3441581,0,0,0,0,0,0,1
3441936,1,1,1,1,0,0,1
3441955,1,1,1,1,0,0,1
3442241,1,1,1,1,0,0,1
3442474,1,1,1,1,0,0,1
3442905,1,1,1,0,0,0,1
3443068,1,1,1,1,0,0,1
3443206,1,1,1,0,0,0,1
3443392,1,1,1,1,0,0,1
3443561,1,1,1,1,0,0,1
3443844,1,1,1,1,0,0,1
3444004,1,1,1,1,0,0,1
3444195,1,1,1,0,0,0,1
3445270,1,1,1,1,0,0,1
3445317,1,1,1,0,0,0,1
3445503,1,1,1,1,0,0,1
3445762,0,0,0,0,0,0,1
3445781,1,1,1,1,0,0,1
3446020,1,1,1,1,0,0,1
3446564,1,1,1,1,0,0,1
3446685,1,1,1,1,0,0,1
3446821,1,1,1,1,0,0,1
3447251,1,1,1,1,0,0,1
3447436,1,0,0,0,0,0,1
3447440,1,1,1,1,0,0,1
3447574,1,1,1,1,0,0,1
3448220,1,1,1,1,0,0,1
3448358,1,1,1,1,0,0,1
3448477,1,1,1,1,0,0,1
3448996,1,1,1,1,0,0,1
3449044,1,1,1,0,0,0,1
3449952,1,1,1,1,0,0,1
3450333,1,1,1,1,0,0,1
3450712,1,1,1,0,0,0,1
3450994,1,1,1,0,0,0,1
3451089,1,1,1,1,0,0,1
3451107,1,1,1,0,0,0,1
3451176,1,0,0,0,0,0,1
3451289,1,1,1,1,0,0,1
3451862,1,1,1,1,0,0,1
3452077,1,1,1,1,0,0,1
3452862,1,1,1,0,0,0,1
3452979,1,1,1,1,0,0,1
3453241,1,1,1,0,0,0,1
3453285,0,0,0,0,0,0,1
3453973,1,1,1,1,0,0,1
3454093,1,1,1,0,0,0,1
3454228,1,1,1,1,0,0,1
3454515,1,1,1,1,0,0,1
3454750,1,1,1,1,0,0,1
3455032,1,1,1,0,0,0,1
3455724,1,1,1,1,0,0,1
3456109,1,1,1,0,0,0,1
3456917,1,1,1,1,0,0,1
3457132,1,1,1,1,0,0,1
3457174,1,1,1,1,0,0,1
3458296,1,1,1,1,0,0,1
3458510,1,1,1,1,0,0,1
3459009,1,1,1,1,0,0,1
3459013,1,1,1,1,0,0,1
3459554,1,1,1,1,0,0,1
3459645,1,1,1,1,0,0,1
3460243,1,1,1,1,0,0,1
3460289,1,1,1,1,0,0,1
3460330,1,1,1,1,0,0,1
3460496,1,1,1,1,0,0,1
3460560,1,1,1,1,0,0,1
3460679,1,0,0,0,0,0,1
3460701,0,0,0,0,0,0,1
3461077,1,1,1,1,0,0,1
3461266,1,1,1,1,0,0,1
3461383,1,1,1,1,0,0,1
3461496,1,1,1,1,0,0,1
3461592,1,1,1,1,0,0,1
3461921,1,1,1,0,0,0,1
3462209,1,1,1,1,0,0,1
3462371,1,1,1,0,0,0,1
3462606,1,1,1,1,0,0,1
3462648,1,1,1,1,0,0,1
3463366,1,1,1,0,0,0,1
3463889,1,1,1,1,0,0,1
3463936,1,1,1,1,0,0,1
3464317,1,1,1,1,0,0,1
3464500,1,1,1,1,0,0,1
3464669,1,0,0,0,0,0,1
3464879,1,1,1,1,0,0,1
3465017,1,1,1,1,0,0,1
3465303,1,0,0,0,0,0,1
3466593,1,1,1,1,0,0,1
3468220,1,0,0,0,0,0,1
3468554,1,1,1,1,0,0,1
3468555,1,1,1,1,0,0,1
3468955,1,0,0,0,0,0,1
3468972,1,1,1,1,0,0,1
3469113,1,1,1,1,0,0,1
3469492,1,0,0,0,0,0,1
3469561,1,0,0,0,0,0,1
3470038,1,1,1,1,0,0,1
3470297,1,1,1,1,0,0,1
3470844,1,1,1,1,0,0,1
3470869,1,1,1,1,0,0,1
3471080,1,1,1,1,0,0,0
3471245,1,0,0,0,0,0,1
3472177,1,1,1,1,0,0,1
3472580,1,1,1,1,0,0,1
3472692,1,1,1,1,0,0,1
3473193,1,1,1,1,0,0,1
3473196,1,0,0,0,0,0,1
3473714,1,1,1,1,0,0,1
3473735,1,1,1,1,0,0,1
3474184,1,1,1,1,0,0,1
3474469,1,1,1,1,0,0,1
3474636,1,1,1,1,0,0,1
3475540,1,1,1,1,0,0,1
3475946,1,1,1,1,0,0,1
3476760,1,1,1,1,0,0,1
3476944,1,1,1,1,0,0,1
3477615,1,1,1,1,0,0,1
3477682,1,1,1,1,0,0,1
3477777,1,1,1,1,0,0,1
3478347,1,1,1,1,0,0,1
3479180,1,1,1,1,0,0,1
3480645,1,1,1,1,1,1,0
3481189,1,1,1,1,0,0,1
3482696,1,1,1,1,0,0,1
3483005,1,1,1,1,0,0,1
3483893,1,1,1,1,1,1,0
3483909,1,1,1,1,1,1,0
3483932,1,1,1,1,0,0,0
3484697,1,1,1,1,1,1,0
3484858,1,1,1,1,0,0,0
3485335,1,1,1,1,0,0,1
3485689,1,1,1,1,0,0,1
3485733,0,0,0,0,0,0,1
3486112,1,1,1,1,0,0,1
3487766,1,1,1,1,0,0,1
3489109,1,1,1,0,0,0,1
3490423,1,1,1,1,0,0,1
3490442,1,1,1,1,0,0,1
3490868,1,1,1,1,0,0,1
3490870,1,0,0,0,0,0,1
3491104,1,1,1,1,0,0,0
3492921,1,1,1,1,0,0,0
3493424,1,1,1,0,0,0,1
3493445,1,1,1,1,0,0,1
3495478,1,1,1,1,0,0,1
3496458,1,0,0,0,0,0,1
3496504,1,1,1,1,0,0,1
3496857,1,1,1,1,1,1,0
3497599,1,1,1,1,0,0,0
3498048,1,1,1,1,0,0,0
3498384,1,1,1,1,0,0,1
3499627,1,1,1,0,0,0,1
3499861,1,1,1,1,0,0,1
3500050,1,1,1,1,0,0,1
3500625,1,1,1,0,0,0,0
3500738,1,0,0,0,0,0,1
3501935,1,1,1,1,0,0,1
3502173,1,1,1,1,0,0,1
3502334,1,1,1,1,0,0,1
3502787,1,1,1,1,0,0,1
3503476,1,1,1,1,0,0,1
3503520,0,0,0,0,0,0,1
3504838,1,1,1,1,0,0,1
3505556,1,1,1,1,0,0,0
3505598,1,1,1,1,0,0,1
3507033,1,1,1,1,0,0,0
3507150,1,1,1,1,0,0,1
3507195,1,1,1,1,0,0,1
3507576,1,1,1,1,0,0,1
3508144,1,1,1,1,0,0,1
3508744,1,1,1,1,0,0,1
3509341,1,1,1,1,0,0,0
3509476,1,1,1,1,0,0,1
3510408,1,1,1,1,0,0,1
3510600,1,1,1,1,0,0,1
3510645,1,1,1,1,0,0,1
3510949,1,1,1,1,0,0,1
3511184,1,1,1,1,0,0,1
3511639,1,1,1,1,0,0,1
3511640,1,1,1,1,1,1,0
3512061,1,1,1,1,0,0,1
3512104,1,1,1,1,0,0,1
3513205,1,1,1,1,0,0,1
3513657,1,0,0,0,0,0,1
3513896,1,1,1,1,0,0,1
3514034,1,1,1,1,0,0,1
3514727,1,1,1,1,0,0,1
3515009,1,1,1,1,0,0,1
3516036,1,1,1,1,0,0,1
3516299,1,1,1,1,1,1,0
3516846,1,1,1,1,0,0,1
3517441,1,1,1,1,0,0,1
3517676,1,1,1,1,0,0,1
3517797,1,1,1,1,0,0,0
3519086,1,1,1,1,0,0,1
3519228,1,1,1,1,0,0,1
3519609,1,1,1,1,0,0,1
3519624,1,1,1,1,0,0,1
3521278,1,1,1,1,0,0,1
3521708,1,1,1,1,0,0,1
3522637,1,1,1,1,0,0,1
3523475,1,1,1,1,0,0,0
3524216,1,1,1,1,0,0,1
3524329,1,1,1,1,0,0,1
3524686,1,1,1,1,0,0,1
3525692,1,1,1,1,0,0,1
3526553,1,1,1,1,0,0,1
3526618,1,1,1,1,0,0,1
3526804,1,1,1,1,0,0,0
3526899,1,1,1,1,0,0,1
3527952,1,1,1,1,1,1,0
3528618,1,1,1,1,0,0,1
3528641,1,1,1,1,0,0,1
3529112,1,1,1,1,0,0,1
3531148,1,1,1,1,0,0,1
3531409,1,1,1,1,0,0,1
3532653,1,1,1,1,0,0,1
3533656,1,1,1,1,0,0,1
3534087,1,1,1,1,0,0,0
3534418,1,1,1,1,0,0,1
3534535,1,0,0,0,0,0,1
3534579,0,0,0,0,0,0,1
3535128,1,1,1,1,0,0,0
3535480,1,1,1,1,0,0,1
3535789,1,1,1,1,0,0,1
3535813,1,1,1,1,0,0,0
3536359,1,1,1,1,0,0,1
3536596,1,1,1,1,0,0,1
3537696,1,1,1,1,0,0,1
3537715,1,1,1,1,0,0,1
3539009,1,1,1,1,0,0,1
3539483,1,1,1,1,0,0,1
3540076,1,1,1,1,0,0,1
3540411,1,1,1,1,0,0,1
3540500,1,0,0,0,0,0,1
3540689,1,1,1,1,0,0,1
3541145,1,1,1,1,0,0,1
3541401,1,0,0,0,0,0,1
3541566,1,1,1,1,0,0,0
3542592,1,1,1,1,0,0,1
3542663,1,1,1,1,0,0,1
3543165,1,1,1,1,0,0,1
3544864,1,1,1,1,0,0,0
3545266,1,1,1,1,0,0,1
3548212,1,1,1,1,0,0,1
3548593,1,1,1,1,0,0,0
3549863,1,1,1,1,0,0,0
3550365,1,1,1,1,0,0,0
3550716,1,1,1,1,0,0,1
3550760,0,0,0,0,0,0,1
3551166,1,1,1,1,0,0,1
3551281,1,1,1,1,0,0,1
3551325,0,0,0,0,0,0,1
3552044,1,1,1,1,0,0,0
3552087,1,1,1,1,0,0,1
3552133,1,1,1,1,0,0,1
3552317,1,1,1,1,0,0,1
3552746,1,1,1,1,0,0,1
3552790,0,0,0,0,0,0,1
3552981,1,1,1,1,0,0,1
3553188,1,1,1,1,0,0,1
3553257,1,1,1,1,0,0,1
3554240,1,1,1,1,0,0,1
3554378,1,1,1,0,0,0,1
3555144,1,1,1,0,0,0,1
3555546,1,1,1,0,0,0,1
3555876,1,1,1,1,0,0,1
3556763,1,1,1,1,0,0,1
3556856,1,1,1,1,0,0,1
3557258,1,1,1,1,0,0,1
3558625,1,1,1,1,0,0,1
3558859,1,1,1,1,0,0,1
3559454,1,1,1,1,0,0,1
3559569,1,1,1,1,0,0,1
3560356,1,1,1,1,0,0,1
3560547,1,1,1,1,0,0,1
3560832,1,1,1,1,0,0,1
3561453,1,1,1,1,0,0,1
3561591,1,1,1,1,0,0,1
3561680,1,1,1,1,0,0,1
3561681,1,1,1,1,0,0,1
3562468,1,1,1,1,0,0,1
3563492,1,1,1,1,0,0,1
3563709,1,1,1,1,0,0,1
3563941,1,1,1,1,0,0,1
3564656,1,1,1,0,0,0,1
3564897,1,1,1,1,0,0,1
3565609,1,1,1,1,0,0,1
3565727,1,1,1,1,0,0,1
3566610,1,1,1,1,0,0,0
3566988,1,1,1,1,0,0,1
3568332,1,1,1,0,0,0,1
3568828,1,1,1,1,0,0,1
3569738,1,1,1,1,0,0,1
3570503,1,1,1,1,0,0,1
3570544,1,1,1,1,0,0,1
3570588,0,0,0,0,0,0,1
3570681,1,1,1,1,0,0,1
3571545,1,1,1,1,0,0,1
3571920,1,1,1,1,0,0,1
3571964,0,0,0,0,0,0,1
3573786,1,1,1,1,0,0,1
3573880,1,1,1,1,0,0,1
3573969,1,1,1,1,0,0,1
3574207,1,1,1,1,1,1,0
3574730,1,1,1,0,0,0,1
3574845,1,1,1,1,0,0,1
3575345,1,0,0,0,0,0,1
3575678,1,1,1,1,0,0,1
3575701,1,1,1,0,0,0,1
3575956,1,1,1,1,0,0,1
3576169,1,1,1,1,0,0,1
3576215,1,1,1,0,0,0,1
3576308,1,1,1,1,0,0,1
3576997,1,1,1,1,0,0,1
3577355,1,1,1,1,0,0,1
3577473,1,1,1,1,0,0,1
3577756,1,1,1,0,0,0,1
3577796,1,1,1,1,0,0,1
3577866,1,1,1,0,0,0,1
3578175,1,1,1,1,0,0,1
3578508,1,1,1,1,0,0,1
3578644,1,1,1,0,0,0,1
3578978,1,1,1,0,0,0,1
3579551,1,1,1,1,0,0,1
3579596,1,1,1,1,0,0,1
3579733,1,1,1,1,0,0,1
3579776,1,1,1,1,0,0,1
3579849,1,1,1,1,0,0,1
3580491,1,1,1,1,0,0,1
3580677,1,1,1,0,0,0,1
3580724,1,1,1,0,0,0,1
3581463,1,1,1,0,0,0,1
3581961,1,1,1,1,0,0,1
3582199,1,1,1,1,0,0,1
3582793,1,1,1,0,0,0,1
3583391,1,1,1,0,0,0,1
3585739,1,1,1,1,0,0,1
3586142,1,1,1,0,0,0,0
3586573,1,1,1,1,0,0,1
3586663,1,1,1,0,0,0,1
3586849,1,1,1,1,0,0,1
3586940,1,1,1,0,0,0,0
3587421,1,1,1,1,0,0,1
3587896,1,1,1,1,0,0,0
3588008,1,1,1,0,0,0,1
3588345,1,1,1,1,0,0,1
3588577,1,1,1,1,0,0,1
3588791,1,1,1,1,0,0,1
3589411,1,0,0,0,0,0,1
3589840,1,1,1,1,0,0,1
3590579,1,1,1,1,0,0,1
3590909,1,1,1,0,0,0,1
3591122,1,1,1,1,0,0,1
3591764,1,1,1,1,0,0,1
3592219,1,1,1,1,0,0,1
3592429,1,1,1,1,0,0,1
3592738,1,1,1,0,0,0,1
3593168,1,1,1,1,0,0,1
3595513,1,1,1,1,0,0,1
3595517,1,1,1,0,0,0,0
3595576,1,1,1,1,0,0,1
3597373,1,1,1,1,0,0,1
3598620,1,1,1,1,0,0,1
3599407,1,1,1,1,0,0,0
3599930,1,1,1,1,0,0,0
3600672,1,1,1,1,0,0,1
3600834,1,1,1,1,0,0,1
3601191,1,1,1,1,0,0,1
3602170,1,1,1,0,0,0,1
3602697,1,1,1,1,0,0,0
3602760,1,1,1,0,0,0,0
3603358,1,1,1,1,0,0,1
3604553,1,1,1,1,0,0,0
3605655,1,1,1,1,0,0,1
3605794,1,1,1,1,0,0,1
3606822,1,1,1,1,0,0,1
3607852,1,1,1,1,0,0,0
3608161,1,1,1,1,0,0,1
3608442,1,1,1,1,0,0,1
3609084,1,1,1,1,0,0,1
3609253,1,1,1,1,0,0,1
3610061,1,1,1,1,0,0,1
3610442,1,1,1,1,0,0,1
3610893,1,1,1,1,0,0,1
3612164,1,1,1,1,0,0,1
3612831,1,1,1,1,0,0,0
3612896,1,1,1,1,0,0,1
3613422,1,1,1,1,0,0,1
3613493,1,1,1,1,0,0,1
3613773,1,1,1,1,0,0,1
3614178,1,1,1,1,0,0,1
3614249,1,1,1,1,0,0,1
3614531,1,1,1,1,0,0,1
3615081,1,0,0,0,0,0,1
3617285,1,1,1,1,0,0,1
3617543,1,1,1,1,0,0,1
3618162,1,1,1,1,0,0,1
3618209,1,1,1,1,0,0,1
3618539,1,1,1,1,0,0,1
3619041,1,1,1,1,0,0,1
3619324,1,1,1,1,0,0,0
3619465,1,0,0,0,0,0,1
3620056,1,1,1,1,0,0,0
3620103,1,1,1,1,0,0,1
3620340,1,1,1,1,0,0,1
3620384,0,0,0,0,0,0,1
3620522,1,1,1,1,0,0,1
3620881,1,1,1,1,0,0,1
3620921,1,1,1,1,0,0,0
3621255,1,1,1,1,0,0,1
3622525,1,1,1,1,0,0,1
3622903,1,1,1,1,0,0,1
3623256,1,1,1,1,0,0,1
3623473,1,1,1,1,0,0,1
3624069,1,0,0,0,0,0,1
3624900,1,1,1,1,0,0,1
3625307,1,1,1,1,0,0,1
3625878,1,1,1,0,0,0,1
3626572,1,1,1,1,0,0,1
3626879,1,1,1,1,0,0,1
3626897,1,1,1,1,0,0,1
3628333,1,1,1,1,0,0,1
3628786,1,1,1,1,0,0,1
3629308,1,1,1,1,0,0,1
3630073,1,1,1,0,0,0,1
3631246,1,1,1,1,0,0,1
3631249,1,1,1,1,0,0,0
3631814,1,0,0,0,0,0,1
3632409,1,1,1,1,0,0,1
3633222,1,1,1,1,0,0,1
3633748,1,1,1,1,0,0,0
3634055,1,1,1,1,0,0,0
3634288,1,1,1,1,0,0,1
3634597,1,1,1,1,0,0,1
3636298,1,1,1,1,0,0,1
3636728,1,1,1,1,0,0,1
3637946,1,1,1,1,0,0,1
3638425,1,1,1,1,0,0,0
3639332,1,1,1,1,0,0,1
3640068,1,1,1,0,0,0,1
3640116,1,1,1,1,0,0,1
3641025,1,1,1,1,0,0,1
3641235,1,1,0,0,0,0,0
3641614,1,1,1,1,0,0,1
3641777,1,1,1,1,0,0,0
3641872,1,1,1,1,0,0,1
3641941,1,1,1,1,0,0,1
3642004,1,1,1,1,0,0,1
3642048,0,0,0,0,0,0,1
3643081,1,1,1,1,0,0,1
3643361,1,1,1,1,0,0,1
3645111,1,1,1,1,0,0,1
3645849,1,1,1,1,0,0,1
3645988,1,1,0,0,0,0,1
3645992,1,1,1,1,0,0,1
3646079,1,1,1,1,0,0,1
3647420,1,1,1,1,0,0,1
3648782,1,1,1,1,0,0,0
3649041,1,1,1,1,0,0,1
3649135,1,1,1,1,0,0,1
3649469,1,1,1,1,0,0,1
3649989,1,1,1,1,0,0,1
3650514,1,1,1,1,0,0,1
3650845,1,1,1,1,0,0,1
3651373,1,1,1,1,0,0,1
3651536,1,1,1,1,0,0,1
3651674,1,1,1,1,0,0,1
3651719,1,1,1,1,0,0,1
3651761,1,1,1,1,0,0,1
3652337,1,1,1,1,0,0,1
3652474,1,1,1,1,0,0,1
3652519,1,1,1,1,0,0,1
3652520,1,1,1,1,0,0,1
3652581,1,1,1,1,0,0,1
3653128,1,1,1,1,0,0,0
3653345,1,1,1,1,0,0,1
3653940,1,1,1,1,0,0,1
3654004,1,1,1,1,0,0,1
3654049,1,1,1,1,0,0,1
3654097,1,1,1,1,0,0,1
3654210,1,1,1,1,0,0,1
3654735,1,1,1,1,0,0,1
3655377,1,1,1,1,0,0,1
3655857,1,1,1,1,0,0,1
3655994,1,1,1,1,0,0,1
3656279,1,1,1,1,0,0,1
3656441,1,1,1,1,0,0,1
3656489,1,1,0,0,0,0,1
3656604,1,1,1,1,0,0,1
3656644,1,1,1,1,0,0,1
3657530,1,1,1,1,0,0,1
3658220,1,1,1,1,0,0,1
3658292,1,1,1,1,0,0,1
3658385,1,1,1,1,0,0,1
3658426,1,1,1,1,0,0,1
3658447,1,1,1,1,0,0,1
3658801,1,1,1,1,0,0,1
3658820,1,1,0,0,0,0,1
3659323,1,1,1,1,0,0,1
3660064,1,1,1,1,0,0,1
3661040,1,1,1,1,0,0,1
3662479,1,1,1,1,0,0,1
3662957,1,1,1,1,0,0,1
3663407,1,1,1,1,0,0,1
3664317,1,1,1,1,0,0,1
3664961,1,0,0,0,0,0,1
3665602,1,1,1,1,0,0,0
3665839,1,1,1,0,0,0,1
3665977,1,1,1,1,0,0,0
3666193,1,1,1,1,0,0,1
3666692,1,1,1,1,0,0,1
3667118,1,1,1,1,0,0,1
3667260,1,0,0,0,0,0,1
3667325,1,1,1,1,0,0,1
3668208,1,1,1,1,0,0,0
3668375,1,1,1,1,0,0,1
3668541,1,1,1,1,0,0,1
3668584,1,1,1,1,0,0,1
3668747,1,0,0,0,0,0,1
3668765,1,1,1,1,0,0,1
3668787,0,0,0,0,0,0,1
3669049,1,0,0,0,0,0,1
3669453,1,0,0,0,0,0,1
3670288,1,1,1,1,0,0,1
3671341,1,1,1,1,0,0,1
3673540,1,1,1,1,0,0,1
3673780,1,1,1,1,0,0,1
3674278,1,1,1,1,0,0,0
3675953,1,1,1,1,0,0,0
3675975,1,1,1,1,0,0,0
3676425,1,0,0,0,0,0,1
3677215,1,1,1,1,0,0,1
3677281,1,1,1,1,0,0,1
3678529,1,1,1,1,0,0,0
3678619,1,1,1,1,0,0,1
3679956,1,1,1,1,0,0,1
3680964,1,1,1,1,0,0,0
3681270,1,1,1,1,0,0,1
3681722,1,0,0,0,0,0,1
3682174,1,0,0,0,0,0,1
3682218,0,0,0,0,0,0,1
3682262,0,0,0,0,0,0,1
3682308,1,1,1,1,0,0,1
3682617,1,1,1,1,0,0,1
3682731,1,1,1,1,0,0,1
3683996,1,1,1,1,0,0,1
3684114,1,1,1,1,0,0,1
3684445,1,1,1,1,0,0,0
3684829,1,1,1,1,0,0,1
3685208,1,1,1,1,0,0,1
3685757,1,1,1,1,0,0,1
3686951,1,1,1,1,0,0,1
3688364,1,1,1,1,0,0,1
3688408,0,0,0,0,0,0,1
3689074,1,1,1,1,0,0,1
3689215,1,1,1,1,0,0,1
3689833,1,1,1,1,0,0,1
3689926,1,1,1,1,0,0,1
3691168,1,1,1,1,0,0,0
3691189,1,1,1,1,0,0,1
3691356,1,1,1,1,0,0,1
3691593,1,1,1,1,0,0,1
3691779,1,1,1,1,0,0,1
3692013,1,0,0,0,0,0,1
3692130,1,1,1,1,0,0,1
3692604,1,1,1,1,0,0,1
3693345,1,1,1,0,0,0,1
3693680,1,1,1,1,0,0,1
3694514,1,1,1,1,0,0,1
3694581,1,1,1,1,0,0,1
3695059,1,1,1,1,0,0,1
3695105,1,1,1,1,0,0,1
3695169,1,1,0,0,0,0,1
3695408,1,1,1,1,0,0,1
3695617,1,0,0,0,0,0,1
3696549,1,1,1,1,0,0,1
3696642,1,1,1,0,0,0,1
3696643,1,1,1,1,0,0,1
3697788,1,1,1,1,0,0,1
3697975,1,1,1,1,0,0,1
3698261,1,1,1,1,0,0,1
3698713,1,0,0,0,0,0,1
3699332,1,1,1,1,0,0,1
3699543,1,1,1,1,0,0,1
3699752,1,1,1,1,0,0,0
3700400,1,1,1,1,0,0,1
3700444,0,0,0,0,0,0,1
3701329,1,1,1,1,0,0,1
3702018,1,1,1,0,0,0,1
3702036,1,1,1,1,0,0,1
3702757,1,1,1,0,0,0,1
3703709,1,1,1,0,0,0,0
3704328,1,1,1,1,0,0,1
3704877,1,1,1,1,0,0,1
3705138,1,1,1,0,0,0,1
3705281,1,1,1,0,0,0,1
3705636,1,1,1,1,0,0,1
3706300,1,1,1,1,0,0,1
3706707,1,1,1,1,0,0,0
3706748,1,0,0,0,0,0,1
3706820,1,1,1,1,0,0,1
3707509,1,1,1,1,0,0,1
3707556,1,1,1,1,0,0,1
3707622,1,1,1,1,1,1,0
3707760,1,1,1,1,1,1,0
3708285,1,1,0,0,0,0,1
3708568,1,1,0,0,0,0,1
3709456,1,1,1,1,1,1,0
3709619,1,1,1,1,0,0,1
3709877,1,1,1,1,0,0,1
3710213,1,1,1,1,0,0,1
3711552,1,1,1,0,0,0,1
3711883,1,1,1,1,0,0,1
3712044,1,1,1,1,0,0,1
3713459,1,1,1,1,0,0,1
3713887,1,0,0,0,0,0,1
3714794,1,1,1,0,0,0,0
3714888,1,1,1,1,0,0,1
3715795,1,1,1,1,0,0,1
3716676,1,1,1,1,0,0,1
3717057,1,1,1,1,0,0,0
3717059,1,1,1,1,0,0,1
3717148,1,1,1,1,0,0,1
3717385,1,1,1,1,0,0,0
3718048,1,1,1,0,0,0,1
3718167,1,1,1,1,0,0,1
3718428,1,1,1,0,0,0,1
3720556,1,1,1,1,0,0,1
3721468,1,1,1,1,0,0,1
3721966,1,1,1,1,0,0,0
3722417,1,1,1,1,0,0,1
3722439,1,1,1,1,0,0,1
3723301,1,1,1,1,0,0,1
3723608,1,1,1,1,0,0,1
3723648,1,1,1,1,0,0,1
3723717,1,1,1,1,0,0,1
3724147,1,1,1,1,0,0,1
3724505,1,1,1,1,0,0,1
3725001,1,1,1,1,0,0,1
3725476,1,1,1,1,0,0,1
3725570,1,1,1,1,0,0,1
3725831,1,1,1,1,0,0,1
3726044,1,1,1,1,0,0,1
3726446,1,1,1,1,0,0,1
3727761,1,1,1,1,0,0,1
3728383,1,1,1,1,0,0,1
3728812,1,1,1,0,0,0,1
3729262,1,1,1,1,0,0,1
3729264,1,0,0,0,0,0,1
3729711,1,1,1,1,0,0,1
3729755,0,0,0,0,0,0,1
3731165,1,1,1,1,0,0,1
3731669,1,1,1,1,0,0,0
3731876,1,1,1,1,0,0,1
3731899,1,1,1,1,0,0,1
3732061,1,1,1,1,0,0,1
3732824,1,1,1,1,0,0,1
3732871,1,1,1,1,0,0,1
3733896,1,1,0,0,0,0,1
3734518,1,1,1,1,0,0,1
3734685,1,1,1,1,0,0,1
3734727,1,1,1,1,0,0,1
3734892,1,1,1,1,0,0,1
3735101,1,1,1,1,0,0,1
3736108,1,1,1,1,0,0,1
3736460,1,1,1,1,0,0,1
3736986,1,1,1,1,0,0,1
3737009,1,1,1,1,0,0,1
3737339,1,1,1,1,0,0,1
3738702,1,1,1,1,0,0,1
3738792,1,1,1,1,0,0,1
3739847,1,1,1,1,0,0,1
3740156,1,1,1,1,0,0,1
3740294,1,1,1,1,0,0,1
3740724,1,0,0,0,0,0,1
3741294,1,1,1,1,0,0,1
3741361,1,1,1,1,0,0,1
3741984,1,0,0,0,0,0,1
3742385,1,1,1,0,0,0,1
3742861,1,0,0,0,0,0,1
3743888,1,1,1,1,0,0,1
3744005,1,1,1,1,0,0,1
3744173,1,1,1,1,0,0,0
3745221,1,1,1,1,0,0,1
3746493,1,1,1,1,0,0,1
3747015,1,1,1,1,0,0,0
3747372,1,1,1,1,0,0,1
3747581,1,1,1,1,0,0,1
3748037,1,1,1,1,0,0,1
3748462,1,1,1,1,0,0,0
3748892,1,1,1,1,0,0,1
3749751,1,1,1,0,0,0,1
3750944,1,1,1,1,0,0,1
3751734,1,1,1,1,0,0,1
3753384,1,1,1,1,0,0,1
3753432,1,1,1,1,0,0,1
3754171,1,1,1,1,0,0,1
3754765,1,1,1,1,0,0,0
3755221,1,1,1,1,0,0,0
3755240,1,1,1,1,0,0,1
3755379,1,1,1,1,0,0,1
3755423,0,0,0,0,0,0,1
3756045,1,1,1,1,0,0,1
3756972,1,1,1,1,0,0,1
3757355,1,1,1,0,0,0,1
3758910,1,1,1,1,0,0,0
3760872,1,1,1,1,0,0,1
3761949,1,1,1,1,0,0,0
3762016,1,1,1,1,0,0,1
3762424,1,1,1,0,0,0,0
3762468,0,0,0,0,0,0,1
3763132,1,1,1,1,0,0,1
3763229,1,1,1,1,0,0,0
3764543,1,1,1,1,0,0,0
3764997,1,1,1,1,0,0,1
3766094,1,1,1,1,0,0,0
3768396,1,1,1,1,0,0,1
3768894,1,1,1,1,0,0,1
3769129,1,1,1,0,0,0,0
3769917,1,1,1,1,0,0,1
3769920,1,1,1,1,0,0,1
3770316,1,1,1,0,0,0,0
3771731,1,1,1,1,0,0,0
3771868,1,1,1,1,0,0,1
3771869,1,1,1,1,0,0,1
3771873,1,1,1,1,0,0,1
3772696,1,1,1,1,0,0,1
3772718,1,1,1,1,0,0,1
3775068,1,1,1,1,0,0,1
3775279,1,1,1,1,0,0,1
3775490,1,1,1,1,0,0,1
3777020,1,1,1,1,0,0,1
3777354,1,1,1,0,0,0,1
3777855,1,1,1,1,0,0,1
3779049,1,1,1,1,0,0,0
3779053,1,1,1,1,0,0,0
3779664,1,1,1,0,0,0,1
3779806,1,1,1,0,0,0,1
3780185,1,1,1,1,0,0,1
3782248,1,1,1,1,0,0,0
3782698,1,1,1,0,0,0,1
3782812,1,1,1,1,0,0,1
3783148,1,1,1,0,0,0,1
3784031,1,1,1,1,0,0,1
3784530,1,1,1,1,0,0,1
3784572,1,1,1,1,0,0,1
3785288,1,0,0,0,0,0,1
3785863,1,1,1,1,0,0,1
3786192,1,1,1,0,0,0,1
3786217,1,1,1,1,0,0,0
3787148,1,1,1,1,0,0,1
3787215,1,1,1,1,0,0,1
3787353,1,1,1,1,0,0,0
3787564,1,1,1,1,0,0,1
3788354,1,1,1,1,0,0,1
3788589,1,1,1,1,0,0,1
3790002,1,1,1,0,0,0,1
3792060,1,1,1,1,0,0,1
3793116,1,1,1,1,0,0,1
3793117,1,1,1,1,0,0,1
3793248,1,1,1,1,0,0,1
3793319,1,1,1,1,0,0,1
3793890,1,1,1,1,0,0,1
3794079,1,1,1,1,0,0,1
3795777,1,1,1,1,0,0,0
3796590,1,1,1,1,0,0,1
3796709,1,1,1,1,0,0,1
3797950,1,1,1,1,0,0,1
3798596,1,1,1,1,0,0,1
3798974,1,1,1,0,0,0,1
3799019,1,1,1,1,0,0,1
3799665,1,1,1,0,0,0,1
3799730,1,1,1,0,0,0,1
3799776,1,1,1,0,0,0,1
3800323,1,1,1,0,0,0,1
3800325,1,1,1,0,0,0,1
3800408,1,1,1,1,0,0,0
3800480,1,1,1,0,0,0,1
3801120,1,1,1,0,0,0,1
3801431,1,1,1,0,0,0,1
3801645,1,1,1,0,0,0,1
3801661,1,1,1,1,0,0,1
3801874,1,1,1,0,0,0,1
3802064,1,1,1,0,0,0,1
3802517,1,1,1,0,0,0,1
3802580,1,1,1,1,0,0,1
3803133,1,1,1,0,0,0,1
3803584,1,1,1,0,0,0,1
3803627,1,1,1,0,0,0,1
3803670,1,1,1,0,0,0,1
3804316,1,1,1,0,0,0,1
3804984,1,1,1,0,0,0,1
3806396,1,1,1,0,0,0,1
3806629,1,1,1,0,0,0,1
3807059,1,1,1,1,0,0,1
3807246,1,1,1,0,0,0,1
3807483,0,0,0,0,0,0,1
3808776,1,1,1,0,0,0,1
3809752,1,1,1,0,0,0,0
3809967,1,1,1,1,0,0,1
3810034,1,1,1,0,0,0,1
3810297,1,1,1,1,0,0,0
3811202,1,1,1,1,0,0,1
3811820,1,1,1,0,0,0,1
3813331,1,1,1,0,0,0,1
3813616,1,1,1,0,0,0,1
3813632,1,1,1,0,0,0,1
3813797,1,1,1,0,0,0,0
3814011,1,1,0,0,0,0,1
3814316,1,1,1,0,0,0,1
3815465,1,1,1,0,0,0,1
3815700,1,1,1,0,0,0,1
3815795,1,1,1,1,0,0,1
3816340,1,1,1,1,0,0,1
3817009,1,1,1,0,0,0,1
3817465,1,1,1,1,0,0,0
3818370,1,1,1,1,0,0,0
3819089,1,1,1,0,0,0,1
3819347,1,1,1,1,0,0,1
3819724,1,1,1,1,0,0,1
3819749,1,1,1,0,0,0,1
3820776,1,1,1,1,0,0,0
3822381,1,1,1,1,0,0,1
3822636,1,1,1,1,0,0,1
3824168,1,1,1,1,0,0,1
3824189,1,1,1,1,0,0,0
3824237,1,1,1,0,0,0,1
3824375,1,1,1,1,0,0,1
3824872,1,1,1,0,0,0,1
3825206,1,1,1,0,0,0,1
3825945,1,1,1,0,0,0,1
3825968,1,1,1,1,0,0,1
3826032,1,1,1,1,0,0,1
3826126,1,1,1,1,0,0,1
3826129,1,1,1,0,0,0,1
3827006,1,1,1,1,0,0,1
3827053,1,1,1,1,0,0,1
3827192,1,1,1,1,0,0,1
3827957,1,1,1,1,0,0,1
3829369,1,1,1,1,0,0,1
3829556,1,1,1,1,0,0,1
3830989,1,1,1,0,0,0,1
3831130,1,1,1,0,0,0,1
3831440,1,1,1,1,0,0,1
3831531,1,1,1,1,0,0,0
3832750,1,1,1,1,0,0,1
3833200,1,1,1,1,0,0,0
3834206,1,1,1,1,0,0,1
3834635,1,1,1,1,0,0,1
3835831,1,1,1,1,0,0,1
3836090,1,1,1,1,0,0,1
3836425,1,1,1,0,0,0,1
3836971,1,1,1,1,0,0,1
3837521,1,1,1,1,0,0,1
3837565,0,0,0,0,0,0,1
3837751,1,1,1,1,0,0,1
3838153,1,1,1,1,0,0,0
3838608,1,1,1,1,0,0,0
3839346,1,1,1,1,0,0,1
3839753,1,1,1,1,0,0,1
3839891,1,1,1,1,0,0,1
3839909,1,1,1,1,0,0,1
3840074,1,1,1,1,0,0,1
3840356,1,1,1,1,0,0,0
3840477,1,1,1,1,0,0,1
3840927,1,1,1,1,0,0,1
3841088,1,1,1,1,0,0,1
3841302,1,1,1,1,0,0,1
3841324,1,1,1,0,0,0,1
3841725,1,1,1,0,0,0,1
3842396,1,1,1,1,0,0,1
3843326,1,1,1,1,0,0,1
3843492,1,1,1,1,0,0,1
3844185,1,1,1,1,0,0,1
3844202,1,1,1,1,0,0,1
3844437,1,1,1,1,0,0,1
3844962,1,1,1,1,0,0,1
3845149,1,1,1,1,0,0,1
3845240,1,1,1,1,0,0,1
3845265,1,1,1,0,0,0,1
3846605,1,1,1,1,0,0,1
3846768,1,1,1,1,0,0,1
3847600,1,1,1,1,0,0,1
3848079,1,1,1,1,0,0,0
3848293,1,1,1,1,0,0,1
3848476,1,1,1,1,0,0,1
3848860,1,1,1,1,0,0,1
3849768,1,1,1,1,0,0,1
3850744,1,1,1,1,0,0,1
3851968,1,1,1,0,0,0,1
3852130,1,1,1,1,0,0,0
3852317,1,1,1,1,0,0,0
3852748,1,1,1,0,0,0,1
3853297,1,1,1,1,0,0,1
3853528,1,1,1,1,0,0,1
3853909,1,1,1,1,0,0,1
3854197,1,1,1,1,0,0,1
3854696,1,1,1,1,0,0,1
3855147,1,1,1,1,0,0,1
3855429,1,1,1,1,0,0,1
3855812,1,1,1,1,0,0,1
3855856,0,0,0,0,0,0,1
3856857,1,1,1,1,0,0,1
3857956,1,1,1,1,0,0,1
3858532,1,1,1,1,0,0,1
3859294,1,1,1,1,0,0,0
3859409,1,1,1,0,0,0,1
3860417,1,1,1,1,0,0,1
3860772,1,1,1,1,0,0,1
3861100,1,1,1,0,0,0,1
3861144,0,0,0,0,0,0,1
3861405,1,1,1,0,0,0,1
3862315,1,1,1,1,0,0,1
3862790,1,1,1,1,0,0,1
3863675,1,1,1,1,0,0,1
3864945,1,1,1,1,0,0,1
3865395,1,1,1,0,0,0,1
3865437,1,1,1,1,0,0,1
3865461,1,0,0,0,0,0,1
3866701,1,1,1,1,0,0,1
3867948,1,1,1,0,0,0,0
3868324,1,1,1,1,0,0,0
3868709,1,1,1,1,0,0,1
3868869,1,1,1,0,0,0,1
3869970,1,1,1,1,0,0,0
3870853,1,1,1,1,0,0,1
3870854,1,1,1,0,0,0,1
3870855,1,1,1,0,0,0,1
3871851,1,1,1,1,0,0,1
3872639,1,1,1,1,0,0,1
3873617,1,1,1,0,0,0,1
3873904,1,1,1,1,0,0,1
3874427,1,1,1,1,0,0,1
3874782,1,1,1,1,0,0,1
3875285,1,1,1,1,0,0,1
3875492,1,1,1,0,0,0,0
3875636,1,1,1,1,0,0,1
3875654,1,1,1,1,0,0,1
3875699,1,1,1,1,0,0,1
3876464,1,1,1,1,0,0,1
3877131,1,1,1,1,0,0,1
3878015,1,1,1,1,0,0,1
3878249,1,1,1,1,0,0,1
3878488,1,1,1,1,0,0,1
3878745,1,0,0,0,0,0,1
3879581,1,1,1,1,0,0,1
3880275,1,1,1,1,0,0,1
3881016,1,1,1,1,0,0,1
3881081,1,1,1,1,0,0,1
3881175,1,1,1,1,0,0,1
3881556,1,0,0,0,0,0,1
3881596,1,1,1,1,0,0,1
3881835,1,0,0,0,0,0,1
3882069,1,1,0,0,0,0,1
3882236,1,0,0,0,0,0,1
3882276,1,1,0,0,0,0,1
3882421,1,1,1,1,0,0,0
3882798,1,1,1,0,0,0,0
3882843,1,1,1,0,0,0,1
3883124,1,1,0,0,0,0,1
3883389,1,1,1,1,0,0,1
3883528,1,1,1,1,0,0,1
3883784,1,1,0,0,0,0,1
3883902,1,1,1,1,0,0,1
3883903,1,1,1,1,0,0,1
3883965,1,1,1,1,0,0,1
3883989,1,1,0,0,0,0,1
3884200,1,1,0,0,0,0,1
3884244,0,0,0,0,0,0,1
3884479,1,1,0,0,0,0,1
3884665,1,0,0,0,0,0,1
3884758,1,1,1,1,0,0,1
3884872,1,1,1,1,0,0,1
3884897,1,1,1,1,0,0,1
3885346,1,0,0,0,0,0,1
3885824,1,1,1,1,0,0,1
3886080,1,1,1,1,0,0,1
3886246,1,1,1,1,0,0,1
3886267,1,1,1,1,0,0,1
3886286,0,0,0,0,0,0,1
3886289,1,1,1,1,0,0,1
3886349,1,1,1,1,0,0,1
3886850,1,1,0,0,0,0,1
3886916,1,1,1,1,0,0,1
3886917,1,1,0,0,0,0,1
3886961,1,1,0,0,0,0,1
3887268,1,1,1,1,0,0,1
3887524,1,1,0,0,0,0,1
3887549,1,1,0,0,0,0,1
3887784,1,1,0,0,0,0,1
3888282,1,1,1,1,0,0,1
3888829,1,1,1,1,0,0,1
3889284,1,1,1,1,0,0,1
3889732,1,1,1,1,0,0,1
3889995,1,1,1,1,0,0,1
3890184,1,1,1,1,0,0,1
3890682,1,1,1,0,0,0,1
3890773,1,1,1,1,0,0,1
3890797,1,1,1,1,0,0,1
3892060,1,1,1,1,0,0,1
3892105,1,1,1,1,0,0,1
3892153,1,1,1,1,0,0,1
3892650,1,1,1,1,0,0,1
3892836,1,1,1,1,0,0,1
3892905,1,1,1,1,0,0,1
3893023,1,1,1,1,0,0,1
3893693,1,1,1,1,0,0,1
3895078,1,1,1,1,0,0,1
3895360,1,1,1,1,0,0,1
3896916,1,1,1,1,0,0,1
3897348,1,1,1,1,0,0,0
3898853,1,1,1,1,0,0,1
3899811,1,1,1,1,0,0,1
3899902,1,1,1,1,0,0,1
3900885,1,1,1,1,0,0,0
3901599,1,1,1,1,0,0,1
3901712,1,1,1,1,0,0,1
3901758,1,1,1,1,0,0,1
3902691,1,1,1,1,0,0,1
3902804,1,1,1,1,0,0,1
3903141,1,1,1,1,0,0,1
3903710,1,1,1,1,0,0,1
3904524,1,1,1,1,0,0,0
3904565,1,1,1,1,0,0,1
3905259,1,1,1,1,0,0,1
3905545,1,1,1,1,0,0,1
3905610,1,1,1,1,0,0,1
3905654,0,0,0,0,0,0,1
3906179,1,1,1,1,0,0,1
3906223,0,0,0,0,0,0,1
3906340,1,1,1,0,0,0,1
3907078,1,1,1,1,0,0,1
3907673,1,1,1,1,0,0,1
3908200,1,1,1,1,0,0,1
3908485,1,1,1,1,0,0,1
3908596,1,1,1,0,0,0,1
3908762,1,1,1,1,0,0,1
3908973,1,1,1,1,0,0,1
3908975,1,1,1,1,0,0,1
3910287,1,1,1,1,0,0,1
3910593,1,1,1,1,0,0,1
3910976,1,1,1,1,0,0,1
3911232,1,1,1,1,0,0,1
3912046,1,1,1,1,0,0,1
3912644,1,1,1,1,0,0,1
3913145,1,1,1,1,0,0,1
3914173,1,1,1,1,0,0,1
3914479,1,1,1,1,0,0,1
3915437,1,1,1,1,0,0,1
3915644,1,1,1,1,0,0,1
3915812,1,1,1,1,0,0,1
3916620,1,1,1,1,0,0,1
3917196,1,1,1,1,0,0,1
3917765,1,1,1,1,0,0,0
3918096,1,1,1,0,0,0,1
3918957,1,1,1,1,0,0,1
3919218,1,1,1,1,0,0,0
3919620,1,1,1,1,0,0,1
3919741,1,1,1,1,0,0,1
3920694,1,1,1,1,0,0,1
3921651,1,1,1,1,0,0,0
3921861,1,1,1,1,0,0,1
3922600,1,1,1,1,0,0,1
3923461,1,1,1,1,0,0,1
3923480,1,1,1,1,0,0,1
3924368,1,1,1,1,0,0,0
3925224,1,1,1,0,0,0,1
3925752,1,1,1,1,0,0,1
3926200,1,1,1,0,0,0,1
3926921,1,1,1,1,0,0,0
3927081,1,1,1,1,0,0,1
3927870,1,1,1,1,0,0,0
3927913,1,1,1,0,0,0,1
3928438,1,0,0,0,0,0,1
3928819,1,1,1,1,0,0,0
3928820,1,1,1,1,0,0,1
3928860,0,0,0,0,0,0,1
3930436,1,1,1,1,0,0,1
3932211,1,1,1,1,0,0,1
3933719,1,1,1,1,0,0,1
3934101,1,1,1,1,0,0,0
3934910,1,1,1,1,0,0,1
3935097,1,1,1,1,0,0,0
3935577,1,1,1,1,0,0,1
3936052,1,1,1,1,0,0,0
3937580,1,1,1,1,0,0,1
3938154,1,1,1,1,0,0,1
3939733,1,1,1,1,0,0,1
3939995,1,1,1,1,0,0,1
3942777,1,1,1,1,0,0,0
3943252,1,1,1,1,0,0,0
3943777,1,1,1,1,0,0,1
3944684,1,1,1,1,0,0,1
3944772,1,1,1,1,0,0,0
3945346,1,1,1,1,0,0,0
3946925,1,1,1,1,0,0,0
3947187,1,1,1,1,0,0,0
3949006,1,1,1,1,0,0,1
3949101,1,1,1,1,0,0,1
3950175,1,1,1,1,0,0,1
3950316,1,1,1,1,0,0,1
3951196,1,1,1,1,0,0,1
3952368,1,1,1,0,0,0,1
3952372,1,1,1,1,0,0,1
3953082,1,1,1,1,0,0,1
3954109,1,1,1,1,0,0,0
3956293,1,1,1,1,0,0,0
3957367,1,1,1,1,0,0,0
3957891,1,0,0,0,0,0,1
3958028,1,1,1,1,0,0,1
3959275,1,1,1,1,0,0,1
3959560,1,1,1,1,0,0,0
3960274,1,1,1,1,0,0,0
3960633,1,1,1,1,0,0,1
3961297,1,1,1,1,0,0,0
3961510,1,1,1,1,0,0,1
3961676,1,1,1,1,0,0,1
3961861,1,0,0,0,0,0,1
3962147,1,1,1,1,0,0,1
3962360,1,0,0,0,0,0,1
3964229,1,1,1,1,0,0,1
3964510,1,1,1,1,0,0,1
3964577,1,1,1,1,0,0,1
3964719,1,1,1,1,0,0,1
3965192,1,1,1,1,0,0,0
3965719,1,1,1,1,0,0,1
3965953,1,1,1,1,0,0,1
3966240,1,1,1,1,0,0,1
3966645,1,1,1,1,0,0,1
3967310,1,1,1,1,0,0,1
3967405,1,1,0,0,0,0,1
3967445,1,1,1,0,0,0,1
3967901,1,0,0,0,0,0,1
3968756,1,1,1,1,0,0,1
3968761,1,1,1,1,0,0,1
3969924,1,1,1,1,0,0,1
3971098,1,1,1,0,0,0,1
3971742,1,0,0,0,0,0,1
3972891,1,1,0,0,0,0,0
3972910,1,1,1,1,0,0,1
3973412,1,1,1,1,0,0,0
3974127,1,1,1,1,0,0,1
3974386,1,1,1,1,0,0,1
3974621,1,1,0,0,0,0,0
3974764,1,1,1,0,0,0,1
3975500,1,1,1,1,0,0,1
3975933,1,1,1,1,0,0,0
3976191,1,1,1,1,0,0,1
3976257,1,1,1,1,0,0,1
3977501,1,1,1,1,0,0,1
3977571,1,1,1,1,0,0,1
3978478,1,1,1,1,0,0,1
3979339,1,1,1,1,0,0,1
3979454,1,1,1,1,0,0,1
3980387,1,1,1,1,0,0,1
3980406,1,1,1,1,0,0,1
3981557,1,1,1,1,0,0,1
3981620,1,1,1,1,0,0,1
3981932,1,1,1,1,0,0,1
3982069,1,1,1,1,0,0,1
3982786,1,1,1,0,0,0,1
3983047,1,1,1,1,0,0,1
3983740,1,1,1,1,0,0,1
3984093,1,1,1,1,0,0,1
3984523,1,1,1,1,0,0,1
3984640,1,1,1,1,0,0,1
3985090,1,1,1,1,0,0,1
3985305,1,1,1,1,0,0,1
3985587,1,1,1,1,0,0,1
3985725,1,1,1,1,0,0,1
3986636,1,1,1,1,0,0,1
3986941,1,1,1,1,0,0,1
3987445,1,1,1,0,0,0,1
3988233,1,1,1,1,0,0,1
3988323,1,1,1,1,0,0,1
3988752,1,1,1,1,0,0,1
3988768,1,1,1,1,0,0,0
3988983,1,1,1,1,0,0,1
3989580,1,1,1,1,0,0,1
3989767,1,1,1,1,0,0,1
3992258,1,1,1,1,0,0,0
3994032,1,1,1,1,0,0,1
3994121,1,1,1,1,0,0,0
3994599,1,1,1,1,0,0,1
3994618,1,1,1,1,0,0,1
3994784,1,1,1,1,0,0,1
3995305,1,1,1,1,0,0,1
3995400,1,1,1,1,0,0,1
3995401,1,1,1,1,0,0,0
3995918,1,1,1,0,0,0,1
3995936,1,1,1,1,0,0,0
3996223,1,1,1,1,0,0,1
3997421,1,1,1,1,0,0,1
3997583,1,1,1,1,0,0,1
3997889,1,1,1,1,0,0,1
3998032,1,1,1,1,0,0,1
3998076,0,0,0,0,0,0,1
3998121,1,1,1,1,0,0,1
3998523,1,1,1,1,0,0,1
3998832,1,1,1,1,0,0,1
3998877,1,1,1,1,0,0,1
3999518,1,1,1,1,0,0,1
3999561,1,1,1,1,0,0,1
3999609,1,1,1,1,0,0,1
