step,picked,placed_v2,farside,slide_event,home,nested_v2,tipped
7200,0,0,0,0,0,0,0
7201,0,0,0,0,0,0,0
7202,0,0,0,0,0,0,0
7203,0,0,0,0,0,0,0
7204,0,0,0,0,0,0,0
7205,0,0,0,0,0,0,0
9675,0,0,0,0,0,0,1
9908,0,0,0,0,0,0,1
10914,0,0,0,0,0,0,1
14389,0,0,0,0,0,0,0
14392,0,0,0,0,0,0,0
14393,0,0,0,0,0,0,0
14836,0,0,0,0,0,0,1
16871,0,0,0,0,0,0,0
17104,0,0,0,0,0,0,0
18110,0,0,0,0,0,0,0
20744,0,0,0,0,0,0,1
21581,0,0,0,0,0,0,0
21585,0,0,0,0,0,0,0
22032,0,0,0,0,0,0,0
24067,0,0,0,0,0,0,0
25310,0,0,0,0,0,0,0
27944,0,0,0,0,0,0,0
28781,0,0,0,0,0,0,0
28785,0,0,0,0,0,0,0
29232,0,0,0,0,0,0,0
31267,0,0,0,0,0,0,0
32510,0,0,0,0,0,0,0
34738,0,0,0,0,0,0,1
35140,0,0,0,0,0,0,0
35977,0,0,0,0,0,0,0
35981,0,0,0,0,0,0,0
36428,0,0,0,0,0,0,0
36901,0,0,0,0,0,0,1
37354,0,0,0,0,0,0,1
38310,0,0,0,0,0,0,1
38451,0,0,0,0,0,0,0
42332,0,0,0,0,0,0,0
43173,0,0,0,0,0,0,0
43624,0,0,0,0,0,0,0
44097,0,0,0,0,0,0,0
45510,0,0,0,0,0,0,0
45651,0,0,0,0,0,0,0
48980,0,0,0,0,0,0,1
50373,0,0,0,0,0,0,0
50824,0,0,0,0,0,0,0
51297,0,0,0,0,0,0,0
52710,0,0,0,0,0,0,0
52851,0,0,0,0,0,0,0
56180,0,0,0,0,0,0,0
57573,0,0,0,0,0,0,0
58024,0,0,0,0,0,0,0
58497,0,0,0,0,0,0,0
59116,1,0,0,0,0,0,1
59906,0,0,0,0,0,0,0
60047,0,0,0,0,0,0,0
63856,0,0,0,0,0,0,1
64769,0,0,0,0,0,0,0
65220,0,0,0,0,0,0,0
65693,0,0,0,0,0,0,0
67106,0,0,0,0,0,0,0
67247,0,0,0,0,0,0,0
67555,0,0,0,0,0,0,1
67959,0,0,0,0,0,0,1
71048,0,0,0,0,0,0,0
71961,0,0,0,0,0,0,0
72412,0,0,0,0,0,0,0
72885,0,0,0,0,0,0,0
72929,0,0,0,0,0,0,1
74294,0,0,0,0,0,0,0
75155,0,0,0,0,0,0,0
78244,0,0,0,0,0,0,0
78674,0,0,0,0,0,0,1
79153,0,0,0,0,0,0,0
79604,0,0,0,0,0,0,0
80125,0,0,0,0,0,0,0
82355,0,0,0,0,0,0,0
82494,0,0,0,0,0,0,1
85440,0,0,0,0,0,0,0
86353,0,0,0,0,0,0,0
86397,0,0,0,0,0,0,1
86800,0,0,0,0,0,0,0
87277,0,0,0,0,0,0,1
87317,0,0,0,0,0,0,0
88564,1,0,0,0,0,0,1
89543,0,0,0,0,0,0,0
89682,0,0,0,0,0,0,0
89726,0,0,0,0,0,0,1
90106,0,0,0,0,0,0,1
91423,0,0,0,0,0,0,1
92616,0,0,0,0,0,0,0
93236,0,0,0,0,0,0,1
93736,0,0,0,0,0,0,1
94457,0,0,0,0,0,0,0
94497,0,0,0,0,0,0,0
95432,1,0,0,0,0,0,1
97298,0,0,0,0,0,0,0
98615,1,0,0,0,0,0,0
100936,0,0,0,0,0,0,0
101657,0,0,0,0,0,0,0
101697,0,0,0,0,0,0,0
102632,0,0,0,0,0,0,0
104498,0,0,0,0,0,0,0
105815,0,0,0,0,0,0,0
108136,0,0,0,0,0,0,0
108350,0,0,0,0,0,0,1
108853,0,0,0,0,0,0,0
108893,0,0,0,0,0,0,0
109539,0,0,0,0,0,0,1
109824,0,0,0,0,0,0,0
115336,0,0,0,0,0,0,0
115550,0,0,0,0,0,0,0
116053,0,0,0,0,0,0,0
116093,0,0,0,0,0,0,0
116525,0,0,0,0,0,0,1
116735,0,0,0,0,0,0,0
116873,1,0,0,0,0,0,1
117016,0,0,0,0,0,0,0
118476,0,0,0,0,0,0,1
119550,0,0,0,0,0,0,1
120072,0,0,0,0,0,0,1
121176,0,0,0,0,0,0,1
121748,0,0,0,0,0,0,1
122656,1,0,0,0,0,0,1
123709,0,0,0,0,0,0,0
123919,0,0,0,0,0,0,0
124057,0,0,0,0,0,0,0
126742,0,0,0,0,0,0,0
127264,0,0,0,0,0,0,0
129589,0,0,0,0,0,0,1
129852,0,0,0,0,0,0,0
130905,0,0,0,0,0,0,0
131115,0,0,0,0,0,0,0
133942,0,0,0,0,0,0,0
134464,0,0,0,0,0,0,0
134945,0,0,0,0,0,0,1
136209,0,0,0,0,0,0,1
136685,0,0,0,0,0,0,1
137044,0,0,0,0,0,0,0
137929,1,0,0,0,0,0,1
138307,0,0,0,0,0,0,0
138855,0,0,0,0,0,0,1
138898,0,0,0,0,0,0,1
139857,0,0,0,0,0,0,1
141648,0,0,0,0,0,0,0
143473,1,0,0,0,0,0,1
143873,0,0,0,0,0,0,0
144232,0,0,0,0,0,0,0
146051,0,0,0,0,0,0,0
146094,0,0,0,0,0,0,0
148848,0,0,0,0,0,0,0
149254,0,0,0,0,0,0,1
150669,0,0,0,0,0,0,0
151069,0,0,0,0,0,0,0
151428,0,0,0,0,0,0,0
153247,0,0,0,0,0,0,0
156048,0,0,0,0,0,0,0
156454,0,0,0,0,0,0,0
157869,0,0,0,0,0,0,0
158269,0,0,0,0,0,0,0
158628,0,0,0,0,0,0,0
159249,1,0,0,0,0,0,1
160443,0,0,0,0,0,0,0
163244,0,0,0,0,0,0,0
163650,0,0,0,0,0,0,0
165469,0,0,0,0,0,0,0
165828,0,0,0,0,0,0,0
166449,0,0,0,0,0,0,0
167643,0,0,0,0,0,0,0
170444,0,0,0,0,0,0,0
170850,0,0,0,0,0,0,0
172669,0,0,0,0,0,0,0
173028,0,0,0,0,0,0,0
173649,1,1,1,0,0,0,0
174843,0,0,0,0,0,0,0
177644,0,0,0,0,0,0,0
178050,0,0,0,0,0,0,0
179316,0,0,0,0,0,0,1
179865,1,0,0,0,0,0,0
180224,0,0,0,0,0,0,0
180845,0,0,0,0,0,0,0
181102,0,0,0,0,0,0,1
182035,0,0,0,0,0,0,0
182079,0,0,0,0,0,0,1
182820,1,0,0,0,0,0,1
184879,0,0,0,0,0,0,1
186504,0,0,0,0,0,0,0
187053,0,0,0,0,0,0,0
187147,0,0,0,0,0,0,1
187908,0,0,0,0,0,0,1
188029,0,0,0,0,0,0,0
188286,0,0,0,0,0,0,0
188785,1,0,0,0,0,0,1
189023,1,0,0,0,0,0,1
189165,0,0,0,0,0,0,1
189209,0,0,0,0,0,0,1
189610,0,0,0,0,0,0,1
189916,1,0,0,0,0,0,1
189988,1,0,0,0,0,0,0
190777,0,0,0,0,0,0,1
192045,0,0,0,0,0,0,1
194800,0,0,0,0,0,0,1
195753,1,0,0,0,0,0,1
196207,1,0,0,0,0,0,0
196802,0,0,0,0,0,0,0
197108,0,0,0,0,0,0,0
197419,0,0,0,0,0,0,1
199241,1,0,0,0,0,0,0
199472,1,0,0,0,0,0,1
199878,0,0,0,0,0,0,1
201988,0,0,0,0,0,0,0
202100,1,0,0,0,0,0,1
202461,0,0,0,0,0,0,1
202668,0,0,0,0,0,0,1
202929,1,0,0,0,0,0,0
203406,1,0,0,0,0,0,1
204603,1,1,1,0,0,0,0
205968,1,0,0,0,0,0,1
206634,0,0,0,0,0,0,1
208720,1,0,0,0,0,0,1
209653,0,0,0,0,0,0,0
209860,1,0,0,0,0,0,0
210121,0,0,0,0,0,0,0
210670,1,0,0,0,0,0,1
211507,1,0,0,0,0,0,1
213736,1,0,0,0,0,0,1
213780,0,0,0,0,0,0,1
215625,1,0,0,0,0,0,1
217056,0,0,0,0,0,0,0
217317,0,0,0,0,0,0,0
217696,0,0,0,0,0,0,1
217700,1,0,0,0,0,0,1
217761,0,0,0,0,0,0,1
217854,0,0,0,0,0,0,0
218691,0,0,0,0,0,0,0
222119,0,0,0,0,0,0,1
222813,1,0,0,0,0,0,0
224892,0,0,0,0,0,0,0
224896,0,0,0,0,0,0,0
224957,0,0,0,0,0,0,0
225050,0,0,0,0,0,0,0
227349,1,0,0,0,0,0,1
227996,1,0,0,0,0,0,1
229192,0,0,0,0,0,0,1
229307,0,0,0,0,0,0,0
230001,0,0,0,0,0,0,0
231843,0,0,0,0,0,0,1
232076,0,0,0,0,0,0,0
232120,0,0,0,0,0,0,1
232238,1,0,0,0,0,0,0
232525,1,0,0,0,0,0,1
233121,0,0,0,0,0,0,1
234529,0,0,0,0,0,0,0
234865,0,0,0,0,0,0,1
236372,0,0,0,0,0,0,0
236968,0,0,0,0,0,0,1
239027,0,0,0,0,0,0,0
239308,0,0,0,0,0,0,0
239426,0,0,0,0,0,0,0
240096,1,0,0,0,0,0,1
240138,0,0,0,0,0,0,1
241503,0,0,0,0,0,0,1
241713,0,0,0,0,0,0,0
241950,0,0,0,0,0,0,1
242045,0,0,0,0,0,0,0
243093,0,0,0,0,0,0,1
244147,1,0,0,0,0,0,1
244670,0,0,0,0,0,0,1
245965,0,0,0,0,0,0,1
246031,0,0,0,0,0,0,1
246480,0,0,0,0,0,0,0
247272,0,0,0,0,0,0,0
248131,0,0,0,0,0,0,1
248317,0,0,0,0,0,0,1
249515,1,0,0,0,0,0,1
250712,0,0,0,0,0,0,1
250873,1,0,0,0,0,0,1
251854,0,0,0,0,0,0,0
253149,0,0,0,0,0,0,0
253668,0,0,0,0,0,0,0
253713,1,0,0,0,0,0,1
256711,0,0,0,0,0,0,0
257908,0,0,0,0,0,0,0
259054,0,0,0,0,0,0,0
260349,0,0,0,0,0,0,0
260868,0,0,0,0,0,0,0
260913,0,0,0,0,0,0,0
263308,1,0,0,0,0,0,1
263907,0,0,0,0,0,0,0
265104,0,0,0,0,0,0,0
265413,0,0,0,0,0,0,1
266246,0,0,0,0,0,0,0
266768,1,0,0,0,0,0,1
268109,0,0,0,0,0,0,0
268538,1,0,0,0,0,0,1
269279,0,0,0,0,0,0,1
272300,1,0,0,0,0,0,0
272609,0,0,0,0,0,0,0
273968,0,0,0,0,0,0,0
274977,0,0,0,0,0,0,1
275305,0,0,0,0,0,0,0
275734,0,0,0,0,0,0,0
276475,0,0,0,0,0,0,0
278413,1,0,0,0,0,0,1
279492,0,0,0,0,0,0,0
281164,0,0,0,0,0,0,0
282173,1,0,0,0,0,0,0
282934,0,0,0,0,0,0,0
283384,0,0,0,0,0,0,1
283671,0,0,0,0,0,0,0
285609,0,0,0,0,0,0,0
286688,0,0,0,0,0,0,0
287857,1,0,0,0,0,0,1
289369,0,0,0,0,0,0,0
289413,0,0,0,0,0,0,1
290126,0,0,0,0,0,0,0
290576,0,0,0,0,0,0,0
290863,0,0,0,0,0,0,0
293884,0,0,0,0,0,0,0
295053,0,0,0,0,0,0,0
295941,0,0,0,0,0,0,1
297326,0,0,0,0,0,0,0
297776,0,0,0,0,0,0,0
298063,1,0,0,0,0,0,0
299426,0,0,0,0,0,0,1
300961,1,0,0,0,0,0,1
301076,0,0,0,0,0,0,0
302245,0,0,0,0,0,0,0
304976,0,0,0,0,0,0,0
305263,0,0,0,0,0,0,0
306626,0,0,0,0,0,0,0
306668,0,0,0,0,0,0,1
308157,0,0,0,0,0,0,0
308272,0,0,0,0,0,0,0
308531,0,0,0,0,0,0,1
308572,0,0,0,0,0,0,1
309433,0,0,0,0,0,0,0
310657,1,0,0,0,0,0,1
311635,0,0,0,0,0,0,1
311676,1,0,0,0,0,0,1
313810,0,0,0,0,0,0,0
314862,0,0,0,0,0,0,1
315460,0,0,0,0,0,0,0
316629,0,0,0,0,0,0,0
317853,0,0,0,0,0,0,0
318831,0,0,0,0,0,0,0
318872,0,0,0,0,0,0,0
321607,1,0,0,0,0,0,1
321744,1,0,0,0,0,0,1
321913,1,0,0,0,0,0,1
322050,0,0,0,0,0,0,0
322648,0,0,0,0,0,0,0
323123,0,0,0,0,0,0,1
323813,0,0,0,0,0,0,0
323976,1,0,0,0,0,0,1
329113,0,0,0,0,0,0,0
329250,0,0,0,0,0,0,0
329848,0,0,0,0,0,0,0
330323,0,0,0,0,0,0,0
331013,0,0,0,0,0,0,0
331176,0,0,0,0,0,0,0
332133,0,0,0,0,0,0,1
332373,0,0,0,0,0,0,1
336446,0,0,0,0,0,0,0
337044,0,0,0,0,0,0,0
337519,0,0,0,0,0,0,0
337756,0,0,0,0,0,0,1
338372,0,0,0,0,0,0,0
339329,0,0,0,0,0,0,0
339569,0,0,0,0,0,0,0
343088,0,0,0,0,0,0,1
343638,0,0,0,0,0,0,0
344715,0,0,0,0,0,0,0
344759,0,0,0,0,0,0,1
344948,0,0,0,0,0,0,0
345062,0,0,0,0,0,0,1
346521,0,0,0,0,0,0,0
346761,0,0,0,0,0,0,0
347981,0,0,0,0,0,0,1
349297,0,0,0,0,0,0,1
350272,0,0,0,0,0,0,0
350274,0,0,0,0,0,0,1
351637,0,0,0,0,0,0,1
351943,0,0,0,0,0,0,0
352132,0,0,0,0,0,0,0
352225,0,0,0,0,0,0,1
352748,0,0,0,0,0,0,1
353701,0,0,0,0,0,0,0
356123,0,0,0,0,0,0,1
357460,0,0,0,0,0,0,0
357462,0,0,0,0,0,0,0
359228,0,0,0,0,0,0,1
359421,0,0,0,0,0,0,0
359944,0,0,0,0,0,0,0
360897,0,0,0,0,0,0,0
360901,0,0,0,0,0,0,1
360936,0,0,0,0,0,0,1
362161,1,0,0,0,0,0,1
363307,0,0,0,0,0,0,0
363805,1,0,0,0,0,0,1
364642,0,0,0,0,0,0,0
365191,1,0,0,0,0,0,1
366604,0,0,0,0,0,0,1
366647,0,0,0,0,0,0,1
367219,0,0,0,0,0,0,1
368124,0,0,0,0,0,0,0
369349,0,0,0,0,0,0,0
369680,0,0,0,0,0,0,1
370993,0,0,0,0,0,0,0
371830,0,0,0,0,0,0,0
374419,0,0,0,0,0,0,0
375324,0,0,0,0,0,0,0
376549,0,0,0,0,0,0,0
376880,0,0,0,0,0,0,0
378193,0,0,0,0,0,0,0
379030,0,0,0,0,0,0,0
380345,1,0,0,0,0,0,1
381615,0,0,0,0,0,0,0
382520,0,0,0,0,0,0,0
382564,0,0,0,0,0,0,1
383741,0,0,0,0,0,0,0
384072,0,0,0,0,0,0,0
384955,1,0,0,0,0,0,1
386222,0,0,0,0,0,0,0
387537,0,0,0,0,0,0,0
388014,0,0,0,0,0,0,1
388180,0,0,0,0,0,0,1
389109,0,0,0,0,0,0,1
389752,0,0,0,0,0,0,0
390254,1,0,0,0,0,0,1
390925,0,0,0,0,0,0,0
392143,0,0,0,0,0,0,0
395380,0,0,0,0,0,0,0
395737,1,0,0,0,0,0,1
396305,0,0,0,0,0,0,0
396948,0,0,0,0,0,0,0
397450,0,0,0,0,0,0,0
398069,0,0,0,0,0,0,1
399339,0,0,0,0,0,0,0
401110,0,0,0,0,0,0,1
402308,0,0,0,0,0,0,1
402929,0,0,0,0,0,0,0
404144,1,1,1,0,0,1,0
405269,0,0,0,0,0,0,0
406539,0,0,0,0,0,0,0
406652,1,0,0,0,0,0,1
408306,0,0,0,0,0,0,0
409504,0,0,0,0,0,0,0
410125,0,0,0,0,0,0,0
411126,0,0,0,0,0,0,1
411220,1,0,0,0,0,0,1
412461,0,0,0,0,0,0,0
413731,0,0,0,0,0,0,0
413844,0,0,0,0,0,0,0
413888,0,0,0,0,0,0,1
414126,1,0,0,0,0,0,1
414841,0,0,0,0,0,0,1
415798,1,0,0,0,0,0,1
417309,0,0,0,0,0,0,0
418408,0,0,0,0,0,0,0
420923,0,0,0,0,0,0,0
421084,0,0,0,0,0,0,0
422041,0,0,0,0,0,0,0
422998,0,0,0,0,0,0,0
424509,0,0,0,0,0,0,0
425532,0,0,0,0,0,0,1
425604,0,0,0,0,0,0,0
427519,0,0,0,0,0,0,1
429241,0,0,0,0,0,0,0
429285,0,0,0,0,0,0,1
430194,0,0,0,0,0,0,0
430238,0,0,0,0,0,0,1
431701,0,0,0,0,0,0,0
432724,0,0,0,0,0,0,0
432796,0,0,0,0,0,0,0
434711,1,0,0,0,0,0,0
435352,1,0,0,0,0,0,1
435425,0,0,0,0,0,0,1
436473,0,0,0,0,0,0,0
436900,0,0,0,0,0,0,1
437379,1,0,0,0,0,0,1
437422,0,0,0,0,0,0,0
439988,1,1,0,0,0,0,0
442625,0,0,0,0,0,0,0
443673,0,0,0,0,0,0,0
444100,0,0,0,0,0,0,0
444579,0,0,0,0,0,0,0
444622,0,0,0,0,0,0,0
445192,0,0,0,0,0,0,1
445721,1,0,0,0,0,0,1
446746,1,0,0,0,0,0,1
447176,0,0,0,0,0,0,0
447553,1,0,0,0,0,0,1
447815,1,0,0,0,0,0,1
448336,1,0,0,0,0,0,1
449606,1,0,0,0,0,0,1
450586,0,0,0,0,0,0,1
451542,0,0,0,0,0,0,1
452909,0,0,0,0,0,0,0
453817,0,0,0,0,0,0,1
454364,0,0,0,0,0,0,0
454741,0,0,0,0,0,0,0
455003,1,0,0,0,0,0,0
455524,0,0,0,0,0,0,0
455568,0,0,0,0,0,0,1
456092,0,0,0,0,0,0,1
456449,0,0,0,0,0,0,1
457260,0,0,0,0,0,0,1
458722,1,0,0,0,0,0,0
458741,0,0,0,0,0,0,1
459437,0,0,0,0,0,0,1
460052,0,0,0,0,0,0,1
461540,1,0,0,0,0,0,0
461700,0,0,0,0,0,0,1
461938,0,0,0,0,0,0,1
462175,0,0,0,0,0,0,0
463252,0,0,0,0,0,0,1
465213,1,0,0,0,0,0,1
466629,0,0,0,0,0,0,0
468900,0,0,0,0,0,0,0
469138,1,1,1,0,0,0,0
469375,0,0,0,0,0,0,0
470452,0,0,0,0,0,0,0
472413,0,0,0,0,0,0,0
473829,0,0,0,0,0,0,0
476100,0,0,0,0,0,0,0
476338,0,0,0,0,0,0,0
476575,0,0,0,0,0,0,0
477652,0,0,0,0,0,0,0
478847,0,0,0,0,0,0,1
479609,1,0,0,0,0,0,0
481025,0,0,0,0,0,0,0
482437,1,0,0,0,0,0,1
483292,0,0,0,0,0,0,0
483530,0,0,0,0,0,0,0
483816,0,0,0,0,0,0,1
484001,1,0,0,0,0,0,1
486039,0,0,0,0,0,0,0
489637,0,0,0,0,0,0,0
490492,0,0,0,0,0,0,0
490514,0,0,0,0,0,0,1
491016,0,0,0,0,0,0,0
491201,0,0,0,0,0,0,0
493239,1,1,1,0,0,0,0
493739,0,0,0,0,0,0,1
494599,0,0,0,0,0,0,1
495288,0,0,0,0,0,0,1
495621,0,0,0,0,0,0,1
496821,0,0,0,0,0,0,0
497702,0,0,0,0,0,0,0
498204,0,0,0,0,0,0,0
498367,0,0,0,0,0,0,1
498482,0,0,0,0,0,0,1
498959,0,0,0,0,0,0,1
499170,0,0,0,0,0,0,1
499934,0,0,0,0,0,0,1
501012,0,0,0,0,0,0,1
502468,0,0,0,0,0,0,0
502801,0,0,0,0,0,0,0
503324,0,0,0,0,0,0,1
503997,0,0,0,0,0,0,0
506076,0,0,0,0,0,0,1
506120,0,0,0,0,0,0,1
506141,0,0,0,0,0,0,1
506143,0,0,0,0,0,0,0
506424,0,0,0,0,0,0,1
506872,0,0,0,0,0,0,1
507110,0,0,0,0,0,0,0
507251,0,0,0,0,0,0,1
507700,0,0,0,0,0,0,1
508202,0,0,0,0,0,0,1
508437,0,0,0,0,0,0,1
511173,0,0,0,0,0,0,0
513616,0,0,0,0,0,0,0
514451,0,0,0,0,0,0,0
514900,0,0,0,0,0,0,0
515402,0,0,0,0,0,0,0
515637,0,0,0,0,0,0,0
517072,0,0,0,0,0,0,1
517074,0,0,0,0,0,0,1
518365,0,0,0,0,0,0,0
520036,1,0,0,0,0,0,1
520804,0,0,0,0,0,0,0
521639,0,0,0,0,0,0,0
522833,0,0,0,0,0,0,0
524270,0,0,0,0,0,0,0
525565,0,0,0,0,0,0,0
525775,0,0,0,0,0,0,1
526394,0,0,0,0,0,0,1
527228,0,0,0,0,0,0,0
527996,0,0,0,0,0,0,0
529936,1,0,0,0,0,0,1
530025,0,0,0,0,0,0,0
531729,1,0,0,0,0,0,1
532440,1,0,0,0,0,0,1
532967,0,0,0,0,0,0,0
533586,0,0,0,0,0,0,0
534997,1,0,0,0,0,0,1
536554,1,0,0,0,0,0,1
537128,0,0,0,0,0,0,0
538925,0,0,0,0,0,0,0
538992,0,0,0,0,0,0,1
539632,0,0,0,0,0,0,0
540159,0,0,0,0,0,0,0
541952,0,0,0,0,0,0,1
542189,0,0,0,0,0,0,0
543746,0,0,0,0,0,0,0
546121,0,0,0,0,0,0,0
546188,0,0,0,0,0,0,0
547121,0,0,0,0,0,0,1
547355,0,0,0,0,0,0,0
549148,0,0,0,0,0,0,0
549385,0,0,0,0,0,0,0
550942,0,0,0,0,0,0,0
551635,0,0,0,0,0,0,1
553384,0,0,0,0,0,0,0
553496,1,0,0,0,0,0,1
554313,0,0,0,0,0,0,0
555889,0,0,0,0,0,0,1
557204,1,0,0,0,0,0,1
558093,1,0,0,0,0,0,1
558134,0,0,0,0,0,0,0
558827,0,0,0,0,0,0,0
559228,0,0,0,0,0,0,1
560572,0,0,0,0,0,0,0
561167,1,0,0,0,0,0,1
561378,0,0,0,0,0,0,1
561497,1,0,0,0,0,0,1
563073,0,0,0,0,0,0,0
563145,0,0,0,0,0,0,1
564557,0,0,0,0,0,0,1
565176,0,0,0,0,0,0,1
566416,0,0,0,0,0,0,0
568359,0,0,0,0,0,0,0
568570,0,0,0,0,0,0,0
570056,0,0,0,0,0,0,1
570265,0,0,0,0,0,0,0
571753,0,0,0,0,0,0,0
572513,0,0,0,0,0,0,1
573612,0,0,0,0,0,0,0
574041,0,0,0,0,0,0,1
574134,0,0,0,0,0,0,1
575496,0,0,0,0,0,0,1
575543,0,0,0,0,0,0,0
577244,0,0,0,0,0,0,0
578945,1,0,0,0,0,0,0
580066,1,0,0,0,0,0,1
580974,0,0,0,0,0,0,1
581233,0,0,0,0,0,0,0
581998,0,0,0,0,0,0,1
582688,0,0,0,0,0,0,0
582735,0,0,0,0,0,0,0
584436,0,0,0,0,0,0,0
586137,0,0,0,0,0,0,0
588433,0,0,0,0,0,0,0
589198,0,0,0,0,0,0,0
589888,0,0,0,0,0,0,0
589935,0,0,0,0,0,0,0
591636,0,0,0,0,0,0,0
593337,0,0,0,0,0,0,0
595633,0,0,0,0,0,0,0
596398,0,0,0,0,0,0,0
597088,0,0,0,0,0,0,0
597135,0,0,0,0,0,0,0
598836,0,0,0,0,0,0,0
600537,0,0,0,0,0,0,0
602833,0,0,0,0,0,0,0
602953,1,0,0,0,0,0,1
603594,0,0,0,0,0,0,0
603901,1,0,0,0,0,0,1
603925,1,0,0,0,0,0,1
604276,0,0,0,0,0,0,0
604323,0,0,0,0,0,0,0
604893,1,0,0,0,0,0,1
605683,0,0,0,0,0,0,1
605822,0,0,0,0,0,0,1
606012,0,0,0,0,0,0,0
606920,0,0,0,0,0,0,1
607516,0,0,0,0,0,0,1
608352,0,0,0,0,0,0,1
609548,0,0,0,0,0,0,1
609756,0,0,0,0,0,0,1
611072,0,0,0,0,0,0,1
611074,0,0,0,0,0,0,1
611093,0,0,0,0,0,0,0
611808,1,0,0,0,0,0,1
612065,0,0,0,0,0,0,0
612855,0,0,0,0,0,0,0
613044,0,0,0,0,0,0,1
613901,0,0,0,0,0,0,1
616323,0,0,0,0,0,0,1
618260,0,0,0,0,0,0,0
618262,0,0,0,0,0,0,0
618281,0,0,0,0,0,0,0
619066,0,0,0,0,0,0,1
619084,0,0,0,0,0,0,1
619205,0,0,0,0,0,0,1
620232,0,0,0,0,0,0,0
620276,0,0,0,0,0,0,1
621036,0,0,0,0,0,0,1
621081,0,0,0,0,0,0,0
621796,0,0,0,0,0,0,1
623499,0,0,0,0,0,0,0
624743,0,0,0,0,0,0,1
625459,0,0,0,0,0,0,1
625745,0,0,0,0,0,0,1
626242,0,0,0,0,0,0,0
626527,0,0,0,0,0,0,1
627460,0,0,0,0,0,0,0
628269,0,0,0,0,0,0,0
628579,0,0,0,0,0,0,1
628980,0,0,0,0,0,0,0
630128,0,0,0,0,0,0,1
632937,0,0,0,0,0,0,0
633434,0,0,0,0,0,0,0
634656,0,0,0,0,0,0,0
634725,1,0,0,0,0,0,1
634769,0,0,0,0,0,0,1
635457,0,0,0,0,0,0,0
635767,0,0,0,0,0,0,0
636120,0,0,0,0,0,0,1
636286,1,0,0,0,0,0,1
636309,0,0,0,0,0,0,1
638222,1,0,0,0,0,0,1
638388,0,0,0,0,0,0,1
638389,1,0,0,0,0,0,1
639652,1,0,0,0,0,0,1
639812,0,0,0,0,0,0,1
639835,0,0,0,0,0,0,1
640454,0,0,0,0,0,0,1
641048,1,0,0,0,0,0,1
641287,1,0,0,0,0,0,1
642075,0,0,0,0,0,0,1
642621,0,0,0,0,0,0,0
643769,0,0,0,0,0,0,1
645569,0,0,0,0,0,0,0
646836,0,0,0,0,0,0,0
646855,0,0,0,0,0,0,1
647357,0,0,0,0,0,0,1
647638,0,0,0,0,0,0,0
648232,0,0,0,0,0,0,0
648733,0,0,0,0,0,0,1
648948,1,0,0,0,0,0,1
649350,0,0,0,0,0,0,1
649920,0,0,0,0,0,0,1
650446,0,0,0,0,0,0,1
652005,0,0,0,0,0,0,1
654039,0,0,0,0,0,0,0
654252,0,0,0,0,0,0,1
655925,0,0,0,0,0,0,0
655973,0,0,0,0,0,0,1
657116,0,0,0,0,0,0,0
657642,0,0,0,0,0,0,0
658193,0,0,0,0,0,0,1
658237,0,0,0,0,0,0,1
659404,1,0,0,0,0,0,1
661227,0,0,0,0,0,0,0
661440,0,0,0,0,0,0,0
663113,0,0,0,0,0,0,0
664576,1,0,0,0,0,0,1
664834,0,0,0,0,0,0,0
665433,0,0,0,0,0,0,0
666600,0,0,0,0,0,0,0
668185,0,0,0,0,0,0,1
668419,0,0,0,0,0,0,0
669638,1,0,0,0,0,0,1
669704,0,0,0,0,0,0,1
670277,0,0,0,0,0,0,1
670321,0,0,0,0,0,0,1
670367,0,0,0,0,0,0,1
671756,0,0,0,0,0,0,0
674268,1,0,0,0,0,0,1
674940,1,0,0,0,0,0,1
675369,0,0,0,0,0,0,0
675531,1,0,0,0,0,0,1
676822,0,0,0,0,0,0,0
677513,1,0,0,0,0,0,0
678805,0,0,0,0,0,0,1
679091,0,0,0,0,0,0,1
679349,0,0,0,0,0,0,1
680737,0,0,0,0,0,0,1
681452,0,0,0,0,0,0,0
682124,0,0,0,0,0,0,0
682553,0,0,0,0,0,0,0
684010,0,0,0,0,0,0,0
686287,0,0,0,0,0,0,0
687937,0,0,0,0,0,0,0
688652,0,0,0,0,0,0,0
689324,0,0,0,0,0,0,0
689753,0,0,0,0,0,0,0
691210,0,0,0,0,0,0,0
692597,0,0,0,0,0,0,1
693483,1,0,0,0,0,0,0
693527,0,0,0,0,0,0,1
693571,0,0,0,0,0,0,1
693712,1,0,0,0,0,0,1
693802,0,0,0,0,0,0,1
693988,1,0,0,0,0,0,1
696941,0,0,0,0,0,0,0
696984,1,0,0,0,0,0,1
697700,0,0,0,0,0,0,1
699328,0,0,0,0,0,0,1
699777,0,0,0,0,0,0,0
700759,0,0,0,0,0,0,0
700994,0,0,0,0,0,0,0
701180,0,0,0,0,0,0,0
701901,0,0,0,0,0,0,1
702085,0,0,0,0,0,0,1
702921,0,0,0,0,0,0,1
706520,0,0,0,0,0,0,0
707955,0,0,0,0,0,0,0
708190,0,0,0,0,0,0,0
708376,0,0,0,0,0,0,0
709097,0,0,0,0,0,0,0
710121,0,0,0,0,0,0,0
713720,0,0,0,0,0,0,0
715155,0,0,0,0,0,0,0
715390,1,0,0,0,0,0,0
715576,0,0,0,0,0,0,0
716297,1,0,0,0,0,0,0
717250,1,0,0,0,0,0,1
717317,1,0,0,0,0,0,0
720916,0,0,0,0,0,0,0
722252,1,0,0,0,0,0,1
722347,0,0,0,0,0,0,0
723277,0,0,0,0,0,0,1
723493,0,0,0,0,0,0,0
724182,1,0,0,0,0,0,1
725667,0,0,0,0,0,0,1
725924,0,0,0,0,0,0,1
727147,0,0,0,0,0,0,1
728104,0,0,0,0,0,0,0
729876,0,0,0,0,0,0,1
730469,0,0,0,0,0,0,0
730513,0,0,0,0,0,0,1
730681,0,0,0,0,0,0,0
731370,0,0,0,0,0,0,0
733116,1,0,0,0,0,0,0
733305,0,0,0,0,0,0,1
734335,0,0,0,0,0,0,0
736226,1,1,0,0,0,0,1
737064,0,0,0,0,0,0,0
737877,1,0,0,0,0,0,0
740316,0,0,0,0,0,0,0
740505,0,0,0,0,0,0,0
741535,0,0,0,0,0,0,0
742009,1,0,0,0,0,0,1
743422,0,0,0,0,0,0,0
743611,0,0,0,0,0,0,1
744256,0,0,0,0,0,0,0
745069,1,1,1,1,0,0,0
745158,0,0,0,0,0,0,1
747504,0,0,0,0,0,0,0
747548,0,0,0,0,0,0,1
747620,1,0,0,0,0,0,1
749197,1,0,0,0,0,0,0
749672,0,0,0,0,0,0,1
750056,1,0,0,0,0,0,1
750795,0,0,0,0,0,0,0
751388,0,0,0,0,0,0,1
752253,0,0,0,0,0,0,0
752342,0,0,0,0,0,0,0
756393,0,0,0,0,0,0,0
757256,0,0,0,0,0,0,0
757802,0,0,0,0,0,0,1
757991,0,0,0,0,0,0,0
758584,0,0,0,0,0,0,0
759449,0,0,0,0,0,0,0
760712,1,0,0,0,0,0,1
763589,0,0,0,0,0,0,0
764452,1,1,0,0,0,0,0
764998,0,0,0,0,0,0,0
765187,0,0,0,0,0,0,0
765757,0,0,0,0,0,0,1
766645,1,1,1,0,0,0,0
767908,0,0,0,0,0,0,0
768172,0,0,0,0,0,0,1
772198,0,0,0,0,0,0,0
772387,1,1,0,0,0,0,0
772957,0,0,0,0,0,0,0
773845,1,1,1,0,0,0,0
774174,1,0,0,0,0,0,1
775104,0,0,0,0,0,0,0
775368,0,0,0,0,0,0,0
779587,0,0,0,0,0,0,0
780157,0,0,0,0,0,0,0
781045,0,0,0,0,0,0,0
781374,0,0,0,0,0,0,0
782304,1,0,0,0,0,0,0
782568,1,0,0,0,0,0,0
784170,1,0,0,0,0,0,1
784884,0,0,0,0,0,0,1
786779,1,0,0,0,0,0,0
787349,0,0,0,0,0,0,0
788237,1,0,0,0,0,0,0
789768,1,0,0,0,0,0,0
791370,0,0,0,0,0,0,0
792084,0,0,0,0,0,0,0
793979,1,1,0,0,0,1,0
794549,0,0,0,0,0,0,0
795437,0,0,0,0,0,0,0
796968,1,0,0,0,0,0,0
798570,0,0,0,0,0,0,0
798617,1,0,0,0,0,0,1
798705,0,0,0,0,0,0,1
799276,1,0,0,0,0,0,0
800690,0,0,0,0,0,0,1
801167,0,0,0,0,0,0,0
801525,1,0,0,0,0,0,1
801613,1,1,0,0,0,0,1
802500,1,0,0,0,0,0,1
803143,0,0,0,0,0,0,1
805082,0,0,0,0,0,0,1
806468,1,0,0,0,0,0,0
808725,0,0,0,0,0,0,0
808813,0,0,0,0,0,0,0
808952,0,0,0,0,0,0,1
809696,0,0,0,0,0,0,0
810170,1,0,0,0,0,0,1
810335,0,0,0,0,0,0,0
815925,0,0,0,0,0,0,0
815965,1,0,0,0,0,0,1
816152,0,0,0,0,0,0,0
816896,0,0,0,0,0,0,0
817369,1,0,0,0,0,0,1
817370,0,0,0,0,0,0,0
817531,0,0,0,0,0,0,0
818848,0,0,0,0,0,0,1
823117,0,0,0,0,0,0,0
823348,0,0,0,0,0,0,0
824569,0,0,0,0,0,0,0
824570,0,0,0,0,0,0,0
824731,0,0,0,0,0,0,0
826048,0,0,0,0,0,0,0
826760,1,1,1,0,0,0,1
827909,1,0,0,0,0,0,1
829321,0,0,0,0,0,0,1
829440,1,0,0,0,0,0,1
829629,0,0,0,0,0,0,1
829673,0,0,0,0,0,0,1
831754,0,0,0,0,0,0,0
831919,0,0,0,0,0,0,0
832612,1,0,0,0,0,0,1
833185,0,0,0,0,0,0,1
833944,0,0,0,0,0,0,0
836509,0,0,0,0,0,0,0
836963,0,0,0,0,0,0,1
838565,0,0,0,0,0,0,1
838946,0,0,0,0,0,0,0
839040,0,0,0,0,0,0,1
839369,0,0,0,0,0,0,1
840377,0,0,0,0,0,0,0
841136,1,0,0,0,0,0,0
842669,0,0,0,0,0,0,1
843628,1,0,0,0,0,0,1
844151,0,0,0,0,0,0,0
846138,0,0,0,0,0,0,0
847577,0,0,0,0,0,0,0
848336,0,0,0,0,0,0,0
848912,1,0,0,0,0,0,1
849865,0,0,0,0,0,0,0
850270,1,0,0,0,0,0,1
851347,0,0,0,0,0,0,0
851440,0,0,0,0,0,0,1
851962,1,0,0,0,0,0,1
852076,1,0,0,0,0,0,1
854765,1,0,0,0,0,0,0
855791,1,0,0,0,0,0,1
856385,1,0,0,0,0,0,1
857441,1,0,0,0,0,0,1
858636,1,0,0,0,0,0,0
859158,0,0,0,0,0,0,0
859272,0,0,0,0,0,0,0
861361,1,0,0,0,0,0,1
862146,1,0,0,0,0,0,1
862548,1,0,0,0,0,0,1
862979,0,0,0,0,0,0,0
863573,0,0,0,0,0,0,0
865828,1,0,0,0,0,0,0
865897,1,0,0,0,0,0,1
869346,0,0,0,0,0,0,0
869748,1,1,1,0,0,0,0
870179,1,0,0,0,0,0,0
870417,1,0,0,0,0,0,1
870556,0,0,0,0,0,0,1
870765,1,0,0,0,0,0,0
872347,1,0,0,0,0,0,1
872605,0,0,0,0,0,0,1
872724,0,0,0,0,0,0,1
876271,0,0,0,0,0,0,1
876530,1,0,0,0,0,0,0
876932,0,0,0,0,0,0,0
876933,1,0,0,0,0,0,1
877097,1,0,0,0,0,0,1
879924,1,1,0,0,0,1,0
881358,1,1,1,0,0,0,1
883443,1,0,0,0,0,0,1
883678,0,0,0,0,0,0,1
884128,0,0,0,0,0,0,0
884129,1,0,0,0,0,0,0
884293,0,0,0,0,0,0,0
885198,1,0,0,0,0,0,1
885580,1,0,0,0,0,0,1
886321,1,0,0,0,0,0,1
886555,0,0,0,0,0,0,1
887580,1,0,0,0,0,0,1
890144,1,0,0,0,0,0,1
890837,0,0,0,0,0,0,1
891269,1,0,0,0,0,0,1
891695,1,0,0,0,0,0,1
892386,1,0,0,0,0,0,0
892768,0,0,0,0,0,0,0
893937,1,0,0,0,0,0,1
894297,1,0,0,0,0,0,1
894722,0,0,0,0,0,0,1
895172,1,1,1,0,0,1,1
897164,1,0,0,0,0,0,1
897972,0,0,0,0,0,0,1
898017,0,0,0,0,0,0,1
898879,1,0,0,0,0,0,0
901493,0,0,0,0,0,0,0
901918,0,0,0,0,0,0,0
901962,0,0,0,0,0,0,1
904360,0,0,0,0,0,0,0
905168,0,0,0,0,0,0,0
905213,0,0,0,0,0,0,0
905570,1,0,0,0,0,0,1
906071,0,0,0,0,0,0,0
906741,0,0,0,0,0,0,1
910381,0,0,0,0,0,0,1
911077,1,0,0,0,0,0,1
911552,1,1,0,0,0,0,0
912360,1,0,0,0,0,0,0
912766,1,0,0,0,0,0,0
913267,0,0,0,0,0,0,0
916740,1,0,0,0,0,0,1
917436,0,0,0,0,0,0,1
917573,1,0,0,0,0,0,0
918269,1,0,0,0,0,0,0
919966,0,0,0,0,0,0,0
920467,1,0,0,0,0,0,0
922839,1,0,0,0,0,0,1
923506,1,0,0,0,0,0,1
923932,0,0,0,0,0,0,0
924628,1,0,0,0,0,0,0
924765,0,0,0,0,0,0,0
925053,0,0,0,0,0,0,1
926652,0,0,0,0,0,0,1
927921,0,0,0,0,0,0,1
927945,0,0,0,0,0,0,1
928660,0,0,0,0,0,0,1
929255,0,0,0,0,0,0,1
930044,0,0,0,0,0,0,1
930686,0,0,0,0,0,0,0
932049,1,1,1,0,0,0,1
932142,1,0,0,0,0,0,1
932979,1,0,0,0,0,0,1
933720,1,0,0,0,0,0,1
933832,1,0,0,0,0,0,0
935129,1,0,0,0,0,0,0
936801,0,0,0,0,0,0,1
938381,0,0,0,0,0,0,1
938645,1,0,0,0,0,0,1
939334,1,1,1,0,0,0,0
939955,0,0,0,0,0,0,1
940912,0,0,0,0,0,0,0
941024,1,1,1,0,0,1,0
941526,1,0,0,0,0,0,1
942193,1,0,0,0,0,0,1
943030,1,0,0,0,0,0,1
943312,0,0,0,0,0,0,1
943791,1,0,0,0,0,0,1
944820,0,0,0,0,0,0,1
945654,0,0,0,0,0,0,1
945821,0,0,0,0,0,0,0
947039,1,0,0,0,0,0,1
947538,0,0,0,0,0,0,1
947849,0,0,0,0,0,0,1
949377,0,0,0,0,0,0,0
949518,0,0,0,0,0,0,1
949589,0,0,0,0,0,0,1
949821,0,0,0,0,0,0,1
950488,1,1,1,0,0,0,0
950489,0,0,0,0,0,0,1
950748,1,0,0,0,0,0,1
950791,0,0,0,0,0,0,1
956714,0,0,0,0,0,0,0
956785,0,0,0,0,0,0,0
957688,0,0,0,0,0,0,0
957689,0,0,0,0,0,0,0
957948,0,0,0,0,0,0,0
957991,0,0,0,0,0,0,0
963914,0,0,0,0,0,0,0
963985,0,0,0,0,0,0,0
964888,0,0,0,0,0,0,0
964889,0,0,0,0,0,0,0
965148,0,0,0,0,0,0,0
965191,0,0,0,0,0,0,0
971114,0,0,0,0,0,0,0
971185,0,0,0,0,0,0,0
972088,0,0,0,0,0,0,0
972089,0,0,0,0,0,0,0
972348,0,0,0,0,0,0,0
972391,0,0,0,0,0,0,0
978314,0,0,0,0,0,0,0
978385,0,0,0,0,0,0,0
979288,0,0,0,0,0,0,0
979289,0,0,0,0,0,0,0
979548,0,0,0,0,0,0,0
979591,0,0,0,0,0,0,0
985514,0,0,0,0,0,0,0
985585,0,0,0,0,0,0,0
986488,0,0,0,0,0,0,0
986489,0,0,0,0,0,0,0
986748,0,0,0,0,0,0,0
986791,0,0,0,0,0,0,0
992714,0,0,0,0,0,0,0
992785,0,0,0,0,0,0,0
993688,0,0,0,0,0,0,0
993689,0,0,0,0,0,0,0
993948,0,0,0,0,0,0,0
993991,0,0,0,0,0,0,0
996193,0,0,0,0,0,0,1
996934,0,0,0,0,0,0,1
999981,0,0,0,0,0,0,0
1000553,0,0,0,0,0,0,1
1000880,0,0,0,0,0,0,0
1001144,0,0,0,0,0,0,0
1001187,0,0,0,0,0,0,0
1001711,0,0,0,0,0,0,1
1002352,0,0,0,0,0,0,1
1003381,0,0,0,0,0,0,0
1004122,0,0,0,0,0,0,0
1007745,0,0,0,0,0,0,0
1008340,0,0,0,0,0,0,0
1008911,0,0,0,0,0,0,0
1009552,0,0,0,0,0,0,0
1010581,0,0,0,0,0,0,0
1011322,1,1,1,0,0,0,0
1011581,0,0,0,0,0,0,1
1014941,0,0,0,0,0,0,0
1015536,0,0,0,0,0,0,0
1016107,0,0,0,0,0,0,0
1016748,0,0,0,0,0,0,0
1017776,1,0,0,0,0,0,1
1018518,1,1,0,0,0,0,0
1018777,0,0,0,0,0,0,0
1018821,0,0,0,0,0,0,1
1022133,0,0,0,0,0,0,0
1022728,0,0,0,0,0,0,0
1022867,1,0,0,0,0,0,1
1024015,0,0,0,0,0,0,1
1024968,0,0,0,0,0,0,0
1025710,1,0,0,0,0,0,0
1026017,0,0,0,0,0,0,0
1029329,0,0,0,0,0,0,0
1029924,0,0,0,0,0,0,0
1030089,0,0,0,0,0,0,1
1031211,0,0,0,0,0,0,0
1032164,0,0,0,0,0,0,0
1032166,0,0,0,0,0,0,1
1032471,0,0,0,0,0,0,1
1033209,0,0,0,0,0,0,0
1033253,0,0,0,0,0,0,1
1033728,1,0,0,0,0,0,1
1035934,0,0,0,0,0,0,1
1037108,0,0,0,0,0,0,0
1037273,0,0,0,0,0,0,0
1037965,0,0,0,0,0,0,1
1039663,0,0,0,0,0,0,0
1039665,0,0,0,0,0,0,1
1040207,0,0,0,0,0,0,1
1040373,0,0,0,0,0,0,1
1040437,0,0,0,0,0,0,0
1040865,0,0,0,0,0,0,1
1040908,0,0,0,0,0,0,0
1043114,0,0,0,0,0,0,0
1043158,0,0,0,0,0,0,1
1044284,0,0,0,0,0,0,0
1044736,0,0,0,0,0,0,1
1047395,0,0,0,0,0,0,0
1047561,0,0,0,0,0,0,0
1047891,0,0,0,0,0,0,1
1048053,0,0,0,0,0,0,0
1048096,0,0,0,0,0,0,0
1048313,0,0,0,0,0,0,1
1048595,0,0,0,0,0,0,1
1049164,1,0,0,0,0,0,1
1049379,1,0,0,0,0,0,1
1050334,0,0,0,0,0,0,0
1050378,0,0,0,0,0,0,1
1051912,0,0,0,0,0,0,0
1055241,0,0,0,0,0,0,0
1055505,0,0,0,0,0,0,0
1056360,0,0,0,0,0,0,0
1056575,0,0,0,0,0,0,0
1057025,1,0,0,0,0,0,1
1057574,0,0,0,0,0,0,0
1058317,1,1,1,0,0,0,1
1059100,1,0,0,0,0,0,1
1059104,0,0,0,0,0,0,0
1059167,1,0,0,0,0,0,1
1062259,1,0,0,0,0,0,1
1064221,0,0,0,0,0,0,0
1064770,0,0,0,0,0,0,0
1065513,0,0,0,0,0,0,0
1065892,0,0,0,0,0,0,1
1066292,0,0,0,0,0,0,0
1066294,0,0,0,0,0,0,1
1066527,0,0,0,0,0,0,1
1069210,1,0,0,0,0,0,1
1069975,1,0,0,0,0,0,1
1070429,1,0,0,0,0,0,1
1071069,1,0,0,0,0,0,1
1073084,0,0,0,0,0,0,0
1073484,0,0,0,0,0,0,0
1073891,1,0,0,0,0,0,1
1074821,1,0,0,0,0,0,1
1076402,1,0,0,0,0,0,0
1076687,0,0,0,0,0,0,1
1077621,0,0,0,0,0,0,0
1078959,0,0,0,0,0,0,1
1080276,0,0,0,0,0,0,0
1080676,1,0,0,0,0,0,0
1082017,0,0,0,0,0,0,0
1083598,0,0,0,0,0,0,0
1083739,1,0,0,0,0,0,1
1084817,0,0,0,0,0,0,0
1085843,1,0,0,0,0,0,1
1087472,0,0,0,0,0,0,0
1087872,0,0,0,0,0,0,0
1089213,1,1,0,0,0,0,0
1090794,0,0,0,0,0,0,0
1092017,0,0,0,0,0,0,0
1093043,0,0,0,0,0,0,0
1094672,0,0,0,0,0,0,0
1095072,0,0,0,0,0,0,0
1096413,1,0,0,0,0,0,0
1097104,1,0,0,0,0,0,1
1097990,1,0,0,0,0,0,0
1098897,1,1,0,0,0,0,1
1099209,1,0,0,0,0,0,0
1100235,1,1,0,0,0,0,0
1101623,0,0,0,0,0,0,1
1101860,0,0,0,0,0,0,0
1101973,1,0,0,0,0,0,1
1104296,1,0,0,0,0,0,0
1104368,1,0,0,0,0,0,1
1105178,1,0,0,0,0,0,0
1105799,1,0,0,0,0,0,1
1105843,0,0,0,0,0,0,1
1106393,0,0,0,0,0,0,0
1106651,0,0,0,0,0,0,1
1107920,0,0,0,0,0,0,1
1108032,0,0,0,0,0,0,1
1109157,0,0,0,0,0,0,0
1110763,0,0,0,0,0,0,1
1111500,0,0,0,0,0,0,1
1112168,0,0,0,0,0,0,1
1112358,1,1,1,0,0,0,0
1113581,0,0,0,0,0,0,0
1114056,0,0,0,0,0,0,1
1115920,0,0,0,0,0,0,1
1116252,0,0,0,0,0,0,1
1116345,0,0,0,0,0,0,0
1117951,0,0,0,0,0,0,0
1119192,0,0,0,0,0,0,1
1119550,0,0,0,0,0,0,0
1119907,1,0,0,0,0,0,1
1120769,0,0,0,0,0,0,0
1121244,0,0,0,0,0,0,0
1121334,1,0,0,0,0,0,1
1121378,0,0,0,0,0,0,1
1121783,1,0,0,0,0,0,1
1123529,0,0,0,0,0,0,0
1124921,1,0,0,0,0,0,1
1125034,1,0,0,0,0,0,1
1125704,1,1,1,0,0,0,1
1126368,0,0,0,0,0,0,0
1127087,1,0,0,0,0,0,1
1127417,1,0,0,0,0,0,1
1127488,1,0,0,0,0,0,1
1127509,1,0,0,0,0,0,1
1127550,1,0,0,0,0,0,1
1129420,0,0,0,0,0,0,1
1131477,0,0,0,0,0,0,1
1131521,0,0,0,0,0,0,1
1133556,0,0,0,0,0,0,0
1134275,0,0,0,0,0,0,0
1134705,0,0,0,0,0,0,0
1134746,0,0,0,0,0,0,0
1136065,0,0,0,0,0,0,1
1136612,0,0,0,0,0,0,0
1138717,0,0,0,0,0,0,0
1140752,0,0,0,0,0,0,0
1141084,0,0,0,0,0,0,1
1141467,0,0,0,0,0,0,0
1141701,0,0,0,0,0,0,1
1141938,0,0,0,0,0,0,0
1143257,0,0,0,0,0,0,0
1143804,0,0,0,0,0,0,0
1145239,1,0,0,0,0,0,1
1145909,1,0,0,0,0,0,1
1148276,0,0,0,0,0,0,0
1148897,0,0,0,0,0,0,0
1149134,1,0,0,0,0,0,0
1151004,0,0,0,0,0,0,0
1152439,0,0,0,0,0,0,0
1153109,0,0,0,0,0,0,0
1155476,0,0,0,0,0,0,0
1156097,0,0,0,0,0,0,0
1156334,0,0,0,0,0,0,0
1158204,0,0,0,0,0,0,0
1159639,0,0,0,0,0,0,0
1160309,0,0,0,0,0,0,0
1162676,0,0,0,0,0,0,0
1163297,0,0,0,0,0,0,0
1163534,0,0,0,0,0,0,0
1164896,1,0,0,0,0,0,1
1165400,1,0,0,0,0,0,0
1166092,0,0,0,0,0,0,1
1166831,0,0,0,0,0,0,0
1166969,1,0,0,0,0,0,1
1167497,0,0,0,0,0,0,0
1167802,1,0,0,0,0,0,1
1172092,0,0,0,0,0,0,0
1173292,0,0,0,0,0,0,0
1174031,0,0,0,0,0,0,0
1174169,0,0,0,0,0,0,0
1174697,0,0,0,0,0,0,0
1175002,0,0,0,0,0,0,0
1176320,1,0,0,0,0,0,1
1177036,0,0,0,0,0,0,1
1177080,0,0,0,0,0,0,1
1177292,0,0,0,0,0,0,1
1178583,1,0,0,0,0,0,1
1179272,1,0,0,0,0,0,0
1179633,1,0,0,0,0,0,1
1180708,1,0,0,0,0,0,1
1181349,0,0,0,0,0,0,0
1182186,1,0,0,0,0,0,0
1182348,0,0,0,0,0,0,1
1182396,1,0,0,0,0,0,1
1184092,1,0,0,0,0,0,1
1184209,1,0,0,0,0,0,1
1185767,1,0,0,0,0,0,0
1186821,1,0,0,0,0,0,0
1187221,1,0,0,0,0,0,1
1187336,1,0,0,0,0,0,1
1187648,1,1,1,0,0,0,1
1188003,1,0,0,0,0,0,1
1188261,0,0,0,0,0,0,1
1188305,0,0,0,0,0,0,1
1189358,1,0,0,0,0,0,0
1193433,0,0,0,0,0,0,1
1194009,0,0,0,0,0,0,0
1194528,0,0,0,0,0,0,0
1194840,0,0,0,0,0,0,0
1195195,0,0,0,0,0,0,0
1196558,0,0,0,0,0,0,0
1199096,1,0,0,0,0,0,1
1199480,1,0,0,0,0,0,1
1200264,0,0,0,0,0,0,1
1200479,0,0,0,0,0,0,1
1200617,0,0,0,0,0,0,0
1200638,0,0,0,0,0,0,1
1201189,0,0,0,0,0,0,0
1201252,0,0,0,0,0,0,1
1201490,0,0,0,0,0,0,1
1201533,0,0,0,0,0,0,1
1201577,0,0,0,0,0,0,1
1201599,0,0,0,0,0,0,1
1201856,0,0,0,0,0,0,1
1203653,0,0,0,0,0,0,1
1204489,0,0,0,0,0,0,1
1204680,0,0,0,0,0,0,1
1205443,0,0,0,0,0,0,1
1207072,1,0,0,0,0,0,1
1207329,0,0,0,0,0,0,1
1208361,0,0,0,0,0,0,0
1208666,0,0,0,0,0,0,0
1209044,0,0,0,0,0,0,0
1209548,0,0,0,0,0,0,1
1211366,0,0,0,0,0,0,1
1212464,0,0,0,0,0,0,1
1212508,0,0,0,0,0,0,1
1212627,0,0,0,0,0,0,0
1213365,0,0,0,0,0,0,1
1213675,0,0,0,0,0,0,1
1213788,0,0,0,0,0,0,1
1214841,0,0,0,0,0,0,1
1214911,0,0,0,0,0,0,1
1215149,0,0,0,0,0,0,1
1216728,0,0,0,0,0,0,0
1217012,0,0,0,0,0,0,1
1218017,1,0,0,0,0,0,1
1218538,0,0,0,0,0,0,0
1220670,0,0,0,0,0,0,1
1220976,0,0,0,0,0,0,0
1221766,0,0,0,0,0,0,1
1222025,0,0,0,0,0,0,0
1222095,0,0,0,0,0,0,0
1223051,0,0,0,0,0,0,1
1223380,0,0,0,0,0,0,1
1224075,0,0,0,0,0,0,1
1224192,0,0,0,0,0,0,0
1225197,0,0,0,0,0,0,0
1226680,0,0,0,0,0,0,1
1227348,0,0,0,0,0,0,1
1228278,0,0,0,0,0,0,1
1229209,0,0,0,0,0,0,0
1230000,0,0,0,0,0,0,1
1230568,0,0,0,0,0,0,0
1230878,0,0,0,0,0,0,1
1231259,0,0,0,0,0,0,0
1232216,0,0,0,0,0,0,1
1232381,0,0,0,0,0,0,0
1236405,0,0,0,0,0,0,0
1237768,0,0,0,0,0,0,0
1238078,0,0,0,0,0,0,0
1238459,0,0,0,0,0,0,0
1238503,0,0,0,0,0,0,1
1238786,0,0,0,0,0,0,1
1239408,0,0,0,0,0,0,0
1239573,1,0,0,0,0,0,0
1240887,1,0,0,0,0,0,1
1240930,0,0,0,0,0,0,1
1240932,1,0,0,0,0,0,1
1241185,1,0,0,0,0,0,1
1241471,0,0,0,0,0,0,1
1243386,0,0,0,0,0,0,1
1244940,1,0,0,0,0,0,0
1246765,1,0,0,0,0,0,0
1247164,0,0,0,0,0,0,1
1248124,1,0,0,0,0,0,0
1248381,0,0,0,0,0,0,0
1248667,1,0,0,0,0,0,0
1249381,0,0,0,0,0,0,1
1249425,0,0,0,0,0,0,1
1250574,1,0,0,0,0,0,0
1251891,1,0,0,0,0,0,1
1252801,0,0,0,0,0,0,1
1253369,1,0,0,0,0,0,1
1253894,1,0,0,0,0,0,1
1254344,0,0,0,0,0,0,0
1255304,1,0,0,0,0,0,0
1255875,1,0,0,0,0,0,1
1257021,1,0,0,0,0,0,1
1257736,1,0,0,0,0,0,1
1259557,1,0,0,0,0,0,1
1259989,1,1,0,0,0,0,0
1260389,0,0,0,0,0,0,1
1261082,0,0,0,0,0,0,0
1262496,1,1,0,0,0,0,0
1262781,1,0,0,0,0,0,1
1262964,0,0,0,0,0,0,1
1263033,1,0,0,0,0,0,1
1263055,1,0,0,0,0,0,0
1264130,1,0,0,0,0,0,1
1264657,1,0,0,0,0,0,1
1264844,1,0,0,0,0,0,1
1265654,1,0,0,0,0,0,1
1266203,1,0,0,0,0,0,1
1266537,0,0,0,0,0,0,1
1266652,1,0,0,0,0,0,1
1267582,1,0,0,0,0,0,1
1269810,1,0,0,0,0,0,1
1270140,1,0,0,0,0,0,0
1270209,1,0,0,0,0,0,0
1270233,1,0,0,0,0,0,1
1272120,1,0,0,0,0,0,1
1272453,0,0,0,0,0,0,1
1273365,1,0,0,0,0,0,1
1273383,1,0,0,0,0,0,0
1273496,0,0,0,0,0,0,1
1273832,1,0,0,0,0,0,0
1275435,1,0,0,0,0,0,1
1276176,0,0,0,0,0,0,1
1276986,0,0,0,0,0,0,0
1277125,0,0,0,0,0,0,1
1278636,0,0,0,0,0,0,1
1279352,0,0,0,0,0,0,1
1279756,0,0,0,0,0,0,1
1279965,0,0,0,0,0,0,1
1280541,1,1,1,0,0,0,0
1280557,0,0,0,0,0,0,1
1280672,1,0,0,0,0,0,0
1282420,0,0,0,0,0,0,1
1282611,0,0,0,0,0,0,0
1284166,0,0,0,0,0,0,0
1286948,0,0,0,0,0,0,0
1287737,0,0,0,0,0,0,0
1287753,0,0,0,0,0,0,0
1289620,0,0,0,0,0,0,0
1289693,0,0,0,0,0,0,1
1289807,0,0,0,0,0,0,0
1290378,0,0,0,0,0,0,1
1290447,0,0,0,0,0,0,1
1291882,0,0,0,0,0,0,1
1294136,0,0,0,0,0,0,0
1294945,0,0,0,0,0,0,0
1296812,0,0,0,0,0,0,0
1296885,0,0,0,0,0,0,0
1297647,0,0,0,0,0,0,0
1297977,0,0,0,0,0,0,1
1299078,0,0,0,0,0,0,0
1299216,0,0,0,0,0,0,1
1299769,0,0,0,0,0,0,1
1300387,1,0,0,0,0,0,1
1300501,0,0,0,0,0,0,1
1301026,1,0,0,0,0,0,1
1301312,0,0,0,0,0,0,0
1301909,1,0,0,0,0,0,1
1302815,1,0,0,0,0,0,1
1302834,1,0,0,0,0,0,1
1302856,1,0,0,0,0,0,1
1303521,0,0,0,0,0,0,1
1304165,0,0,0,0,0,0,1
1304285,1,0,0,0,0,0,1
1304591,1,0,0,0,0,0,1
1305428,1,0,0,0,0,0,1
1306189,1,0,0,0,0,0,1
1306376,1,0,0,0,0,0,0
1306472,0,0,0,0,0,0,1
1307280,1,0,0,0,0,0,1
1307568,1,0,0,0,0,0,1
1307658,0,0,0,0,0,0,1
1307749,1,0,0,0,0,0,1
1308826,0,0,0,0,0,0,1
1311029,0,0,0,0,0,0,1
1311461,1,0,0,0,0,0,0
1311600,0,0,0,0,0,0,1
1311763,0,0,0,0,0,0,0
1312502,0,0,0,0,0,0,1
1314130,0,0,0,0,0,0,1
1314174,0,0,0,0,0,0,1
1314456,0,0,0,0,0,0,0
1318221,0,0,0,0,0,0,0
1318653,0,0,0,0,0,0,0
1318792,0,0,0,0,0,0,0
1318955,0,0,0,0,0,0,0
1319790,1,0,0,0,0,0,1
1321656,0,0,0,0,0,0,0
1322972,0,0,0,0,0,0,1
1325417,1,0,0,0,0,0,0
1325849,0,0,0,0,0,0,0
1325988,0,0,0,0,0,0,0
1326151,0,0,0,0,0,0,0
1326986,0,0,0,0,0,0,0
1329596,0,0,0,0,0,0,1
1329665,0,0,0,0,0,0,1
1329927,0,0,0,0,0,0,1
1330715,0,0,0,0,0,0,1
1331191,0,0,0,0,0,0,1
1331328,0,0,0,0,0,0,1
1333033,0,0,0,0,0,0,0
1333172,0,0,0,0,0,0,0
1333407,0,0,0,0,0,0,1
1333477,0,0,0,0,0,0,1
1334166,0,0,0,0,0,0,0
1334167,0,0,0,0,0,0,1
1336701,0,0,0,0,0,0,1
1336745,0,0,0,0,0,0,1
1337796,0,0,0,0,0,0,1
1339401,0,0,0,0,0,0,1
1339446,0,0,0,0,0,0,1
1340356,0,0,0,0,0,0,0
1340665,0,0,0,0,0,0,0
1341355,0,0,0,0,0,0,0
1342408,0,0,0,0,0,0,1
1344992,0,0,0,0,0,0,0
1345876,0,0,0,0,0,0,1
1346593,0,0,0,0,0,0,0
1346638,0,0,0,0,0,0,0
1347861,0,0,0,0,0,0,0
1348551,0,0,0,0,0,0,0
1348786,0,0,0,0,0,0,1
1349600,0,0,0,0,0,0,0
1350364,0,0,0,0,0,0,1
1351463,1,0,0,0,0,0,1
1351700,0,0,0,0,0,0,1
1353060,0,0,0,0,0,0,0
1353777,0,0,0,0,0,0,0
1355049,1,1,1,0,0,0,0
1355573,0,0,0,0,0,0,1
1355974,0,0,0,0,0,0,0
1358659,0,0,0,0,0,0,0
1358896,0,0,0,0,0,0,0
1360256,0,0,0,0,0,0,0
1360973,0,0,0,0,0,0,0
1362773,0,0,0,0,0,0,0
1362813,1,0,0,0,0,0,1
1363170,0,0,0,0,0,0,0
1365422,1,0,0,0,0,0,1
1365851,0,0,0,0,0,0,0
1366088,0,0,0,0,0,0,0
1367448,0,0,0,0,0,0,0
1368741,0,0,0,0,0,0,1
1369026,1,0,0,0,0,0,1
1369383,1,0,0,0,0,0,1
1369957,0,0,0,0,0,0,0
1371580,1,0,0,0,0,0,1
1372225,1,0,0,0,0,0,1
1373280,1,0,0,0,0,0,0
1373514,1,0,0,0,0,0,1
1374111,1,0,0,0,0,0,1
1375496,1,0,0,0,0,0,1
1376145,1,0,0,0,0,0,1
1377197,1,0,0,0,0,0,1
1378175,1,0,0,0,0,0,1
1378219,0,0,0,0,0,0,1
1378261,1,0,0,0,0,0,1
1378500,1,0,0,0,0,0,1
1379217,1,0,0,0,0,0,1
1379881,1,0,0,0,0,0,1
1380694,0,0,0,0,0,0,0
1381269,1,0,0,0,0,0,1
1381815,0,0,0,0,0,0,1
1382048,1,1,1,1,1,1,0
1382505,0,0,0,0,0,0,1
1382545,1,0,0,0,0,0,1
1383143,0,0,0,0,0,0,1
1383280,0,0,0,0,0,0,1
1384164,0,0,0,0,0,0,1
1385676,1,1,1,0,0,0,0
1385862,1,0,0,0,0,0,1
1386144,1,0,0,0,0,0,1
1386912,1,0,0,0,0,0,1
1388540,1,0,0,0,0,0,1
1389087,1,1,1,0,0,0,1
1389685,1,1,1,1,0,0,0
1389725,0,0,0,0,0,0,0
1393058,0,0,0,0,0,0,0
1393340,0,0,0,0,0,0,0
1393937,1,0,0,0,0,0,1
1395736,1,1,1,0,0,1,0
1395972,0,0,0,0,0,0,1
1396279,0,0,0,0,0,0,0
1396877,1,1,1,0,0,0,0
1400181,1,1,1,0,0,0,1
1400250,1,1,1,0,0,0,0
1400532,1,1,1,0,0,0,0
1401516,1,1,1,1,1,1,0
1402276,1,0,0,0,0,0,1
1403475,1,1,1,0,0,0,0
1404073,0,0,0,0,0,0,0
1404452,1,0,0,0,0,0,1
1406008,1,0,0,0,0,0,1
1406625,1,0,0,0,0,0,1
1407438,1,1,1,0,0,1,0
1408273,1,0,0,0,0,0,1
1408462,0,0,0,0,0,0,1
1409464,1,0,0,0,0,0,0
1410663,1,1,1,0,0,0,0
1411261,1,1,1,0,0,1,0
1412287,1,0,0,0,0,0,1
1413196,1,0,0,0,0,0,0
1414319,1,0,0,0,0,0,1
1415301,1,0,0,0,0,0,1
1415461,0,0,0,0,0,0,0
1415650,0,0,0,0,0,0,0
1416652,0,0,0,0,0,0,0
1420396,0,0,0,0,0,0,0
1421040,0,0,0,0,0,0,1
1421515,1,1,1,1,0,0,0
1422352,0,0,0,0,0,0,1
1422493,0,0,0,0,0,0,0
1422653,0,0,0,0,0,0,0
1422821,0,0,0,0,0,0,1
1422838,0,0,0,0,0,0,0
1423840,0,0,0,0,0,0,0
1424748,0,0,0,0,0,0,1
1425464,0,0,0,0,0,0,1
1428703,0,0,0,0,0,0,0
1429540,0,0,0,0,0,0,0
1429845,0,0,0,0,0,0,0
1430013,0,0,0,0,0,0,0
1430030,0,0,0,0,0,0,0
1432664,0,0,0,0,0,0,0
1434317,0,0,0,0,0,0,1
1435899,0,0,0,0,0,0,0
1436736,0,0,0,0,0,0,0
1437213,0,0,0,0,0,0,0
1437230,0,0,0,0,0,0,0
1437321,0,0,0,0,0,0,1
1438184,1,0,0,0,0,0,1
1439856,1,0,0,0,0,0,0
1441344,1,0,0,0,0,0,1
1442877,1,0,0,0,0,0,1
1443087,1,1,1,0,0,1,0
1444426,0,0,0,0,0,0,0
1444517,1,0,0,0,0,0,0
1447056,0,0,0,0,0,0,0
1448544,1,0,0,0,0,0,0
1449165,1,0,0,0,0,0,1
1450287,1,0,0,0,0,0,0
1451626,0,0,0,0,0,0,0
1451717,0,0,0,0,0,0,0
1454256,1,0,0,0,0,0,0
1455744,1,0,0,0,0,0,0
1456365,1,0,0,0,0,0,0
1457268,1,0,0,0,0,0,1
1457483,1,0,0,0,0,0,0
1458822,1,0,0,0,0,0,0
1458913,1,0,0,0,0,0,0
1458957,0,0,0,0,0,0,1
1461569,0,0,0,0,0,0,1
1461639,0,0,0,0,0,0,1
1462932,0,0,0,0,0,0,0
1463553,0,0,0,0,0,0,0
1464456,0,0,0,0,0,0,0
1466014,1,0,0,0,0,0,0
1468769,0,0,0,0,0,0,0
1468839,0,0,0,0,0,0,0
1469530,1,0,0,0,0,0,1
1469574,0,0,0,0,0,0,1
1470124,0,0,0,0,0,0,0
1470745,0,0,0,0,0,0,0
1471648,0,0,0,0,0,0,0
1475965,1,1,1,0,0,0,0
1476035,1,1,1,0,0,0,0
1476774,1,0,0,0,0,0,0
1477324,1,0,0,0,0,0,0
1477945,1,0,0,0,0,0,0
1478848,1,0,0,0,0,0,0
1481221,0,0,0,0,0,0,1
1482565,1,0,0,0,0,0,1
1483231,1,0,0,0,0,0,0
1483564,1,0,0,0,0,0,1
1483966,0,0,0,0,0,0,0
1484875,1,0,0,0,0,0,1
1486044,1,1,1,0,0,1,0
1487098,1,0,0,0,0,0,1
1488413,0,0,0,0,0,0,0
1489010,1,0,0,0,0,0,1
1489176,1,0,0,0,0,0,1
1489600,1,0,0,0,0,0,1
1489745,0,0,0,0,0,0,0
1491517,1,0,0,0,0,0,1
1492063,0,0,0,0,0,0,0
1494123,0,0,0,0,0,0,1
1495605,1,1,1,0,0,0,0
1496202,0,0,0,0,0,0,0
1496368,1,0,0,0,0,0,0
1496792,0,0,0,0,0,0,0
1497101,0,0,0,0,0,0,1
1497410,1,0,0,0,0,0,1
1497432,1,1,1,0,0,0,1
1498701,1,0,0,0,0,0,0
1500281,1,0,0,0,0,0,1
1501307,0,0,0,0,0,0,0
1503988,0,0,0,0,0,0,0
1504297,0,0,0,0,0,0,0
1504606,0,0,0,0,0,0,0
1504628,0,0,0,0,0,0,0
1504646,0,0,0,0,0,0,1
1507477,0,0,0,0,0,0,0
1508503,0,0,0,0,0,0,0
1511184,0,0,0,0,0,0,0
1511493,0,0,0,0,0,0,0
1511828,0,0,0,0,0,0,0
1511846,0,0,0,0,0,0,0
1512876,0,0,0,0,0,0,1
1514673,0,0,0,0,0,0,0
1514717,0,0,0,0,0,0,1
1515695,0,0,0,0,0,0,0
1516794,0,0,0,0,0,0,1
1518372,0,0,0,0,0,0,0
1518681,0,0,0,0,0,0,0
1520072,0,0,0,0,0,0,0
1520234,0,0,0,0,0,0,1
1521120,1,0,0,0,0,0,1
1521237,0,0,0,0,0,0,1
1521640,0,0,0,0,0,0,1
1521969,1,0,0,0,0,0,1
1522449,0,0,0,0,0,0,1
1522875,0,0,0,0,0,0,0
1525556,0,0,0,0,0,0,0
1526469,1,0,0,0,0,0,1
1527422,1,0,0,0,0,0,0
1528594,0,0,0,0,0,0,1
1528832,1,0,0,0,0,0,0
1529161,1,0,0,0,0,0,0
1529733,0,0,0,0,0,0,1
1530067,1,0,0,0,0,0,0
1531021,1,0,0,0,0,0,1
1532003,1,1,1,0,0,0,1
1532740,1,0,0,0,0,0,0
1533653,0,0,0,0,0,0,0
1534463,1,1,1,0,0,1,1
1534529,1,1,0,0,0,1,1
1535391,0,0,0,0,0,0,1
1535770,1,1,1,0,0,1,0
1536008,1,0,0,0,0,0,0
1538117,0,0,0,0,0,0,1
1538517,0,0,0,0,0,0,1
1538827,0,0,0,0,0,0,1
1539924,0,0,0,0,0,0,0
1540284,0,0,0,0,0,0,1
1542028,1,0,0,0,0,0,1
1542264,0,0,0,0,0,0,1
1542958,1,1,1,0,0,0,0
1543072,0,0,0,0,0,0,1
1545305,1,0,0,0,0,0,0
1545705,0,0,0,0,0,0,0
1546015,0,0,0,0,0,0,0
1546349,0,0,0,0,0,0,1
1547472,1,1,1,0,0,0,0
1548808,0,0,0,0,0,0,1
1549000,0,0,0,0,0,0,1
1549161,0,0,0,0,0,0,1
1550142,0,0,0,0,0,0,0
1553211,0,0,0,0,0,0,0
1553545,0,0,0,0,0,0,0
1556008,0,0,0,0,0,0,0
1556200,0,0,0,0,0,0,0
1556361,0,0,0,0,0,0,0
1557152,0,0,0,0,0,0,1
1557217,0,0,0,0,0,0,1
1557334,0,0,0,0,0,0,0
1557596,0,0,0,0,0,0,1
1558213,0,0,0,0,0,0,1
1559985,0,0,0,0,0,0,1
1560391,0,0,0,0,0,0,0
1560725,0,0,0,0,0,0,0
1560741,0,0,0,0,0,0,1
1561173,0,0,0,0,0,0,1
1561213,0,0,0,0,0,0,1
1561621,0,0,0,0,0,0,1
1562621,0,0,0,0,0,0,1
1563168,0,0,0,0,0,0,0
1563981,0,0,0,0,0,0,1
1564506,0,0,0,0,0,0,0
1564768,0,0,0,0,0,0,0
1564785,0,0,0,0,0,0,1
1565624,0,0,0,0,0,0,1
1566145,0,0,0,0,0,0,1
1567559,0,0,0,0,0,0,0
1568805,0,0,0,0,0,0,0
1570356,0,0,0,0,0,0,0
1571698,0,0,0,0,0,0,0
1572824,0,0,0,0,0,0,0
1573345,0,0,0,0,0,0,0
1574759,0,0,0,0,0,0,0
1576005,0,0,0,0,0,0,0
1576308,0,0,0,0,0,0,1
1576976,0,0,0,0,0,0,1
1578604,0,0,0,0,0,0,1
1578890,0,0,0,0,0,0,0
1579177,0,0,0,0,0,0,1
1580012,0,0,0,0,0,0,0
1580533,0,0,0,0,0,0,0
1580869,0,0,0,0,0,0,1
1581152,0,0,0,0,0,0,1
1581216,0,0,0,0,0,0,1
1581717,0,0,0,0,0,0,1
1581931,0,0,0,0,0,0,0
1584924,0,0,0,0,0,0,1
1586074,0,0,0,0,0,0,0
1587774,1,0,0,0,0,0,1
1588061,0,0,0,0,0,0,0
1588344,0,0,0,0,0,0,0
1588913,0,0,0,0,0,0,0
1589127,1,0,0,0,0,0,0
1592120,1,0,0,0,0,0,0
1594974,0,0,0,0,0,0,0
1595261,0,0,0,0,0,0,0
1595544,0,0,0,0,0,0,0
1595851,0,0,0,0,0,0,1
1596109,0,0,0,0,0,0,0
1599320,0,0,0,0,0,0,0
1602174,0,0,0,0,0,0,0
1602313,0,0,0,0,0,0,1
1602457,0,0,0,0,0,0,0
1602738,0,0,0,0,0,0,1
1602740,0,0,0,0,0,0,0
1603043,0,0,0,0,0,0,0
1603641,0,0,0,0,0,0,1
1604955,1,0,0,0,0,0,1
1606508,0,0,0,0,0,0,0
1609505,0,0,0,0,0,0,0
1609934,0,0,0,0,0,0,0
1609936,0,0,0,0,0,0,0
1610841,0,0,0,0,0,0,0
1611869,1,0,0,0,0,0,1
1612151,0,0,0,0,0,0,0
1612965,0,0,0,0,0,0,1
1613700,0,0,0,0,0,0,0
1616697,0,0,0,0,0,0,0
1617126,0,0,0,0,0,0,0
1617128,0,0,0,0,0,0,0
1618800,0,0,0,0,0,0,1
1619347,0,0,0,0,0,0,0
1620161,0,0,0,0,0,0,0
1620896,0,0,0,0,0,0,0
1623316,1,0,0,0,0,0,1
1623889,0,0,0,0,0,0,0
1624318,0,0,0,0,0,0,0
1624529,0,0,0,0,0,0,1
1625005,0,0,0,0,0,0,1
1625988,0,0,0,0,0,0,0
1626535,0,0,0,0,0,0,0
1627349,0,0,0,0,0,0,0
1627825,0,0,0,0,0,0,1
1628658,1,0,0,0,0,0,1
1628825,0,0,0,0,0,0,1
1629852,0,0,0,0,0,0,1
1630397,0,0,0,0,0,0,1
1630488,0,0,0,0,0,0,0
1632429,0,0,0,0,0,0,1
1632592,0,0,0,0,0,0,1
1633719,1,0,0,0,0,0,0
1635469,1,1,1,0,0,0,1
1635846,1,0,0,0,0,0,0
1637044,0,0,0,0,0,0,0
1639629,0,0,0,0,0,0,0
1639792,1,1,1,0,0,0,0
1640919,1,0,0,0,0,0,0
1642669,0,0,0,0,0,0,0
1643046,0,0,0,0,0,0,0
1643136,1,0,0,0,0,0,1
1644240,1,0,0,0,0,0,0
1646129,1,0,0,0,0,0,1
1646604,1,1,1,0,0,0,1
1646772,1,1,1,0,0,0,1
1647582,1,0,0,0,0,0,1
1647841,0,0,0,0,0,0,1
1648103,1,1,1,1,0,0,0
1649056,1,0,0,0,0,0,1
1649849,1,1,1,1,0,0,0
1652338,1,1,1,0,0,0,1
1653968,1,0,0,0,0,0,0
1655041,1,0,0,0,0,0,0
1655228,1,0,0,0,0,0,1
1655299,1,0,0,0,0,0,0
1656086,1,0,0,0,0,0,1
1657045,1,0,0,0,0,0,0
1658214,1,0,0,0,0,0,1
1660037,0,0,0,0,0,0,1
1661085,1,1,1,1,0,0,1
1661156,1,1,1,0,0,0,0
1661848,0,0,0,0,0,0,1
1662416,1,1,1,0,0,0,0
1662487,1,1,0,0,0,0,0
1662915,0,0,0,0,0,0,1
1665406,1,1,0,0,0,0,0
1667229,0,0,0,0,0,0,0
1668277,0,0,0,0,0,0,0
1669044,0,0,0,0,0,0,0
1669612,0,0,0,0,0,0,0
1670115,0,0,0,0,0,0,0
1672606,0,0,0,0,0,0,0
1673659,0,0,0,0,0,0,1
1674425,1,1,1,0,0,0,0
1675473,0,0,0,0,0,0,0
1676240,0,0,0,0,0,0,0
1676808,0,0,0,0,0,0,0
1678822,1,0,0,0,0,0,1
1679756,1,1,1,0,0,0,1
1680689,1,1,1,0,0,0,1
1680851,1,1,1,0,0,0,0
1681302,0,0,0,0,0,0,1
1682044,1,0,0,0,0,0,1
1682661,1,1,1,0,0,0,0
1684000,1,1,0,0,0,0,0
1684431,0,0,0,0,0,0,1
1686805,1,0,0,0,0,0,1
1687325,1,0,0,0,0,0,1
1687946,1,0,0,0,0,0,1
1689240,0,0,0,0,0,0,0
1691200,0,0,0,0,0,0,0
1691560,1,0,0,0,0,0,1
1691627,1,1,1,0,0,0,0
1694001,0,0,0,0,0,0,0
1694045,0,0,0,0,0,0,1
1694517,1,1,0,0,0,0,0
1695138,1,1,1,0,0,0,0
1697102,1,0,0,0,0,0,1
1697413,1,1,1,1,1,1,0
1698080,0,0,0,0,0,0,1
1698384,1,1,1,1,0,0,0
1698815,0,0,0,0,0,0,0
1699314,1,0,0,0,0,0,1
1700389,1,1,0,0,0,0,1
1701826,0,0,0,0,0,0,1
1702352,1,1,1,1,1,1,0
1704605,1,1,0,0,0,0,0
1705580,1,0,0,0,0,0,0
1706011,0,0,0,0,0,0,0
1706772,1,0,0,0,0,0,1
1707585,1,0,0,0,0,0,0
1708135,0,0,0,0,0,0,1
1709018,0,0,0,0,0,0,0
1709544,0,0,0,0,0,0,0
1711002,1,0,0,0,0,0,1
1711793,1,0,0,0,0,0,0
1713968,0,0,0,0,0,0,0
1714472,1,1,1,0,0,1,1
1714777,1,0,0,0,0,0,0
1715326,1,0,0,0,0,0,1
1715327,1,0,0,0,0,0,0
1716377,1,0,0,0,0,0,1
1717641,1,0,0,0,0,0,1
1718839,0,0,0,0,0,0,1
1720204,1,0,0,0,0,0,1
1721156,1,0,0,0,0,0,0
1721801,1,0,0,0,0,0,1
1721820,0,0,0,0,0,0,1
1722321,0,0,0,0,0,0,1
1722510,1,0,0,0,0,0,0
1722866,0,0,0,0,0,0,1
1723561,1,0,0,0,0,0,0
1724012,1,0,0,0,0,0,1
1724293,0,0,0,0,0,0,1
1724532,0,0,0,0,0,0,1
1724598,0,0,0,0,0,0,1
1725122,0,0,0,0,0,0,1
1726007,1,0,0,0,0,0,0
1729000,0,0,0,0,0,0,0
1730753,0,0,0,0,0,0,0
1731032,1,1,1,1,1,1,0
1731076,0,0,0,0,0,0,1
1731481,0,0,0,0,0,0,0
1731720,0,0,0,0,0,0,0
1732077,0,0,0,0,0,0,1
1732310,0,0,0,0,0,0,0
1733195,0,0,0,0,0,0,0
1733478,1,0,0,0,0,0,1
1734097,1,0,0,0,0,0,1
1735821,1,0,0,0,0,0,1
1735869,1,1,1,0,0,0,1
1736054,1,1,1,0,0,0,1
1736072,1,1,1,0,0,1,1
1736287,1,1,0,0,0,1,1
1737913,1,0,0,0,0,0,1
1737914,1,0,0,0,0,0,1
1738794,1,1,0,0,0,0,1
1738888,1,1,1,0,0,0,0
1740296,1,1,0,0,0,0,1
1740968,1,0,0,0,0,0,1
1741058,1,0,0,0,0,0,1
1743049,1,1,0,0,0,0,0
1743064,1,1,1,1,1,1,0
1743471,1,1,0,0,0,0,0
1744137,1,1,1,1,0,0,1
1744516,1,0,0,0,0,0,1
1747059,1,0,0,0,0,0,1
1747748,1,1,1,0,0,1,1
1748059,0,0,0,0,0,0,1
1748103,0,0,0,0,0,0,1
1748148,1,1,1,0,0,0,0
1748238,1,1,1,0,0,0,0
1748501,1,0,0,0,0,0,1
1751039,0,0,0,0,0,0,1
1751321,1,0,0,0,0,0,0
1751344,0,0,0,0,0,0,1
1754936,0,0,0,0,0,0,0
1755438,0,0,0,0,0,0,0
1755701,0,0,0,0,0,0,0
1758239,0,0,0,0,0,0,0
1758521,0,0,0,0,0,0,0
1758544,0,0,0,0,0,0,0
1762113,0,0,0,0,0,0,1
1762132,0,0,0,0,0,0,0
1762517,1,0,0,0,0,0,1
1762561,0,0,0,0,0,0,1
1762626,1,0,0,0,0,0,0
1763247,0,0,0,0,0,0,1
1763721,1,0,0,0,0,0,1
1763865,1,0,0,0,0,0,1
1764267,1,0,0,0,0,0,1
1764888,0,0,0,0,0,0,1
1765029,1,0,0,0,0,0,1
1766176,1,0,0,0,0,0,1
1766220,0,0,0,0,0,0,1
1766409,1,0,0,0,0,0,1
1767027,1,0,0,0,0,0,1
1767069,1,0,0,0,0,0,1
1769296,1,1,1,0,0,1,0
1769798,1,1,0,0,0,1,0
1771474,1,0,0,0,0,0,1
1772332,1,0,0,0,0,0,1
1773412,1,1,1,0,0,1,0
1773601,1,1,1,0,0,1,0
1774219,1,1,1,0,0,0,0
1774261,1,1,1,0,0,0,0
1775600,1,1,1,1,1,1,0
1776560,1,1,1,0,0,0,1
1777585,0,0,0,0,0,0,1
1777796,1,0,0,0,0,0,1
1777840,0,0,0,0,0,0,1
1778368,1,0,0,0,0,0,1
1778650,1,1,1,0,0,0,0
1779724,1,1,1,0,0,0,1
1779768,0,0,0,0,0,0,1
1780345,1,1,1,0,0,0,1
1780362,1,0,0,0,0,0,1
1781391,1,1,0,0,0,0,0
1781604,1,1,1,1,1,1,0
1783182,1,1,1,1,0,0,1
1783755,1,0,0,0,0,0,1
1784420,1,1,1,1,1,1,0
1784753,1,1,1,0,0,1,0
1786049,1,1,1,0,0,0,1
1786929,1,0,0,0,0,0,1
1788270,1,1,1,0,0,1,1
1788796,1,1,1,0,0,1,0
1790951,1,1,1,0,0,0,0
1791616,1,1,1,0,0,1,0
1793249,1,1,1,0,0,0,0
1794129,1,1,1,0,0,0,0
1795400,1,1,1,1,1,1,0
1795466,1,1,1,0,0,0,0
1795653,1,0,0,0,0,0,1
1798147,0,0,0,0,0,0,0
1798812,1,1,1,0,0,1,0
1798956,1,1,1,0,0,0,1
1800441,1,1,1,0,0,0,0
1800840,1,0,0,0,0,0,1
1801513,0,0,0,0,0,0,1
1802658,1,1,1,0,0,0,0
1802845,1,1,1,0,0,0,0
1802987,1,1,1,0,0,0,1
1805452,1,1,1,1,0,0,1
1806148,1,1,1,0,0,0,0
1806308,0,0,0,0,0,0,1
1808709,1,1,1,0,0,0,0
1809854,0,0,0,0,0,0,0
1810041,1,1,1,0,0,0,0
1810183,1,1,1,0,0,0,0
1811042,0,0,0,0,0,0,1
1813344,1,1,0,0,0,1,0
1813504,1,1,1,0,0,0,0
1813745,1,1,1,1,1,1,0
1814002,1,1,1,1,1,1,0
1815606,1,0,0,0,0,0,1
1816752,1,0,0,0,0,0,1
1816849,1,1,1,1,0,0,1
1817225,1,1,1,0,0,0,0
1817367,1,1,1,0,0,1,0
1818205,0,0,0,0,0,0,1
1820335,1,1,1,0,0,0,1
1820524,1,1,1,1,0,0,0
1820708,1,1,1,0,0,0,1
1822312,1,0,0,0,0,0,1
1822790,1,1,1,0,0,0,0
1823867,1,1,1,0,0,0,1
1824413,1,1,1,0,0,0,0
1825397,1,1,0,0,0,0,0
1825584,1,1,1,1,1,1,0
1825795,1,0,0,0,0,0,1
1826341,1,1,1,1,1,1,0
1827733,0,0,0,0,0,0,1
1829500,1,1,1,0,0,0,0
1829978,1,1,1,1,0,0,0
1832784,0,0,0,0,0,0,0
1832995,0,0,0,0,0,0,0
1833541,1,1,1,0,0,0,0
1834933,1,1,1,0,0,1,0
1836700,0,0,0,0,0,0,0
1837178,1,0,0,0,0,0,0
1837393,1,1,1,1,1,1,0
1838153,0,0,0,0,0,0,1
1838993,1,0,0,0,0,0,1
1839562,1,1,1,0,0,0,1
1839821,0,0,0,0,0,0,1
1839964,1,0,0,0,0,0,0
1840175,1,1,1,0,0,1,0
1840413,1,0,0,0,0,0,1
1841294,1,0,0,0,0,0,1
1843160,1,1,1,0,0,0,1
1844477,1,1,1,1,1,1,0
1847164,1,1,1,0,0,0,0
1847375,0,0,0,0,0,0,0
1847613,0,0,0,0,0,0,0
1848494,0,0,0,0,0,0,0
1849379,1,0,0,0,0,0,1
1849948,0,0,0,0,0,0,1
1849996,1,0,0,0,0,0,1
1850423,1,0,0,0,0,0,1
1851304,1,0,0,0,0,0,1
1851661,1,0,0,0,0,0,0
1854805,1,0,0,0,0,0,0
1855686,0,0,0,0,0,0,0
1857196,1,1,0,0,0,0,0
1857623,1,1,1,0,0,0,0
1858504,1,1,1,0,0,0,0
1858861,1,1,0,0,0,0,0
1859316,1,0,0,0,0,0,1
1860391,1,1,1,1,1,1,0
1861997,1,1,0,0,0,0,0
1862878,1,1,0,0,0,0,0
1865704,1,1,1,0,0,0,0
1866061,1,1,0,0,0,0,0
1866516,1,1,1,0,0,0,0
1866823,1,0,0,0,0,0,1
1867657,0,0,0,0,0,0,1
1868876,0,0,0,0,0,0,1
1868997,0,0,0,0,0,0,1
1870070,0,0,0,0,0,0,0
1870715,0,0,0,0,0,0,1
1871001,1,0,0,0,0,0,1
1871184,1,0,0,0,0,0,1
1872212,1,0,0,0,0,0,1
1872217,1,0,0,0,0,0,1
1872253,0,0,0,0,0,0,1
1873692,0,0,0,0,0,0,0
1876449,1,0,0,0,0,0,1
1877258,1,1,1,0,0,1,0
1877903,1,1,1,0,0,0,0
1879408,0,0,0,0,0,0,0
1879453,0,0,0,0,0,0,0
1880892,0,0,0,0,0,0,0
1883649,1,1,1,0,0,0,0
1884458,1,1,1,0,0,1,0
1885103,1,1,1,0,0,1,0
1885581,1,0,0,0,0,0,1
1886463,1,0,0,0,0,0,1
1886600,1,1,1,0,0,0,0
1886645,1,0,0,0,0,0,0
1886765,1,0,0,0,0,0,1
1888080,1,1,1,1,0,0,0
1889033,1,0,0,0,0,0,1
1889388,1,0,0,0,0,0,1
1891642,1,1,1,0,0,0,0
1893655,1,1,0,0,0,0,0
1893965,1,0,0,0,0,0,0
1895280,1,1,1,0,0,0,0
1896233,1,1,0,0,0,0,0
1896588,1,1,1,0,0,0,0
1897184,0,0,0,0,0,0,1
1898476,1,0,0,0,0,0,1
1898834,0,0,0,0,0,0,0
1900052,0,0,0,0,0,0,1
1900146,0,0,0,0,0,0,1
1900839,1,1,1,0,0,1,0
1901149,1,1,1,0,0,0,0
1902464,0,0,0,0,0,0,0
1903417,1,0,0,0,0,0,0
1905165,0,0,0,0,0,0,1
1906963,0,0,0,0,0,0,1
1907244,0,0,0,0,0,0,0
1907338,0,0,0,0,0,0,0
1907527,0,0,0,0,0,0,1
1908341,0,0,0,0,0,0,0
1909656,0,0,0,0,0,0,0
1909891,1,0,0,0,0,0,1
1912357,0,0,0,0,0,0,0
1912956,0,0,0,0,0,0,1
1913625,1,0,0,0,0,0,1
1914432,0,0,0,0,0,0,0
1914526,1,1,1,0,0,1,0
1915026,0,0,0,0,0,0,1
1916652,1,0,0,0,0,0,1
1917083,0,0,0,0,0,0,0
1919529,1,0,0,0,0,0,1
1919545,0,0,0,0,0,0,0
1920144,0,0,0,0,0,0,0
1921025,1,0,0,0,0,0,1
1921313,1,0,0,0,0,0,1
1922218,1,1,1,0,0,1,0
1922695,1,1,1,1,0,0,1
1922761,0,0,0,0,0,0,1
1923836,0,0,0,0,0,0,0
1923909,1,0,0,0,0,0,1
1923950,1,0,0,0,0,0,1
1924569,1,0,0,0,0,0,1
1926940,1,1,1,0,0,0,1
1926961,1,1,1,0,0,0,1
1927320,1,0,0,0,0,0,0
1929883,1,0,0,0,0,0,0
1930815,1,0,0,0,0,0,1
1931101,1,1,1,0,0,0,0
1931142,1,1,1,0,0,0,0
1931332,1,0,0,0,0,0,1
1932237,1,1,1,0,0,1,1
1932500,0,0,0,0,0,0,1
1933381,1,0,0,0,0,0,1
1933425,0,0,0,0,0,0,1
1934116,1,0,0,0,0,0,0
1934210,1,1,0,0,0,0,1
1934953,0,0,0,0,0,0,1
1935357,0,0,0,0,0,0,1
1935401,0,0,0,0,0,0,1
1935488,1,0,0,0,0,0,1
1935942,1,0,0,0,0,0,1
1936970,0,0,0,0,0,0,1
1937280,0,0,0,0,0,0,1
1937634,1,0,0,0,0,0,1
1937967,1,1,0,0,0,1,0
1940436,1,0,0,0,0,0,1
1940597,1,0,0,0,0,0,0
1942275,1,0,0,0,0,0,1
1942585,1,1,0,0,0,0,0
1942672,1,1,1,0,0,0,0
1943245,0,0,0,0,0,0,1
1944826,1,0,0,0,0,0,0
1944943,1,0,0,0,0,0,1
1947628,1,1,0,0,0,0,0
1949135,1,0,0,0,0,0,1
1949781,1,1,0,0,0,0,0
1949868,1,1,1,0,0,0,0
1950441,1,1,0,0,0,0,0
1951017,1,0,0,0,0,0,1
1952018,1,1,1,0,0,0,0
1953935,1,1,0,0,0,0,1
1954820,1,1,0,0,0,0,0
1956495,1,1,1,1,1,1,0
1957064,1,1,0,0,0,0,0
1957112,0,0,0,0,0,0,1
1957633,1,1,0,0,0,0,0
1958209,1,1,0,0,0,0,0
1959210,1,1,0,0,0,0,0
1963072,0,0,0,0,0,0,1
1963691,0,0,0,0,0,0,0
1963735,0,0,0,0,0,0,1
1964256,0,0,0,0,0,0,0
1964829,0,0,0,0,0,0,0
1965405,0,0,0,0,0,0,0
1965808,1,0,0,0,0,0,1
1966402,1,1,1,0,0,1,0
1967313,1,0,0,0,0,0,1
1970931,1,1,1,0,0,1,0
1971452,1,1,1,0,0,1,0
1972025,1,1,1,0,0,1,0
1973008,1,1,1,0,0,0,0
1973602,1,1,0,0,0,0,0
1974032,1,0,0,0,0,0,1
1974509,1,1,1,0,0,0,0
1975820,1,1,1,0,0,1,1
1977333,1,0,0,0,0,0,1
1978119,1,1,0,0,0,1,0
1979217,1,1,1,0,0,1,0
1980057,1,0,0,0,0,0,1
1980794,1,1,1,0,0,1,0
1981224,1,1,1,0,0,1,0
1982949,1,1,0,0,0,0,1
1983012,1,1,0,0,0,0,0
1983058,0,0,0,0,0,0,1
1984256,1,0,0,0,0,0,1
1985307,1,1,0,0,0,1,0
1986405,1,1,1,0,0,1,0
1988610,1,1,1,0,0,0,1
1990145,1,1,1,0,0,0,0
1990208,1,1,1,0,0,0,0
1990708,0,0,0,0,0,0,1
1990752,0,0,0,0,0,0,1
1991448,1,1,0,0,0,0,0
1992499,1,1,1,0,0,0,0
1993597,1,1,0,0,0,0,0
1995802,1,1,1,0,0,0,0
1996495,1,1,1,0,0,0,1
1996729,1,1,1,0,0,0,1
1997329,1,1,0,0,0,0,0
1997944,1,1,0,0,0,0,0
1998591,1,1,0,0,0,0,1
1998636,1,1,1,0,0,0,0
2002998,0,0,0,0,0,0,0
2003929,0,0,0,0,0,0,0
2003973,0,0,0,0,0,0,1
2004525,1,0,0,0,0,0,0
2004904,0,0,0,0,0,0,1
2005041,1,0,0,0,0,0,1
2005132,1,0,0,0,0,0,0
2005779,1,1,0,0,0,0,0
2010190,1,1,0,0,0,0,0
2011725,1,1,1,1,0,0,0
2012104,1,1,1,0,0,0,0
2012241,1,1,1,0,0,0,0
2012285,0,0,0,0,0,0,1
2012328,1,1,1,1,0,0,0
2012975,1,1,1,1,0,0,0
2013213,1,1,1,1,1,1,0
2017382,1,1,1,0,0,0,0
2019300,1,1,1,0,0,0,0
2019485,1,1,1,0,0,0,0
2019528,1,1,1,0,0,0,0
2020175,1,1,1,0,0,0,0
2020413,1,1,0,0,0,0,0
2024582,1,1,0,0,0,0,0
2026500,1,1,1,1,0,0,0
2026685,1,1,1,0,0,0,0
2026728,1,1,0,0,0,0,0
2027375,1,1,1,0,0,1,0
2027613,1,1,0,0,0,0,0
2031782,1,1,1,0,0,0,0
2033700,1,1,1,0,0,1,0
2033885,1,1,0,0,0,1,0
2033928,1,1,0,0,0,0,0
2034575,1,1,1,0,0,1,0
2034813,1,1,0,0,0,0,0
2038982,1,1,0,0,0,0,0
2040900,1,1,0,0,0,0,0
2041085,1,1,1,0,0,0,0
2041128,1,1,0,0,0,0,0
2041775,1,1,1,0,0,0,0
2042013,1,1,0,0,0,0,0
2042632,1,0,0,0,0,0,1
2043995,1,0,0,0,0,0,1
2045553,1,0,0,0,0,0,1
2046170,1,1,1,0,0,0,0
2046335,1,1,1,1,1,1,0
2048273,1,1,1,0,0,1,0
2048316,1,1,1,0,0,0,0
2049828,1,1,0,0,0,0,0
2052753,1,1,1,1,0,0,0
2052792,1,1,1,0,0,1,1
2052887,1,1,1,1,1,1,0
2053362,1,1,1,0,0,0,0
2054580,0,0,0,0,0,0,1
2054624,0,0,0,0,0,0,1
2054670,0,0,0,0,0,0,1
2055457,1,0,0,0,0,0,0
2057016,1,1,1,0,0,1,0
2059122,1,0,0,0,0,0,1
2059937,1,1,1,0,0,0,0
2060075,1,1,1,0,0,0,0
2061293,0,0,0,0,0,0,1
2061816,0,0,0,0,0,0,0
2062873,1,1,1,0,0,1,1
2063083,1,0,0,0,0,0,1
2063221,1,1,1,0,0,1,1
2064204,1,1,1,0,0,1,0
2065112,1,0,0,0,0,0,1
2066306,1,1,1,0,0,0,0
2066568,0,0,0,0,0,0,1
2068484,1,1,1,0,0,0,1
2069004,1,1,1,0,0,0,0
2070061,1,1,0,0,0,0,0
2070271,1,1,1,0,0,1,0
2070409,1,1,1,0,0,1,0
2073236,1,1,1,0,0,0,1
2073498,1,1,1,0,0,1,0
2075680,1,1,1,0,0,1,0
2075696,1,1,1,0,0,0,1
2077257,1,1,0,0,0,0,0
2077467,1,1,1,0,0,0,0
2077605,1,1,1,0,0,0,0
2080698,1,1,1,0,0,0,0
2081198,0,0,0,0,0,0,1
2082876,1,1,1,0,0,0,0
2082892,1,1,0,0,0,0,0
2084453,1,1,0,0,0,0,0
2084663,1,1,0,0,0,0,0
2084801,1,1,0,0,0,0,0
2087559,1,0,0,0,0,0,1
2088394,1,1,1,0,0,0,0
2088940,1,1,1,0,0,0,1
2090068,1,1,1,0,0,0,0
2091649,1,1,1,0,0,0,0
2092001,1,1,0,0,0,0,0
2092433,0,0,0,0,0,0,1
2093385,0,0,0,0,0,0,1
2093577,0,0,0,0,0,0,1
2093981,0,0,0,0,0,0,1
2094743,1,1,1,0,0,1,0
2095578,1,0,0,0,0,0,0
2096124,1,1,1,1,0,0,0
2096387,1,1,1,0,0,0,1
2097248,1,1,0,0,0,0,0
2097433,1,0,0,0,0,0,1
2097572,1,0,0,0,0,0,1
2097643,0,0,0,0,0,0,1
2101169,1,1,0,0,0,0,0
2102770,0,0,0,0,0,0,0
2104448,0,0,0,0,0,0,0
2104633,0,0,0,0,0,0,0
2104772,0,0,0,0,0,0,0
2104843,0,0,0,0,0,0,0
2108369,0,0,0,0,0,0,0
2109970,0,0,0,0,0,0,0
2111648,0,0,0,0,0,0,0
2111833,0,0,0,0,0,0,0
2111972,0,0,0,0,0,0,0
2112043,0,0,0,0,0,0,0
2115569,0,0,0,0,0,0,0
2115613,0,0,0,0,0,0,1
2117166,0,0,0,0,0,0,0
2118844,0,0,0,0,0,0,0
2119029,0,0,0,0,0,0,0
2119168,0,0,0,0,0,0,0
2119239,0,0,0,0,0,0,0
2122813,0,0,0,0,0,0,0
2124172,0,0,0,0,0,0,1
2124317,0,0,0,0,0,0,1
2124358,0,0,0,0,0,0,0
2124544,0,0,0,0,0,0,1
2125813,0,0,0,0,0,0,1
2126028,0,0,0,0,0,0,0
2126431,0,0,0,0,0,0,0
2127916,1,1,1,1,0,0,1
2127981,1,1,1,1,0,0,1
2128843,1,1,1,1,0,0,1
2129225,1,1,1,0,0,1,1
2131546,1,1,1,0,0,0,0
2131590,0,0,0,0,0,0,1
2131728,1,1,1,1,0,0,0
2133047,1,1,0,0,0,0,1
2134003,0,0,0,0,0,0,1
2135104,1,1,1,0,0,0,0
2135169,0,0,0,0,0,0,0
2135380,1,0,0,0,0,0,1
2136413,1,1,0,0,0,0,0
2138520,1,1,1,1,1,1,0
2138778,1,1,1,0,0,0,0
2138967,1,1,1,0,0,1,1
2141098,1,1,1,0,0,0,1
2142365,1,1,1,1,0,0,0
2142576,1,1,1,0,0,1,0
2142958,1,1,1,0,0,0,1
2143605,1,1,1,0,0,1,0
2144388,1,1,1,0,0,0,1
2144768,0,0,0,0,0,0,1
2144937,0,0,0,0,0,0,1
2145700,1,1,1,0,0,0,0
2145744,0,0,0,0,0,0,1
2146147,1,1,1,0,0,1,0
2147917,1,1,1,0,0,1,1
2148635,1,1,1,0,0,1,1
2149061,0,0,0,0,0,0,1
2150138,1,1,1,0,0,0,0
2151717,1,1,1,0,0,0,1
2151952,1,1,1,0,0,0,0
2151998,1,0,0,0,0,0,1
2152117,1,1,0,0,0,0,0
2152160,0,0,0,0,0,0,1
2152657,0,0,0,0,0,0,1
2152700,0,0,0,0,0,0,1
2152771,1,1,1,0,0,1,1
2154444,1,0,0,0,0,0,1
2155573,1,1,1,0,0,0,1
2155711,1,1,1,0,0,1,1
2156160,1,0,0,0,0,0,1
2157381,1,1,1,0,0,0,1
2157952,1,1,1,1,1,1,0
2159033,1,1,1,1,1,1,0
2159170,1,1,1,0,0,1,0
2159263,1,0,0,0,0,0,1
2159332,0,0,0,0,0,0,0
2159685,1,0,0,0,0,0,1
2160496,1,1,1,1,1,1,0
2160877,0,0,0,0,0,0,1
2160924,1,0,0,0,0,0,1
2162285,1,0,0,0,0,0,1
2162592,1,0,0,0,0,0,1
2163049,1,0,0,0,0,0,1
2163139,1,0,0,0,0,0,1
2163807,0,0,0,0,0,0,1
2164472,1,0,0,0,0,0,1
2164568,1,1,1,0,0,0,1
2164613,1,0,0,0,0,0,1
2164677,1,0,0,0,0,0,1
2166330,1,0,0,0,0,0,0
2166637,1,0,0,0,0,0,1
2166660,1,1,1,1,1,1,0
2166801,1,1,1,0,0,1,1
2168977,1,1,1,0,0,1,1
2169169,1,1,1,0,0,0,1
2169208,1,1,1,0,0,0,1
2170333,1,1,1,0,0,0,1
2170979,1,1,1,0,0,1,0
2171144,1,1,1,0,0,0,1
2171258,1,1,1,0,0,0,1
2175456,1,1,1,0,0,0,1
2176365,1,1,1,0,0,1,0
2176404,1,1,1,0,0,0,0
2177529,0,0,0,0,0,0,0
2178125,0,0,0,0,0,0,1
2178128,1,1,1,1,1,1,0
2178167,0,0,0,0,0,0,0
2178450,0,0,0,0,0,0,0
2178853,0,0,0,0,0,0,1
2181993,1,1,1,1,1,1,0
2182566,1,1,1,0,0,1,1
2183117,0,0,0,0,0,0,1
2183588,1,1,1,1,0,0,0
2184425,1,1,1,1,1,1,0
2185312,1,1,1,1,0,0,0
2185355,1,1,1,0,0,0,0
2185902,1,1,1,0,0,0,1
2186760,1,1,1,0,0,0,1
2186973,1,1,1,1,1,1,0
2187477,1,0,0,0,0,0,1
2189463,1,1,1,0,0,0,1
2189653,1,1,1,0,0,0,1
2189716,1,1,1,0,0,0,1
2190793,1,1,1,0,0,0,1
2191633,1,0,0,0,0,0,1
2192492,1,1,1,1,0,0,0
2193086,1,1,1,0,0,1,0
2194116,1,0,0,0,0,0,1
2196655,1,0,0,0,0,0,0
2196912,1,0,0,0,0,0,0
2197989,1,0,0,0,0,0,0
2198829,1,0,0,0,0,0,0
2200286,1,0,0,0,0,0,0
2200330,0,0,0,0,0,0,1
2201312,1,0,0,0,0,0,0
2203851,0,0,0,0,0,0,0
2204108,0,0,0,0,0,0,0
2204994,0,0,0,0,0,0,1
2205181,0,0,0,0,0,0,0
2206021,0,0,0,0,0,0,0
2206398,0,0,0,0,0,0,1
2206421,0,0,0,0,0,0,1
2207952,0,0,0,0,0,0,1
2207969,0,0,0,0,0,0,1
2209264,0,0,0,0,0,0,1
2209688,0,0,0,0,0,0,1
2211031,0,0,0,0,0,0,0
2212444,0,0,0,0,0,0,1
2213590,0,0,0,0,0,0,0
2213613,0,0,0,0,0,0,0
2213752,0,0,0,0,0,0,1
2214394,0,0,0,0,0,0,1
2214753,0,0,0,0,0,0,1
2215153,0,0,0,0,0,0,0
2215561,0,0,0,0,0,0,1
2216226,0,0,0,0,0,0,1
2216868,0,0,0,0,0,0,0
2218211,0,0,0,0,0,0,0
2220944,0,0,0,0,0,0,0
2220988,0,0,0,0,0,0,1
2222349,0,0,0,0,0,0,0
2222757,0,0,0,0,0,0,0
2223422,0,0,0,0,0,0,0
2224064,0,0,0,0,0,0,0
2224324,0,0,0,0,0,0,1
2225403,0,0,0,0,0,0,0
2228184,0,0,0,0,0,0,0
2228661,0,0,0,0,0,0,1
2229541,0,0,0,0,0,0,0
2229994,1,0,0,0,0,0,1
2231524,0,0,0,0,0,0,0
2232603,1,0,0,0,0,0,0
2233748,1,0,0,0,0,0,1
2234320,0,0,0,0,0,0,1
2234943,1,0,0,0,0,0,1
2235372,1,0,0,0,0,0,0
2235849,1,0,0,0,0,0,0
2236729,0,0,0,0,0,0,0
2236943,1,0,0,0,0,0,1
2237178,1,0,0,0,0,0,0
2237605,0,0,0,0,0,0,1
2238037,1,0,0,0,0,0,1
2239855,1,1,1,0,0,0,1
2240233,1,0,0,0,0,0,1
2241500,1,0,0,0,0,0,0
2241597,1,1,1,0,0,0,1
2241641,0,0,0,0,0,0,1
2241683,0,0,0,0,0,0,1
2242349,1,1,1,0,0,0,1
2242540,1,1,1,0,0,0,0
2243396,1,0,0,0,0,0,1
2243565,1,0,0,0,0,0,1
2244350,1,1,1,0,0,1,0
2244731,1,1,1,1,0,0,1
2245133,1,1,1,0,0,0,1
2245805,1,1,1,0,0,0,1
2246348,1,1,1,0,0,0,1
2246349,1,0,0,0,0,0,1
2248046,1,1,1,0,0,0,1
2248573,1,1,1,1,1,1,0
2248972,1,0,0,0,0,0,1
2249089,1,1,1,1,1,1,0
2249133,0,0,0,0,0,0,1
2249708,1,1,1,0,0,1,0
2249775,1,1,1,0,0,0,1
2250898,1,1,1,0,0,1,1
2251951,1,1,1,0,0,0,1
2252401,1,1,1,0,0,0,1
2252784,1,0,0,0,0,0,1
2253256,1,1,1,0,0,1,1
2255753,1,1,1,0,0,1,0
2258098,1,1,1,0,0,0,0
2259151,1,1,1,0,0,0,0
2259601,1,1,1,0,0,0,0
2259984,1,1,1,0,0,1,0
2260028,0,0,0,0,0,0,1
2260452,1,1,1,0,0,1,0
2262949,1,1,1,0,0,1,0
2265294,1,1,1,0,0,0,0
2266061,0,0,0,0,0,0,1
2266343,1,1,1,0,0,0,0
2266793,1,1,1,0,0,0,0
2267224,1,1,1,0,0,0,0
2267648,1,1,1,1,0,0,0
2269232,1,0,0,0,0,0,1
2270280,1,1,1,0,0,0,1
2270760,1,1,1,0,0,0,1
2272168,1,0,0,0,0,0,1
2272478,1,1,1,1,0,0,0
2273245,1,1,1,0,0,0,0
2273527,1,1,1,0,0,0,0
2273977,1,1,1,1,0,0,0
2274769,1,1,1,0,0,0,1
2275937,1,1,1,0,0,0,1
2277952,1,1,1,0,0,0,0
2278281,1,1,1,0,0,0,1
2278325,0,0,0,0,0,0,1
2279352,1,1,1,0,0,0,0
2279662,1,1,1,0,0,0,0
2280332,1,1,1,1,1,1,0
2280711,1,1,1,0,0,0,0
2281666,1,1,1,0,0,0,1
2281780,1,1,1,1,0,0,1
2281949,1,1,1,0,0,0,0
2282519,0,0,0,0,0,0,1
2282780,1,1,1,0,0,0,1
2283614,1,0,0,0,0,0,1
2284117,1,1,1,0,0,0,1
2285501,1,1,1,0,0,0,0
2285882,1,1,1,1,0,0,1
2288854,0,0,0,0,0,0,1
2288968,1,1,1,1,0,0,0
2289711,1,1,1,0,0,0,0
2289972,1,1,1,0,0,0,0
2290566,1,1,1,0,0,0,1
2290585,1,1,1,1,0,0,1
2291228,0,0,0,0,0,0,1
2291301,1,1,1,0,0,0,0
2296911,1,1,1,1,0,0,0
2297172,1,1,1,0,0,0,0
2297766,1,1,1,0,0,0,0
2297785,1,1,0,0,0,0,0
2298428,1,1,1,0,0,0,0
2298501,1,1,1,0,0,0,0
2299360,1,1,1,1,0,0,1
2299379,1,1,1,0,0,0,1
2302039,1,1,1,1,0,0,1
2304962,1,1,1,0,0,0,0
2304981,0,0,0,0,0,0,0
2305624,1,1,1,0,0,0,0
2305697,1,1,1,0,0,0,0
2306556,1,1,0,0,0,0,0
2307344,0,0,0,0,0,0,1
2309235,1,1,1,1,0,0,0
2309449,1,0,0,0,0,0,1
2310308,1,0,0,0,0,0,1
2310421,1,1,1,0,0,0,1
2311065,0,0,0,0,0,0,1
2311348,1,0,0,0,0,0,1
2312043,1,0,0,0,0,0,1
2312134,0,0,0,0,0,0,0
2312733,1,1,1,1,1,1,0
2312776,1,0,0,0,0,0,1
2312888,1,0,0,0,0,0,1
2313990,1,0,0,0,0,0,1
2314203,1,1,1,0,0,0,1
2314269,1,1,0,0,0,0,1
2314864,1,1,1,0,0,0,1
2315320,1,1,1,0,0,0,1
2317162,1,1,1,0,0,1,1
2318144,1,1,1,0,0,1,1
2318905,1,1,1,1,1,1,0
2319913,1,1,1,0,0,1,0
2320074,1,1,1,0,0,1,1
2321391,1,1,1,0,0,1,0
2322056,1,0,0,0,0,0,0
2325344,1,1,1,0,0,1,0
2326105,1,1,0,0,0,1,0
2327113,1,1,1,1,0,0,0
2327274,0,0,0,0,0,0,0
2328401,1,0,0,0,0,0,1
2328465,1,1,1,1,1,1,0
2328583,1,1,0,0,0,0,0
2329248,1,1,1,0,0,1,0
2329292,0,0,0,0,0,0,1
2330589,1,1,0,0,0,0,1
2330941,1,1,1,0,0,0,1
2331011,1,1,1,1,1,1,0
2331532,1,1,1,1,1,1,0
2332516,1,1,1,0,0,1,0
2332561,1,1,1,1,1,1,0
2332697,0,0,0,0,0,0,1
2333988,1,1,1,0,0,1,1
2334273,1,1,1,1,1,1,0
2334438,1,1,1,0,0,0,0
2334581,1,1,1,1,1,1,0
2335750,1,0,0,0,0,0,1
2336633,1,1,1,1,1,1,0
2336969,1,0,0,0,0,0,1
2337538,1,0,0,0,0,0,1
2338183,1,1,1,0,0,0,0
2338705,1,1,1,0,0,0,1
2339688,1,1,1,0,0,1,0
2340525,1,1,1,1,1,1,0
2341164,1,1,1,0,0,1,0
2341641,1,1,1,0,0,1,1
2344734,1,1,1,0,0,1,0
2345379,1,0,0,0,0,0,0
2345685,1,1,1,1,1,1,0
2346884,1,0,0,0,0,0,0
2347070,1,1,1,1,1,1,0
2347333,1,1,1,1,0,0,1
2348356,1,0,0,0,0,0,0
2348523,1,1,1,0,0,1,1
2349214,1,1,1,1,1,1,0
2350077,1,1,1,1,1,1,0
2350551,1,0,0,0,0,0,1
2351677,1,0,0,0,0,0,1
2352004,1,0,0,0,0,0,1
2352338,1,0,0,0,0,0,1
2352861,1,0,0,0,0,0,0
2353456,1,0,0,0,0,0,1
2354056,1,1,1,0,0,1,0
2354386,0,0,0,0,0,0,1
2355844,1,0,0,0,0,0,1
2357306,1,0,0,0,0,0,1
2357612,1,0,0,0,0,0,1
2357731,1,0,0,0,0,0,0
2358857,1,0,0,0,0,0,0
2358924,1,0,0,0,0,0,1
2359014,1,0,0,0,0,0,1
2359320,1,0,0,0,0,0,1
2359487,1,0,0,0,0,0,1
2360033,1,0,0,0,0,0,0
2361065,1,0,0,0,0,0,1
2361177,0,0,0,0,0,0,1
2361438,1,0,0,0,0,0,1
2361579,1,0,0,0,0,0,1
2361960,1,1,0,0,0,0,1
2362461,1,0,0,0,0,0,1
2362862,1,0,0,0,0,0,1
2362863,1,0,0,0,0,0,1
2363742,1,0,0,0,0,0,1
2364701,1,1,1,1,0,0,1
2366206,1,1,1,1,1,1,0
2366488,1,0,0,0,0,0,0
2368357,1,1,1,0,0,1,0
2368834,1,1,1,1,1,1,0
2369144,1,0,0,0,0,0,0
2369977,1,1,1,1,1,1,0
2370047,1,1,1,0,0,1,0
2371507,0,0,0,0,0,0,1
2371889,1,1,1,0,0,1,0
2372193,1,1,1,1,1,1,0
2373052,1,1,1,0,0,0,1
2374058,1,0,0,0,0,0,1
2374653,1,0,0,0,0,0,1
2375849,1,0,0,0,0,0,1
2376328,1,1,1,0,0,1,0
2377044,0,0,0,0,0,0,1
2378695,1,1,1,0,0,1,0
2378740,1,0,0,0,0,0,1
2378829,1,0,0,0,0,0,1
2379069,1,1,1,1,0,0,0
2379685,1,0,0,0,0,0,1
2380232,0,0,0,0,0,0,0
2380757,1,0,0,0,0,0,1
2381234,1,0,0,0,0,0,0
2384276,0,0,0,0,0,0,1
2385883,1,1,1,0,0,1,0
2385927,0,0,0,0,0,0,1
2385928,1,1,1,0,0,1,1
2386231,0,0,0,0,0,0,1
2386253,1,1,1,0,0,1,0
2386772,1,1,1,1,1,1,0
2386988,1,1,0,0,0,0,1
2387941,1,1,1,1,0,0,0
2388418,0,0,0,0,0,0,0
2388871,1,0,0,0,0,0,1
2389037,1,0,0,0,0,0,1
2389894,1,0,0,0,0,0,1
2389989,0,0,0,0,0,0,1
2393964,1,1,1,0,0,0,0
2394180,0,0,0,0,0,0,0
2395133,1,1,1,0,0,0,0
2395177,0,0,0,0,0,0,1
2396063,0,0,0,0,0,0,0
2396349,0,0,0,0,0,0,1
2397086,0,0,0,0,0,0,0
2397588,0,0,0,0,0,0,1
2397969,0,0,0,0,0,0,1
2399116,1,0,0,0,0,0,1
2400025,1,1,1,0,0,0,1
2401144,1,1,1,0,0,0,0
2402365,0,0,0,0,0,0,0
2403157,1,1,1,0,0,1,1
2403247,1,1,1,0,0,1,0
2404274,1,1,1,0,0,1,0
2406312,1,1,1,0,0,0,0
2406736,1,1,1,0,0,1,1
2408152,1,1,1,1,1,1,0
2409444,1,0,0,0,0,0,1
2409445,1,1,1,0,0,1,1
2409553,1,1,1,0,0,1,0
2409816,0,0,0,0,0,0,1
2410435,1,1,1,0,0,1,0
2411462,1,1,0,0,0,1,0
2413208,1,1,1,0,0,1,1
2413422,1,0,0,0,0,0,1
2413877,1,1,1,0,0,1,1
2414733,1,1,1,0,0,1,1
2414853,0,0,0,0,0,0,1
2416765,1,1,1,1,1,1,0
2416789,1,1,1,1,1,1,0
2417000,1,1,1,0,0,1,0
2417619,1,1,1,0,0,1,0
2420207,1,1,1,1,1,1,0
2420392,1,1,1,1,0,0,0
2420606,1,1,1,0,0,1,0
2423961,1,1,1,0,0,1,0
2423985,1,1,1,0,0,1,0
2424196,1,1,1,0,0,0,0
2427166,1,1,1,0,0,1,1
2427403,1,1,1,0,0,1,0
2427424,1,1,1,1,1,1,0
2427584,1,1,1,0,0,1,0
2430724,1,1,1,1,1,1,0
2431153,1,1,1,0,0,1,0
2431177,1,1,1,0,0,1,0
2434000,1,1,1,1,1,1,0
2434358,1,1,1,1,0,0,0
2434595,1,1,1,0,0,1,0
2434616,1,1,1,1,0,0,0
2435165,1,1,1,0,0,1,1
2435517,1,1,1,0,0,1,1
2436525,0,0,0,0,0,0,1
2436854,1,1,1,1,1,1,0
2437448,1,1,1,1,1,1,0
2437569,1,0,0,0,0,0,1
2437925,0,0,0,0,0,0,1
2438013,1,1,1,0,0,0,1
2439016,1,0,0,0,0,0,1
2439566,1,1,1,0,0,0,1
2439681,1,0,0,0,0,0,1
2439683,1,1,1,0,0,1,1
2441450,1,0,0,0,0,0,1
2441784,1,1,1,0,0,0,0
2443652,1,1,1,1,1,1,0
2443696,0,0,0,0,0,0,1
2445109,1,1,1,0,0,1,0
2446204,1,1,1,0,0,1,0
2446752,0,0,0,0,0,0,1
2446869,1,1,1,0,0,1,0
2446871,1,1,1,0,0,1,0
2448540,1,0,0,0,0,0,1
2448634,1,1,1,0,0,1,0
2449352,0,0,0,0,0,0,1
2449493,1,1,1,0,0,0,1
2449583,1,1,1,0,0,0,1
2450732,1,0,0,0,0,0,1
2450772,1,1,1,0,0,0,1
2452091,1,1,1,1,1,1,0
2453601,1,0,0,0,0,0,1
2454049,0,0,0,0,0,0,0
2454743,1,0,0,0,0,0,1
2455818,1,1,1,0,0,1,0
2457256,1,1,1,0,0,1,1
2457968,1,0,0,0,0,0,0
2458830,1,0,0,0,0,0,1
2460508,1,1,1,1,0,0,1
2460793,1,1,1,0,0,1,0
2460952,1,1,1,1,1,1,0
2461237,1,1,1,0,0,1,0
2461427,1,0,0,0,0,0,1
2462188,1,0,0,0,0,0,1
2462212,1,1,1,1,1,1,0
2463070,1,1,1,1,0,0,1
2463427,1,0,0,0,0,0,1
2463999,1,0,0,0,0,0,1
2464137,1,1,1,1,1,1,0
2464305,1,1,1,1,1,1,0
2464780,1,1,1,1,1,1,0
2465997,1,1,1,1,1,1,0
2469376,1,1,1,0,0,1,0
2470262,0,0,0,0,0,0,0
2471051,1,1,1,0,0,0,1
2471505,1,0,0,0,0,0,0
2471980,0,0,0,0,0,0,0
2473197,1,1,1,0,0,0,0
2476576,1,1,1,0,0,1,0
2477462,1,1,1,0,0,1,0
2478251,1,1,1,0,0,1,0
2478705,0,0,0,0,0,0,0
2478792,1,0,0,0,0,0,1
2479176,1,1,1,0,0,1,0
2479652,0,0,0,0,0,0,1
2480102,1,0,0,0,0,0,1
2480221,0,0,0,0,0,0,1
2480381,1,1,1,0,0,1,0
2481170,1,0,0,0,0,0,1
2482631,0,0,0,0,0,0,1
2483322,1,1,1,1,1,1,0
2484253,1,0,0,0,0,0,1
2485522,1,1,1,1,1,1,0
2485972,0,0,0,0,0,0,0
2486016,0,0,0,0,0,0,1
2486541,1,1,1,0,0,1,1
2486828,1,1,1,0,0,1,0
2487401,1,1,1,0,0,0,0
2487656,1,0,0,0,0,0,1
2488013,1,0,0,0,0,0,1
2489112,0,0,0,0,0,0,1
2489493,1,0,0,0,0,0,1
2489803,1,1,1,0,0,0,0
2489847,0,0,0,0,0,0,1
2490517,1,1,1,1,1,1,0
2491302,1,1,1,0,0,0,1
2494012,1,1,1,1,0,0,0
2494487,1,1,1,0,0,1,1
2494531,0,0,0,0,0,0,1
2494532,0,0,0,0,0,0,1
2494786,1,1,1,0,0,0,1
2496292,1,1,1,0,0,1,0
2496673,1,1,1,1,0,0,0
2497368,1,1,1,0,0,0,1
2497701,1,1,1,0,0,1,0
2497744,0,0,0,0,0,0,1
2498699,1,1,1,1,1,1,0
2499176,0,0,0,0,0,0,1
2501069,1,0,0,0,0,0,1
2501974,0,0,0,0,0,0,0
2502330,0,0,0,0,0,0,1
2503476,1,1,1,0,0,1,0
2503620,1,0,0,0,0,0,1
2503853,1,1,0,0,0,1,0
2504040,0,0,0,0,0,0,1
2504229,0,0,0,0,0,0,1
2505883,1,1,1,0,0,0,0
2507245,1,1,1,0,0,0,1
2508011,1,0,0,0,0,0,1
2508080,1,0,0,0,0,0,1
2508245,1,1,1,1,0,1,0
2509510,1,1,1,0,0,0,0
2509817,1,0,0,0,0,0,1
2510105,1,1,1,1,0,0,1
2510432,0,0,0,0,0,0,1
2510435,0,0,0,0,0,0,1
2511313,1,0,0,0,0,0,1
2511910,1,1,1,1,1,1,0
2512483,1,1,1,1,1,1,0
2512673,1,1,1,0,0,1,1
2513169,1,1,1,0,0,0,1
2513170,1,0,0,0,0,0,1
2514077,1,0,0,0,0,0,1
2514287,1,0,0,0,0,0,1
2515244,1,1,0,0,0,0,0
2515551,1,0,0,0,0,0,1
2515762,1,1,1,0,0,0,1
2515877,1,1,1,0,0,0,1
2517600,1,1,1,0,0,1,0
2518077,1,1,1,0,0,0,1
2519368,1,0,0,0,0,0,1
2520135,1,1,1,1,1,1,0
2521261,1,1,1,0,0,0,0
2522432,1,1,1,0,0,1,0
2522954,0,0,0,0,0,0,0
2524921,0,0,0,0,0,0,1
2525060,1,1,1,1,0,0,1
2525269,1,1,1,0,0,0,0
2526181,0,0,0,0,0,0,1
2526556,1,1,1,0,0,0,0
2527323,1,1,1,0,0,1,0
2527509,1,1,1,1,1,1,0
2527820,1,1,1,1,0,0,1
2528340,1,1,1,1,1,1,0
2529633,1,1,1,1,1,1,0
2529681,1,1,1,1,1,1,0
2529744,1,0,0,0,0,0,1
2530126,1,1,1,0,0,1,0
2531345,1,0,0,0,0,0,1
2531797,0,0,0,0,0,0,1
2531916,1,1,1,0,0,0,1
2532009,1,1,1,1,1,1,0
2533032,1,1,1,1,1,1,0
2534137,1,1,1,1,0,0,1
2534491,1,1,1,0,0,1,0
2536069,1,1,1,0,0,0,1
2537314,0,0,0,0,0,0,0
2538749,1,1,1,1,1,1,0
2539108,0,0,0,0,0,0,0
2539847,1,1,1,0,0,1,1
2540224,1,0,0,0,0,0,0
2541329,0,0,0,0,0,0,0
2541417,1,1,1,0,0,0,1
2542184,1,1,1,1,0,0,1
2542251,1,1,1,1,0,0,1
2544021,1,1,1,0,0,0,1
2544498,1,1,1,0,0,0,0
2544852,1,1,1,0,0,0,1
2545642,1,0,0,0,0,0,1
2546169,1,1,1,1,1,1,0
2546308,1,1,1,1,1,1,0
2546852,1,1,1,1,0,0,1
2547837,0,0,0,0,0,0,1
2547878,1,1,1,1,1,1,0
2548928,1,1,1,0,0,0,1
2549431,1,1,1,0,0,0,0
2549475,0,0,0,0,0,0,1
2550166,1,1,1,1,1,1,0
2551193,1,1,1,1,0,0,0
2552462,1,1,1,1,1,1,0
2552748,1,1,1,1,1,1,0
2553317,1,1,1,1,1,1,0
2554178,1,0,0,0,0,0,1
2555017,1,1,1,0,0,0,0
2556112,1,1,1,0,0,1,0
2556304,0,0,0,0,0,0,1
2556659,0,0,0,0,0,0,0
2557641,1,1,1,0,0,0,1
2558092,1,0,0,0,0,0,1
2560079,1,1,1,1,1,1,0
2560197,1,1,1,0,0,0,1
2560501,1,1,1,0,0,1,0
2561362,1,1,1,0,0,0,0
2563113,1,1,1,1,1,1,0
2563296,1,1,1,0,0,0,0
2564160,1,1,1,1,1,1,0
2565112,1,1,1,0,0,0,1
2565976,1,1,1,0,0,0,1
2566280,1,0,0,0,0,0,1
2567263,1,1,0,0,0,1,0
2567429,1,1,1,0,0,1,1
2567685,1,0,0,0,0,0,0
2567776,1,0,0,0,0,0,1
2567896,1,0,0,0,0,0,1
2568538,1,1,1,1,0,1,0
2568608,0,0,0,0,0,0,1
2570234,1,0,0,0,0,0,1
2570759,1,0,0,0,0,0,1
2571163,0,0,0,0,0,0,1
2571400,1,1,1,1,1,1,0
2571994,1,1,1,0,0,0,1
2571996,0,0,0,0,0,0,1
2574026,1,1,1,1,1,1,0
2574601,1,1,1,1,0,0,0
2574857,1,1,1,0,0,1,0
2574880,1,1,1,1,0,0,1
2574944,1,1,1,0,0,0,0
2578351,1,1,1,1,0,0,0
2580388,1,1,1,1,1,1,0
2581222,0,0,0,0,0,0,0
2581652,1,0,0,0,0,0,1
2581793,1,1,1,0,0,0,0
2582049,0,0,0,0,0,0,0
2582140,1,1,1,1,0,0,0
2582329,0,0,0,0,0,0,1
2582664,0,0,0,0,0,0,1
2582757,1,0,0,0,0,0,1
2583877,1,0,0,0,0,0,1
2584114,1,1,1,0,0,0,1
2584324,1,1,1,0,0,0,1
2584873,1,0,0,0,0,0,1
2585519,1,1,1,1,0,1,0
2585610,1,1,1,1,0,0,1
2586401,1,1,1,1,1,1,0
2587597,1,1,1,0,0,0,1
2588167,1,1,1,0,0,1,1
2588909,1,0,0,0,0,0,1
2589840,1,1,1,0,0,1,0
2590292,0,0,0,0,0,0,1
2591508,1,1,1,0,0,1,0
2592012,1,0,0,0,0,0,1
2592053,0,0,0,0,0,0,0
2592075,1,0,0,0,0,0,1
2592790,0,0,0,0,0,0,0
2594898,1,1,1,0,0,0,1
2596097,1,1,1,0,0,0,0
2598704,1,1,1,1,0,0,0
2599208,1,1,1,0,0,0,0
2599249,1,1,1,0,0,0,0
2599271,1,1,1,0,0,1,0
2600032,1,0,0,0,0,0,1
2600752,1,1,1,1,1,1,0
2600773,1,1,1,0,0,1,1
2602086,1,1,1,0,0,1,0
2603042,0,0,0,0,0,0,1
2604097,1,1,1,0,0,1,1
2604692,1,1,1,0,0,1,1
2604736,0,0,0,0,0,0,1
2604780,0,0,0,0,0,0,1
2605254,1,1,1,0,0,0,1
2606425,1,1,1,0,0,0,0
2606447,0,0,0,0,0,0,0
2606514,0,0,0,0,0,0,1
2606632,1,1,1,1,1,1,0
2607154,0,0,0,0,0,0,1
2607196,1,1,1,0,0,1,0
2608417,1,1,1,0,0,0,1
2608560,1,0,0,0,0,0,1
2609732,1,0,0,0,0,0,1
2609916,1,1,1,1,1,1,0
2611136,1,0,0,0,0,0,1
2611257,1,1,1,0,0,1,0
2612549,1,0,0,0,0,0,1
2612612,1,0,0,0,0,0,1
2612993,1,1,1,0,0,1,1
2613615,1,1,1,0,0,1,0
2613800,0,0,0,0,0,0,1
2614108,0,0,0,0,0,0,1
2614322,1,1,0,0,0,1,0
2615996,1,1,1,1,0,0,1
2616908,1,1,1,0,0,1,0
2618367,1,1,1,0,0,0,1
2618868,1,1,1,1,1,1,0
2619729,1,1,0,0,0,0,0
2620177,1,1,1,0,0,0,0
2620488,1,1,1,0,0,0,1
2621514,1,1,1,1,0,0,0
2622565,1,0,0,0,0,0,1
2622708,1,1,1,1,1,1,0
2623180,1,1,1,1,0,0,0
2623226,1,0,0,0,0,0,1
2624852,1,1,1,1,1,1,0
2625018,0,0,0,0,0,0,1
2625543,0,0,0,0,0,0,0
2626138,1,0,0,0,0,0,1
2626905,1,1,1,1,0,0,0
2626971,1,1,1,1,0,0,1
2627518,1,0,0,0,0,0,1
2628235,1,0,0,0,0,0,1
2629337,1,1,1,1,0,0,1
2629737,0,0,0,0,0,0,0
2629741,0,0,0,0,0,0,1
2629876,1,1,1,0,0,1,0
2630494,1,1,0,0,0,0,1
2631545,1,1,1,1,1,1,0
2632020,0,0,0,0,0,0,0
2632258,1,1,1,0,0,0,1
2632448,1,1,1,1,0,0,1
2633882,0,0,0,0,0,0,1
2634287,1,1,1,0,0,0,1
2634693,1,1,1,1,0,0,1
2636271,1,1,1,0,0,0,1
2636315,0,0,0,0,0,0,1
2636409,1,1,1,0,0,0,1
2636738,1,1,1,0,0,1,1
2637695,1,1,1,0,0,0,1
2638003,0,0,0,0,0,0,1
2638717,1,1,1,0,0,0,0
2638979,1,0,0,0,0,0,1
2639188,1,1,1,0,0,0,0
2639620,1,1,1,0,0,1,0
2640812,0,0,0,0,0,0,1
2643597,1,1,1,0,0,1,0
2643926,1,1,1,0,0,1,0
2643970,0,0,0,0,0,0,1
2645212,0,0,0,0,0,0,1
2645405,1,1,1,0,0,0,1
2645901,0,0,0,0,0,0,0
2645945,0,0,0,0,0,0,1
2646159,1,1,1,0,0,1,0
2646804,1,1,1,0,0,1,0
2647281,1,1,1,0,0,1,1
2648500,1,1,1,1,1,1,0
2650319,1,0,0,0,0,0,1
2651035,0,0,0,0,0,0,1
2651150,1,1,1,0,0,1,0
2652392,1,1,1,0,0,1,0
2653133,1,1,1,0,0,0,0
2654477,1,1,1,0,0,1,0
2655576,1,1,1,1,1,1,0
2656168,1,1,1,0,0,0,1
2656189,1,1,1,1,1,1,0
2656573,1,1,1,0,0,0,1
2656592,1,0,0,0,0,0,1
2656682,1,1,1,1,0,0,1
2657349,0,0,0,0,0,0,1
2658211,1,1,1,1,0,0,0
2659214,1,1,1,1,0,0,1
2659765,1,0,0,0,0,0,1
2659807,1,0,0,0,0,0,1
2659852,1,1,1,1,0,0,1
2660301,1,1,1,1,0,0,1
2661620,1,1,1,0,0,0,1
2661637,1,0,0,0,0,0,1
2662645,1,1,1,0,0,0,1
2662661,0,0,0,0,0,0,1
2662824,1,1,1,1,1,1,0
2663232,1,1,1,0,0,0,1
2664329,1,0,0,0,0,0,1
2664333,1,1,1,0,0,0,1
2664704,0,0,0,0,0,0,1
2666382,1,1,1,1,0,0,0
2666501,1,0,0,0,0,0,1
2666637,1,0,0,0,0,0,1
2666971,1,1,1,0,0,0,0
2667468,1,0,0,0,0,0,1
2667512,0,0,0,0,0,0,1
2667681,0,0,0,0,0,0,1
2668321,1,0,0,0,0,0,1
2669257,1,0,0,0,0,0,1
2669537,0,0,0,0,0,0,1
2669676,0,0,0,0,0,0,1
2670201,0,0,0,0,0,0,1
2670392,0,0,0,0,0,0,0
2670605,1,0,0,0,0,0,1
2672109,1,0,0,0,0,0,1
2672513,0,0,0,0,0,0,1
2673373,0,0,0,0,0,0,1
2673538,0,0,0,0,0,0,0
2673825,1,1,1,1,1,1,0
2674131,1,1,1,0,0,0,0
2674727,0,0,0,0,0,0,1
2676571,1,1,1,1,1,1,0
2676758,1,0,0,0,0,0,1
2676848,0,0,0,0,0,0,0
2677568,1,1,1,1,0,0,0
2678258,1,0,0,0,0,0,1
2678831,1,0,0,0,0,0,1
2679139,0,0,0,0,0,0,1
2679977,1,1,1,1,1,1,0
2680114,1,0,0,0,0,0,1
2680541,1,1,1,0,0,1,0
2680826,0,0,0,0,0,0,1
2682598,1,0,0,0,0,0,1
2684032,0,0,0,0,0,0,0
2684153,1,1,1,0,0,1,1
2684748,1,1,1,1,0,0,0
2686327,1,1,1,0,0,1,0
2686348,1,1,1,1,1,1,0
2686752,0,0,0,0,0,0,1
2687660,0,0,0,0,0,0,1
2687725,1,1,1,1,0,0,0
2689786,1,0,0,0,0,0,0
2691220,1,1,0,0,0,0,0
2691341,1,1,1,0,0,0,0
2691718,1,1,1,0,0,1,1
2693515,1,1,1,0,0,1,0
2693776,0,0,0,0,0,0,1
2694921,1,1,1,0,0,1,0
2695805,1,0,0,0,0,0,1
2696209,0,0,0,0,0,0,1
2697813,1,1,1,1,1,1,0
2698148,0,0,0,0,0,0,1
2698404,1,1,1,0,0,0,0
2698525,0,0,0,0,0,0,0
2698853,0,0,0,0,0,0,1
2698898,1,1,1,0,0,1,0
2699228,0,0,0,0,0,0,1
2699229,0,0,0,0,0,0,1
2700373,1,0,0,0,0,0,1
2700377,1,1,1,1,1,1,0
2700679,1,1,1,1,0,0,0
2700841,0,0,0,0,0,0,1
2701102,1,0,0,0,0,0,1
2701265,0,0,0,0,0,0,1
2701287,1,0,0,0,0,0,1
2701304,1,0,0,0,0,0,1
2701377,1,0,0,0,0,0,1
2704849,1,0,0,0,0,0,1
2705304,0,0,0,0,0,0,0
2707485,0,0,0,0,0,0,1
2707529,0,0,0,0,0,0,1
2708290,1,0,0,0,0,0,0
2708479,1,1,1,0,0,0,0
2708496,1,0,0,0,0,0,0
2710392,0,0,0,0,0,0,1
2710720,1,1,1,0,0,0,1
2712037,1,1,1,1,0,0,0
2714725,1,1,1,0,0,0,0
2715486,1,1,1,1,0,0,0
2715675,1,1,1,0,0,0,0
2715812,0,0,0,0,0,0,1
2716845,1,1,1,1,1,1,0
2717177,0,0,0,0,0,0,1
2717580,1,1,0,0,0,0,0
2718342,1,1,1,0,0,0,1
2718769,1,1,1,0,0,1,1
2719945,1,1,1,1,0,0,1
2720226,1,0,0,0,0,0,1
2720510,0,0,0,0,0,0,1
2720625,0,0,0,0,0,0,1
2722737,1,1,1,1,1,1,0
2722851,1,1,1,0,0,0,0
2722988,1,1,1,1,0,0,0
2723153,1,1,1,1,0,0,1
2724185,1,1,1,1,1,1,0
2724756,1,1,1,1,0,0,0
2726743,1,1,1,0,0,1,1
2727552,1,1,1,0,0,1,1
2727694,1,1,1,0,0,0,0
2728701,1,0,0,0,0,0,1
2730134,1,1,1,1,1,1,0
2730345,1,1,1,0,0,1,0
2731665,1,1,1,1,1,1,0
2731948,1,1,1,0,0,1,0
2733069,1,1,1,1,1,1,0
2733307,0,0,0,0,0,0,1
2734505,1,1,1,0,0,1,1
2734736,1,1,1,0,0,0,0
2737326,1,1,1,0,0,0,0
2739148,1,1,1,0,0,1,0
2739622,0,0,0,0,0,0,1
2740265,1,1,0,0,0,1,0
2740503,1,1,0,0,0,1,0
2741701,1,1,1,0,0,0,0
2741932,1,1,1,0,0,1,0
2743515,1,1,1,1,1,1,0
2743845,1,1,1,0,0,0,1
2743888,1,1,1,1,1,1,0
2744465,1,1,1,1,1,1,0
2746332,1,1,1,1,0,0,0
2746397,1,1,1,1,1,1,0
2746469,1,1,1,1,1,1,0
2746798,1,1,1,0,0,0,0
2750707,1,1,1,0,0,1,0
2751084,1,1,1,0,0,1,0
2753312,1,1,1,1,1,1,0
2753382,1,1,1,1,1,1,0
2753426,0,0,0,0,0,0,1
2753520,1,1,1,0,0,1,0
2753585,1,1,1,0,0,0,0
2753657,1,1,1,0,0,1,0
2753820,0,0,0,0,0,0,1
2756192,1,1,1,1,1,1,0
2756449,1,1,1,1,1,1,0
2756713,1,1,1,1,1,1,0
2756731,1,1,1,1,0,0,1
2758913,1,1,1,1,1,1,0
2759147,1,1,1,1,1,1,0
2759623,0,0,0,0,0,0,1
2760480,1,1,1,0,0,0,0
2760598,0,0,0,0,0,0,0
2761533,1,1,1,1,1,1,0
2762198,1,1,1,1,1,1,0
2763372,1,1,1,0,0,0,0
2763629,1,1,1,0,0,1,0
2765185,0,0,0,0,0,0,1
2766815,1,1,1,0,0,1,0
2767672,1,1,1,0,0,1,0
2767765,1,1,1,1,1,1,0
2768725,1,1,1,0,0,1,0
2769390,1,1,1,0,0,1,0
2770564,0,0,0,0,0,0,0
2774015,0,0,0,0,0,0,0
2774872,1,1,1,0,0,1,0
2774965,1,1,1,0,0,1,0
2775464,0,0,0,0,0,0,1
2775921,1,1,1,1,0,0,0
2776181,0,0,0,0,0,0,1
2776582,0,0,0,0,0,0,0
2777756,0,0,0,0,0,0,0
2778013,1,1,1,1,0,1,1
2778946,1,0,0,0,0,0,1
2780071,1,0,0,0,0,0,1
2780736,1,1,1,1,1,1,0
2780878,1,1,1,1,0,1,1
2782003,1,1,1,1,1,1,0
2782431,0,0,0,0,0,0,1
2782811,0,0,0,0,0,0,1
2783361,1,1,1,0,0,0,0
2784940,1,1,1,0,0,1,0
2785197,1,1,1,0,0,1,0
2787928,1,1,1,0,0,1,0
2788070,1,1,1,0,0,1,0
2790011,0,0,0,0,0,0,0
2790561,1,1,1,0,0,1,0
2791466,1,1,1,1,1,1,0
2792136,1,1,1,0,0,0,0
2792393,1,1,1,1,0,0,0
2793281,1,1,1,0,0,1,1
2793539,1,1,1,0,0,0,1
2795116,1,1,1,0,0,1,0
2795405,1,1,1,0,0,1,1
2795759,1,1,1,0,0,1,1
2797867,1,1,0,0,0,0,1
2798654,0,0,0,0,0,0,0
2799324,1,1,1,0,0,1,0
2799581,1,1,1,0,0,1,0
2801593,1,0,0,0,0,0,1
2801596,1,0,0,0,0,0,1
2802304,1,1,1,0,0,0,0
2802593,1,1,1,0,0,1,0
2802972,0,0,0,0,0,0,1
2804045,1,1,1,0,0,0,1
2804524,1,1,1,1,1,1,0
2804732,1,1,1,0,0,1,1
2805043,1,1,1,0,0,1,0
2805233,1,1,1,1,0,0,1
2805633,0,0,0,0,0,0,1
2805822,0,0,0,0,0,0,0
2806421,1,1,1,0,0,0,1
2807420,1,1,1,1,0,1,1
2808379,0,0,0,0,0,0,1
2809048,0,0,0,0,0,0,1
2810555,1,1,1,0,0,1,1
2812829,1,1,0,0,0,0,0
2813018,1,1,1,0,0,1,0
2813617,1,1,1,0,0,1,0
2813661,0,0,0,0,0,0,1
2814612,0,0,0,0,0,0,0
2816244,1,1,1,1,0,0,0
2816887,1,1,1,1,1,1,0
2817125,1,1,1,0,0,1,1
2817505,0,0,0,0,0,0,1
2817521,1,1,1,0,0,1,1
2818981,1,1,1,1,1,1,0
2820202,1,1,1,0,0,1,0
2820656,1,1,1,0,0,1,1
2821800,1,1,1,0,0,1,0
2822181,1,1,1,0,0,1,1
2822272,0,0,0,0,0,0,1
2822700,0,0,0,0,0,0,1
2823010,1,1,1,1,0,0,1
2824063,1,1,1,0,0,0,0
2824685,1,1,1,0,0,0,0
2825780,1,1,1,1,0,0,1
2826165,1,1,1,0,0,1,1
2827166,1,1,1,1,1,1,0
2827836,1,1,1,0,0,1,0
2827880,0,0,0,0,0,0,1
2828765,1,1,1,1,0,0,1
2828902,1,1,1,0,0,0,1
2829259,1,1,1,1,1,1,0
2829349,1,1,1,0,0,1,0
2829613,0,0,0,0,0,0,1
2830232,1,1,1,1,0,0,1
2831139,1,1,1,1,1,1,0
2831141,1,0,0,0,0,0,1
2832860,1,1,1,1,0,0,1
2832948,1,1,1,0,0,1,0
2833285,1,1,1,1,1,1,0
2833324,0,0,0,0,0,0,1
2834283,1,1,1,1,1,1,0
2834446,1,1,1,0,0,1,1
2834876,1,1,1,1,1,1,0
2835396,1,1,1,0,0,1,1
2836521,1,1,1,0,0,1,0
2836732,1,1,1,1,1,1,0
2838768,1,0,0,0,0,0,1
2840473,1,1,1,1,0,0,0
2840584,1,0,0,0,0,0,1
2841471,1,1,1,0,0,1,0
2841634,1,1,1,1,0,0,0
2841849,0,0,0,0,0,0,1
2842060,1,1,0,0,0,1,0
2842558,0,0,0,0,0,0,1
2842864,1,0,0,0,0,0,1
2843701,1,1,1,0,0,0,0
2844108,1,1,1,1,1,1,0
2844342,1,1,1,1,1,1,0
2844696,0,0,0,0,0,0,1
2845632,1,1,1,1,1,1,0
2846106,1,1,1,1,1,1,0
2846892,1,1,1,0,0,1,1
2847276,1,1,1,0,0,1,1
2847320,0,0,0,0,0,0,1
2848610,1,1,1,0,0,1,1
2848631,1,1,1,1,0,0,0
2849013,1,1,1,0,0,1,0
2849560,1,1,1,1,1,1,0
2849917,0,0,0,0,0,0,1
2850798,1,1,1,1,0,0,1
2850865,1,1,1,1,0,0,0
2852926,1,1,1,0,0,0,1
2853380,1,1,1,0,0,1,1
2854068,1,1,1,0,0,1,0
2855700,1,1,1,1,0,0,1
2855744,0,0,0,0,0,0,1
2855811,1,1,1,0,0,1,0
2857105,1,1,1,0,0,1,0
2857677,1,0,0,0,0,0,1
2858053,1,1,1,0,0,0,0
2858340,1,1,1,1,1,1,0
2858623,1,1,1,1,1,1,0
2860106,1,1,1,0,0,1,0
2860750,0,0,0,0,0,0,1
2861129,1,1,1,1,1,1,0
2861244,1,1,1,0,0,1,0
2861437,1,1,1,1,0,0,1
2863566,1,1,1,1,1,1,0
2864717,1,1,1,0,0,1,1
2865454,1,1,1,1,1,1,0
2865524,1,1,1,0,0,1,0
2865807,0,0,0,0,0,0,0
2866909,1,1,1,1,1,1,0
2866952,1,0,0,0,0,0,1
2867571,1,1,1,1,1,1,0
2868309,1,1,1,0,0,0,0
2868424,1,1,1,0,0,1,0
2868857,1,1,1,1,0,0,1
2869160,1,0,0,0,0,0,1
2869229,1,0,0,0,0,0,1
2871121,0,0,0,0,0,0,1
2872177,0,0,0,0,0,0,1
2872626,1,1,1,1,0,0,0
2873224,1,1,1,1,0,0,1
2874755,1,1,1,0,0,0,0
2876073,1,1,1,1,0,0,1
2876352,0,0,0,0,0,0,0
2876446,1,1,1,0,0,0,1
2877236,1,1,1,1,0,0,1
2878169,1,1,1,1,1,1,0
2878305,1,1,1,0,0,0,0
2880413,1,1,1,1,1,1,0
2881947,1,1,1,0,0,0,0
2883285,1,1,1,0,0,0,1
2883544,1,1,1,0,0,1,0
2883638,1,1,1,0,0,0,0
2884428,1,1,1,1,0,0,0
2885361,1,1,1,0,0,0,0
2886435,1,1,1,1,1,1,0
2886956,1,1,1,1,1,1,0
2887122,1,1,1,0,0,1,1
2888005,1,1,1,1,1,1,0
2888171,1,1,1,1,1,1,0
2888673,1,0,0,0,0,0,1
2888904,1,1,1,1,1,1,0
2889288,1,1,1,1,1,1,0
2889402,1,1,1,1,0,0,1
2890215,1,1,1,0,0,0,1
2890906,1,1,1,1,1,1,0
2891334,0,0,0,0,0,0,1
2891547,1,0,0,0,0,0,1
2891808,1,1,1,1,0,0,1
2892426,1,0,0,0,0,0,1
2892759,1,0,0,0,0,0,1
2893956,1,1,1,1,1,1,0
2894958,1,1,1,0,0,0,1
2895169,1,1,1,1,0,0,0
2895696,1,0,0,0,0,0,1
2895837,1,1,1,0,0,1,0
2896068,1,1,1,0,0,1,0
2896357,0,0,0,0,0,0,1
2896519,1,1,1,1,0,0,1
2897257,1,1,1,0,0,0,1
2897516,1,1,1,0,0,0,1
2898236,1,1,1,0,0,0,1
2898425,1,1,1,1,0,0,1
2898469,0,0,0,0,0,0,1
2898964,1,1,1,0,0,0,1
2899008,0,0,0,0,0,0,1
2899631,1,1,1,0,0,0,1
2899893,1,0,0,0,0,0,1
2900152,1,1,1,0,0,0,1
2900169,1,1,1,0,0,0,1
2901391,0,0,0,0,0,0,1
2901964,1,1,1,1,1,1,0
2902102,1,1,1,0,0,0,0
2903395,1,1,1,0,0,0,1
2903773,1,1,1,0,0,0,1
2904180,1,1,1,1,1,1,0
2905279,1,1,1,1,1,1,0
2906184,1,1,1,0,0,1,0
2906256,1,1,1,0,0,0,1
2907020,0,0,0,0,0,0,1
2907065,1,1,1,0,0,1,0
2907896,1,1,1,0,0,1,1
2908039,1,1,1,1,1,1,0
2909282,1,1,1,0,0,1,0
2910957,1,1,1,0,0,1,0
2911338,1,1,1,1,1,1,0
2913302,1,1,1,0,0,1,1
2914212,1,1,1,0,0,0,0
2914257,1,1,1,0,0,0,1
2914301,0,0,0,0,0,0,1
2914847,0,0,0,0,0,0,1
2915080,1,1,1,0,0,1,0
2916348,1,0,0,0,0,0,1
2916613,1,1,1,0,0,0,1
2916772,0,0,0,0,0,0,1
2918137,1,1,1,0,0,1,0
2920364,1,1,1,0,0,1,1
2920385,1,1,1,0,0,0,1
2920478,1,1,1,0,0,1,0
2921388,1,1,1,0,0,1,0
2922031,1,1,1,0,0,1,0
2923225,1,1,1,0,0,1,1
2923320,1,1,1,1,1,1,0
2923797,1,1,1,0,0,1,0
2924103,1,1,1,1,1,1,0
2925177,1,1,1,1,1,1,0
2925560,1,1,1,1,1,1,0
2925677,1,1,1,1,1,1,0
2926391,1,1,1,1,1,1,0
2927108,1,1,1,1,1,1,0
2927532,1,1,1,0,0,1,0
2927650,1,1,1,0,0,0,0
2928029,1,1,1,1,0,0,1
2928033,1,1,1,1,0,0,1
2929294,1,1,1,0,0,0,1
2929412,1,1,1,0,0,1,1
2929529,1,1,1,1,1,1,0
2929856,1,1,1,0,0,0,1
2929997,1,1,1,0,0,0,1
2931149,1,1,1,1,1,1,0
2931622,1,1,1,0,0,0,1
2932028,1,1,1,0,0,0,1
2932116,1,1,1,0,0,0,1
2932737,1,1,1,1,1,1,0
2933478,1,1,1,1,1,1,0
2933547,0,0,0,0,0,0,0
2933640,1,1,1,0,0,1,1
2933848,1,1,1,1,1,1,0
2934037,1,1,1,1,1,1,0
2934157,1,1,1,1,1,1,0
2935540,1,1,1,1,1,1,0
2936475,1,1,1,0,0,0,1
2936805,0,0,0,0,0,0,1
2937092,1,1,1,1,1,1,0
2937182,1,1,1,0,0,1,1
2938136,1,1,1,0,0,0,1
2938661,1,1,1,1,1,1,0
2938664,1,1,1,1,1,1,0
2938943,1,1,1,1,1,1,0
2939898,1,1,1,1,0,0,1
2940276,1,1,1,1,1,1,0
2940300,1,1,1,1,1,1,0
2941329,1,1,1,0,0,0,0
2941632,1,1,1,1,1,1,0
2943527,1,1,1,0,0,1,1
2943645,1,1,1,1,0,0,1
2943689,0,0,0,0,0,0,1
2944018,1,1,1,1,1,1,0
2944710,0,0,0,0,0,0,1
2945833,0,0,0,0,0,0,0
2946262,1,0,0,0,0,0,1
2946688,1,1,1,1,1,1,0
2947480,1,1,1,0,0,1,0
2948265,1,0,0,0,0,0,1
2948572,1,1,1,0,0,0,1
2949147,1,1,1,0,0,0,1
2949576,1,1,1,1,1,1,0
2949640,0,0,0,0,0,0,1
2949877,1,1,1,1,1,1,0
2950761,0,0,0,0,0,0,1
2950857,0,0,0,0,0,0,0
2951308,1,0,0,0,0,0,1
2952428,1,1,1,0,0,0,1
2952739,1,1,1,1,1,1,0
2953049,1,1,1,1,1,1,0
2953284,1,1,0,0,0,0,1
2953422,1,0,0,0,0,0,0
2954880,1,1,1,1,1,1,0
2954904,1,1,1,1,1,1,0
2957945,1,1,1,1,0,0,0
2959263,1,1,1,1,1,1,0
2959425,1,0,0,0,0,0,1
2960241,1,1,1,0,0,0,0
2960618,1,1,1,1,0,0,0
2961239,1,1,1,1,1,1,0
2961452,1,0,0,0,0,0,1
2961853,1,1,1,1,1,1,0
2962064,1,1,1,1,0,0,0
2963984,1,1,1,1,1,1,0
2964817,1,1,1,1,1,1,0
2966829,1,0,0,0,0,0,1
2967068,1,1,1,1,1,1,0
2967425,1,1,1,0,0,1,0
2967802,1,1,1,1,0,0,0
2967917,0,0,0,0,0,0,1
2968419,1,1,1,0,0,1,0
2969252,1,1,1,1,0,0,0
2969324,1,1,1,1,1,1,0
2969893,1,1,1,1,0,0,1
2970562,1,1,1,1,1,1,0
2971132,0,0,0,0,0,0,1
2972041,1,1,1,1,1,1,0
2972279,1,1,1,1,0,0,1
2973162,1,1,1,0,0,0,1
2973468,1,1,1,1,0,0,1
2973540,1,1,1,1,0,0,1
2974157,1,1,1,1,1,1,0
2974158,1,0,0,0,0,0,1
2974585,1,1,1,1,0,0,0
2974629,0,0,0,0,0,0,1
2975560,1,1,1,1,0,0,1
2975864,1,1,1,0,0,0,1
2976081,1,1,1,1,1,1,0
2976122,1,1,1,1,1,1,0
2976600,1,0,0,0,0,0,1
2977818,1,1,1,1,1,1,0
2977957,1,1,1,1,1,1,0
2978965,1,1,1,0,0,0,1
2979439,1,1,1,0,0,0,0
2979481,1,1,1,1,1,1,0
2979765,0,0,0,0,0,0,1
2980218,1,1,1,1,1,1,0
2980695,1,1,1,1,1,1,0
2980955,0,0,0,0,0,0,1
2980999,0,0,0,0,0,0,1
2981001,1,1,1,1,0,0,1
2981353,0,0,0,0,0,0,1
2982499,1,1,1,1,1,1,0
2983020,1,1,1,1,0,0,0
2983477,1,1,1,1,0,0,1
2983685,1,1,1,1,1,1,0
2983755,1,1,1,1,1,1,0
2983756,1,1,1,1,0,0,0
2984130,1,1,1,1,1,1,0
2984460,1,1,1,0,0,0,1
2984675,1,0,0,0,0,0,1
2985129,1,1,1,1,0,0,1
2985172,1,1,1,1,1,1,0
2985334,1,1,1,1,1,1,0
2985378,0,0,0,0,0,0,1
2985471,0,0,0,0,0,0,1
2985804,1,0,0,0,0,0,1
2986013,1,1,1,1,1,1,0
2986468,0,0,0,0,0,0,1
2986849,1,1,1,1,1,1,0
2986986,1,1,1,1,1,1,0
2987101,0,0,0,0,0,0,1
2987120,1,1,1,1,1,1,0
2987217,0,0,0,0,0,0,1
2987640,0,0,0,0,0,0,1
2987684,0,0,0,0,0,0,1
2988020,1,1,1,1,0,0,1
2988110,1,1,1,1,1,1,0
2988395,1,1,1,1,1,1,0
2988582,0,0,0,0,0,0,1
2989397,1,1,1,1,1,1,0
2989748,1,1,1,1,0,0,1
2989936,0,0,0,0,0,0,1
2990392,1,1,1,1,0,0,1
2991323,1,1,1,1,0,0,1
2991509,1,1,1,1,1,1,0
2991510,1,1,1,1,0,0,1
2992148,1,1,1,1,1,1,0
2992218,0,0,0,0,0,0,1
2993511,1,1,1,1,1,1,0
2994033,1,1,1,1,1,1,0
2994366,1,1,1,1,1,1,0
2994504,1,1,1,1,1,1,0
2995412,0,0,0,0,0,0,1
2996083,1,1,1,1,1,1,0
2996197,1,1,1,0,0,1,1
2996557,0,0,0,0,0,0,0
2996718,1,1,1,1,0,0,1
2997362,0,0,0,0,0,0,1
2997552,0,0,0,0,0,0,0
2998123,1,1,1,0,0,0,1
2998525,1,1,1,1,1,1,0
2998955,0,0,0,0,0,0,1
2998972,1,1,1,0,0,0,1
3000052,1,1,1,1,1,1,0
3000096,0,0,0,0,0,0,1
3000544,1,1,1,1,1,1,0
3001071,1,1,1,1,0,0,1
3001328,0,0,0,0,0,0,1
3001372,0,0,0,0,0,0,1
3002691,1,0,0,0,0,0,1
3003072,0,0,0,0,0,0,1
3003329,1,1,1,0,0,0,1
3003713,0,0,0,0,0,0,0
3004235,1,1,1,1,1,1,0
3004424,0,0,0,0,0,0,1
3004445,1,0,0,0,0,0,1
3004510,1,1,1,1,0,0,0
3004601,1,1,1,1,1,1,0
3004911,0,0,0,0,0,0,1
3005557,1,1,1,1,1,1,0
3006316,1,1,1,1,1,1,0
3006363,1,1,1,1,1,1,0
3007009,1,1,1,1,1,1,0
3008083,1,1,1,1,1,1,0
3009639,1,1,1,0,0,0,1
3009925,1,1,1,1,1,1,0
3010999,1,1,1,1,0,0,1
3011596,1,1,1,0,0,0,0
3011686,1,1,1,0,0,1,0
3011777,1,1,1,0,0,1,0
3012017,1,1,1,1,1,1,0
3012515,1,1,1,1,1,1,0
3013303,0,0,0,0,0,0,1
3013421,1,1,1,0,0,0,1
3013484,1,1,1,1,0,0,0
3014011,0,0,0,0,0,0,1
3015132,1,1,1,1,1,1,0
3015779,1,1,1,1,1,1,0
3018776,1,1,1,0,0,1,0
3018866,0,0,0,0,0,0,0
3018957,1,1,1,0,0,1,0
3019937,1,0,0,0,0,0,1
3020174,1,0,0,0,0,0,1
3020605,1,1,1,0,0,1,0
3021417,0,0,0,0,0,0,1
3021746,1,1,1,1,1,1,0
3022316,0,0,0,0,0,0,0
3022941,1,0,0,0,0,0,1
3022959,0,0,0,0,0,0,0
3024157,1,0,0,0,0,0,1
3024485,0,0,0,0,0,0,1
3025637,1,1,1,1,1,1,0
3025944,0,0,0,0,0,0,0
3026637,1,1,1,0,0,1,1
3027352,1,1,1,1,1,1,0
3027657,1,1,1,1,1,1,0
3028832,1,1,1,1,1,1,0
3028922,0,0,0,0,0,0,0
3029037,1,1,1,1,1,1,0
3029488,1,1,1,0,0,1,0
3029534,0,0,0,0,0,0,1
3029845,1,1,1,1,1,1,0
3030101,1,1,1,1,1,1,0
3030123,1,1,1,1,0,0,0
3031465,1,1,1,1,1,1,0
3031650,1,1,1,1,1,1,0
3031719,1,1,1,1,1,1,0
3032962,1,1,1,1,1,1,0
3034257,1,1,1,1,1,1,0
3035045,1,0,0,0,0,0,1
3035737,1,0,0,0,0,0,1
3035996,1,1,1,1,0,0,0
3036660,1,1,1,1,0,0,0
3037117,1,1,1,1,1,1,0
3037277,1,1,1,0,0,0,0
3037564,1,1,1,1,1,1,0
3037772,1,1,1,1,1,1,0
3038585,1,0,0,0,0,0,1
3038848,1,1,1,1,1,1,0
3038891,1,1,1,0,0,1,0
3039364,1,1,1,1,1,1,0
3040130,1,1,1,1,0,0,0
3040417,1,1,1,1,1,1,0
3040603,1,1,1,1,0,0,1
3041342,1,1,1,1,1,1,0
3041701,1,1,1,1,1,1,0
3042295,1,1,1,1,1,1,0
3042653,1,1,1,1,1,1,0
3042886,1,1,1,1,1,1,0
3043915,1,1,1,1,1,1,0
3044078,1,1,1,1,1,1,0
3044629,1,1,1,1,1,1,0
3045078,1,1,1,1,1,1,0
3045243,1,1,1,1,0,0,1
3045741,1,1,1,0,0,1,0
3046002,1,1,1,1,1,1,0
3046004,1,1,1,0,0,0,0
3046021,1,1,1,0,0,0,1
3046516,1,1,1,1,0,0,0
3046563,1,1,1,1,1,1,0
3046705,1,0,0,0,0,0,1
3047106,1,1,1,1,1,1,0
3047125,1,0,0,0,0,0,1
3047220,1,1,1,1,1,1,0
3048941,1,1,1,1,1,1,0
3049083,1,1,1,1,0,0,1
3049085,1,1,1,1,1,1,0
3049796,1,1,1,0,0,1,1
3050177,1,1,1,0,0,0,1
3050579,1,1,1,1,0,0,1
3050813,1,0,0,0,0,0,1
3050816,1,0,0,0,0,0,1
3051356,1,1,1,1,1,1,0
3051400,0,0,0,0,0,0,1
3051761,1,1,1,1,0,0,1
3051779,1,1,1,1,1,1,0
3051941,1,1,1,1,1,1,0
3053331,1,1,1,1,1,1,0
3053425,1,0,0,0,0,0,1
3054189,1,0,0,0,0,0,1
3054254,1,1,1,0,0,1,0
3054803,1,1,1,1,0,0,1
3055209,1,1,1,1,1,1,0
3055995,1,0,0,0,0,0,1
3056590,1,1,1,0,0,1,1
3057980,1,1,1,1,0,0,0
3058022,1,1,1,1,1,1,0
3058568,1,1,1,0,0,1,0
3059117,1,1,1,0,0,0,0
3059212,1,1,1,1,1,1,0
3062401,1,1,1,0,0,1,0
3062468,1,0,0,0,0,0,1
3062777,0,0,0,0,0,0,1
3063179,1,0,0,0,0,0,0
3063249,1,0,0,0,0,0,1
3063941,1,0,0,0,0,0,1
3065206,1,1,1,1,0,0,0
3065752,1,1,1,0,0,0,1
3066301,1,1,1,0,0,0,0
3066538,1,1,1,1,0,0,1
3066652,1,1,1,1,1,1,0
3067369,1,0,0,0,0,0,1
3069648,1,1,1,0,0,1,0
3070363,1,1,1,1,0,0,0
3070816,1,1,1,1,1,1,0
3071125,1,1,1,0,0,1,0
3071984,1,1,1,0,0,0,1
3073730,1,1,1,0,0,1,0
3073752,1,0,0,0,0,0,1
3073840,1,1,1,0,0,1,0
3074320,1,0,0,0,0,0,1
3074553,1,1,1,0,0,1,0
3075510,1,1,1,1,1,1,0
3075868,1,1,1,1,1,1,0
3075957,1,1,1,1,1,1,0
3076340,0,0,0,0,0,0,1
3076406,1,1,1,1,1,1,0
3077481,1,1,1,0,0,1,1
3077527,1,1,1,1,0,0,0
3078293,1,1,1,0,0,1,0
3078839,1,1,1,1,1,1,0
3079197,1,0,0,0,0,0,1
3079721,1,0,0,0,0,0,1
3080316,0,0,0,0,0,0,1
3081004,1,1,1,0,0,0,0
3081075,1,0,0,0,0,0,1
3083590,0,0,0,0,0,0,0
3084665,1,1,1,1,0,0,0
3084806,1,1,1,1,1,1,0
3085737,0,0,0,0,0,0,1
3086334,1,1,1,1,1,1,0
3086909,1,1,1,0,0,0,0
3086953,0,0,0,0,0,0,1
3087113,1,0,0,0,0,0,1
3087496,1,1,1,0,0,0,0
3087853,0,0,0,0,0,0,1
3088180,1,1,1,0,0,0,0
3088251,0,0,0,0,0,0,0
3088366,1,1,1,1,0,0,1
3088457,1,1,1,1,1,1,0
3088745,1,1,1,1,0,0,1
3089195,1,0,0,0,0,0,1
3089478,1,1,1,1,1,1,0
3089712,1,0,0,0,0,0,1
3089717,1,1,1,1,1,1,0
3090212,1,1,1,1,0,0,1
3090447,1,1,1,1,1,1,0
3090585,1,1,0,0,0,0,1
3090654,1,1,1,1,1,1,0
3091037,1,1,1,0,0,0,1
3091511,1,1,1,0,0,0,1
3091528,1,1,1,0,0,1,1
3091768,1,1,1,1,1,1,0
3091906,1,1,1,1,0,0,1
3092289,1,1,1,0,0,0,1
3092787,1,1,1,0,0,0,1
3093048,1,1,1,1,1,1,0
3093378,1,1,1,1,0,0,1
3093832,0,0,0,0,0,0,1
3094692,1,1,1,1,0,0,1
3094905,1,1,1,0,0,0,1
3096124,0,0,0,0,0,0,1
3096984,1,1,1,1,1,1,0
3097745,1,1,1,0,0,1,0
3098700,1,1,1,0,0,1,0
3099057,1,1,1,1,1,1,0
3099967,1,1,1,1,0,0,0
3100562,0,0,0,0,0,0,0
3101735,1,1,1,1,1,1,0
3102093,1,1,1,0,0,0,0
3102279,0,0,0,0,0,0,1
3104172,1,1,1,0,0,0,0
3105512,1,1,1,1,1,1,0
3105888,1,1,1,0,0,1,0
3106245,1,1,1,0,0,0,0
3107754,1,1,1,1,0,1,0
3108612,1,1,1,0,0,1,1
3108849,1,1,1,0,0,1,1
3108850,1,1,1,1,1,1,0
3109277,1,1,1,0,0,1,0
3109463,1,1,1,0,0,1,0
3109962,1,1,1,1,1,1,0
3110629,1,1,1,1,1,1,0
3110843,0,0,0,0,0,0,1
3110887,0,0,0,0,0,0,1
3112684,1,1,1,0,0,1,0
3114574,0,0,0,0,0,0,1
3114618,0,0,0,0,0,0,1
3115788,1,1,1,0,0,1,0
3115810,1,0,0,0,0,0,1
3116021,1,0,0,0,0,0,1
3116450,0,0,0,0,0,0,1
3116453,1,1,1,0,0,0,0
3117928,1,1,1,1,1,1,0
3118071,0,0,0,0,0,0,0
3118472,0,0,0,0,0,0,1
3119287,1,1,1,1,1,1,0
3119860,0,0,0,0,0,0,0
3120116,1,1,1,1,1,1,0
3120595,1,1,1,1,1,1,0
3122028,1,1,1,0,0,0,1
3123201,1,1,1,0,0,1,0
3123630,1,1,1,0,0,1,0
3123633,1,1,1,0,0,1,0
3125181,1,1,1,1,0,0,1
3127052,1,1,1,0,0,1,0
3127791,1,1,1,0,0,1,0
3127832,1,1,1,0,0,1,1
3128288,1,1,1,1,1,1,0
3129196,1,0,0,0,0,0,1
3129716,0,0,0,0,0,0,1
3130316,1,0,0,0,0,0,1
3130814,1,1,1,0,0,1,0
3130817,1,1,1,0,0,1,0
3130876,1,0,0,0,0,0,1
3131525,1,0,0,0,0,0,1
3131688,1,1,1,1,0,0,1
3132237,0,0,0,0,0,0,1
3132349,1,1,1,0,0,1,0
3133164,1,1,1,1,1,1,0
3134073,1,1,1,1,1,1,0
3134114,1,1,1,0,0,1,1
3134951,1,1,1,0,0,1,0
3135786,1,1,1,1,1,1,0
3136431,1,1,1,1,1,1,0
3137506,1,1,1,0,0,1,1
3137791,1,1,1,1,1,1,0
3138048,1,1,1,0,0,1,0
3139533,1,1,1,1,0,0,0
3140348,1,1,1,0,0,0,0
3141257,1,1,1,0,0,0,0
3141540,1,1,1,1,1,1,0
3141869,1,0,0,0,0,0,1
3142657,1,0,0,0,0,0,1
3143304,1,1,1,0,0,1,1
3144281,1,1,1,1,1,1,0
3144686,1,1,1,0,0,0,0
3144971,1,1,1,0,0,1,0
3145040,1,1,1,0,0,0,1
3145224,1,1,1,0,0,1,0
3146183,1,0,0,0,0,0,1
3147064,1,1,1,0,0,1,1
3147401,1,1,1,0,0,1,1
3147900,1,1,1,0,0,1,1
3148372,1,1,1,0,0,1,1
3148757,1,0,0,0,0,0,1
3149232,1,1,1,0,0,1,1
3149634,1,1,1,0,0,1,1
3149678,0,0,0,0,0,0,1
3150157,1,0,0,0,0,0,1
3151445,1,1,1,0,0,0,0
3153363,1,1,1,1,0,1,0
3155564,1,1,1,0,0,0,0
3156428,1,1,1,0,0,1,0
3156878,1,1,1,0,0,0,0
3157357,1,1,1,0,0,1,0
3157925,1,1,1,0,0,0,1
3160563,1,1,1,0,0,1,0
3161276,1,1,1,0,0,0,1
3162355,1,1,1,1,1,1,0
3163624,1,1,1,0,0,0,0
3164074,1,1,1,0,0,1,0
3164287,1,1,1,0,0,1,1
3164549,1,1,1,0,0,1,0
3165117,1,1,1,0,0,0,0
3166194,1,1,1,1,1,1,0
3166213,1,1,1,0,0,0,1
3167602,1,1,1,1,0,0,1
3168460,1,1,1,0,0,0,0
3168794,1,1,1,0,0,0,1
3169173,1,1,1,0,0,0,1
3170733,1,1,1,0,0,1,1
3170800,1,1,1,0,0,0,0
3170844,0,0,0,0,0,0,1
3171463,1,1,1,0,0,1,0
3171674,1,1,1,0,0,0,1
3172177,1,1,1,1,1,1,0
3172648,1,1,1,0,0,1,1
3173464,1,1,1,1,1,1,0
3173722,1,1,1,0,0,0,1
3174196,1,1,1,1,1,1,0
3174676,1,1,1,0,0,0,1
3174769,1,1,1,0,0,1,1
3175581,1,0,0,0,0,0,1
3176341,1,1,1,0,0,1,0
3178233,1,1,1,1,1,1,0
3178639,1,1,1,0,0,1,0
3179497,1,0,0,0,0,0,1
3180910,1,1,1,0,0,1,0
3181384,1,1,1,0,0,1,0
3181405,1,1,1,1,1,1,0
3181860,1,1,1,0,0,1,0
3182721,1,1,1,0,0,1,1
3182736,1,1,1,1,1,1,0
3183310,1,1,1,1,1,1,0
3183880,1,1,1,1,0,0,1
3184936,1,1,1,0,0,0,1
3185819,1,1,1,0,0,1,0
3186488,1,1,1,1,1,1,0
3186507,0,0,0,0,0,0,1
3187101,1,1,1,1,1,1,0
3189881,1,0,0,0,0,0,1
3189905,1,1,1,0,0,0,0
3190498,1,1,1,1,0,0,0
3191068,1,1,1,1,0,0,0
3191477,1,0,0,0,0,0,1
3192237,1,1,1,1,1,1,0
3192448,1,0,0,0,0,0,1
3193672,1,1,1,1,0,0,0
3193691,1,1,1,0,0,1,0
3194045,1,1,1,1,1,1,0
3194525,1,1,1,0,0,1,1
3196606,0,0,0,0,0,0,1
3197321,1,1,1,1,0,0,1
3197873,1,1,1,1,1,1,0
3199640,1,1,1,1,0,0,0
3200241,1,1,1,1,1,1,0
3200761,1,0,0,0,0,0,1
3200856,1,1,1,0,0,1,0
3200875,1,1,1,1,0,0,0
3201204,0,0,0,0,0,0,1
3202045,1,1,1,1,1,1,0
3202400,1,1,1,1,1,1,0
3202873,1,1,1,1,1,1,0
3203521,1,1,1,1,1,1,0
3203540,1,0,0,0,0,0,1
3203774,1,1,1,0,0,0,0
3204369,1,1,1,1,1,1,0
3204873,1,1,1,1,1,1,0
3205228,1,1,1,1,1,1,0
3205897,1,0,0,0,0,0,1
3206344,1,1,1,0,0,1,1
3206437,1,1,1,1,1,1,0
3206748,1,1,1,1,1,1,0
3207297,1,1,1,1,1,1,0
3208035,1,1,1,0,0,1,0
3210958,1,1,0,0,0,0,0
3211603,1,1,1,1,1,1,0
3212318,1,1,1,1,1,1,0
3213536,1,1,1,0,0,0,0
3213629,1,1,1,0,0,0,0
3213940,1,1,1,0,0,0,0
3213959,1,1,1,1,1,1,0
3214485,1,1,0,0,0,0,0
3215485,1,1,1,1,1,1,0
3215504,1,1,1,1,1,1,0
3215672,1,1,1,1,1,1,0
3216600,0,0,0,0,0,0,1
3216741,1,1,1,1,1,1,0
3219498,1,1,0,0,0,0,0
3220526,1,0,0,0,0,0,1
3221147,1,1,1,0,0,1,0
3221673,1,0,0,0,0,0,0
3222868,1,1,1,0,0,1,0
3223796,1,1,1,0,0,1,0
3223937,0,0,0,0,0,0,0
3225684,1,1,1,1,1,1,0
3225705,1,1,1,1,1,1,0
3226973,1,1,1,1,1,1,0
3227568,1,1,1,1,1,1,0
3227710,1,1,1,0,0,1,0
3228331,1,1,1,0,0,1,0
3228857,1,1,1,0,0,1,0
3229691,1,1,1,0,0,0,1
3230048,1,1,1,0,0,1,0
3230549,1,1,1,1,1,1,0
3231336,1,1,1,1,1,1,0
3232291,1,1,1,1,1,1,0
3232984,1,1,1,0,0,0,1
3234131,1,1,1,1,1,1,0
3234149,1,1,1,1,0,0,0
3234744,1,1,1,0,0,1,0
3234886,1,1,1,0,0,1,0
3236298,1,1,1,1,1,1,0
3236440,1,1,1,1,0,0,1
3236864,1,1,1,1,1,1,0
3237127,1,1,1,1,0,0,1
3237725,1,1,1,0,0,0,0
3238654,1,1,1,1,0,0,1
3238772,1,1,1,1,0,0,1
3238935,1,1,1,0,0,0,1
3240034,1,1,1,1,1,1,0
3240153,1,1,1,1,1,1,0
3240363,1,1,1,1,1,1,0
3240576,1,1,1,1,0,0,1
3241313,1,1,1,1,0,0,0
3241694,1,1,1,1,1,1,0
3241812,1,1,1,1,1,1,0
3242241,1,1,1,1,1,1,0
3242569,1,1,1,1,1,1,0
3242711,1,1,1,1,1,1,0
3243522,1,1,1,1,1,1,0
3244020,1,1,1,1,0,0,0
3244261,1,1,1,0,0,1,1
3244781,0,0,0,0,0,0,1
3244829,0,0,0,0,0,0,1
3244847,1,1,1,0,0,0,1
3245468,1,0,0,0,0,0,1
3245558,1,0,0,0,0,0,1
3245576,1,0,0,0,0,0,1
3246148,0,0,0,0,0,0,1
3250056,0,0,0,0,0,0,1
3251973,0,0,0,0,0,0,0
3252021,0,0,0,0,0,0,0
3252039,0,0,0,0,0,0,0
3252344,1,1,1,1,1,1,0
3252656,0,0,0,0,0,0,0
3252746,0,0,0,0,0,0,0
3253894,1,1,1,1,1,1,0
3255690,1,1,1,1,0,0,1
3256839,1,1,1,0,0,1,1
3257484,1,1,1,1,1,1,0
3257957,0,0,0,0,0,0,1
3259205,1,1,1,0,0,1,0
3259532,1,1,1,1,0,0,0
3259868,1,1,1,1,1,1,0
3261012,1,1,1,1,1,1,0
3261131,1,1,1,1,1,1,0
3261200,1,1,1,1,1,1,0
3262874,1,1,1,1,0,0,0
3262968,1,1,1,0,0,0,1
3263133,1,1,1,1,0,0,1
3263821,1,1,1,1,1,1,0
3264181,1,1,1,1,1,1,0
3265014,1,1,1,1,1,1,0
3265613,1,1,1,1,1,1,0
3266254,1,1,1,1,1,1,0
3266733,1,1,1,1,1,1,0
3266968,1,1,1,0,0,0,1
3267802,1,1,1,1,1,1,0
3268180,1,1,1,0,0,1,0
3268299,1,1,1,0,0,0,0
3268703,0,0,0,0,0,0,1
3268965,1,1,1,0,0,1,1
3269556,1,1,1,1,1,1,0
3269578,1,1,1,1,1,1,0
3269911,1,1,1,1,1,1,0
3270388,1,1,1,1,1,1,0
3270501,1,1,1,1,0,0,1
3270955,1,1,1,1,1,1,0
3271356,1,1,1,1,1,1,0
3271573,1,1,1,0,0,0,1
3271640,1,1,1,1,1,1,0
3272281,1,1,1,1,1,1,0
3272470,1,1,1,0,0,0,1
3272852,1,1,1,1,0,0,1
3273396,1,1,1,0,0,0,1
3273563,1,1,1,0,0,0,1
3273726,1,1,1,1,1,1,0
3274105,1,0,0,0,0,0,1
3274248,1,1,1,1,1,1,0
3274413,1,1,1,1,0,0,1
3274549,0,0,0,0,0,0,1
3274811,1,1,1,1,1,1,0
3275215,0,0,0,0,0,0,1
3275477,1,1,1,1,1,1,0
3275685,1,1,1,1,1,1,0
3276618,0,0,0,0,0,0,1
3277934,1,0,0,0,0,0,1
3278749,1,1,1,1,1,1,0
3279417,0,0,0,0,0,0,1
3280154,1,1,1,0,0,1,1
3280221,1,1,1,1,1,1,0
3280224,1,1,1,0,0,0,1
3280548,1,1,1,1,0,0,0
3281484,1,1,1,1,1,1,0
3281982,1,1,1,1,1,1,0
3282169,1,1,1,1,1,1,0
3282383,1,1,1,0,0,0,0
3282596,1,1,1,1,1,1,0
3283265,1,1,1,1,0,0,1
3283666,1,1,1,0,0,0,1
3283807,0,0,0,0,0,0,1
3284885,1,1,1,1,1,1,0
3285021,1,1,1,1,0,0,1
3285023,1,1,1,1,1,1,0
3286241,1,1,1,1,1,1,0
3287169,1,1,1,1,1,1,0
3287716,1,1,1,1,0,0,0
3287861,1,0,0,0,0,0,1
3288213,1,0,0,0,0,0,1
3289624,1,1,1,1,1,1,0
3289645,1,0,0,0,0,0,1
3289764,1,1,1,1,0,0,0
3290838,1,1,1,1,0,0,0
3291984,0,0,0,0,0,0,1
3292199,1,1,1,1,0,0,0
3292915,0,0,0,0,0,0,1
3293678,1,1,1,1,1,1,0
3294632,1,1,1,0,0,1,1
3294635,1,1,1,1,1,1,0
3295037,1,1,1,0,0,1,0
3295342,1,1,1,1,1,1,0
3296344,1,1,1,1,1,1,0
3296349,1,1,1,1,1,1,0
3296603,1,1,1,1,1,1,0
3296790,1,1,1,1,1,1,0
3296809,0,0,0,0,0,0,0
3296928,1,1,1,0,0,1,0
3297688,1,1,1,1,1,1,0
3297693,1,1,1,1,1,1,0
3297728,0,0,0,0,0,0,1
3298373,1,1,1,1,1,1,0
3298587,1,1,1,1,1,1,0
3298680,1,1,1,0,0,0,1
3298770,1,1,1,1,1,1,0
3299174,0,0,0,0,0,0,1
3299893,1,1,1,1,1,1,0
3299981,1,1,1,1,1,1,0
3300024,1,1,1,1,1,1,0
3300095,1,1,1,1,1,1,0
3300354,1,1,1,1,1,1,0
3300544,1,1,1,0,0,0,1
3301259,1,1,1,1,1,1,0
3301877,1,1,1,1,1,1,0
3301920,1,1,1,1,1,1,0
3302134,1,1,1,1,1,1,0
3302516,1,1,1,1,1,1,0
3302991,1,1,1,1,0,0,1
3303128,1,1,1,1,1,1,0
3303342,1,1,1,0,0,0,1
3303652,1,1,1,1,0,0,1
3303693,1,1,1,1,1,1,0
3304220,0,0,0,0,0,0,1
3304887,1,1,1,1,1,1,0
3305290,1,1,1,1,1,1,0
3306343,1,1,1,1,1,1,0
3306916,1,1,1,1,1,1,0
3307033,1,1,1,0,0,1,0
3307650,1,1,1,1,1,1,0
3307935,1,1,1,1,1,1,0
3308148,1,1,1,1,1,1,0
3308149,1,1,1,1,1,1,0
3308189,0,0,0,0,0,0,1
3308976,1,0,0,0,0,0,1
3309765,1,1,1,1,1,1,0
3310284,1,1,1,1,0,0,0
3310355,1,1,1,0,0,0,1
3310688,1,1,1,0,0,0,1
3310849,0,0,0,0,0,0,0
3311468,1,1,1,1,1,1,0
3311636,1,0,0,0,0,0,1
3311799,1,1,1,1,1,1,0
3312033,1,0,0,0,0,0,1
3312532,1,1,1,1,0,0,1
3312577,0,0,0,0,0,0,1
3314806,1,1,1,1,0,1,0
3314829,1,1,1,0,0,1,1
3315710,1,0,0,0,0,0,1
3316930,1,1,1,1,1,1,0
3318824,1,1,1,1,0,0,0
3318987,1,1,1,0,0,1,0
3319724,1,1,1,0,0,1,0
3319769,1,1,1,0,0,1,0
3320320,1,1,1,1,1,1,0
3320864,1,1,1,1,1,1,0
3320957,1,1,1,1,1,1,0
3321985,1,1,1,1,1,1,0
3322008,1,1,1,1,1,1,0
3322009,1,1,1,1,0,0,0
3322048,0,0,0,0,0,0,1
3322136,1,1,1,1,1,1,0
3323380,1,1,1,1,1,1,0
3323836,1,1,1,1,1,1,0
3324094,1,1,1,0,0,1,0
3324329,1,1,1,1,1,1,0
3324636,1,1,1,1,1,1,0
3325236,1,1,1,1,1,1,0
3325877,1,1,1,0,0,0,1
3325992,1,1,1,1,1,1,0
3326036,0,0,0,0,0,0,1
3326082,1,1,1,1,0,0,1
3326127,1,1,1,0,0,1,0
3326220,0,0,0,0,0,0,1
3326405,0,0,0,0,0,0,1
3326785,0,0,0,0,0,0,1
3327768,1,1,1,0,0,1,1
3328050,1,1,1,1,1,1,0
3328404,1,1,1,0,0,1,1
3328713,1,1,1,1,1,1,0
3329145,1,1,1,0,0,0,0
3329400,1,1,1,1,1,1,0
3329662,1,1,1,1,1,1,0
3329897,1,1,1,1,1,1,0
3331358,1,1,1,1,1,1,0
3332073,1,1,1,1,1,1,0
3332212,1,1,1,1,1,1,0
3332789,0,0,0,0,0,0,1
3332833,0,0,0,0,0,0,1
3332898,1,1,1,1,1,1,0
3333279,1,1,1,0,0,1,0
3333321,1,0,0,0,0,0,1
3333580,1,1,1,1,1,1,0
3334274,1,1,1,1,1,1,0
3334509,1,1,1,1,0,0,1
3334627,1,1,1,1,1,1,0
3334644,1,1,1,1,1,1,0
3334908,1,1,1,0,0,1,0
3335454,1,1,1,1,1,1,0
3336171,1,1,1,1,1,1,0
3336172,1,1,1,1,1,1,0
3336523,0,0,0,0,0,0,1
3336616,0,0,0,0,0,0,1
3337477,1,1,1,1,1,1,0
3337518,1,1,1,1,1,1,0
3337779,1,1,1,1,1,1,0
3338016,1,1,1,1,1,1,0
3338564,0,0,0,0,0,0,1
3338846,1,1,1,1,1,1,0
3339155,1,1,1,1,1,1,0
3339201,1,1,1,1,1,1,0
3340274,1,1,1,1,1,1,0
3340296,1,1,1,1,1,1,0
3340341,1,1,1,1,1,1,0
3340575,1,1,1,1,1,1,0
3341413,1,1,1,1,1,1,0
3341645,1,1,0,0,0,0,0
3341762,1,1,1,1,1,1,0
3341780,1,1,1,0,0,1,0
3341875,1,1,1,1,1,1,0
3342494,1,0,0,0,0,0,1
3342637,1,1,1,1,1,1,0
3342896,1,1,1,0,0,0,1
3342913,1,1,1,1,1,1,0
3343196,1,1,1,1,1,1,0
3343243,1,1,1,1,1,1,0
3343309,0,0,0,0,0,0,1
3343597,1,0,0,0,0,0,1
3343612,0,0,0,0,0,0,1
3343777,0,0,0,0,0,0,1
3343821,0,0,0,0,0,0,1
3343964,1,1,1,1,1,1,0
3344295,1,1,1,1,1,1,0
3344314,1,1,1,1,1,1,0
3345488,1,1,1,1,1,1,0
3345795,1,1,1,1,1,1,0
3346967,1,1,1,1,1,1,0
3347011,0,0,0,0,0,0,1
3348447,1,1,1,1,1,1,0
3348636,1,1,1,1,1,1,0
3349663,1,1,1,1,1,1,0
3350044,1,1,1,1,1,1,0
3350761,1,1,1,1,0,0,0
3350776,1,1,1,0,0,1,0
3350989,1,1,1,1,0,0,0
3351107,1,1,1,1,1,1,0
3351108,1,1,1,1,1,1,0
3351482,1,1,1,0,0,1,0
3351956,1,1,1,1,1,1,0
3351981,1,1,1,1,1,1,0
3352741,1,1,1,1,1,1,0
3352744,1,1,1,1,1,1,0
3352902,1,1,1,1,1,1,0
3352971,1,1,1,1,1,1,0
3353449,1,1,1,1,1,1,0
3353680,1,1,1,1,1,1,0
3354061,1,1,1,1,1,1,0
3354370,1,1,1,1,1,1,0
3354512,1,1,1,1,1,1,0
3354602,0,0,0,0,0,0,1
3354719,1,1,1,1,1,1,0
3354832,1,1,1,1,1,1,0
3355477,1,1,1,1,1,1,0
3355690,1,1,1,1,1,1,0
3355759,1,1,1,1,1,1,0
3355828,1,1,1,1,1,1,0
3356252,1,1,1,1,1,1,0
3356729,1,1,1,1,1,1,0
3357088,1,1,1,1,1,1,0
3357131,1,1,1,1,1,1,0
3357175,0,0,0,0,0,0,1
3357437,1,1,1,1,1,1,0
3357526,1,1,1,1,1,1,0
3357809,1,1,1,1,1,1,0
3358188,1,1,1,1,1,1,0
3358690,1,1,1,1,1,1,0
3358691,1,1,1,1,1,1,0
3358925,1,1,1,1,1,1,0
3359229,1,1,1,1,1,1,0
3359416,1,1,1,1,1,1,0
3359991,1,1,1,1,1,1,0
3359993,1,1,1,1,1,1,0
3360004,0,0,0,0,0,0,1
3360266,1,1,1,1,1,1,0
3360960,1,1,1,1,1,1,0
3361096,1,1,1,1,1,1,0
3361311,1,1,1,1,1,1,0
3361329,1,1,1,1,1,1,0
3361494,1,1,1,1,1,1,0
3361944,1,0,0,0,0,0,1
3362064,1,1,1,1,1,1,0
3362873,1,1,1,1,1,1,0
3363159,1,1,1,1,0,0,1
3363204,1,1,1,1,1,1,0
3363414,1,1,1,1,1,1,0
3363696,1,0,0,0,0,0,1
3364392,1,1,1,1,0,0,1
3365080,1,1,1,1,1,1,0
3365389,1,1,1,0,0,1,1
3365532,1,1,1,1,1,1,0
3365836,0,0,0,0,0,0,1
3366003,0,0,0,0,0,0,1
3366648,1,1,1,1,1,1,0
3366760,1,1,1,1,1,1,0
3367121,1,1,1,1,0,0,0
3367809,1,1,1,0,0,1,1
3368120,1,1,1,1,1,1,0
3368789,1,1,1,1,1,1,0
3370582,1,1,1,0,0,1,0
3370700,1,1,1,1,1,1,0
3371654,1,1,1,1,1,1,0
3373187,0,0,0,0,0,0,0
3373948,1,1,1,1,0,0,0
3375001,1,1,1,0,0,1,0
3375310,1,1,1,0,0,1,1
3375331,1,1,1,1,1,1,0
3375972,1,1,1,1,1,1,0
3375977,1,1,1,0,0,1,0
3376661,1,1,1,1,1,1,0
3376899,1,1,1,1,1,1,0
3377420,1,1,1,1,1,1,0
3377469,1,1,1,1,1,1,0
3377872,1,1,1,0,0,1,0
3378153,1,1,1,1,1,1,0
3378223,1,1,1,1,1,1,0
3378600,1,1,1,1,1,1,0
3378936,1,1,1,1,1,1,0
3378980,0,0,0,0,0,0,1
3379501,1,1,1,1,1,1,0
3379712,1,1,1,1,1,1,0
3380501,1,1,1,1,1,1,0
3380688,1,1,1,1,1,1,0
3382052,1,1,1,1,1,1,0
3382458,1,1,1,0,0,1,0
3382501,1,1,1,0,0,1,1
3383288,1,1,1,1,1,1,0
3383717,1,1,1,1,1,1,0
3384146,1,1,1,0,0,1,1
3384190,0,0,0,0,0,0,1
3384234,0,0,0,0,0,0,1
3384348,1,1,1,1,1,1,0
3384613,1,1,1,0,0,1,0
3385085,1,1,1,1,1,1,0
3385371,1,1,1,0,0,1,0
3385774,1,1,1,1,0,0,1
3385777,1,1,1,1,1,1,0
3386128,1,1,1,0,0,1,0
3386192,1,1,1,1,1,1,0
3386309,1,1,1,1,1,1,0
3386353,0,0,0,0,0,0,1
3386590,1,0,0,0,0,0,1
3386853,1,1,1,1,1,1,0
3387040,1,1,1,1,1,1,0
3387682,1,1,1,1,1,1,0
3387773,1,1,1,1,1,1,0
3388132,1,1,1,1,1,1,0
3389182,1,1,1,1,0,0,1
3389444,1,1,1,1,1,1,0
3390401,1,1,1,1,1,1,0
3390660,1,1,1,1,1,1,0
3390678,1,1,1,1,1,1,0
3391373,1,1,1,1,1,1,0
3391990,0,0,0,0,0,0,1
3392421,1,1,1,1,1,1,0
3392464,1,1,1,1,1,1,0
3392507,1,1,1,0,0,1,0
3392841,0,0,0,0,0,0,1
3393003,0,0,0,0,0,0,1
3393286,1,1,1,1,1,1,0
3393328,1,1,1,0,0,0,0
3393708,0,0,0,0,0,0,1
3393804,1,1,1,1,1,1,0
3394377,1,1,1,1,1,1,0
3394803,1,1,1,0,0,0,1
3394868,1,0,0,0,0,0,1
3394913,1,1,1,0,0,1,0
3395220,0,0,0,0,0,0,1
3395337,0,0,0,0,0,0,1
3395574,1,1,1,1,1,1,0
3395812,1,1,1,0,0,1,1
3395856,0,0,0,0,0,0,1
3395970,0,0,0,0,0,0,1
3396041,1,1,1,1,1,1,0
3396176,1,1,1,1,1,1,0
3396272,0,0,0,0,0,0,1
3396434,0,0,0,0,0,0,1
3396479,1,1,1,0,0,0,1
3396977,1,1,1,0,0,0,1
3397356,1,1,1,1,1,1,0
3397882,1,1,1,0,0,0,1
3398096,0,0,0,0,0,0,1
3398571,1,0,0,0,0,0,1
3398758,1,0,0,0,0,0,1
3399089,1,1,1,1,0,0,1
3399280,1,1,1,1,1,1,0
3399611,1,1,1,1,1,1,0
3399848,0,0,0,0,0,0,1
3400349,1,1,1,1,1,1,0
3400462,1,1,1,1,0,0,1
3400627,1,1,1,1,1,1,0
3401056,1,1,1,1,1,1,0
3401361,1,1,1,1,1,1,0
3401481,0,0,0,0,0,0,1
3402003,1,1,1,0,0,0,1
3402454,1,1,1,0,0,0,1
3402521,1,1,1,1,1,1,0
3402641,1,1,1,1,1,1,0
3402776,1,0,0,0,0,0,1
3403064,1,1,1,0,0,0,1
3403635,1,1,1,1,0,0,1
3403679,0,0,0,0,0,0,1
3403698,1,1,1,1,1,1,0
3404008,1,1,1,1,1,1,0
3404384,1,1,1,1,0,0,1
3404573,1,1,1,1,0,0,1
3404618,1,1,1,1,1,1,0
3405505,1,1,1,1,1,1,0
3405594,1,1,1,1,1,1,0
3405684,1,1,1,1,1,1,0
3406501,1,1,1,1,1,1,0
3406517,1,1,1,1,1,1,0
3406584,1,1,1,1,1,1,0
3406606,1,1,1,1,1,1,0
3406841,0,0,0,0,0,0,1
3407749,1,1,1,1,1,1,0
3407960,1,1,1,1,1,1,0
3410621,1,1,1,1,1,1,0
3410835,1,1,1,0,0,1,0
3411168,1,1,1,0,0,1,0
3411186,1,1,1,1,0,0,1
3411517,1,1,1,1,1,1,0
3412304,1,1,1,1,1,1,0
3412493,1,1,1,1,1,1,0
3412682,1,1,1,1,1,1,0
3413231,1,1,1,1,0,0,1
3413272,1,1,1,1,1,1,0
3413629,1,1,1,1,0,0,1
3413653,1,1,1,1,0,1,0
3414246,1,1,1,1,1,1,0
3414316,1,1,1,1,0,0,1
3414644,1,1,1,1,1,1,0
3415434,1,1,1,1,0,0,1
3415792,1,1,1,1,0,0,1
3416602,0,0,0,0,0,0,1
3417103,1,1,1,1,1,1,0
3417244,1,1,1,0,0,0,1
3418102,1,1,1,1,0,0,1
3418604,1,1,1,0,0,0,1
3418980,1,1,1,1,0,0,1
3419218,1,1,1,1,0,0,1
3420318,1,1,1,1,1,1,0
3420508,1,1,1,1,1,1,0
3420789,1,1,1,1,0,0,0
3420813,1,1,1,1,0,0,0
3420927,1,1,1,1,0,0,1
3421354,1,1,1,1,1,1,0
3421568,1,1,1,1,1,1,0
3421781,1,1,1,1,1,1,0
3421797,1,1,1,1,1,1,0
3421840,1,1,1,1,1,1,0
3421911,1,1,1,1,1,1,0
3422674,1,1,1,1,0,0,1
3422864,1,1,1,1,1,1,0
3422905,1,1,1,0,0,0,1
3422949,0,0,0,0,0,0,1
3423165,1,1,1,1,0,0,1
3423183,1,1,1,1,1,1,0
3423205,0,0,0,0,0,0,1
3423364,1,1,1,1,1,1,0
3424010,1,1,1,1,1,1,0
3424077,1,1,1,1,1,1,0
3424388,1,1,1,1,1,1,0
3424668,1,1,1,0,0,0,1
3425818,1,1,1,1,0,0,1
3426801,1,1,1,0,0,1,1
3427032,1,1,1,1,1,1,0
3427437,1,1,1,0,0,0,1
3427480,0,0,0,0,0,0,1
3428129,1,1,1,1,1,1,0
3428912,1,1,1,0,0,0,1
3429053,1,1,1,1,1,1,0
3430321,1,1,1,1,1,1,0
3430343,1,1,1,0,0,1,0
3431512,1,1,1,0,0,1,1
3431560,1,1,1,0,0,1,0
3432393,1,1,1,1,1,1,0
3432944,1,1,1,1,1,1,0
3432986,1,0,0,0,0,0,0
3433199,1,1,1,1,1,1,0
3433721,1,1,1,1,1,1,0
3434630,1,1,1,1,1,1,0
3435109,1,1,1,0,0,1,1
3435894,1,1,1,1,0,0,1
3436517,1,1,1,1,1,1,0
3436656,1,1,1,0,0,1,1
3437418,1,1,1,1,1,1,0
3438136,1,1,1,1,1,1,0
3438229,1,1,1,1,1,1,0
3438676,1,1,1,0,0,1,0
3438866,1,1,1,1,1,1,0
3439320,1,1,1,1,1,1,0
3440371,1,1,1,0,0,1,0
3440704,1,1,1,1,1,1,0
3440866,1,1,1,1,1,1,0
3440885,1,1,1,1,0,0,0
3442345,1,1,1,1,1,1,0
3443541,1,1,1,0,0,0,1
3445341,1,1,1,1,1,1,0
3445860,1,1,1,0,0,0,0
3446317,1,1,1,1,1,1,0
3447559,1,1,1,0,0,1,0
3447768,1,0,0,0,0,0,1
3447837,1,1,1,1,1,1,0
3447884,1,1,1,0,0,1,0
3448046,1,1,1,0,0,1,0
3448621,1,1,1,1,1,1,0
3449356,1,1,1,1,1,1,0
3449834,1,1,1,1,1,1,0
3450213,1,1,1,1,1,1,0
3450258,0,0,0,0,0,0,1
3450280,1,1,1,1,1,1,0
3450589,1,1,1,1,1,1,0
3451469,1,1,1,1,1,1,0
3451731,1,1,1,0,0,1,1
3452208,1,1,1,1,1,1,0
3452805,1,0,0,0,0,0,1
3452988,1,1,1,1,0,0,1
3453009,1,1,1,1,1,1,0
3453055,1,1,1,1,1,1,0
3453484,1,1,1,1,1,1,0
3454033,1,1,1,1,1,1,0
3454077,0,0,0,0,0,0,1
3454191,1,1,1,1,1,1,0
3454305,1,1,1,1,1,1,0
3454401,0,0,0,0,0,0,1
3454948,1,1,1,1,1,1,0
3455565,1,1,1,1,1,1,0
3455949,1,1,1,1,1,1,0
3456207,1,1,1,1,0,0,1
3456708,1,1,1,1,1,1,0
3456869,1,1,1,1,1,1,0
3457349,1,1,1,1,1,1,0
3457390,1,1,1,0,0,1,0
3457868,1,1,1,1,1,1,0
3457935,1,1,1,0,0,1,1
3458097,1,1,1,1,1,1,0
3458673,1,1,1,0,0,1,1
3458690,1,1,1,1,1,1,0
3458712,0,0,0,0,0,0,1
3459427,1,1,1,1,1,1,0
3459709,1,1,1,1,0,0,1
3459994,1,1,1,1,1,1,0
3460108,1,1,1,0,0,1,0
3460204,1,1,1,1,0,0,1
3460799,1,1,1,1,1,1,0
3461129,1,1,1,1,1,1,0
3461172,1,1,1,1,1,1,0
3461485,1,1,1,0,0,1,1
3461552,1,1,1,1,0,0,1
3461642,1,1,1,1,1,1,0
3462047,1,1,1,1,1,1,0
3462066,0,0,0,0,0,0,1
3462108,1,1,1,1,1,1,0
3462777,1,1,1,1,1,1,0
3462849,1,1,1,1,0,0,1
3463492,1,1,1,1,1,1,0
3463536,0,0,0,0,0,0,1
3463672,1,1,1,1,1,1,0
3463981,1,1,1,1,1,1,0
3464266,1,1,1,1,1,1,0
3464432,0,0,0,0,0,0,1
3465005,1,1,1,1,1,1,0
3465575,1,1,1,0,0,0,1
3465712,1,1,1,1,1,1,0
3465713,1,1,1,1,1,1,0
3466308,1,1,1,1,1,1,0
3466446,1,1,1,1,1,1,0
3466613,1,1,1,1,1,1,0
3466657,0,0,0,0,0,0,1
3466819,1,1,1,1,1,1,0
3467101,1,1,1,1,1,1,0
3467460,1,1,1,1,1,1,0
3467841,1,1,1,1,0,0,1
3467952,1,1,1,1,1,1,0
3468720,1,1,1,1,1,1,0
3468979,1,1,1,1,1,1,0
3469073,1,1,1,1,1,1,0
3469117,0,0,0,0,0,0,1
3470359,1,1,1,1,1,1,0
3470740,1,1,1,1,1,1,0
3470809,1,1,1,1,1,1,0
3471112,1,1,1,1,0,0,1
3471664,1,1,1,1,1,1,0
3472064,1,1,1,1,1,1,0
3472521,1,1,1,1,1,1,0
3472731,1,1,1,1,1,1,0
3472732,1,1,1,1,1,1,0
3473299,0,0,0,0,0,0,1
3473582,1,1,1,0,0,1,0
3473960,1,1,1,1,0,0,1
3474245,1,1,1,1,0,0,0
3474341,1,1,1,1,1,1,0
3474455,1,1,1,1,1,1,0
3475124,1,1,1,0,0,1,1
3475286,1,1,1,1,1,1,0
3475448,1,1,1,1,1,1,0
3475637,1,1,1,1,1,1,0
3475805,1,1,1,1,1,1,0
3476014,0,0,0,0,0,0,1
3476083,1,1,1,1,1,1,0
3476296,1,1,1,1,1,1,0
3476965,1,1,1,1,1,1,0
3477005,1,1,1,1,1,1,0
3477363,1,1,1,1,1,1,0
3477380,1,1,1,1,1,1,0
3477692,1,1,1,1,1,1,0
3477758,1,1,1,1,1,1,0
3479125,1,1,1,1,1,1,0
3479332,1,1,1,1,1,1,0
3480048,0,0,0,0,0,0,1
3480889,1,1,1,1,1,1,0
3481648,1,1,1,1,1,1,0
3482030,1,1,1,0,0,1,1
3483538,1,1,1,1,1,1,0
3483628,1,1,1,1,1,1,0
3484177,0,0,0,0,0,0,0
3484535,1,1,1,0,0,1,0
3484868,1,1,1,0,0,0,0
3485463,0,0,0,0,0,0,1
3485480,1,1,1,1,1,1,0
3485694,1,1,1,1,1,1,0
3486146,0,0,0,0,0,0,1
3486432,1,1,1,1,1,1,0
3486569,1,1,1,1,1,1,0
3486996,1,1,1,1,1,1,0
3487235,1,1,1,1,1,1,0
3488049,1,1,1,0,0,1,0
3488164,1,1,1,1,1,1,0
3488734,1,1,1,1,1,1,0
3488873,1,1,1,1,1,1,0
3488892,1,1,1,1,1,1,0
3489541,1,1,1,1,1,1,0
3490256,1,1,1,1,1,1,0
3490345,1,1,1,1,1,1,0
3490415,1,1,1,1,1,1,0
3490817,1,0,0,0,0,0,1
3491052,1,1,1,1,1,1,0
3491938,1,1,1,1,1,1,0
3492964,1,1,1,1,1,1,0
3492969,1,1,1,1,1,1,0
3493152,1,1,1,1,1,1,0
3493409,1,1,1,1,1,1,0
3493478,1,0,0,0,0,0,1
3493643,1,1,1,1,1,1,0
3494744,1,1,1,1,1,1,0
3494811,1,1,1,1,1,1,0
3495262,1,1,1,1,1,1,0
3495760,1,1,1,0,0,1,1
3495804,0,0,0,0,0,0,1
3496137,1,1,1,1,1,1,0
3496352,1,1,1,1,1,1,0
3496419,1,1,1,1,1,1,0
3496752,0,0,0,0,0,0,1
3497464,1,1,1,1,1,1,0
3498207,1,1,1,1,1,1,0
3498780,1,1,1,1,1,1,0
3499421,1,1,1,1,1,1,0
3500117,1,1,1,0,0,1,0
3500206,1,0,0,0,0,0,1
3500444,1,1,1,1,1,1,0
3500655,1,1,1,1,1,1,0
3500768,1,1,1,0,0,1,1
3500909,1,1,1,1,1,1,0
3501052,0,0,0,0,0,0,1
3501553,1,1,1,1,1,1,0
3502577,1,1,1,1,1,1,0
3502937,1,1,1,1,1,1,0
3504757,1,1,1,1,1,1,0
3505301,1,1,1,1,1,1,0
3506381,1,1,1,1,1,1,0
3507382,1,1,1,0,0,1,0
3507405,1,1,1,1,1,1,0
3507831,1,1,1,0,0,1,0
3507944,1,1,1,0,0,1,0
3507988,0,0,0,0,0,0,1
3508033,1,1,1,1,1,1,0
3508224,1,1,1,0,0,1,0
3508869,1,1,1,1,1,1,0
3508911,1,1,1,1,1,1,0
3509337,1,1,1,1,1,1,0
3509789,0,0,0,0,0,0,1
3510629,1,1,1,1,1,1,0
3510956,1,1,1,1,1,1,0
3510979,1,1,1,1,1,1,0
3512484,1,1,1,1,1,1,0
3512505,1,1,1,1,1,1,0
3512526,1,1,1,0,0,1,1
3513552,0,0,0,0,0,0,1
3513596,0,0,0,0,0,0,1
3514746,1,1,1,1,1,1,0
3515268,1,1,1,1,1,1,0
3515388,1,1,1,0,0,1,0
3515477,1,1,1,0,0,1,1
3515836,1,0,0,0,0,0,1
3516454,1,1,1,1,1,1,0
3517004,1,0,0,0,0,0,1
3517793,1,1,1,0,0,1,0
3518147,1,1,1,0,0,1,0
3520159,1,1,1,1,1,1,0
3520732,1,1,1,1,1,1,0
3521831,1,1,1,1,0,0,1
3522092,1,1,1,1,1,1,0
3522444,1,1,1,0,0,1,0
3522657,0,0,0,0,0,0,0
3523424,1,1,1,1,1,1,0
3523634,1,1,1,0,0,1,0
3523679,1,0,0,0,0,0,1
3524345,1,1,1,1,1,1,0
3524392,1,1,1,0,0,0,1
3524648,1,1,1,1,1,1,0
3524790,1,1,1,1,1,1,0
3524957,1,1,1,0,0,1,0
3525287,1,1,1,1,1,1,0
3525644,1,1,1,1,1,1,0
3526237,1,1,1,1,1,1,0
3526765,1,1,1,1,1,1,0
3527576,1,1,1,1,1,1,0
3527665,1,1,1,1,1,1,0
3527905,1,1,1,1,1,1,0
3528690,1,1,1,0,0,1,1
3528881,0,0,0,0,0,0,1
3528948,1,1,1,1,1,1,0
3529109,1,1,1,1,1,1,0
3530021,1,1,1,0,0,1,1
3531812,1,1,1,0,0,1,0
3532144,0,0,0,0,0,0,1
3532455,1,1,1,0,0,1,0
3533938,1,1,1,0,0,1,1
3534052,1,1,1,1,1,1,0
3534891,1,1,1,1,1,1,0
3535148,1,1,0,0,0,0,1
3536082,1,1,1,1,1,1,0
3536128,1,1,1,0,0,1,0
3536289,1,1,1,0,0,1,0
3536311,1,1,1,1,1,1,0
3536861,1,1,1,0,0,1,1
3536975,0,0,0,0,0,0,1
3537426,1,1,1,1,1,1,0
3538045,1,1,1,1,1,1,0
3538067,1,1,1,1,1,1,0
3539528,1,1,1,1,1,1,0
3539712,1,1,1,0,0,1,1
3540432,1,1,1,1,1,1,0
3544053,1,1,1,0,0,1,0
3544622,1,1,1,0,0,1,0
3545241,1,1,1,0,0,1,0
3545263,1,1,1,0,0,1,0
3545307,0,0,0,0,0,0,1
3546337,1,1,1,0,0,0,1
3546451,1,1,1,1,1,1,0
3546900,1,1,1,0,0,1,0
3546921,1,1,1,1,1,1,0
3547325,0,0,0,0,0,0,1
3547612,1,1,1,0,0,1,0
3548160,0,0,0,0,0,0,1
3548709,1,1,0,0,0,0,1
3548844,1,1,1,0,0,1,1
3549205,0,0,0,0,0,0,1
3549272,1,1,1,1,1,1,0
3549769,1,1,1,0,0,1,1
3550416,0,0,0,0,0,0,1
3551778,1,1,1,0,0,1,0
3553623,1,1,1,0,0,1,0
3554459,1,1,1,1,1,1,0
3556036,0,0,0,0,0,0,0
3556397,1,1,1,0,0,1,0
3556965,1,0,0,0,0,0,0
3557612,1,1,1,0,0,1,0
3557681,1,1,1,1,1,1,0
3558970,1,1,1,0,0,1,0
3561200,1,1,1,0,0,1,1
3561651,1,1,1,0,0,1,0
3562870,1,1,1,0,0,1,1
3563224,1,1,1,0,0,1,0
3564157,1,1,1,0,0,1,0
3564418,1,1,1,0,0,1,1
3564873,1,1,1,0,0,1,0
3566304,1,1,1,0,0,1,1
3566782,1,1,1,0,0,1,1
3567090,0,0,0,0,0,0,1
3567256,1,1,1,0,0,1,1
3568688,1,1,1,0,0,1,1
3568831,1,1,1,0,0,1,0
3569832,1,1,1,0,0,1,1
3569876,0,0,0,0,0,0,1
3570811,1,1,1,1,1,1,0
3571333,1,1,1,0,0,1,0
3571640,1,1,1,0,0,1,1
3572049,1,1,1,0,0,1,0
3573024,1,1,1,1,1,1,0
3573503,1,1,1,0,0,1,1
3574216,1,1,1,1,1,1,0
3574262,1,1,1,0,0,1,0
3574379,1,1,1,1,1,1,0
3574424,1,1,1,0,0,0,0
3574849,1,1,1,0,0,1,1
3575036,1,1,1,1,1,1,0
3575347,1,1,1,1,1,1,0
3575512,0,0,0,0,0,0,1
3576154,1,1,1,0,0,1,1
3577423,1,1,1,0,0,1,1
3578308,0,0,0,0,0,0,1
3578445,1,1,1,0,0,1,1
3578923,1,1,1,1,1,1,0
3579088,1,0,0,0,0,0,1
3579205,1,1,1,0,0,1,0
3580401,1,1,1,1,1,1,0
3582216,1,1,1,0,0,1,0
3582452,0,0,0,0,0,0,1
3582572,1,1,1,0,0,1,1
3583020,0,0,0,0,0,0,1
3583330,1,1,1,0,0,1,0
3583952,1,1,1,1,1,1,0
3585264,1,1,1,0,0,1,1
3585480,1,1,1,1,1,1,0
3585617,1,1,1,0,0,1,0
3586095,1,1,1,0,0,1,0
3586376,1,1,1,1,1,1,0
3586903,0,0,0,0,0,0,1
3587116,1,1,1,1,1,1,0
3587569,1,1,1,0,0,1,0
3587585,1,1,1,0,0,1,1
3587844,1,1,1,0,0,1,1
3589280,1,1,1,1,1,1,0
3589541,1,1,1,1,1,1,0
3590400,1,1,1,1,1,1,0
3590494,1,1,1,0,0,1,0
3591520,1,1,1,1,1,1,0
3592668,1,1,1,1,1,1,0
3593578,1,1,1,1,1,1,0
3594079,1,1,1,0,0,1,0
3594123,0,0,0,0,0,0,1
3594164,1,1,1,1,0,0,1
3594208,0,0,0,0,0,0,1
3594280,1,1,1,0,0,1,0
3594733,1,1,1,0,0,1,0
3595660,1,1,1,1,1,1,0
3595947,1,1,1,1,1,1,0
3596113,1,1,1,1,1,1,0
3596705,1,1,1,1,0,0,0
3596892,1,1,1,1,1,1,0
3597252,1,0,0,0,0,0,1
3598060,1,1,1,1,0,0,1
3598153,1,1,1,1,1,1,0
3598247,1,1,1,0,0,1,1
3598314,1,1,1,0,0,1,1
3598408,1,1,1,1,1,1,0
3599049,1,1,1,1,1,1,0
3599212,1,1,1,1,1,1,0
3599523,1,1,1,1,1,1,0
3599592,1,1,1,1,1,1,0
3599658,1,1,1,1,1,1,0
3600061,1,1,1,1,0,0,1
3600588,1,1,0,0,0,0,1
3600847,1,1,1,1,1,1,0
3600890,1,1,1,1,1,1,0
3600956,1,1,1,1,1,1,0
3601508,1,1,1,0,0,0,1
3601836,1,1,1,1,0,0,1
3601839,1,1,1,1,1,1,0
3601974,1,1,1,1,1,1,0
3602548,1,1,1,1,1,1,0
3603236,1,1,1,1,1,1,0
3603241,1,1,1,0,0,1,0
3604069,1,1,1,1,0,1,1
3604260,1,1,1,1,1,1,0
3604495,1,1,1,1,1,1,0
3604637,1,1,1,1,1,1,0
3604989,1,1,1,1,1,1,0
3605128,1,1,1,1,1,1,0
3605534,1,1,1,0,0,1,1
3605651,1,1,1,1,1,1,0
3605721,1,1,1,1,1,1,0
3606169,1,1,1,1,1,1,0
3606500,1,1,1,1,1,1,0
3606594,0,0,0,0,0,0,1
3606905,1,1,1,1,1,1,0
3606947,1,1,1,1,1,1,0
3607493,1,1,1,1,1,1,0
3607683,1,0,0,0,0,0,1
3607873,1,1,1,1,1,1,0
3607936,1,1,1,1,1,1,0
3608726,1,1,1,1,1,1,0
3608960,1,1,1,1,1,1,0
3608963,1,1,1,1,1,1,0
3609049,1,1,1,1,1,1,0
3609841,1,1,1,1,1,1,0
3609856,1,1,1,1,1,1,0
3610190,1,1,1,1,0,0,1
3610666,0,0,0,0,0,0,1
3611285,1,1,1,1,1,1,0
3611380,1,1,1,1,0,0,0
3611878,1,1,1,1,1,1,0
3611923,1,1,1,0,0,1,1
3612017,1,1,1,1,1,1,0
3612228,1,1,1,1,1,1,0
3612701,1,1,1,1,1,1,0
3613037,1,1,1,1,1,1,0
3613392,1,1,1,1,1,1,0
3613819,1,1,1,1,1,1,0
3614317,1,1,1,1,1,1,0
3614509,1,1,1,1,1,1,0
3614528,1,1,1,1,1,1,0
3615456,0,0,0,0,0,0,1
3615767,1,1,1,1,1,1,0
3615861,1,1,1,1,1,1,0
3616597,1,1,1,0,0,1,1
3616836,1,1,1,1,1,1,0
3617240,0,0,0,0,0,0,1
3617549,1,1,1,1,1,1,0
3617591,1,1,1,1,1,1,0
3617728,1,1,1,1,1,1,0
3618181,1,1,1,1,1,1,0
3618492,1,1,1,1,1,1,0
3618652,1,1,1,1,1,1,0
3618795,1,1,1,1,1,1,0
3618865,1,1,1,1,1,1,0
3619002,1,1,1,1,0,0,0
3619573,1,1,1,1,1,1,0
3619576,1,1,1,1,1,1,0
3619591,0,0,0,0,0,0,1
3619877,1,1,1,1,1,1,0
3619988,1,1,1,1,1,1,0
3620516,1,1,1,1,1,1,0
3620942,1,0,0,0,0,0,1
3621488,1,1,1,1,1,1,0
3621581,0,0,0,0,0,0,1
3621677,1,1,1,0,0,1,1
3621838,1,1,1,1,1,1,0
3621980,1,1,1,1,1,1,0
3622428,1,1,1,1,1,1,0
3622666,1,1,1,1,1,1,0
3622829,1,1,1,1,1,1,0
3623832,1,0,0,0,0,0,1
3623997,1,1,1,1,1,1,0
3624068,1,1,1,0,0,1,1
3624086,1,1,1,1,1,1,0
3626049,1,1,1,1,1,1,0
3626670,1,0,0,0,0,0,1
3626739,1,1,1,0,0,1,0
3626976,1,1,1,1,1,1,0
3627186,0,0,0,0,0,0,1
3628167,1,1,1,0,0,0,1
3628837,1,1,1,1,0,0,0
3628878,1,1,1,0,0,1,1
3629427,1,1,1,1,1,1,0
3629976,1,1,1,0,0,0,1
3630232,1,1,1,1,0,0,1
3630469,1,1,1,0,0,1,1
3630514,1,1,1,1,1,1,0
3630632,1,0,0,0,0,0,1
3630771,1,1,1,1,1,1,0
3630865,1,1,1,0,0,1,1
3631529,1,1,1,1,1,1,0
3631530,1,1,1,0,0,0,1
3631616,1,0,0,0,0,0,1
3631640,1,0,0,0,0,0,1
3631971,1,1,1,1,1,1,0
3632636,1,1,1,1,0,0,1
3632754,1,1,1,1,0,0,1
3633207,0,0,0,0,0,0,1
3633489,1,1,1,1,1,1,0
3633752,1,1,1,0,0,1,1
3633936,1,1,1,1,1,1,0
3634126,1,1,1,1,1,1,0
3634964,1,1,1,1,1,1,0
3635101,1,1,1,1,1,1,0
3635266,1,1,1,1,0,0,1
3635716,1,1,1,1,1,1,0
3636145,1,1,1,1,1,1,0
3637102,1,1,1,1,1,1,0
3637337,1,1,1,1,1,1,0
3638009,1,1,1,0,0,1,0
3639181,1,0,0,0,0,0,1
3640375,0,0,0,0,0,0,0
3640898,1,1,1,1,1,1,0
3641207,1,0,0,0,0,0,1
3642140,1,1,1,0,0,1,0
3642158,1,1,0,0,0,0,1
3642896,1,1,1,1,0,0,0
3643016,1,1,1,1,1,1,0
3643660,0,0,0,0,0,0,1
3644350,1,1,1,0,0,1,1
3644513,1,0,0,0,0,0,0
3644824,1,1,1,1,1,1,0
3645274,1,1,1,1,1,1,0
3645293,1,0,0,0,0,0,1
3645504,1,1,1,1,0,1,1
3645840,1,1,1,1,1,1,0
3646341,0,0,0,0,0,0,0
3646668,1,1,1,1,1,1,0
3646689,1,1,1,1,1,1,0
3647792,1,1,1,1,1,1,0
3647905,1,1,1,1,1,1,0
3647972,1,1,1,1,1,1,0
3648141,1,1,1,1,1,1,0
3648351,1,1,1,0,0,1,0
3648394,1,1,1,1,1,1,0
3648776,1,1,1,1,1,1,0
3649009,1,1,1,1,1,1,0
3649105,1,1,1,1,1,1,0
3650465,1,1,1,1,1,1,0
3650729,1,1,1,1,1,1,0
3650936,1,1,1,1,1,1,0
3651103,1,1,1,1,1,1,0
3651146,1,1,1,1,1,1,0
3651432,1,1,1,1,0,0,1
3652101,1,1,1,1,1,1,0
3652237,1,0,0,0,0,0,1
3652714,1,1,1,1,1,1,0
3652855,1,1,1,1,1,1,0
3653764,1,1,1,1,1,1,0
3653804,1,1,1,1,1,1,0
3653808,0,0,0,0,0,0,1
3654065,1,1,1,1,1,1,0
3654729,1,1,1,1,1,1,0
3655328,1,1,1,1,1,1,0
3655329,1,1,1,1,1,1,0
3655583,1,1,1,1,1,1,0
3655624,1,1,1,1,1,1,0
3655934,1,1,1,1,0,0,1
3656365,1,1,1,1,1,1,0
3656575,1,1,1,1,1,1,0
3656928,1,1,1,1,1,1,0
3657168,1,1,1,1,1,1,0
3657715,1,1,1,1,1,1,0
3657758,1,1,1,1,1,1,0
3658213,1,1,1,1,1,1,0
3658400,1,1,1,1,1,1,0
3658728,1,1,1,1,1,1,0
3659567,1,1,1,1,1,1,0
3659569,1,1,1,1,1,1,0
3659872,1,1,1,1,1,1,0
3660586,1,1,1,1,1,1,0
3660700,1,1,1,1,0,0,1
3660891,1,1,1,1,0,0,1
3660935,0,0,0,0,0,0,1
3661413,1,1,1,1,1,1,0
3661454,1,1,1,1,1,1,0
3661857,1,1,1,0,0,1,0
3663030,1,1,1,1,1,1,0
3663073,1,1,1,1,1,1,0
3663075,1,1,1,1,1,1,0
3663692,1,1,1,1,1,1,0
3664143,1,1,1,1,1,1,0
3664233,1,1,1,1,1,1,0
3664254,1,1,1,1,1,1,0
3664853,1,1,1,0,0,1,1
3665566,1,1,1,1,1,1,0
3665681,1,1,1,1,1,1,0
3665871,1,1,1,1,1,1,0
3665892,1,1,1,1,1,1,0
3666077,0,0,0,0,0,0,1
3666243,0,0,0,0,0,0,1
3666244,1,0,0,0,0,0,1
3666283,0,0,0,0,0,0,1
3666879,1,0,0,0,0,0,1
3666881,1,1,1,1,1,1,0
3666989,1,1,1,1,1,1,0
3667034,1,1,1,1,1,1,0
3667319,0,0,0,0,0,0,1
3667648,1,1,1,1,1,1,0
3668125,1,1,1,1,1,1,0
3668293,1,1,1,1,1,1,0
3668383,1,1,1,1,1,1,0
3668760,1,1,1,1,1,1,0
3668763,0,0,0,0,0,0,1
3669113,1,1,1,1,1,1,0
3669185,1,1,1,1,1,1,0
3669997,1,1,1,1,1,1,0
3670063,1,1,1,1,1,1,0
3670704,1,1,1,1,1,1,0
3671349,1,1,1,1,1,1,0
3671728,1,1,1,1,1,1,0
3671871,1,1,1,1,1,1,0
3672085,1,1,1,1,1,1,0
3672221,1,1,1,1,1,1,0
3673032,1,1,1,1,1,1,0
3673105,1,1,1,1,1,1,0
3673147,1,1,1,1,1,1,0
3673360,1,1,1,0,0,1,0
3673929,1,1,1,1,1,1,0
3674166,1,1,1,0,0,1,0
3674189,1,1,1,1,1,1,0
3674518,0,0,0,0,0,0,1
3674520,1,1,1,1,1,1,0
3674846,0,0,0,0,0,0,1
3675181,1,1,1,1,1,1,0
3675343,1,1,1,1,1,1,0
3675385,1,1,1,1,1,1,0
3675934,1,1,1,1,1,1,0
3676052,1,1,1,1,1,1,0
3676121,1,1,1,1,0,0,1
3676235,1,1,1,1,1,1,0
3676373,1,1,1,1,1,1,0
3676826,1,1,1,1,1,1,0
3676968,1,1,1,1,1,1,0
3677131,1,1,1,1,1,1,0
3677150,0,0,0,0,0,0,1
3678084,1,1,1,1,1,1,0
3678438,1,1,1,1,1,1,0
3679492,1,1,1,1,1,1,0
3679607,0,0,0,0,0,0,1
3679770,1,1,1,1,1,1,0
3680148,1,1,1,0,0,0,0
3680603,1,1,1,1,1,1,0
3680694,1,1,1,1,1,1,0
3680716,1,1,1,1,1,1,0
3681596,1,1,1,0,0,0,1
3681599,1,1,1,1,1,1,0
3681712,1,1,1,1,1,1,0
3681923,0,0,0,0,0,0,1
3682780,1,1,1,1,1,1,0
3682970,1,1,1,1,0,0,1
3683063,1,1,1,1,1,1,0
3683253,1,1,1,0,0,1,0
3683416,1,1,1,0,0,0,1
3683505,1,1,1,0,0,0,0
3683692,0,0,0,0,0,0,1
3684362,1,1,1,1,1,1,0
3684363,1,0,0,0,0,0,1
3684713,1,1,1,1,1,1,0
3684785,1,0,0,0,0,0,1
3685333,0,0,0,0,0,0,1
3685448,1,1,1,1,1,1,0
3685729,1,1,1,1,1,1,0
3686305,1,1,1,1,1,1,0
3686780,1,1,1,1,0,0,1
3686824,0,0,0,0,0,0,1
3690872,0,0,0,0,0,0,0
3691252,0,0,0,0,0,0,1
3691538,1,1,1,0,0,1,0
3691539,0,0,0,0,0,0,0
3691672,0,0,0,0,0,0,1
3691693,0,0,0,0,0,0,1
3692987,1,1,1,1,1,1,0
3693052,1,1,1,1,1,1,0
3693074,1,1,1,1,1,1,0
3693309,1,1,1,1,1,1,0
3693477,0,0,0,0,0,0,0
3694000,1,1,1,0,0,1,0
3694211,1,1,1,1,1,1,0
3694329,1,1,1,1,0,0,1
3694420,0,0,0,0,0,0,1
3695016,1,0,0,0,0,0,1
3695876,0,0,0,0,0,0,1
3696089,1,1,1,1,1,1,0
3696301,0,0,0,0,0,0,1
3696896,1,1,1,1,1,1,0
3697229,0,0,0,0,0,0,1
3697968,1,1,1,1,1,1,0
3698445,1,1,1,1,1,1,0
3700212,0,0,0,0,0,0,0
3700234,1,1,1,1,0,0,0
3700257,1,1,1,1,1,1,0
3700465,0,0,0,0,0,0,0
3701132,1,1,1,0,0,0,1
3701274,1,1,1,0,0,0,1
3701367,0,0,0,0,0,0,0
3701389,1,1,1,1,1,1,0
3701694,0,0,0,0,0,0,1
3702360,1,1,1,1,0,0,1
3702551,1,1,1,1,0,0,1
3702621,1,1,1,1,1,1,0
3703070,1,1,1,1,1,1,0
3703858,1,0,0,0,0,0,1
3703859,1,1,1,1,1,1,0
3703949,1,1,1,1,1,1,0
3704903,1,1,1,1,1,1,0
3705042,1,1,1,1,0,0,1
3705112,1,1,1,0,0,1,0
3705541,1,1,1,1,1,1,0
3705896,1,0,0,0,0,0,1
3706179,1,1,1,1,1,1,0
3706246,1,1,1,1,1,1,0
3706290,0,0,0,0,0,0,1
3706672,0,0,0,0,0,0,1
3706712,1,1,1,0,0,0,1
3707478,1,1,1,1,1,1,0
3707593,1,1,1,0,0,1,0
3707637,0,0,0,0,0,0,1
3707896,1,1,1,0,0,0,1
3712721,0,0,0,0,0,0,0
3713363,1,1,1,0,0,0,0
3713864,0,0,0,0,0,0,0
3714197,0,0,0,0,0,0,1
3714670,1,1,1,0,0,0,0
3714833,0,0,0,0,0,0,0
3715092,0,0,0,0,0,0,0
3719437,1,1,1,1,1,1,0
3720559,1,1,1,0,0,0,0
3721060,1,1,1,0,0,1,0
3721533,1,1,1,1,1,1,0
3721866,0,0,0,0,0,0,0
3721912,1,1,1,1,1,1,0
3722288,1,1,1,0,0,0,0
3722293,1,1,1,0,0,1,1
3722355,1,1,1,1,1,1,0
3723145,1,1,1,1,1,1,0
3723233,1,1,1,1,1,1,0
3723304,1,1,1,1,1,1,0
3723346,1,1,1,1,1,1,0
3723388,1,1,1,1,1,1,0
3724179,1,1,1,1,1,1,0
3724437,1,1,1,1,1,1,0
3724456,1,1,1,1,1,1,0
3724458,1,1,1,1,1,1,0
3724548,1,1,1,1,1,1,0
3724569,1,1,1,1,1,1,0
3725020,0,0,0,0,0,0,1
3725159,1,1,1,1,1,1,0
3725466,1,1,1,1,1,1,0
3725532,1,1,1,1,1,1,0
3725601,1,1,1,1,1,1,0
3726080,1,1,1,1,1,1,0
3726482,1,1,1,1,1,1,0
3726717,1,1,1,1,1,1,0
3727101,1,1,1,1,1,1,0
3727216,1,1,1,1,1,1,0
3727450,1,1,1,1,1,1,0
3727615,1,1,1,1,1,1,0
3727897,1,1,1,1,1,1,0
3728209,1,1,1,1,1,1,0
3728320,1,1,1,1,1,1,0
3729732,1,1,1,0,0,0,1
3730117,1,1,1,0,0,1,1
3731549,1,1,1,0,0,1,1
3732938,1,1,1,1,1,1,0
3733489,1,1,1,1,0,1,1
3733601,1,1,1,1,1,1,0
3734392,1,1,1,0,0,1,0
3734795,1,1,1,0,0,1,0
3734862,1,1,1,0,0,0,1
3735005,1,1,1,1,0,0,1
3735285,1,1,1,0,0,0,1
3735620,1,1,1,1,1,1,0
3735878,1,1,1,1,1,1,0
3736573,1,1,1,1,1,1,0
3736591,1,1,1,1,1,1,0
3736896,1,1,1,0,0,1,0
3737040,1,1,1,1,1,1,0
3737084,0,0,0,0,0,0,1
3737389,1,1,1,1,1,1,0
3737845,1,1,1,1,1,1,0
3737887,1,1,1,1,1,1,0
3738312,1,1,1,1,1,1,0
3738381,1,1,1,1,1,1,0
3738763,1,1,1,1,1,1,0
3739601,1,1,1,1,1,1,0
3739784,1,1,1,1,1,1,0
3740308,1,0,0,0,0,0,1
3740379,1,1,1,1,1,1,0
3740423,0,0,0,0,0,0,1
3740920,1,0,0,0,0,0,1
3740923,1,0,0,0,0,0,1
3740937,1,1,1,1,1,1,0
3741249,1,1,1,1,1,1,0
3741412,1,1,1,1,1,1,0
3742585,1,1,1,1,1,1,0
3742628,1,1,1,1,1,1,0
3742644,1,1,1,1,1,1,0
3743002,1,1,1,0,0,1,0
3743644,1,1,1,1,1,1,0
3744052,1,1,1,1,1,1,0
3744070,1,1,1,1,1,1,0
3744093,1,0,0,0,0,0,1
3744253,1,1,1,1,1,1,0
3745045,1,1,1,1,1,1,0
3745208,1,1,1,1,1,1,0
3745224,1,1,1,1,1,1,0
3745629,1,1,1,1,1,1,0
3746205,1,1,1,1,1,1,0
3746628,1,1,1,1,1,1,0
3746652,1,1,1,1,1,1,0
3747149,1,1,1,1,1,1,0
3747628,1,1,1,1,1,1,0
3747668,1,1,1,1,1,1,0
3748051,1,1,1,1,0,0,0
3748069,1,1,1,1,1,1,0
3748073,1,1,1,1,0,0,1
3748350,1,1,1,0,0,1,1
3748584,1,1,1,1,1,1,0
3748628,0,0,0,0,0,0,1
3748867,1,1,1,1,1,1,0
3749272,1,1,1,1,1,1,0
3749337,1,1,1,1,1,1,0
3749572,1,1,1,1,1,1,0
3749979,1,1,1,1,1,1,0
3750357,1,1,1,1,1,1,0
3750378,1,1,1,1,1,1,0
3750902,0,0,0,0,0,0,1
3751497,1,1,1,1,1,1,0
3751593,1,1,1,1,1,1,0
3751659,1,1,1,1,1,1,0
3751918,1,1,1,1,1,1,0
3752276,1,1,1,1,0,0,1
3752489,1,1,1,1,1,1,0
3752531,1,1,1,1,1,1,0
3752958,1,1,1,1,1,1,0
3753172,1,1,1,1,1,1,0
3753454,0,0,0,0,0,0,1
3753525,1,1,1,1,1,1,0
3753568,0,0,0,0,0,0,1
3753611,1,1,1,1,1,1,0
3754470,1,1,1,1,1,1,0
3754472,1,1,1,1,1,1,0
3754537,1,1,1,1,1,1,0
3754747,1,1,1,1,1,1,0
3755005,0,0,0,0,0,0,1
3755460,1,1,1,1,1,1,0
3755599,1,1,1,1,1,1,0
3755642,1,1,1,1,1,1,0
3755645,1,1,1,1,1,1,0
3756141,1,0,0,0,0,0,1
3756591,1,1,1,1,1,1,0
3756680,0,0,0,0,0,0,0
3757086,1,1,1,1,1,1,0
3757349,1,1,1,1,1,1,0
3757559,1,1,1,1,1,1,0
3757696,1,1,1,1,1,1,0
3758273,1,1,1,1,1,1,0
3758386,1,1,1,1,1,1,0
3758528,1,1,1,0,0,1,1
3758688,1,1,1,1,1,1,0
3758999,1,1,1,1,1,1,0
3759616,1,1,1,1,1,1,0
3759760,1,1,1,1,1,1,0
3759802,1,1,1,1,1,1,0
3760015,1,1,1,1,1,1,0
3760565,1,1,1,1,0,1,1
3760820,1,1,1,1,1,1,0
3760866,1,1,1,1,1,1,0
3761103,1,1,1,1,1,1,0
3761677,1,1,1,1,1,1,0
3761838,1,1,1,1,1,1,0
3762121,1,1,1,0,0,1,0
3762769,1,1,1,1,1,1,0
3763073,1,1,1,1,1,1,0
3763116,1,1,1,0,0,1,1
3763306,1,1,1,1,1,1,0
3763665,1,1,1,1,1,1,0
3764041,1,1,1,1,1,1,0
3764060,1,1,1,1,1,1,0
3764394,1,1,1,1,1,1,0
3764633,1,1,1,1,1,1,0
3764913,1,1,1,1,1,1,0
3764932,1,1,1,1,1,1,0
3765653,1,1,1,1,1,1,0
3766006,1,1,1,1,1,1,0
3766072,1,1,1,1,1,1,0
3766117,1,1,1,1,1,1,0
3766741,1,1,1,1,1,1,0
3766880,1,1,1,0,0,1,0
3766924,0,0,0,0,0,0,1
3767109,1,1,1,1,1,1,0
3767152,1,1,1,1,1,1,0
3767174,1,1,1,1,1,1,0
3767653,1,1,1,1,1,1,0
3768052,1,1,1,1,1,1,0
3768219,1,1,1,0,0,1,0
3768478,1,1,1,1,1,1,0
3768644,1,1,1,1,1,1,0
3769073,1,1,1,1,1,1,0
3769089,1,1,1,1,1,1,0
3769156,1,1,1,1,1,1,0
3769586,1,1,1,1,1,1,0
3770039,1,1,1,1,1,1,0
3770301,1,1,1,1,1,1,0
3770512,1,1,1,0,0,1,1
3770816,1,1,1,1,1,1,0
3771149,1,1,1,1,1,1,0
3771339,1,1,1,0,0,0,1
3771478,1,1,1,1,0,0,1
3771668,1,1,1,1,1,1,0
3772001,1,1,1,1,1,1,0
3772836,1,1,1,1,1,1,0
3772929,1,1,1,1,1,1,0
3773136,1,1,1,1,1,1,0
3773231,1,1,1,1,1,1,0
3773418,1,1,1,1,1,1,0
3773992,1,1,1,1,1,1,0
3774109,1,1,1,1,1,1,0
3774319,1,1,1,1,1,1,0
3774840,1,1,1,1,1,1,0
3774886,1,1,1,1,1,1,0
3775077,1,1,1,1,1,1,0
3775263,1,1,1,1,1,1,0
3775356,1,1,1,1,1,1,0
3775953,1,1,1,1,1,1,0
3775968,1,1,1,1,1,1,0
3776014,1,1,1,1,1,1,0
3776227,1,1,1,1,1,1,0
3776228,1,1,1,1,1,1,0
3776893,1,1,1,1,1,1,0
3777200,1,1,1,1,1,1,0
3777240,1,1,1,1,1,1,0
3777503,1,1,1,1,1,1,0
3777546,1,1,1,1,1,1,0
3778261,1,1,1,1,0,0,0
3778716,1,1,1,1,1,1,0
3778782,1,1,1,1,1,1,0
3779045,1,1,1,1,1,1,0
3779399,1,1,1,1,1,1,0
3779441,1,1,1,1,1,1,0
3779443,0,0,0,0,0,0,1
3779456,1,1,1,1,1,1,0
3779934,1,1,1,1,1,1,0
3779956,1,0,0,0,0,0,1
3780217,1,1,1,1,1,1,0
3780497,1,1,1,1,1,1,0
3780516,1,1,1,1,1,1,0
3781355,1,1,1,1,1,1,0
3781449,1,1,1,1,1,1,0
3781636,1,1,1,1,1,1,0
3781797,1,1,1,1,1,1,0
3782418,1,1,1,1,0,0,1
3782585,1,1,1,1,1,1,0
3783152,1,1,1,1,0,0,1
3783344,1,1,1,1,1,1,0
3783601,1,1,1,1,1,1,0
3783740,0,0,0,0,0,0,1
3783836,0,0,0,0,0,0,1
3784073,1,1,1,1,1,1,0
3784160,0,0,0,0,0,0,1
3784350,1,1,1,1,1,1,0
3784777,1,1,1,1,1,1,0
3784896,1,1,1,1,1,1,0
3785396,0,0,0,0,0,0,1
3785436,1,1,1,1,1,1,0
3785725,1,1,1,1,1,1,0
3786628,1,1,1,1,1,1,0
3786700,1,1,1,1,1,1,0
3786701,1,1,1,1,1,1,0
3786857,1,1,1,1,1,1,0
3787068,0,0,0,0,0,0,1
3787073,0,0,0,0,0,0,1
3787664,1,1,1,1,1,1,0
3788213,1,1,1,1,1,1,0
3788277,1,1,1,1,1,1,0
3788467,1,1,1,1,0,0,0
3788556,1,1,1,1,1,1,0
3788892,0,0,0,0,0,0,1
3790252,1,1,1,1,1,1,0
3790824,1,0,0,0,0,0,1
3791160,1,1,1,1,1,1,0
3791490,1,1,1,1,0,0,0
3792084,1,1,1,1,1,1,0
3792204,1,1,1,1,1,1,0
3792438,1,1,1,1,1,1,0
3793156,1,1,1,1,1,1,0
3793172,1,1,1,1,1,1,0
3793605,1,1,1,0,0,1,1
3794126,1,1,1,1,1,1,0
3795298,1,1,1,1,1,1,0
3795437,1,1,1,1,0,0,0
3795627,1,1,1,0,0,1,0
3796105,1,1,1,1,0,0,1
3796312,1,1,1,0,0,0,1
3796358,1,1,1,1,1,1,0
3796545,1,1,1,1,1,1,0
3797335,1,1,1,1,1,1,0
3797616,1,1,1,1,1,1,0
3797638,1,1,1,1,1,1,0
3797969,1,1,1,1,1,1,0
3798447,1,1,1,1,1,1,0
3798661,1,1,1,1,1,1,0
3798820,1,0,0,0,0,0,1
3799443,1,1,1,1,1,1,0
3799460,1,0,0,0,0,0,1
3800300,1,1,1,0,0,0,0
3800724,1,1,1,1,1,1,0
3800727,1,1,1,1,1,1,0
3801704,1,1,1,1,1,1,0
3801840,1,1,1,1,1,1,0
3803060,0,0,0,0,0,0,1
3803084,1,1,1,1,1,1,0
3804444,1,1,1,1,0,1,1
3804564,1,1,1,1,1,1,0
3804798,1,1,1,0,0,1,0
3805129,1,1,1,0,0,1,0
3805173,0,0,0,0,0,0,1
3805552,1,1,1,1,1,1,0
3805555,1,1,1,0,0,1,1
3805572,1,1,1,1,1,1,0
3805616,0,0,0,0,0,0,1
3805805,1,1,1,1,0,0,0
3805849,0,0,0,0,0,0,1
3806297,1,1,1,1,1,1,0
3806655,1,1,1,1,1,1,0
3806965,1,1,1,1,1,1,0
3807009,0,0,0,0,0,0,1
3807316,1,1,1,1,1,1,0
3807332,1,1,1,1,1,1,0
3807425,1,1,1,1,1,1,0
3808289,1,1,1,1,0,1,1
3808596,1,1,1,1,1,1,0
3808663,1,1,1,1,1,1,0
3809453,1,1,1,1,1,1,0
3810047,1,1,1,1,1,1,0
3810236,1,1,1,1,1,1,0
3811049,1,1,1,0,0,1,1
3811236,1,1,1,1,1,1,0
3811279,1,1,1,1,1,1,0
3811922,1,1,1,0,0,1,0
3812423,1,1,1,1,1,1,0
3812708,1,1,1,1,1,1,0
3812801,1,1,1,1,1,1,0
3812962,1,1,1,1,1,1,0
3813608,1,1,1,1,1,1,0
3813749,1,1,1,1,1,1,0
3814484,1,1,1,0,0,1,0
3814577,1,1,1,0,0,1,0
3814718,1,1,1,1,0,0,1
3814837,1,1,1,1,1,1,0
3815793,1,1,1,1,1,1,0
3815978,1,1,1,1,1,1,0
3816188,1,1,1,1,1,1,0
3816789,1,1,1,1,1,1,0
3817070,1,1,1,1,1,1,0
3817328,1,1,1,1,1,1,0
3818118,1,1,1,1,1,1,0
3818162,0,0,0,0,0,0,1
3818276,1,1,1,1,1,1,0
3819114,1,1,1,1,1,1,0
3819300,1,1,1,1,1,1,0
3819563,1,1,1,0,0,1,0
3819701,1,1,1,1,1,1,0
3820224,1,1,1,1,1,1,0
3820463,1,1,1,1,1,1,0
3820674,1,1,1,1,1,1,0
3820717,1,1,1,1,1,1,0
3820740,1,1,1,0,0,1,0
3821308,1,1,1,1,1,1,0
3821499,1,1,1,1,1,1,0
3821613,1,1,1,1,1,1,0
3822140,1,1,1,1,1,1,0
3822372,1,1,1,1,1,1,0
3822778,1,1,1,1,1,1,0
3823039,1,1,1,1,1,1,0
3823156,1,1,1,1,1,1,0
3823220,1,1,1,1,1,1,0
3823241,1,1,1,1,1,1,0
3823913,1,1,1,1,0,0,0
3823954,0,0,0,0,0,0,1
3824000,1,1,1,1,1,1,0
3824044,0,0,0,0,0,0,1
3824111,1,1,1,1,1,1,0
3824320,1,1,1,1,1,1,0
3824341,1,1,1,1,1,1,0
3825157,1,1,1,1,1,1,0
3825196,1,1,1,1,1,1,0
3825267,1,1,1,1,1,1,0
3825309,1,1,1,1,1,1,0
3826101,1,1,1,1,1,1,0
3826263,1,1,1,1,1,1,0
3826640,1,1,1,1,1,1,0
3827596,1,1,1,1,1,1,0
3827809,1,1,1,1,0,1,1
3828167,1,1,1,1,1,1,0
3828712,1,1,1,1,1,1,0
3829069,1,1,1,1,1,1,0
3829832,1,1,1,1,1,1,0
3830333,1,1,1,1,1,1,0
3830977,0,0,0,0,0,0,1
3831094,1,1,1,0,0,1,0
3831188,1,1,1,0,0,1,0
3831300,1,1,1,0,0,1,1
3831945,1,1,1,1,1,1,0
3832544,1,1,1,1,1,1,0
3832704,1,1,1,1,1,1,0
3832798,1,1,1,1,1,1,0
3832841,1,1,1,1,1,1,0
3833249,0,0,0,0,0,0,0
3833436,1,1,1,1,1,1,0
3833957,1,1,1,1,1,1,0
3834170,1,1,1,1,1,1,0
3834173,1,1,1,1,1,1,0
3834280,1,1,1,1,0,0,1
3834544,1,1,1,1,1,1,0
3834801,1,1,1,1,1,1,0
3834920,0,0,0,0,0,0,1
3835299,1,1,1,1,0,0,0
3836061,1,1,1,1,1,1,0
3836155,0,0,0,0,0,0,1
3836272,1,1,1,1,1,1,0
3836362,1,1,1,1,1,1,0
3836428,1,1,1,1,1,1,0
3836645,1,1,1,1,0,0,1
3837119,1,1,1,1,1,1,0
3837164,0,0,0,0,0,0,1
3837564,1,1,1,1,1,1,0
3837874,1,1,1,1,1,1,0
3837993,1,1,1,1,1,1,0
3838177,1,1,1,1,0,0,1
3838532,1,1,1,1,1,1,0
3838917,1,1,1,1,1,1,0
3839006,1,1,1,1,1,1,0
3839504,1,1,1,1,1,1,0
3839597,0,0,0,0,0,0,1
3839837,1,1,1,1,1,1,0
3839878,1,1,1,1,1,1,0
3840664,1,1,1,1,1,1,0
3840686,1,1,1,1,1,1,0
3840945,1,1,1,1,1,1,0
3840993,1,1,1,1,1,1,0
3841632,1,1,1,1,1,1,0
3842017,1,1,1,1,1,1,0
3842082,1,1,1,1,1,1,0
3842149,1,1,1,1,1,1,0
3842816,1,1,1,1,1,1,0
3843197,1,1,1,1,1,1,0
3843437,1,1,1,1,1,1,0
3843574,1,1,1,1,1,1,0
3844168,1,1,1,1,1,1,0
3844239,1,1,1,0,0,1,0
3844284,1,1,1,0,0,1,0
3844473,1,1,1,1,1,1,0
3844490,1,1,1,1,1,1,0
3844943,0,0,0,0,0,0,1
3845420,1,1,1,1,1,1,0
3845534,1,1,1,1,1,1,0
3845578,0,0,0,0,0,0,1
3845673,1,1,1,1,1,1,0
3845688,1,1,1,1,1,1,0
3846432,1,1,1,1,1,1,0
3846573,1,1,1,1,1,1,0
3846854,1,1,1,1,1,1,0
3846855,1,1,1,0,0,1,1
3847761,1,1,1,1,1,1,0
3848236,1,1,1,1,1,1,0
3848300,1,1,1,0,0,1,1
3848611,1,1,1,1,1,1,0
3848726,1,1,1,1,1,1,0
3848749,1,1,1,1,1,1,0
3849556,1,1,1,1,1,1,0
3849580,1,1,1,1,1,1,0
3849745,1,1,1,1,1,1,0
3849763,1,1,1,1,1,1,0
3850309,1,1,1,0,0,1,0
3850310,1,1,1,1,0,0,1
3850449,0,0,0,0,0,0,1
3850492,1,1,1,1,1,1,0
3851015,1,1,1,1,1,1,0
3851200,1,1,1,1,1,1,0
3851533,1,1,1,1,1,1,0
3851676,1,1,1,1,1,1,0
3851677,1,1,1,1,1,1,0
3851785,0,0,0,0,0,0,1
3852068,1,1,1,1,1,1,0
3852138,1,1,1,1,1,1,0
3852303,1,1,1,1,1,1,0
3852541,1,1,1,1,1,1,0
3852988,1,1,1,1,1,1,0
3853443,1,1,1,1,1,1,0
3853461,1,1,1,1,1,1,0
3854369,1,1,1,1,1,1,0
3854412,1,1,1,1,1,1,0
3854723,1,1,1,1,1,1,0
3855317,1,1,1,1,1,1,0
3855648,1,1,1,1,1,1,0
3856033,1,1,1,1,1,1,0
3856505,1,1,1,1,1,1,0
3856524,1,1,1,1,1,1,0
3856740,1,1,1,1,1,1,0
3857142,1,1,1,1,1,1,0
3857424,1,1,1,1,1,1,0
3857429,1,1,1,1,1,1,0
3857801,1,1,1,1,1,1,0
3858400,1,1,1,1,1,1,0
3858421,1,1,1,1,1,1,0
3858465,0,0,0,0,0,0,1
3859057,1,1,1,1,1,1,0
3859296,1,1,1,1,1,1,0
3859672,1,1,1,1,1,1,0
3859674,1,1,1,1,1,1,0
3859885,1,1,1,1,0,0,1
3859973,1,1,1,1,1,1,0
3860236,1,1,1,1,1,1,0
3860900,1,1,1,1,1,1,0
3861281,1,1,1,1,0,0,1
3861804,1,1,1,1,1,1,0
3861848,0,0,0,0,0,0,1
3861851,1,1,1,0,0,0,0
3862105,1,1,1,1,1,1,0
3862176,1,1,1,1,1,1,0
3862699,1,1,1,1,1,1,0
3863172,1,1,1,1,1,1,0
3863268,1,1,1,1,1,1,0
3863285,1,1,1,1,1,1,0
3864264,0,0,0,0,0,0,1
3865488,1,1,1,1,1,1,0
3865624,1,1,1,1,1,1,0
3866822,1,1,1,1,0,0,0
3867037,1,1,1,1,0,0,0
3867124,1,1,1,1,1,1,0
3867724,1,1,1,1,1,1,0
3867889,1,1,1,1,1,1,0
3867930,1,1,1,1,1,1,0
3867996,1,1,1,1,1,1,0
3868330,0,0,0,0,0,0,1
3868352,1,0,0,0,0,0,1
3868512,1,0,0,0,0,0,1
3868680,0,0,0,0,0,0,1
3869632,1,1,1,1,1,1,0
3869798,0,0,0,0,0,0,1
3869843,1,1,1,0,0,1,0
3870033,1,1,1,0,0,0,1
3870100,0,0,0,0,0,0,1
3870429,1,1,1,0,0,0,0
3870690,1,1,1,1,1,1,0
3870829,0,0,0,0,0,0,1
3870949,1,1,1,1,1,1,0
3871016,1,1,1,1,1,1,0
3871131,1,1,1,1,1,1,0
3872137,1,1,1,1,1,1,0
3872347,1,1,1,1,1,1,0
3873133,1,1,1,1,1,1,0
3873204,1,1,1,1,1,1,0
3873608,0,0,0,0,0,0,1
3873609,1,1,1,1,0,0,1
3873623,1,1,1,1,1,1,0
3874457,1,1,1,1,1,1,0
3874623,1,1,1,1,1,1,0
3875434,1,1,1,1,0,0,1
3875911,1,1,1,1,1,1,0
3876050,1,0,0,0,0,0,1
3876764,1,1,1,1,0,0,0
3877099,1,1,1,1,1,1,0
3877238,1,1,1,1,1,1,0
3877692,1,1,1,1,0,0,1
3877756,1,1,1,1,1,1,0
3877761,1,1,1,1,0,0,1
3877965,1,1,1,1,0,0,1
3878059,1,1,1,1,1,1,0
3878222,1,1,1,1,1,1,0
3878916,1,1,1,1,1,1,0
3879103,1,1,1,1,1,1,0
3879504,1,1,1,1,1,1,0
3879625,1,1,1,1,0,0,1
3879713,1,1,1,1,1,1,0
3879926,1,1,1,1,1,1,0
3880621,1,1,1,1,1,1,0
3880805,1,1,1,1,1,1,0
3880852,1,1,1,1,0,0,1
3880918,1,1,1,1,1,1,0
3881753,1,1,1,1,1,1,0
3881846,1,1,1,1,1,1,0
3882179,1,1,1,1,0,0,1
3882292,1,1,1,1,1,1,0
3882794,1,1,1,1,1,1,0
3883316,1,1,1,1,1,1,0
3883652,1,1,1,1,1,1,0
3884340,1,1,1,1,1,1,0
3884747,1,1,1,1,0,0,1
3884791,0,0,0,0,0,0,1
3884858,1,1,1,1,1,1,0
3885289,1,1,1,1,1,1,0
3885425,1,1,1,1,0,0,1
3885516,1,1,1,1,1,1,0
3885684,1,1,1,1,1,1,0
3886111,1,1,1,1,1,1,0
3886418,1,1,1,1,1,1,0
3886436,1,1,1,1,1,1,0
3886700,1,1,1,1,1,1,0
3887033,1,1,1,1,1,1,0
3887603,1,1,1,1,1,1,0
3887668,1,1,1,0,0,0,1
3887740,1,1,1,1,1,1,0
3888025,1,1,1,1,1,1,0
3888716,1,1,1,1,1,1,0
3888804,1,1,1,1,1,1,0
3889309,1,1,1,1,1,1,0
3890024,1,1,1,1,1,1,0
3890621,1,1,1,1,1,1,0
3891000,1,1,1,1,1,1,0
3891352,1,0,0,0,0,0,1
3891737,1,1,1,1,1,1,0
3892284,1,1,1,1,1,1,0
3892565,1,1,1,1,0,1,0
3893570,1,1,1,0,0,1,0
3893737,1,1,1,1,1,1,0
3894717,1,1,1,1,1,1,0
3894734,1,1,1,1,1,1,0
3894755,1,1,1,0,0,0,0
3895228,1,1,1,1,1,1,0
3896211,1,1,1,1,1,1,0
3896401,1,1,1,1,1,1,0
3897643,1,1,1,1,1,1,0
3898719,1,1,1,1,1,1,0
3899146,1,1,1,1,1,1,0
3899456,1,1,1,0,0,1,0
3899737,1,1,1,0,0,1,0
3900142,1,1,1,1,1,1,0
3900163,1,1,1,1,1,1,0
3901864,1,1,1,1,1,1,0
3901883,1,1,1,1,1,1,0
3902189,1,1,1,1,1,1,0
3902400,1,1,1,0,0,1,0
3903262,1,1,1,1,0,0,1
3903281,1,1,1,1,1,1,0
3903444,1,1,1,1,1,1,0
3903565,1,1,1,0,0,1,0
3904207,1,1,1,1,1,1,0
3904393,1,1,1,1,1,1,0
3904609,1,1,1,1,1,1,0
3905416,1,1,1,1,1,1,0
3905798,1,1,1,1,1,1,0
3906013,1,1,1,1,1,1,0
3906966,1,1,1,1,1,1,0
3907104,1,1,1,1,1,1,0
3907225,1,1,1,1,1,1,0
3907652,1,1,1,1,1,1,0
3908054,1,1,1,1,1,1,0
3908532,1,1,1,1,1,1,0
3908913,1,1,1,1,1,1,0
3909964,1,1,1,1,1,1,0
3910153,1,1,1,1,1,1,0
3910266,1,1,1,1,1,1,0
3911270,1,1,1,1,1,1,0
3911363,0,0,0,0,0,0,0
3911549,1,0,0,0,0,0,0
3912721,1,1,1,1,1,1,0
3912768,1,1,1,1,1,1,0
3913077,1,1,1,1,0,0,1
3913598,1,1,1,1,1,1,0
3913713,1,1,1,1,1,1,0
3913856,1,1,1,1,1,1,0
3913875,1,1,1,1,1,1,0
3914209,1,1,1,1,1,1,0
3914248,1,1,1,0,0,1,0
3914678,1,1,1,1,1,1,0
3914745,1,1,1,1,1,1,0
3914816,1,1,1,1,1,1,0
3914883,1,1,1,1,1,1,0
3915385,1,1,1,1,1,1,0
3915689,1,1,1,1,1,1,0
3915712,1,1,1,1,1,1,0
3915968,1,1,1,1,1,1,0
3916087,1,1,1,1,1,1,0
3916229,1,1,1,1,1,1,0
3916823,0,0,0,0,0,0,1
3916960,1,1,1,1,1,1,0
3917030,1,1,1,1,1,1,0
3917052,0,0,0,0,0,0,1
3917481,1,1,1,1,1,1,0
3917763,1,1,1,1,1,1,0
3917924,1,1,1,1,1,1,0
3918330,1,1,1,1,1,1,0
3918332,1,1,1,1,1,1,0
3918517,1,1,1,1,1,1,0
3918629,1,1,1,0,0,1,1
3919656,1,1,1,0,0,1,1
3919992,1,1,1,1,0,1,1
3920009,1,1,1,0,0,1,1
3920556,1,1,1,1,1,1,0
3920889,1,1,1,1,1,1,0
3920934,1,1,1,0,0,1,1
3921412,1,1,1,1,1,1,0
3921524,1,1,1,1,1,1,0
3921859,1,1,1,0,0,0,1
3922597,1,1,1,1,1,1,0
3922789,1,1,1,1,0,1,1
3922854,1,1,1,1,1,1,0
3922944,1,1,1,1,1,1,0
3923637,1,1,1,1,1,1,0
3923757,1,1,1,1,1,1,0
3923798,1,1,1,1,1,1,0
3923816,1,1,1,1,1,1,0
3924605,1,1,1,1,1,1,0
3924653,1,1,1,1,1,1,0
3925007,1,1,1,0,0,1,1
3925529,1,1,1,1,1,1,0
3926199,1,1,1,1,1,1,0
3926433,1,1,1,1,1,1,0
3927341,1,1,1,1,1,1,0
3927964,1,1,1,1,0,1,1
3928341,1,1,1,1,1,1,0
3929348,1,0,0,0,0,0,1
3930280,1,1,1,1,1,1,0
3930970,1,1,1,0,0,0,0
3930988,1,1,1,0,0,1,0
3931228,1,1,1,1,1,1,0
3931272,0,0,0,0,0,0,1
3931821,1,1,1,0,0,1,0
3931838,1,1,1,1,1,1,0
3931861,0,0,0,0,0,0,1
3932212,1,1,1,1,1,1,0
3932523,1,1,1,0,0,1,1
3932828,0,0,0,0,0,0,1
3932850,1,1,1,1,1,1,0
3933160,1,1,1,1,1,1,0
3933754,1,1,1,1,1,1,0
3933965,1,1,1,0,0,1,1
3934373,1,1,1,0,0,1,1
3934895,1,1,1,1,1,1,0
3936907,1,1,1,1,1,1,0
3936976,1,1,1,0,0,1,1
3937020,0,0,0,0,0,0,1
3937064,0,0,0,0,0,0,1
3940008,1,1,1,0,0,1,0
3940942,1,1,1,0,0,1,0
3940984,1,1,1,0,0,0,1
3940986,0,0,0,0,0,0,1
3941145,1,1,1,0,0,1,0
3941553,1,1,1,0,0,1,0
3941976,1,1,1,0,0,0,1
3942166,1,1,1,0,0,0,1
3943029,1,1,1,1,1,1,0
3944079,1,1,1,0,0,1,0
3944244,1,1,1,0,0,1,0
3944889,1,1,1,0,0,0,1
3944955,1,1,1,1,1,1,0
3945312,1,1,1,1,1,1,0
3945907,1,1,1,1,1,1,0
3945909,1,1,1,1,1,1,0
3947435,1,1,1,1,1,1,0
3948057,1,1,1,1,1,1,0
3948313,1,1,1,0,0,1,0
3948315,1,1,1,1,1,1,0
3949005,1,1,1,1,1,1,0
3949140,1,1,1,0,0,1,0
3949308,1,1,1,0,0,1,1
3949326,1,1,1,0,0,1,0
3949369,1,1,1,1,1,1,0
3949873,1,1,1,1,1,1,0
3950489,1,1,1,1,1,1,0
3950844,1,1,1,1,1,1,0
3951610,1,1,1,1,1,1,0
3952518,1,1,1,1,1,1,0
3952680,1,1,1,1,1,1,0
3953497,1,1,1,1,1,1,0
3953608,1,1,1,1,1,1,0
3953630,1,1,1,1,1,1,0
3954536,1,1,1,1,1,1,0
3954561,1,1,1,1,1,1,0
3955154,1,1,1,1,1,1,0
3955463,1,1,1,0,0,1,0
3955504,1,1,1,1,1,1,0
3955961,1,1,1,1,1,1,0
3956050,1,1,1,1,1,1,0
3956311,1,1,1,1,1,1,0
3956452,1,1,1,0,0,1,0
3956900,1,1,1,1,1,1,0
3956902,1,1,1,1,1,1,0
3956921,1,1,1,1,1,1,0
3957348,1,1,1,1,1,1,0
3957629,1,1,1,0,0,1,0
3958082,1,1,1,1,1,1,0
3958464,1,1,1,1,1,1,0
3958529,1,1,1,1,1,1,0
3958841,1,1,1,1,1,1,0
3958928,1,1,1,1,1,1,0
3958974,1,1,1,1,1,1,0
3959596,1,1,1,1,1,1,0
3959900,1,1,1,1,1,1,0
3959905,1,1,1,1,1,1,0
3960182,1,1,1,1,1,1,0
3960465,1,1,1,1,1,1,0
3960468,1,1,1,1,1,1,0
3961106,1,1,1,1,1,1,0
3961153,0,0,0,0,0,0,1
3961288,1,1,1,1,1,1,0
3961529,0,0,0,0,0,0,1
3961596,1,1,1,1,1,1,0
3962334,1,1,1,1,1,1,0
3962352,1,1,1,1,1,1,0
3962401,1,1,1,1,1,1,0
3962445,0,0,0,0,0,0,1
3962656,1,1,1,1,1,1,0
3963129,1,1,1,1,1,1,0
3963222,1,1,1,1,1,1,0
3963384,1,1,1,1,1,1,0
3963407,1,1,1,0,0,1,0
3963717,1,1,1,1,1,1,0
3963808,1,1,1,1,1,1,0
3964186,1,1,1,1,1,1,0
3964277,1,1,1,1,1,1,0
3964368,1,1,1,1,1,1,0
3964583,1,1,1,1,1,1,0
3964820,1,1,1,1,1,1,0
3965273,1,1,1,1,1,1,0
3965362,1,1,1,1,1,1,0
3965692,1,1,1,1,1,1,0
3965763,1,1,1,1,1,1,0
3965928,1,1,1,1,1,1,0
3966189,1,1,1,1,1,1,0
3966470,1,1,1,1,1,1,0
3966565,0,0,0,0,0,0,1
3966604,1,1,1,1,1,1,0
3967036,1,1,1,1,1,1,0
3967390,1,1,1,1,1,1,0
3967629,1,1,1,1,1,1,0
3967668,1,1,1,1,1,1,0
3968600,1,1,1,1,1,1,0
3968649,1,1,1,1,1,1,0
3969701,1,1,1,1,1,1,0
3970849,1,1,1,1,1,1,0
3971417,1,1,1,0,0,1,0
3972401,1,1,1,1,1,1,0
3972657,1,1,1,1,1,1,0
3972919,1,1,1,1,0,0,0
3973325,1,1,1,1,1,1,0
3973653,1,1,1,1,1,1,0
3973795,1,1,1,1,1,1,0
3974200,1,1,1,1,0,1,0
3974554,1,1,1,0,0,1,0
3974743,1,1,1,1,1,1,0
3975100,1,1,1,1,1,1,0
3975406,1,1,1,1,1,1,0
3975571,1,1,1,1,1,1,0
3975756,1,1,1,1,0,0,0
3975757,1,1,1,0,0,1,1
3976064,1,1,1,1,1,1,0
3976129,0,0,0,0,0,0,1
3976294,1,1,1,1,1,1,0
3976411,1,1,1,1,1,1,0
3976620,1,1,1,1,1,1,0
3977196,1,1,1,1,1,1,0
3977455,1,1,1,1,1,1,0
3977498,1,1,1,1,1,1,0
3977499,0,0,0,0,0,0,1
3977609,1,1,1,1,1,1,0
3977772,1,1,1,1,1,1,0
3978132,1,1,1,1,1,1,0
3978176,0,0,0,0,0,0,1
3978220,0,0,0,0,0,0,1
3978334,1,1,1,1,1,1,0
3978335,1,1,1,1,1,1,0
3978445,1,1,1,1,1,1,0
3978704,1,1,1,1,1,1,0
3979016,1,1,1,1,1,1,0
3979275,1,1,1,1,1,1,0
3979556,1,1,1,1,1,1,0
3979650,1,1,1,1,1,1,0
3980080,1,1,1,1,1,1,0
3980267,1,1,1,1,1,1,0
3980409,0,0,0,0,0,0,0
3980618,1,1,1,1,1,1,0
3981000,1,1,1,1,1,1,0
3981136,1,1,1,1,1,1,0
3981139,1,1,1,1,1,1,0
3981634,1,1,1,1,1,1,0
3982037,1,1,1,1,1,1,0
3982040,1,1,1,1,1,1,0
3982196,1,1,1,1,1,1,0
3982818,1,1,1,1,1,1,0
3982909,1,1,1,1,1,1,0
3982956,1,1,1,1,1,1,0
3983164,1,1,1,1,1,1,0
3983379,1,1,1,1,1,1,0
3983830,1,1,1,1,1,1,0
3983945,1,1,1,1,1,1,0
3984040,1,1,1,1,1,1,0
3984203,1,1,1,1,1,1,0
3984247,0,0,0,0,0,0,1
3985056,1,1,1,1,1,1,0
3985223,1,1,1,1,1,1,0
3986104,1,1,1,1,1,1,0
3986247,1,1,0,0,0,0,1
3986868,1,1,1,1,0,0,1
3986908,1,1,1,1,1,1,0
3987533,1,1,1,0,0,1,0
3987623,1,1,1,1,1,1,0
3988265,1,1,1,0,0,1,1
3988769,1,1,1,1,0,0,1
3989579,1,1,1,1,1,1,0
3989621,1,1,1,1,1,1,0
3989693,1,1,1,1,0,0,1
3990453,1,1,1,1,1,1,0
3990619,1,1,1,1,1,1,0
3990974,1,1,1,0,0,1,0
3991305,1,1,1,1,1,1,0
3991328,1,1,1,0,0,1,1
3991802,1,1,1,1,1,1,0
3991803,1,1,1,1,1,1,0
3992201,1,1,1,1,1,1,0
3992272,1,1,1,1,1,1,0
3992699,1,1,1,1,1,1,0
3993149,1,1,1,0,0,0,1
3993170,1,1,1,1,1,1,0
3994029,1,1,1,1,1,1,0
3994048,1,1,1,0,0,1,0
3994070,1,1,1,1,1,1,0
3994857,1,1,1,1,1,1,0
3994950,1,1,1,1,1,1,0
3995040,1,1,1,1,1,1,0
3995084,0,0,0,0,0,0,1
3995633,1,1,1,1,1,1,0
3995868,1,1,1,1,1,1,0
3996776,1,1,1,1,1,1,0
3996825,1,1,1,0,0,1,0
3996937,1,1,1,1,1,1,0
3997940,1,1,1,1,1,1,0
3997965,1,1,1,1,1,1,0
3998389,1,1,1,1,1,1,0
3999080,1,1,1,1,1,1,0
3999085,1,1,1,1,1,1,0
3999412,1,1,1,0,0,1,0
3999839,1,1,1,0,0,1,0
3999881,1,1,1,1,1,1,0
3999972,1,1,1,1,1,1,0
