step,picked,placed_v2,farside,slide_event,home,nested_v2,tipped
7200,0,0,0,0,0,0,0
7201,0,0,0,0,0,0,0
7202,0,0,0,0,0,0,0
7203,0,0,0,0,0,0,0
7204,0,0,0,0,0,0,0
7205,0,0,0,0,0,0,0
8691,0,0,0,0,0,0,1
14396,0,0,0,0,0,0,0
14397,0,0,0,0,0,0,0
14398,0,0,0,0,0,0,0
14400,0,0,0,0,0,0,0
14401,0,0,0,0,0,0,0
14688,0,0,0,0,0,0,1
15887,0,0,0,0,0,0,0
21593,0,0,0,0,0,0,0
21594,0,0,0,0,0,0,0
21596,0,0,0,0,0,0,0
21597,0,0,0,0,0,0,0
21888,0,0,0,0,0,0,0
23087,0,0,0,0,0,0,0
23588,0,0,0,0,0,0,1
23653,0,0,0,0,0,0,1
28786,0,0,0,0,0,0,0
28789,0,0,0,0,0,0,0
29088,0,0,0,0,0,0,0
29520,0,0,0,0,0,0,1
30283,0,0,0,0,0,0,0
30853,0,0,0,0,0,0,0
35986,0,0,0,0,0,0,0
35989,0,0,0,0,0,0,0
36288,0,0,0,0,0,0,0
36720,0,0,0,0,0,0,0
37483,0,0,0,0,0,0,0
37740,1,0,0,0,0,0,1
37861,1,0,0,0,0,0,1
38045,0,0,0,0,0,0,0
38330,1,0,0,0,0,0,1
40366,1,0,0,0,0,0,1
41946,0,0,0,0,0,0,1
43912,0,0,0,0,0,0,0
44675,0,0,0,0,0,0,0
44932,0,0,0,0,0,0,0
45053,0,0,0,0,0,0,0
45237,0,0,0,0,0,0,0
49146,0,0,0,0,0,0,0
51112,0,0,0,0,0,0,0
51875,0,0,0,0,0,0,0
52132,0,0,0,0,0,0,0
52253,0,0,0,0,0,0,0
52437,0,0,0,0,0,0,0
56346,0,0,0,0,0,0,0
58312,0,0,0,0,0,0,0
59075,0,0,0,0,0,0,0
59332,0,0,0,0,0,0,0
59453,0,0,0,0,0,0,0
59637,0,0,0,0,0,0,0
63546,0,0,0,0,0,0,0
64142,0,0,0,0,0,0,1
65508,0,0,0,0,0,0,0
66271,0,0,0,0,0,0,0
66528,0,0,0,0,0,0,0
66649,0,0,0,0,0,0,0
66833,0,0,0,0,0,0,0
67959,0,0,0,0,0,0,1
68843,0,0,0,0,0,0,1
71334,0,0,0,0,0,0,0
72700,0,0,0,0,0,0,0
73724,0,0,0,0,0,0,0
73845,0,0,0,0,0,0,0
74029,0,0,0,0,0,0,0
75300,0,0,0,0,0,0,1
76039,0,0,0,0,0,0,0
78530,0,0,0,0,0,0,0
80924,0,0,0,0,0,0,0
81045,0,0,0,0,0,0,0
81229,0,0,0,0,0,0,0
82500,0,0,0,0,0,0,0
83239,0,0,0,0,0,0,0
85730,0,0,0,0,0,0,0
88124,0,0,0,0,0,0,0
88245,0,0,0,0,0,0,0
88429,0,0,0,0,0,0,0
89700,0,0,0,0,0,0,0
90104,0,0,0,0,0,0,1
90435,0,0,0,0,0,0,0
90721,0,0,0,0,0,0,1
92467,0,0,0,0,0,0,1
92918,0,0,0,0,0,0,0
95312,0,0,0,0,0,0,0
95621,0,0,0,0,0,0,0
96869,0,0,0,0,0,0,1
97296,0,0,0,0,0,0,0
98348,0,0,0,0,0,0,1
99663,0,0,0,0,0,0,0
100114,0,0,0,0,0,0,0
100158,0,0,0,0,0,0,1
100202,0,0,0,0,0,0,1
100246,0,0,0,0,0,0,1
102496,0,0,0,0,0,0,0
102805,0,0,0,0,0,0,0
104053,0,0,0,0,0,0,0
105536,0,0,0,0,0,0,0
106851,0,0,0,0,0,0,0
107446,0,0,0,0,0,0,0
109696,0,0,0,0,0,0,0
110005,0,0,0,0,0,0,0
111253,0,0,0,0,0,0,0
112736,0,0,0,0,0,0,0
114051,0,0,0,0,0,0,0
114646,0,0,0,0,0,0,0
116896,0,0,0,0,0,0,0
117205,0,0,0,0,0,0,0
118453,0,0,0,0,0,0,0
119936,0,0,0,0,0,0,0
121251,0,0,0,0,0,0,0
121846,0,0,0,0,0,0,0
122012,0,0,0,0,0,0,1
124092,0,0,0,0,0,0,0
124401,0,0,0,0,0,0,0
125649,0,0,0,0,0,0,0
128451,0,0,0,0,0,0,0
129046,0,0,0,0,0,0,0
129212,0,0,0,0,0,0,0
131292,0,0,0,0,0,0,0
131601,0,0,0,0,0,0,0
132388,0,0,0,0,0,0,1
132845,0,0,0,0,0,0,0
134300,0,0,0,0,0,0,1
135643,0,0,0,0,0,0,0
136238,0,0,0,0,0,0,0
136404,0,0,0,0,0,0,0
138797,0,0,0,0,0,0,0
140045,0,0,0,0,0,0,0
141500,0,0,0,0,0,0,0
142461,0,0,0,0,0,0,1
142839,0,0,0,0,0,0,0
143434,0,0,0,0,0,0,0
143600,0,0,0,0,0,0,0
145993,0,0,0,0,0,0,0
148700,0,0,0,0,0,0,0
149661,0,0,0,0,0,0,0
150039,0,0,0,0,0,0,0
150634,0,0,0,0,0,0,0
150800,0,0,0,0,0,0,0
153193,0,0,0,0,0,0,0
155900,0,0,0,0,0,0,0
156861,0,0,0,0,0,0,0
157239,0,0,0,0,0,0,0
157834,0,0,0,0,0,0,0
158000,0,0,0,0,0,0,0
158280,0,0,0,0,0,0,1
158421,0,0,0,0,0,0,1
162281,0,0,0,0,0,0,1
163120,0,0,0,0,0,0,1
164053,0,0,0,0,0,0,0
164431,0,0,0,0,0,0,0
165026,0,0,0,0,0,0,0
165264,1,0,0,0,0,0,1
165472,0,0,0,0,0,0,0
166863,0,0,0,0,0,0,1
169473,0,0,0,0,0,0,0
169901,0,0,0,0,0,0,1
171073,0,0,0,0,0,0,1
171241,0,0,0,0,0,0,0
172049,0,0,0,0,0,0,1
172214,0,0,0,0,0,0,0
172452,0,0,0,0,0,0,0
172660,0,0,0,0,0,0,0
173880,1,0,0,0,0,0,1
174047,0,0,0,0,0,0,0
174688,0,0,0,0,0,0,1
176484,0,0,0,0,0,0,1
177201,0,0,0,0,0,0,1
178425,0,0,0,0,0,0,0
179402,0,0,0,0,0,0,0
179640,0,0,0,0,0,0,0
180426,0,0,0,0,0,0,1
181046,0,0,0,0,0,0,1
181235,0,0,0,0,0,0,0
183676,0,0,0,0,0,0,0
184393,0,0,0,0,0,0,0
185617,0,0,0,0,0,0,0
186836,0,0,0,0,0,0,0
187361,0,0,0,0,0,0,1
188242,0,0,0,0,0,0,0
188431,0,0,0,0,0,0,0
189650,0,0,0,0,0,0,1
190868,0,0,0,0,0,0,0
191585,0,0,0,0,0,0,0
194032,0,0,0,0,0,0,0
194557,0,0,0,0,0,0,0
195631,0,0,0,0,0,0,0
196850,0,0,0,0,0,0,0
198068,0,0,0,0,0,0,0
198785,0,0,0,0,0,0,0
200917,1,0,0,0,0,0,1
201228,0,0,0,0,0,0,0
201753,0,0,0,0,0,0,0
202827,0,0,0,0,0,0,0
203905,0,0,0,0,0,0,1
204042,0,0,0,0,0,0,0
205260,0,0,0,0,0,0,0
205691,1,0,0,0,0,0,1
208109,0,0,0,0,0,0,0
208420,0,0,0,0,0,0,0
211105,0,0,0,0,0,0,0
211242,0,0,0,0,0,0,0
212460,0,0,0,0,0,0,0
212891,0,0,0,0,0,0,0
215309,0,0,0,0,0,0,0
215426,0,0,0,0,0,0,1
215616,0,0,0,0,0,0,0
218301,0,0,0,0,0,0,0
219375,0,0,0,0,0,0,1
219656,0,0,0,0,0,0,0
222509,0,0,0,0,0,0,0
222626,0,0,0,0,0,0,0
222816,0,0,0,0,0,0,0
222954,0,0,0,0,0,0,1
223981,0,0,0,0,0,0,1
225493,0,0,0,0,0,0,0
226567,0,0,0,0,0,0,0
226848,0,0,0,0,0,0,0
226892,0,0,0,0,0,0,1
230012,0,0,0,0,0,0,0
230150,0,0,0,0,0,0,0
231177,0,0,0,0,0,0,0
231872,0,0,0,0,0,0,1
231961,0,0,0,0,0,0,1
232681,0,0,0,0,0,0,0
233755,0,0,0,0,0,0,0
234084,0,0,0,0,0,0,0
237346,0,0,0,0,0,0,0
239072,0,0,0,0,0,0,0
239161,0,0,0,0,0,0,0
239424,0,0,0,0,0,0,1
239877,0,0,0,0,0,0,0
240951,0,0,0,0,0,0,0
241280,0,0,0,0,0,0,0
243030,0,0,0,0,0,0,1
245186,0,0,0,0,0,0,1
246357,0,0,0,0,0,0,0
246620,0,0,0,0,0,0,0
247073,0,0,0,0,0,0,0
247545,1,0,0,0,0,0,1
248143,0,0,0,0,0,0,0
248472,0,0,0,0,0,0,0
249888,1,0,0,0,0,0,1
251420,0,0,0,0,0,0,1
251460,0,0,0,0,0,0,1
252370,0,0,0,0,0,0,0
252484,0,0,0,0,0,0,1
254261,0,0,0,0,0,0,0
254733,0,0,0,0,0,0,0
255331,0,0,0,0,0,0,0
255809,0,0,0,0,0,0,1
255853,0,0,0,0,0,0,1
255893,0,0,0,0,0,0,1
258604,0,0,0,0,0,0,0
258693,0,0,0,0,0,0,1
259554,0,0,0,0,0,0,0
259668,0,0,0,0,0,0,0
262523,0,0,0,0,0,0,0
263049,0,0,0,0,0,0,0
263717,0,0,0,0,0,0,1
265800,0,0,0,0,0,0,0
265889,0,0,0,0,0,0,0
266750,0,0,0,0,0,0,0
266864,0,0,0,0,0,0,0
268135,0,0,0,0,0,0,1
268229,0,0,0,0,0,0,1
268820,0,0,0,0,0,0,1
269514,0,0,0,0,0,0,1
270040,1,0,0,0,0,0,1
270634,0,0,0,0,0,0,1
270871,1,0,0,0,0,0,1
272908,1,0,0,0,0,0,1
273069,0,0,0,0,0,0,0
275421,0,0,0,0,0,0,0
276012,1,0,0,0,0,0,0
277834,0,0,0,0,0,0,0
278071,1,0,0,0,0,0,0
278115,0,0,0,0,0,0,1
278204,0,0,0,0,0,0,1
279474,1,0,0,0,0,0,1
280096,0,0,0,0,0,0,0
280257,0,0,0,0,0,0,0
281188,0,0,0,0,0,0,1
282605,0,0,0,0,0,0,0
283100,1,0,0,0,0,0,1
285307,0,0,0,0,0,0,0
286670,0,0,0,0,0,0,0
287170,0,0,0,0,0,0,1
287288,0,0,0,0,0,0,0
287449,0,0,0,0,0,0,0
289801,0,0,0,0,0,0,0
290296,0,0,0,0,0,0,0
292503,0,0,0,0,0,0,0
294370,0,0,0,0,0,0,0
294488,0,0,0,0,0,0,0
294649,0,0,0,0,0,0,0
295989,0,0,0,0,0,0,1
296997,0,0,0,0,0,0,0
297492,0,0,0,0,0,0,0
299699,0,0,0,0,0,0,0
301566,0,0,0,0,0,0,0
301684,0,0,0,0,0,0,0
303189,0,0,0,0,0,0,0
304197,0,0,0,0,0,0,0
304692,0,0,0,0,0,0,0
306440,0,0,0,0,0,0,1
306895,0,0,0,0,0,0,0
308762,0,0,0,0,0,0,0
308880,0,0,0,0,0,0,0
310385,0,0,0,0,0,0,0
311393,0,0,0,0,0,0,0
313640,0,0,0,0,0,0,0
314095,0,0,0,0,0,0,0
314139,0,0,0,0,0,0,1
314736,0,0,0,0,0,0,1
315309,1,0,0,0,0,0,1
315950,0,0,0,0,0,0,0
317577,0,0,0,0,0,0,0
320836,0,0,0,0,0,0,0
321339,0,0,0,0,0,0,0
321936,0,0,0,0,0,0,0
322509,0,0,0,0,0,0,0
323150,0,0,0,0,0,0,0
324180,0,0,0,0,0,0,1
324773,0,0,0,0,0,0,0
328032,0,0,0,0,0,0,0
328535,0,0,0,0,0,0,0
329709,0,0,0,0,0,0,0
330350,0,0,0,0,0,0,0
331380,0,0,0,0,0,0,0
331973,0,0,0,0,0,0,0
335232,0,0,0,0,0,0,0
335735,0,0,0,0,0,0,0
336449,0,0,0,0,0,0,1
336905,0,0,0,0,0,0,0
337453,0,0,0,0,0,0,1
337542,0,0,0,0,0,0,0
338572,0,0,0,0,0,0,0
339816,1,0,0,0,0,0,1
341513,0,0,0,0,0,0,1
342420,0,0,0,0,0,0,0
342923,0,0,0,0,0,0,0
344524,0,0,0,0,0,0,1
344645,0,0,0,0,0,0,0
344734,0,0,0,0,0,0,0
345904,1,0,0,0,0,0,1
347008,0,0,0,0,0,0,0
347149,1,0,0,0,0,0,1
348701,0,0,0,0,0,0,0
350115,0,0,0,0,0,0,0
351934,1,1,1,0,0,0,0
353104,0,0,0,0,0,0,0
354208,0,0,0,0,0,0,0
354349,0,0,0,0,0,0,0
355615,0,0,0,0,0,0,1
355897,0,0,0,0,0,0,0
359134,0,0,0,0,0,0,0
359443,0,0,0,0,0,0,1
360300,0,0,0,0,0,0,0
361404,0,0,0,0,0,0,0
361543,1,0,0,0,0,0,1
361545,0,0,0,0,0,0,0
361798,1,0,0,0,0,0,1
363089,0,0,0,0,0,0,0
363112,0,0,0,0,0,0,1
363853,0,0,0,0,0,0,1
364877,0,0,0,0,0,0,1
364899,0,0,0,0,0,0,1
364917,0,0,0,0,0,0,1
364939,0,0,0,0,0,0,1
367476,0,0,0,0,0,0,0
368389,1,0,0,0,0,0,1
368431,0,0,0,0,0,0,1
368978,0,0,0,0,0,0,0
370296,0,0,0,0,0,0,0
372113,0,0,0,0,0,0,0
374676,0,0,0,0,0,0,0
375589,0,0,0,0,0,0,0
375631,0,0,0,0,0,0,0
376178,0,0,0,0,0,0,0
376268,0,0,0,0,0,0,1
377492,0,0,0,0,0,0,0
379309,0,0,0,0,0,0,0
379740,0,0,0,0,0,0,1
379877,0,0,0,0,0,0,1
382656,0,0,0,0,0,0,1
382777,0,0,0,0,0,0,0
382819,0,0,0,0,0,0,0
383366,0,0,0,0,0,0,0
386940,0,0,0,0,0,0,0
387077,0,0,0,0,0,0,0
387081,0,0,0,0,0,0,1
387431,0,0,0,0,0,0,1
388173,0,0,0,0,0,0,1
388720,0,0,0,0,0,0,1
389840,0,0,0,0,0,0,0
390558,0,0,0,0,0,0,0
391613,0,0,0,0,0,0,1
392736,0,0,0,0,0,0,1
392755,0,0,0,0,0,0,1
394261,0,0,0,0,0,0,0
397040,0,0,0,0,0,0,0
397396,0,0,0,0,0,0,1
397754,0,0,0,0,0,0,0
398809,0,0,0,0,0,0,0
399932,0,0,0,0,0,0,0
399951,0,0,0,0,0,0,0
401457,0,0,0,0,0,0,0
404596,0,0,0,0,0,0,0
404954,0,0,0,0,0,0,0
406009,0,0,0,0,0,0,0
407132,0,0,0,0,0,0,0
407151,0,0,0,0,0,0,0
407461,0,0,0,0,0,0,1
408653,0,0,0,0,0,0,0
410667,0,0,0,0,0,0,1
411240,0,0,0,0,0,0,1
411784,0,0,0,0,0,0,0
412142,0,0,0,0,0,0,0
414661,0,0,0,0,0,0,0
415853,0,0,0,0,0,0,0
417867,0,0,0,0,0,0,0
418440,0,0,0,0,0,0,0
418984,0,0,0,0,0,0,0
419342,0,0,0,0,0,0,0
420514,0,0,0,0,0,0,1
421857,0,0,0,0,0,0,0
423049,0,0,0,0,0,0,0
425063,0,0,0,0,0,0,0
425636,0,0,0,0,0,0,0
425680,0,0,0,0,0,0,1
426176,0,0,0,0,0,0,0
427710,0,0,0,0,0,0,0
429053,0,0,0,0,0,0,0
430245,0,0,0,0,0,0,0
432259,0,0,0,0,0,0,0
432880,0,0,0,0,0,0,0
433376,0,0,0,0,0,0,0
434910,0,0,0,0,0,0,0
436253,0,0,0,0,0,0,0
437445,0,0,0,0,0,0,0
438353,0,0,0,0,0,0,1
439455,0,0,0,0,0,0,0
440076,0,0,0,0,0,0,0
440572,0,0,0,0,0,0,0
442106,0,0,0,0,0,0,0
442799,0,0,0,0,0,0,1
443445,0,0,0,0,0,0,0
445549,0,0,0,0,0,0,0
447276,0,0,0,0,0,0,0
447413,0,0,0,0,0,0,1
447768,0,0,0,0,0,0,0
447862,0,0,0,0,0,0,1
449995,0,0,0,0,0,0,0
450641,0,0,0,0,0,0,0
454476,0,0,0,0,0,0,0
454613,0,0,0,0,0,0,0
454968,0,0,0,0,0,0,0
455062,0,0,0,0,0,0,0
457195,0,0,0,0,0,0,0
457841,0,0,0,0,0,0,0
461676,0,0,0,0,0,0,0
461813,0,0,0,0,0,0,0
462168,0,0,0,0,0,0,0
462262,0,0,0,0,0,0,0
464395,0,0,0,0,0,0,0
465041,0,0,0,0,0,0,0
468876,0,0,0,0,0,0,0
469013,0,0,0,0,0,0,0
469368,0,0,0,0,0,0,0
469462,0,0,0,0,0,0,0
471595,0,0,0,0,0,0,0
472241,0,0,0,0,0,0,0
476076,0,0,0,0,0,0,0
476213,0,0,0,0,0,0,0
476568,0,0,0,0,0,0,0
476662,0,0,0,0,0,0,0
478795,0,0,0,0,0,0,0
479441,0,0,0,0,0,0,0
480992,0,0,0,0,0,0,1
483272,0,0,0,0,0,0,0
483409,0,0,0,0,0,0,0
483862,0,0,0,0,0,0,0
485995,0,0,0,0,0,0,0
486641,0,0,0,0,0,0,0
488192,0,0,0,0,0,0,0
490472,0,0,0,0,0,0,0
490609,0,0,0,0,0,0,0
491062,0,0,0,0,0,0,0
493195,0,0,0,0,0,0,0
493841,0,0,0,0,0,0,0
495392,0,0,0,0,0,0,0
496324,0,0,0,0,0,0,1
497668,0,0,0,0,0,0,0
497805,0,0,0,0,0,0,0
498258,0,0,0,0,0,0,0
500391,0,0,0,0,0,0,0
501037,0,0,0,0,0,0,0
503524,0,0,0,0,0,0,0
504868,0,0,0,0,0,0,0
505005,0,0,0,0,0,0,0
505458,0,0,0,0,0,0,0
507591,0,0,0,0,0,0,0
508237,0,0,0,0,0,0,0
510724,0,0,0,0,0,0,0
512068,0,0,0,0,0,0,0
512205,0,0,0,0,0,0,0
512658,0,0,0,0,0,0,0
513856,0,0,0,0,0,0,1
514787,0,0,0,0,0,0,0
515433,0,0,0,0,0,0,0
517920,0,0,0,0,0,0,0
518495,1,0,0,0,0,0,1
519401,0,0,0,0,0,0,0
519665,0,0,0,0,0,0,1
519850,0,0,0,0,0,0,0
521048,0,0,0,0,0,0,0
523325,1,0,0,0,0,0,1
524399,0,0,0,0,0,0,1
524825,0,0,0,0,0,0,1
525108,0,0,0,0,0,0,0
525779,0,0,0,0,0,0,1
526950,0,0,0,0,0,0,1
528244,0,0,0,0,0,0,0
530521,0,0,0,0,0,0,0
530704,1,0,0,0,0,0,1
531374,0,0,0,0,0,0,1
532017,0,0,0,0,0,0,0
532061,0,0,0,0,0,0,1
532851,0,0,0,0,0,0,1
533089,0,0,0,0,0,0,1
533632,0,0,0,0,0,0,1
535287,0,0,0,0,0,0,1
535428,0,0,0,0,0,0,0
538566,0,0,0,0,0,0,0
539257,0,0,0,0,0,0,0
540168,0,0,0,0,0,0,1
540285,0,0,0,0,0,0,0
540828,0,0,0,0,0,0,0
542483,0,0,0,0,0,0,0
545766,0,0,0,0,0,0,0
546123,0,0,0,0,0,0,1
546453,0,0,0,0,0,0,0
546497,0,0,0,0,0,0,1
547360,0,0,0,0,0,0,0
547477,0,0,0,0,0,0,0
548020,0,0,0,0,0,0,0
552962,0,0,0,0,0,0,0
553319,0,0,0,0,0,0,0
553697,0,0,0,0,0,0,0
554004,0,0,0,0,0,0,1
554556,0,0,0,0,0,0,0
554673,0,0,0,0,0,0,0
555123,1,0,0,0,0,0,1
555599,0,0,0,0,0,0,1
560154,0,0,0,0,0,0,0
560893,0,0,0,0,0,0,0
561200,0,0,0,0,0,0,0
561752,0,0,0,0,0,0,0
561869,0,0,0,0,0,0,0
562799,0,0,0,0,0,0,0
567354,0,0,0,0,0,0,0
568093,0,0,0,0,0,0,0
568400,0,0,0,0,0,0,0
568952,0,0,0,0,0,0,0
569069,0,0,0,0,0,0,0
569999,0,0,0,0,0,0,0
570475,0,0,0,0,0,0,1
574550,0,0,0,0,0,0,0
575289,0,0,0,0,0,0,0
575596,0,0,0,0,0,0,0
576148,0,0,0,0,0,0,0
576265,0,0,0,0,0,0,0
577675,0,0,0,0,0,0,0
581750,0,0,0,0,0,0,0
582489,0,0,0,0,0,0,0
582796,0,0,0,0,0,0,0
582890,0,0,0,0,0,0,1
583344,0,0,0,0,0,0,0
583461,0,0,0,0,0,0,0
584174,1,0,0,0,0,0,1
584360,1,0,0,0,0,0,1
584601,1,0,0,0,0,0,1
584859,0,0,0,0,0,0,0
585621,1,0,0,0,0,0,1
590540,0,0,0,0,0,0,0
591374,0,0,0,0,0,0,0
591560,0,0,0,0,0,0,0
591801,0,0,0,0,0,0,0
592059,0,0,0,0,0,0,0
592821,0,0,0,0,0,0,0
597740,0,0,0,0,0,0,0
598574,0,0,0,0,0,0,0
598760,0,0,0,0,0,0,0
599001,0,0,0,0,0,0,0
599259,0,0,0,0,0,0,0
600021,0,0,0,0,0,0,0
604940,0,0,0,0,0,0,0
605774,0,0,0,0,0,0,0
605960,0,0,0,0,0,0,0
606201,0,0,0,0,0,0,0
606458,1,0,0,0,0,0,1
606459,0,0,0,0,0,0,0
606717,0,0,0,0,0,0,1
607213,0,0,0,0,0,0,0
612132,0,0,0,0,0,0,0
612176,0,0,0,0,0,0,1
613152,0,0,0,0,0,0,0
613389,0,0,0,0,0,0,1
613650,0,0,0,0,0,0,0
613651,0,0,0,0,0,0,0
613909,0,0,0,0,0,0,0
618341,0,0,0,0,0,0,1
618841,0,0,0,0,0,0,1
619368,0,0,0,0,0,0,0
620344,0,0,0,0,0,0,0
620846,0,0,0,0,0,0,0
620847,0,0,0,0,0,0,0
621105,0,0,0,0,0,0,0
621316,1,0,0,0,0,0,1
624094,1,0,0,0,0,0,1
626033,0,0,0,0,0,0,0
627540,0,0,0,0,0,0,0
627658,1,0,0,0,0,0,1
628039,0,0,0,0,0,0,0
628153,0,0,0,0,0,0,1
628297,0,0,0,0,0,0,0
628508,0,0,0,0,0,0,0
629148,1,0,0,0,0,0,1
630492,1,0,0,0,0,0,1
632140,1,0,0,0,0,0,1
632956,0,0,0,0,0,0,1
633260,1,0,0,0,0,0,1
633809,0,0,0,0,0,0,1
634432,1,0,0,0,0,0,1
634712,1,0,0,0,0,0,1
634830,0,0,0,0,0,0,0
635141,0,0,0,0,0,0,1
635207,0,0,0,0,0,0,0
635612,1,0,0,0,0,0,1
637692,1,0,0,0,0,0,1
637693,1,0,0,0,0,0,1
637732,0,0,0,0,0,0,1
637973,1,0,0,0,0,0,1
638040,0,0,0,0,0,0,1
642018,0,0,0,0,0,0,0
642399,0,0,0,0,0,0,0
642829,0,0,0,0,0,0,1
644885,0,0,0,0,0,0,0
644928,0,0,0,0,0,0,0
645240,1,0,0,0,0,0,0
646001,1,0,0,0,0,0,1
647464,0,0,0,0,0,0,1
647603,0,0,0,0,0,0,1
648511,1,0,0,0,0,0,1
649202,0,0,0,0,0,0,0
650017,0,0,0,0,0,0,0
652120,0,0,0,0,0,0,0
652790,0,0,0,0,0,0,1
653193,1,0,0,0,0,0,0
653406,0,0,0,0,0,0,1
653736,0,0,0,0,0,0,1
654645,1,0,0,0,0,0,1
654648,0,0,0,0,0,0,0
655695,0,0,0,0,0,0,0
657205,0,0,0,0,0,0,0
657633,0,0,0,0,0,0,1
660602,0,0,0,0,0,0,0
660932,0,0,0,0,0,0,0
661841,1,1,1,0,0,1,0
661844,1,0,0,0,0,0,0
662891,0,0,0,0,0,0,0
663197,1,0,0,0,0,0,1
664587,1,0,0,0,0,0,1
664825,1,0,0,0,0,0,0
665323,0,0,0,0,0,0,1
665369,0,0,0,0,0,0,1
666249,1,0,0,0,0,0,1
666896,1,0,0,0,0,0,1
667778,0,0,0,0,0,0,0
667873,1,0,0,0,0,0,1
668084,1,0,0,0,0,0,1
668100,0,0,0,0,0,0,0
668459,1,0,0,0,0,0,1
669704,1,0,0,0,0,0,1
670008,1,1,0,0,0,0,1
673437,1,0,0,0,0,0,0
674970,0,0,0,0,0,0,0
675065,0,0,0,0,0,0,0
675659,0,0,0,0,0,0,0
676904,0,0,0,0,0,0,0
677208,0,0,0,0,0,0,0
680637,0,0,0,0,0,0,0
681861,0,0,0,0,0,0,1
682119,0,0,0,0,0,0,1
682162,0,0,0,0,0,0,0
682903,1,0,0,0,0,0,1
682969,1,0,0,0,0,0,1
683422,0,0,0,0,0,0,1
684092,0,0,0,0,0,0,0
684396,0,0,0,0,0,0,0
685282,1,0,0,0,0,0,1
686383,1,0,0,0,0,0,1
686570,1,0,0,0,0,0,1
686853,1,0,0,0,0,0,1
686924,1,0,0,0,0,0,1
687495,0,0,0,0,0,0,1
688809,0,0,0,0,0,0,1
689025,0,0,0,0,0,0,0
690293,1,0,0,0,0,0,1
690837,1,0,0,0,0,0,1
691576,0,0,0,0,0,0,0
693372,1,0,0,0,0,0,1
693754,0,0,0,0,0,0,0
693825,1,0,0,0,0,0,1
693961,1,0,0,0,0,0,1
694104,0,0,0,0,0,0,0
694291,1,1,1,0,0,0,1
694620,1,0,0,0,0,0,1
694641,1,0,0,0,0,0,1
694977,0,0,0,0,0,0,1
695211,1,0,0,0,0,0,1
695212,0,0,0,0,0,0,1
695512,1,0,0,0,0,0,1
695701,1,0,0,0,0,0,1
697257,0,0,0,0,0,0,1
698336,0,0,0,0,0,0,1
698737,1,0,0,0,0,0,1
700918,0,0,0,0,0,0,0
700939,1,0,0,0,0,0,1
701033,1,0,0,0,0,0,1
701077,0,0,0,0,0,0,1
701116,1,0,0,0,0,0,1
701476,1,0,0,0,0,0,1
702597,1,0,0,0,0,0,1
708114,0,0,0,0,0,0,0
708135,0,0,0,0,0,0,0
708277,0,0,0,0,0,0,0
708316,0,0,0,0,0,0,0
708360,0,0,0,0,0,0,1
708672,0,0,0,0,0,0,0
709003,0,0,0,0,0,0,1
709789,0,0,0,0,0,0,0
715306,0,0,0,0,0,0,0
715473,0,0,0,0,0,0,0
715560,0,0,0,0,0,0,0
715872,0,0,0,0,0,0,0
716203,0,0,0,0,0,0,0
716270,1,0,0,0,0,0,1
716985,1,0,0,0,0,0,0
717055,1,0,0,0,0,0,1
718849,1,1,0,0,0,0,1
718992,1,0,0,0,0,0,1
719970,1,0,0,0,0,0,1
722152,1,0,0,0,0,0,1
722653,0,0,0,0,0,0,0
722740,0,0,0,0,0,0,0
723460,1,0,0,0,0,0,1
724247,0,0,0,0,0,0,0
726041,0,0,0,0,0,0,0
727166,0,0,0,0,0,0,0
728097,0,0,0,0,0,0,1
728721,0,0,0,0,0,0,1
729936,1,1,1,0,0,0,0
730656,0,0,0,0,0,0,0
731034,1,0,0,0,0,0,1
731439,1,0,0,0,0,0,0
732900,1,0,0,0,0,0,1
733541,1,0,0,0,0,0,1
735917,1,0,0,0,0,0,0
736605,0,0,0,0,0,0,1
737128,0,0,0,0,0,0,0
738230,0,0,0,0,0,0,0
738344,0,0,0,0,0,0,1
738631,0,0,0,0,0,0,0
738818,0,0,0,0,0,0,1
740088,0,0,0,0,0,0,0
740443,0,0,0,0,0,0,1
743105,0,0,0,0,0,0,0
743793,1,0,0,0,0,0,0
745157,0,0,0,0,0,0,1
745536,1,0,0,0,0,0,0
746014,1,1,1,0,0,0,0
746203,1,0,0,0,0,0,1
747280,0,0,0,0,0,0,0
747443,1,0,0,0,0,0,1
748401,1,0,0,0,0,0,1
752353,0,0,0,0,0,0,0
752732,1,0,0,0,0,0,0
753210,0,0,0,0,0,0,0
754480,1,1,1,0,0,0,0
754643,0,0,0,0,0,0,0
755240,1,0,0,0,0,0,1
755597,0,0,0,0,0,0,0
759188,0,0,0,0,0,0,1
759545,0,0,0,0,0,0,0
760406,0,0,0,0,0,0,0
760569,1,0,0,0,0,0,1
760636,1,1,1,0,0,0,1
761835,1,1,1,0,0,0,0
762432,0,0,0,0,0,0,0
762789,0,0,0,0,0,0,0
763407,1,0,0,0,0,0,1
765037,1,0,0,0,0,0,1
767598,0,0,0,0,0,0,0
767761,0,0,0,0,0,0,0
767828,0,0,0,0,0,0,0
768592,1,0,0,0,0,0,1
768782,1,0,0,0,0,0,1
769620,0,0,0,0,0,0,0
769636,1,0,0,0,0,0,1
769826,1,0,0,0,0,0,1
770445,1,1,1,0,0,0,1
770587,0,0,0,0,0,0,0
771254,1,1,1,1,0,0,1
771537,0,0,0,0,0,0,1
771680,1,0,0,0,0,0,1
771962,0,0,0,0,0,0,1
772201,0,0,0,0,0,0,0
772700,0,0,0,0,0,0,1
773630,1,0,0,0,0,0,1
774779,0,0,0,0,0,0,1
776310,1,0,0,0,0,0,1
776808,0,0,0,0,0,0,0
777239,0,0,0,0,0,0,1
778149,1,0,0,0,0,0,1
778717,0,0,0,0,0,0,0
779892,1,0,0,0,0,0,0
783510,0,0,0,0,0,0,0
783864,0,0,0,0,0,0,1
783913,0,0,0,0,0,0,1
784435,0,0,0,0,0,0,0
784981,0,0,0,0,0,0,1
786441,1,0,0,0,0,0,1
786656,0,0,0,0,0,0,1
786816,0,0,0,0,0,0,1
787318,1,0,0,0,0,0,1
787817,0,0,0,0,0,0,1
788153,1,0,0,0,0,0,1
788696,1,0,0,0,0,0,1
788838,1,0,0,0,0,0,1
790488,1,0,0,0,0,0,1
791593,1,0,0,0,0,0,1
791611,1,0,0,0,0,0,0
793840,0,0,0,0,0,0,0
795009,1,0,0,0,0,0,0
796038,1,0,0,0,0,0,0
797042,1,0,0,0,0,0,1
797684,1,0,0,0,0,0,0
798522,1,0,0,0,0,0,1
798785,0,0,0,0,0,0,0
798803,0,0,0,0,0,0,0
799037,1,0,0,0,0,0,1
799081,0,0,0,0,0,0,1
799125,0,0,0,0,0,0,1
799533,1,0,0,0,0,0,1
800390,1,0,0,0,0,0,1
800629,1,0,0,0,0,0,1
801008,0,0,0,0,0,0,0
803451,1,0,0,0,0,0,1
804860,0,0,0,0,0,0,0
805653,1,0,0,0,0,0,1
806196,1,0,0,0,0,0,1
806313,1,0,0,0,0,0,0
807249,1,0,0,0,0,0,1
807578,0,0,0,0,0,0,0
807813,1,0,0,0,0,0,1
807957,0,0,0,0,0,0,1
808192,0,0,0,0,0,0,0
809076,1,0,0,0,0,0,1
810631,1,0,0,0,0,0,0
811733,1,0,0,0,0,0,1
811796,1,0,0,0,0,0,1
812560,1,0,0,0,0,0,1
812967,1,0,0,0,0,0,1
813133,1,0,0,0,0,0,1
814758,1,0,0,0,0,0,0
814993,0,0,0,0,0,0,0
815375,1,0,0,0,0,0,1
815781,1,0,0,0,0,0,1
816256,1,0,0,0,0,0,0
817544,1,0,0,0,0,0,1
817879,1,0,0,0,0,0,1
817923,0,0,0,0,0,0,1
818277,1,0,0,0,0,0,1
818325,1,0,0,0,0,0,1
818773,0,0,0,0,0,0,1
818816,1,0,0,0,0,0,1
818961,1,0,0,0,0,0,1
819554,1,0,0,0,0,0,1
820125,1,0,0,0,0,0,1
820364,1,0,0,0,0,0,1
820697,0,0,0,0,0,0,1
821984,0,0,0,0,0,0,1
822129,0,0,0,0,0,0,1
822292,1,0,0,0,0,0,1
823871,0,0,0,0,0,0,1
825044,1,0,0,0,0,0,1
825468,1,0,0,0,0,0,1
825995,1,0,0,0,0,0,1
826664,1,0,0,0,0,0,1
826730,1,0,0,0,0,0,0
827301,0,0,0,0,0,0,0
827828,1,0,0,0,0,0,1
829313,0,0,0,0,0,0,0
831156,1,0,0,0,0,0,1
832448,1,0,0,0,0,0,1
832561,1,0,0,0,0,0,1
832652,0,0,0,0,0,0,0
832655,1,0,0,0,0,0,1
833918,0,0,0,0,0,0,0
834009,0,0,0,0,0,0,1
834560,1,0,0,0,0,0,1
834840,0,0,0,0,0,0,1
834842,0,0,0,0,0,0,1
835482,0,0,0,0,0,0,1
836489,1,0,0,0,0,0,0
837419,1,0,0,0,0,0,1
837605,1,0,0,0,0,0,1
838946,1,0,0,0,0,0,1
839421,1,0,0,0,0,0,1
839728,1,0,0,0,0,0,1
841744,0,0,0,0,0,0,0
842314,0,0,0,0,0,0,1
842358,0,0,0,0,0,0,1
842593,1,0,0,0,0,0,1
843478,1,0,0,0,0,0,1
843665,0,0,0,0,0,0,1
843669,0,0,0,0,0,0,0
844595,0,0,0,0,0,0,0
846916,0,0,0,0,0,0,0
848932,1,1,0,0,0,0,0
849864,1,0,0,0,0,0,1
850220,0,0,0,0,0,0,1
850670,0,0,0,0,0,0,0
850857,0,0,0,0,0,0,0
850861,0,0,0,0,0,0,0
851787,0,0,0,0,0,0,0
852457,1,1,0,0,0,0,1
853629,1,0,0,0,0,0,1
853672,1,1,1,0,0,0,1
853909,0,0,0,0,0,0,1
853953,0,0,0,0,0,0,1
854088,0,0,0,0,0,0,0
854736,1,0,0,0,0,0,1
855908,1,0,0,0,0,0,1
856092,1,0,0,0,0,0,1
857076,1,0,0,0,0,0,1
857838,0,0,0,0,0,0,0
858025,0,0,0,0,0,0,0
858959,1,0,0,0,0,0,0
859649,0,0,0,0,0,0,1
859983,1,0,0,0,0,0,1
860724,0,0,0,0,0,0,1
861129,1,1,0,0,0,0,0
861652,0,0,0,0,0,0,1
861815,0,0,0,0,0,0,1
862001,1,0,0,0,0,0,1
862265,1,0,0,0,0,0,1
863264,1,0,0,0,0,0,0
863503,1,0,0,0,0,0,1
864193,1,0,0,0,0,0,1
864237,0,0,0,0,0,0,1
865002,0,0,0,0,0,0,0
865071,1,0,0,0,0,0,1
866337,0,0,0,0,0,0,1
866479,1,0,0,0,0,0,1
866954,1,0,0,0,0,0,1
867020,0,0,0,0,0,0,1
867645,1,0,0,0,0,0,1
867876,1,0,0,0,0,0,1
868715,0,0,0,0,0,0,1
868808,0,0,0,0,0,0,0
868852,0,0,0,0,0,0,1
869133,1,0,0,0,0,0,1
869178,0,0,0,0,0,0,1
869249,0,0,0,0,0,0,1
869456,1,0,0,0,0,0,1
870223,1,0,0,0,0,0,1
870389,1,1,0,0,0,0,1
870432,1,1,0,0,0,0,1
876329,0,0,0,0,0,0,0
876373,0,0,0,0,0,0,1
876374,1,1,0,0,0,0,0
876537,1,1,1,1,0,0,1
876648,1,1,0,0,0,0,0
876720,1,0,0,0,0,0,1
877411,1,0,0,0,0,0,0
877430,0,0,0,0,0,0,1
877451,0,0,0,0,0,0,1
877780,0,0,0,0,0,0,1
877973,1,0,0,0,0,0,1
883557,0,0,0,0,0,0,0
883916,0,0,0,0,0,0,0
884344,0,0,0,0,0,0,1
884626,0,0,0,0,0,0,0
884647,0,0,0,0,0,0,0
884836,0,0,0,0,0,0,1
884972,0,0,0,0,0,0,0
885165,0,0,0,0,0,0,0
885206,0,0,0,0,0,0,1
890745,0,0,0,0,0,0,0
891847,0,0,0,0,0,0,0
892036,0,0,0,0,0,0,0
892172,0,0,0,0,0,0,0
892365,0,0,0,0,0,0,0
892406,1,0,0,0,0,0,0
892545,1,0,0,0,0,0,1
892616,0,0,0,0,0,0,1
892824,0,0,0,0,0,0,1
893637,1,0,0,0,0,0,1
893824,1,0,0,0,0,0,1
893868,0,0,0,0,0,0,1
894345,0,0,0,0,0,0,1
894892,1,0,0,0,0,0,1
895297,1,0,0,0,0,0,1
895464,1,0,0,0,0,0,1
895840,1,0,0,0,0,0,1
896532,0,0,0,0,0,0,1
896576,0,0,0,0,0,0,1
898999,1,0,0,0,0,0,0
899525,1,0,0,0,0,0,0
899566,1,0,0,0,0,0,0
900259,1,0,0,0,0,0,1
900830,1,0,0,0,0,0,1
900848,0,0,0,0,0,0,1
900897,1,0,0,0,0,0,1
902473,0,0,0,0,0,0,0
902640,0,0,0,0,0,0,0
903332,0,0,0,0,0,0,1
903784,0,0,0,0,0,0,1
906491,0,0,0,0,0,0,1
906582,0,0,0,0,0,0,1
906725,1,0,0,0,0,0,1
907175,1,0,0,0,0,0,1
907578,1,0,0,0,0,0,1
907581,1,0,0,0,0,0,1
907621,0,0,0,0,0,0,1
908020,0,0,0,0,0,0,0
909649,0,0,0,0,0,0,0
910510,1,0,0,0,0,0,1
910773,1,0,0,0,0,0,1
910960,0,0,0,0,0,0,0
911266,1,0,0,0,0,0,1
911721,1,0,0,0,0,0,1
912891,1,0,0,0,0,0,1
913919,1,0,0,0,0,0,1
914010,1,0,0,0,0,0,1
914870,1,0,0,0,0,0,1
915200,1,1,1,0,0,0,0
915462,0,0,0,0,0,0,1
915840,1,0,0,0,0,0,1
916821,1,0,0,0,0,0,0
917104,1,0,0,0,0,0,1
918136,1,0,0,0,0,0,0
918901,1,0,0,0,0,0,0
919422,1,0,0,0,0,0,1
919709,1,1,0,0,0,0,1
920545,1,0,0,0,0,0,1
921091,1,0,0,0,0,0,0
921254,1,0,0,0,0,0,1
921277,1,0,0,0,0,0,1
922183,1,0,0,0,0,0,1
923307,1,0,0,0,0,0,1
923997,1,1,1,0,0,0,0
924280,1,0,0,0,0,0,0
925312,1,1,1,0,0,0,0
925472,1,0,0,0,0,0,1
925565,1,1,1,0,0,0,1
925659,1,0,0,0,0,0,1
925661,1,0,0,0,0,0,1
925699,0,0,0,0,0,0,1
926437,1,0,0,0,0,0,1
926459,1,0,0,0,0,0,1
926983,1,0,0,0,0,0,1
928418,1,1,1,0,0,0,0
928557,1,0,0,0,0,0,1
928600,1,0,0,0,0,0,1
928911,1,0,0,0,0,0,1
929268,1,1,1,0,0,0,1
929476,0,0,0,0,0,0,1
929762,0,0,0,0,0,0,1
930001,0,0,0,0,0,0,1
930477,0,0,0,0,0,0,1
932030,1,1,1,0,0,0,1
932245,1,0,0,0,0,0,1
932596,1,0,0,0,0,0,1
933866,1,0,0,0,0,0,1
934004,1,0,0,0,0,0,1
935080,1,0,0,0,0,0,1
935725,1,1,0,0,0,0,0
935941,1,0,0,0,0,0,1
936079,1,0,0,0,0,0,0
936436,1,0,0,0,0,0,0
936480,0,0,0,0,0,0,1
936808,1,0,0,0,0,0,1
936879,1,0,0,0,0,0,1
936996,0,0,0,0,0,0,1
937254,1,0,0,0,0,0,1
937392,0,0,0,0,0,0,1
937774,0,0,0,0,0,0,1
938996,1,0,0,0,0,0,1
939591,1,0,0,0,0,0,1
939593,1,0,0,0,0,0,1
940615,1,0,0,0,0,0,1
940661,1,1,0,0,0,0,1
941734,1,0,0,0,0,0,1
942881,1,0,0,0,0,0,0
943645,1,0,0,0,0,0,1
944576,0,0,0,0,0,0,0
946184,1,1,1,0,0,0,0
946200,0,0,0,0,0,0,1
946944,1,0,0,0,0,0,1
947803,1,0,0,0,0,0,0
947849,1,0,0,0,0,0,0
948922,1,1,1,0,0,0,0
949593,1,0,0,0,0,0,1
949682,1,0,0,0,0,0,1
950375,1,0,0,0,0,0,1
950825,0,0,0,0,0,0,0
951807,1,0,0,0,0,0,1
952185,1,0,0,0,0,0,1
952189,1,0,0,0,0,0,1
952394,1,0,0,0,0,0,1
953037,1,0,0,0,0,0,1
953368,1,1,0,0,0,0,0
954037,1,0,0,0,0,0,1
954108,0,0,0,0,0,0,0
955784,1,0,0,0,0,0,1
956040,1,0,0,0,0,0,1
956568,1,0,0,0,0,0,1
957400,1,0,0,0,0,0,1
957688,1,0,0,0,0,0,1
958018,1,0,0,0,0,0,1
958900,1,0,0,0,0,0,1
958924,1,0,0,0,0,0,1
958967,1,0,0,0,0,0,0
959349,1,0,0,0,0,0,0
959750,1,0,0,0,0,0,1
960420,1,0,0,0,0,0,1
960750,1,0,0,0,0,0,1
960771,1,0,0,0,0,0,1
961197,1,1,1,0,0,1,0
961412,1,0,0,0,0,0,1
962583,1,0,0,0,0,0,1
962650,1,0,0,0,0,0,1
963199,1,0,0,0,0,0,1
965307,1,0,0,0,0,0,1
965975,0,0,0,0,0,0,1
966064,1,0,0,0,0,0,0
966521,1,1,1,0,0,0,0
966587,0,0,0,0,0,0,1
967257,0,0,0,0,0,0,1
967370,1,1,0,0,0,0,1
968086,0,0,0,0,0,0,1
968368,1,0,0,0,0,0,1
968369,1,0,0,0,0,0,0
968580,1,1,1,1,0,0,0
969916,1,0,0,0,0,0,1
969964,1,0,0,0,0,0,1
970439,1,0,0,0,0,0,1
970770,1,0,0,0,0,0,1
970836,1,0,0,0,0,0,1
971340,1,1,0,0,0,0,1
971404,0,0,0,0,0,0,1
971475,1,0,0,0,0,0,1
972839,1,0,0,0,0,0,1
974155,0,0,0,0,0,0,1
974417,1,1,1,0,0,0,0
975347,1,0,0,0,0,0,1
975533,0,0,0,0,0,0,0
975821,0,0,0,0,0,0,1
976511,1,0,0,0,0,0,1
976816,1,0,0,0,0,0,1
977942,1,0,0,0,0,0,0
978200,0,0,0,0,0,0,1
978512,1,1,1,0,0,0,0
978840,1,0,0,0,0,0,1
979149,1,1,0,0,0,0,1
979480,0,0,0,0,0,0,1
982888,1,1,1,0,0,0,1
983005,0,0,0,0,0,0,0
983695,1,0,0,0,0,0,0
983908,1,1,1,0,0,0,1
984145,1,0,0,0,0,0,1
984545,0,0,0,0,0,0,1
984616,1,0,0,0,0,0,1
984757,1,0,0,0,0,0,1
985109,0,0,0,0,0,0,1
985110,1,0,0,0,0,0,0
985127,1,0,0,0,0,0,1
986656,0,0,0,0,0,0,0
986749,1,0,0,0,0,0,1
987083,1,1,1,0,0,0,1
987268,1,0,0,0,0,0,1
987965,1,0,0,0,0,0,1
988197,1,0,0,0,0,0,1
988216,1,0,0,0,0,0,1
988218,1,0,0,0,0,0,1
988260,1,0,0,0,0,0,1
990751,1,1,1,0,0,0,1
990865,0,0,0,0,0,0,1
991629,1,0,0,0,0,0,1
991677,0,0,0,0,0,0,1
991692,0,0,0,0,0,0,1
992336,0,0,0,0,0,0,1
992550,1,0,0,0,0,0,1
992977,1,1,0,0,0,0,1
993214,0,0,0,0,0,0,1
993857,1,0,0,0,0,0,1
994188,1,1,1,0,0,0,1
995436,0,0,0,0,0,0,0
996176,0,0,0,0,0,0,1
996816,1,1,1,0,0,0,1
997416,1,0,0,0,0,0,1
997600,1,0,0,0,0,0,1
997911,1,1,0,0,0,0,0
998028,1,0,0,0,0,0,1
998693,1,1,1,0,0,0,1
998808,1,1,0,0,0,0,1
998833,0,0,0,0,0,0,0
998924,1,0,0,0,0,0,1
999159,1,1,1,0,0,0,1
999564,1,0,0,0,0,0,1
999580,1,0,0,0,0,0,1
999601,1,0,0,0,0,0,1
999863,1,0,0,0,0,0,1
1000362,0,0,0,0,0,0,0
1000380,1,0,0,0,0,0,1
1000593,0,0,0,0,0,0,1
1001645,1,0,0,0,0,0,1
1001858,1,1,1,0,0,0,1
1002215,1,0,0,0,0,0,1
1002954,1,0,0,0,0,0,1
1003024,0,0,0,0,0,0,1
1003115,1,0,0,0,0,0,1
1003157,1,1,0,0,0,0,1
1003705,1,0,0,0,0,0,1
1005985,1,1,1,0,0,1,0
1006773,1,0,0,0,0,0,1
1007487,0,0,0,0,0,0,1
1007552,1,1,1,0,0,0,0
1007745,1,0,0,0,0,0,1
1008123,0,0,0,0,0,0,1
1009004,1,0,0,0,0,0,1
1009938,1,1,0,0,0,0,1
1010008,1,1,1,0,0,0,1
1010269,1,0,0,0,0,0,1
1010596,1,1,1,0,0,0,1
1010881,0,0,0,0,0,0,0
1011191,1,1,1,0,0,0,1
1012432,1,1,1,0,0,0,1
1012479,1,0,0,0,0,0,1
1014180,1,1,0,0,0,0,1
1014824,1,0,0,0,0,0,1
1016476,1,1,1,0,0,0,1
1017118,1,1,1,0,0,0,0
1017453,1,1,0,0,0,0,0
1018069,1,1,0,0,0,0,0
1019293,1,0,0,0,0,0,1
1019405,0,0,0,0,0,0,1
1019616,1,1,1,0,0,0,0
1019663,1,1,1,0,0,1,0
1019707,0,0,0,0,0,0,1
1020300,1,0,0,0,0,0,1
1020997,1,0,0,0,0,0,1
1022668,1,0,0,0,0,0,1
1023652,1,1,1,0,0,1,0
1023957,1,0,0,0,0,0,1
1024290,1,1,1,0,0,0,0
1024884,1,0,0,0,0,0,1
1025192,0,0,0,0,0,0,1
1025196,0,0,0,0,0,0,1
1025813,0,0,0,0,0,0,1
1026457,1,0,0,0,0,0,1
1026883,1,1,1,0,0,0,0
1028127,1,0,0,0,0,0,1
1028313,1,0,0,0,0,0,1
1028647,1,0,0,0,0,0,1
1031474,1,0,0,0,0,0,0
1032168,1,0,0,0,0,0,1
1032376,1,0,0,0,0,0,0
1033452,1,1,0,0,0,0,1
1033475,1,1,0,0,0,0,1
1033641,1,0,0,0,0,0,0
1033730,1,1,1,0,0,0,1
1034900,1,1,1,0,0,0,1
1035497,1,0,0,0,0,0,0
1035804,1,0,0,0,0,0,1
1037290,1,1,0,0,0,0,1
1037356,1,0,0,0,0,0,1
1037930,1,0,0,0,0,0,1
1038049,0,0,0,0,0,0,1
1038164,1,1,1,0,0,0,1
1039406,1,0,0,0,0,0,1
1040125,1,1,0,0,0,0,1
1040647,1,1,0,0,0,1,0
1041485,1,1,1,0,0,0,1
1042677,1,1,0,0,0,0,0
1044043,0,0,0,0,0,0,1
1044540,0,0,0,0,0,0,0
1045331,1,1,0,0,0,0,1
1045352,0,0,0,0,0,0,0
1045661,0,0,0,0,0,0,1
1045920,1,0,0,0,0,0,1
1045984,1,0,0,0,0,0,1
1046367,1,0,0,0,0,0,1
1046578,0,0,0,0,0,0,0
1046720,1,1,1,1,0,0,1
1047242,1,0,0,0,0,0,1
1047767,1,1,0,0,0,0,1
1047808,1,0,0,0,0,0,1
1048118,1,0,0,0,0,0,1
1048162,0,0,0,0,0,0,1
1048448,1,0,0,0,0,0,1
1048560,1,0,0,0,0,0,1
1048655,1,1,0,0,0,0,1
1049516,1,1,1,0,0,0,1
1049821,1,1,0,0,0,0,0
1049938,1,0,0,0,0,0,1
1050436,1,1,1,0,0,0,1
1050459,1,0,0,0,0,0,1
1050504,1,1,0,0,0,0,1
1050837,1,1,1,0,0,0,1
1051071,1,0,0,0,0,0,1
1051545,0,0,0,0,0,0,1
1051568,0,0,0,0,0,0,1
1052260,1,0,0,0,0,0,1
1052780,1,0,0,0,0,0,1
1052783,1,1,0,0,0,0,1
1052893,1,0,0,0,0,0,1
1053248,0,0,0,0,0,0,1
1053533,1,0,0,0,0,0,1
1054585,1,0,0,0,0,0,1
1054587,1,1,0,0,0,0,1
1054672,1,0,0,0,0,0,1
1055870,0,0,0,0,0,0,1
1056104,1,1,0,0,0,0,1
1056700,1,0,0,0,0,0,1
1057226,1,0,0,0,0,0,1
1057844,1,0,0,0,0,0,1
1057846,1,0,0,0,0,0,1
1057985,1,1,1,0,0,0,0
1058336,1,0,0,0,0,0,1
1058550,1,0,0,0,0,0,1
1058933,1,0,0,0,0,0,1
1059408,0,0,0,0,0,0,0
1059810,1,0,0,0,0,0,1
1060191,1,1,1,0,0,0,1
1060193,1,0,0,0,0,0,1
1060424,1,0,0,0,0,0,1
1061427,0,0,0,0,0,0,1
1061733,1,1,1,0,0,0,0
1061852,1,0,0,0,0,0,1
1061921,0,0,0,0,0,0,1
1062489,1,0,0,0,0,0,1
1062512,0,0,0,0,0,0,1
1062701,0,0,0,0,0,0,1
1063175,1,0,0,0,0,0,1
1064323,1,0,0,0,0,0,1
1064919,0,0,0,0,0,0,1
1065181,1,1,1,0,0,0,1
1065484,1,0,0,0,0,0,0
1066032,1,0,0,0,0,0,1
1066273,1,0,0,0,0,0,1
1066651,1,0,0,0,0,0,1
1066958,0,0,0,0,0,0,0
1067029,1,0,0,0,0,0,1
1067789,1,1,1,0,0,0,1
1068457,0,0,0,0,0,0,1
1069103,0,0,0,0,0,0,1
1069389,1,1,1,0,0,0,1
1069672,0,0,0,0,0,0,0
1070339,0,0,0,0,0,0,1
1071028,0,0,0,0,0,0,1
1071864,1,1,0,0,0,0,1
1074142,1,1,0,0,0,0,0
1075362,1,0,0,0,0,0,1
1075645,0,0,0,0,0,0,0
1076581,0,0,0,0,0,0,0
1076694,1,1,1,0,0,0,1
1076713,1,1,0,0,0,0,1
1076856,0,0,0,0,0,0,0
1077474,0,0,0,0,0,0,1
1077496,1,0,0,0,0,0,1
1077515,1,0,0,0,0,0,0
1078447,0,0,0,0,0,0,1
1078874,1,1,0,0,0,0,1
1079036,0,0,0,0,0,0,0
1079491,1,1,0,0,0,0,1
1079822,1,1,1,0,0,0,1
1079936,1,0,0,0,0,0,1
1080510,1,0,0,0,0,0,1
1083749,1,1,0,0,0,0,0
1083885,1,1,1,0,0,0,0
1084676,1,1,0,0,0,1,0
1084841,0,0,0,0,0,0,1
1085124,1,0,0,0,0,0,1
1085597,0,0,0,0,0,0,1
1085813,1,1,0,0,0,0,1
1086671,1,1,0,0,0,0,0
1087120,1,1,0,0,0,0,0
1087359,1,0,0,0,0,0,1
1087690,1,1,1,0,0,0,0
1088217,1,1,0,0,0,1,1
1088424,0,0,0,0,0,0,1
1088830,0,0,0,0,0,0,1
1088923,1,0,0,0,0,0,1
1089302,0,0,0,0,0,0,1
1089344,1,0,0,0,0,0,1
1089346,0,0,0,0,0,0,1
1089555,0,0,0,0,0,0,1
1091204,0,0,0,0,0,0,1
1092043,1,0,0,0,0,0,1
1092280,1,1,0,0,0,1,0
1092324,0,0,0,0,0,0,1
1092749,1,0,0,0,0,0,0
1093152,1,1,0,0,0,0,1
1093772,0,0,0,0,0,0,1
1093889,1,1,0,0,0,0,1
1093891,1,1,1,0,0,0,1
1093929,0,0,0,0,0,0,1
1094455,1,0,0,0,0,0,1
1095315,1,1,1,0,0,0,1
1095361,0,0,0,0,0,0,0
1096173,0,0,0,0,0,0,1
1096502,1,1,1,0,0,1,0
1096547,1,1,0,0,0,0,1
1096640,1,1,0,0,0,0,1
1097525,1,1,0,0,0,0,1
1098360,1,1,1,0,0,0,1
1100944,1,1,0,0,0,0,0
1101109,1,1,0,0,0,0,0
1101320,0,0,0,0,0,0,1
1102085,1,1,0,0,0,0,1
1103690,1,1,1,0,0,0,0
1103735,1,1,0,0,0,0,0
1104717,1,1,1,0,0,0,0
1104759,1,0,0,0,0,0,1
1105379,1,0,0,0,0,0,1
1105544,1,1,1,0,0,0,0
1105562,1,0,0,0,0,0,1
1107168,1,1,1,0,0,0,1
1107331,0,0,0,0,0,0,1
1108500,1,1,1,0,0,1,0
1108619,1,1,1,0,0,0,1
1109116,1,0,0,0,0,0,1
1109257,1,1,1,0,0,0,0
1109259,0,0,0,0,0,0,1
1109297,0,0,0,0,0,0,1
1111455,0,0,0,0,0,0,1
1111617,1,0,0,0,0,0,1
1111881,1,1,1,0,0,1,0
1112738,1,1,1,0,0,0,0
1113241,0,0,0,0,0,0,1
1113401,1,0,0,0,0,0,1
1114336,1,1,0,0,0,0,0
1114933,1,0,0,0,0,0,1
1116292,0,0,0,0,0,0,0
1117776,1,0,0,0,0,0,1
1118639,1,1,0,0,0,0,0
1119352,0,0,0,0,0,0,1
1119926,0,0,0,0,0,0,0
1120496,1,0,0,0,0,0,1
1120589,0,0,0,0,0,0,0
1121186,1,0,0,0,0,0,1
1121230,0,0,0,0,0,0,1
1121516,0,0,0,0,0,0,0
1121964,1,1,0,0,0,0,1
1122109,0,0,0,0,0,0,0
1123496,0,0,0,0,0,0,1
1124164,1,0,0,0,0,0,1
1124257,1,0,0,0,0,0,1
1124973,1,0,0,0,0,0,1
1125807,1,1,0,0,0,0,0
1125997,0,0,0,0,0,0,1
1127236,1,1,0,0,0,0,1
1127761,1,1,0,0,0,0,0
1128072,1,0,0,0,0,0,1
1128136,0,0,0,0,0,0,1
1128398,1,1,1,0,0,0,0
1128996,1,1,0,0,0,0,1
1129060,1,0,0,0,0,0,1
1129730,1,1,0,0,0,0,1
1132220,1,1,1,0,0,0,1
1132987,1,1,1,0,0,0,0
1133177,1,1,0,0,0,0,0
1134945,1,1,1,0,0,0,0
1136192,1,1,1,0,0,0,0
1136930,1,1,0,0,0,0,0
1137240,0,0,0,0,0,0,1
1137714,1,0,0,0,0,0,1
1139412,0,0,0,0,0,0,0
1139770,0,0,0,0,0,0,1
1140129,1,0,0,0,0,0,1
1140171,0,0,0,0,0,0,0
1140236,1,0,0,0,0,0,1
1140955,1,0,0,0,0,0,1
1141289,1,0,0,0,0,0,1
1142121,1,1,1,0,0,0,0
1143341,1,0,0,0,0,0,1
1144420,1,0,0,0,0,0,0
1146120,1,0,0,0,0,0,1
1146164,0,0,0,0,0,0,1
1146204,1,0,0,0,0,0,1
1146946,1,1,1,0,0,0,0
1147614,0,0,0,0,0,0,1
1148139,1,1,1,0,0,0,0
1148278,0,0,0,0,0,0,1
1148469,1,1,1,0,0,0,0
1149182,0,0,0,0,0,0,1
1149444,0,0,0,0,0,0,1
1150233,1,0,0,0,0,0,1
1150396,1,0,0,0,0,0,1
1150509,0,0,0,0,0,0,0
1150579,1,0,0,0,0,0,1
1150908,1,1,0,0,0,0,1
1151074,1,1,0,0,0,0,1
1151744,1,1,0,0,0,0,1
1152244,0,0,0,0,0,0,1
1153079,1,1,0,0,0,0,1
1153290,1,0,0,0,0,0,1
1154895,1,0,0,0,0,0,1
1156112,1,0,0,0,0,0,1
1157022,1,0,0,0,0,0,1
1157405,1,1,1,0,0,0,0
1157685,1,0,0,0,0,0,0
1158232,1,0,0,0,0,0,1
1158329,0,0,0,0,0,0,1
1158372,1,0,0,0,0,0,1
1159709,1,1,1,0,0,0,1
1160044,1,1,1,0,0,0,1
1160569,1,0,0,0,0,0,1
1161017,1,0,0,0,0,0,1
1161160,1,1,0,0,0,0,1
1161921,1,0,0,0,0,0,1
1162063,1,1,1,0,0,0,0
1162464,1,0,0,0,0,0,1
1162508,0,0,0,0,0,0,1
1162867,0,0,0,0,0,0,1
1163077,0,0,0,0,0,0,1
1163292,1,0,0,0,0,0,1
1163404,1,1,1,0,0,0,1
1163522,1,1,1,0,0,0,1
1163759,1,0,0,0,0,0,1
1164021,1,0,0,0,0,0,1
1164280,0,0,0,0,0,0,1
1164297,0,0,0,0,0,0,1
1165013,1,0,0,0,0,0,1
1165104,1,0,0,0,0,0,1
1165417,1,0,0,0,0,0,1
1165532,1,0,0,0,0,0,1
1166245,0,0,0,0,0,0,1
1166675,1,0,0,0,0,0,1
1167221,1,0,0,0,0,0,1
1167292,1,0,0,0,0,0,1
1167959,1,0,0,0,0,0,1
1168005,1,1,1,0,0,0,1
1168213,1,0,0,0,0,0,1
1169265,1,0,0,0,0,0,1
1170269,1,0,0,0,0,0,1
1170674,1,1,0,0,0,0,0
1172276,0,0,0,0,0,0,0
1172633,1,0,0,0,0,0,1
1173613,1,0,0,0,0,0,1
1174476,1,0,0,0,0,0,0
1175143,1,0,0,0,0,0,0
1175189,1,0,0,0,0,0,0
1176212,1,1,1,0,0,0,1
1176330,1,0,0,0,0,0,1
1176689,1,1,1,0,0,0,1
1177597,1,0,0,0,0,0,1
1178454,1,1,1,0,0,0,1
1178621,0,0,0,0,0,0,1
1179262,1,0,0,0,0,0,1
1179453,1,0,0,0,0,0,1
1180694,1,0,0,0,0,0,1
1180785,1,0,0,0,0,0,0
1181096,1,1,1,0,0,0,1
1182221,0,0,0,0,0,0,1
1182311,1,1,1,1,0,0,0
1183384,1,1,1,0,0,0,0
1183529,1,0,0,0,0,0,1
1184028,1,1,1,0,0,0,1
1184500,1,1,1,0,0,0,1
1184597,1,0,0,0,0,0,1
1185120,1,0,0,0,0,0,1
1185208,1,0,0,0,0,0,1
1185876,0,0,0,0,0,0,1
1185920,0,0,0,0,0,0,1
1186494,1,0,0,0,0,0,1
1186564,1,1,1,0,0,0,1
1187017,0,0,0,0,0,0,1
1187804,1,0,0,0,0,0,1
1187873,1,0,0,0,0,0,1
1187937,1,0,0,0,0,0,0
1188103,0,0,0,0,0,0,1
1188532,0,0,0,0,0,0,1
1188985,1,0,0,0,0,0,1
1190037,1,0,0,0,0,0,1
1190653,1,0,0,0,0,0,1
1190700,1,1,0,0,0,0,1
1191317,1,0,0,0,0,0,1
1191748,1,1,1,0,0,0,1
1191813,0,0,0,0,0,0,1
1192577,1,0,0,0,0,0,1
1193076,1,1,1,0,0,0,0
1193650,1,1,1,0,0,0,0
1194772,1,0,0,0,0,0,1
1195275,1,1,1,0,0,0,0
1195460,1,0,0,0,0,0,1
1196418,1,0,0,0,0,0,1
1197209,1,0,0,0,0,0,0
1197874,1,1,1,0,0,0,1
1198902,0,0,0,0,0,0,1
1198924,1,1,1,0,0,0,0
1199566,0,0,0,0,0,0,1
1199753,1,1,1,0,0,0,0
1200616,1,1,1,0,0,0,1
1201428,0,0,0,0,0,0,1
1201685,1,1,1,0,0,0,1
1202451,0,0,0,0,0,0,0
1202636,0,0,0,0,0,0,0
1202924,1,0,0,0,0,0,1
1203470,1,1,1,0,0,0,1
1203512,1,0,0,0,0,0,1
1203681,0,0,0,0,0,0,1
1203769,1,1,1,1,0,0,1
1204222,0,0,0,0,0,0,1
1204533,1,0,0,0,0,0,1
1204837,1,1,1,0,0,0,1
1205481,0,0,0,0,0,0,1
1205836,1,0,0,0,0,0,1
1207033,1,0,0,0,0,0,1
1208952,0,0,0,0,0,0,1
1209141,0,0,0,0,0,0,1
1209372,1,1,1,0,0,0,1
1209611,1,0,0,0,0,0,0
1210204,1,0,0,0,0,0,1
1210205,0,0,0,0,0,0,1
1210535,1,1,0,0,0,0,1
1211249,0,0,0,0,0,0,1
1211340,1,1,0,0,0,0,1
1211386,0,0,0,0,0,0,0
1211431,1,0,0,0,0,0,1
1212001,1,0,0,0,0,0,1
1212118,1,0,0,0,0,0,1
1212691,1,0,0,0,0,0,1
1212736,0,0,0,0,0,0,1
1212752,1,1,0,0,0,0,1
1213373,1,1,0,0,0,0,1
1213680,0,0,0,0,0,0,1
1213919,1,1,0,0,0,0,1
1214468,1,1,0,0,0,0,1
1214654,1,0,0,0,0,0,1
1215491,1,1,0,0,0,0,1
1216281,1,1,1,0,0,0,0
1216656,1,0,0,0,0,0,1
1217712,1,0,0,0,0,0,1
1218664,1,0,0,0,0,0,1
1218708,0,0,0,0,0,0,1
1218803,1,0,0,0,0,0,1
1218847,0,0,0,0,0,0,1
1218892,0,0,0,0,0,0,1
1219006,1,1,1,1,1,1,0
1219241,1,0,0,0,0,0,1
1220632,0,0,0,0,0,0,1
1221464,1,0,0,0,0,0,1
1221581,1,1,0,0,0,0,1
1221675,1,1,0,0,0,0,1
1221720,1,1,0,0,0,0,1
1222480,1,1,0,0,0,0,1
1222621,1,0,0,0,0,0,1
1223241,0,0,0,0,0,0,1
1223433,1,1,0,0,0,0,0
1226113,1,0,0,0,0,0,1
1226182,1,1,1,0,0,0,0
1226732,1,0,0,0,0,0,1
1227592,0,0,0,0,0,0,1
1228019,0,0,0,0,0,0,1
1228469,1,1,1,0,0,0,1
1228971,1,1,0,0,0,0,1
1229543,0,0,0,0,0,0,1
1229656,1,0,0,0,0,0,0
1230063,0,0,0,0,0,0,1
1230272,0,0,0,0,0,0,1
1230609,1,1,0,0,0,0,0
1230723,1,0,0,0,0,0,1
1231513,1,0,0,0,0,0,1
1232224,1,0,0,0,0,0,1
1232227,1,0,0,0,0,0,1
1233346,1,1,1,0,0,0,0
1234014,0,0,0,0,0,0,1
1234756,1,1,1,0,0,0,0
1235637,1,1,0,0,0,0,0
1236569,1,0,0,0,0,0,1
1238558,1,1,1,1,0,0,1
1238701,1,1,1,0,0,0,0
1239412,1,1,1,0,0,0,0
1239415,1,1,0,0,0,0,0
1240268,0,0,0,0,0,0,1
1241948,1,1,0,0,0,0,0
1242568,0,0,0,0,0,0,1
1243209,0,0,0,0,0,0,1
1244144,1,0,0,0,0,0,1
1244569,1,0,0,0,0,0,1
1244808,1,0,0,0,0,0,1
1244852,0,0,0,0,0,0,1
1245205,0,0,0,0,0,0,1
1245588,1,0,0,0,0,0,1
1245726,1,1,1,1,0,0,0
1245869,1,1,1,0,0,0,0
1246438,0,0,0,0,0,0,1
1246556,1,0,0,0,0,0,1
1246575,1,1,1,0,0,0,0
1247100,0,0,0,0,0,0,1
1247406,1,1,1,0,0,0,1
1247424,1,1,0,0,0,0,0
1247713,1,1,1,0,0,0,1
1248136,1,0,0,0,0,0,1
1248180,0,0,0,0,0,0,1
1252377,1,1,0,0,0,0,0
1253767,1,1,0,0,0,0,0
1254292,1,1,1,0,0,0,0
1254575,0,0,0,0,0,0,1
1254594,1,1,0,0,0,0,0
1254905,1,1,1,0,0,0,0
1255284,1,0,0,0,0,0,1
1255372,1,1,1,0,0,0,0
1255757,1,0,0,0,0,0,1
1256423,1,1,1,1,1,1,0
1256467,0,0,0,0,0,0,1
1256657,1,0,0,0,0,0,1
1257613,0,0,0,0,0,0,1
1259549,1,1,1,0,0,0,0
1261778,1,1,1,0,0,0,0
1262374,1,0,0,0,0,0,1
1262468,1,1,1,0,0,0,0
1262556,1,1,1,0,0,0,0
1263104,0,0,0,0,0,0,1
1263655,1,1,1,0,0,0,0
1264179,1,0,0,0,0,0,1
1264801,1,1,1,0,0,0,0
1265299,1,1,1,0,0,0,1
1266087,1,1,1,0,0,0,1
1266729,1,1,1,0,0,0,0
1266894,0,0,0,0,0,0,1
1267466,0,0,0,0,0,0,1
1267629,1,1,1,0,0,0,1
1267915,1,0,0,0,0,0,1
1268198,1,1,1,0,0,0,1
1268722,0,0,0,0,0,0,1
1269127,0,0,0,0,0,0,1
1269628,1,1,1,0,0,0,0
1269935,1,1,1,0,0,0,1
1270264,1,1,1,0,0,0,0
1270266,1,0,0,0,0,0,1
1271051,0,0,0,0,0,0,1
1271260,1,1,1,0,0,0,1
1271957,1,1,1,0,0,0,0
1272285,1,1,1,1,0,0,1
1272306,1,1,1,0,0,0,1
1272950,0,0,0,0,0,0,1
1273189,1,1,1,0,0,0,1
1273207,1,0,0,0,0,0,1
1274019,0,0,0,0,0,0,1
1274782,1,1,1,0,0,0,1
1276796,1,1,1,1,0,0,0
1278444,1,1,1,0,0,0,0
1278488,0,0,0,0,0,0,1
1279040,1,1,1,1,0,0,1
1279248,1,0,0,0,0,0,1
1279461,1,1,1,0,0,0,0
1280373,1,1,1,1,0,0,0
1280921,1,0,0,0,0,0,1
1281203,0,0,0,0,0,0,0
1281268,1,1,1,0,0,0,1
1281413,0,0,0,0,0,0,1
1281764,0,0,0,0,0,0,1
1281811,0,0,0,0,0,0,1
1281950,1,1,1,0,0,0,0
1282712,1,1,1,1,0,0,1
1282854,1,1,0,0,0,0,1
1283616,1,1,0,0,0,0,1
1284046,1,1,1,0,0,0,1
1284160,0,0,0,0,0,0,1
1284518,0,0,0,0,0,0,1
1285402,0,0,0,0,0,0,1
1285641,0,0,0,0,0,0,1
1286188,1,1,1,0,0,0,0
1286564,1,1,1,0,0,0,1
1286588,0,0,0,0,0,0,1
1286605,1,1,1,0,0,0,0
1287033,0,0,0,0,0,0,1
1287364,1,0,0,0,0,0,1
1287769,1,0,0,0,0,0,1
1288125,0,0,0,0,0,0,1
1288288,0,0,0,0,0,0,1
1288959,1,1,1,1,0,0,0
1291188,0,0,0,0,0,0,1
1291736,1,0,0,0,0,0,1
1292236,1,0,0,0,0,0,1
1292566,1,1,1,0,0,0,0
1292805,1,1,1,0,0,0,0
1295317,1,1,1,1,0,0,0
1295480,1,1,1,0,0,0,0
1295524,0,0,0,0,0,0,1
1296147,1,1,1,0,0,0,0
1296357,1,0,0,0,0,0,1
1296595,0,0,0,0,0,0,1
1296925,0,0,0,0,0,0,1
1297160,1,0,0,0,0,0,1
1297232,1,1,1,0,0,0,1
1297731,1,0,0,0,0,0,1
1297896,0,0,0,0,0,0,1
1298176,0,0,0,0,0,0,1
1298533,1,0,0,0,0,0,1
1299348,0,0,0,0,0,0,1
1299726,1,1,1,0,0,0,0
1299965,1,1,1,0,0,0,0
1300007,1,0,0,0,0,0,1
1300386,0,0,0,0,0,0,1
1301056,1,0,0,0,0,0,1
1301269,1,0,0,0,0,0,1
1302006,1,0,0,0,0,0,1
1302317,0,0,0,0,0,0,1
1302910,0,0,0,0,0,0,1
1303004,0,0,0,0,0,0,1
1303071,1,1,1,1,0,0,1
1303547,0,0,0,0,0,0,1
1303588,1,0,0,0,0,0,1
1303634,0,0,0,0,0,0,1
1304183,0,0,0,0,0,0,1
1304248,1,0,0,0,0,0,1
1304390,1,0,0,0,0,0,1
1304437,1,1,1,1,0,0,1
1304836,1,0,0,0,0,0,1
1304859,0,0,0,0,0,0,1
1305337,0,0,0,0,0,0,1
1305665,1,1,0,0,0,0,0
1305686,1,0,0,0,0,0,1
1305851,0,0,0,0,0,0,1
1306302,0,0,0,0,0,0,1
1306305,1,0,0,0,0,0,1
1306341,0,0,0,0,0,0,1
1306411,1,0,0,0,0,0,1
1307485,1,0,0,0,0,0,1
1307677,1,0,0,0,0,0,1
1308077,0,0,0,0,0,0,1
1308725,1,0,0,0,0,0,1
1309221,1,0,0,0,0,0,1
1310132,1,1,0,0,0,0,0
1310173,1,0,0,0,0,0,1
1310221,1,0,0,0,0,0,1
1311009,1,0,0,0,0,0,1
1311337,1,0,0,0,0,0,1
1311505,0,0,0,0,0,0,1
1311976,1,1,1,1,0,0,0
1312020,0,0,0,0,0,0,1
1312165,1,0,0,0,0,0,1
1312564,0,0,0,0,0,0,1
1313450,1,1,1,0,0,0,0
1313567,1,1,1,0,0,0,0
1314045,1,0,0,0,0,0,1
1316150,1,0,0,0,0,0,1
1316387,0,0,0,0,0,0,1
1316862,1,0,0,0,0,0,1
1316979,0,0,0,0,0,0,1
1317288,1,1,1,0,0,0,0
1317570,1,0,0,0,0,0,1
1317736,0,0,0,0,0,0,1
1317853,1,0,0,0,0,0,1
1318136,0,0,0,0,0,0,1
1318277,1,0,0,0,0,0,1
1318485,1,1,1,0,0,0,0
1318552,1,1,1,0,0,0,1
1319029,0,0,0,0,0,0,1
1319865,1,0,0,0,0,0,1
1320845,1,0,0,0,0,0,1
1320848,1,0,0,0,0,0,1
1321485,1,0,0,0,0,0,1
1322129,0,0,0,0,0,0,1
1322247,0,0,0,0,0,0,1
1322341,1,1,1,0,0,0,1
1322384,1,0,0,0,0,0,1
1323097,1,0,0,0,0,0,1
1323192,1,0,0,0,0,0,1
1323283,0,0,0,0,0,0,1
1323637,1,0,0,0,0,0,1
1323924,1,0,0,0,0,0,1
1324449,1,0,0,0,0,0,1
1324657,0,0,0,0,0,0,1
1324702,1,1,1,0,0,0,0
1325345,0,0,0,0,0,0,1
1325484,1,1,1,0,0,0,1
1325486,1,0,0,0,0,0,1
1326033,0,0,0,0,0,0,1
1326122,0,0,0,0,0,0,1
1326285,0,0,0,0,0,0,1
1326352,0,0,0,0,0,0,1
1326640,0,0,0,0,0,0,1
1326875,0,0,0,0,0,0,1
1326988,0,0,0,0,0,0,1
1327108,0,0,0,0,0,0,1
1327895,1,0,0,0,0,0,1
1327984,0,0,0,0,0,0,1
1328511,0,0,0,0,0,0,1
1328552,0,0,0,0,0,0,1
1329916,1,0,0,0,0,0,1
1330419,1,0,0,0,0,0,1
1333201,1,1,1,0,0,0,0
1333290,1,1,1,1,0,0,0
1333453,1,0,0,0,0,0,0
1334241,1,0,0,0,0,0,1
1334288,1,1,0,0,0,0,0
1334618,1,1,0,0,0,0,1
1334877,0,0,0,0,0,0,1
1335021,1,1,1,0,0,0,1
1335496,1,0,0,0,0,0,1
1336762,1,0,0,0,0,0,1
1336953,1,1,1,1,0,0,1
1337088,1,1,1,0,0,0,0
1337401,0,0,0,0,0,0,1
1337587,0,0,0,0,0,0,0
1337700,1,0,0,0,0,0,1
1337769,1,1,1,0,0,0,1
1338246,1,0,0,0,0,0,1
1338507,1,0,0,0,0,0,1
1339534,0,0,0,0,0,0,1
1339793,1,0,0,0,0,0,1
1340052,0,0,0,0,0,0,1
1340649,0,0,0,0,0,0,1
1342664,1,1,1,1,0,0,0
1344532,0,0,0,0,0,0,1
1344577,1,1,1,0,0,0,0
1345245,1,0,0,0,0,0,1
1345695,1,1,0,0,0,0,0
1346701,1,1,1,0,0,0,1
1346718,1,1,1,0,0,0,0
1347240,1,1,1,1,0,0,0
1347245,1,0,0,0,0,0,1
1347669,0,0,0,0,0,0,1
1347829,1,1,1,1,0,0,0
1348018,1,0,0,0,0,0,1
1348108,1,1,1,0,0,0,1
1348848,1,0,0,0,0,0,1
1349205,1,1,1,1,0,0,1
1349753,1,0,0,0,0,0,1
1350084,1,0,0,0,0,0,1
1350609,0,0,0,0,0,0,1
1351688,1,1,1,0,0,0,0
1352859,1,1,1,0,0,0,0
1354151,1,0,0,0,0,0,1
1354845,1,1,0,0,0,0,0
1355031,1,0,0,0,0,0,1
1355194,1,1,1,0,0,0,0
1355911,1,0,0,0,0,0,1
1356533,1,1,0,0,0,0,1
1357268,1,1,1,0,0,0,0
1357793,1,1,0,0,0,0,0
1357865,0,0,0,0,0,0,1
1357952,1,0,0,0,0,0,1
1358263,0,0,0,0,0,0,1
1358377,1,0,0,0,0,0,1
1358378,1,1,1,1,1,1,0
1358801,0,0,0,0,0,0,1
1358805,0,0,0,0,0,0,1
1358844,1,1,1,0,0,0,0
1358910,0,0,0,0,0,0,1
1358952,1,0,0,0,0,0,1
1359023,1,1,1,0,0,0,1
1359813,0,0,0,0,0,0,1
1359972,1,1,1,0,0,0,1
1360115,1,1,1,0,0,0,1
1360304,0,0,0,0,0,0,1
1360541,1,0,0,0,0,0,1
1360800,0,0,0,0,0,0,1
1361035,0,0,0,0,0,0,1
1361079,0,0,0,0,0,0,1
1361268,0,0,0,0,0,0,1
1361269,1,0,0,0,0,0,1
1361907,1,0,0,0,0,0,1
1361976,1,0,0,0,0,0,1
1361977,1,0,0,0,0,0,1
1362016,0,0,0,0,0,0,1
1362947,0,0,0,0,0,0,1
1363736,0,0,0,0,0,0,1
1364236,1,0,0,0,0,0,1
1365192,1,0,0,0,0,0,1
1365929,1,1,1,0,0,1,0
1366046,1,1,1,0,0,0,0
1366857,1,0,0,0,0,0,1
1366879,1,1,1,1,0,0,1
1367112,1,1,1,0,0,0,0
1367565,1,0,0,0,0,0,1
1367609,0,0,0,0,0,0,1
1367676,0,0,0,0,0,0,1
1367890,1,1,0,0,0,1,1
1368510,1,0,0,0,0,0,1
1368600,1,0,0,0,0,0,1
1368767,1,1,1,1,1,1,0
1369125,1,1,1,0,0,0,0
1369357,0,0,0,0,0,0,1
1369523,1,0,0,0,0,0,1
1369684,1,1,1,0,0,0,1
1369689,0,0,0,0,0,0,1
1369941,0,0,0,0,0,0,1
1370392,1,0,0,0,0,0,1
1370441,1,0,0,0,0,0,1
1370913,1,0,0,0,0,0,1
1371533,1,0,0,0,0,0,1
1372324,0,0,0,0,0,0,0
1372413,1,0,0,0,0,0,1
1373129,1,0,0,0,0,0,1
1373392,1,0,0,0,0,0,1
1374060,1,0,0,0,0,0,1
1374511,1,1,1,1,1,1,0
1375658,1,1,1,0,0,0,0
1377572,1,1,1,0,0,0,0
1377621,1,1,1,0,0,0,0
1378097,0,0,0,0,0,0,1
1378980,1,1,1,1,1,1,0
1379001,1,0,0,0,0,0,1
1380076,1,1,1,1,1,1,0
1380309,1,1,0,0,0,0,0
1381580,1,1,1,0,0,0,1
1381621,1,1,1,0,0,0,1
1381622,1,1,1,0,0,0,1
1381687,0,0,0,0,0,0,0
1382378,1,0,0,0,0,0,1
1382424,1,0,0,0,0,0,1
1382441,1,1,1,0,0,0,1
1382799,1,0,0,0,0,0,1
1382842,1,0,0,0,0,0,1
1383319,1,0,0,0,0,0,1
1383388,1,0,0,0,0,0,1
1383836,1,1,1,1,1,1,0
1383838,1,0,0,0,0,0,1
1384191,1,0,0,0,0,0,1
1384712,1,0,0,0,0,0,1
1384735,0,0,0,0,0,0,1
1385451,1,0,0,0,0,0,1
1385975,0,0,0,0,0,0,1
1386141,1,1,1,0,0,1,0
1386569,0,0,0,0,0,0,1
1387597,1,0,0,0,0,0,1
1388601,1,0,0,0,0,0,1
1389533,1,0,0,0,0,0,1
1389597,1,1,1,0,0,0,0
1390556,1,1,0,0,0,0,0
1390769,1,1,1,0,0,1,1
1391002,1,1,1,0,0,1,0
1391313,0,0,0,0,0,0,1
1391644,1,1,0,0,0,0,1
1391876,1,0,0,0,0,0,0
1392261,1,0,0,0,0,0,1
1393143,1,1,1,0,0,1,0
1393309,1,0,0,0,0,0,1
1393540,1,0,0,0,0,0,1
1394093,1,0,0,0,0,0,1
1394348,1,0,0,0,0,0,1
1394828,1,0,0,0,0,0,1
1395324,1,0,0,0,0,0,1
1396165,1,0,0,0,0,0,1
1396757,1,0,0,0,0,0,0
1397569,1,0,0,0,0,0,1
1397737,1,1,1,1,0,0,1
1397828,1,0,0,0,0,0,1
1398158,1,1,1,0,0,1,0
1398925,1,0,0,0,0,0,1
1400311,1,1,1,0,0,0,0
1401173,0,0,0,0,0,0,1
1401572,1,0,0,0,0,0,1
1402770,0,0,0,0,0,0,1
1403341,0,0,0,0,0,0,1
1403769,0,0,0,0,0,0,1
1404343,1,0,0,0,0,0,1
1404458,1,0,0,0,0,0,1
1405008,1,0,0,0,0,0,0
1406804,1,1,0,0,0,0,1
1406870,1,1,1,0,0,0,1
1407683,1,0,0,0,0,0,1
1408088,1,1,1,0,0,0,1
1408106,1,1,1,0,0,0,1
1408345,1,1,1,0,0,0,0
1408744,1,1,1,0,0,1,0
1408792,1,0,0,0,0,0,1
1409245,1,1,0,0,0,0,1
1409289,0,0,0,0,0,0,1
1410149,1,0,0,0,0,0,1
1410289,0,0,0,0,0,0,1
1410929,1,1,1,0,0,1,0
1411168,1,1,0,0,0,0,1
1411689,1,0,0,0,0,0,1
1412261,1,0,0,0,0,0,1
1412429,1,0,0,0,0,0,1
1413909,1,1,1,0,0,0,1
1413981,1,0,0,0,0,0,1
1414407,1,1,1,0,0,0,1
1415097,1,0,0,0,0,0,1
1415141,0,0,0,0,0,0,1
1415237,1,0,0,0,0,0,1
1415254,1,1,1,1,0,0,0
1415635,1,0,0,0,0,0,1
1415892,1,1,1,0,0,1,0
1416421,1,0,0,0,0,0,1
1416631,1,0,0,0,0,0,1
1417105,1,0,0,0,0,0,1
1417513,1,0,0,0,0,0,1
1417795,1,0,0,0,0,0,1
1418173,1,0,0,0,0,0,1
1418192,1,0,0,0,0,0,1
1418312,1,1,1,0,0,1,0
1419052,1,0,0,0,0,0,1
1419145,1,1,1,0,0,0,1
1419427,1,0,0,0,0,0,1
1419736,1,0,0,0,0,0,1
1420307,1,0,0,0,0,0,1
1420444,1,1,1,0,0,1,1
1420852,1,1,1,0,0,0,1
1421375,1,1,1,0,0,0,1
1422402,1,0,0,0,0,0,0
1422516,0,0,0,0,0,0,1
1422563,1,1,1,0,0,0,1
1422584,1,1,1,0,0,0,1
1423226,1,0,0,0,0,0,1
1423364,1,0,0,0,0,0,1
1424488,0,0,0,0,0,0,1
1425012,1,0,0,0,0,0,1
1425321,1,1,1,0,0,0,0
1425556,1,0,0,0,0,0,1
1425604,0,0,0,0,0,0,1
1425861,1,0,0,0,0,0,1
1425907,1,0,0,0,0,0,1
1425953,1,1,1,0,0,0,1
1426064,1,0,0,0,0,0,1
1426589,1,0,0,0,0,0,1
1426611,1,0,0,0,0,0,1
1427373,1,0,0,0,0,0,1
1428137,0,0,0,0,0,0,1
1428973,1,1,1,0,0,0,1
1429787,1,1,1,0,0,0,1
1430263,0,0,0,0,0,0,1
1430378,0,0,0,0,0,0,0
1430926,0,0,0,0,0,0,1
1431473,1,1,1,1,0,0,1
1431542,1,0,0,0,0,0,1
1432449,1,0,0,0,0,0,1
1432450,1,1,1,0,0,0,1
1432453,1,1,1,0,0,0,1
1432752,1,1,1,0,0,0,0
1433179,1,1,1,1,1,1,0
1433220,1,1,1,0,0,1,0
1433939,0,0,0,0,0,0,1
1433985,1,1,1,0,0,0,1
1434816,0,0,0,0,0,0,1
1434935,1,1,1,0,0,0,1
1435076,1,1,1,0,0,0,1
1435696,0,0,0,0,0,0,1
1435712,1,0,0,0,0,0,1
1435735,0,0,0,0,0,0,1
1436619,1,1,1,0,0,0,1
1436663,0,0,0,0,0,0,1
1436728,1,1,1,0,0,0,1
1436920,1,1,1,0,0,0,1
1437201,1,1,1,1,1,1,0
1437511,1,0,0,0,0,0,1
1437961,1,0,0,0,0,0,1
1438055,0,0,0,0,0,0,1
1439056,1,1,1,0,0,0,1
1439582,1,1,1,1,0,0,0
1440009,1,1,1,0,0,0,1
1440342,0,0,0,0,0,0,1
1440651,0,0,0,0,0,0,1
1441052,1,1,0,0,0,1,1
1441125,1,1,1,0,0,0,0
1441356,0,0,0,0,0,0,1
1441522,1,1,1,0,0,0,1
1442117,1,1,1,0,0,0,1
1442136,1,0,0,0,0,0,1
1442141,1,1,1,0,0,0,1
1442493,0,0,0,0,0,0,1
1443036,1,1,0,0,0,0,1
1443325,1,1,1,1,0,0,1
1444064,1,1,0,0,0,0,0
1447177,1,1,1,1,0,0,1
1447823,1,1,1,0,0,0,0
1448128,1,1,1,1,0,0,1
1448197,1,0,0,0,0,0,1
1448698,1,1,1,0,0,1,0
1449053,0,0,0,0,0,0,1
1449553,1,0,0,0,0,0,1
1449598,1,1,1,0,0,0,1
1450267,1,1,1,0,0,0,1
1450505,1,1,1,0,0,0,0
1450834,1,1,1,0,0,0,1
1451240,1,1,1,0,0,0,0
1451354,0,0,0,0,0,0,1
1451952,1,0,0,0,0,0,1
1452045,1,0,0,0,0,0,1
1452086,1,0,0,0,0,0,1
1452372,0,0,0,0,0,0,1
1453084,1,1,1,0,0,0,1
1453128,0,0,0,0,0,0,1
1453320,1,1,1,0,0,0,1
1453890,1,1,1,0,0,0,1
1454008,1,0,0,0,0,0,1
1454168,1,0,0,0,0,0,1
1454504,1,0,0,0,0,0,1
1455001,1,1,1,0,0,0,1
1455337,1,1,1,0,0,0,1
1455376,1,1,0,0,0,0,1
1455448,1,1,1,0,0,0,1
1455968,1,0,0,0,0,0,1
1455973,1,0,0,0,0,0,1
1456633,1,1,1,0,0,0,1
1457208,1,1,1,0,0,0,1
1457395,1,1,1,0,0,0,0
1457629,1,1,1,0,0,0,1
1458323,1,1,1,0,0,0,1
1458584,1,1,1,0,0,0,1
1459060,0,0,0,0,0,0,1
1459127,1,0,0,0,0,0,1
1459891,1,0,0,0,0,0,1
1460032,1,0,0,0,0,0,1
1460675,1,0,0,0,0,0,1
1461030,1,1,0,0,0,0,0
1461123,1,0,0,0,0,0,1
1461336,1,1,1,0,0,0,1
1461955,1,0,0,0,0,0,1
1462168,1,1,1,0,0,0,1
1462740,0,0,0,0,0,0,1
1462831,1,0,0,0,0,0,1
1463112,1,1,1,1,0,0,0
1463117,0,0,0,0,0,0,0
1463152,0,0,0,0,0,0,1
1463196,0,0,0,0,0,0,1
1463314,0,0,0,0,0,0,1
1463336,1,1,0,0,0,0,1
1463808,1,0,0,0,0,0,1
1463953,1,0,0,0,0,0,1
1464092,1,1,1,0,0,0,1
1464230,0,0,0,0,0,0,1
1464368,1,0,0,0,0,0,1
1464371,1,1,1,0,0,0,1
1464373,1,0,0,0,0,0,1
1464741,1,1,1,0,0,0,0
1464812,1,0,0,0,0,0,1
1464950,1,1,1,0,0,0,1
1465187,1,1,1,1,0,0,1
1465565,1,0,0,0,0,0,1
1465610,1,1,1,0,0,0,1
1465776,1,0,0,0,0,0,1
1465961,0,0,0,0,0,0,1
1467494,1,1,1,0,0,0,1
1467948,1,1,1,0,0,0,1
1468400,0,0,0,0,0,0,1
1468610,1,1,1,0,0,0,1
1468873,1,1,1,0,0,0,1
1468986,0,0,0,0,0,0,1
1469801,1,1,1,0,0,0,1
1470108,1,1,1,0,0,0,1
1470247,1,1,1,1,1,1,0
1470485,1,0,0,0,0,0,1
1471345,1,1,1,0,0,0,1
1471436,1,1,1,1,0,0,1
1471500,1,1,1,0,0,0,0
1472024,0,0,0,0,0,0,1
1472625,1,0,0,0,0,0,1
1473121,1,1,1,1,0,0,0
1473481,1,1,1,0,0,0,1
1473929,0,0,0,0,0,0,1
1473975,1,1,1,0,0,0,1
1474237,1,1,1,0,0,0,1
1474424,1,1,1,0,0,0,1
1474707,1,0,0,0,0,0,1
1475808,0,0,0,0,0,0,1
1476138,0,0,0,0,0,0,0
1476662,1,0,0,0,0,0,1
1476708,1,0,0,0,0,0,1
1477710,1,0,0,0,0,0,1
1478306,1,0,0,0,0,0,1
1479188,1,1,1,0,0,0,0
1479784,1,0,0,0,0,0,1
1481101,1,1,1,0,0,0,0
1481413,1,1,1,0,0,0,0
1481836,1,0,0,0,0,0,1
1481883,1,1,0,0,0,0,0
1481925,1,0,0,0,0,0,1
1482952,1,0,0,0,0,0,1
1483644,1,0,0,0,0,0,1
1483884,0,0,0,0,0,0,0
1484408,1,0,0,0,0,0,1
1484475,1,1,1,0,0,0,1
1484612,1,0,0,0,0,0,1
1485188,1,0,0,0,0,0,1
1485470,1,1,1,1,0,0,0
1485925,1,1,1,0,0,0,1
1486304,1,0,0,0,0,0,1
1487069,1,0,0,0,0,0,1
1487663,1,1,1,0,0,0,1
1487949,1,1,1,0,0,0,1
1488831,1,1,1,1,0,0,1
1489089,1,1,0,0,0,0,0
1489423,1,0,0,0,0,0,1
1490139,1,0,0,0,0,0,1
1490831,1,0,0,0,0,0,1
1491784,1,1,1,1,0,0,0
1492599,1,1,1,0,0,0,1
1492642,1,1,1,0,0,0,0
1492684,1,0,0,0,0,0,1
1493476,1,1,1,0,0,0,0
1494188,1,1,1,0,0,0,1
1494380,1,1,0,0,0,0,1
1495121,1,1,1,0,0,0,0
1495428,1,1,1,1,0,0,1
1495468,1,1,1,0,0,0,1
1496257,1,1,1,0,0,0,0
1496593,1,1,1,0,0,0,1
1496876,1,1,1,0,0,0,1
1497541,0,0,0,0,0,0,1
1497996,1,1,1,0,0,0,1
1498065,1,1,1,0,0,0,1
1498081,1,0,0,0,0,0,1
1498917,0,0,0,0,0,0,1
1499444,1,1,1,1,0,0,1
1499751,1,1,1,0,0,0,0
1499794,1,1,1,0,0,0,0
1500774,1,0,0,0,0,0,1
1500818,0,0,0,0,0,0,1
1501750,1,1,1,1,0,0,1
1502632,1,0,0,0,0,0,0
1503612,1,0,0,0,0,0,1
1505245,1,1,1,0,0,0,0
1506101,1,1,1,0,0,0,0
1506485,1,0,0,0,0,0,1
1506624,1,1,1,0,0,0,0
1506909,0,0,0,0,0,0,1
1506927,1,1,1,1,0,0,0
1507088,1,0,0,0,0,0,1
1507400,1,0,0,0,0,0,1
1507777,1,1,1,0,0,0,1
1508255,1,0,0,0,0,0,1
1508537,1,1,1,1,0,0,1
1508918,1,1,1,0,0,0,0
1509056,1,0,0,0,0,0,1
1509990,1,0,0,0,0,0,1
1510683,1,0,0,0,0,0,1
1511089,1,0,0,0,0,0,1
1512425,1,1,1,0,0,0,1
1513741,1,1,1,0,0,0,1
1513835,1,1,1,1,0,0,1
1514576,1,1,1,1,0,0,0
1514786,1,1,1,1,0,0,1
1515719,1,1,1,0,0,0,1
1515738,1,0,0,0,0,0,1
1516236,1,1,1,0,0,0,0
1516570,1,1,1,0,0,0,1
1516948,1,0,0,0,0,0,1
1517140,1,0,0,0,0,0,1
1518265,1,1,1,1,0,0,0
1518280,1,0,0,0,0,0,1
1518470,1,1,1,1,0,0,1
1518492,1,1,1,1,0,0,1
1519012,1,1,1,0,0,0,1
1519109,1,1,1,0,0,0,1
1519344,1,1,1,0,0,0,1
1519795,1,0,0,0,0,0,1
1520104,1,0,0,0,0,0,1
1520771,1,1,1,0,0,0,1
1520885,1,1,1,0,0,0,0
1520932,1,1,1,0,0,0,1
1521575,1,0,0,0,0,0,1
1521692,1,0,0,0,0,0,1
1522069,1,0,0,0,0,0,1
1522071,1,0,0,0,0,0,1
1522089,1,1,1,0,0,0,1
1522108,0,0,0,0,0,0,1
1522485,0,0,0,0,0,0,1
1523080,1,1,1,0,0,0,1
1523845,1,1,1,0,0,0,1
1523916,1,1,1,0,0,0,1
1524100,1,0,0,0,0,0,1
1524888,1,1,1,0,0,0,1
1525032,1,0,0,0,0,0,1
1525073,1,0,0,0,0,0,1
1525289,1,0,0,0,0,0,1
1525448,1,0,0,0,0,0,1
1525590,1,1,1,1,0,0,0
1525801,1,1,1,0,0,0,1
1525991,1,0,0,0,0,0,1
1526037,1,1,1,0,0,0,1
1526104,1,0,0,0,0,0,1
1526288,1,1,1,1,0,0,1
1526816,1,0,0,0,0,0,1
1526857,1,1,1,1,0,0,1
1527236,1,1,1,0,0,0,1
1527736,1,0,0,0,0,0,1
1527760,1,0,0,0,0,0,1
1528235,1,0,0,0,0,0,1
1528281,1,1,1,0,0,0,1
1528296,0,0,0,0,0,0,1
1528440,1,0,0,0,0,0,1
1528820,0,0,0,0,0,0,1
1529249,0,0,0,0,0,0,1
1529267,1,0,0,0,0,0,1
1529288,0,0,0,0,0,0,1
1529544,1,0,0,0,0,0,1
1529928,1,0,0,0,0,0,1
1530163,1,1,1,1,0,0,1
1530708,1,0,0,0,0,0,1
1531907,1,1,1,0,0,0,1
1532212,1,0,0,0,0,0,1
1532714,1,1,1,0,0,0,0
1532758,0,0,0,0,0,0,1
1533304,1,1,1,0,0,0,1
1533373,1,1,1,1,0,0,1
1533394,1,0,0,0,0,0,1
1534036,1,1,1,0,0,0,1
1534201,1,1,1,0,0,0,1
1534677,0,0,0,0,0,0,1
1535128,0,0,0,0,0,0,1
1535533,1,1,1,0,0,0,1
1536397,1,1,1,0,0,0,0
1536581,1,1,1,0,0,0,1
1537084,1,1,0,0,0,0,0
1537125,1,0,0,0,0,0,1
1538468,0,0,0,0,0,0,1
1539063,1,1,0,0,0,0,0
1539108,1,0,0,0,0,0,1
1539704,1,0,0,0,0,0,1
1540419,1,0,0,0,0,0,1
1540558,1,1,0,0,0,0,0
1540963,1,0,0,0,0,0,1
1541270,1,0,0,0,0,0,1
1541579,1,0,0,0,0,0,1
1542078,1,1,1,0,0,0,1
1542288,1,1,0,0,0,0,0
1542692,0,0,0,0,0,0,1
1542787,1,1,1,0,0,0,1
1543072,1,1,1,0,0,0,1
1543549,1,1,1,0,0,0,0
1543708,1,1,1,1,0,0,1
1543730,1,0,0,0,0,0,1
1543800,1,1,1,0,0,0,1
1544013,1,0,0,0,0,0,1
1544269,1,1,1,0,0,0,0
1544461,1,0,0,0,0,0,1
1544693,1,0,0,0,0,0,1
1545101,1,0,0,0,0,0,1
1545189,0,0,0,0,0,0,1
1545545,0,0,0,0,0,0,1
1545569,1,0,0,0,0,0,1
1546093,1,0,0,0,0,0,1
1546521,0,0,0,0,0,0,1
1547257,1,1,1,0,0,0,1
1547568,1,1,1,1,0,0,1
1547900,0,0,0,0,0,0,1
1548808,1,1,1,1,0,0,1
1549138,1,1,1,0,0,0,1
1549494,0,0,0,0,0,0,1
1549923,1,1,1,0,0,0,0
1550852,1,1,1,1,0,0,0
1551498,1,0,0,0,0,0,1
1551588,0,0,0,0,0,0,1
1552642,1,1,1,0,0,0,1
1553672,1,1,1,0,0,0,1
1553693,1,1,1,0,0,0,0
1554429,1,1,0,0,0,0,0
1557115,1,1,1,1,0,0,0
1557783,1,0,0,0,0,0,1
1558234,1,1,1,1,0,0,1
1558780,1,1,1,0,0,0,0
1559499,1,1,1,0,0,0,1
1559927,0,0,0,0,0,0,1
1560064,1,1,1,1,0,0,1
1560351,0,0,0,0,0,0,1
1560852,1,1,1,0,0,0,0
1560873,1,1,1,0,0,0,0
1561011,1,0,0,0,0,0,1
1561344,1,0,0,0,0,0,1
1561601,1,1,1,1,0,0,0
1561671,1,0,0,0,0,0,1
1562269,1,1,1,1,0,0,1
1562333,1,0,0,0,0,0,1
1562689,0,0,0,0,0,0,1
1562927,1,1,1,0,0,0,1
1563281,1,0,0,0,0,0,1
1563325,0,0,0,0,0,0,1
1563541,1,1,1,0,0,0,1
1564253,1,1,0,0,0,0,1
1564969,1,0,0,0,0,0,1
1565374,1,1,1,1,0,0,0
1565685,1,1,1,0,0,0,1
1566881,1,1,1,0,0,0,1
1567208,1,1,0,0,0,0,0
1567545,1,0,0,0,0,0,1
1567608,0,0,0,0,0,0,1
1568496,1,1,1,0,0,0,0
1569068,0,0,0,0,0,0,1
1570069,1,1,0,0,0,0,1
1570091,1,1,1,0,0,0,0
1571261,1,1,1,0,0,0,1
1572554,1,1,0,0,0,0,0
1572669,1,1,1,0,0,0,1
1573506,1,0,0,0,0,0,1
1574030,0,0,0,0,0,0,1
1574145,1,1,1,1,1,1,0
1574721,1,1,1,0,0,0,0
1574784,1,1,0,0,0,0,0
1575553,1,1,1,0,0,0,1
1576244,1,1,1,0,0,0,0
1576937,1,1,1,1,0,0,1
1577267,1,1,1,1,0,0,0
1577697,0,0,0,0,0,0,1
1577907,1,0,0,0,0,0,1
1578048,1,1,0,0,0,0,1
1578596,1,0,0,0,0,0,1
1579142,1,1,1,0,0,0,1
1579164,1,0,0,0,0,0,1
1580024,1,1,1,0,0,0,1
1580666,1,1,1,1,1,1,0
1581096,1,1,1,1,0,0,1
1581305,1,1,1,0,0,0,0
1581948,1,1,1,0,0,0,0
1581996,1,1,1,0,0,0,1
1582568,1,0,0,0,0,0,1
1583906,1,1,1,1,0,0,1
1584865,1,1,1,0,0,1,0
1585075,1,1,1,0,0,0,0
1585646,1,0,0,0,0,0,1
1585691,1,0,0,0,0,0,1
1585737,1,0,0,0,0,0,1
1586885,1,0,0,0,0,0,1
1588485,1,1,0,0,0,0,0
1589128,1,1,1,1,0,0,0
1589752,1,1,1,1,0,0,0
1590324,1,0,0,0,0,0,1
1590509,1,0,0,0,0,0,1
1590816,1,1,0,0,0,0,1
1590840,0,0,0,0,0,0,1
1591049,0,0,0,0,0,0,1
1591360,1,0,0,0,0,0,1
1591545,0,0,0,0,0,0,1
1591708,1,1,1,0,0,0,1
1591996,0,0,0,0,0,0,1
1592252,0,0,0,0,0,0,1
1592321,1,0,0,0,0,0,1
1592798,1,1,0,0,0,0,0
1592843,1,1,0,0,0,0,0
1593652,0,0,0,0,0,0,1
1594037,1,0,0,0,0,0,0
1594316,1,0,0,0,0,0,1
1595035,1,0,0,0,0,0,1
1596492,1,1,0,0,0,0,1
1599180,0,0,0,0,0,0,0
1599509,0,0,0,0,0,0,0
1599986,1,0,0,0,0,0,0
1599988,1,1,1,0,0,0,1
1600241,1,0,0,0,0,0,1
1600837,1,0,0,0,0,0,1
1601221,1,1,0,0,0,0,0
1601552,1,0,0,0,0,0,1
1601741,0,0,0,0,0,0,1
1601785,0,0,0,0,0,0,1
1602164,1,0,0,0,0,0,1
1602207,1,1,0,0,0,0,0
1602208,0,0,0,0,0,0,1
1602728,1,0,0,0,0,0,1
1602772,0,0,0,0,0,0,1
1602887,1,0,0,0,0,0,1
1603604,1,1,1,0,0,0,1
1603644,1,1,1,1,0,0,0
1604816,1,1,1,0,0,0,1
1605104,1,1,1,1,0,0,1
1607068,1,1,1,1,0,0,1
1607134,1,1,0,0,0,0,0
1607993,1,1,1,1,0,0,0
1608781,1,0,0,0,0,0,1
1608949,1,1,1,0,0,0,0
1609109,0,0,0,0,0,0,1
1610067,1,1,1,0,0,0,0
1610541,1,1,1,0,0,0,1
1611377,1,1,1,0,0,0,1
1611996,1,1,0,0,0,0,0
1614249,1,1,1,0,0,0,1
1614252,1,1,1,1,0,0,0
1614314,1,1,0,0,0,0,0
1614788,1,1,1,1,1,1,0
1614858,1,0,0,0,0,0,1
1615117,1,1,1,0,0,0,1
1615834,1,1,1,0,0,0,1
1616121,1,1,1,1,0,0,0
1616857,1,1,1,1,0,0,1
1616905,1,0,0,0,0,0,1
1617164,1,0,0,0,0,0,1
1617183,1,1,1,1,0,0,1
1617416,1,0,0,0,0,0,1
1617485,1,0,0,0,0,0,1
1617604,0,0,0,0,0,0,1
1617980,1,0,0,0,0,0,1
1618864,1,1,1,0,0,0,1
1618888,1,0,0,0,0,0,1
1619219,1,0,0,0,0,0,1
1619716,1,0,0,0,0,0,1
1620193,1,0,0,0,0,0,1
1620335,1,0,0,0,0,0,1
1620664,1,0,0,0,0,0,1
1621213,1,1,1,0,0,0,1
1621331,1,1,1,0,0,0,1
1622789,1,0,0,0,0,0,1
1622859,1,1,1,0,0,0,1
1622974,1,1,1,0,0,0,0
1623617,1,0,0,0,0,0,1
1623663,1,0,0,0,0,0,1
1624045,1,0,0,0,0,0,0
1624567,1,0,0,0,0,0,1
1624781,1,0,0,0,0,0,1
1625377,1,0,0,0,0,0,1
1625539,1,0,0,0,0,0,1
1626040,1,1,1,0,0,0,0
1626133,1,0,0,0,0,0,1
1626680,1,0,0,0,0,0,1
1626965,1,1,1,1,0,0,1
1626981,1,1,1,0,0,0,1
1627816,1,1,0,0,0,0,0
1627820,1,0,0,0,0,0,1
1628049,1,1,1,0,0,0,1
1628431,1,1,1,1,0,0,1
1628453,1,0,0,0,0,0,1
1628760,1,1,1,0,0,0,1
1629285,1,1,1,1,0,0,1
1629352,1,0,0,0,0,0,1
1629659,1,1,1,0,0,0,1
1630110,1,1,1,0,0,0,0
1630517,1,1,1,0,0,0,1
1631038,1,1,1,1,0,0,1
1631040,1,1,1,1,0,0,1
1631100,1,1,1,0,0,0,1
1631650,1,0,0,0,0,0,1
1631956,1,1,1,0,0,0,1
1632028,1,1,1,0,0,0,1
1632644,1,0,0,0,0,0,1
1632740,1,1,1,0,0,0,1
1632902,1,0,0,0,0,0,1
1633256,1,0,0,0,0,0,1
1633448,1,1,1,0,0,0,1
1633778,1,1,1,0,0,0,1
1634060,1,0,0,0,0,0,1
1634564,1,1,1,1,0,0,1
1634796,1,1,1,0,0,0,1
1634914,1,1,1,0,0,0,1
1635173,1,1,1,0,0,1,0
1635650,1,1,1,1,0,0,1
1635888,1,1,1,0,0,0,1
1635977,1,1,1,0,0,0,1
1636502,1,1,1,1,0,0,1
1636664,1,1,1,0,0,0,1
1636688,1,0,0,0,0,0,1
1636779,1,1,1,0,0,0,0
1637637,1,0,0,0,0,0,1
1637641,1,1,1,0,0,0,0
1638281,1,0,0,0,0,0,1
1638325,0,0,0,0,0,0,1
1638463,1,0,0,0,0,0,1
1638505,1,1,1,1,0,0,1
1639753,1,0,0,0,0,0,1
1640010,1,1,1,0,0,0,1
1640894,1,0,0,0,0,0,1
1641682,1,0,0,0,0,0,1
1642542,1,0,0,0,0,0,1
1643692,1,1,1,1,1,1,0
1643828,1,1,1,0,0,0,0
1644428,1,0,0,0,0,0,1
1644732,1,0,0,0,0,0,1
1645400,1,0,0,0,0,0,1
1645496,1,0,0,0,0,0,1
1645635,1,1,1,1,0,0,0
1645677,1,1,1,0,0,0,0
1646179,0,0,0,0,0,0,1
1646224,1,0,0,0,0,0,1
1646288,1,1,1,0,0,0,1
1646525,1,0,0,0,0,0,1
1646909,1,1,1,0,0,0,0
1647020,1,0,0,0,0,0,1
1647140,1,0,0,0,0,0,1
1647760,1,0,0,0,0,0,1
1648256,1,1,1,0,0,0,1
1649284,1,0,0,0,0,0,1
1649380,1,1,1,0,0,0,1
1649686,0,0,0,0,0,0,0
1650472,1,0,0,0,0,0,1
1650517,1,1,1,1,0,0,1
1651402,1,1,0,0,0,0,1
1651684,1,0,0,0,0,0,1
1651729,1,1,1,1,0,0,1
1652062,1,0,0,0,0,0,1
1652417,1,0,0,0,0,0,1
1652438,0,0,0,0,0,0,1
1653272,1,0,0,0,0,0,1
1653319,1,0,0,0,0,0,0
1653337,0,0,0,0,0,0,1
1653381,0,0,0,0,0,0,1
1653857,1,0,0,0,0,0,1
1654049,1,1,1,1,0,0,0
1654955,1,0,0,0,0,0,1
1655046,1,1,1,1,0,0,1
1655520,1,0,0,0,0,0,1
1656142,1,0,0,0,0,0,1
1656376,1,0,0,0,0,0,1
1656520,1,1,1,0,0,0,0
1656707,1,0,0,0,0,0,1
1656966,1,0,0,0,0,0,1
1657083,0,0,0,0,0,0,1
1658108,1,0,0,0,0,0,1
1658152,0,0,0,0,0,0,1
1658633,1,1,1,1,0,0,1
1658792,1,0,0,0,0,0,1
1659271,1,0,0,0,0,0,1
1659336,1,0,0,0,0,0,1
1659692,0,0,0,0,0,0,1
1659861,1,0,0,0,0,0,1
1660577,1,0,0,0,0,0,1
1660596,0,0,0,0,0,0,1
1660640,0,0,0,0,0,0,1
1660659,1,1,1,1,0,0,1
1660846,1,1,1,0,0,0,1
1660985,1,1,1,0,0,0,0
1661004,1,0,0,0,0,0,1
1661197,1,0,0,0,0,0,1
1661333,0,0,0,0,0,0,1
1661475,1,0,0,0,0,0,1
1661781,0,0,0,0,0,0,1
1661968,1,0,0,0,0,0,1
1662444,0,0,0,0,0,0,1
1663115,1,1,1,0,0,0,1
1663421,1,0,0,0,0,0,1
1663947,0,0,0,0,0,0,1
1664301,0,0,0,0,0,0,1
1666362,1,0,0,0,0,0,1
1667249,1,0,0,0,0,0,1
1667362,0,0,0,0,0,0,1
1667792,1,0,0,0,0,0,0
1667810,0,0,0,0,0,0,1
1667929,1,0,0,0,0,0,1
1667945,1,0,0,0,0,0,1
1668401,0,0,0,0,0,0,1
1669165,1,0,0,0,0,0,1
1669469,1,0,0,0,0,0,1
1669608,0,0,0,0,0,0,0
1669630,1,0,0,0,0,0,1
1669631,1,1,0,0,0,0,1
1670201,1,1,1,0,0,0,1
1670290,1,1,1,0,0,0,1
1670621,1,1,1,0,0,0,1
1670715,1,1,1,1,0,0,1
1670852,1,1,1,0,0,0,1
1671285,1,1,1,0,0,0,1
1671688,1,1,1,0,0,0,1
1671755,1,0,0,0,0,0,1
1672065,1,1,1,0,0,0,1
1672298,1,0,0,0,0,0,1
1672416,1,1,1,0,0,0,1
1672483,1,1,1,0,0,0,1
1672644,1,1,1,0,0,0,1
1673096,0,0,0,0,0,0,1
1673361,1,1,1,1,0,0,1
1674120,1,0,0,0,0,0,1
1674382,1,1,1,0,0,0,1
1674665,1,1,1,1,0,0,1
1674852,1,0,0,0,0,0,1
1675237,1,1,1,1,0,0,1
1675446,1,0,0,0,0,0,1
1675704,1,1,1,1,0,0,1
1676089,1,1,1,1,0,0,1
1676274,1,1,1,1,0,0,1
1676412,1,0,0,0,0,0,1
1676818,1,0,0,0,0,0,1
1676985,1,0,0,0,0,0,1
1677072,1,1,1,1,0,0,1
1677120,1,1,1,1,0,0,1
1677161,1,0,0,0,0,0,1
1677685,1,0,0,0,0,0,1
1677757,1,1,1,0,0,0,1
1677772,1,1,1,1,0,0,1
1677938,1,0,0,0,0,0,1
1678173,1,0,0,0,0,0,1
1678196,1,1,1,0,0,0,1
1678332,0,0,0,0,0,0,1
1678594,1,1,1,0,0,0,1
1679189,1,1,1,1,0,0,1
1679284,1,0,0,0,0,0,1
1679328,0,0,0,0,0,0,1
1679587,1,1,1,0,0,0,0
1679629,0,0,0,0,0,0,1
1679650,1,0,0,0,0,0,1
1680414,1,1,1,1,0,0,1
1680459,1,1,1,1,0,0,1
1680885,1,1,1,1,0,0,1
1682296,1,1,1,0,0,0,1
1683372,1,1,1,1,0,0,1
1684256,1,1,1,1,0,0,1
1684905,1,1,1,0,0,0,0
1685885,1,1,1,0,0,0,1
1686452,1,0,0,0,0,0,1
1686500,1,1,1,1,0,0,0
1686881,1,1,1,0,0,0,1
1686925,0,0,0,0,0,0,1
1687132,1,1,1,0,0,0,1
1687541,1,0,0,0,0,0,1
1687582,1,0,0,0,0,0,0
1687627,0,0,0,0,0,0,0
1687668,1,0,0,0,0,0,1
1687861,0,0,0,0,0,0,1
1688045,1,1,0,0,0,0,0
1688138,1,0,0,0,0,0,1
1688833,1,1,1,0,0,0,1
1688900,1,1,1,0,0,0,1
1689348,1,1,1,0,0,0,1
1689733,1,1,1,1,0,0,1
1690348,1,1,1,1,0,0,1
1690781,1,1,1,0,0,0,1
1691204,1,1,1,0,0,0,1
1692045,1,0,0,0,0,0,1
1692228,1,1,1,0,0,0,1
1692757,1,1,1,0,0,0,1
1692844,1,1,1,0,0,0,1
1694787,1,1,1,0,0,0,0
1695213,1,1,1,1,0,0,0
1695306,1,1,1,1,0,0,0
1696072,1,0,0,0,0,0,0
1696521,1,1,1,0,0,0,1
1696710,1,1,1,0,0,0,1
1697281,1,1,1,0,0,0,1
1699945,1,1,1,1,0,0,0
1700032,1,1,1,0,0,1,0
1700681,1,1,1,0,0,0,1
1701253,0,0,0,0,0,0,1
1701460,1,1,1,1,0,0,1
1701963,1,1,1,0,0,0,0
1702340,1,1,1,0,0,0,1
1702533,1,1,0,0,0,0,1
1702575,1,0,0,0,0,0,1
1703072,1,0,0,0,0,0,1
1703240,1,1,1,0,0,0,0
1703381,1,1,0,0,0,0,1
1703878,1,1,1,1,0,0,0
1703948,1,0,0,0,0,0,1
1704036,1,1,1,0,0,0,1
1704441,0,0,0,0,0,0,0
1704460,0,0,0,0,0,0,1
1704819,1,1,1,1,0,0,1
1704863,0,0,0,0,0,0,1
1705192,1,1,1,0,0,0,1
1705860,1,0,0,0,0,0,1
1705904,0,0,0,0,0,0,1
1706429,1,1,1,0,0,0,1
1707460,1,1,1,1,0,0,1
1707814,1,1,1,0,0,0,1
1708196,1,1,1,0,0,0,1
1708670,1,0,0,0,0,0,1
1710541,1,1,1,0,0,0,0
1712022,0,0,0,0,0,0,1
1712043,1,1,1,0,0,0,0
1713092,1,1,1,1,0,0,0
1713592,0,0,0,0,0,0,1
1713613,1,1,0,0,0,1,0
1714044,1,1,1,1,1,1,0
1714377,1,1,1,1,0,0,1
1714852,1,0,0,0,0,0,1
1715257,1,0,0,0,0,0,1
1715392,1,1,0,0,0,0,1
1715728,1,0,0,0,0,0,1
1716204,0,0,0,0,0,0,1
1717064,1,0,0,0,0,0,1
1717584,1,0,0,0,0,0,1
1717704,1,0,0,0,0,0,1
1718200,1,0,0,0,0,0,1
1718225,1,0,0,0,0,0,1
1718388,1,0,0,0,0,0,1
1719077,1,1,1,0,0,0,1
1719101,1,1,1,0,0,0,1
1719145,0,0,0,0,0,0,1
1719162,1,1,1,0,0,0,0
1719183,1,1,1,0,0,0,0
1719444,1,0,0,0,0,0,1
1719870,1,0,0,0,0,0,1
1720229,1,1,1,1,0,0,1
1720295,1,1,0,0,0,0,1
1721155,1,1,0,0,0,0,1
1721174,1,1,0,0,0,0,1
1721579,0,0,0,0,0,0,1
1722319,0,0,0,0,0,0,1
1723273,1,1,1,1,0,0,1
1723919,1,1,1,0,0,0,1
1724009,1,0,0,0,0,0,1
1725037,1,1,0,0,0,0,1
1725344,1,1,1,1,0,0,0
1726616,0,0,0,0,0,0,0
1726848,1,0,0,0,0,0,1
1727401,1,1,0,0,0,0,0
1727588,1,1,1,0,0,0,1
1728324,1,1,0,0,0,0,1
1728346,0,0,0,0,0,0,0
1728349,1,1,0,0,0,0,1
1728412,1,1,1,1,0,0,1
1728788,0,0,0,0,0,0,1
1729389,1,1,0,0,0,0,1
1729550,1,0,0,0,0,0,1
1729880,1,1,1,0,0,0,1
1729884,1,1,0,0,0,0,1
1730616,1,0,0,0,0,0,1
1731071,1,1,1,0,0,0,0
1731260,0,0,0,0,0,0,1
1731447,0,0,0,0,0,0,1
1731852,0,0,0,0,0,0,1
1732181,1,1,1,0,0,0,0
1732348,0,0,0,0,0,0,1
1732967,1,1,1,1,0,0,1
1733324,1,0,0,0,0,0,1
1734061,1,0,0,0,0,0,1
1734516,0,0,0,0,0,0,1
1735421,1,1,1,0,0,0,1
1735828,1,1,1,0,0,0,1
1735869,0,0,0,0,0,0,1
1736396,1,0,0,0,0,0,1
1736485,1,0,0,0,0,0,1
1736533,1,1,1,0,0,0,0
1736694,1,1,0,0,0,0,0
1737556,1,1,1,1,0,0,1
1737649,1,1,1,1,0,0,1
1737760,0,0,0,0,0,0,0
1738308,1,0,0,0,0,0,1
1738836,1,0,0,0,0,0,1
1739073,0,0,0,0,0,0,1
1739232,1,0,0,0,0,0,1
1740092,1,0,0,0,0,0,1
1740115,1,1,0,0,0,0,0
1740277,0,0,0,0,0,0,1
1740325,1,1,0,0,0,0,1
1740680,0,0,0,0,0,0,1
1741824,1,1,1,0,0,0,1
1742304,0,0,0,0,0,0,1
1742370,1,1,1,1,0,0,1
1742484,1,0,0,0,0,0,1
1742864,0,0,0,0,0,0,1
1743508,1,0,0,0,0,0,1
1743793,1,1,1,0,0,0,1
1744488,1,1,1,0,0,0,1
1744601,1,0,0,0,0,0,1
1745152,1,1,1,1,0,0,1
1745436,0,0,0,0,0,0,1
1746800,1,1,1,0,0,0,1
1747275,1,1,1,1,0,0,0
1747489,1,1,1,1,0,0,0
1747772,1,0,0,0,0,0,1
1748345,1,0,0,0,0,0,1
1748603,0,0,0,0,0,0,1
1749029,1,1,1,0,0,0,1
1749363,1,0,0,0,0,0,1
1749385,1,1,1,0,0,0,1
1749428,1,0,0,0,0,0,1
1749518,1,1,1,0,0,0,0
1749685,0,0,0,0,0,0,1
1750184,1,1,1,1,0,0,1
1750417,1,1,0,0,0,0,1
1750441,0,0,0,0,0,0,1
1750508,0,0,0,0,0,0,1
1750622,1,1,1,0,0,0,1
1750640,1,1,1,1,0,0,0
1750736,0,0,0,0,0,0,1
1751309,1,1,1,0,0,0,1
1751420,1,1,1,0,0,0,1
1751946,1,1,0,0,0,0,1
1752089,1,1,1,0,0,0,1
1752104,1,0,0,0,0,0,1
1752127,1,1,1,1,0,0,1
1752129,0,0,0,0,0,0,1
1752169,0,0,0,0,0,0,1
1752621,0,0,0,0,0,0,1
1752852,1,1,1,0,0,0,1
1753305,1,1,1,1,0,0,1
1753612,1,0,0,0,0,0,1
1753661,1,1,1,0,0,0,1
1753993,0,0,0,0,0,0,1
1754106,1,0,0,0,0,0,1
1754245,1,0,0,0,0,0,1
1754289,0,0,0,0,0,0,1
1754333,0,0,0,0,0,0,1
1754546,0,0,0,0,0,0,1
1754612,1,0,0,0,0,0,1
1754946,0,0,0,0,0,0,1
1755401,1,0,0,0,0,0,1
1757868,1,1,1,0,0,0,0
1758701,1,1,1,0,0,0,1
1758940,1,0,0,0,0,0,1
1759271,1,1,1,0,0,0,0
1759313,1,0,0,0,0,0,1
1760029,1,0,0,0,0,0,1
1760507,1,1,1,0,0,0,1
1760693,1,0,0,0,0,0,1
1761459,1,0,0,0,0,0,1
1761788,0,0,0,0,0,0,0
1762099,1,0,0,0,0,0,1
1762118,0,0,0,0,0,0,0
1762424,1,0,0,0,0,0,1
1762569,0,0,0,0,0,0,0
1762994,1,0,0,0,0,0,1
1763061,1,1,1,0,0,0,1
1764021,1,1,1,0,0,0,1
1764565,1,1,1,0,0,0,1
1765114,1,1,1,0,0,0,1
1765300,1,1,1,1,0,0,1
1765421,1,1,1,1,0,0,1
1765509,1,1,1,1,0,0,1
1766009,0,0,0,0,0,0,1
1766080,1,1,1,1,0,0,0
1766556,1,0,0,0,0,0,1
1766574,1,0,0,0,0,0,1
1766592,1,1,1,0,0,0,1
1767144,1,1,1,0,0,0,1
1767234,1,0,0,0,0,0,1
1767278,0,0,0,0,0,0,1
1767488,1,0,0,0,0,0,1
1767584,0,0,0,0,0,0,1
1768296,1,0,0,0,0,0,1
1768968,1,1,1,0,0,0,1
1769227,1,1,1,0,0,0,0
1769964,1,1,1,0,0,0,1
1770440,1,0,0,0,0,0,1
1770944,1,1,1,0,0,0,1
1770960,0,0,0,0,0,0,1
1771464,1,0,0,0,0,0,1
1772036,1,0,0,0,0,0,1
1772561,0,0,0,0,0,0,0
1773153,1,1,1,0,0,0,0
1773197,0,0,0,0,0,0,1
1773749,1,1,1,0,0,0,1
1774438,1,1,1,0,0,0,0
1775085,1,0,0,0,0,0,1
1776112,1,1,1,0,0,0,1
1776395,1,1,1,1,0,0,0
1776609,1,0,0,0,0,0,1
1776795,0,0,0,0,0,0,1
1777271,0,0,0,0,0,0,1
1778061,1,0,0,0,0,0,1
1778079,1,1,1,1,0,0,1
1778120,1,1,1,0,0,0,0
1778648,1,1,1,1,0,0,1
1778784,1,1,1,1,0,0,1
1778833,1,1,1,0,0,0,1
1778897,1,1,1,1,1,1,0
1779207,1,1,1,0,0,0,1
1779800,1,1,1,1,0,0,1
1779869,1,1,1,0,0,0,1
1780252,1,1,1,0,0,0,1
1780701,1,1,1,1,0,0,1
1780748,0,0,0,0,0,0,1
1781292,1,0,0,0,0,0,1
1781293,1,0,0,0,0,0,1
1781574,1,1,1,0,0,0,0
1782194,0,0,0,0,0,0,1
1782264,0,0,0,0,0,0,1
1782497,1,1,1,0,0,0,1
1782516,1,1,1,0,0,0,1
1782560,0,0,0,0,0,0,1
1783038,1,0,0,0,0,0,1
1783344,1,1,1,1,0,0,1
1783488,1,1,1,0,0,0,1
1783650,1,0,0,0,0,0,1
1783980,0,0,0,0,0,0,1
1784217,1,1,1,0,0,0,1
1784528,1,1,1,0,0,0,1
1784640,1,0,0,0,0,0,1
1784758,1,1,1,1,0,0,1
1785284,1,0,0,0,0,0,1
1785953,1,1,1,1,0,0,0
1786016,0,0,0,0,0,0,1
1786037,1,1,1,0,0,0,1
1786323,1,0,0,0,0,0,0
1786582,1,0,0,0,0,0,1
1786819,0,0,0,0,0,0,1
1787005,1,1,1,1,0,0,1
1787197,1,0,0,0,0,0,1
1787479,0,0,0,0,0,0,1
1787977,1,0,0,0,0,0,1
1788025,1,0,0,0,0,0,1
1788042,1,1,1,0,0,0,1
1788397,0,0,0,0,0,0,1
1789113,1,0,0,0,0,0,1
1789157,0,0,0,0,0,0,1
1789779,1,1,0,0,0,0,1
1790953,1,1,1,0,0,0,1
1791619,1,0,0,0,0,0,1
1792432,1,1,1,0,0,0,0
1793168,1,1,1,0,0,0,0
1793956,1,1,1,0,0,0,1
1794696,1,1,1,0,0,0,1
1795222,1,1,1,1,0,0,0
1795264,1,0,0,0,0,0,1
1795670,0,0,0,0,0,0,1
1796337,1,1,1,1,0,0,0
1796476,1,1,1,1,0,0,1
1797314,1,1,1,0,0,0,1
1797861,1,1,1,0,0,0,1
1797928,1,1,1,0,0,0,1
1798121,1,1,1,1,0,0,0
1798549,0,0,0,0,0,0,1
1798783,1,1,1,0,0,0,0
1798872,1,1,1,0,0,0,1
1799397,1,1,1,0,0,0,1
1799588,1,1,1,0,0,0,0
1799988,1,1,1,1,0,0,1
1800297,1,1,1,1,0,0,1
1800393,1,1,1,0,0,0,1
1800696,1,1,1,0,0,0,1
1800744,1,1,1,0,0,0,1
1801001,1,1,1,0,0,0,1
1801143,1,1,1,0,0,0,1
1801593,1,0,0,0,0,0,1
1801783,1,0,0,0,0,0,1
1802160,1,1,1,0,0,0,1
1802325,1,1,1,0,0,0,1
1802684,1,1,1,1,0,0,1
1802940,1,1,1,1,0,0,1
1803537,1,1,1,1,0,0,1
1803700,1,1,1,1,0,0,1
1804442,1,1,1,1,0,0,0
1804823,1,1,1,1,0,0,1
1806835,0,0,0,0,0,0,1
1807455,1,1,1,0,0,0,1
1807549,1,1,1,1,0,0,0
1808169,1,1,1,0,0,0,1
1808403,0,0,0,0,0,0,1
1808905,1,1,1,0,0,0,1
1809115,1,1,1,0,0,0,1
1809233,0,0,0,0,0,0,1
1809852,1,1,1,0,0,0,0
1809945,1,1,1,0,0,0,1
1810684,1,1,1,0,0,0,1
1810701,1,1,1,1,0,0,0
1810725,1,1,1,1,0,0,1
1810860,1,1,1,0,0,0,0
1811073,0,0,0,0,0,0,1
1811240,0,0,0,0,0,0,1
1811592,1,1,1,0,0,0,1
1811594,1,1,1,0,0,0,0
1811825,1,1,1,1,0,0,1
1812352,0,0,0,0,0,0,1
1812561,1,1,1,0,0,0,1
1812872,1,0,0,0,0,0,1
1812873,1,1,1,1,0,0,1
1813004,1,1,1,0,0,0,1
1813364,1,0,0,0,0,0,1
1813980,1,1,0,0,0,0,1
1814245,1,0,0,0,0,0,1
1814601,1,0,0,0,0,0,1
1814740,1,1,1,0,0,0,1
1814756,1,1,1,1,0,0,1
1815712,1,0,0,0,0,0,1
1815808,1,0,0,0,0,0,1
1816140,0,0,0,0,0,0,1
1816231,0,0,0,0,0,0,0
1816488,1,1,1,0,0,0,1
1816678,1,1,0,0,0,0,1
1816722,0,0,0,0,0,0,1
1816982,0,0,0,0,0,0,1
1817506,1,0,0,0,0,0,1
1817840,1,1,1,0,0,0,1
1818556,1,1,1,0,0,0,1
1819392,1,1,1,0,0,0,1
1819697,1,1,1,0,0,0,0
1820464,1,1,1,0,0,0,1
1820529,1,1,1,0,0,0,1
1821053,1,0,0,0,0,0,1
1821749,1,1,1,0,0,0,0
1822537,1,1,1,0,0,0,1
1822581,0,0,0,0,0,0,1
1823391,1,1,1,0,0,0,0
1823648,1,1,1,1,0,0,0
1823793,1,1,1,1,0,0,1
1824027,1,0,0,0,0,0,1
1824479,0,0,0,0,0,0,1
1824592,1,1,1,0,0,0,1
1824662,1,1,1,0,0,0,0
1825088,0,0,0,0,0,0,1
1826598,1,1,1,1,0,0,1
1827050,1,0,0,0,0,0,1
1827575,1,1,1,1,0,0,1
1827620,1,1,1,0,0,0,0
1828095,1,0,0,0,0,0,1
1828209,1,1,1,1,0,0,0
1828424,1,0,0,0,0,0,1
1828825,1,0,0,0,0,0,1
1829015,1,1,1,0,0,0,1
1829636,1,1,1,1,0,0,1
1830256,1,0,0,0,0,0,1
1830949,1,1,1,1,0,0,0
1830968,1,1,1,1,0,0,1
1831561,1,1,1,0,0,0,1
1831896,1,1,1,0,0,0,1
1832181,1,0,0,0,0,0,1
1832244,1,1,1,1,0,0,0
1832529,1,1,1,1,0,0,1
1832961,1,1,1,1,0,0,1
1833412,1,1,1,0,0,0,1
1833529,1,0,0,0,0,0,1
1834004,0,0,0,0,0,0,1
1834190,1,1,1,1,0,0,0
1834381,0,0,0,0,0,0,1
1834544,1,0,0,0,0,0,1
1834588,0,0,0,0,0,0,1
1834990,1,1,1,1,0,0,1
1835469,1,1,1,1,0,0,1
1835870,1,1,1,0,0,0,1
1836084,1,1,1,0,0,0,1
1836151,1,1,1,0,0,0,0
1836293,1,1,1,1,0,0,1
1836718,1,0,0,0,0,0,1
1836907,1,0,0,0,0,0,1
1837409,1,1,1,0,0,0,1
1838317,1,0,0,0,0,0,1
1838383,1,0,0,0,0,0,1
1839384,1,1,1,0,0,0,0
1839669,1,1,1,1,0,0,0
1840000,0,0,0,0,0,0,1
1840577,0,0,0,0,0,0,1
1841001,1,0,0,0,0,0,1
1841070,0,0,0,0,0,0,1
1841405,1,1,1,0,0,0,1
1842481,1,0,0,0,0,0,1
1842521,1,1,1,0,0,0,1
1842949,0,0,0,0,0,0,1
1842997,0,0,0,0,0,0,1
1843232,1,1,1,0,0,0,0
1843393,1,0,0,0,0,0,1
1844253,1,0,0,0,0,0,1
1844394,1,0,0,0,0,0,1
1844965,1,1,1,1,0,0,1
1845085,1,1,1,0,0,0,1
1845535,1,1,1,0,0,0,0
1846057,1,0,0,0,0,0,1
1846150,1,0,0,0,0,0,1
1847058,1,0,0,0,0,0,1
1847148,1,1,1,1,0,0,0
1847245,1,1,1,0,0,0,1
1848774,1,1,0,0,0,0,1
1848840,1,1,1,0,0,0,1
1849558,1,1,1,1,0,0,1
1850035,0,0,0,0,0,0,1
1850079,0,0,0,0,0,0,1
1850388,1,0,0,0,0,0,0
1851032,1,0,0,0,0,0,1
1851576,1,1,1,1,0,0,1
1851741,1,1,1,1,0,0,1
1851834,1,0,0,0,0,0,1
1852167,1,0,0,0,0,0,1
1852860,1,1,1,1,0,0,1
1853671,1,0,0,0,0,0,1
1853690,1,1,1,0,0,0,1
1853904,1,0,0,0,0,0,1
1854405,1,1,1,0,0,1,0
1854468,1,1,1,0,0,0,1
1855522,1,1,1,0,0,0,1
1855523,1,0,0,0,0,0,1
1856089,1,0,0,0,0,0,1
1856734,1,1,1,1,0,0,1
1858221,1,1,1,1,0,0,1
1858717,1,1,1,0,0,0,1
1858765,0,0,0,0,0,0,1
1859601,1,1,1,0,0,0,1
1860434,1,0,0,0,0,0,1
1860625,1,0,0,0,0,0,1
1861076,1,0,0,0,0,0,0
1861644,1,1,1,1,0,0,0
1862699,1,1,1,1,0,0,0
1862816,1,1,1,1,0,0,1
1863000,1,0,0,0,0,0,1
1863740,1,1,1,0,0,0,1
1863859,1,0,0,0,0,0,1
1864356,1,0,0,0,0,0,1
1864760,1,0,0,0,0,0,1
1865212,0,0,0,0,0,0,1
1865881,1,0,0,0,0,0,0
1866192,1,0,0,0,0,0,1
1866281,1,0,0,0,0,0,1
1866325,0,0,0,0,0,0,1
1866492,0,0,0,0,0,0,1
1867590,1,1,0,0,0,0,0
1867781,1,1,1,1,0,0,0
1867824,0,0,0,0,0,0,1
1868370,1,0,0,0,0,0,1
1868752,1,0,0,0,0,0,1
1869538,0,0,0,0,0,0,1
1870401,1,0,0,0,0,0,1
1870660,1,1,1,1,0,0,1
1871015,1,1,1,0,0,0,0
1871059,0,0,0,0,0,0,1
1871080,0,0,0,0,0,0,1
1871725,1,0,0,0,0,0,1
1872007,1,1,1,0,0,0,1
1872293,1,0,0,0,0,0,1
1872356,1,1,1,1,0,0,0
1873029,1,0,0,0,0,0,1
1873477,1,1,1,0,0,0,0
1874288,1,0,0,0,0,0,1
1874293,1,0,0,0,0,0,1
1874401,1,0,0,0,0,0,1
1875217,1,1,1,1,0,0,1
1875353,1,1,1,0,0,0,1
1875444,1,1,1,0,0,0,1
1875729,1,0,0,0,0,0,1
1875945,1,1,1,0,0,0,1
1876008,1,0,0,0,0,0,1
1876245,1,0,0,0,0,0,1
1876674,1,1,1,1,0,0,0
1877004,0,0,0,0,0,0,1
1877457,1,1,1,1,0,0,1
1877458,1,1,1,0,0,0,1
1877813,1,1,1,1,0,0,1
1878116,1,1,1,1,0,0,1
1878212,1,1,1,1,0,0,0
1878805,1,0,0,0,0,0,1
1878852,1,0,0,0,0,0,1
1879135,1,1,1,0,0,0,0
1879876,1,1,1,1,0,0,1
1880061,1,1,1,0,0,0,1
1880203,1,1,1,0,0,0,1
1880628,1,1,1,1,0,0,1
1880820,1,1,1,1,0,0,1
1880861,1,1,1,0,0,0,1
1881003,0,0,0,0,0,0,1
1881860,1,1,1,0,0,0,1
1882121,1,1,1,1,0,0,1
1882165,0,0,0,0,0,0,1
1882283,1,1,1,1,0,0,1
1882712,1,1,1,1,0,0,1
1883017,0,0,0,0,0,0,1
1883400,0,0,0,0,0,0,1
1883732,0,0,0,0,0,0,1
1884061,1,1,1,1,0,0,1
1884586,1,1,1,1,0,0,0
1884893,0,0,0,0,0,0,1
1884941,1,1,1,0,0,0,0
1884959,1,1,1,1,0,0,1
1885170,0,0,0,0,0,0,1
1885693,0,0,0,0,0,0,1
1885737,0,0,0,0,0,0,1
1885878,1,0,0,0,0,0,1
1886786,1,1,1,1,0,0,1
1886973,1,1,1,0,0,0,1
1888074,1,1,1,1,0,0,1
1888213,1,1,1,1,0,0,1
1889000,1,1,1,1,0,0,0
1889069,1,0,0,0,0,0,1
1889305,0,0,0,0,0,0,1
1889734,1,1,1,1,0,0,1
1890884,0,0,0,0,0,0,0
1891573,1,1,1,1,0,0,1
1892052,1,1,1,1,0,0,1
1892097,1,1,1,1,0,0,0
1892115,0,0,0,0,0,0,0
1893145,1,0,0,0,0,0,1
1893355,1,1,1,1,0,0,1
1893520,1,0,0,0,0,0,1
1894139,1,0,0,0,0,0,1
1894449,1,1,1,0,0,0,1
1894731,1,0,0,0,0,0,1
1895423,1,0,0,0,0,0,1
1895875,1,0,0,0,0,0,1
1896156,1,1,1,1,0,0,0
1896781,1,0,0,0,0,0,1
1896894,1,1,1,1,0,0,0
1897224,1,1,1,1,0,0,1
1897868,1,0,0,0,0,0,1
1897912,0,0,0,0,0,0,1
1898198,1,0,0,0,0,0,1
1898721,1,1,1,1,0,0,0
1898980,1,1,1,0,0,0,1
1899769,1,0,0,0,0,0,1
1900485,1,1,1,0,0,0,1
1900676,1,1,1,0,0,0,0
1901392,1,0,0,0,0,0,1
1902348,1,1,1,1,0,0,1
1903039,1,1,1,1,0,0,0
1903732,1,1,1,0,0,0,1
1903751,1,1,1,1,0,0,1
1903941,1,1,1,0,0,0,0
1904368,1,0,0,0,0,0,1
1904576,1,1,1,0,0,0,1
1905345,1,1,1,1,0,0,1
1905362,1,1,1,0,0,0,0
1905406,0,0,0,0,0,0,1
1905547,1,0,0,0,0,0,1
1905780,1,1,1,0,0,0,1
1907649,1,0,0,0,0,0,0
1909085,1,1,1,0,0,0,1
1911556,1,1,1,0,0,0,0
1912416,1,1,1,1,0,0,1
1912533,1,1,1,1,0,0,0
1912598,1,1,1,1,0,0,0
1912739,1,1,1,1,0,0,0
1912952,1,0,0,0,0,0,1
1912968,1,1,1,0,0,0,0
1913230,1,0,0,0,0,0,1
1913755,1,1,1,1,0,0,1
1913846,1,0,0,0,0,0,1
1913965,1,1,1,1,0,0,1
1914368,1,1,1,0,0,0,1
1915106,1,0,0,0,0,0,1
1915416,1,1,1,0,0,0,1
1915509,1,0,0,0,0,0,1
1915790,1,1,1,0,0,0,1
1916241,1,1,1,1,0,0,0
1916644,1,1,1,0,0,0,1
1917148,1,1,1,0,0,0,1
1917356,1,1,1,0,0,0,1
1917596,0,0,0,0,0,0,1
1918528,1,1,1,1,0,0,1
1919532,1,1,1,1,0,0,1
1920295,1,1,1,1,0,0,1
1920436,1,1,1,0,0,0,1
1920452,1,1,1,1,0,0,1
1921051,1,0,0,0,0,0,1
1921216,1,1,1,1,0,0,1
1922052,1,1,1,0,0,0,1
1922673,1,1,1,0,0,0,0
1922954,1,1,1,0,0,0,0
1923000,1,1,1,1,0,0,1
1923163,1,1,1,1,0,0,1
1923397,1,1,1,1,0,0,0
1923490,1,0,0,0,0,0,1
1923536,1,0,0,0,0,0,1
1924274,1,1,1,1,0,0,1
1924277,1,1,1,0,0,0,1
1924408,1,1,1,1,0,0,1
1924432,1,1,1,1,0,0,1
1924813,1,0,0,0,0,0,1
1924830,1,0,0,0,0,0,1
1924897,1,1,1,0,0,0,1
1925328,1,1,1,0,0,0,1
1925392,1,1,1,0,0,0,1
1926109,1,1,1,1,0,0,1
1926226,1,1,1,1,0,0,1
1926465,1,1,1,0,0,0,1
1926480,1,1,1,0,0,0,1
1926481,0,0,0,0,0,0,1
1927170,1,1,1,0,0,0,1
1927172,1,1,1,0,0,0,1
1927666,1,0,0,0,0,0,1
1927732,1,1,1,0,0,0,1
1927777,1,1,1,0,0,0,1
1927919,1,1,1,1,0,0,1
1928128,0,0,0,0,0,0,1
1928297,1,1,1,1,0,0,1
1928698,1,0,0,0,0,0,1
1928935,1,1,1,0,0,0,1
1929197,1,0,0,0,0,0,1
1929309,1,0,0,0,0,0,1
1929356,1,0,0,0,0,0,1
1929470,1,0,0,0,0,0,1
1929608,1,0,0,0,0,0,1
1930183,1,1,1,1,0,0,1
1930325,1,1,1,1,0,0,1
1930389,1,1,1,1,0,0,1
1930602,1,1,1,0,0,0,1
1930644,1,1,1,1,0,0,1
1930739,0,0,0,0,0,0,1
1930905,0,0,0,0,0,0,1
1931018,0,0,0,0,0,0,1
1931350,0,0,0,0,0,0,1
1931565,1,0,0,0,0,0,1
1931607,1,1,1,0,0,0,1
1931673,1,1,1,0,0,0,1
1932101,0,0,0,0,0,0,1
1932960,1,1,1,0,0,0,1
1932963,1,1,1,0,0,0,1
1933341,1,1,1,1,0,0,1
1933503,1,0,0,0,0,0,1
1933594,1,1,1,1,0,0,1
1933783,0,0,0,0,0,0,1
1933850,0,0,0,0,0,0,1
1934521,1,1,1,1,0,0,1
1934682,1,0,0,0,0,0,1
1934969,1,0,0,0,0,0,1
1935344,1,1,1,0,0,0,1
1935945,1,0,0,0,0,0,1
1936154,1,1,1,1,0,0,1
1936464,1,1,1,0,0,0,0
1936600,1,1,1,0,0,0,1
1936910,1,0,0,0,0,0,1
1937120,0,0,0,0,0,0,1
1937143,1,1,1,1,1,1,0
1937260,1,0,0,0,0,0,1
1937449,1,1,1,1,0,0,1
1937466,0,0,0,0,0,0,1
1937510,0,0,0,0,0,0,1
1937699,0,0,0,0,0,0,1
1938224,1,0,0,0,0,0,1
1938720,1,1,1,1,0,0,1
1938722,1,0,0,0,0,0,1
1938763,1,0,0,0,0,0,1
1938904,1,0,0,0,0,0,1
1939209,1,1,1,1,0,0,0
1939616,1,0,0,0,0,0,1
1940259,1,0,0,0,0,0,1
1940300,1,0,0,0,0,0,1
1940994,1,1,1,0,0,0,1
1941016,1,0,0,0,0,0,1
1941176,1,0,0,0,0,0,1
1941509,1,1,1,0,0,0,1
1941987,1,0,0,0,0,0,1
1942296,1,1,1,0,0,0,1
1942482,1,1,1,0,0,0,1
1942837,1,0,0,0,0,0,1
1943192,1,1,1,1,0,0,1
1943406,0,0,0,0,0,0,1
1943523,1,1,1,1,0,0,1
1943524,1,0,0,0,0,0,1
1944112,1,1,1,0,0,0,1
1944569,1,1,1,0,0,0,0
1944753,1,0,0,0,0,0,1
1945326,1,1,1,1,0,0,1
1945729,1,0,0,0,0,0,1
1945945,1,1,1,1,0,0,1
1945960,1,1,1,0,0,0,1
1946150,1,1,1,1,0,0,1
1946151,1,1,1,1,0,0,1
1946597,1,1,1,1,0,0,1
1946856,1,1,1,0,0,0,1
1947310,1,1,1,1,0,0,1
1947381,1,1,1,1,0,0,1
1947423,1,1,1,1,0,0,1
1947612,1,1,1,1,0,0,1
1947844,1,0,0,0,0,0,1
1948419,1,1,1,0,0,0,1
1948632,1,1,1,1,0,0,1
1948725,1,1,1,1,0,0,1
1949628,1,0,0,0,0,0,1
1949747,1,0,0,0,0,0,1
1949749,0,0,0,0,0,0,1
1949787,0,0,0,0,0,0,1
1949997,1,1,0,0,0,0,1
1950376,0,0,0,0,0,0,1
1950857,1,1,1,0,0,0,1
1950993,0,0,0,0,0,0,1
1951397,0,0,0,0,0,0,1
1952257,1,0,0,0,0,0,1
1952420,1,1,1,1,0,0,1
1952425,1,1,1,1,0,0,1
1952869,1,0,0,0,0,0,1
1953705,1,1,1,1,0,0,1
1953772,1,1,1,1,0,0,1
1954084,1,1,1,1,0,0,1
1954438,1,1,1,1,0,0,0
1954505,1,0,0,0,0,0,1
1955100,1,1,1,1,0,0,1
1955457,1,1,1,1,0,0,1
1955528,1,1,1,1,0,0,1
1955760,1,0,0,0,0,0,1
1956504,1,1,1,1,0,0,1
1956688,1,1,1,1,0,0,1
1956927,1,1,1,0,0,0,0
1957424,1,1,1,0,0,0,1
1957831,1,1,1,0,0,0,1
1958260,1,1,1,1,1,1,0
1958612,1,1,1,1,0,0,1
1959020,1,1,1,0,0,0,1
1959111,1,1,1,0,0,0,1
1959565,1,1,1,1,0,0,0
1959725,1,1,1,1,0,0,1
1960179,1,1,1,1,0,0,1
1960321,1,1,1,0,0,0,1
1960747,1,0,0,0,0,0,1
1960936,1,1,1,1,0,0,1
1961197,1,1,0,0,0,0,1
1961574,1,1,1,1,0,0,0
1961643,1,1,1,0,0,0,1
1961880,1,1,1,1,0,0,1
1962354,1,1,1,0,0,0,1
1962375,1,0,0,0,0,0,1
1962732,1,1,1,1,0,0,1
1962799,0,0,0,0,0,0,1
1963274,1,0,0,0,0,0,1
1963317,1,1,1,1,0,0,1
1963505,0,0,0,0,0,0,1
1963745,1,1,1,0,0,0,1
1963883,1,0,0,0,0,0,1
1964045,1,0,0,0,0,0,1
1965744,1,1,1,1,0,0,0
1966868,1,1,1,1,1,1,0
1967872,1,1,1,0,0,0,1
1968905,1,1,1,1,1,1,0
1968969,1,1,1,0,0,0,1
1969060,1,1,1,1,0,0,1
1969685,1,0,0,0,0,0,1
1969774,1,1,1,1,1,1,0
1969889,1,1,1,0,0,0,1
1969892,1,1,0,0,0,0,0
1970721,1,1,1,0,0,0,1
1970864,1,1,1,0,0,0,1
1971051,1,1,1,1,0,0,0
1971454,1,1,1,0,0,0,1
1971475,1,0,0,0,0,0,1
1973076,1,1,1,1,0,0,1
1973624,1,0,0,0,0,0,1
1975444,1,1,1,0,0,0,1
1976739,1,1,1,1,1,1,0
1976857,1,1,1,1,0,0,0
1977016,1,0,0,0,0,0,1
1977879,1,1,1,1,0,0,1
1977897,1,1,1,1,0,0,0
1978040,1,1,1,0,0,0,0
1978181,1,0,0,0,0,0,1
1978225,0,0,0,0,0,0,1
1978337,1,0,0,0,0,0,1
1978432,1,0,0,0,0,0,1
1978618,1,1,1,0,0,0,0
1979335,1,1,1,0,0,0,1
1979596,1,1,1,1,0,0,1
1979614,1,1,1,1,0,0,1
1979872,1,1,1,0,0,0,1
1979945,1,0,0,0,0,0,1
1980373,1,0,0,0,0,0,1
1980439,1,0,0,0,0,0,1
1980770,1,0,0,0,0,0,1
1981559,1,1,1,1,0,0,1
1982131,1,0,0,0,0,0,1
1982175,0,0,0,0,0,0,1
1985505,1,1,1,0,0,0,0
1986776,1,1,1,1,0,0,0
1987056,1,1,1,1,0,0,0
1987078,1,1,1,1,1,1,0
1987193,1,1,1,1,0,0,1
1987553,1,1,1,1,0,0,0
1988292,1,1,1,1,0,0,1
1988525,1,0,0,0,0,0,1
1989144,1,1,1,1,0,0,1
1989359,1,1,1,0,0,0,0
1989524,1,1,1,1,0,0,1
1989684,1,0,0,0,0,0,1
1989728,0,0,0,0,0,0,1
1990228,1,0,0,0,0,0,1
1990249,1,1,1,1,0,0,1
1990416,1,1,1,1,0,0,1
1990603,1,1,1,1,0,0,1
1990625,1,1,1,1,0,0,1
1991553,1,1,1,1,0,0,1
1992032,1,1,1,0,0,0,1
1992197,1,1,1,1,0,0,1
1992527,1,1,1,1,0,0,1
1993412,1,1,1,0,0,0,1
1994222,1,1,1,1,0,0,0
1994340,1,0,0,0,0,0,1
1994481,1,0,0,0,0,0,1
1995243,1,1,1,0,0,0,1
1995791,1,0,0,0,0,0,1
1996024,1,1,1,1,0,0,1
1997124,1,1,1,1,0,0,1
1997219,1,0,0,0,0,0,1
1998004,1,0,0,0,0,0,1
1998721,1,1,1,1,0,0,0
1999897,1,1,1,1,0,0,1
1999937,1,1,1,0,0,0,1
2001398,1,1,1,0,0,0,0
2001445,1,1,1,1,0,0,1
2001461,1,1,1,1,0,0,1
2001508,1,1,1,1,0,0,0
2002104,1,0,0,0,0,0,1
2002120,1,1,1,1,0,0,1
2002457,1,1,1,0,0,0,1
2003192,1,1,1,1,0,0,1
2003550,1,1,1,1,0,0,1
2003789,1,1,1,0,0,0,1
2003852,1,0,0,0,0,0,1
2004092,1,1,1,1,0,0,1
2004133,1,1,1,1,0,0,1
2004200,0,0,0,0,0,0,1
2004367,1,1,1,1,0,0,0
2004410,1,0,0,0,0,0,1
2005343,1,1,1,1,0,0,1
2005652,1,1,1,1,0,0,1
2005813,1,1,1,1,0,0,1
2005814,1,1,1,1,0,0,1
2006217,1,1,1,0,0,0,1
2006331,1,1,1,1,0,0,1
2006520,1,1,1,1,0,0,1
2006680,1,1,1,1,0,0,1
2007134,1,1,1,1,0,0,1
2007397,1,1,1,1,0,0,1
2007536,1,1,1,1,0,0,1
2007577,1,1,1,1,0,0,1
2007646,1,0,0,0,0,0,1
2007787,1,1,1,1,0,0,1
2007852,1,1,1,1,0,0,1
2008184,0,0,0,0,0,0,1
2008303,1,0,0,0,0,0,1
2008396,1,1,1,1,0,0,1
2008397,1,1,1,0,0,0,1
2008434,1,1,1,0,0,0,1
2008620,0,0,0,0,0,0,1
2008908,1,0,0,0,0,0,1
2009644,1,1,1,0,0,0,1
2009648,0,0,0,0,0,0,1
2010095,1,1,1,1,0,0,1
2010812,0,0,0,0,0,0,1
2010828,1,1,1,0,0,0,1
2010971,1,0,0,0,0,0,1
2011062,1,1,1,1,0,0,1
2012164,1,0,0,0,0,0,1
2012279,1,0,0,0,0,0,1
2012588,0,0,0,0,0,0,1
2014119,1,1,1,1,0,0,1
2014713,1,1,1,0,0,0,0
2014880,1,1,1,1,0,0,1
2015163,1,1,1,0,0,0,1
2015545,1,1,1,0,0,0,0
2015585,0,0,0,0,0,0,1
2015629,0,0,0,0,0,0,1
2016107,1,0,0,0,0,0,1
2016369,1,1,1,1,0,0,1
2016385,0,0,0,0,0,0,1
2016527,0,0,0,0,0,0,1
2016528,1,0,0,0,0,0,1
2016905,1,0,0,0,0,0,1
2017309,1,0,0,0,0,0,1
2017685,1,0,0,0,0,0,1
2017689,1,0,0,0,0,0,1
2017964,1,1,1,0,0,0,0
2017967,1,1,1,0,0,0,1
2018198,0,0,0,0,0,0,0
2018312,0,0,0,0,0,0,1
2018405,0,0,0,0,0,0,1
2018428,1,0,0,0,0,0,1
2018713,1,1,1,0,0,0,1
2018776,1,0,0,0,0,0,1
2018967,1,0,0,0,0,0,1
2019060,0,0,0,0,0,0,1
2019581,1,0,0,0,0,0,1
2020157,1,0,0,0,0,0,1
2020174,1,1,1,1,0,0,1
2020624,1,1,1,1,0,0,1
2020720,1,1,1,0,0,0,1
2021480,1,1,1,1,0,0,1
2021577,1,1,1,0,0,0,1
2021738,1,0,0,0,0,0,1
2022356,1,1,1,1,0,0,1
2022400,0,0,0,0,0,0,1
2022448,1,1,1,1,0,0,1
2023928,1,0,0,0,0,0,1
2023949,1,1,1,1,0,0,1
2024884,1,0,0,0,0,0,1
2024997,1,0,0,0,0,0,1
2026123,1,1,1,1,0,0,0
2028737,1,1,1,1,0,0,1
2028922,1,1,1,0,0,0,0
2031124,1,1,1,1,0,0,0
2031816,1,0,0,0,0,0,1
2032080,1,1,1,1,0,0,0
2032193,1,1,1,1,0,0,0
2032526,1,1,1,1,0,0,1
2032689,1,0,0,0,0,0,1
2033311,1,1,1,1,0,0,0
2034432,1,0,0,0,0,0,1
2034720,1,0,0,0,0,0,1
2035025,1,1,1,1,0,0,1
2035212,1,1,1,1,0,0,1
2035236,1,0,0,0,0,0,1
2035905,1,1,1,1,0,0,0
2038561,1,0,0,0,0,0,1
2038844,1,1,1,1,0,0,1
2039706,0,0,0,0,0,0,0
2040208,1,1,1,1,0,0,1
2040252,0,0,0,0,0,0,1
2040487,0,0,0,0,0,0,0
2040557,1,1,1,0,0,0,1
2040648,0,0,0,0,0,0,1
2041484,1,1,1,0,0,0,1
2041502,1,1,1,1,0,0,1
2041645,1,1,1,0,0,0,1
2042744,1,1,1,0,0,0,1
2045737,1,1,1,1,0,0,0
2046020,1,1,1,1,0,0,0
2046164,1,1,1,1,0,0,1
2046565,1,1,1,0,0,0,1
2046613,1,1,1,1,0,0,1
2046752,1,0,0,0,0,0,1
2046936,1,1,1,1,0,0,1
2047580,0,0,0,0,0,0,1
2047651,1,1,1,1,0,0,0
2048391,1,1,1,1,0,0,1
2048457,1,1,1,1,0,0,1
2048670,1,1,1,1,0,0,0
2049028,1,0,0,0,0,0,1
2049072,0,0,0,0,0,0,1
2049548,1,0,0,0,0,0,1
2049565,1,1,1,1,0,0,1
2049945,0,0,0,0,0,0,1
2049991,1,1,1,1,0,0,1
2050348,1,0,0,0,0,0,1
2050679,0,0,0,0,0,0,1
2051129,1,1,0,0,0,0,1
2051629,1,0,0,0,0,0,1
2052345,1,0,0,0,0,0,1
2053761,1,1,1,1,0,0,0
2054736,1,1,1,1,0,0,0
2055788,1,0,0,0,0,0,1
2055834,1,1,1,0,0,0,0
2056430,1,1,0,0,0,0,1
2056762,0,0,0,0,0,0,1
2057284,1,0,0,0,0,0,1
2057524,1,1,1,0,0,0,0
2057542,1,1,1,1,0,0,1
2057608,0,0,0,0,0,0,1
2057847,1,1,1,1,0,0,0
2058276,1,1,1,1,0,0,1
2058388,1,1,1,1,0,0,1
2058506,1,0,0,0,0,0,1
2058575,1,1,1,1,0,0,1
2059386,1,1,1,1,0,0,1
2059432,1,1,1,0,0,0,1
2059497,1,1,1,1,0,0,0
2059926,1,0,0,0,0,0,1
2059948,1,0,0,0,0,0,1
2060204,1,1,1,1,0,0,1
2060901,1,1,1,0,0,0,0
2061184,1,1,1,1,0,0,1
2061250,1,0,0,0,0,0,1
2062230,1,0,0,0,0,0,1
2062971,1,1,1,1,0,0,1
2063567,1,0,0,0,0,0,1
2064379,1,0,0,0,0,0,1
2064473,1,1,1,1,0,0,1
2064877,0,0,0,0,0,0,1
2064943,1,0,0,0,0,0,1
2065130,1,1,1,1,0,0,1
2065174,0,0,0,0,0,0,1
2065337,1,1,1,1,0,0,1
2065479,0,0,0,0,0,0,1
2066266,1,1,1,1,0,0,1
2066285,1,0,0,0,0,0,1
2066524,1,1,1,1,0,0,1
2066735,1,1,1,1,0,0,1
2067307,1,0,0,0,0,0,1
2067348,1,1,1,1,0,0,0
2067538,1,1,1,1,0,0,1
2067943,0,0,0,0,0,0,1
2068081,1,1,1,1,0,0,1
2068508,1,0,0,0,0,0,1
2069009,1,0,0,0,0,0,1
2069220,1,1,1,1,0,0,1
2069601,1,0,0,0,0,0,1
2069716,1,0,0,0,0,0,1
2069906,1,1,1,1,0,0,1
2070357,1,1,1,1,0,0,1
2071433,1,1,1,1,0,0,1
2071646,1,1,1,1,0,0,1
2072005,1,1,1,1,0,0,0
2073369,1,0,0,0,0,0,1
2073676,1,1,1,1,0,0,0
2075088,1,0,0,0,0,0,1
2075107,1,1,1,0,0,0,0
2076255,1,1,1,1,0,0,1
2076540,0,0,0,0,0,0,1
2076892,1,1,1,1,0,0,0
2077972,1,1,1,0,0,0,1
2078252,1,1,1,1,0,0,1
2078396,0,0,0,0,0,0,1
2078605,1,1,1,1,0,0,0
2078818,1,1,1,1,0,0,0
2079653,1,1,1,1,0,0,1
2080370,1,0,0,0,0,0,1
2080414,0,0,0,0,0,0,1
2080533,1,1,1,1,0,0,0
2080790,1,0,0,0,0,0,1
2081794,1,1,1,0,0,0,1
2081985,1,1,1,1,0,0,1
2082650,1,0,0,0,0,0,1
2082841,1,0,0,0,0,0,1
2083411,1,1,1,0,0,0,0
2083601,1,1,1,1,0,0,1
2084195,1,1,1,1,0,0,1
2084553,1,1,1,1,0,0,1
2084715,1,0,0,0,0,0,1
2085404,1,0,0,0,0,0,0
2085429,1,0,0,0,0,0,1
2085544,1,0,0,0,0,0,0
2085635,1,0,0,0,0,0,1
2085988,1,0,0,0,0,0,1
2086801,1,1,1,1,0,0,0
2086992,1,0,0,0,0,0,1
2087229,1,1,1,1,0,0,1
2087605,1,1,1,1,0,0,1
2087989,1,1,1,1,0,0,1
2088100,1,1,1,1,0,0,1
2088529,1,0,0,0,0,0,1
2088792,1,0,0,0,0,0,1
2089000,1,0,0,0,0,0,1
2089145,1,1,1,1,0,0,1
2089401,1,1,1,0,0,0,1
2089638,1,1,1,1,0,0,1
2089660,1,0,0,0,0,0,1
2089676,1,0,0,0,0,0,1
2089917,1,1,1,1,0,0,1
2090197,1,1,1,1,0,0,1
2090653,1,0,0,0,0,0,1
2090886,1,1,1,0,0,0,1
2090888,1,1,1,0,0,0,1
2091260,1,0,0,0,0,0,1
2091666,1,1,1,1,0,0,1
2091857,1,0,0,0,0,0,1
2092064,1,1,1,1,0,0,1
2092470,1,1,1,0,0,0,1
2092755,1,1,1,1,0,0,0
2092940,1,1,1,1,0,0,1
2092985,1,1,1,1,0,0,1
2093105,1,0,0,0,0,0,1
2093673,1,1,1,0,0,0,1
2094630,1,0,0,0,0,0,1
2094936,1,0,0,0,0,0,1
2095007,1,0,0,0,0,0,1
2095578,1,1,1,1,0,0,1
2096535,1,1,1,0,0,0,1
2096697,0,0,0,0,0,0,1
2096698,1,0,0,0,0,0,1
2097866,1,1,1,1,0,0,1
2098032,0,0,0,0,0,0,0
2098049,0,0,0,0,0,0,1
2098768,1,0,0,0,0,0,1
2099122,0,0,0,0,0,0,1
2099960,1,0,0,0,0,0,1
2100269,1,1,1,1,0,0,0
2101033,1,1,1,1,0,0,1
2101365,0,0,0,0,0,0,1
2101648,1,1,1,1,0,0,1
2101689,1,0,0,0,0,0,1
2101900,1,1,1,1,0,0,1
2102213,1,0,0,0,0,0,1
2102376,1,1,1,1,0,0,1
2102513,1,1,1,1,0,0,1
2102897,1,1,1,1,0,0,1
2103636,1,0,0,0,0,0,1
2103679,0,0,0,0,0,0,0
2103816,1,1,1,0,0,0,1
2104317,1,1,1,1,0,0,1
2104319,1,0,0,0,0,0,1
2104456,0,0,0,0,0,0,1
2104691,0,0,0,0,0,0,1
2105093,1,1,1,1,0,0,1
2105260,1,0,0,0,0,0,1
2105639,1,1,1,1,0,0,1
2106258,1,1,1,0,0,0,0
2106783,1,1,1,1,0,0,1
2106802,1,0,0,0,0,0,1
2107136,1,1,1,1,0,0,1
2107180,0,0,0,0,0,0,1
2108230,1,1,1,1,0,0,1
2108611,1,0,0,0,0,0,1
2108728,1,1,1,0,0,0,1
2109323,1,1,1,1,0,0,1
2109342,1,1,1,1,0,0,1
2109772,1,1,1,1,0,0,1
2110033,1,1,1,1,0,0,0
2110077,0,0,0,0,0,0,1
2110337,0,0,0,0,0,0,1
2110451,1,0,0,0,0,0,1
2110470,1,0,0,0,0,0,1
2110708,1,0,0,0,0,0,1
2110940,1,1,1,1,0,0,0
2111372,1,0,0,0,0,0,1
2111438,1,1,1,1,0,0,1
2111627,1,1,1,1,0,0,1
2112004,1,1,1,0,0,0,1
2112173,1,1,1,1,0,0,1
2112213,1,1,1,1,0,0,0
2112258,1,1,1,1,0,0,1
2112280,1,1,1,1,0,0,1
2112371,1,1,1,0,0,0,1
2112797,1,0,0,0,0,0,1
2113008,1,1,1,1,0,0,1
2113393,1,1,1,1,0,0,1
2113456,1,0,0,0,0,0,1
2114126,1,1,1,0,0,0,1
2114533,1,1,1,1,0,0,1
2114741,1,1,1,1,0,0,1
2115049,0,0,0,0,0,0,1
2115260,1,0,0,0,0,0,1
2115953,1,1,1,0,0,0,1
2115972,1,0,0,0,0,0,1
2116210,1,1,1,0,0,0,1
2116613,1,0,0,0,0,0,1
2116827,1,0,0,0,0,0,1
2117088,1,1,1,0,0,0,1
2117104,1,1,1,1,0,0,1
2117318,1,1,1,0,0,0,1
2117459,1,0,0,0,0,0,1
2118077,1,1,1,0,0,0,1
2118124,1,0,0,0,0,0,1
2118143,1,1,1,1,0,0,1
2118282,1,1,1,0,0,0,1
2119215,0,0,0,0,0,0,1
2119216,1,0,0,0,0,0,1
2119613,1,1,1,1,0,0,1
2119996,1,1,1,1,0,0,1
2120517,1,1,1,1,0,0,1
2120731,1,1,1,0,0,0,1
2121207,1,0,0,0,0,0,1
2121228,1,1,1,1,0,0,1
2121461,1,0,0,0,0,0,1
2121653,1,1,1,1,0,0,0
2122056,1,1,1,1,0,0,1
2122217,1,1,1,1,0,0,1
2122815,1,1,1,1,0,0,1
2123053,1,1,1,0,0,0,1
2123983,0,0,0,0,0,0,1
2124077,1,1,1,1,0,0,1
2124168,1,0,0,0,0,0,1
2124232,1,1,0,0,0,0,0
2124349,1,1,1,1,0,0,1
2125261,1,1,1,1,0,0,1
2125422,1,1,1,0,0,0,0
2125466,0,0,0,0,0,0,1
2125869,1,1,1,1,0,0,1
2126056,1,1,1,1,0,0,1
2126271,1,1,1,1,0,0,1
2126315,0,0,0,0,0,0,1
2126817,1,0,0,0,0,0,1
2127172,1,0,0,0,0,0,1
2127548,0,0,0,0,0,0,1
2127788,1,0,0,0,0,0,1
2127998,1,1,1,1,0,0,1
2128209,1,1,1,1,1,1,0
2128213,1,1,1,0,0,0,1
2129021,1,1,1,1,0,0,1
2129469,1,0,0,0,0,0,1
2129471,1,1,1,1,0,0,1
2129511,0,0,0,0,0,0,1
2129530,1,1,1,0,0,0,1
2129913,0,0,0,0,0,0,1
2129932,1,1,1,0,0,0,1
2130815,1,1,1,1,0,0,1
2130859,0,0,0,0,0,0,1
2130902,1,1,1,0,0,0,1
2131017,1,1,1,1,0,0,1
2131520,1,1,1,0,0,0,1
2131826,1,1,1,1,0,0,1
2132231,1,0,0,0,0,0,1
2132707,1,0,0,0,0,0,1
2133060,1,0,0,0,0,0,1
2133108,1,1,1,1,0,0,1
2133437,1,1,1,0,0,0,1
2133530,1,0,0,0,0,0,1
2133912,1,1,1,1,0,0,1
2135153,1,0,0,0,0,0,1
2135154,1,1,1,0,0,0,1
2135676,1,1,1,1,0,0,1
2136053,1,1,1,1,0,0,1
2136144,1,1,1,0,0,0,1
2136479,1,1,1,1,0,0,1
2137025,1,1,1,1,0,0,1
2137049,1,1,1,1,0,0,0
2137188,1,1,1,0,0,0,1
2137302,1,1,1,1,0,0,1
2137536,1,0,0,0,0,0,1
2138977,1,1,1,1,0,0,1
2139091,1,1,1,1,0,0,1
2139565,1,1,1,1,0,0,1
2140138,1,1,1,1,0,0,1
2140447,1,1,1,1,0,0,1
2140705,1,0,0,0,0,0,1
2142023,0,0,0,0,0,0,1
2142213,1,1,1,1,0,0,1
2142975,1,0,0,0,0,0,1
2143017,1,1,1,1,0,0,1
2143687,1,1,0,0,0,0,1
2144019,0,0,0,0,0,0,1
2144352,0,0,0,0,0,0,0
2144704,1,1,1,1,0,0,0
2144847,1,1,1,0,0,0,1
2145516,1,1,1,1,0,0,1
2145560,0,0,0,0,0,0,1
2145841,1,1,1,0,0,0,1
2146220,1,1,1,1,0,0,1
2147152,1,1,1,1,0,0,1
2147294,1,1,1,0,0,0,0
2148032,1,1,1,1,0,0,1
2148294,1,0,0,0,0,0,1
2148792,1,1,1,1,0,0,1
2149317,1,1,1,1,0,0,1
2149365,1,1,1,1,0,0,0
2150773,1,0,0,0,0,0,1
2150797,1,0,0,0,0,0,1
2151174,1,1,1,1,0,0,1
2151293,1,0,0,0,0,0,1
2151525,1,1,1,1,0,0,1
2152003,1,1,1,1,0,0,0
2152116,1,1,1,1,0,0,1
2152520,1,0,0,0,0,0,1
2152712,1,1,1,0,0,0,0
2152853,1,1,1,1,0,0,1
2152893,1,1,1,1,0,0,1
2153368,1,1,1,1,0,0,1
2153583,1,1,1,1,0,0,1
2153629,1,1,1,1,0,0,1
2153648,1,1,1,1,0,0,1
2153881,1,1,1,1,0,0,1
2154192,1,0,0,0,0,0,1
2154232,1,1,1,1,0,0,1
2154375,1,0,0,0,0,0,1
2155232,1,1,1,0,0,0,1
2155733,1,1,1,1,1,1,0
2155827,1,0,0,0,0,0,1
2156133,0,0,0,0,0,0,1
2156300,1,1,1,1,0,0,1
2156537,1,1,1,1,0,0,1
2156651,0,0,0,0,0,0,1
2156932,1,1,1,1,0,0,1
2157076,1,1,1,1,0,0,1
2158199,1,1,1,1,0,0,1
2158201,0,0,0,0,0,0,1
2158286,0,0,0,0,0,0,0
2158330,0,0,0,0,0,0,1
2158352,1,1,1,0,0,0,1
2158512,0,0,0,0,0,0,1
2158774,0,0,0,0,0,0,1
2158917,1,0,0,0,0,0,1
2159222,0,0,0,0,0,0,1
2159269,0,0,0,0,0,0,1
2159359,1,1,1,1,0,0,1
2159568,1,1,1,0,0,0,1
2160049,1,0,0,0,0,0,1
2160427,1,0,0,0,0,0,1
2160494,0,0,0,0,0,0,1
2161280,0,0,0,0,0,0,1
2161833,1,1,1,1,0,0,1
2162400,1,1,1,1,0,0,1
2163261,1,1,1,0,0,0,0
2164053,1,1,1,1,1,1,0
2164213,0,0,0,0,0,0,1
2165048,1,1,1,1,0,0,1
2165165,1,1,1,0,0,0,1
2165500,1,1,1,0,0,0,0
2165829,1,0,0,0,0,0,1
2166184,1,0,0,0,0,0,1
2166805,1,1,1,1,0,0,1
2167016,0,0,0,0,0,0,1
2167591,1,1,1,1,0,0,0
2167658,1,1,1,1,0,0,0
2167776,1,0,0,0,0,0,1
2168323,1,0,0,0,0,0,1
2168414,1,1,1,1,0,0,1
2168915,1,0,0,0,0,0,1
2168916,1,0,0,0,0,0,1
2169096,1,1,1,0,0,0,1
2169141,1,1,1,1,0,0,1
2169282,1,1,1,1,0,0,1
2169612,1,0,0,0,0,0,1
2170044,1,0,0,0,0,0,1
2170375,1,1,0,0,0,0,1
2170440,1,1,1,1,0,0,1
2170534,1,1,1,0,0,0,1
2170577,1,1,1,0,0,0,1
2171029,1,0,0,0,0,0,1
2171050,0,0,0,0,0,0,1
2171169,1,1,1,1,0,0,0
2171332,1,1,1,1,0,0,1
2171689,1,0,0,0,0,0,1
2172596,1,1,1,1,0,0,1
2173096,1,0,0,0,0,0,1
2173498,1,1,1,0,0,0,1
2173516,1,1,1,1,0,0,1
2173565,1,1,1,1,0,0,1
2173608,1,0,0,0,0,0,1
2173793,1,1,1,1,0,0,1
2174415,1,1,1,1,0,0,1
2174482,1,1,1,1,0,0,1
2174485,1,0,0,0,0,0,1
2174496,1,0,0,0,0,0,1
2174953,1,0,0,0,0,0,1
2175260,1,1,1,1,0,0,1
2175444,1,1,1,1,0,0,1
2175467,1,0,0,0,0,0,1
2175990,1,0,0,0,0,0,1
2176108,1,0,0,0,0,0,1
2176319,1,0,0,0,0,0,1
2176528,1,0,0,0,0,0,1
2176621,1,1,1,1,0,0,1
2176665,0,0,0,0,0,0,1
2176951,1,0,0,0,0,0,1
2177688,1,1,1,1,0,0,1
2177690,1,1,1,1,0,0,1
2177901,1,1,1,1,0,0,1
2178470,1,1,1,1,0,0,1
2178471,1,1,1,0,0,0,1
2178724,1,1,1,1,0,0,1
2179013,1,0,0,0,0,0,1
2179102,1,0,0,0,0,0,1
2179408,1,1,1,0,0,0,1
2179413,0,0,0,0,0,0,1
2179448,0,0,0,0,0,0,1
2179854,1,0,0,0,0,0,1
2179925,0,0,0,0,0,0,1
2179991,1,1,1,1,0,0,1
2180586,1,1,1,1,0,0,1
2180920,1,1,1,1,0,0,1
2181133,1,1,1,1,0,0,1
2181196,1,1,1,1,0,0,1
2181242,1,1,1,0,0,0,1
2181768,1,1,1,1,0,0,1
2181955,1,1,1,1,0,0,1
2182001,1,1,1,0,0,0,1
2182308,1,0,0,0,0,0,1
2182350,1,1,1,1,0,0,1
2182491,1,0,0,0,0,0,1
2182820,1,1,1,1,0,0,1
2182822,1,0,0,0,0,0,1
2183535,1,0,0,0,0,0,1
2183650,1,0,0,0,0,0,1
2183653,1,1,1,1,0,0,1
2183761,1,0,0,0,0,0,0
2184070,1,0,0,0,0,0,1
2184283,1,0,0,0,0,0,1
2184617,1,1,1,1,0,0,1
2184633,1,1,1,1,0,0,1
2184892,1,0,0,0,0,0,1
2185034,1,0,0,0,0,0,1
2185079,1,1,1,0,0,0,1
2185172,1,1,1,1,0,0,1
2185407,0,0,0,0,0,0,1
2185835,0,0,0,0,0,0,1
2185953,1,1,1,1,0,0,1
2186595,1,1,1,1,0,0,1
2187141,1,1,1,0,0,0,1
2187188,1,1,1,1,0,0,1
2187616,0,0,0,0,0,0,1
2187875,1,0,0,0,0,0,1
2188325,1,0,0,0,0,0,1
2188684,1,0,0,0,0,0,1
2188703,1,0,0,0,0,0,1
2188965,1,1,1,1,0,0,1
2189437,1,1,1,1,0,0,1
2189440,1,1,1,1,0,0,1
2189503,1,0,0,0,0,0,1
2190077,1,1,1,0,0,0,1
2190287,1,1,1,1,0,0,1
2190288,1,1,1,0,0,0,1
2191096,1,1,1,0,0,0,1
2191139,1,1,1,1,0,0,1
2191425,1,1,1,1,0,0,1
2192016,1,1,1,1,0,0,0
2192017,1,1,1,1,0,0,1
2192154,0,0,0,0,0,0,0
2192248,1,1,1,0,0,0,1
2192579,1,1,1,1,0,0,1
2193052,1,1,1,0,0,0,1
2193196,1,1,1,1,0,0,1
2193197,1,1,1,1,0,0,1
2193283,1,1,1,1,0,0,1
2193301,1,1,1,0,0,0,1
2193562,1,1,1,0,0,0,1
2193892,1,1,1,1,0,0,1
2194033,0,0,0,0,0,0,1
2194102,1,0,0,0,0,0,1
2194146,0,0,0,0,0,0,1
2194313,1,1,1,0,0,0,1
2194596,1,1,1,0,0,0,1
2194639,1,1,1,0,0,0,1
2194683,0,0,0,0,0,0,1
2194727,0,0,0,0,0,0,1
2194745,1,1,1,0,0,0,1
2194766,0,0,0,0,0,0,1
2195269,1,1,1,0,0,0,1
2195454,1,1,1,1,0,0,1
2195456,1,1,1,0,0,0,1
2195496,0,0,0,0,0,0,1
2196234,1,1,1,1,0,0,1
2196569,1,1,1,1,0,0,1
2196851,1,1,1,1,1,1,0
2197208,1,1,1,1,0,0,1
2197349,1,1,1,1,0,0,1
2198281,1,1,1,1,0,0,1
2198492,0,0,0,0,0,0,1
2198799,1,1,1,0,0,0,1
2198937,1,1,1,1,0,0,1
2199102,1,1,1,0,0,0,1
2199291,1,0,0,0,0,0,1
2199597,1,1,1,0,0,0,1
2200842,1,1,1,0,0,0,1
2201004,1,1,1,1,0,0,0
2201099,1,1,1,1,1,1,0
2201100,1,1,1,0,0,0,1
2201306,1,0,0,0,0,0,1
2201828,1,1,1,1,0,0,1
2201946,0,0,0,0,0,0,1
2202184,1,0,0,0,0,0,1
2202397,1,1,1,1,0,0,1
2203036,1,1,1,1,0,0,1
2203252,1,1,1,1,0,0,1
2203321,1,0,0,0,0,0,1
2203386,1,0,0,0,0,0,1
2203860,1,0,0,0,0,0,1
2204169,1,1,1,1,0,0,1
2204216,1,1,1,1,0,0,1
2204498,1,1,1,1,0,0,1
2204855,1,1,1,1,0,0,1
2204921,1,1,1,0,0,0,1
2205062,1,0,0,0,0,0,1
2205132,1,1,1,0,0,0,1
2205271,1,0,0,0,0,0,1
2205650,1,0,0,0,0,0,1
2205793,1,1,1,1,0,0,1
2206073,1,0,0,0,0,0,1
2206143,1,1,1,1,0,0,1
2206188,0,0,0,0,0,0,1
2206372,0,0,0,0,0,0,1
2206418,1,1,1,0,0,0,1
2206916,1,0,0,0,0,0,1
2207202,1,1,1,1,0,0,1
2207221,1,1,1,0,0,0,1
2207315,1,1,1,0,0,0,1
2207360,1,1,1,0,0,0,1
2207361,1,1,1,0,0,0,1
2207737,0,0,0,0,0,0,1
2207853,0,0,0,0,0,0,1
2208233,0,0,0,0,0,0,1
2208514,0,0,0,0,0,0,1
2208609,0,0,0,0,0,0,1
2208648,1,1,1,1,0,0,1
2209149,0,0,0,0,0,0,1
2209365,1,0,0,0,0,0,1
2209694,0,0,0,0,0,0,1
2210100,1,1,1,1,0,0,1
2210116,1,1,1,0,0,0,1
2210211,0,0,0,0,0,0,1
2210520,0,0,0,0,0,0,1
2210729,1,1,1,1,0,0,1
2210822,1,0,0,0,0,0,1
2211248,1,0,0,0,0,0,1
2211461,1,1,1,1,0,0,1
2211581,1,1,1,1,0,0,1
2211622,1,1,1,1,0,0,1
2211624,0,0,0,0,0,0,1
2212214,1,0,0,0,0,0,1
2212381,1,1,1,1,0,0,1
2212661,1,1,1,0,0,0,1
2213066,1,1,1,1,0,0,1
2213305,1,0,0,0,0,0,1
2213416,1,1,1,1,0,0,1
2213704,1,1,1,1,0,0,1
2213938,1,0,0,0,0,0,1
2214341,1,1,1,1,0,0,1
2214385,0,0,0,0,0,0,1
2214888,1,1,1,1,0,0,1
2215528,1,1,1,0,0,0,1
2215789,1,1,1,1,0,0,1
2216004,1,1,0,0,0,0,1
2216238,1,1,1,0,0,0,1
2216304,0,0,0,0,0,0,1
2216376,0,0,0,0,0,0,1
2216565,1,1,1,1,0,0,1
2216654,1,0,0,0,0,0,1
2216745,1,1,1,1,0,0,1
2217004,1,1,1,1,0,0,1
2217172,1,1,1,1,0,0,1
2217311,1,1,1,1,0,0,0
2217381,1,1,1,0,0,0,1
2217425,0,0,0,0,0,0,1
2217612,0,0,0,0,0,0,1
2217821,1,1,1,1,0,0,1
2217890,1,0,0,0,0,0,1
2217936,0,0,0,0,0,0,1
2218553,1,0,0,0,0,0,1
2218718,1,1,1,1,0,0,1
2219483,1,1,1,1,0,0,1
2219648,1,1,1,1,0,0,1
2220050,1,1,1,0,0,0,1
2220094,0,0,0,0,0,0,1
2220260,1,0,0,0,0,0,1
2220277,1,1,1,1,0,0,1
2220299,1,1,1,1,0,0,1
2220944,1,0,0,0,0,0,1
2221275,1,1,1,0,0,0,1
2221727,1,0,0,0,0,0,1
2222154,1,0,0,0,0,0,1
2222751,1,1,1,1,0,0,1
2222842,0,0,0,0,0,0,1
2224015,1,0,0,0,0,0,1
2224128,1,1,1,1,0,0,0
2224390,1,1,1,1,0,0,1
2224557,1,1,1,1,0,0,0
2224839,1,0,0,0,0,0,1
2224928,1,1,1,1,0,0,1
2225142,1,1,1,1,0,0,1
2225499,1,0,0,0,0,0,1
2225780,1,0,0,0,0,0,1
2225785,1,0,0,0,0,0,1
2225825,0,0,0,0,0,0,1
2225869,0,0,0,0,0,0,1
2226223,1,0,0,0,0,0,1
2226557,1,1,1,1,0,0,1
2226956,1,0,0,0,0,0,1
2227050,1,1,1,1,0,0,1
2227241,1,1,1,0,0,0,1
2227401,1,1,1,1,0,0,0
2227447,0,0,0,0,0,0,1
2227536,1,0,0,0,0,0,1
2227606,1,0,0,0,0,0,1
2228060,1,1,1,1,0,0,0
2228148,1,0,0,0,0,0,1
2228293,1,1,1,0,0,0,1
2228549,1,1,1,0,0,0,1
2229097,1,0,0,0,0,0,1
2229101,1,1,1,0,0,0,1
2229162,1,0,0,0,0,0,1
2229304,1,1,1,0,0,0,1
2229611,1,1,1,0,0,0,1
2229628,1,1,1,1,0,0,1
2230177,1,1,1,1,0,0,1
2230292,1,1,1,1,0,0,1
2230676,1,1,1,1,0,0,1
2230693,1,0,0,0,0,0,1
2230930,1,1,1,1,0,0,1
2230948,1,1,1,1,0,0,1
2231378,1,0,0,0,0,0,1
2231449,1,1,1,1,0,0,1
2231561,1,1,1,1,0,0,1
2231751,1,1,1,1,0,0,1
2232205,1,0,0,0,0,0,1
2232367,1,0,0,0,0,0,1
2232368,1,1,1,1,0,0,1
2233198,1,1,1,0,0,0,1
2233340,1,1,1,1,0,0,1
2233409,1,0,0,0,0,0,1
2234124,1,0,0,0,0,0,1
2234241,1,1,1,0,0,0,1
2234736,1,1,1,1,0,0,1
2234927,1,1,1,1,0,0,1
2235786,1,1,1,1,0,0,1
2235929,1,0,0,0,0,0,1
2236019,1,0,0,0,0,0,1
2236112,1,1,1,1,0,0,1
2236128,1,1,1,1,0,0,1
2236489,0,0,0,0,0,0,1
2236533,0,0,0,0,0,0,1
2236647,1,0,0,0,0,0,1
2237002,1,1,1,1,0,0,1
2237455,1,0,0,0,0,0,1
2237760,1,1,1,1,0,0,1
2237806,1,1,1,1,0,0,1
2238067,1,1,1,1,0,0,1
2238685,0,0,0,0,0,0,0
2238970,1,1,1,1,0,0,1
2239039,1,1,1,0,0,0,1
2239682,1,1,1,0,0,0,1
2239749,1,0,0,0,0,0,1
2239751,1,1,1,1,0,0,1
2240152,0,0,0,0,0,0,1
2240290,1,0,0,0,0,0,1
2240308,1,1,1,0,0,0,1
2240616,0,0,0,0,0,0,1
2241119,1,1,1,1,0,0,1
2241548,1,1,1,0,0,0,1
2242263,1,0,0,0,0,0,1
2242281,1,1,1,1,0,0,1
2242304,1,1,1,0,0,0,1
2243185,1,0,0,0,0,0,1
2243350,1,1,1,1,0,0,1
2243661,1,1,1,0,0,0,0
2244377,1,1,1,1,0,0,1
2244921,1,1,1,1,0,0,1
2245708,1,1,1,0,0,0,1
2245730,0,0,0,0,0,0,1
2245749,1,1,1,1,0,0,1
2245793,0,0,0,0,0,0,1
2245985,1,1,1,0,0,0,1
2246937,1,0,0,0,0,0,1
2247006,1,1,1,1,0,0,1
2247292,0,0,0,0,0,0,1
2247503,1,1,1,1,0,0,1
2247784,1,0,0,0,0,0,1
2248024,1,0,0,0,0,0,1
2248233,1,1,1,1,0,0,1
2248732,1,1,1,0,0,0,1
2248876,0,0,0,0,0,0,1
2249110,1,1,1,1,0,0,1
2249945,0,0,0,0,0,0,1
2250084,1,0,0,0,0,0,1
2250226,1,0,0,0,0,0,1
2250657,1,1,1,0,0,0,1
2250915,1,1,1,0,0,0,1
2250934,1,0,0,0,0,0,1
2251196,1,1,1,0,0,0,1
2251405,1,1,1,0,0,0,1
2251407,1,0,0,0,0,0,1
2251852,1,1,1,0,0,0,1
2251856,1,1,1,1,0,0,1
2252038,1,0,0,0,0,0,1
2252536,1,1,1,1,0,0,1
2252540,1,1,1,0,0,0,1
2253225,1,1,1,1,1,1,0
2253268,1,0,0,0,0,0,1
2253529,0,0,0,0,0,0,1
2253742,1,1,1,1,0,0,1
2253760,1,0,0,0,0,0,1
2253951,1,1,1,1,0,0,1
2254136,0,0,0,0,0,0,1
2255092,1,1,1,0,0,0,1
2255285,0,0,0,0,0,0,1
2255304,1,1,1,0,0,0,1
2255346,1,1,1,1,0,0,1
2255630,0,0,0,0,0,0,1
2255653,0,0,0,0,0,0,1
2255837,1,1,1,0,0,0,1
2256413,1,1,1,0,0,0,1
2256623,1,1,1,0,0,0,1
2256667,0,0,0,0,0,0,1
2256756,1,1,1,0,0,0,1
2257044,1,1,1,0,0,0,1
2257398,1,1,1,1,0,0,1
2257417,1,1,1,1,0,0,1
2257489,1,0,0,0,0,0,1
2257841,1,0,0,0,0,0,1
2258486,1,0,0,0,0,0,1
2259011,1,1,1,1,0,0,1
2259152,1,0,0,0,0,0,1
2259650,1,1,1,1,0,0,1
2260008,1,0,0,0,0,0,1
2260051,1,1,1,0,0,0,1
2261583,1,1,1,1,0,0,1
2261964,1,0,0,0,0,0,1
2262895,0,0,0,0,0,0,1
2263920,0,0,0,0,0,0,0
2264665,0,0,0,0,0,0,0
2264970,0,0,0,0,0,0,1
2265013,1,1,1,1,0,0,0
2265780,1,1,1,0,0,0,1
2265897,1,1,1,1,0,0,1
2265936,1,1,1,0,0,0,1
2266198,1,1,1,1,0,0,1
2266267,1,1,1,0,0,0,1
2266625,1,1,1,0,0,0,1
2266860,1,1,1,0,0,0,1
2266900,1,0,0,0,0,0,1
2267188,0,0,0,0,0,0,1
2267327,1,1,1,0,0,0,1
2267800,0,0,0,0,0,0,1
2267969,0,0,0,0,0,0,1
2268035,0,0,0,0,0,0,1
2268630,1,1,1,0,0,0,1
2268631,1,0,0,0,0,0,1
2268645,1,1,1,1,0,0,1
2268788,1,0,0,0,0,0,1
2269310,1,1,1,1,0,0,1
2269547,1,0,0,0,0,0,1
2269568,1,0,0,0,0,0,1
2270064,1,1,1,0,0,0,1
2270182,1,1,1,0,0,0,1
2270993,1,1,1,1,0,0,1
2271180,1,1,1,0,0,0,1
2271468,0,0,0,0,0,0,1
2271535,1,1,1,1,0,0,1
2271914,1,1,1,1,0,0,1
2272028,1,0,0,0,0,0,1
2272482,1,0,0,0,0,0,1
2272572,0,0,0,0,0,0,1
2273171,1,1,1,0,0,0,1
2273312,1,1,1,1,0,0,1
2273545,0,0,0,0,0,0,1
2273614,1,1,1,1,0,0,1
2274184,1,1,1,1,0,0,1
2274998,1,1,1,1,0,0,1
2275093,1,1,1,0,0,0,0
2275133,1,0,0,0,0,0,1
2275323,1,1,1,1,0,0,1
2275465,0,0,0,0,0,0,1
2276008,1,1,1,0,0,0,1
2277015,1,1,1,0,0,0,1
2277037,1,1,1,1,0,0,1
2277748,1,1,1,1,0,0,1
2278157,1,0,0,0,0,0,1
2278201,0,0,0,0,0,0,1
2278528,1,0,0,0,0,0,1
2278553,0,0,0,0,0,0,1
2278737,1,1,1,1,0,0,1
2279309,0,0,0,0,0,0,1
2279353,0,0,0,0,0,0,1
2279905,1,1,1,0,0,0,1
2279969,0,0,0,0,0,0,1
2280324,1,0,0,0,0,0,1
2280444,1,1,1,1,0,0,0
2280844,1,0,0,0,0,0,1
2281156,1,1,1,0,0,0,1
2281725,1,1,1,0,0,0,1
2282130,0,0,0,0,0,0,0
2283710,1,1,1,1,0,0,1
2284138,0,0,0,0,0,0,1
2284159,0,0,0,0,0,0,0
2284682,0,0,0,0,0,0,1
2285061,1,1,1,1,0,0,1
2285106,1,0,0,0,0,0,1
2285509,0,0,0,0,0,0,1
2285604,1,1,1,1,0,0,1
2285884,1,1,1,1,0,0,1
2286867,1,1,1,1,0,0,1
2286936,1,1,1,1,0,0,1
2287053,1,0,0,0,0,0,0
2287405,1,1,1,0,0,0,1
2287496,1,1,1,0,0,0,1
2289342,1,1,1,1,0,0,1
2289435,1,1,1,0,0,0,1
2289577,1,1,1,1,0,0,1
2289856,1,1,1,0,0,0,1
2290045,1,1,1,0,0,0,1
2290402,1,0,0,0,0,0,1
2290519,1,1,1,1,0,0,1
2290826,1,0,0,0,0,0,1
2291470,1,0,0,0,0,0,1
2291804,1,1,1,1,0,0,1
2292013,1,1,1,0,0,0,1
2292037,1,1,1,1,0,0,1
2292414,1,0,0,0,0,0,1
2292415,1,1,1,1,0,0,1
2292741,1,0,0,0,0,0,1
2292785,0,0,0,0,0,0,1
2293361,1,1,1,1,0,0,1
2294485,1,0,0,0,0,0,1
2295297,1,1,1,0,0,0,1
2295795,1,1,1,0,0,0,1
2296028,1,1,1,1,1,1,0
2296505,1,1,1,1,0,0,1
2297009,1,1,1,1,0,0,1
2297072,1,1,1,1,0,0,1
2297407,1,1,1,0,0,0,1
2298099,1,0,0,0,0,0,1
2298260,1,1,1,1,0,0,1
2298381,1,1,1,1,0,0,1
2298425,0,0,0,0,0,0,1
2298948,1,1,1,1,0,0,0
2299566,1,1,1,0,0,0,0
2299569,1,1,1,1,0,0,1
2299748,1,1,1,1,0,0,1
2299793,1,1,1,1,0,0,1
2300031,1,1,1,0,0,0,1
2300365,0,0,0,0,0,0,1
2300957,1,1,1,0,0,0,1
2301384,1,1,1,0,0,0,1
2301405,0,0,0,0,0,0,1
2301450,1,1,1,0,0,0,1
2301617,1,1,1,1,0,0,1
2302165,1,0,0,0,0,0,1
2302375,1,1,1,0,0,0,1
2302468,1,1,1,1,0,0,1
2302773,1,1,1,1,0,0,1
2303010,1,1,1,1,0,0,1
2303247,1,0,0,0,0,0,1
2303291,0,0,0,0,0,0,1
2303644,1,1,1,1,0,0,1
2303765,1,1,1,1,0,0,1
2303781,1,0,0,0,0,0,1
2303825,0,0,0,0,0,0,1
2304112,1,1,1,0,0,0,1
2304421,1,0,0,0,0,0,1
2304463,1,1,1,0,0,0,1
2304508,1,0,0,0,0,0,1
2304861,1,0,0,0,0,0,1
2305291,1,1,1,0,0,0,1
2305625,1,1,1,0,0,0,1
2306265,1,1,1,0,0,0,1
2306287,1,1,0,0,0,0,1
2306309,1,1,1,0,0,0,1
2306903,1,1,1,0,0,0,1
2307284,1,1,1,0,0,0,1
2307372,1,1,1,0,0,0,1
2307754,1,1,1,0,0,0,1
2307849,1,1,1,0,0,0,1
2307988,1,1,1,0,0,0,1
2308221,1,1,1,0,0,0,1
2308288,1,1,1,0,0,0,1
2308409,1,0,0,0,0,0,1
2308618,1,1,1,1,0,0,1
2309072,1,0,0,0,0,0,1
2309209,1,0,0,0,0,0,1
2309300,1,1,1,1,0,0,1
2310116,1,1,1,0,0,0,1
2310521,1,1,1,1,0,0,1
2311064,1,1,1,0,0,0,1
2311085,1,1,1,0,0,0,1
2311277,1,1,1,1,0,0,1
2311319,1,1,1,1,0,0,1
2311530,1,1,1,1,0,0,1
2311793,0,0,0,0,0,0,1
2311881,1,1,1,1,0,0,1
2311999,1,1,1,1,0,0,1
2312136,1,1,1,1,0,0,1
2312182,1,0,0,0,0,0,1
2313524,1,1,1,1,0,0,1
2313852,1,1,1,1,0,0,1
2314019,1,1,1,0,0,0,1
2314041,1,1,1,1,0,0,1
2314180,1,0,0,0,0,0,1
2314560,0,0,0,0,0,0,1
2314578,1,1,1,0,0,0,1
2315056,1,0,0,0,0,0,1
2315149,1,0,0,0,0,0,1
2315215,1,1,1,0,0,0,1
2315525,0,0,0,0,0,0,1
2315927,1,0,0,0,0,0,1
2316307,0,0,0,0,0,0,1
2316470,1,1,1,1,0,0,1
2316633,1,1,1,0,0,0,1
2316704,1,1,1,1,0,0,1
2317273,1,0,0,0,0,0,1
2317321,1,1,1,1,0,0,1
2317388,1,0,0,0,0,0,1
2317838,1,0,0,0,0,0,1
2318003,1,0,0,0,0,0,1
2318049,1,0,0,0,0,0,1
2318161,1,0,0,0,0,0,1
2318518,0,0,0,0,0,0,1
2318781,1,0,0,0,0,0,1
2319424,1,1,1,0,0,0,1
2319827,1,1,1,0,0,0,1
2320494,1,1,1,1,0,0,1
2320495,1,1,1,1,0,0,1
2320872,1,1,1,0,0,0,1
2320960,1,0,0,0,0,0,0
2320983,1,0,0,0,0,0,1
2321963,1,1,1,1,0,0,1
2322316,1,1,1,0,0,0,1
2322506,1,1,1,1,0,0,1
2322694,0,0,0,0,0,0,1
2322931,1,1,1,0,0,0,1
2323647,1,1,1,0,0,0,1
2324480,1,1,1,0,0,0,1
2324502,1,1,1,1,0,0,1
2324907,1,1,1,1,0,0,1
2325309,1,1,1,1,0,0,0
2325933,1,1,1,0,0,0,0
2326191,1,0,0,0,0,0,1
2326883,1,1,1,1,0,0,1
2327214,1,1,1,0,0,0,1
2327641,1,1,1,0,0,0,1
2327663,1,1,1,0,0,0,1
2327778,1,0,0,0,0,0,1
2328016,1,1,1,0,0,0,0
2328394,1,0,0,0,0,0,1
2328847,1,1,1,0,0,0,1
2328893,1,1,1,0,0,0,1
2329152,1,0,0,0,0,0,1
2329410,1,1,1,1,0,0,1
2329433,1,0,0,0,0,0,1
2329644,1,0,0,0,0,0,1
2330024,0,0,0,0,0,0,1
2330041,1,0,0,0,0,0,1
2330087,1,1,1,0,0,0,1
2330394,1,0,0,0,0,0,1
2330513,1,0,0,0,0,0,1
2330819,1,1,1,1,0,0,1
2330912,1,0,0,0,0,0,1
2331097,1,0,0,0,0,0,1
2331119,0,0,0,0,0,0,1
2331189,1,0,0,0,0,0,1
2331566,1,0,0,0,0,0,1
2331584,1,1,1,0,0,0,0
2331990,0,0,0,0,0,0,1
2332061,1,1,1,0,0,0,1
2332271,1,1,1,0,0,0,1
2332384,1,1,1,0,0,0,1
2332457,0,0,0,0,0,0,1
2332594,1,1,1,1,0,0,1
2332998,0,0,0,0,0,0,1
2333065,1,1,1,0,0,0,1
2333252,1,0,0,0,0,0,1
2333441,0,0,0,0,0,0,1
2333486,0,0,0,0,0,0,1
2333963,1,1,1,1,0,0,1
2334413,1,0,0,0,0,0,1
2334746,1,1,1,1,0,0,1
2334958,0,0,0,0,0,0,1
2335482,1,0,0,0,0,0,1
2335695,1,1,1,0,0,0,1
2335856,1,1,1,1,0,0,1
2335950,0,0,0,0,0,0,1
2336544,1,0,0,0,0,0,1
2337575,1,0,0,0,0,0,1
2338028,0,0,0,0,0,0,0
2338356,1,1,1,0,0,0,1
2338740,1,1,1,1,0,0,1
2338784,0,0,0,0,0,0,1
2339304,1,0,0,0,0,0,1
2339448,1,1,1,0,0,0,1
2339589,0,0,0,0,0,0,0
2340132,1,0,0,0,0,0,1
2340299,1,1,1,0,0,0,1
2341132,1,1,1,0,0,0,1
2341561,1,1,1,0,0,0,0
2341580,0,0,0,0,0,0,1
2341937,0,0,0,0,0,0,1
2342604,1,1,1,0,0,0,1
2342653,1,1,1,0,0,0,1
2342669,1,0,0,0,0,0,1
2342787,1,1,1,1,0,0,1
2343049,0,0,0,0,0,0,1
2343090,1,1,1,0,0,0,0
2343424,1,1,1,1,0,0,1
2343538,1,0,0,0,0,0,1
2343846,0,0,0,0,0,0,1
2344203,1,1,1,1,0,0,1
2344248,1,1,1,0,0,0,1
2344602,1,0,0,0,0,0,1
2344889,1,1,0,0,0,0,1
2345216,1,1,1,0,0,0,1
2345356,0,0,0,0,0,0,1
2345808,1,0,0,0,0,0,1
2346025,1,1,1,1,0,0,1
2346235,1,0,0,0,0,0,1
2346329,0,0,0,0,0,0,1
2346634,1,1,1,1,0,0,1
2347568,1,1,1,0,0,0,1
2347754,1,1,1,1,0,0,1
2348449,1,1,1,0,0,0,1
2348516,1,0,0,0,0,0,1
2348700,1,1,1,1,0,0,1
2349104,1,0,0,0,0,0,1
2349438,1,1,1,1,0,0,1
2349460,1,0,0,0,0,0,1
2349788,1,0,0,0,0,0,1
2349789,1,1,1,1,0,0,0
2349830,1,0,0,0,0,0,1
2350045,1,1,1,1,0,0,1
2350784,1,1,1,0,0,0,1
2350993,1,1,1,1,0,0,1
2351708,1,1,1,0,0,0,1
2351973,1,1,1,0,0,0,1
2352544,1,1,1,1,0,0,1
2352613,1,0,0,0,0,0,1
2353324,1,1,1,0,0,0,1
2353349,1,0,0,0,0,0,1
2353367,1,1,1,0,0,0,0
2353866,1,1,1,1,0,0,1
2353889,1,0,0,0,0,0,1
2354000,1,0,0,0,0,0,1
2354072,1,1,1,0,0,0,1
2354354,1,0,0,0,0,0,1
2354375,1,1,1,1,0,0,1
2354537,1,1,1,0,0,0,1
2354917,0,0,0,0,0,0,1
2355106,1,0,0,0,0,0,1
2355918,1,0,0,0,0,0,1
2356440,1,1,1,1,0,0,1
2356461,1,1,1,0,0,0,1
2356480,0,0,0,0,0,0,1
2356575,1,1,1,0,0,0,1
2357313,1,1,1,1,0,0,1
2357406,1,0,0,0,0,0,1
2357499,1,0,0,0,0,0,1
2357804,1,0,0,0,0,0,1
2357848,0,0,0,0,0,0,1
2358353,1,1,1,1,0,0,1
2358420,1,1,1,1,0,0,1
2359300,1,1,1,0,0,0,1
2359346,1,1,1,0,0,0,1
2359391,1,1,1,0,0,0,1
2359460,1,0,0,0,0,0,1
2359837,1,1,1,1,0,0,1
2359981,1,0,0,0,0,0,1
2360048,1,0,0,0,0,0,1
2360185,0,0,0,0,0,0,1
2360229,0,0,0,0,0,0,1
2360395,1,1,1,1,0,0,1
2360584,1,0,0,0,0,0,1
2360605,1,0,0,0,0,0,1
2361057,1,0,0,0,0,0,1
2361435,0,0,0,0,0,0,1
2361788,1,1,1,1,0,0,1
2362053,1,1,1,1,0,0,1
2362069,1,1,1,0,0,0,1
2362907,1,1,1,1,0,0,1
2363481,1,1,1,0,0,0,1
2363664,1,1,1,1,0,0,1
2363665,1,1,1,1,0,0,1
2363875,1,1,1,1,0,0,1
2364425,1,1,1,0,0,0,1
2364540,1,1,1,1,0,0,1
2364584,0,0,0,0,0,0,1
2364865,1,0,0,0,0,0,1
2364959,0,0,0,0,0,0,1
2366205,1,1,1,1,0,0,1
2366248,1,1,1,1,0,0,1
2366458,1,1,1,1,0,0,0
2366671,1,1,1,1,0,0,1
2367098,1,0,0,0,0,0,1
2367309,1,1,1,1,0,0,1
2367809,1,0,0,0,0,0,1
2368309,1,0,0,0,0,0,1
2368353,0,0,0,0,0,0,1
2368881,1,1,1,0,0,0,1
2369114,1,1,1,1,0,0,1
2369205,1,1,1,1,0,0,1
2369589,0,0,0,0,0,0,1
2369701,1,0,0,0,0,0,1
2370800,1,1,1,1,0,0,0
2370844,0,0,0,0,0,0,1
2371105,1,1,1,0,0,0,1
2372468,1,1,1,0,0,0,1
2372517,1,1,1,1,0,0,1
2372677,1,1,0,0,0,0,1
2372796,1,1,1,1,0,0,1
2372860,0,0,0,0,0,0,1
2373029,1,0,0,0,0,0,1
2373529,1,0,0,0,0,0,1
2373811,1,1,1,0,0,0,0
2374385,1,0,0,0,0,0,1
2374497,1,0,0,0,0,0,1
2374828,1,1,1,0,0,0,1
2374900,1,1,1,1,0,0,1
2375661,1,1,1,1,0,0,1
2376064,1,1,1,1,0,0,1
2376254,1,1,1,0,0,0,0
2376301,1,1,1,1,0,0,1
2376993,1,0,0,0,0,0,1
2377128,1,1,1,1,0,0,1
2377438,1,0,0,0,0,0,1
2377505,1,1,1,0,0,0,1
2377884,0,0,0,0,0,0,1
2378219,1,1,1,0,0,0,1
2378405,1,0,0,0,0,0,1
2378520,1,0,0,0,0,0,1
2379045,1,0,0,0,0,0,1
2379595,1,1,1,1,0,0,1
2379637,1,1,1,1,0,0,1
2379681,0,0,0,0,0,0,1
2379969,1,1,1,1,0,0,1
2380106,1,1,1,1,0,0,1
2380175,1,0,0,0,0,0,1
2380341,0,0,0,0,0,0,1
2380453,1,0,0,0,0,0,1
2380763,0,0,0,0,0,0,1
2381097,1,1,1,1,0,0,1
2381114,1,1,1,1,0,0,1
2381637,1,1,1,0,0,0,1
2381641,1,0,0,0,0,0,1
2382016,1,0,0,0,0,0,0
2382152,1,1,1,0,0,0,1
2382513,0,0,0,0,0,0,1
2382840,1,0,0,0,0,0,1
2382984,1,1,1,1,0,0,1
2383050,1,1,1,1,1,1,0
2383431,1,1,1,1,1,1,0
2383477,1,1,1,1,0,0,1
2383492,1,1,1,1,0,0,1
2383778,1,1,1,0,0,0,1
2384185,1,1,1,1,0,0,1
2384204,1,1,1,1,0,0,1
2384367,1,1,1,1,0,0,1
2384504,1,1,1,0,0,0,1
2384865,1,1,1,1,0,0,1
2384977,1,1,1,1,0,0,1
2385360,1,0,0,0,0,0,1
2385666,1,1,1,1,0,0,1
2385687,1,0,0,0,0,0,1
2386188,1,0,0,0,0,0,1
2386421,1,1,1,1,0,0,1
2386440,1,1,1,0,0,0,1
2386513,1,1,1,1,0,0,1
2386843,1,1,1,0,0,0,1
2387176,1,1,1,1,0,0,1
2387578,1,0,0,0,0,0,1
2387812,1,1,1,1,0,0,1
2388221,1,1,1,1,0,0,1
2388501,1,1,1,0,0,0,1
2388546,1,1,1,0,0,0,1
2388660,1,1,1,0,0,0,1
2388683,1,1,1,1,0,0,1
2388684,1,1,1,1,0,0,1
2388964,0,0,0,0,0,0,1
2389297,1,1,1,1,0,0,1
2389337,0,0,0,0,0,0,1
2389672,1,1,1,0,0,0,1
2389712,1,1,1,0,0,0,1
2389809,0,0,0,0,0,0,1
2389898,1,1,1,1,0,0,1
2389965,1,0,0,0,0,0,1
2389987,1,1,1,0,0,0,1
2390028,0,0,0,0,0,0,1
2390316,1,1,1,0,0,0,1
2390428,1,0,0,0,0,0,1
2390858,1,1,1,0,0,0,1
2391167,1,1,1,1,0,0,1
2391285,1,1,1,1,0,0,1
2391349,1,1,1,0,0,0,1
2391393,0,0,0,0,0,0,1
2391752,1,1,1,1,0,0,1
2391769,1,0,0,0,0,0,1
2391884,1,1,1,0,0,0,1
2391931,1,1,1,0,0,0,1
2391950,1,1,1,1,0,0,1
2391953,1,1,1,1,0,0,1
2392256,1,0,0,0,0,0,1
2392322,1,0,0,0,0,0,1
2392484,1,0,0,0,0,0,1
2392677,1,0,0,0,0,0,1
2393030,1,0,0,0,0,0,1
2393120,1,1,1,1,0,0,1
2393287,1,1,1,0,0,0,1
2393596,1,1,1,1,0,0,1
2393597,1,1,1,0,0,0,1
2394189,1,1,1,1,0,0,1
2394348,1,1,1,1,0,0,1
2394392,0,0,0,0,0,0,1
2394560,1,1,1,1,0,0,1
2395009,1,0,0,0,0,0,1
2395176,1,1,1,1,0,0,1
2395552,1,1,1,1,0,0,1
2395645,1,1,1,0,0,0,1
2395812,1,1,1,0,0,0,1
2396380,1,0,0,0,0,0,1
2396477,1,1,1,1,0,0,1
2396493,1,1,1,0,0,0,1
2396516,1,1,1,0,0,0,1
2397036,1,1,1,0,0,0,1
2397153,1,1,1,0,0,0,1
2397157,1,1,1,0,0,0,1
2397338,1,1,1,1,0,0,1
2397745,1,1,1,0,0,0,1
2397953,1,1,1,0,0,0,1
2397998,1,1,1,1,0,0,1
2398016,1,1,1,0,0,0,1
2398205,0,0,0,0,0,0,1
2398298,0,0,0,0,0,0,1
2398321,1,1,1,0,0,0,1
2398552,0,0,0,0,0,0,1
2398837,1,1,1,0,0,0,1
2398976,0,0,0,0,0,0,1
2399097,1,1,0,0,0,0,1
2399306,1,1,1,1,0,0,1
2399352,1,0,0,0,0,0,1
2399397,0,0,0,0,0,0,1
2399461,1,1,1,0,0,0,1
2399652,0,0,0,0,0,0,1
2399837,0,0,0,0,0,0,1
2400050,1,0,0,0,0,0,1
2400313,0,0,0,0,0,0,1
2400355,1,1,1,1,0,0,0
2400400,1,1,1,1,0,0,1
2400731,1,0,0,0,0,0,1
2400822,1,1,1,1,0,0,1
2400965,1,1,1,1,0,0,1
2401004,1,1,0,0,0,0,1
2401217,1,1,1,0,0,0,1
2401358,1,0,0,0,0,0,1
2401496,1,0,0,0,0,0,1
2401565,0,0,0,0,0,0,1
2401970,1,0,0,0,0,0,1
2402110,0,0,0,0,0,0,1
2402253,1,1,1,1,0,0,1
2402630,1,0,0,0,0,0,1
2402821,1,0,0,0,0,0,1
2403100,1,1,1,1,0,0,1
2403194,1,0,0,0,0,0,1
2403197,0,0,0,0,0,0,1
2404096,1,1,1,1,0,0,1
2404121,1,1,1,1,0,0,1
2404594,1,1,1,1,0,0,1
2404660,1,0,0,0,0,0,1
2405117,1,1,1,0,0,0,1
2405206,1,0,0,0,0,0,1
2405276,1,1,1,0,0,0,1
2405897,1,1,1,1,0,0,1
2406036,1,1,1,0,0,0,1
2406102,1,1,1,0,0,0,1
2406914,1,1,1,0,0,0,1
2407511,1,1,1,0,0,0,1
2407652,1,1,1,1,0,0,1
2407673,1,1,1,1,0,0,1
2408554,1,0,0,0,0,0,1
2408599,1,1,1,0,0,0,1
2408689,1,1,1,1,0,0,0
2409000,1,1,1,1,0,0,1
2409042,0,0,0,0,0,0,1
2409209,1,0,0,0,0,0,1
2409900,1,1,1,1,0,0,1
2410137,1,1,1,1,0,0,1
2410321,1,0,0,0,0,0,1
2410323,0,0,0,0,0,0,1
2410676,1,1,1,1,0,0,1
2410911,1,0,0,0,0,0,1
2411145,1,1,1,1,0,0,1
2411312,1,0,0,0,0,0,1
2411784,0,0,0,0,0,0,0
2411904,1,0,0,0,0,0,1
2412189,1,1,1,1,0,0,1
2412540,0,0,0,0,0,0,1
2412685,1,0,0,0,0,0,1
2413012,1,0,0,0,0,0,1
2413082,1,1,1,1,0,0,1
2413104,1,1,1,1,0,0,1
2413581,1,0,0,0,0,0,1
2413720,0,0,0,0,0,0,1
2413953,1,1,1,1,0,0,1
2413972,1,1,1,1,0,0,1
2414282,1,1,1,1,0,0,1
2414448,1,1,1,1,0,0,1
2414801,1,1,1,1,0,0,1
2415088,1,0,0,0,0,0,1
2415249,0,0,0,0,0,0,1
2415556,1,0,0,0,0,0,1
2415677,1,1,1,0,0,0,1
2415862,1,1,1,1,0,0,1
2415905,1,1,1,1,0,0,1
2416457,1,1,1,1,0,0,1
2416524,1,1,1,1,0,0,1
2416636,1,1,1,1,0,0,1
2416658,1,1,1,1,0,0,1
2416725,1,1,1,1,0,0,1
2417037,1,0,0,0,0,0,1
2417222,1,0,0,0,0,0,1
2417529,1,1,1,1,0,0,1
2417552,1,1,1,1,0,0,1
2417618,0,0,0,0,0,0,1
2417780,1,1,1,1,0,0,1
2417995,1,1,1,1,0,0,0
2418037,1,0,0,0,0,0,1
2418039,0,0,0,0,0,0,1
2418225,1,1,1,1,0,0,1
2418268,1,1,1,1,0,0,1
2418621,1,0,0,0,0,0,1
2418714,1,1,1,1,0,0,1
2418780,1,1,1,0,0,0,1
2418783,1,1,1,1,0,0,1
2418993,1,1,1,1,0,0,1
2419273,1,0,0,0,0,0,1
2419633,1,1,1,1,0,0,1
2419746,1,1,1,0,0,0,1
2419790,0,0,0,0,0,0,1
2419977,1,1,1,1,0,0,1
2420119,1,1,1,0,0,0,1
2420378,1,1,1,1,0,0,1
2420925,1,1,1,1,0,0,1
2420995,1,1,1,1,0,0,1
2421134,1,1,1,1,0,0,1
2421923,1,1,1,0,0,0,1
2421942,1,1,1,1,0,0,1
2422587,1,0,0,0,0,0,1
2422941,1,1,1,1,0,0,1
2423587,1,1,1,0,0,0,1
2423678,1,1,1,1,0,0,1
2424249,1,1,1,1,0,0,1
2424414,1,1,0,0,0,0,1
2424483,1,0,0,0,0,0,1
2425392,0,0,0,0,0,0,0
2425506,1,1,1,1,0,0,1
2425908,1,1,1,1,0,0,0
2425979,1,1,1,1,0,0,1
2426430,1,1,1,1,0,0,1
2426572,1,1,1,1,0,0,1
2426639,1,1,1,1,0,0,1
2426757,1,1,0,0,0,0,0
2427592,1,1,1,1,0,0,1
2427781,1,1,1,1,0,0,1
2427799,1,1,1,0,0,0,1
2428587,1,1,1,1,0,0,1
2429038,1,1,1,0,0,0,1
2429301,1,1,1,1,0,0,1
2429872,1,1,1,1,0,0,1
2429965,1,1,1,1,0,0,1
2430247,1,1,1,1,0,0,1
2430482,1,0,0,0,0,0,1
2430529,1,0,0,0,0,0,1
2430784,1,1,1,1,0,0,1
2430904,1,1,1,1,0,0,1
2431377,1,0,0,0,0,0,0
2431378,1,1,1,1,0,0,1
2431728,1,1,1,0,0,0,1
2431870,1,0,0,0,0,0,1
2432057,1,1,1,1,0,0,1
2432654,1,1,1,1,0,0,1
2432795,1,1,1,1,0,0,1
2433245,1,0,0,0,0,0,1
2433264,1,1,1,1,0,0,1
2433312,1,1,1,1,0,0,1
2433786,1,1,1,1,0,0,1
2433952,1,0,0,0,0,0,1
2433969,1,1,1,1,0,0,1
2434470,0,0,0,0,0,0,1
2434827,1,1,1,1,0,0,1
2435017,1,1,1,1,0,0,1
2435130,1,1,1,1,0,0,1
2435777,1,1,1,1,0,0,1
2436322,1,1,1,1,0,0,1
2436921,1,1,1,1,0,0,1
2437153,1,1,1,1,0,0,1
2437318,1,1,1,0,0,0,1
2437653,1,1,1,1,0,0,1
2437789,1,1,1,1,0,0,1
2439152,1,1,1,1,0,0,1
2439221,1,1,1,1,0,0,1
2439386,1,1,1,0,0,0,1
2439625,1,1,1,1,0,0,1
2440624,1,1,1,1,0,0,1
2441055,1,1,1,1,0,0,1
2441100,1,1,1,1,0,0,0
2441452,1,1,1,1,0,0,1
2441454,1,1,1,0,0,0,1
2442118,1,1,1,1,0,0,1
2442667,1,1,1,1,0,0,1
2443236,1,1,1,1,0,0,1
2443640,1,0,0,0,0,0,1
2443783,1,1,1,1,0,0,1
2443945,1,1,1,1,0,0,1
2443988,1,0,0,0,0,0,1
2444347,1,0,0,0,0,0,1
2444653,1,0,0,0,0,0,1
2445224,1,1,1,1,0,0,1
2445226,1,1,1,1,0,0,1
2445313,1,1,1,1,0,0,1
2445837,1,0,0,0,0,0,1
2446051,1,1,1,1,0,0,1
2446073,1,1,1,1,0,0,1
2446112,1,0,0,0,0,0,1
2446470,1,1,1,1,0,0,1
2446563,1,0,0,0,0,0,1
2446680,1,1,1,1,0,0,1
2447082,1,1,1,1,0,0,1
2447127,1,1,1,1,0,0,1
2447293,1,1,1,1,0,0,1
2447428,1,1,1,1,0,0,1
2447762,1,1,1,1,0,0,1
2447784,1,1,1,1,0,0,1
2447803,1,1,1,1,0,0,1
2448060,1,1,1,1,0,0,1
2448536,1,0,0,0,0,0,1
2448560,1,1,1,1,0,0,1
2448701,1,1,1,1,0,0,1
2449175,1,0,0,0,0,0,1
2449219,0,0,0,0,0,0,1
2449288,1,1,1,1,0,0,1
2449448,1,1,1,1,0,0,1
2449492,0,0,0,0,0,0,1
2449536,0,0,0,0,0,0,1
2449822,1,1,1,1,0,0,1
2450012,1,0,0,0,0,0,1
2450079,1,0,0,0,0,0,1
2450096,1,1,1,1,0,0,1
2451369,1,1,1,1,0,0,1
2452012,1,1,1,1,0,0,1
2452244,1,1,1,1,0,0,1
2452293,1,1,1,1,0,0,1
2452479,1,1,1,1,0,0,1
2452522,1,1,1,1,0,0,1
2452544,1,0,0,0,0,0,1
2452921,1,1,1,0,0,0,0
2453351,1,0,0,0,0,0,1
2453850,1,1,1,1,0,0,1
2454493,1,1,1,1,0,0,1
2454538,1,1,1,1,0,0,1
2454584,1,1,1,1,0,0,1
2455323,1,1,1,1,0,0,1
2455632,1,1,1,1,0,0,1
2456035,1,1,1,1,0,0,1
2456296,1,1,1,1,0,0,1
2456745,1,1,1,1,0,0,1
2456908,1,1,1,1,0,0,1
2457147,1,0,0,0,0,0,1
2458029,1,1,1,1,0,0,1
2458144,1,0,0,0,0,0,1
2458454,1,1,1,1,1,1,0
2459437,0,0,0,0,0,0,0
2459599,1,1,1,0,0,0,1
2459786,1,1,1,1,0,0,1
2460188,1,1,1,1,0,0,1
2460283,1,0,0,0,0,0,1
2460374,1,0,0,0,0,0,1
2460562,0,0,0,0,0,0,1
2460583,0,0,0,0,0,0,1
2461394,1,1,1,1,0,0,1
2461489,1,0,0,0,0,0,1
2462035,1,1,1,0,0,0,1
2462991,1,1,1,1,0,0,1
2463108,1,1,1,1,0,0,1
2463174,1,1,1,1,0,0,1
2463192,1,1,1,1,0,0,1
2463478,0,0,0,0,0,0,1
2463713,1,1,1,0,0,0,1
2463976,1,0,0,0,0,0,1
2464280,1,0,0,0,0,0,1
2464470,1,1,1,0,0,0,1
2464803,1,1,1,0,0,0,1
2464872,1,1,1,1,0,0,1
2465851,1,1,1,0,0,0,1
2466085,1,1,1,1,0,0,1
2466370,1,1,1,1,0,0,1
2466752,1,1,1,0,0,0,1
2466915,1,1,1,1,0,0,1
2467004,1,1,1,0,0,0,1
2467313,1,1,1,1,0,0,1
2467337,1,1,1,1,0,0,1
2467858,1,1,1,1,0,0,1
2468524,1,1,1,1,0,0,1
2468546,1,0,0,0,0,0,1
2468589,1,1,1,0,0,0,1
2469068,1,1,1,1,0,0,1
2469517,1,1,1,1,0,0,1
2469611,1,1,1,1,0,0,1
2469800,1,1,1,1,0,0,1
2470178,1,1,1,1,0,0,1
2470220,1,1,1,1,0,0,1
2470725,1,1,1,1,0,0,1
2471344,1,1,1,1,0,0,1
2471411,1,1,1,0,0,0,1
2471620,1,1,1,0,0,0,1
2471621,1,1,1,1,0,0,1
2471622,1,1,1,0,0,0,1
2471623,0,0,0,0,0,0,1
2471633,1,1,1,1,0,0,1
2472349,1,1,1,0,0,0,1
2472487,1,1,1,1,0,0,1
2472531,0,0,0,0,0,0,1
2472668,1,1,1,1,0,0,1
2472669,1,1,1,0,0,0,1
2472670,1,1,1,1,0,0,1
2473187,1,1,1,1,0,0,1
2473231,0,0,0,0,0,0,1
2473325,1,1,1,0,0,0,1
2473532,1,1,1,1,0,0,1
2473725,1,0,0,0,0,0,1
2474053,1,1,1,1,0,0,1
2474480,1,1,1,0,0,0,1
2474483,1,1,1,1,0,0,1
2474546,1,1,1,0,0,0,1
2474953,1,1,1,1,0,0,1
2474969,0,0,0,0,0,0,1
2475012,1,1,1,0,0,0,1
2475442,1,1,1,0,0,0,1
2475751,1,1,1,0,0,0,1
2475845,1,1,1,1,0,0,1
2477038,1,1,1,1,0,0,1
2477296,1,1,1,1,0,0,1
2478086,1,1,1,1,0,0,1
2478104,1,1,1,0,0,0,1
2478440,1,1,1,1,0,0,0
2478651,1,1,1,1,0,0,1
2479246,1,1,1,1,0,0,1
2479701,1,1,1,1,0,0,1
2479764,1,1,1,1,0,0,1
2479808,0,0,0,0,0,0,1
2479999,1,1,1,1,0,0,1
2480357,1,1,1,0,0,0,1
2480424,1,1,1,1,0,0,1
2481309,1,1,1,1,0,0,1
2481328,1,1,1,1,0,0,1
2481419,1,1,1,1,0,0,1
2481941,1,1,1,0,0,0,1
2482180,1,1,1,0,0,0,1
2482753,1,1,1,1,0,0,1
2482868,1,1,1,1,0,0,1
2483679,1,1,1,1,0,0,1
2483893,1,1,1,1,0,0,1
2484317,1,1,1,1,0,0,1
2484652,1,1,1,1,0,0,1
2485581,1,1,1,1,0,0,1
2485725,1,1,1,1,0,0,1
2486390,1,0,0,0,0,0,0
2486746,0,0,0,0,0,0,1
2486956,1,1,1,1,0,0,0
2487865,1,1,1,1,0,0,1
2488198,1,1,1,1,0,0,1
2488413,1,1,1,0,0,0,1
2488884,1,1,1,0,0,0,1
2489337,1,1,1,1,0,0,1
2489742,1,1,1,0,0,0,1
2489860,1,1,1,1,0,0,1
2489972,1,1,1,1,0,0,1
2490835,1,1,1,1,0,0,0
2490853,1,1,1,0,0,0,1
2490876,1,1,1,0,0,0,1
2491420,1,1,1,1,0,0,1
2491423,1,1,1,0,0,0,1
2491605,1,1,1,1,0,0,1
2492131,1,1,1,1,0,0,1
2493542,1,1,1,1,0,0,1
2493560,1,1,1,1,0,0,1
2495190,1,1,1,1,0,0,1
2495573,1,1,1,1,0,0,0
2495804,1,1,1,1,0,0,1
2495873,1,1,1,1,0,0,1
2496420,1,1,1,0,0,0,1
2496465,1,1,1,1,0,0,1
2496729,1,1,1,0,0,0,1
2497201,1,1,1,1,0,0,1
2497268,1,1,1,1,1,1,0
2497273,1,0,0,0,0,0,1
2497913,1,1,1,1,0,0,1
2497929,1,1,0,0,0,0,1
2498020,1,1,1,1,0,0,1
2498024,1,1,1,0,0,0,0
2498372,1,0,0,0,0,0,1
2498634,1,1,1,0,0,0,1
2499017,1,1,1,1,0,0,1
2499128,1,1,1,1,0,0,1
2499271,1,1,1,1,0,0,0
2499386,1,1,1,1,0,0,1
2499573,1,1,1,0,0,0,1
2499856,1,1,0,0,0,0,1
2499903,1,1,1,1,0,0,1
2499972,1,1,1,1,0,0,1
2500157,1,1,1,0,0,0,1
2500466,1,1,1,1,0,0,1
2500752,1,1,1,0,0,0,1
2500821,1,1,1,1,0,0,1
2500909,1,1,1,0,0,0,1
2501365,1,0,0,0,0,0,1
2501382,1,1,0,0,0,0,1
2501424,1,1,1,1,0,0,1
2501428,1,0,0,0,0,0,1
2501609,1,1,1,1,0,0,1
2502135,1,1,1,1,0,0,1
2502297,1,1,1,1,0,0,1
2502919,1,1,1,0,0,0,1
2503009,1,1,1,0,0,0,1
2503224,1,1,1,1,1,1,0
2503576,1,1,1,1,0,0,1
2503837,1,1,1,1,0,0,1
2503882,1,1,1,0,0,0,1
2503926,0,0,0,0,0,0,1
2504164,1,1,0,0,0,0,1
2504209,1,1,1,1,0,0,1
2504488,1,1,1,1,0,0,1
2504533,1,1,1,0,0,0,1
2505012,1,1,1,1,0,0,1
2505318,1,1,1,1,0,0,1
2505433,1,1,1,1,1,1,0
2505719,1,1,1,1,0,0,1
2505721,1,1,1,1,0,0,1
2506288,1,1,1,1,0,0,1
2506377,1,1,1,0,0,0,1
2506855,1,1,1,1,0,0,1
2506873,1,0,0,0,0,0,1
2507088,1,1,1,0,0,0,1
2507421,1,1,1,0,0,0,1
2507607,1,1,1,0,0,0,1
2507892,1,1,1,1,0,0,1
2508105,1,1,1,0,0,0,1
2508481,1,1,1,0,0,0,1
2508888,1,1,1,1,0,0,1
2509125,1,1,1,0,0,0,1
2509549,1,1,1,1,0,0,1
2510029,1,0,0,0,0,0,1
2510837,1,1,1,1,0,0,1
2511553,1,1,1,0,0,0,1
2511620,1,1,1,0,0,0,0
2512028,1,1,1,1,1,1,0
2512309,1,1,1,0,0,0,1
2512328,1,1,1,1,0,0,1
2512446,1,1,1,1,0,0,0
2512637,1,1,1,1,0,0,1
2512703,1,1,1,1,0,0,1
2512844,1,1,1,1,0,0,1
2513052,1,1,1,1,0,0,1
2513649,1,1,1,1,0,0,1
2513788,1,1,1,0,0,0,1
2514269,1,1,1,0,0,0,1
2514313,0,0,0,0,0,0,1
2514546,1,1,1,1,0,0,1
2514949,1,1,1,0,0,0,1
2515021,1,1,1,1,0,0,1
2515208,1,1,1,0,0,0,1
2515705,1,0,0,0,0,0,1
2515777,1,1,1,0,0,0,1
2516296,1,1,1,0,0,0,1
2516772,1,0,0,0,0,0,1
2516890,1,1,1,0,0,0,1
2517317,1,1,1,1,0,0,1
2517626,1,1,0,0,0,0,1
2518101,1,1,1,0,0,0,1
2518104,1,1,1,1,0,0,1
2518284,1,1,1,1,0,0,1
2518690,1,1,1,1,0,0,1
2518785,1,1,1,1,0,0,1
2519040,1,1,1,0,0,0,1
2519184,1,1,1,1,0,0,1
2519201,1,1,1,0,0,0,1
2519657,1,1,1,1,0,0,1
2519819,1,1,1,0,0,0,0
2519908,1,0,0,0,0,0,1
2520100,1,1,1,1,0,0,1
2520237,1,1,1,1,0,0,1
2520381,1,0,0,0,0,0,1
2520592,1,0,0,0,0,0,1
2520608,1,1,1,1,0,0,1
2520632,0,0,0,0,0,0,1
2521589,1,1,1,0,0,0,1
2521845,1,1,1,1,0,0,1
2522228,1,1,1,1,0,0,1
2522437,1,0,0,0,0,0,1
2522605,1,1,1,1,0,0,1
2522840,1,1,1,0,0,0,1
2523365,1,1,1,1,0,0,1
2523549,1,1,1,1,0,0,1
2524193,1,1,1,0,0,0,1
2524672,1,1,1,1,0,0,1
2524905,1,1,1,1,0,0,1
2525601,1,1,1,1,0,0,1
2525810,1,1,1,1,0,0,0
2525973,1,1,1,1,0,0,1
2525977,1,0,0,0,0,0,1
2526541,1,1,1,0,0,0,1
2526565,1,1,1,0,0,0,1
2526581,0,0,0,0,0,0,1
2526937,1,0,0,0,0,0,1
2526939,1,1,1,1,0,0,0
2527744,1,1,1,1,0,0,0
2527912,1,1,1,1,0,0,1
2528120,1,0,0,0,0,0,1
2528431,1,1,1,0,0,0,1
2528449,1,1,1,0,0,0,1
2528473,1,1,1,0,0,0,1
2528540,1,1,1,0,0,0,1
2529231,1,1,1,0,0,0,1
2529344,1,1,1,0,0,0,1
2529965,1,1,1,1,0,0,1
2530491,1,1,1,1,0,0,1
2530750,1,1,1,0,0,0,1
2531129,1,1,1,1,0,0,1
2531440,1,1,1,0,0,0,1
2532156,1,0,0,0,0,0,1
2532461,1,1,1,1,0,0,1
2532964,1,1,1,1,0,0,1
2533342,1,1,1,0,0,0,1
2533700,1,1,1,1,0,0,1
2534344,1,1,1,0,0,0,1
2534890,1,1,1,1,0,0,1
2535005,1,1,1,1,0,0,1
2535148,1,1,1,1,0,0,1
2535625,0,0,0,0,0,0,0
2535665,1,0,0,0,0,0,1
2535878,1,1,1,0,0,0,1
2535900,1,1,1,1,0,0,1
2536257,1,0,0,0,0,0,1
2536488,1,1,1,0,0,0,0
2536532,0,0,0,0,0,0,1
2536912,1,0,0,0,0,0,1
2537149,1,1,1,1,0,0,1
2537580,1,1,1,1,0,0,1
2537623,1,1,1,1,0,0,0
2538052,1,0,0,0,0,0,1
2538381,1,1,1,0,0,0,1
2538476,1,0,0,0,0,0,1
2538684,1,0,0,0,0,0,1
2538706,1,1,1,1,0,0,1
2538873,1,1,1,1,0,0,1
2539132,1,1,1,1,0,0,1
2539438,1,1,1,1,0,0,1
2539509,1,1,1,1,0,0,1
2539599,1,1,1,1,0,0,1
2539617,1,1,1,1,0,0,1
2540073,1,0,0,0,0,0,1
2540113,0,0,0,0,0,0,1
2541549,1,1,1,1,0,0,1
2541618,1,1,1,0,0,0,1
2541881,1,1,1,0,0,0,1
2542280,1,1,1,1,0,0,1
2542328,1,1,1,1,0,0,1
2542586,1,1,1,1,0,0,1
2542589,1,1,1,1,0,0,1
2543132,1,1,1,1,0,0,1
2543246,1,1,1,1,0,0,1
2543605,1,0,0,0,0,0,1
2543934,1,1,1,1,0,0,1
2544049,1,1,1,0,0,0,1
2544480,1,1,1,1,0,0,1
2544738,1,1,1,0,0,0,1
2545337,1,0,0,0,0,0,1
2545472,1,1,1,1,0,0,1
2545734,1,0,0,0,0,0,1
2545825,1,1,1,1,0,0,1
2546353,1,1,1,0,0,0,1
2546465,1,1,1,1,0,0,1
2546604,1,1,1,1,0,0,1
2546723,1,1,1,1,0,0,0
2546816,1,1,1,0,0,0,1
2547314,1,1,1,1,0,0,1
2547384,1,1,1,1,0,0,1
2547571,1,1,1,1,0,0,1
2548456,1,1,1,0,0,0,1
2548496,1,1,1,1,0,0,1
2548638,1,1,1,1,0,0,1
2548872,1,0,0,0,0,0,1
2549183,1,1,1,1,0,0,1
2549468,1,1,1,1,0,0,1
2549485,1,1,1,1,0,0,1
2549629,1,1,1,1,0,0,1
2550919,1,1,1,1,0,0,1
2551108,1,1,1,0,0,0,1
2551273,1,0,0,0,0,0,1
2551337,1,1,1,1,0,0,1
2551454,1,1,1,0,0,0,1
2551717,1,0,0,0,0,0,1
2551732,1,1,1,0,0,0,1
2552186,1,1,1,1,0,0,1
2552328,1,1,1,1,0,0,1
2552372,0,0,0,0,0,0,1
2553518,1,1,1,0,0,0,1
2553848,1,1,1,1,0,0,1
2553967,1,1,1,1,0,0,1
2554130,1,1,1,0,0,0,1
2554293,1,1,1,1,0,0,1
2554413,1,1,1,1,0,0,1
2554480,1,1,1,1,0,0,1
2554931,1,1,1,0,0,0,1
2555020,1,1,1,0,0,0,1
2555401,1,0,0,0,0,0,1
2556384,1,1,1,0,0,0,1
2556473,1,1,1,1,0,0,1
2556518,1,1,1,0,0,0,1
2556709,1,1,1,0,0,0,1
2557517,1,1,1,0,0,0,1
2558258,1,1,1,1,0,0,1
2558855,1,1,1,0,0,0,1
2559785,1,1,1,1,0,0,1
2559974,1,1,1,1,0,0,1
2560115,1,1,1,0,0,0,1
2560974,1,1,1,1,0,0,1
2561762,1,1,1,1,0,0,1
2561877,1,1,1,1,0,0,1
2562184,1,1,1,0,0,1,0
2562493,1,1,1,1,0,0,1
2562852,1,1,1,1,0,0,1
2563036,1,0,0,0,0,0,1
2563129,1,1,1,0,0,0,1
2563153,1,1,1,1,0,0,1
2563460,1,0,0,0,0,0,1
2563813,1,1,1,1,0,0,1
2565081,1,0,0,0,0,0,1
2565364,1,1,1,1,1,1,0
2565413,1,1,1,1,0,0,1
2566391,1,1,1,1,0,0,1
2566652,1,1,1,0,0,0,1
2566764,1,1,1,1,0,0,1
2567171,1,1,1,1,0,0,1
2567865,1,1,1,1,0,0,1
2567932,1,1,1,1,0,0,1
2568069,1,1,1,1,0,0,1
2568113,0,0,0,0,0,0,1
2568300,1,1,1,0,0,0,1
2568898,1,1,1,1,0,0,0
2568991,1,1,1,1,0,0,1
2569656,1,1,1,1,0,0,1
2569773,1,1,1,1,0,0,1
2569795,1,1,1,1,0,0,1
2570751,1,1,1,1,0,0,1
2570985,1,1,1,1,0,0,1
2571292,1,1,1,0,0,0,1
2571964,1,1,1,1,0,0,1
2572271,1,1,1,1,0,0,1
2572292,0,0,0,0,0,0,1
2572385,1,1,1,1,0,0,1
2573003,1,1,1,1,0,0,1
2573646,1,1,1,1,0,0,1
2573693,1,1,1,0,0,0,1
2573735,1,1,1,1,0,0,1
2573948,1,1,1,1,0,0,1
2574133,1,1,1,0,0,0,1
2574706,1,1,1,1,0,0,1
2574729,1,1,1,1,0,0,1
2574745,1,1,1,1,0,0,1
2574983,1,1,1,1,0,0,1
2574984,1,1,1,0,0,0,1
2575696,1,1,1,1,1,1,0
2576217,1,1,1,1,0,0,1
2576262,1,1,1,1,0,0,1
2576596,1,1,1,1,1,1,0
2576761,1,1,1,1,0,0,1
2577066,1,1,1,1,0,0,1
2577280,1,1,1,1,1,1,0
2577349,1,1,1,1,0,0,1
2577893,1,1,1,1,0,0,1
2577897,1,0,0,0,0,0,1
2577933,0,0,0,0,0,0,1
2577936,1,1,1,1,0,0,1
2578357,0,0,0,0,0,0,1
2578358,1,1,1,1,0,0,1
2578396,1,1,1,0,0,0,0
2578444,1,0,0,0,0,0,1
2578609,1,1,1,1,0,0,1
2579010,1,1,1,0,0,0,1
2579052,1,1,1,1,0,0,1
2579241,1,1,1,0,0,0,1
2579265,1,1,1,1,0,0,1
2579424,1,0,0,0,0,0,1
2579470,1,0,0,0,0,0,1
2579873,1,1,1,1,0,0,1
2580012,1,1,1,0,0,0,1
2580106,1,1,1,0,0,0,1
2580486,1,0,0,0,0,0,1
2580625,1,1,1,0,0,0,1
2580961,1,1,1,0,0,0,1
2581049,0,0,0,0,0,0,1
2581765,1,1,1,0,0,0,1
2582075,1,1,1,1,0,0,0
2582719,1,1,1,1,0,0,1
2583649,1,1,1,0,0,0,1
2584223,1,1,1,0,0,0,1
2584745,1,1,1,1,0,0,1
2585584,1,1,1,1,0,0,0
2585673,1,0,0,0,0,0,1
2586127,1,1,1,0,0,0,1
2586483,0,0,0,0,0,0,1
2586861,1,1,1,0,0,0,1
2587168,1,1,1,1,0,0,0
2587215,1,1,1,1,0,0,1
2587642,1,1,1,0,0,0,0
2587661,1,1,1,1,0,0,1
2587899,1,1,1,1,0,0,1
2588113,1,1,1,1,0,0,0
2588272,1,1,1,1,0,0,1
2588488,1,1,1,1,0,0,1
2588749,1,1,1,1,0,0,1
2588983,1,0,0,0,0,0,1
2589122,1,1,1,1,0,0,1
2590104,1,0,0,0,0,0,1
2590314,1,1,1,1,0,0,1
2590503,1,1,1,1,0,0,1
2592901,1,1,1,1,0,0,1
2593857,1,1,1,1,0,0,1
2594472,1,1,1,1,0,0,1
2594665,1,1,1,1,0,0,1
2594825,1,1,1,1,0,0,0
2594990,1,1,1,1,0,0,1
2595684,1,1,1,1,0,0,1
2595726,1,1,1,1,0,0,1
2596275,1,1,1,1,0,0,1
2596512,1,1,1,1,0,0,1
2596629,1,1,1,1,0,0,1
2597221,1,1,1,1,0,0,1
2597578,1,1,1,1,0,0,1
2597647,1,1,1,1,0,0,1
2597693,1,1,1,1,0,0,1
2598071,0,0,0,0,0,0,1
2598072,1,1,1,0,0,0,1
2599405,1,1,1,1,0,0,1
2599883,1,1,1,1,0,0,1
2600576,1,1,1,1,0,0,1
2601624,1,0,0,0,0,0,0
2601789,1,1,1,1,0,0,1
2601980,1,1,1,1,0,0,1
2602145,1,1,1,1,0,0,1
2602712,1,1,1,0,0,0,1
2602973,1,1,1,1,0,0,1
2603381,1,1,1,1,0,0,1
2604647,1,1,1,1,0,0,1
2604738,1,1,1,1,0,0,0
2605069,1,1,1,1,0,0,1
2605785,1,1,1,1,0,0,1
2606670,1,1,0,0,0,0,1
2607389,1,1,1,1,0,0,1
2608438,1,1,1,1,0,0,1
2608457,1,1,1,1,0,0,1
2608668,1,1,1,1,0,0,1
2609076,1,1,1,1,0,0,1
2609961,1,1,1,1,0,0,1
2610409,1,1,1,1,0,0,1
2610574,1,1,1,1,0,0,1
2611077,1,1,1,0,0,0,1
2611334,1,1,1,0,0,0,1
2611811,1,1,1,0,0,0,0
2611926,1,1,1,0,0,0,1
2612044,1,1,1,1,0,0,1
2612710,1,0,0,0,0,0,1
2613381,1,1,1,1,0,0,1
2613806,1,1,1,1,0,0,1
2613971,1,1,1,1,0,0,1
2614617,1,1,1,1,0,0,1
2615832,1,1,1,1,0,0,0
2616238,1,1,1,1,0,0,1
2617100,1,1,1,0,0,0,1
2617237,1,1,1,0,0,0,1
2617330,1,0,0,0,0,0,1
2617495,1,1,1,1,0,0,1
2618784,1,1,1,1,0,0,1
2618905,1,1,1,1,0,0,1
2619309,1,0,0,0,0,0,1
2619444,1,0,0,0,0,0,1
2620041,1,1,1,0,0,0,1
2620257,1,0,0,0,0,0,1
2620465,1,0,0,0,0,0,1
2620532,1,1,1,1,0,0,1
2620722,1,1,1,1,0,0,1
2620885,1,0,0,0,0,0,1
2621268,1,1,1,1,0,0,1
2621505,1,1,1,1,0,0,1
2622074,1,1,1,1,0,0,1
2622504,1,1,1,1,0,0,1
2622737,1,1,1,0,0,0,1
2623524,1,1,1,1,0,0,1
2623976,1,0,0,0,0,0,1
2624071,1,1,1,1,0,0,1
2625485,1,1,1,1,0,0,1
2625932,1,1,1,0,0,0,1
2625957,0,0,0,0,0,0,1
2626889,1,1,1,1,0,0,1
2627096,1,1,1,1,0,0,1
2627099,1,1,1,1,0,0,1
2627424,0,0,0,0,0,0,1
2627854,1,1,1,1,0,0,1
2629101,1,1,1,1,0,0,1
2629672,1,1,1,1,0,0,0
2629905,1,1,1,1,0,0,1
2629951,1,1,1,1,0,0,1
2630020,0,0,0,0,0,0,1
2630161,1,1,1,1,0,0,1
2630395,0,0,0,0,0,0,1
2630869,1,0,0,0,0,0,1
2631347,0,0,0,0,0,0,1
2631726,1,1,1,1,0,0,1
2631821,1,1,1,1,0,0,1
2632753,1,1,1,0,0,0,1
2632937,1,1,1,1,0,0,1
2633030,1,1,1,1,0,0,1
2634011,1,1,1,1,0,0,1
2634149,1,1,1,1,0,0,1
2634576,1,1,1,1,0,0,0
2634649,1,1,1,1,0,0,1
2635193,1,1,1,1,0,0,1
2635265,1,0,0,0,0,0,1
2635330,1,1,1,0,0,0,1
2635881,1,0,0,0,0,0,1
2636213,0,0,0,0,0,0,1
2636278,1,1,1,1,0,0,1
2636464,1,1,1,1,0,0,1
2636775,1,1,1,1,0,0,1
2637156,1,1,1,1,0,0,0
2638036,1,1,1,1,0,0,1
2638249,1,1,1,0,0,0,1
2638366,1,1,1,1,0,0,1
2638769,1,0,0,0,0,0,1
2639079,1,1,1,1,0,0,1
2639170,1,1,1,1,0,0,1
2639337,1,1,1,1,0,0,1
2639593,1,1,1,1,0,0,1
2639612,1,1,1,1,0,0,1
2639730,1,0,0,0,0,0,1
2639775,1,1,1,1,0,0,1
2640061,1,1,1,1,0,0,1
2640441,0,0,0,0,0,0,1
2640938,1,1,1,1,0,0,1
2642209,1,1,1,1,0,0,1
2642226,1,1,1,0,0,0,1
2642798,1,0,0,0,0,0,1
2643106,0,0,0,0,0,0,1
2643148,1,1,1,1,0,0,1
2644034,1,1,1,1,0,0,1
2644296,1,1,1,1,0,0,0
2644652,0,0,0,0,0,0,1
2645270,1,1,1,1,0,0,1
2645701,1,1,1,1,0,0,1
2645838,0,0,0,0,0,0,1
2646218,0,0,0,0,0,0,1
2646236,1,1,1,1,0,0,1
2646737,1,0,0,0,0,0,0
2646741,1,1,1,0,0,0,1
2646923,1,1,1,0,0,0,0
2647492,0,0,0,0,0,0,1
2647681,1,1,1,1,0,0,1
2647868,0,0,0,0,0,0,1
2648035,1,1,1,1,0,0,1
2648417,1,1,1,1,0,0,1
2648864,1,1,1,1,0,0,1
2648985,1,0,0,0,0,0,1
2649001,1,1,1,0,0,0,1
2649047,1,1,1,1,0,0,1
2649184,0,0,0,0,0,0,1
2649541,1,0,0,0,0,0,1
2649636,1,1,1,1,0,0,1
2650376,1,1,1,0,0,0,1
2650392,1,1,1,1,0,0,1
2650845,1,1,1,0,0,0,1
2650939,1,1,1,1,0,0,1
2651100,1,1,1,1,0,0,1
2651364,1,1,1,1,0,0,1
2651647,1,1,1,1,0,0,1
2652220,1,1,1,0,0,0,1
2653055,1,1,1,1,0,0,1
2653120,1,1,1,1,0,0,1
2653141,1,1,1,1,0,0,1
2653185,0,0,0,0,0,0,1
2653326,1,1,1,0,0,0,0
2653585,0,0,0,0,0,0,1
2653679,1,1,1,0,0,0,1
2653961,1,0,0,0,0,0,1
2654724,1,1,1,1,0,0,1
2655296,1,0,0,0,0,0,1
2655533,1,1,1,1,0,0,1
2655771,1,1,1,1,0,0,1
2655932,1,1,1,0,0,0,1
2656101,1,1,1,0,0,0,0
2656284,0,0,0,0,0,0,1
2656668,1,1,1,1,0,0,1
2657193,1,1,1,1,0,0,1
2657928,1,1,1,1,0,0,1
2658358,1,1,1,1,0,0,1
2658547,1,1,1,1,0,0,1
2658588,1,1,1,0,0,0,1
2659856,1,1,1,1,0,0,1
2660022,1,1,1,1,0,0,1
2661410,1,1,1,1,0,0,1
2662486,1,1,1,0,0,0,1
2662487,1,1,1,1,0,0,1
2662596,1,1,1,1,0,0,1
2662689,1,1,1,1,0,0,0
2662809,1,1,1,1,0,0,1
2662853,0,0,0,0,0,0,1
2663303,1,1,1,1,0,0,1
2663589,1,1,1,1,0,0,1
2663824,1,1,1,1,0,0,0
2663936,1,1,1,1,0,0,1
2664678,1,1,1,1,0,0,1
2664893,1,1,1,0,0,0,1
2664936,1,1,1,1,0,0,1
2666058,1,1,1,1,0,0,1
2667183,1,1,1,0,0,0,1
2667394,1,1,1,1,0,0,1
2667557,1,1,1,1,0,0,1
2667891,1,1,1,1,0,0,1
2668607,1,0,0,0,0,0,1
2669253,1,1,1,1,0,0,1
2669416,1,1,1,1,0,0,1
2669480,1,1,1,1,0,0,1
2669483,1,1,1,1,0,0,1
2669594,1,1,1,1,0,0,1
2670143,1,1,1,1,0,0,1
2670164,1,1,1,1,0,0,1
2670208,0,0,0,0,0,0,1
2670613,1,1,1,1,0,0,1
2671109,1,1,1,1,0,0,1
2673413,1,1,1,1,0,0,1
2673768,1,1,1,0,0,0,1
2674145,1,1,1,1,0,0,1
2674189,0,0,0,0,0,0,1
2674812,1,1,1,1,0,0,1
2675144,0,0,0,0,0,0,1
2675450,1,1,1,1,0,0,1
2675564,1,1,1,1,0,0,1
2675802,1,0,0,0,0,0,1
2676016,1,1,1,1,0,0,1
2676849,1,1,1,0,0,0,1
2676991,1,1,1,1,0,0,1
2677729,1,1,1,1,0,0,1
2678089,1,1,1,0,0,0,1
2678133,0,0,0,0,0,0,1
2678388,1,1,1,1,0,0,1
2678724,1,1,1,1,0,0,1
2678841,1,1,1,1,0,0,1
2678859,1,1,1,1,0,0,1
2679069,1,1,1,1,0,0,1
2679304,1,1,1,1,0,0,1
2679713,1,0,0,0,0,0,1
2680523,1,1,1,0,0,0,1
2682752,1,1,1,1,0,0,1
2682962,1,1,1,1,0,0,0
2684303,1,1,1,1,0,0,1
2684777,1,1,1,1,0,0,1
2685805,1,1,1,1,0,0,1
2686496,1,1,1,1,0,0,0
2686830,1,1,1,0,0,0,1
2686901,1,1,1,1,0,0,0
2688166,1,1,1,1,0,0,1
2688169,1,1,1,1,0,0,1
2688833,1,0,0,0,0,0,1
2689570,1,1,1,1,0,0,1
2689900,1,1,1,1,0,0,1
2689924,1,1,1,1,0,0,0
2690350,1,1,1,1,0,0,1
2690492,1,0,0,0,0,0,1
2690633,1,1,1,1,0,0,1
2690768,1,1,1,1,0,0,1
2691177,1,0,0,0,0,0,1
2691459,1,1,1,1,0,0,0
2692244,1,1,1,1,0,0,1
2692961,1,1,1,1,0,0,0
2693005,0,0,0,0,0,0,1
2693626,1,1,1,1,0,0,1
2694220,1,1,1,1,0,0,1
2695156,1,1,1,1,0,0,1
2695677,1,1,1,1,0,0,1
2695696,1,1,1,0,0,0,1
2695745,1,1,1,1,0,0,1
2696195,1,1,1,1,0,0,1
2696382,1,1,1,1,0,0,1
2698032,1,1,1,1,0,0,1
2698366,1,1,1,1,0,0,1
2698651,1,1,1,1,0,0,1
2699460,1,1,1,1,0,0,1
2699769,1,1,1,1,0,0,1
2699793,1,1,1,1,0,0,1
2700170,1,1,1,1,0,0,1
2700383,1,1,1,0,0,0,1
2700450,0,0,0,0,0,0,1
2700853,1,1,1,1,0,0,1
2700896,1,1,1,1,0,0,1
2700993,1,1,1,1,0,0,1
2701203,1,0,0,0,0,0,1
2701485,1,0,0,0,0,0,1
2701626,1,1,1,1,0,0,1
2702077,1,0,0,0,0,0,1
2702292,1,1,1,1,0,0,0
2702335,1,1,1,1,0,0,1
2702337,1,1,1,1,0,0,1
2702924,1,1,1,1,0,0,1
2703141,1,1,1,1,0,0,1
2703181,1,1,1,1,0,0,1
2704235,1,1,1,1,0,0,1
2704855,1,0,0,0,0,0,1
2705857,1,1,1,1,0,0,1
2705999,1,1,1,1,0,0,1
2706643,0,0,0,0,0,0,1
2706998,1,1,1,1,0,0,1
2707282,0,0,0,0,0,0,1
2707590,0,0,0,0,0,0,1
2707849,1,1,1,1,0,0,1
2708878,1,1,1,1,0,0,1
2708993,1,1,1,1,0,0,1
2709448,1,1,1,1,0,0,0
2709658,1,1,1,1,0,0,1
2710084,1,1,1,1,0,0,0
2710202,1,0,0,0,0,0,1
2710297,1,1,1,1,0,0,0
2710577,1,1,1,0,0,0,1
2710793,1,0,0,0,0,0,1
2711002,1,1,1,1,0,0,1
2711068,1,0,0,0,0,0,1
2711137,1,0,0,0,0,0,1
2711685,1,0,0,0,0,0,1
2712043,1,1,1,1,0,0,1
2712397,1,1,1,1,0,0,1
2712416,1,1,1,1,0,0,1
2712631,1,0,0,0,0,0,1
2712821,1,1,1,1,0,0,1
2713077,1,1,1,1,0,0,1
2713120,1,1,1,1,0,0,1
2713384,1,1,1,1,0,0,1
2713498,1,1,1,1,0,0,1
2713781,1,1,1,1,0,0,1
2714883,1,1,1,1,0,0,1
2715021,1,1,1,1,0,0,1
2715572,1,1,1,1,0,0,1
2715857,1,1,1,1,0,0,1
2716405,1,0,0,0,0,0,1
2716421,1,1,1,1,0,0,1
2717187,1,1,1,1,0,0,1
2717661,1,1,1,1,0,0,1
2717922,1,1,1,1,0,0,1
2718232,1,1,1,1,0,0,1
2718466,1,0,0,0,0,0,1
2719036,1,1,1,1,0,0,1
2719635,1,1,1,1,0,0,1
2720084,1,1,1,1,0,0,1
2720780,1,1,1,1,0,0,1
2720893,1,1,1,0,0,0,1
2721200,1,1,1,1,0,0,1
2721413,1,0,0,0,0,0,1
2721508,1,0,0,0,0,0,1
2721908,1,0,0,0,0,0,1
2722097,1,1,1,0,0,0,1
2722212,0,0,0,0,0,0,1
2722355,1,1,1,1,0,0,1
2722926,1,0,0,0,0,0,1
2723064,1,1,1,1,0,0,1
2723445,1,1,1,1,0,0,1
2723541,1,1,1,1,0,0,0
2723773,0,0,0,0,0,0,1
2723941,0,0,0,0,0,0,1
2724103,1,1,1,0,0,0,1
2724432,1,1,1,1,0,0,1
2724527,0,0,0,0,0,0,1
2724809,1,1,1,1,0,0,1
2724904,1,1,1,1,0,0,1
2725067,1,0,0,0,0,0,1
2725300,0,0,0,0,0,0,1
2725564,1,1,1,0,0,0,1
2725583,1,0,0,0,0,0,1
2725912,1,0,0,0,0,0,1
2725957,1,1,1,1,0,0,1
2726026,1,1,1,1,0,0,1
2726453,1,1,1,0,0,0,1
2728755,1,1,1,1,0,0,1
2729231,1,0,0,0,0,0,1
2729464,1,1,1,1,0,0,1
2729702,1,1,1,1,0,0,1
2729915,1,1,1,0,0,0,1
2731089,1,1,1,1,0,0,0
2731249,1,1,1,1,0,0,1
2731965,1,0,0,0,0,0,1
2732732,1,1,1,0,0,0,0
2733545,1,1,1,1,0,0,1
2733589,0,0,0,0,0,0,1
2733703,1,1,1,1,0,0,1
2733841,1,1,1,1,0,0,1
2735616,1,1,1,1,0,0,1
2735709,1,1,1,0,0,0,1
2736636,1,1,1,1,0,0,0
2736874,1,1,1,1,0,0,0
2736877,1,1,1,1,0,0,1
2737033,1,1,1,0,0,0,1
2737296,1,1,1,1,0,0,1
2738129,1,1,1,0,0,0,1
2738220,1,1,1,1,0,0,1
2738912,1,1,1,1,0,0,1
2740016,1,1,1,1,0,0,1
2740301,1,1,1,1,0,0,1
2740461,1,1,1,0,0,0,1
2740772,1,1,1,1,0,0,1
2740862,1,1,1,1,0,0,1
2740863,1,1,1,1,0,0,0
2741668,1,1,1,1,0,0,1
2741737,1,1,1,1,0,0,1
2742504,1,1,1,1,0,0,1
2743841,1,1,1,1,0,0,1
2744007,1,1,1,1,0,0,1
2744745,1,1,1,1,0,0,1
2745272,1,1,1,1,0,0,1
2745867,1,1,1,1,0,0,1
2746270,1,1,1,1,0,0,1
2746865,1,1,1,1,0,0,1
2746913,1,1,1,1,0,0,1
2747147,1,1,1,1,0,0,1
2747262,1,1,1,1,0,0,1
2747306,0,0,0,0,0,0,1
2748217,1,1,1,1,0,0,1
2748571,1,1,1,1,0,0,1
2748828,1,1,1,1,0,0,0
2748946,1,1,1,1,0,0,1
2749304,1,1,1,1,0,0,1
2749445,1,1,1,1,0,0,1
2749606,1,1,1,0,0,0,1
2750780,1,1,1,1,0,0,1
2751687,1,1,1,1,0,0,1
2752764,1,1,1,1,0,0,1
2753212,1,1,1,1,0,0,1
2753619,1,1,1,1,0,0,1
2754021,1,1,1,1,0,0,0
2754285,1,1,1,1,0,0,1
2754397,0,0,0,0,0,0,1
2754468,1,1,1,1,0,0,1
2755041,1,0,0,0,0,0,1
2755179,1,1,1,1,0,0,1
2755413,1,1,1,1,0,0,1
2756057,1,1,1,0,0,0,1
2756296,1,1,1,1,0,0,1
2756528,1,1,1,1,0,0,1
2756766,1,1,1,1,0,0,0
2757436,1,1,1,1,0,0,1
2757984,1,0,0,0,0,0,1
2758221,1,1,1,1,0,0,1
2758621,1,1,1,0,0,0,1
2759365,1,1,1,1,0,0,1
2759480,1,1,1,1,0,0,1
2759594,1,1,1,1,0,0,1
2759781,1,1,1,1,0,0,1
2759901,1,0,0,0,0,0,1
2760232,1,1,1,1,0,0,1
2760397,1,0,0,0,0,0,1
2761280,1,1,1,1,0,0,1
2762331,1,1,1,1,0,0,0
2762661,1,1,1,0,0,0,1
2763329,1,0,0,0,0,0,1
2763684,1,1,1,1,0,0,0
2763781,1,1,1,1,0,0,1
2765022,1,1,1,1,0,0,1
2765212,1,1,1,1,0,0,1
2765588,1,1,1,1,0,0,1
2766688,1,1,1,0,0,0,1
2766903,1,1,1,1,0,0,1
2767160,1,0,0,0,0,0,1
2767397,1,1,1,0,0,0,1
2767444,1,1,1,1,0,0,1
2767798,1,1,1,1,0,0,1
2767865,1,0,0,0,0,0,1
2768220,1,1,1,1,0,0,1
2768509,1,1,1,1,0,0,1
2768526,1,0,0,0,0,0,1
2768928,1,1,1,1,0,0,1
2769286,1,1,1,1,0,0,1
2769641,1,1,1,1,0,0,1
2770673,1,1,1,1,0,0,1
2770978,1,1,1,1,0,0,1
2771404,1,1,1,1,0,0,1
2772984,1,1,1,1,0,0,1
2773390,1,1,1,1,0,0,1
2773867,1,1,1,1,0,0,1
2773868,1,1,1,1,0,0,1
2775153,1,1,1,1,0,0,1
2775248,1,1,1,1,0,0,1
2775338,1,1,1,1,0,0,1
2776316,1,1,1,1,0,0,1
2776793,1,1,1,1,0,0,1
2777128,1,1,1,1,0,0,1
2777555,1,1,1,1,0,0,1
2777841,1,1,1,1,0,0,0
2780068,1,1,1,1,0,0,1
2780089,1,1,1,1,0,0,1
2780779,1,1,1,1,0,0,1
2780872,1,1,1,1,0,0,1
2780913,1,1,1,1,0,0,1
2781052,1,1,1,1,1,1,0
2781940,1,1,1,1,0,0,1
2782007,1,1,1,1,0,0,1
2782049,1,1,1,1,0,0,1
2782481,1,1,1,1,0,0,1
2782498,1,1,1,1,0,0,0
2782804,1,1,1,1,0,0,1
2783261,1,1,1,1,0,0,1
2783709,1,1,1,1,0,0,1
2783997,1,1,1,1,0,0,1
2784036,1,1,1,1,0,0,1
2784345,1,1,1,1,0,0,1
2784872,1,1,1,1,0,0,1
2785249,1,1,1,1,0,0,1
2785319,1,1,1,1,0,0,1
2785341,1,1,1,1,0,0,1
2785788,1,1,1,1,0,0,1
2786725,1,1,1,0,0,0,1
2787366,1,1,1,1,0,0,1
2787579,1,1,1,1,0,0,1
2787961,1,1,1,1,0,0,1
2788652,1,1,1,1,0,0,1
2788889,1,1,1,1,0,0,1
2789480,1,1,1,1,0,0,1
2789741,1,1,1,1,0,0,1
2790024,1,0,0,0,0,0,1
2790505,1,1,1,1,0,0,1
2791480,1,1,1,1,0,0,1
2792153,1,1,1,1,0,0,1
2792264,1,1,1,1,0,0,1
2792694,1,1,1,0,0,0,1
2793216,1,1,1,1,0,0,1
2793477,1,1,1,1,0,0,1
2793810,1,1,1,1,0,0,1
2793977,1,1,1,1,0,0,1
2794380,1,1,1,1,1,1,0
2794396,1,1,1,1,0,0,1
2794440,0,0,0,0,0,0,1
2794727,1,1,1,1,0,0,0
2795129,1,1,1,1,0,0,1
2795390,1,1,1,1,0,0,1
2796370,1,1,1,1,0,0,1
2796512,1,1,1,1,0,0,1
2796579,1,1,1,1,0,0,1
2796913,1,1,1,1,0,0,1
2797240,1,1,1,1,0,0,1
2797623,1,1,1,1,0,0,1
2798173,1,1,1,1,0,0,1
2798407,1,1,1,1,0,0,1
2798452,1,1,1,1,0,0,1
2798636,1,1,1,1,0,0,1
2799042,1,1,1,1,0,0,1
2799060,1,0,0,0,0,0,1
2799179,1,1,1,1,0,0,1
2799200,1,1,1,1,0,0,1
2799221,1,1,1,1,0,0,1
2799237,1,1,1,1,0,0,1
2800171,1,1,1,1,0,0,1
2800262,1,1,1,1,0,0,1
2800763,1,0,0,0,0,0,1
2800928,1,1,1,1,0,0,1
2801522,1,1,1,1,0,0,1
2801855,1,1,1,1,0,0,1
2801970,1,0,0,0,0,0,1
2802255,1,0,0,0,0,0,1
2802516,1,1,1,1,0,0,1
2802560,0,0,0,0,0,0,1
2803229,1,1,1,1,0,0,1
2803319,1,1,1,1,0,0,1
2804562,1,1,1,1,0,0,1
2804753,1,1,1,1,0,0,1
2804891,1,1,1,1,0,0,1
2805511,1,1,1,1,0,0,1
2805513,1,1,1,1,0,0,1
2805720,1,1,1,1,0,0,1
2805764,0,0,0,0,0,0,1
2806188,1,1,1,1,0,0,0
2806307,1,1,1,1,0,0,1
2806373,1,1,1,1,0,0,0
2807496,1,1,1,1,0,0,1
2807500,1,1,1,1,0,0,1
2807658,1,1,1,0,0,0,1
2808300,1,1,1,1,0,0,1
2808585,1,1,1,1,0,0,1
2808750,1,1,1,1,0,0,1
2808796,1,1,1,1,0,0,1
2809364,1,1,1,1,0,0,1
2809628,1,1,1,1,0,0,1
2809791,1,1,1,1,0,0,1
2809808,1,0,0,0,0,0,1
2810073,1,1,1,1,0,0,1
2810378,1,1,1,1,0,0,1
2810540,1,1,1,1,0,0,1
2810561,1,1,1,1,0,0,1
2810775,1,1,1,1,0,0,1
2810917,1,1,1,1,0,0,1
2811176,1,1,1,1,0,0,1
2811220,0,0,0,0,0,0,1
2811380,1,1,1,1,0,0,1
2811381,1,1,1,1,0,0,1
2811905,1,1,1,1,0,0,1
2811947,1,1,1,1,0,0,1
2812157,1,1,1,1,0,0,1
2813426,1,1,1,1,0,0,1
2813761,1,1,1,1,0,0,1
2813969,1,1,1,1,0,0,1
2814136,1,1,1,1,0,0,1
2814536,1,1,1,1,0,0,1
2815949,1,1,1,1,0,0,1
2816284,1,1,1,1,0,0,1
2816566,1,1,1,1,0,0,1
2816610,0,0,0,0,0,0,1
2816820,1,1,1,1,0,0,1
2817445,1,1,1,1,0,0,1
2818374,1,1,1,1,0,0,1
2818560,1,1,1,1,0,0,1
2819111,1,1,1,1,0,0,0
2819322,1,1,1,1,0,0,1
2819729,1,1,1,1,0,0,1
2819816,1,1,1,1,0,0,1
2821302,1,1,1,0,0,0,1
2822114,1,1,1,1,0,0,1
2822636,1,1,1,1,0,0,1
2822680,0,0,0,0,0,0,1
2823109,1,1,1,1,0,0,0
2823444,1,1,1,1,0,0,0
2823965,1,1,1,1,0,0,1
2824109,1,1,1,1,0,0,1
2824390,1,1,1,1,0,0,1
2824603,1,1,1,1,0,0,1
2824956,1,1,1,1,0,0,1
2825339,1,1,1,1,0,0,1
2825385,1,1,1,1,0,0,1
2825836,1,1,1,1,0,0,1
2826861,1,1,1,1,0,0,1
2826905,0,0,0,0,0,0,1
2827116,1,1,1,0,0,0,1
2827330,1,1,1,1,0,0,1
2827757,1,1,1,1,0,0,1
2827899,1,1,1,1,0,0,1
2828544,1,1,1,1,0,0,1
2828995,1,1,1,1,0,0,1
2829613,1,1,1,1,0,0,1
2829804,1,1,1,1,1,1,0
2830084,1,1,1,1,0,0,1
2830253,1,1,1,1,0,0,1
2830607,1,1,1,1,0,0,1
2830724,1,1,1,1,1,1,0
2831221,1,1,1,1,0,0,1
2831225,1,1,1,1,0,0,1
2833207,1,1,1,1,0,0,1
2834019,1,1,1,1,0,0,1
2834233,1,1,1,1,0,0,1
2834490,1,1,1,1,0,0,0
2835181,1,1,1,1,0,0,1
2835252,1,1,1,0,0,0,1
2835253,1,1,1,1,0,0,1
2836325,1,1,0,0,0,0,1
2837229,1,1,1,1,0,0,1
2837248,1,1,1,0,0,0,0
2837487,1,1,1,1,0,0,1
2838059,1,0,0,0,0,0,1
2838061,1,1,1,1,0,0,1
2839516,1,1,1,1,0,0,1
2839535,1,1,1,1,0,0,1
2839556,0,0,0,0,0,0,1
2840199,1,0,0,0,0,0,1
2841658,1,1,1,1,0,0,0
2841921,1,1,1,1,0,0,1
2844218,1,1,1,1,0,0,1
2844241,1,1,1,1,1,1,0
2844401,1,1,1,1,0,0,0
2844420,1,1,1,1,0,0,0
2845283,1,1,1,1,0,0,1
2845976,1,1,1,1,0,0,1
2846500,1,0,0,0,0,0,1
2847284,1,1,1,1,0,0,1
2847716,1,1,1,1,0,0,1
2848457,1,1,1,1,0,0,1
2848762,1,1,1,1,0,0,1
2848763,1,1,1,1,0,0,1
2849112,1,1,1,1,0,0,1
2849448,1,0,0,0,0,0,1
2849609,1,1,1,1,0,0,1
2850422,1,1,1,1,0,0,1
2850656,1,1,1,1,0,0,1
2851110,1,1,1,0,0,0,1
2851176,1,0,0,0,0,0,1
2852349,1,1,1,1,0,0,1
2852563,1,1,1,0,0,0,1
2852606,1,1,1,1,0,0,1
2854161,1,1,1,1,0,0,1
2854590,1,1,1,1,0,0,1
2855211,1,1,1,1,0,0,1
2855374,1,0,0,0,0,0,1
2855613,1,1,1,1,0,0,0
2855727,1,0,0,0,0,0,1
2855937,1,1,1,1,0,0,1
2856198,1,1,1,0,0,0,1
2856245,1,1,1,1,0,0,1
2856600,1,1,1,1,0,0,0
2856809,1,1,1,0,0,0,1
2857984,1,1,1,1,0,0,1
2858001,1,1,1,1,0,0,1
2858332,1,1,1,1,0,0,0
2858691,1,1,1,1,0,0,1
2858881,1,1,1,1,0,0,1
2859212,1,0,0,0,0,0,1
2860192,1,1,1,1,0,0,1
2860977,1,1,1,1,0,0,1
2861408,1,1,1,0,0,0,1
2861452,0,0,0,0,0,0,1
2861876,1,1,1,1,0,0,1
2861993,1,1,1,1,0,0,1
2862228,0,0,0,0,0,0,1
2862465,0,0,0,0,0,0,1
2862681,1,1,1,1,0,0,1
2863107,1,1,1,1,0,0,1
2863342,1,1,1,1,0,0,0
2863603,0,0,0,0,0,0,1
2863716,1,1,1,1,0,0,1
2863979,0,0,0,0,0,0,1
2864142,1,1,1,1,0,0,1
2864476,1,1,1,1,0,0,1
2864780,1,1,1,1,0,0,1
2864803,1,1,1,1,0,0,1
2865062,1,1,1,1,0,0,1
2865155,0,0,0,0,0,0,1
2865249,1,1,1,1,0,0,1
2865940,1,1,1,1,0,0,1
2866244,1,1,1,1,0,0,1
2866434,1,1,1,1,0,0,1
2866980,1,1,1,1,0,0,1
2867508,1,1,1,1,0,0,1
2868340,1,1,1,1,0,0,1
2868362,1,1,1,1,0,0,1
2868840,1,1,1,1,0,0,1
2869098,1,1,1,1,0,0,1
2869552,1,1,1,1,0,0,1
2869568,1,1,1,1,0,0,1
2869589,1,1,1,1,0,0,0
2870594,1,1,1,1,0,0,1
2871336,1,1,1,1,0,0,1
2871714,1,1,1,1,0,0,1
2872311,1,1,1,1,0,0,0
2872405,1,1,1,0,0,0,0
2872516,1,1,1,1,0,0,1
2872825,1,1,1,1,0,0,1
2872944,1,1,1,1,0,0,1
2873445,1,1,1,1,0,0,1
2873941,1,1,1,1,0,0,1
2874301,1,1,1,1,0,0,1
2874343,1,1,1,1,0,0,1
2874433,1,0,0,0,0,0,1
2874548,1,1,1,1,0,0,1
2874858,1,1,1,1,0,0,1
2875382,1,0,0,0,0,0,1
2875833,1,1,1,1,0,0,1
2876092,1,1,1,1,0,0,1
2876094,1,1,1,1,0,0,1
2876279,1,1,1,1,0,0,1
2877713,1,1,1,1,0,0,1
2878265,1,1,1,1,0,0,1
2878353,1,1,1,1,0,0,1
2878354,1,1,1,1,0,0,1
2878516,1,1,1,1,0,0,1
2878532,1,1,1,1,0,0,1
2879131,1,1,1,1,1,1,0
2880327,1,1,1,1,0,0,1
2881641,1,1,1,1,0,0,1
2884184,1,1,1,1,0,0,1
2884536,1,1,1,0,0,0,1
2884897,1,1,1,1,0,0,1
2885538,1,1,1,1,0,0,0
2885561,1,1,1,1,0,0,1
2886011,1,1,1,1,0,0,1
2886174,1,1,1,1,0,0,1
2886745,1,1,1,1,0,0,1
2887126,1,1,1,1,0,0,1
2887508,1,1,1,1,0,0,1
2887525,1,1,1,1,0,0,1
2887906,1,1,1,1,0,0,1
2887977,1,1,1,1,0,0,1
2888786,1,1,1,1,0,0,1
2889695,1,1,1,1,0,0,1
2889833,1,1,1,1,0,0,1
2889950,1,1,1,1,0,0,1
2890160,1,1,1,0,0,0,1
2890253,1,0,0,0,0,0,1
2891259,1,1,1,1,0,0,1
2891593,1,1,1,1,0,0,1
2892093,1,0,0,0,0,0,1
2892372,1,1,1,1,0,0,1
2892920,1,0,0,0,0,0,1
2893398,1,1,1,1,0,0,1
2893469,1,1,1,1,0,0,1
2893557,1,1,1,1,0,0,1
2894660,1,1,1,1,0,0,0
2895305,1,1,1,1,0,0,1
2895513,1,1,1,1,0,0,1
2897069,1,1,1,1,0,0,1
2897331,1,1,1,1,0,0,1
2898116,1,1,1,1,0,0,1
2898357,1,1,1,1,0,0,1
2898520,1,1,1,1,0,0,1
2899544,1,1,1,1,0,0,1
2899711,1,1,1,1,0,0,1
2900113,1,1,1,1,0,0,1
2900136,1,1,1,1,0,0,1
2900467,1,1,1,1,0,0,1
2900558,1,0,0,0,0,0,0
2900653,1,1,1,1,1,1,0
2900837,1,1,1,1,0,0,1
2901290,1,1,1,1,0,0,1
2901673,1,1,1,1,0,0,1
2902580,1,1,1,1,0,0,1
2902935,1,1,1,1,0,0,1
2903025,1,1,1,1,0,0,1
2903501,1,0,0,0,0,0,1
2904578,1,1,1,1,0,0,1
2904769,1,1,1,1,0,0,1
2905266,1,1,1,1,0,0,1
2905405,1,1,1,1,0,0,1
2905449,0,0,0,0,0,0,1
2905453,1,1,1,1,0,0,1
2905636,1,1,1,1,0,0,1
2906111,1,1,1,1,0,0,1
2906396,1,1,1,1,0,0,1
2906485,1,1,1,1,0,0,1
2906672,1,1,1,1,0,0,0
2907081,1,1,1,1,0,0,1
2907099,1,1,1,1,0,0,1
2907452,1,1,1,1,0,0,1
2908121,1,1,1,1,0,0,1
2908212,1,1,1,1,0,0,1
2908476,1,1,1,1,0,0,1
2908853,1,1,1,1,0,0,1
2909213,1,1,1,1,0,0,1
2909232,1,1,1,1,0,0,1
2910112,1,1,1,1,0,0,1
2910493,1,1,1,1,0,0,1
2911668,1,1,1,1,0,0,1
2912286,1,1,1,1,0,0,1
2912329,1,1,1,1,0,0,1
2912808,1,1,1,1,0,0,1
2912944,1,1,1,1,0,0,1
2913062,1,1,1,1,0,0,1
2913445,1,1,1,1,0,0,1
2913461,1,1,1,1,0,0,1
2913818,1,1,0,0,0,0,1
2913957,1,0,0,0,0,0,1
2914123,1,1,1,1,0,0,1
2914241,1,1,1,1,0,0,1
2914760,1,1,1,1,0,0,1
2914781,1,1,1,0,0,0,1
2914803,1,1,1,0,0,0,1
2915328,1,1,1,1,0,0,1
2915418,1,1,1,1,0,0,1
2915944,0,0,0,0,0,0,1
2916613,1,1,1,1,0,0,1
2917279,1,1,1,0,0,0,1
2918092,1,1,1,1,0,0,1
2918398,1,1,1,1,0,0,1
2919667,1,1,1,0,0,0,1
2920165,1,0,0,0,0,0,1
2920260,1,1,1,1,0,0,1
2920638,1,1,1,1,0,0,1
2920729,1,0,0,0,0,0,1
2920868,1,1,1,0,0,0,1
2921493,1,1,1,1,0,0,1
2921581,1,1,1,1,0,0,1
2921744,1,1,1,0,0,0,1
2922081,1,0,0,0,0,0,1
2922985,1,1,1,1,0,0,1
2922989,1,1,1,0,0,0,1
2923242,1,1,1,1,0,0,1
2923500,1,1,1,1,0,0,1
2923860,1,1,1,1,0,0,1
2924022,1,1,1,1,0,0,1
2924305,1,1,1,0,0,0,1
2924972,1,1,1,1,0,0,1
2925017,1,1,1,1,0,0,1
2925112,1,1,1,1,0,0,1
2926090,1,1,1,0,0,0,1
2926329,1,1,1,1,0,0,1
2926803,1,1,1,1,0,0,0
2927086,1,1,1,1,0,0,1
2927089,1,1,1,1,0,0,1
2927966,1,1,1,1,0,0,1
2927987,1,1,1,1,0,0,1
2928004,1,1,1,1,0,0,1
2928673,1,0,0,0,0,0,1
2928792,1,1,1,0,0,0,1
2928808,1,1,1,1,0,0,1
2928813,1,1,1,1,0,0,1
2928827,1,1,1,1,0,0,1
2928871,0,0,0,0,0,0,1
2929130,1,1,1,0,0,0,1
2929653,1,1,1,1,0,0,1
2929771,1,1,1,1,0,0,1
2929773,1,1,1,1,0,0,1
2930624,1,1,1,1,0,0,1
2930697,1,1,1,1,0,0,1
2930955,1,1,1,1,0,0,1
2931553,1,1,1,1,0,0,1
2931568,1,1,1,1,0,0,1
2931712,1,1,1,1,1,1,0
2932305,1,1,1,0,0,0,1
2932664,1,1,1,1,0,0,1
2932853,1,1,1,0,0,0,1
2932990,1,1,1,1,0,0,1
2933056,1,1,1,1,0,0,1
2933221,1,1,1,1,0,0,1
2933579,1,1,1,0,0,0,1
2933648,1,1,1,1,0,0,1
2934600,1,1,1,1,0,0,1
2934693,1,1,1,1,0,0,1
2935076,1,1,1,1,0,0,1
2935167,1,1,1,1,0,0,1
2935449,1,1,1,1,0,0,1
2935518,1,1,1,1,0,0,1
2935876,1,1,1,1,0,0,1
2936228,1,1,1,1,0,0,1
2937117,1,1,1,1,0,0,1
2937253,1,1,1,1,0,0,1
2937851,1,1,1,1,0,0,1
2938253,1,1,1,1,0,0,1
2938875,1,1,1,1,0,0,1
2938944,1,1,1,1,0,0,1
2939685,1,1,1,1,0,0,1
2939703,1,1,1,1,0,0,1
2940516,1,1,1,1,0,0,1
2940897,1,1,1,1,0,0,1
2940985,1,1,1,1,0,0,1
2941076,1,1,1,1,0,0,1
2941411,1,1,1,1,0,0,1
2941816,1,1,1,1,0,0,1
2941837,1,1,1,1,0,0,1
2941878,1,1,1,1,0,0,1
2941881,0,0,0,0,0,0,1
2942926,1,1,1,1,0,0,1
2943188,1,1,1,1,0,0,1
2943469,1,1,1,1,0,0,1
2943589,1,1,1,1,0,0,1
2943846,1,1,1,1,0,0,1
2944897,1,1,1,1,0,0,1
2944943,1,1,1,1,0,0,1
2945224,1,1,1,1,0,0,1
2945368,1,1,1,1,0,0,1
2945917,1,1,1,1,0,0,1
2947208,1,1,1,1,1,1,0
2947349,1,1,1,1,0,0,1
2947393,0,0,0,0,0,0,1
2947984,1,1,1,1,0,0,1
2948053,1,1,1,1,0,0,1
2948221,1,1,1,1,0,0,1
2948334,1,1,1,1,0,0,1
2948356,1,1,1,0,0,0,1
2948952,1,0,0,0,0,0,1
2949328,1,1,1,1,0,0,1
2949372,0,0,0,0,0,0,1
2949517,1,1,1,1,0,0,1
2950708,1,1,1,1,0,0,1
2951091,1,1,1,1,0,0,1
2951181,1,1,1,1,0,0,1
2951996,1,1,1,0,0,0,1
2952473,1,1,1,1,0,0,1
2952633,1,1,1,1,0,0,1
2953158,1,1,1,1,1,1,0
2953421,1,1,1,1,0,0,1
2953560,1,1,1,1,0,0,1
2953960,1,1,1,1,0,0,1
2954653,1,1,1,1,0,0,1
2954656,1,1,1,0,0,0,1
2954693,0,0,0,0,0,0,1
2954694,1,1,1,1,0,0,1
2954900,1,1,1,0,0,0,1
2956050,1,1,1,1,0,0,1
2956573,1,1,1,1,0,0,1
2956738,1,1,1,0,0,0,1
2957720,1,1,1,1,0,0,1
2957882,1,1,1,1,0,0,1
2958165,1,1,1,1,0,0,1
2958235,1,1,1,1,0,0,0
2958353,1,1,1,1,0,0,1
2959017,1,1,1,1,0,0,1
2959280,1,1,1,1,0,0,1
2959802,1,1,1,1,0,0,1
2959919,1,1,1,1,0,0,1
2960469,1,1,1,1,0,0,1
2960511,1,0,0,0,0,0,1
2962064,1,1,1,1,0,0,0
2963624,1,1,1,0,0,0,1
2964220,0,0,0,0,0,0,1
2964884,1,1,1,1,0,0,1
2965388,1,1,1,0,0,0,1
2965936,1,0,0,0,0,0,1
2966193,1,1,1,1,0,0,0
2966741,1,0,0,0,0,0,1
2966837,1,1,1,1,0,0,1
2966974,1,1,1,1,0,0,0
2967283,1,1,1,1,0,0,1
2967661,1,1,1,1,0,0,1
2967827,1,0,0,0,0,0,1
2968205,1,0,0,0,0,0,1
2969668,1,1,1,1,1,1,0
2970192,1,0,0,0,0,0,1
2970330,1,1,1,1,0,0,1
2970852,1,1,1,1,0,0,1
2971259,1,1,1,1,0,0,1
2971592,1,1,1,1,0,0,1
2972116,1,0,0,0,0,0,1
2972348,1,1,1,1,0,0,1
2972397,1,1,1,1,0,0,1
2972510,1,1,1,1,0,0,1
2972652,1,0,0,0,0,0,1
2972789,1,1,1,1,0,0,1
2972856,1,0,0,0,0,0,1
2973022,1,0,0,0,0,0,1
2973025,1,0,0,0,0,0,1
2973208,1,0,0,0,0,0,1
2973321,1,0,0,0,0,0,1
2973484,1,0,0,0,0,0,1
2973626,1,0,0,0,0,0,1
2973837,1,0,0,0,0,0,1
2973840,1,0,0,0,0,0,1
2974190,1,0,0,0,0,0,1
2974401,1,0,0,0,0,0,1
2974784,1,1,1,1,0,0,1
2976386,1,1,1,0,0,0,1
2976430,0,0,0,0,0,0,1
2976477,1,1,1,0,0,0,1
2976736,1,1,1,1,0,0,1
2978076,1,1,1,1,0,0,1
2978262,1,1,1,1,0,0,1
2978379,1,1,1,1,0,0,0
2978684,1,1,1,1,0,0,1
2979330,1,1,1,1,0,0,1
2979400,1,1,1,1,0,0,1
2979779,1,1,1,1,0,0,1
2979798,1,0,0,0,0,0,1
2979916,1,0,0,0,0,0,1
2979932,1,1,1,0,0,0,1
2980293,1,1,1,1,0,0,1
2980817,1,0,0,0,0,0,1
2981240,1,1,1,1,0,0,1
2981549,1,1,1,1,0,0,0
2981643,1,1,1,0,0,0,1
2981902,1,1,1,1,0,0,1
2982426,1,0,0,0,0,0,1
2982732,1,1,1,1,0,0,1
2983377,1,1,1,1,0,0,1
2983660,1,1,1,1,0,0,1
2983947,1,1,1,1,0,0,1
2984209,1,1,1,1,0,0,1
2985189,1,1,1,1,0,0,1
2985470,1,1,1,1,0,0,1
2985633,1,1,1,1,0,0,1
2986113,1,1,1,1,0,0,1
2986251,1,1,1,1,0,0,1
2986270,1,1,1,0,0,0,1
2986457,1,1,1,1,0,0,1
2986742,1,0,0,0,0,0,1
2987052,1,1,1,1,0,0,0
2987239,1,1,1,1,0,0,1
2987281,1,1,1,1,0,0,1
2987324,1,1,1,0,0,0,1
2987731,1,0,0,0,0,0,1
2987800,1,1,1,1,0,0,1
2987965,1,1,1,1,0,0,1
2988149,1,1,1,1,0,0,1
2988555,1,1,1,1,0,0,1
2988670,1,1,1,1,0,0,1
2988740,1,1,1,1,0,0,1
2988829,1,0,0,0,0,0,1
2988872,1,1,1,1,0,0,1
2989351,1,1,1,1,0,0,1
2989538,1,1,1,1,0,0,1
2989582,0,0,0,0,0,0,1
2989673,1,1,1,1,0,0,1
2989788,1,1,1,1,0,0,1
2990125,1,1,1,1,0,0,1
2990167,1,1,1,0,0,0,1
2990474,1,1,1,1,0,0,1
2990541,1,1,1,0,0,0,1
2990608,1,1,1,1,0,0,1
2990728,1,1,1,1,0,0,1
2991252,1,0,0,0,0,0,1
2991366,1,1,1,1,0,0,1
2991433,1,1,1,1,0,0,1
2991477,0,0,0,0,0,0,1
2991496,1,1,1,1,0,0,1
2992119,1,1,1,1,0,0,1
2992140,1,1,1,1,0,0,1
2992206,1,1,1,1,0,0,1
2992249,1,1,1,1,0,0,1
2992412,1,1,1,1,0,0,1
2992461,1,1,1,1,0,0,1
2992813,1,1,0,0,0,0,1
2992837,0,0,0,0,0,0,1
2993405,1,0,0,0,0,0,1
2993424,1,1,1,0,0,0,1
2993468,0,0,0,0,0,0,1
2993610,1,1,1,1,0,0,1
2994257,1,1,1,1,0,0,1
2994467,1,1,1,1,0,0,1
2994897,1,1,1,0,0,0,1
2994914,1,1,1,1,0,0,1
2994937,0,0,0,0,0,0,1
2994955,1,0,0,0,0,0,1
2994973,1,1,1,1,0,0,1
2995068,1,1,1,1,0,0,1
2995734,1,1,1,1,0,0,1
2996019,1,1,1,1,0,0,1
2996021,1,1,1,1,0,0,1
2996108,1,1,1,1,0,0,1
2996556,1,1,1,1,0,0,1
2996650,1,1,1,1,0,0,1
2996696,1,1,0,0,0,0,1
2996809,1,1,1,1,0,0,1
2997140,1,1,0,0,0,0,1
2997618,1,1,1,1,0,0,1
2997829,1,1,1,1,0,0,1
2997972,1,1,1,0,0,0,1
2998904,1,1,1,1,0,0,1
2999065,1,1,1,1,0,0,1
2999231,1,1,1,1,0,0,1
2999586,1,1,1,1,0,0,1
3000279,1,1,1,1,0,0,1
3000418,1,1,1,1,0,0,1
3000653,1,1,1,1,0,0,1
3000843,1,0,0,0,0,0,1
3001416,1,1,1,1,0,0,1
3002131,1,1,1,1,0,0,1
3002317,1,1,1,1,0,0,1
3002865,1,0,0,0,0,0,1
3003104,1,1,1,1,0,0,1
3003149,1,1,1,1,0,0,0
3003405,1,0,0,0,0,0,1
3003668,1,0,0,0,0,0,1
3003953,1,1,1,1,0,0,1
3004163,1,1,1,1,0,0,1
3004276,1,1,1,1,0,0,0
3004280,1,1,0,0,0,0,1
3004417,1,0,0,0,0,0,1
3004554,1,1,1,1,0,0,1
3004888,1,0,0,0,0,0,1
3005026,0,0,0,0,0,0,1
3005456,1,0,0,0,0,0,1
3005500,0,0,0,0,0,0,1
3005542,1,1,0,0,0,0,1
3006044,1,0,0,0,0,0,1
3006086,1,0,0,0,0,0,1
3006612,1,1,0,0,0,0,1
3006823,1,1,1,1,0,0,1
3007033,1,1,1,1,0,0,1
3007584,1,1,0,0,0,0,1
3007768,1,1,1,1,0,0,1
3007983,1,1,1,1,0,0,1
3008317,1,1,1,1,0,0,1
3008336,1,1,1,1,0,0,1
3009243,1,1,1,0,0,0,1
3009958,1,1,1,1,0,0,1
3010915,1,1,1,1,0,0,1
3011465,1,1,1,1,0,0,1
3012106,1,1,1,1,0,0,1
3012608,1,1,1,1,0,0,1
3012696,1,1,1,1,0,0,1
3012886,1,1,1,1,0,0,1
3013413,1,1,1,1,0,0,1
3013500,1,1,1,1,0,0,1
3014026,1,0,0,0,0,0,1
3014070,0,0,0,0,0,0,1
3014185,1,1,1,1,0,0,0
3014928,1,1,1,1,0,0,1
3015184,1,1,1,1,0,0,1
3015186,1,1,1,1,0,0,1
3015517,1,1,1,1,0,0,1
3015629,1,1,1,1,0,0,1
3016132,1,1,1,1,0,0,1
3016221,1,0,0,0,0,0,1
3016264,1,1,1,1,0,0,1
3016718,1,1,1,1,0,0,1
3017648,1,1,1,1,0,0,1
3017649,1,1,1,1,0,0,1
3017980,1,1,1,1,0,0,1
3018047,1,1,1,1,0,0,0
3018093,1,1,1,1,0,0,1
3018855,1,1,1,0,0,0,1
3019282,1,1,1,1,0,0,1
3019397,1,1,1,1,0,0,1
3019488,1,1,1,1,0,0,1
3019753,1,1,1,1,0,0,1
3020131,1,1,1,1,0,0,1
3020152,1,1,1,1,0,0,1
3020171,0,0,0,0,0,0,1
3020625,1,1,1,1,0,0,1
3020739,1,1,0,0,0,0,1
3021217,0,0,0,0,0,0,1
3021450,1,1,1,1,0,0,1
3021879,1,1,1,1,0,0,1
3022787,1,0,0,0,0,0,1
3022905,1,1,1,1,0,0,1
3023380,1,1,1,1,0,0,1
3023473,1,0,0,0,0,0,1
3023876,0,0,0,0,0,0,1
3023916,1,1,1,1,0,0,1
3024440,1,0,0,0,0,0,1
3026313,1,1,1,1,0,0,1
3026545,1,1,1,1,0,0,0
3026684,1,1,1,1,0,0,1
3027136,1,0,0,0,0,0,1
3028622,1,1,1,1,0,0,0
3029556,1,1,1,1,0,0,1
3029959,1,1,1,1,0,0,0
3031081,1,1,1,1,0,0,1
3031677,0,0,0,0,0,0,1
3033017,1,1,1,1,0,0,1
3033375,1,1,1,1,0,0,1
3033493,1,1,1,1,0,0,0
3033989,1,1,1,0,0,0,1
3034274,1,1,1,1,0,0,1
3034316,1,1,1,1,0,0,0
3034485,1,1,1,0,0,0,1
3035053,1,1,1,1,0,0,1
3035072,1,1,1,1,0,0,1
3035505,1,1,1,1,0,0,1
3036264,1,1,1,1,0,0,1
3036477,1,1,1,1,0,0,1
3036621,1,1,1,1,0,0,1
3036712,1,1,1,1,0,0,0
3037378,1,1,1,1,0,0,1
3037521,1,1,1,1,0,0,1
3038140,1,1,1,1,0,0,1
3038469,1,1,1,1,0,0,1
3038802,1,1,1,0,0,0,1
3039303,1,1,1,1,0,0,1
3040237,1,1,1,1,0,0,1
3041095,1,1,1,1,0,0,1
3041498,1,1,1,1,0,0,1
3042359,1,1,1,1,0,0,1
3042592,1,1,1,1,0,0,1
3042781,1,1,1,1,0,0,1
3042804,1,1,1,1,0,0,1
3043492,1,1,1,1,0,0,1
3043613,1,1,1,1,0,0,1
3043798,1,1,1,1,0,0,1
3044659,1,1,1,1,0,0,1
3044725,1,1,1,1,0,0,1
3044890,1,1,1,1,0,0,1
3045366,1,0,0,0,0,0,1
3045985,1,1,1,1,0,0,1
3046076,1,1,1,1,0,0,1
3046148,1,1,1,1,0,0,1
3046529,1,1,1,1,0,0,1
3047026,1,1,1,1,0,0,1
3047068,1,1,1,1,0,0,1
3047427,1,1,1,1,0,0,1
3047444,1,0,0,0,0,0,1
3047756,1,1,1,1,0,0,1
3047844,1,0,0,0,0,0,1
3048995,1,1,1,1,0,0,1
3049156,1,1,1,1,0,0,1
3049707,1,1,1,1,0,0,1
3049726,1,1,1,1,0,0,1
3050201,1,1,1,1,0,0,1
3050796,1,1,1,1,0,0,1
3050937,1,1,1,1,0,0,1
3051462,1,1,1,1,0,0,1
3051796,1,1,1,1,0,0,1
3053039,1,1,1,1,0,0,1
3053685,1,1,1,1,0,0,0
3053729,0,0,0,0,0,0,1
3053773,0,0,0,0,0,0,1
3054078,1,1,1,1,0,0,1
3054460,1,1,1,0,0,0,1
3054476,1,1,1,1,0,0,1
3054909,1,1,1,1,0,0,1
3054972,1,0,0,0,0,0,1
3055212,1,1,1,1,0,0,1
3055757,1,1,1,1,0,0,1
3056114,1,1,1,1,0,0,1
3056115,1,1,1,1,0,0,1
3056420,1,1,1,1,0,0,1
3056609,1,1,1,1,0,0,1
3057133,1,0,0,0,0,0,1
3057677,1,1,1,1,0,0,1
3057700,1,1,1,1,0,0,1
3059089,1,1,1,1,1,1,0
3059274,1,1,1,1,0,0,1
3059367,1,1,1,1,0,0,1
3060272,1,1,1,0,0,0,1
3061108,1,1,1,1,0,0,1
3061178,1,1,1,0,0,0,1
3062279,1,1,1,1,0,0,1
3062418,1,1,1,1,0,0,1
3062556,1,1,1,1,0,0,1
3062772,1,1,1,1,0,0,1
3062791,0,0,0,0,0,0,1
3063098,1,1,1,1,0,0,1
3063265,1,1,1,1,0,0,1
3063428,1,1,1,1,0,0,1
3063878,1,1,1,1,0,0,1
3064453,1,1,1,1,0,0,1
3064544,1,1,1,1,0,0,1
3064563,1,1,1,1,0,0,1
3064750,1,1,1,1,0,0,1
3064817,1,1,1,1,0,0,0
3064884,1,1,1,1,0,0,1
3065243,1,1,1,1,0,0,1
3065813,1,1,1,1,0,0,1
3066768,1,1,1,1,0,0,1
3066983,1,1,1,0,0,0,1
3067365,1,1,1,1,0,0,1
3067765,1,1,1,1,0,0,1
3067859,1,1,1,1,0,0,1
3067900,1,1,1,1,0,0,1
3068140,1,1,1,1,0,0,1
3068852,1,1,1,1,0,0,1
3069020,1,1,1,0,0,0,1
3069038,1,1,1,1,0,0,1
3069133,1,1,1,1,0,0,1
3069439,1,1,1,1,0,0,1
3069483,0,0,0,0,0,0,1
3069572,1,1,1,0,0,0,1
3069789,1,1,1,1,0,0,1
3069878,1,1,1,1,0,0,1
3070426,1,0,0,0,0,0,1
3070951,1,1,1,1,0,0,1
3071045,1,1,1,1,0,0,1
3071276,1,1,1,1,0,0,1
3071636,1,1,1,1,0,0,1
3071870,1,1,1,1,0,0,1
3072107,1,1,1,1,0,0,1
3073060,1,1,1,1,0,0,1
3073106,1,1,1,1,0,0,1
3074901,1,1,1,0,0,0,0
3075021,1,1,1,1,0,0,1
3076720,1,1,1,1,0,0,1
3078201,1,1,1,1,1,1,0
3078676,1,1,1,1,0,0,1
3079299,1,1,1,1,0,0,0
3079654,1,1,1,1,0,0,1
3080320,1,1,1,1,0,0,1
3080364,0,0,0,0,0,0,1
3080937,1,1,1,1,0,0,1
3081296,1,1,1,0,0,1,1
3081701,1,1,1,0,0,0,1
3081744,1,0,0,0,0,0,1
3082025,1,1,1,1,0,0,1
3082143,1,1,1,1,0,0,1
3083386,1,1,1,1,0,0,1
3083645,1,1,1,0,0,0,1
3084291,1,1,1,1,0,0,1
3084745,1,1,1,1,0,0,1
3084789,0,0,0,0,0,0,1
3084928,1,1,1,1,0,0,1
3085356,1,0,0,0,0,0,1
3085756,1,1,1,1,0,0,1
3086165,1,0,0,0,0,0,1
3086304,1,1,1,0,0,0,1
3086825,1,1,1,1,0,0,1
3086868,1,1,1,1,0,0,1
3087181,1,1,1,0,0,0,1
3087608,1,1,1,1,0,0,1
3087696,1,1,1,1,0,0,1
3087789,1,1,1,1,0,0,1
3088557,1,1,1,1,0,0,1
3088644,1,1,1,1,0,0,1
3088667,1,1,1,1,0,0,1
3089072,1,1,1,0,0,0,1
3089209,1,1,1,1,0,0,1
3089230,1,1,1,0,0,0,1
3089588,1,0,0,0,0,0,1
3089941,1,1,1,1,0,0,1
3090104,1,1,1,1,0,0,1
3090198,1,1,1,1,0,0,1
3090480,1,0,0,0,0,0,1
3091080,1,1,1,1,0,0,1
3091579,1,1,1,1,0,0,1
3092316,1,1,1,1,0,0,1
3092338,1,1,1,1,0,0,1
3092981,1,1,1,1,0,0,1
3093074,1,1,1,1,0,0,1
3093476,1,1,1,1,0,0,1
3094026,1,1,1,1,0,0,1
3094359,1,1,1,1,0,0,1
3094568,1,1,1,0,0,0,1
3094806,1,1,1,1,0,0,1
3094897,1,1,1,0,0,0,1
3095543,1,1,1,1,0,0,1
3095685,1,1,1,1,0,0,0
3095797,1,0,0,0,0,0,1
3095864,1,1,1,1,0,0,1
3096317,1,0,0,0,0,0,1
3096987,1,1,1,1,0,0,1
3097391,0,0,0,0,0,0,1
3098228,1,1,1,1,0,0,0
3099277,1,1,1,1,0,0,1
3099825,0,0,0,0,0,0,1
3099827,1,1,1,1,0,0,1
3099840,1,1,1,1,0,0,1
3100441,1,1,1,1,0,0,1
3101032,1,1,1,1,0,0,1
3101966,1,1,1,1,0,0,0
3102780,1,1,1,1,0,0,1
3103998,1,1,1,1,0,0,1
3104016,1,1,1,1,0,0,1
3104447,1,1,1,1,0,0,1
3105117,1,1,1,1,0,0,1
3105520,1,1,1,1,0,0,1
3106500,1,1,1,1,0,0,1
3106665,1,1,1,1,0,0,1
3106993,1,1,1,1,0,0,0
3107301,0,0,0,0,0,0,1
3107348,1,1,1,1,0,0,1
3108157,1,1,1,1,0,0,1
3108228,1,1,1,1,0,0,1
3108845,1,0,0,0,0,0,1
3109685,1,1,1,1,0,0,1
3109846,1,1,1,1,0,0,1
3110057,1,1,1,1,0,0,1
3110392,1,1,1,1,0,0,1
3111176,1,1,1,1,0,0,0
3111438,1,1,1,1,0,0,1
3111603,1,1,1,1,0,0,0
3111908,1,1,1,1,0,0,1
3112289,1,1,1,1,0,0,1
3112334,1,1,1,1,0,0,1
3113411,1,1,1,1,0,0,1
3113430,1,1,1,1,0,0,1
3114433,1,1,1,1,0,0,1
3114694,1,1,1,1,0,0,1
3114765,1,1,1,0,0,0,1
3115356,1,1,1,1,0,0,1
3115811,1,1,1,1,0,0,1
3116093,1,1,1,1,0,0,1
3116450,1,1,1,1,0,0,1
3116520,1,1,1,1,0,0,1
3116993,1,1,1,1,0,0,1
3117015,1,1,1,1,0,0,1
3117154,1,0,0,0,0,0,1
3117585,1,1,1,1,0,0,1
3117865,1,1,1,1,0,0,1
3118364,1,1,1,1,0,0,1
3118603,1,1,1,1,0,0,1
3118622,1,1,1,1,0,0,1
3118713,1,1,1,1,0,0,1
3119284,1,1,1,0,0,0,1
3119500,1,1,1,1,0,0,1
3120095,1,1,1,1,0,0,1
3120496,1,1,1,1,0,0,1
3120761,1,1,1,1,0,0,1
3120873,1,1,1,1,0,0,1
3121160,1,1,1,1,0,0,1
3121204,0,0,0,0,0,0,1
3121773,1,1,1,1,0,0,1
3122251,1,1,1,1,0,0,1
3122252,1,1,1,1,0,0,1
3122291,0,0,0,0,0,0,1
3122334,1,1,1,1,0,0,1
3122664,1,1,1,1,0,0,1
3123169,1,1,1,1,0,0,1
3123740,1,1,1,1,0,0,1
3124068,1,0,0,0,0,0,1
3125842,1,1,1,1,0,0,1
3125884,1,1,1,0,0,0,1
3125886,0,0,0,0,0,0,1
3127028,1,1,1,1,0,0,1
3128469,1,1,1,1,0,0,1
3128941,1,1,1,1,0,0,0
3129417,1,0,0,0,0,0,1
3129439,1,1,1,1,0,0,1
3129890,1,1,1,1,0,0,1
3130725,1,1,1,1,0,0,1
3130821,1,1,1,1,0,0,1
3130912,1,1,1,1,0,0,0
3132921,1,1,1,1,0,0,1
3133351,1,1,1,1,0,0,1
3133945,1,1,1,1,0,0,1
3133992,1,1,1,1,0,0,1
3134200,1,1,1,1,0,0,0
3135062,1,1,1,1,0,0,1
3135106,0,0,0,0,0,0,1
3135273,1,1,1,1,0,0,1
3136008,1,1,1,1,0,0,1
3136844,1,1,1,1,0,0,1
3136868,1,1,1,1,1,1,0
3137319,1,1,1,1,1,1,0
3138205,1,1,1,1,0,0,1
3141125,1,1,1,1,0,0,0
3142298,1,1,1,0,0,0,0
3143569,1,1,1,1,0,0,1
3144040,1,1,1,1,0,0,0
3144064,1,1,1,1,0,0,0
3144515,1,1,1,1,0,0,0
3144753,1,1,1,1,0,0,1
3145416,1,1,1,1,0,0,1
3145608,1,1,1,1,1,1,0
3145792,1,0,0,0,0,0,1
3145913,1,1,1,1,0,0,1
3147085,1,1,1,1,0,0,1
3147103,1,1,1,1,0,0,1
3147240,1,1,1,1,0,0,1
3148293,1,1,1,1,0,0,0
3148557,1,1,1,1,0,0,1
3148860,1,1,1,1,0,0,1
3149458,1,1,1,1,0,0,0
3149527,1,1,1,1,0,0,1
3150315,1,1,1,1,0,0,1
3150572,1,1,1,1,1,1,0
3150762,1,1,1,1,0,0,1
3150806,0,0,0,0,0,0,1
3152026,1,1,1,1,0,0,1
3152431,1,1,1,1,0,0,1
3152764,0,0,0,0,0,0,0
3153382,1,1,1,1,0,0,1
3153644,1,0,0,0,0,0,1
3153687,0,0,0,0,0,0,1
3154330,1,1,1,1,0,0,1
3154423,1,1,1,1,0,0,1
3155449,1,1,1,1,0,0,0
3155614,1,1,1,0,0,0,1
3155709,1,1,1,0,0,0,0
3155920,1,1,1,1,1,1,0
3157236,1,1,1,1,0,0,1
3157637,1,1,1,1,0,0,1
3157728,1,1,1,1,0,0,0
3158688,1,1,1,1,1,1,0
3159377,1,1,1,0,0,1,1
3159781,1,0,0,0,0,0,1
3160593,1,1,1,1,0,0,1
3160736,1,1,1,1,0,0,1
3161595,1,1,1,1,0,0,0
3161712,1,1,1,1,0,0,1
3162617,1,1,1,1,0,0,1
3162782,1,1,1,1,0,0,0
3162877,1,1,1,1,0,0,0
3163805,1,1,1,1,0,0,1
3163995,1,1,1,1,0,0,1
3164041,1,1,1,1,0,0,1
3164538,1,1,1,1,0,0,1
3164585,0,0,0,0,0,0,1
3164723,1,1,1,1,0,0,1
3164884,1,1,1,0,0,0,0
3164956,1,1,1,1,0,0,1
3165933,1,1,1,1,0,0,1
3166936,1,1,1,1,0,0,1
3168400,1,1,1,1,0,0,1
3168969,1,1,1,1,0,0,1
3169617,1,1,1,1,0,0,1
3169997,1,0,0,0,0,0,1
3170156,1,1,1,1,0,0,1
3170516,1,1,1,1,0,0,1
3170872,1,0,0,0,0,0,1
3171104,1,1,1,1,0,0,1
3171702,1,1,1,1,0,0,0
3171891,1,1,1,1,0,0,0
3172009,1,1,1,1,0,0,1
3173251,1,1,1,1,0,0,1
3173292,1,1,1,1,0,0,1
3173412,1,1,1,1,0,0,1
3174054,1,1,1,1,0,0,1
3174124,1,1,1,1,0,0,1
3175369,1,1,1,1,0,0,1
3175820,1,1,1,1,0,0,1
3176125,1,1,1,1,0,0,0
3176144,1,1,1,1,0,0,1
3176241,1,1,1,1,0,0,1
3176715,1,1,1,1,0,0,1
3177910,1,1,1,1,0,0,1
3179347,1,1,1,1,0,0,1
3179940,1,1,1,1,0,0,1
3180252,1,1,1,1,0,0,1
3180558,1,1,1,1,0,0,1
3180601,1,1,1,1,0,0,1
3180956,1,1,1,1,0,0,1
3181266,1,1,1,1,0,0,1
3181529,1,1,1,1,0,0,1
3182028,1,1,1,1,0,0,1
3186129,1,1,1,1,0,0,1
3186528,1,1,1,1,0,0,1
3186531,1,1,1,1,0,0,0
3187218,1,1,1,1,0,0,1
3187289,1,1,1,1,0,0,1
3187785,1,1,1,1,0,0,0
3187804,1,1,1,1,0,0,1
3187827,1,1,1,1,0,0,1
3188925,1,1,1,1,0,0,1
3188927,1,1,1,1,0,0,1
3189110,1,1,1,1,0,0,1
3189204,1,1,1,1,0,0,0
3189436,1,1,1,1,0,0,1
3189529,1,0,0,0,0,0,1
3190461,1,1,1,1,0,0,1
3190480,1,1,1,1,0,0,1
3190697,1,1,1,1,0,0,1
3190859,1,1,1,1,0,0,1
3191190,1,1,1,1,0,0,1
3191619,1,1,1,1,0,0,1
3192073,1,1,1,1,0,0,1
3192137,1,1,1,1,0,0,1
3192278,1,1,1,1,0,0,1
3193256,1,1,1,1,0,0,1
3193735,1,1,1,1,0,0,1
3194066,1,1,1,1,0,0,1
3194305,1,1,1,1,0,0,1
3194683,1,1,1,1,0,0,1
3196360,1,1,1,1,0,0,0
3196450,1,1,1,1,0,0,1
3197311,1,1,1,1,0,0,1
3197498,1,1,1,1,0,0,1
3197687,1,0,0,0,0,0,1
3197852,1,1,1,1,0,0,1
3198569,1,1,1,1,0,0,1
3199305,1,1,1,1,0,0,0
3199616,1,1,1,1,0,0,1
3200424,1,1,1,1,0,0,0
3200975,1,1,1,1,0,0,1
3201261,1,1,1,1,0,0,1
3201376,1,1,1,1,0,0,1
3201440,1,1,1,1,0,0,1
3202013,1,1,1,1,0,0,1
3202613,1,1,1,1,0,0,1
3202655,1,1,1,1,0,0,1
3203130,1,1,1,1,0,0,1
3203415,1,0,0,0,0,0,1
3203504,1,1,1,1,0,0,1
3203885,1,1,1,1,0,0,1
3204460,1,1,1,1,0,0,1
3204645,1,1,1,1,0,0,1
3204906,1,1,1,1,0,0,1
3205120,1,1,1,1,0,0,1
3205427,1,1,1,1,0,0,1
3206622,1,1,1,1,0,0,1
3206640,1,1,1,0,0,0,1
3206685,1,1,1,1,0,0,1
3207453,1,1,1,1,0,0,1
3207614,1,1,1,1,0,0,1
3207658,0,0,0,0,0,0,1
3207964,1,1,1,1,0,0,1
3208200,0,0,0,0,0,0,1
3208941,1,1,1,1,0,0,1
3208984,1,1,1,1,0,0,1
3209297,1,1,1,1,0,0,1
3209341,0,0,0,0,0,0,1
3209646,1,1,1,1,0,0,1
3209832,1,1,1,1,0,0,1
3210025,1,1,1,1,0,0,1
3210161,1,1,1,1,0,0,1
3212006,1,1,1,1,0,0,1
3212120,1,1,1,1,0,0,1
3212241,1,1,1,1,0,0,1
3212260,1,1,1,1,0,0,0
3212567,1,1,1,1,0,0,0
3212657,1,1,1,1,0,0,1
3212727,0,0,0,0,0,0,1
3212888,1,1,1,1,0,0,1
3213969,1,1,1,1,0,0,1
3214661,1,0,0,0,0,0,1
3214773,1,1,1,1,0,0,1
3215178,1,1,1,1,0,0,1
3215441,1,1,1,1,0,0,1
3215485,0,0,0,0,0,0,1
3215647,1,1,1,1,0,0,1
3215834,1,1,1,1,0,0,1
3216409,1,1,1,1,0,0,1
3217123,1,1,1,1,0,0,1
3217407,0,0,0,0,0,0,1
3217473,1,1,1,1,0,0,1
3218454,1,1,1,1,0,0,1
3218788,1,1,1,1,0,0,1
3218925,1,1,1,1,0,0,1
3218971,1,1,1,1,0,0,1
3219113,1,1,1,1,0,0,1
3219252,1,0,0,0,0,0,1
3220036,1,1,1,1,0,0,0
3220322,1,1,1,1,0,0,1
3220324,1,1,1,1,0,0,1
3220459,1,1,1,1,0,0,1
3220461,1,1,1,0,0,0,1
3221170,0,0,0,0,0,0,1
3222391,1,1,1,1,0,0,1
3222529,1,1,1,1,0,0,1
3222768,1,1,1,1,0,0,1
3223460,1,1,1,1,0,0,1
3224151,1,1,1,1,0,0,1
3224461,1,1,1,1,0,0,1
3225198,1,1,1,1,0,0,1
3226564,1,1,1,1,0,0,1
3227204,1,1,1,1,0,0,0
3228021,1,1,1,1,0,0,1
3228327,1,1,1,1,0,0,1
3229713,1,1,1,1,0,0,0
3229876,1,1,1,1,0,0,1
3231964,1,1,1,1,0,0,1
3232390,1,1,1,1,0,0,0
3233634,1,1,1,1,0,0,1
3233656,1,1,1,1,0,0,1
3233657,1,1,1,1,0,0,1
3235492,1,1,1,1,0,0,1
3235515,1,1,1,1,0,0,0
3235558,1,1,1,1,0,0,1
3236584,1,1,1,1,0,0,1
3236848,1,1,1,1,0,0,1
3236889,1,1,1,1,0,0,0
3237964,1,1,1,1,0,0,1
3240385,1,1,1,1,0,0,1
3240404,1,1,1,1,0,0,1
3240427,1,1,1,1,0,0,1
3240833,1,1,1,1,0,0,0
3240852,1,1,1,1,0,0,1
3241544,1,1,1,1,0,0,1
3241589,1,1,1,1,0,0,1
3241796,1,1,1,1,0,0,1
3242730,1,1,1,0,0,0,0
3243204,1,1,1,1,0,0,1
3243441,1,1,1,1,0,0,1
3243968,1,1,1,1,0,0,1
3244922,1,1,1,1,0,0,1
3245159,1,1,1,1,0,0,1
3246065,1,1,1,1,0,0,1
3246353,1,1,1,1,0,0,1
3246370,1,1,1,1,0,0,1
3246463,1,1,1,1,0,0,1
3246985,1,1,1,1,0,0,1
3247148,1,1,1,1,0,0,1
3247841,1,1,1,1,0,0,1
3248391,1,1,1,1,0,0,1
3248721,1,1,1,1,0,0,1
3249248,1,1,1,1,0,0,1
3250009,1,1,1,1,0,0,1
3250080,1,1,1,1,0,0,1
3250841,1,1,1,1,0,0,1
3251270,1,1,1,1,0,0,1
3251843,1,1,1,1,0,0,1
3251958,1,1,1,0,0,0,1
3252436,1,1,1,1,0,0,1
3252956,1,1,1,1,0,0,1
3253123,1,1,1,1,0,0,1
3253125,1,1,1,1,0,0,1
3253402,1,1,1,1,0,0,1
3254359,1,1,1,1,0,0,1
3254762,1,1,1,1,0,0,1
3255097,1,1,1,1,0,0,1
3255139,1,1,1,1,0,0,1
3255709,1,1,1,1,0,0,1
3255872,1,1,1,1,0,0,1
3256278,1,1,1,1,0,0,1
3257498,1,1,1,1,0,0,1
3258625,1,1,1,1,0,0,1
3259027,1,1,1,1,0,0,1
3259048,1,1,1,1,0,0,1
3259138,1,1,1,1,0,0,1
3259277,1,1,1,1,0,0,1
3260666,1,1,1,1,0,0,1
3261143,1,1,1,1,0,0,1
3261690,1,1,1,1,0,0,1
3263052,1,1,1,1,0,0,0
3264202,1,1,1,1,0,0,1
3264488,1,1,1,1,0,0,1
3265323,1,1,1,1,0,0,1
3265801,1,1,1,1,0,0,0
3265985,1,1,1,1,0,0,1
3266172,1,1,1,1,0,0,1
3266485,1,1,1,1,0,0,1
3267676,1,1,1,1,0,0,1
3268777,1,1,1,1,0,0,1
3269065,1,1,1,1,0,0,1
3269322,1,1,1,1,0,0,1
3269367,1,1,1,1,0,0,1
3269988,1,1,1,1,0,0,1
3271398,1,1,1,1,0,0,1
3271469,1,1,1,1,0,0,1
3271628,1,1,1,1,0,0,1
3271940,1,1,1,1,0,0,1
3271984,0,0,0,0,0,0,1
3272122,1,1,1,1,0,0,1
3274281,1,1,1,1,0,0,1
3274992,1,1,1,1,0,0,1
3275087,1,1,1,1,0,0,1
3275200,0,0,0,0,0,0,1
3275920,1,1,1,1,0,0,1
3275937,1,1,1,1,0,0,0
3276033,1,1,1,1,0,0,1
3276627,1,1,1,1,0,0,1
3276766,1,1,1,1,0,0,1
3276980,1,1,1,1,0,0,1
3277621,1,1,1,1,0,0,1
3277688,1,1,1,1,0,0,1
3279272,1,1,1,1,0,0,1
3279365,1,1,1,1,0,0,1
3279644,1,1,1,1,0,0,1
3279715,1,1,1,1,0,0,1
3280861,1,1,1,1,0,0,1
3281504,1,1,1,1,0,0,1
3282249,1,1,1,1,0,0,1
3282553,1,1,1,1,0,0,1
3282767,1,1,1,1,0,0,1
3283097,1,0,0,0,0,0,1
3283529,1,1,1,1,0,0,1
3283835,1,1,1,1,0,0,1
3283926,1,1,1,1,0,0,0
3284068,1,1,1,1,0,0,1
3284157,1,1,1,1,0,0,1
3284632,1,1,1,1,0,0,1
3285110,1,1,1,1,0,0,1
3285276,1,1,1,1,0,0,1
3285436,1,1,1,1,0,0,1
3285701,1,1,1,1,0,0,1
3286053,1,1,1,1,0,0,1
3286890,1,1,1,1,0,0,1
3287104,1,1,1,1,0,0,1
3287650,1,1,1,1,0,0,1
3288100,1,1,1,1,0,0,1
3288627,1,1,1,1,0,0,1
3289128,1,1,1,1,0,0,1
3289721,1,1,1,1,0,0,1
3289956,1,1,1,1,0,0,1
3290003,1,1,1,0,0,0,1
3290334,1,1,1,1,0,0,1
3290352,1,0,0,0,0,0,1
3290396,0,0,0,0,0,0,1
3290802,0,0,0,0,0,0,1
3291421,1,1,1,1,0,0,1
3291708,1,1,1,1,0,0,1
3291846,1,1,1,1,0,0,1
3292203,1,1,1,1,0,0,1
3292849,1,1,1,1,0,0,0
3293680,1,1,1,1,0,0,1
3294353,1,1,1,1,0,0,1
3294396,1,1,1,1,0,0,1
3294462,1,1,1,1,0,0,1
3294504,1,1,1,0,0,0,1
3294791,1,1,1,1,0,0,1
3294929,1,1,1,1,0,0,1
3295237,0,0,0,0,0,0,1
3295763,1,1,1,1,0,0,1
3295949,1,1,1,1,0,0,1
3295973,1,1,1,1,0,0,1
3295992,1,1,1,1,0,0,1
3296274,1,1,1,1,0,0,1
3296773,1,1,1,1,0,0,1
3296820,1,1,1,1,0,0,1
3297177,1,1,1,1,0,0,1
3297555,1,1,1,1,0,0,1
3297717,1,1,1,1,0,0,1
3297861,1,1,1,1,0,0,1
3298118,1,1,1,1,0,0,1
3298572,1,1,1,1,0,0,1
3299021,1,1,1,1,0,0,1
3299091,1,1,1,1,0,0,1
3299160,1,0,0,0,0,0,1
3299418,1,1,1,1,0,0,1
3299559,1,0,0,0,0,0,1
3299845,1,1,1,1,0,0,1
3299861,1,1,1,1,0,0,1
3300314,1,1,1,1,0,0,1
3300740,1,1,1,1,0,0,1
3300860,1,1,1,1,0,0,1
3301573,1,1,1,1,0,0,1
3301621,1,1,1,1,0,0,1
3301878,1,1,1,1,0,0,1
3302331,1,1,1,1,0,0,1
3303116,1,1,1,1,0,0,1
3303260,1,1,1,1,0,0,1
3304092,1,1,1,1,0,0,1
3304236,1,1,1,1,0,0,1
3304493,1,1,1,1,0,0,1
3305644,1,1,1,1,0,0,1
3306022,1,1,1,1,0,0,1
3306665,1,1,1,1,0,0,1
3307385,1,1,1,1,0,0,1
3307546,1,1,1,1,0,0,1
3308190,1,1,1,0,0,0,1
3308333,1,1,1,1,0,0,1
3308756,1,1,1,1,0,0,1
3308997,1,1,1,1,0,0,1
3309278,1,1,1,1,0,0,1
3309491,1,1,1,1,0,0,0
3310372,1,1,1,1,0,0,1
3310466,1,1,1,1,0,0,1
3311254,1,1,1,1,0,0,1
3312069,1,1,1,0,0,0,1
3312156,1,1,1,1,0,0,1
3312804,1,1,1,1,0,0,0
3313829,1,1,1,1,0,0,0
3313923,1,1,1,1,0,0,1
3314060,1,1,1,1,0,0,1
3314489,1,1,1,1,0,0,1
3315471,1,1,1,1,0,0,1
3315537,1,1,1,1,0,0,1
3316108,1,1,1,1,0,0,1
3317930,1,1,1,1,0,0,1
3319008,1,1,1,1,0,0,1
3319171,1,1,1,1,0,0,1
3319241,1,1,1,1,0,0,0
3319498,1,1,1,1,0,0,1
3319925,1,1,1,1,0,0,1
3320570,1,1,1,1,0,0,1
3321117,1,1,1,1,0,0,1
3321304,1,1,1,1,0,0,1
3322575,1,1,1,1,0,0,1
3323169,1,1,1,1,0,0,1
3324318,1,1,1,1,0,0,1
3324457,1,1,1,1,0,0,1
3325197,1,1,1,1,0,0,1
3325724,1,1,1,1,0,0,1
3325814,1,1,1,1,0,0,1
3326413,1,1,1,1,0,0,0
3326431,1,1,1,1,0,0,1
3326476,1,1,1,0,0,0,1
3326881,1,0,0,0,0,0,1
3326920,1,1,1,1,0,0,1
3326925,0,0,0,0,0,0,1
3326962,1,1,1,1,0,0,1
3327006,0,0,0,0,0,0,1
3327601,1,1,1,1,0,0,1
3328080,1,1,1,1,0,0,1
3328384,1,1,1,1,0,0,1
3328407,1,1,1,1,0,0,1
3328597,1,1,1,1,0,0,1
3329166,1,1,1,0,0,0,1
3329597,1,1,1,1,0,0,1
3331247,1,1,1,1,0,0,1
3332707,1,1,1,1,0,0,1
3333301,1,1,1,1,0,0,1
3335268,1,1,1,1,0,0,0
3335311,1,1,1,1,0,0,1
3335568,1,1,1,1,0,0,0
3335949,1,1,1,1,0,0,1
3336162,1,1,1,1,0,0,1
3336540,1,1,1,1,0,0,1
3336587,1,0,0,0,0,0,1
3336777,1,1,1,1,0,0,0
3337708,1,1,1,1,0,0,1
3337991,1,1,1,1,1,1,0
3338992,1,1,1,1,0,0,1
3339087,1,1,1,1,0,0,1
3339851,1,1,1,1,0,0,1
3340088,1,1,1,1,0,0,1
3340513,1,1,1,1,0,0,1
3341303,1,1,1,1,0,0,1
3341321,1,1,1,1,0,0,1
3342231,1,1,1,1,0,0,1
3342324,1,1,1,1,0,0,1
3343063,1,1,1,1,0,0,1
3343322,1,1,1,1,0,0,0
3343945,1,1,1,1,0,0,0
3344321,1,1,1,1,0,0,1
3344390,1,1,1,1,0,0,1
3344821,1,1,1,0,0,0,1
3344865,0,0,0,0,0,0,1
3344929,1,1,1,1,0,0,1
3344932,1,1,1,1,0,0,1
3345765,1,1,1,1,0,0,1
3346140,1,1,1,1,0,0,0
3346379,1,1,1,1,0,0,1
3346853,1,1,1,1,0,0,1
3346896,1,1,1,1,0,0,1
3347136,1,1,1,1,0,0,1
3347227,1,1,1,1,0,0,1
3348036,1,1,1,1,0,0,1
3348130,1,1,1,1,0,0,1
3348992,1,1,1,1,0,0,1
3349059,1,1,1,1,0,0,1
3349078,1,1,1,1,0,0,1
3349193,1,1,1,1,0,0,1
3349864,1,1,1,1,0,0,1
3350362,1,1,1,1,0,0,1
3350503,1,1,1,1,0,0,1
3351050,1,1,1,1,0,0,1
3351144,1,1,1,1,1,1,0
3351188,0,0,0,0,0,0,1
3352024,1,1,1,1,0,0,1
3352451,1,1,1,1,0,0,1
3352760,1,1,1,1,0,0,1
3352901,1,1,1,1,0,0,0
3353829,1,1,1,1,0,0,1
3354573,1,1,1,1,0,0,1
3354688,1,1,1,1,0,0,1
3354778,1,1,1,1,0,0,1
3355180,1,1,1,1,0,0,0
3355181,1,1,1,1,0,0,1
3355656,1,1,1,1,0,0,1
3356540,1,1,1,1,0,0,1
3356655,1,1,1,1,0,0,1
3356821,1,1,1,1,0,0,1
3356860,1,1,1,1,0,0,1
3357458,1,1,1,1,0,0,1
3357528,1,1,1,1,0,0,1
3357573,1,1,1,1,0,0,1
3358119,1,1,1,1,0,0,1
3358333,1,1,1,1,0,0,1
3358468,1,1,1,1,0,0,1
3359260,1,1,1,1,0,0,1
3359300,1,1,1,0,0,0,1
3359325,1,1,1,0,0,0,1
3359822,1,1,1,1,0,0,1
3360032,1,1,1,0,0,0,1
3360127,1,1,1,1,0,0,1
3360292,1,1,1,1,0,0,1
3360573,1,1,1,1,0,0,1
3360666,1,1,1,1,0,0,1
3361024,1,1,1,1,0,0,1
3361184,1,1,1,1,0,0,1
3361301,1,1,1,0,0,0,1
3361346,1,1,1,1,0,0,1
3362012,1,1,1,1,0,0,1
3362130,1,1,1,1,0,0,1
3363904,1,1,1,1,0,0,1
3365051,1,1,1,1,0,0,1
3365644,1,1,1,1,0,0,1
3365884,1,1,1,1,0,0,1
3366359,1,1,1,1,0,0,1
3366477,1,1,1,1,0,0,0
3367359,1,1,1,1,0,0,1
3367477,1,1,1,1,0,0,1
3368118,1,1,1,1,0,0,1
3368137,1,1,1,1,0,0,1
3368688,1,1,1,1,0,0,1
3368778,1,1,1,1,0,0,1
3368940,1,1,1,1,0,0,1
3369205,1,1,1,1,0,0,1
3369341,1,1,1,1,0,0,1
3369342,1,0,0,0,0,0,1
3369383,1,1,1,1,0,0,1
3369384,1,1,1,1,0,0,1
3369423,0,0,0,0,0,0,1
3369560,1,1,1,1,0,0,1
3369873,1,1,1,1,0,0,1
3370346,1,1,1,1,0,0,1
3370557,1,1,1,1,0,0,1
3370912,1,1,1,0,0,0,1
3370936,1,1,1,1,0,0,1
3371242,1,1,1,1,0,0,1
3371381,1,1,1,1,0,0,1
3371716,1,1,1,1,0,0,1
3371780,1,1,1,0,0,0,1
3372187,1,1,1,1,0,0,1
3372353,1,1,1,1,0,0,1
3372465,1,1,1,1,0,0,1
3372558,1,1,1,1,0,0,1
3373252,1,1,1,1,0,0,1
3373436,1,1,1,1,0,0,1
3373553,1,1,1,1,0,0,1
3374006,1,1,1,1,0,0,1
3374008,1,1,1,1,0,0,1
3374169,1,1,1,1,0,0,1
3374451,1,1,1,1,0,0,1
3375096,1,1,1,1,0,0,1
3375213,1,1,1,1,0,0,1
3375901,1,1,1,1,0,0,1
3375995,1,1,1,0,0,0,1
3376420,1,1,1,1,0,0,1
3376658,1,1,1,1,0,0,1
3376871,1,1,1,1,0,0,1
3376889,1,1,1,1,0,0,1
3377270,1,1,1,1,0,0,1
3377432,1,1,1,0,0,0,1
3377935,1,1,1,1,0,0,1
3378196,1,1,1,1,0,0,1
3378308,1,1,1,1,0,0,1
3378739,1,1,1,1,0,0,1
3378880,1,1,1,1,0,0,1
3379165,1,1,1,1,0,0,1
3379446,1,1,1,1,0,0,1
3379490,0,0,0,0,0,0,1
3379581,1,1,1,1,0,0,1
3379583,1,1,1,1,0,0,1
3380153,1,1,1,1,0,0,1
3380339,1,1,1,0,0,0,1
3380576,1,1,1,0,0,0,1
3380809,1,1,1,1,0,0,1
3380881,1,1,1,1,0,0,1
3381424,1,1,1,1,0,0,1
3381428,1,1,1,1,0,0,1
3381442,1,1,1,1,0,0,1
3381561,1,1,1,1,0,0,1
3382324,1,1,1,1,0,0,1
3382463,1,1,1,1,0,0,1
3382485,1,1,1,1,0,0,1
3382620,1,1,1,0,0,0,1
3382881,1,1,1,1,0,0,1
3383193,1,1,1,1,0,0,1
3383545,1,1,1,1,0,0,1
3383590,1,1,1,1,0,0,1
3383877,1,1,1,1,0,0,1
3384060,1,1,1,0,0,0,1
3384826,1,1,0,0,0,0,1
3385133,1,1,1,1,0,0,1
3385636,1,1,1,1,0,0,1
3385681,1,1,1,1,0,0,1
3385890,1,1,1,1,0,0,1
3387112,1,1,1,1,0,0,1
3388236,1,1,1,0,0,0,1
3388496,0,0,0,0,0,0,1
3388921,1,1,0,0,0,0,1
3389257,1,1,1,1,0,0,1
3389588,1,1,1,0,0,0,1
3389607,1,1,1,1,0,0,0
3390804,1,1,1,1,0,0,1
3391109,1,1,1,1,0,0,1
3391224,1,1,1,1,0,0,0
3391319,1,1,1,1,0,0,1
3391509,1,1,1,0,0,0,1
3391599,0,0,0,0,0,0,1
3391858,1,1,1,1,0,0,1
3392096,1,1,1,0,0,0,1
3392187,1,1,1,1,0,0,1
3392189,1,1,1,1,0,0,1
3392538,1,1,1,1,0,0,1
3392823,1,1,1,1,1,1,0
3393348,1,1,1,0,0,0,1
3393389,1,1,1,1,0,0,1
3393556,0,0,0,0,0,0,1
3393598,1,1,1,1,0,0,1
3393909,1,1,1,1,0,0,1
3394216,1,1,1,1,0,0,1
3394641,0,0,0,0,0,0,1
3394857,1,1,1,0,0,0,1
3395258,1,1,1,1,0,0,1
3395493,1,1,1,0,0,0,1
3395541,1,1,0,0,0,0,1
3395560,1,1,1,0,0,0,1
3396157,1,1,1,1,0,0,1
3396822,1,1,1,1,0,0,1
3396916,1,1,1,1,0,0,1
3396961,1,1,1,0,0,0,1
3397653,1,1,1,1,0,0,1
3398340,1,1,1,1,0,0,0
3399876,1,1,1,0,0,0,1
3399967,1,1,1,1,0,0,0
3399986,1,1,1,0,0,0,1
3400009,1,1,1,0,0,0,1
3400794,1,1,1,1,0,0,1
3401100,1,1,1,1,1,1,0
3401267,1,1,1,1,0,0,1
3401529,1,1,1,0,0,0,1
3402120,1,1,1,0,0,0,1
3402289,1,1,1,1,1,1,0
3402524,1,1,1,1,0,0,1
3402637,1,1,1,1,0,0,0
3402949,1,1,1,1,0,0,1
3403133,0,0,0,0,0,0,1
3403707,1,1,1,0,0,0,1
3403873,1,1,1,0,0,0,1
3404033,1,1,1,0,0,0,1
3404034,1,1,1,0,0,0,1
3404555,1,1,1,0,0,0,1
3404645,1,1,1,1,0,0,1
3404666,1,1,1,1,1,1,0
3404737,1,1,1,1,0,0,1
3405501,1,1,0,0,0,0,1
3405927,1,1,1,0,0,0,1
3405993,1,1,1,1,0,0,1
3406733,1,1,0,0,0,0,1
3406779,1,0,0,0,0,0,1
3406918,1,1,1,1,0,0,1
3407253,1,1,1,0,0,1,1
3407317,1,1,1,1,0,0,1
3407459,1,1,1,1,0,0,1
3408605,1,1,1,0,0,0,1
3409248,1,1,1,1,0,0,0
3409656,1,1,1,1,0,0,0
3409701,1,1,1,1,0,0,1
3409908,1,1,1,0,0,0,1
3409953,1,1,1,1,0,0,1
3410429,1,0,0,0,0,0,1
3410644,1,1,1,0,0,0,1
3410927,1,1,1,1,0,0,1
3411428,1,1,1,0,0,0,1
3411569,1,1,1,1,0,0,1
3411705,1,1,1,1,0,0,1
3412209,1,1,1,1,0,0,1
3412273,1,1,1,1,0,0,1
3412463,1,1,1,1,0,0,1
3413801,1,1,1,1,0,0,1
3413966,1,1,1,0,0,0,1
3414224,1,0,0,0,0,0,1
3414464,1,1,1,1,0,0,1
3414578,1,1,1,1,0,0,1
3414791,1,1,1,1,0,0,1
3415941,1,1,1,0,0,0,1
3416318,1,1,1,1,0,0,1
3416557,1,1,0,0,0,0,1
3416911,1,1,1,1,0,0,1
3417579,1,1,0,0,0,0,1
3418100,1,1,1,0,0,0,1
3418241,1,1,1,1,0,0,1
3418575,1,1,1,1,0,0,1
3418738,1,1,1,0,0,0,1
3418856,1,1,1,1,0,0,1
3419187,1,1,1,1,0,0,1
3419472,1,1,1,1,0,0,1
3419995,1,1,1,1,0,0,1
3420181,1,1,1,1,0,0,1
3420899,1,1,1,1,0,0,1
3421613,1,1,1,1,0,0,1
3422164,1,1,1,1,0,0,1
3422469,1,1,1,1,0,0,1
3422680,1,1,1,1,0,0,1
3423157,1,1,1,1,0,0,1
3423176,1,1,0,0,0,0,1
3423705,1,1,1,0,0,0,0
3424468,1,1,1,1,0,0,1
3425112,1,1,1,1,0,0,1
3425585,1,1,1,1,0,0,1
3425652,1,1,1,1,0,0,1
3425657,1,1,1,1,0,0,1
3425886,1,1,1,1,0,0,0
3426076,1,1,1,1,0,0,1
3426213,1,1,1,1,0,0,1
3426812,1,1,1,1,0,0,1
3426903,1,1,1,1,0,0,1
3427285,1,1,1,1,0,0,1
3427684,1,1,1,1,0,0,1
3428544,1,1,1,1,0,0,1
3428785,1,1,1,0,0,0,1
3430241,1,1,1,0,0,0,1
3430600,1,1,1,0,0,0,1
3431269,1,1,1,1,0,0,1
3431886,1,1,1,1,0,0,1
3433683,1,1,1,1,0,0,1
3434302,1,1,1,1,0,0,1
3434467,1,1,1,1,0,0,1
3435061,1,1,1,1,0,0,1
3435106,1,1,1,1,0,0,1
3435702,1,1,1,1,0,0,1
3435720,1,1,1,1,0,0,0
3435745,1,1,1,1,0,0,1
3436485,1,1,1,1,0,0,1
3437776,1,1,1,1,0,0,0
3437794,1,1,1,1,0,0,1
3438748,1,1,1,1,0,0,1
3438792,0,0,0,0,0,0,1
3438981,1,1,1,1,0,0,1
3439480,1,1,1,1,0,0,1
3440414,1,1,1,1,0,0,1
3441082,1,1,0,0,0,0,1
3441269,1,1,1,1,0,0,1
3441271,1,1,1,1,0,0,1
3441356,1,1,1,1,0,0,1
3442075,1,1,1,1,0,0,1
3442117,1,1,1,1,0,0,1
3443653,1,1,1,1,0,0,0
3443741,1,1,1,1,0,0,1
3443884,1,1,1,1,0,0,1
3443926,1,1,1,1,0,0,1
3444477,1,1,1,1,0,0,1
3446225,1,1,1,1,0,0,1
3448091,1,1,1,1,0,0,1
3448376,1,1,1,1,0,0,1
3448536,1,1,1,1,0,0,0
3449640,1,1,1,1,0,0,1
3450572,1,1,1,1,0,0,1
3450660,1,1,1,1,0,0,1
3450921,1,1,1,1,0,0,0
3451110,1,1,1,1,0,0,0
3451536,1,1,1,1,0,0,1
3453093,1,1,1,1,0,0,1
3453139,1,1,1,1,0,0,1
3453276,1,1,1,1,0,0,1
3453397,1,1,1,1,0,0,0
3454328,1,1,1,1,0,0,1
3454371,1,1,1,1,0,0,1
3455135,1,1,1,1,0,0,1
3455252,1,1,1,1,0,0,1
3455705,1,1,1,1,0,0,1
3456009,1,1,1,1,0,0,1
3456320,1,1,1,1,0,0,1
3456747,1,1,1,1,0,0,1
3457440,1,1,1,1,0,0,1
3457579,1,1,1,1,0,0,1
3457621,1,1,1,1,0,0,1
3457717,1,1,1,1,0,0,1
3458262,1,1,1,1,0,0,0
3460153,1,1,1,1,0,0,1
3460436,1,1,1,1,0,0,0
3460627,1,1,1,1,0,0,1
3461440,1,1,1,1,0,0,1
3462708,1,1,1,1,0,0,1
3463472,1,1,1,0,0,0,1
3463473,1,1,1,1,0,0,1
3463700,1,1,1,0,0,0,1
3463865,1,1,1,1,0,0,1
3464368,1,1,1,1,0,0,1
3465442,1,1,1,1,0,0,0
3465920,1,1,1,1,0,0,1
3466418,1,1,1,1,0,0,1
3466845,1,1,1,0,0,0,1
3467803,1,1,1,1,0,0,0
3468089,1,1,1,1,0,0,1
3468444,1,1,1,1,0,0,1
3468462,1,1,1,1,0,0,1
3468484,0,0,0,0,0,0,1
3468528,0,0,0,0,0,0,1
3468568,1,1,1,0,0,0,1
3468975,1,0,0,0,0,0,1
3469021,1,1,1,0,0,0,1
3469277,1,1,1,0,0,0,1
3469280,1,1,1,1,0,0,1
3469294,1,1,1,1,0,0,1
3470996,1,1,1,0,0,0,1
3471036,1,1,1,0,0,0,1
3471040,0,0,0,0,0,0,1
3471041,1,1,1,1,0,0,1
3472201,1,1,1,0,0,0,1
3473109,1,1,1,1,0,0,1
3473132,1,1,1,0,0,0,1
3474184,1,1,1,0,0,0,1
3476147,1,1,1,1,0,0,0
3476166,1,1,1,1,0,0,1
3478011,1,1,1,0,0,0,1
3478220,1,1,1,1,0,0,0
3478225,1,1,1,1,0,0,0
3479149,1,1,1,0,0,0,1
3479460,1,1,1,1,0,0,1
3479500,1,1,1,0,0,0,1
3480005,1,1,1,0,0,0,1
3480264,1,0,0,0,0,0,1
3483185,1,1,1,1,0,0,1
3483324,1,1,1,0,0,0,1
3483346,1,1,1,1,0,0,0
3483918,1,0,0,0,0,0,1
3484752,1,1,1,0,0,0,1
3485183,1,1,1,0,0,0,0
3485853,1,1,1,0,0,0,1
3487456,1,1,1,1,0,0,0
3488000,1,1,1,1,0,0,1
3490233,1,1,1,1,0,0,1
3490369,1,1,1,0,0,0,0
3490796,1,1,1,1,0,0,1
3491106,1,1,1,1,0,0,0
3491201,1,1,1,1,0,0,1
3491387,1,1,1,0,0,0,1
3492272,1,1,1,1,0,0,1
3493704,1,1,1,1,0,0,1
3493871,1,1,1,1,0,0,1
3494848,1,1,1,1,0,0,1
3496428,1,1,1,1,0,0,1
3496690,1,1,1,1,0,0,1
3496711,1,1,1,1,0,0,1
3497044,1,1,1,1,0,0,1
3497541,1,1,1,1,0,0,0
3498163,1,1,1,1,0,0,1
3498377,1,1,1,1,0,0,0
3498752,1,1,1,1,0,0,1
3499089,1,1,1,1,0,0,1
3500377,1,1,1,1,0,0,1
3500449,1,1,1,1,0,0,1
3501956,1,1,1,1,0,0,1
3502697,1,1,1,1,0,0,1
3502859,1,1,1,1,0,0,1
3503862,1,1,1,1,0,0,0
3505944,1,1,1,1,0,0,0
3506665,1,1,1,1,0,0,1
3506778,1,1,1,1,0,0,1
3507253,1,1,1,1,0,0,1
3507297,0,0,0,0,0,0,1
3508569,1,1,1,0,0,0,1
3508776,1,1,1,1,0,0,1
3509136,1,1,1,1,0,0,1
3509272,1,0,0,0,0,0,1
3509413,1,1,1,1,0,0,1
3509555,1,1,1,1,0,0,1
3510244,1,1,1,1,0,0,1
3510915,1,1,1,1,0,0,1
3511054,1,1,1,1,0,0,1
3511436,1,1,1,0,0,0,1
3512225,1,1,1,1,0,0,1
3512625,1,1,1,1,0,0,1
3513031,1,1,1,0,0,0,1
3513939,1,1,1,1,0,0,1
3514248,1,1,1,1,0,0,1
3514916,1,1,1,0,0,0,1
3515220,1,1,1,1,0,0,1
3515699,1,1,1,1,0,0,1
3516511,1,1,1,1,0,0,1
3516697,1,1,1,1,0,0,1
3516701,1,1,1,1,0,0,1
3517072,1,1,1,1,0,0,1
3517288,1,1,1,1,0,0,1
3517881,1,1,1,1,0,0,1
3518214,1,1,1,1,0,0,0
3518476,1,1,1,1,0,0,1
3518567,1,1,1,1,0,0,1
3519329,1,1,1,1,0,0,1
3520359,1,1,1,1,0,0,1
3522586,1,1,1,1,0,0,1
3522991,1,1,1,1,0,0,1
3523440,1,1,1,1,0,0,1
3523751,1,1,1,1,0,0,1
3523842,1,1,1,1,0,0,1
3523865,1,1,1,1,0,0,0
3524556,1,1,1,1,0,0,1
3524573,1,1,1,1,0,0,1
3524765,1,1,1,0,0,0,1
3524830,1,1,1,1,0,0,1
3525621,1,1,1,0,0,0,1
3525663,1,1,1,1,0,0,1
3525873,1,1,1,0,0,0,1
3526833,1,1,1,0,0,0,1
3527139,1,1,1,1,0,0,1
3527228,1,1,1,1,0,0,1
3527420,1,1,1,1,0,0,1
3527967,1,1,1,1,0,0,1
3528225,1,1,1,1,0,0,1
3528320,1,0,0,0,0,0,1
3528963,1,1,1,1,0,0,1
3529101,1,1,1,1,0,0,1
3530776,1,1,1,1,0,0,1
3530872,1,1,1,1,0,0,1
3531394,1,1,1,1,0,0,1
3532039,1,1,1,1,0,0,1
3532970,1,1,1,1,0,0,1
3533036,1,1,1,1,0,0,1
3533489,1,1,1,1,0,0,1
3533993,1,1,1,1,0,0,0
3534396,1,1,1,1,0,0,1
3535832,1,1,1,1,0,0,1
3536138,1,1,1,1,0,0,1
3537551,1,1,1,1,0,0,1
3539349,1,1,1,1,0,0,1
3539508,1,1,1,1,0,0,1
3539820,1,1,1,1,0,0,1
3540487,1,1,1,1,0,0,1
3540673,1,1,1,1,0,0,0
3541340,1,1,1,1,0,0,1
3542469,1,1,1,1,0,0,1
3542820,1,1,1,1,0,0,1
3543157,1,1,1,1,0,0,1
3543295,1,1,1,1,0,0,1
3543313,1,1,1,1,0,0,1
3543314,1,1,1,1,0,0,0
3543331,0,0,0,0,0,0,1
3544092,1,1,1,1,0,0,1
3544309,1,1,1,1,0,0,1
3544953,1,1,1,0,0,0,1
3544995,1,1,1,1,0,0,1
3545496,1,1,1,1,0,0,1
3546141,1,1,1,1,0,0,1
3546350,1,1,1,1,0,0,1
3546684,1,1,1,0,0,0,1
3546724,1,1,1,1,0,0,1
3546845,1,1,1,1,0,0,1
3546959,1,1,1,1,0,0,1
3547484,1,1,1,1,0,0,1
3548341,1,1,1,1,0,0,1
3548675,1,1,1,1,0,0,1
3549295,1,1,1,1,0,0,1
3549297,1,1,1,1,0,0,1
3550102,1,1,1,1,0,0,1
3551848,1,1,1,1,0,0,1
3552399,1,1,1,1,0,0,1
3552442,1,1,1,1,0,0,1
3552605,1,1,1,1,0,0,1
3553104,1,1,1,1,0,0,1
3554038,1,1,1,1,0,0,1
3554152,1,1,1,1,0,0,1
3554656,1,1,1,1,0,0,0
3554937,1,1,1,1,0,0,1
3555220,1,1,1,1,0,0,1
3555553,1,0,0,0,0,0,1
3556465,1,1,1,1,0,0,0
3556841,1,1,1,1,0,0,1
3556885,0,0,0,0,0,0,1
3557076,1,1,1,1,0,0,1
3557957,1,1,1,1,0,0,1
3558171,1,1,1,1,0,0,1
3559535,1,1,1,1,0,0,1
3560346,1,1,1,1,0,0,1
3561257,1,1,1,1,0,0,1
3561348,1,1,1,1,0,0,1
3561868,1,1,1,1,0,0,1
3561985,1,1,1,1,0,0,1
3562582,1,1,1,1,0,0,1
3563874,1,1,1,1,0,0,1
3564132,1,1,1,1,0,0,1
3565042,1,1,1,1,0,0,1
3565737,1,1,1,1,0,0,1
3565972,1,1,1,1,0,0,1
3566132,1,1,1,0,0,0,1
3566707,1,1,1,1,0,0,0
3567952,1,1,1,1,0,0,1
3568258,1,1,1,1,0,0,1
3568661,1,1,1,1,0,0,1
3568705,0,0,0,0,0,0,1
3569135,1,1,1,1,0,0,1
3569800,1,1,1,1,0,0,1
3570254,1,1,1,1,0,0,1
3571113,1,1,1,1,0,0,1
3571305,1,1,1,1,0,0,1
3572642,1,1,1,1,0,0,1
3573044,1,1,1,1,0,0,1
3573837,1,1,1,1,0,0,1
3574169,1,0,0,0,0,0,1
3574429,0,0,0,0,0,0,1
3575120,1,1,1,1,0,0,0
3576315,1,1,1,0,0,0,0
3576768,1,1,1,1,0,0,1
3577576,1,1,1,1,0,0,1
3578080,1,1,1,1,0,0,1
3578193,1,1,1,1,0,0,1
3578764,1,1,1,1,0,0,1
3579195,1,1,1,1,1,1,0
3579814,1,1,1,1,0,0,0
3579861,1,1,1,1,0,0,1
3579928,1,1,1,1,0,0,1
3580496,1,1,1,1,1,1,0
3580879,1,1,1,1,0,0,1
3581140,1,1,1,1,0,0,1
3582236,1,1,1,1,0,0,1
3583531,1,1,1,1,0,0,1
3585373,1,1,1,1,0,0,0
3585395,1,1,1,1,0,0,1
3586998,1,1,1,1,0,0,0
3587045,1,1,1,1,0,0,0
3588025,1,1,1,1,0,0,1
3588332,1,1,1,1,0,0,0
3589428,1,1,1,1,0,0,0
3590005,1,1,1,1,0,0,1
3590647,1,1,1,1,0,0,1
3591770,1,1,1,1,0,0,1
3592344,1,1,1,1,0,0,1
3592553,1,1,1,1,0,0,0
3592721,1,1,1,1,0,0,1
3593122,1,1,1,1,0,0,1
3593457,1,1,1,1,0,0,1
3593617,1,1,1,1,0,0,1
3594022,1,1,1,1,0,0,1
3594428,1,1,1,1,0,0,1
3594429,1,1,1,1,0,0,1
3596600,1,1,1,1,0,0,0
3597823,1,1,1,1,0,0,0
3598080,1,1,1,1,0,0,1
3599113,1,1,1,1,0,0,1
3599320,1,1,1,1,0,0,1
3600805,1,1,1,1,0,0,0
3601210,1,1,1,1,0,0,0
3601616,1,1,1,1,0,0,0
3603025,1,1,1,1,0,0,1
3604151,1,1,1,1,0,0,1
3605393,1,1,1,1,0,0,1
3605749,1,0,0,0,0,0,1
3606301,1,1,1,1,0,0,0
3606508,1,1,1,1,0,0,0
3606842,1,1,1,1,0,0,1
3607532,1,1,1,1,0,0,1
3607821,1,1,1,1,0,0,1
3608296,1,1,1,1,0,0,1
3609706,1,1,1,1,0,0,1
3610615,1,1,1,1,0,0,1
3610680,1,1,1,0,0,0,1
3612575,1,1,1,1,0,0,1
3612929,1,1,1,1,0,0,0
3613672,1,1,1,1,0,0,1
3614027,1,1,1,1,0,0,1
3615009,1,1,1,1,0,0,0
3615412,1,1,1,1,0,0,1
3615477,1,1,1,1,0,0,1
3616485,1,1,1,1,0,0,1
3616886,1,1,1,1,0,0,0
3617004,1,1,1,1,0,0,1
3617624,1,1,1,1,0,0,1
3617856,1,1,1,1,0,0,0
3618261,1,1,1,1,0,0,1
3618909,1,1,1,1,0,0,1
3619501,1,1,1,1,0,0,1
3620147,1,1,1,0,0,0,1
3620236,1,1,1,1,0,0,1
3620594,1,1,1,1,0,0,1
3620829,1,1,1,1,0,0,1
3620853,1,1,1,1,0,0,1
3621855,1,1,1,1,0,0,1
3621993,1,1,1,1,0,0,1
3622685,1,1,1,1,0,0,1
3623522,1,1,1,1,0,0,1
3623711,1,1,1,1,0,0,1
3624089,1,1,1,1,0,0,1
3624305,1,1,1,1,0,0,1
3624587,1,1,1,1,0,0,1
3624776,1,1,1,1,0,0,0
3625274,1,1,1,1,1,1,0
3625608,1,1,1,1,0,0,1
3626011,1,1,1,1,0,0,1
3626489,1,1,1,1,0,0,1
3626528,1,1,1,1,0,0,1
3627412,1,1,1,1,0,0,1
3627818,1,1,1,1,0,0,1
3627839,1,1,1,1,0,0,1
3627858,0,0,0,0,0,0,1
3628092,1,1,1,1,0,0,1
3628356,1,1,1,1,0,0,1
3628497,1,1,1,1,0,0,1
3629569,1,1,1,1,0,0,1
3629926,1,1,1,1,0,0,1
3630642,1,1,1,1,0,0,1
3630684,1,1,1,1,0,0,1
3631309,1,1,1,1,0,0,1
3631737,1,0,0,0,0,0,1
3632644,1,1,1,1,0,0,1
3632734,1,1,1,1,0,0,1
3632968,1,1,1,1,0,0,1
3634072,1,1,1,1,0,0,1
3634952,1,1,1,1,0,0,1
3634999,1,1,1,1,0,0,0
3635043,0,0,0,0,0,0,1
3635089,1,1,1,1,0,0,1
3636211,1,1,1,1,0,0,1
3636229,1,1,1,1,0,0,1
3636368,1,1,1,1,0,0,1
3637324,1,1,1,1,0,0,1
3637611,1,1,1,1,0,0,1
3638086,1,1,1,1,0,0,1
3638852,1,1,1,1,0,0,1
3639180,1,1,1,1,0,0,1
3639805,1,1,1,0,0,0,1
3640157,1,1,1,1,0,0,1
3640608,1,1,1,1,0,0,1
3641327,1,1,1,1,0,0,1
3642786,1,1,1,1,0,0,1
3643789,1,1,1,1,0,0,1
3644029,1,1,1,1,0,0,1
3644741,1,1,1,0,0,0,1
3645794,1,1,1,1,0,0,1
3645961,1,1,1,1,0,0,1
3646028,1,1,1,1,0,0,0
3646552,1,0,0,0,0,0,1
3646785,1,1,1,1,0,0,1
3647001,1,1,1,1,0,0,1
3647784,1,1,1,1,0,0,0
3647833,1,1,1,1,1,1,0
3648091,1,1,1,1,0,0,1
3648516,1,1,1,1,0,0,1
3648923,1,1,1,1,0,0,1
3649972,1,1,1,1,0,0,1
3650161,1,1,1,1,0,0,1
3650205,0,0,0,0,0,0,1
3650993,1,1,1,1,0,0,1
3652097,1,1,1,1,0,0,1
3652376,1,1,1,1,0,0,1
3652950,1,1,1,1,0,0,0
3653616,1,1,1,1,0,0,1
3653712,1,1,1,1,0,0,0
3654235,1,1,1,1,0,0,1
3654664,0,0,0,0,0,0,1
3654802,1,1,1,1,0,0,1
3655039,1,1,1,1,0,0,1
3655396,1,1,1,1,0,0,1
3656087,1,1,1,1,0,0,1
3656656,1,1,1,1,0,0,1
3657086,1,1,1,1,0,0,1
3658161,1,1,1,1,0,0,0
3658734,1,1,1,1,0,0,1
3659261,1,1,1,1,0,0,0
3659373,1,1,1,1,0,0,1
3659682,1,1,1,1,0,0,1
3659725,0,0,0,0,0,0,1
3661088,1,1,1,1,1,1,0
3661808,1,1,1,1,0,0,1
3662234,1,1,1,1,0,0,1
3662252,1,1,1,1,0,0,1
3662612,1,1,1,0,0,0,1
3662701,1,1,1,1,0,0,1
3663130,1,1,1,1,0,0,1
3663247,1,1,1,1,0,0,0
3663436,1,1,1,1,0,0,1
3663452,1,1,1,1,0,0,1
3664172,1,1,1,1,0,0,1
3664404,1,1,1,1,0,0,1
3664449,1,1,1,1,0,0,1
3665308,1,1,1,0,0,0,1
3665737,1,1,1,1,0,0,1
3666332,1,1,1,0,0,0,1
3666405,1,1,1,1,0,0,0
3667164,1,1,1,1,0,0,1
3667427,1,1,1,1,0,0,1
3667661,1,1,1,1,0,0,1
3668232,1,1,1,1,0,0,1
3668761,1,1,1,1,0,0,1
3668875,1,1,1,0,0,0,1
3669012,1,1,1,1,0,0,1
3669851,1,1,1,1,0,0,1
3670278,1,1,1,1,0,0,0
3670373,1,1,1,1,0,0,1
3670700,1,1,1,1,0,0,1
3671033,1,1,1,1,0,0,1
3671129,1,1,1,1,0,0,1
3671316,1,1,1,1,0,0,0
3672103,1,1,1,1,0,0,1
3672104,1,1,1,1,0,0,1
3672284,1,1,1,1,0,0,1
3672429,1,1,1,1,0,0,1
3672685,1,1,1,1,0,0,1
3672948,1,1,1,1,0,0,1
3672964,1,1,1,0,0,0,1
3673154,1,1,1,1,0,0,1
3673653,1,1,1,1,0,0,1
3674730,1,1,1,1,0,0,1
3675253,1,1,1,1,0,0,1
3675490,1,1,1,1,0,0,1
3675655,1,1,1,1,0,0,1
3675988,1,1,1,1,0,0,1
3676052,1,1,1,1,0,0,1
3676289,1,1,1,1,0,0,1
3677198,1,1,1,1,0,0,1
3677243,1,1,1,1,0,0,1
3677625,1,1,1,1,0,0,1
3677978,1,1,1,1,0,0,1
3677999,1,1,1,1,0,0,1
3678549,1,1,1,1,0,0,1
3678876,1,1,1,1,0,0,1
3679233,1,1,1,1,0,0,1
3679613,1,0,0,0,0,0,1
3679614,1,1,1,1,0,0,1
3679700,1,1,1,1,0,0,1
3679868,1,1,1,1,0,0,1
3680413,1,1,1,1,0,0,1
3680480,1,1,1,1,0,0,1
3680768,1,1,1,1,0,0,1
3681313,1,1,1,1,0,0,1
3681385,1,1,1,1,0,0,1
3681496,1,1,1,1,0,0,1
3681567,1,1,1,1,0,0,1
3681828,1,1,1,1,0,0,1
3682185,1,1,1,1,0,0,1
3682392,1,1,1,1,0,0,1
3682725,1,1,1,1,0,0,1
3682892,1,1,1,1,0,0,1
3684396,1,1,1,1,0,0,1
3684399,1,1,1,1,0,0,1
3684462,1,1,1,1,0,0,1
3685036,1,1,1,1,0,0,1
3685752,1,1,1,1,0,0,1
3686178,1,1,1,0,0,0,1
3687353,1,1,1,1,0,0,1
3688329,1,1,1,1,0,0,1
3688710,1,1,1,0,0,0,1
3688945,1,1,1,1,0,0,1
3689132,1,1,1,1,0,0,1
3689564,1,1,1,1,0,0,1
3689919,1,1,1,1,0,0,1
3690324,1,1,1,1,0,0,1
3690441,1,1,1,1,0,0,1
3690745,1,1,1,1,0,0,1
3691509,1,1,1,1,0,0,1
3692778,1,1,1,1,0,0,1
3693112,1,1,1,1,0,0,1
3693229,1,1,1,1,0,0,1
3693437,1,1,1,1,0,0,1
3693915,1,1,1,1,0,0,1
3693932,1,1,1,1,0,0,1
3694941,1,1,1,1,0,0,1
3697430,1,1,1,1,0,0,1
3698362,1,1,1,0,0,0,1
3699244,1,1,1,1,0,0,1
3699247,1,1,1,1,0,0,1
3699624,1,1,1,1,0,0,1
3700625,1,1,1,1,0,0,0
3700646,1,1,1,1,0,0,1
3701288,1,1,1,1,0,0,1
3701744,1,1,1,1,0,0,1
3702125,1,1,1,1,0,0,0
3703294,1,1,1,1,0,0,1
3704779,1,1,1,1,0,0,1
3706312,1,1,1,1,0,0,1
3706594,1,1,1,1,0,0,1
3707548,1,1,1,1,0,0,1
3707740,1,1,1,1,0,0,1
3707805,1,1,1,1,0,0,0
3707949,1,1,1,1,0,0,1
3708232,1,0,0,0,0,0,1
3708443,1,1,1,1,0,0,1
3708556,1,1,1,1,0,0,1
3709345,1,1,1,1,0,0,1
3709652,1,1,1,1,0,0,1
3710755,1,1,1,1,0,0,1
3711302,1,1,1,1,0,0,1
3712665,1,1,1,1,0,0,1
3712876,1,1,1,1,0,0,1
3713090,1,1,1,0,0,0,1
3713520,1,1,1,1,0,0,1
3713521,1,1,1,1,0,0,1
3714396,1,1,1,1,0,0,1
3715233,1,1,1,1,0,0,1
3715305,1,1,1,1,0,0,1
3716164,1,1,1,1,0,0,1
3716231,1,1,1,1,0,0,1
3717016,1,1,1,1,0,0,1
3717231,1,1,1,1,0,0,1
3718571,1,1,1,1,0,0,1
3718853,1,1,1,1,0,0,1
3718857,1,1,1,1,0,0,1
3719134,1,1,1,1,0,0,1
3719776,1,1,1,1,0,0,1
3720017,1,1,1,1,0,0,1
3720226,1,1,1,1,0,0,1
3720292,1,0,0,0,0,0,1
3721826,1,1,1,1,0,0,1
3721869,1,1,1,1,0,0,1
3722707,1,1,1,1,0,0,1
3723328,1,1,1,1,0,0,0
3723514,1,1,1,1,0,0,1
3724349,1,1,1,1,0,0,1
3725140,1,1,1,1,0,0,1
3725183,1,1,1,1,0,0,1
3726259,1,1,1,1,0,0,1
3726277,1,1,1,1,0,0,1
3726444,1,1,1,1,0,0,1
3727185,1,1,1,0,0,0,0
3727464,1,1,1,1,0,0,0
3728109,1,1,1,1,0,0,1
3728153,0,0,0,0,0,0,1
3728871,1,1,1,1,0,0,1
3728917,1,1,1,1,0,0,1
3728961,0,0,0,0,0,0,1
3729220,1,1,1,1,0,0,1
3729404,1,1,1,0,0,0,1
3729833,1,1,1,1,0,0,1
3729998,1,1,1,0,0,0,1
3730763,1,1,1,0,0,0,1
3731097,1,1,1,1,0,0,1
3733299,1,1,1,1,0,0,1
3734041,1,1,1,1,0,0,1
3736412,1,1,1,1,0,0,0
3736596,1,1,1,0,0,0,0
3737025,1,1,1,1,0,0,0
3737164,1,0,0,0,0,0,1
3737186,1,1,1,1,0,0,0
3739294,1,1,1,1,0,0,1
3740491,1,1,1,1,0,0,0
3740705,1,1,1,1,0,0,1
3742403,1,1,1,1,0,0,1
3743068,1,1,1,1,0,0,1
3743596,1,1,1,1,0,0,0
3743597,1,1,1,1,0,0,1
3743993,1,1,1,1,0,0,1
3745049,1,1,1,1,0,0,1
3745234,1,1,1,1,0,0,1
3746167,1,1,1,1,0,0,1
3746211,0,0,0,0,0,0,1
3748438,1,1,1,1,0,0,1
3749253,1,1,1,1,0,0,1
3749749,1,1,1,1,0,0,1
3750248,1,1,1,1,0,0,0
3750776,1,1,1,1,0,0,0
3751536,1,1,1,1,0,0,1
3752660,1,1,1,1,0,0,1
3753045,1,1,1,1,0,0,1
3753399,1,1,1,1,0,0,0
3753897,1,1,1,1,0,0,1
3753921,1,1,1,1,0,0,1
3754202,1,1,1,1,0,0,1
3754463,1,1,1,1,0,0,1
3754797,1,1,1,1,0,0,1
3755273,1,0,0,0,0,0,1
3755411,1,1,1,1,0,0,1
3755500,1,1,1,1,0,0,1
3755930,1,1,1,1,0,0,1
3756455,1,1,1,1,0,0,1
3757173,1,1,1,1,0,0,1
3757188,1,1,1,1,0,0,1
3757594,1,1,1,1,0,0,1
3757638,0,0,0,0,0,0,1
3757924,1,1,1,1,0,0,0
3758351,1,1,1,1,0,0,1
3758369,1,1,1,1,0,0,1
3759615,1,1,1,1,0,0,1
3764365,1,1,1,1,0,0,0
3764380,1,1,1,1,0,0,0
3764834,1,1,1,1,0,0,0
3765120,1,1,1,1,0,0,0
3765208,1,1,1,1,0,0,1
3765565,1,1,1,1,0,0,0
3766570,1,1,1,1,0,0,1
3766807,1,1,1,1,0,0,0
3767425,1,1,1,1,0,0,1
3767686,1,1,1,1,0,0,1
3768425,1,1,1,0,0,0,1
3768736,1,1,1,1,0,0,1
3770052,1,1,1,1,0,0,1
3770053,1,1,1,1,0,0,1
3770211,1,1,1,1,0,0,1
3772343,1,1,1,1,0,0,1
3772384,1,1,1,1,0,0,0
3773296,1,1,1,1,0,0,1
3774874,1,1,1,1,0,0,0
3775613,1,1,1,1,0,0,0
3776330,1,1,1,1,0,0,1
3776592,1,1,1,1,0,0,1
3776753,1,1,1,1,0,0,1
3777233,1,1,1,1,0,0,0
3778019,1,1,1,1,0,0,1
3778328,1,1,1,1,0,0,1
3778658,1,1,1,1,0,0,1
3778941,1,1,1,1,0,0,1
3779106,1,0,0,0,0,0,1
3779556,1,1,1,1,0,0,0
3779773,1,1,1,1,0,0,1
3780031,1,1,1,1,0,0,1
3780553,1,1,1,1,0,0,1
3780980,1,1,1,1,0,0,1
3780984,1,1,1,0,0,0,1
3781287,1,1,1,1,0,0,1
3781570,1,1,1,1,0,0,1
3781573,1,1,1,1,0,0,1
3782306,1,1,1,1,0,0,1
3782974,1,1,1,1,0,0,1
3782997,1,1,1,1,0,0,1
3783806,1,1,1,1,0,0,1
3785149,1,1,1,1,0,0,1
3785239,1,1,1,1,0,0,1
3785378,1,1,1,1,0,0,1
3785689,1,1,1,1,0,0,1
3785778,0,0,0,0,0,0,1
3786519,1,1,1,1,0,0,1
3786563,0,0,0,0,0,0,1
3787065,1,1,1,1,0,0,1
3787273,1,1,1,1,0,0,1
3787677,1,0,0,0,0,0,1
3788128,1,1,1,1,0,0,0
3788132,1,1,1,1,0,0,0
3788820,1,1,1,1,0,0,1
3789678,1,1,1,1,0,0,1
3789891,1,1,1,1,0,0,1
3790484,1,1,1,1,0,0,1
3790488,1,1,1,1,0,0,1
3790863,1,1,1,1,0,0,1
3790882,1,1,1,1,0,0,1
3790973,1,1,1,1,0,0,1
3791594,1,1,1,1,0,0,1
3792071,1,1,1,1,0,0,1
3792546,1,1,1,0,0,0,1
3792636,1,1,1,1,0,0,1
3793376,1,1,1,1,0,0,1
3794217,1,1,1,0,0,0,0
3794450,1,1,1,1,0,0,1
3795263,1,1,1,1,0,0,1
3795378,1,1,1,1,0,0,1
3795661,1,1,1,1,0,0,1
3796305,1,1,1,1,0,0,1
3796306,1,1,1,1,0,0,1
3796309,1,1,1,1,0,0,1
3796512,1,1,1,0,0,0,1
3797032,1,1,1,0,0,0,1
3797390,1,1,1,1,0,0,1
3798082,1,0,0,0,0,0,1
3799185,1,1,1,0,0,0,1
3799632,1,1,1,1,0,0,1
3800420,1,1,1,1,0,0,1
3800657,1,1,1,0,0,0,1
3802431,1,1,1,1,0,0,0
3802784,1,1,1,0,0,0,1
3802853,1,1,1,1,0,0,1
3802946,1,1,1,1,0,0,1
3803376,1,1,1,1,0,0,1
3803440,1,1,1,1,0,0,1
3805311,1,1,1,1,0,0,1
3805328,1,1,1,1,1,1,0
3805448,1,1,1,1,0,0,1
3805897,1,1,1,1,0,0,1
3805964,1,1,1,1,0,0,1
3806203,1,1,1,1,0,0,1
3806345,1,1,1,1,0,0,0
3806388,1,1,1,1,0,0,1
3806668,1,1,1,1,0,0,1
3807098,1,1,1,1,0,0,1
3807481,1,1,1,1,0,0,1
3808481,1,1,1,1,0,0,1
3809197,1,1,1,1,0,0,1
3812460,1,1,1,1,0,0,1
3813271,1,1,1,1,0,0,1
3813864,1,1,1,1,0,0,0
3814294,1,1,1,1,0,0,0
3814338,0,0,0,0,0,0,1
3814673,1,1,1,1,0,0,0
3816393,1,1,1,1,0,0,0
3816966,1,1,1,1,0,0,1
3818281,1,1,1,1,0,0,1
3818325,0,0,0,0,0,0,1
3818829,1,1,1,1,0,0,1
3819013,1,1,1,1,0,0,1
3819032,1,1,1,1,0,0,1
3819247,1,1,1,1,0,0,1
3819556,1,1,1,1,0,0,1
3819862,1,1,1,1,0,0,1
3819952,1,1,1,1,0,0,1
3820000,1,0,0,0,0,0,1
3820453,1,1,1,1,0,0,1
3821284,1,1,1,1,0,0,1
3821307,1,1,1,1,0,0,1
3821877,1,1,1,1,0,0,1
3821995,1,1,1,1,0,0,1
3822541,1,1,1,1,0,0,1
3822707,1,1,1,1,0,0,1
3822918,1,1,1,1,0,0,1
3822984,1,1,1,1,0,0,1
3823558,1,1,1,1,0,0,1
3823602,0,0,0,0,0,0,1
3824389,1,1,1,1,0,0,1
3825253,1,1,1,0,0,0,1
3825655,1,1,1,1,0,0,1
3826539,1,1,1,1,0,0,1
3826894,1,1,1,1,0,0,1
3827156,1,1,1,1,0,0,1
3827487,1,1,1,1,0,0,1
3827532,1,0,0,0,0,0,1
3827790,1,1,1,1,0,0,1
3828984,1,1,1,1,0,0,1
3829993,1,1,1,1,0,0,1
3830585,1,1,1,1,0,0,1
3831372,1,0,0,0,0,0,1
3832064,1,1,1,1,0,0,1
3832158,1,1,1,1,0,0,1
3832204,1,1,1,1,0,0,1
3833037,1,1,1,1,0,0,1
3833421,1,1,1,1,0,0,1
3833798,1,1,1,1,0,0,1
3833960,1,1,1,1,0,0,1
3834655,1,1,1,1,0,0,0
3835058,1,1,1,1,0,0,1
3835148,1,1,1,1,0,0,1
3835365,1,1,1,1,0,0,1
3835860,1,1,1,1,0,0,1
3835882,1,1,1,0,0,0,1
3836167,1,1,1,1,0,0,1
3837600,1,1,1,1,0,0,1
3837603,1,1,1,1,0,0,1
3838029,1,1,1,1,0,0,1
3838500,1,1,1,1,0,0,1
3839364,1,1,1,1,0,0,0
3839575,1,1,1,1,0,0,1
3840193,1,1,1,1,0,0,0
3840672,1,1,1,1,0,0,1
3843016,1,1,1,1,0,0,1
3843062,1,1,1,1,0,0,0
3843800,1,1,1,1,0,0,1
3844325,1,1,1,1,0,0,1
3845210,1,1,1,0,0,0,1
3845213,1,1,1,1,0,0,0
3846617,1,1,1,1,0,0,1
3846759,1,1,1,0,0,0,0
3847860,1,1,1,1,0,0,0
3848385,1,1,1,1,0,0,1
3848859,1,1,1,1,0,0,1
3849166,1,1,1,0,0,0,1
3849261,1,1,1,1,0,0,1
3849637,1,1,1,1,0,0,1
3849973,1,0,0,0,0,0,1
3850972,1,1,1,1,0,0,0
3852436,1,1,1,1,0,0,1
3854564,1,1,1,1,0,0,1
3854659,1,1,1,1,0,0,1
3854943,0,0,0,0,0,0,1
3856162,1,0,0,0,0,0,1
3856829,1,1,1,1,0,0,0
3857165,0,0,0,0,0,0,0
3857183,1,1,1,1,0,0,1
3857561,1,1,1,1,0,0,1
3857919,1,1,1,1,0,0,1
3859088,1,1,1,1,0,0,1
3859233,1,1,1,0,0,0,1
3859612,1,1,1,1,0,0,0
3860352,1,1,1,1,0,0,1
3860824,1,1,1,0,0,0,1
3860870,1,1,1,1,0,0,1
3862568,1,1,1,1,0,0,1
3863454,1,1,1,1,0,0,1
3864745,1,1,1,1,0,0,0
3865103,1,1,1,1,0,0,0
3865409,1,1,1,0,0,0,1
3865862,1,1,1,1,0,0,1
3866413,1,0,0,0,0,0,0
3867152,1,1,1,1,0,0,1
3868225,1,1,1,1,0,0,1
3869181,1,1,1,1,0,0,1
3869752,1,1,1,1,0,0,0
3870281,1,1,1,1,0,0,1
3870369,1,1,1,1,0,0,1
3870536,1,1,1,1,0,0,1
3870985,1,0,0,0,0,0,1
3871749,1,1,1,1,0,0,1
3871960,1,1,1,1,0,0,1
3872271,1,1,1,1,0,0,0
3873034,1,1,1,1,0,0,0
3873631,1,1,1,1,0,0,1
3874200,1,1,1,1,0,0,1
3874489,1,1,1,1,0,0,1
3875008,1,1,1,1,0,0,1
3875801,1,1,1,1,0,0,1
3876298,1,1,1,1,0,0,1
3876319,1,1,1,1,0,0,1
3876840,1,1,1,1,0,0,1
3877175,1,1,1,1,0,0,1
3877700,1,1,1,1,0,0,0
3878343,1,1,1,1,0,0,1
3878913,1,1,1,1,0,0,0
3879752,1,1,1,1,0,0,1
3880516,1,1,1,1,0,0,1
3880725,1,1,1,1,0,0,1
3880845,1,1,1,1,0,0,1
3883260,1,1,1,1,0,0,1
3883304,0,0,0,0,0,0,1
3883470,1,1,1,1,0,0,0
3884019,1,1,1,1,0,0,1
3884060,1,1,1,1,0,0,1
3884899,1,1,1,1,0,0,1
3885591,1,0,0,0,0,0,1
3887700,1,1,1,1,0,0,0
3887909,1,1,1,1,0,0,0
3888029,1,1,1,1,0,0,0
3889321,1,1,1,1,0,0,1
3890658,1,1,1,1,0,0,0
3891252,1,1,1,1,0,0,0
3892429,1,1,1,1,0,0,1
3892783,1,1,1,1,0,0,0
3894892,1,1,1,1,0,0,0
3895101,1,1,1,1,0,0,0
3895865,1,1,1,1,0,0,1
3895934,1,1,1,1,0,0,1
3898448,1,1,1,1,0,0,0
3898689,1,1,1,1,0,0,1
3899401,1,1,1,1,0,0,1
3899975,1,1,1,1,0,0,0
3900401,1,1,1,1,0,0,1
3900832,1,1,1,1,0,0,1
3900947,1,1,1,1,0,0,1
3900991,0,0,0,0,0,0,1
3901180,0,0,0,0,0,0,1
3901633,1,1,1,1,0,0,1
3902947,1,1,1,1,0,0,1
3903110,1,1,1,1,0,0,0
3904595,1,1,1,1,0,0,1
3905620,1,1,1,1,0,0,0
3905741,1,1,1,1,0,0,1
3907581,1,1,1,1,0,0,0
3908372,1,1,1,1,0,0,0
3910310,1,1,1,1,0,0,1
3911339,1,1,1,1,0,0,1
3911668,1,1,1,1,0,0,1
3911716,1,1,1,1,0,0,1
3912937,1,1,1,1,0,0,0
3912977,1,1,1,1,0,0,1
3912978,1,1,1,1,0,0,1
3913836,1,1,1,1,0,0,1
3913903,1,1,1,1,0,0,1
3914596,1,1,1,1,0,0,1
3918860,1,1,1,1,0,0,0
3918882,1,1,1,1,0,0,1
3919528,1,1,1,1,0,0,1
3919571,1,1,1,1,0,0,1
3920049,1,1,1,1,0,0,1
3920161,1,1,1,1,0,0,0
3920567,1,1,1,1,0,0,1
3920611,0,0,0,0,0,0,1
3920676,1,1,1,1,0,0,1
3920700,1,1,1,1,0,0,1
3920885,1,1,1,1,0,0,1
3921917,1,1,1,0,0,0,1
3921934,1,1,1,1,0,0,1
3923056,1,1,1,1,0,0,1
3923173,1,1,1,1,0,0,1
3923175,1,1,1,1,0,0,1
3923505,1,1,1,1,0,0,1
3925061,1,1,1,1,0,0,1
3925436,1,1,1,1,0,0,1
3926681,1,1,1,1,0,0,1
3926964,1,1,1,1,0,0,1
3927681,1,1,1,1,0,0,1
3927872,1,1,1,1,0,0,0
3928153,1,0,0,0,0,0,1
3929110,1,1,1,1,0,0,0
3930018,1,1,1,1,0,0,1
3930228,1,1,1,1,0,0,1
3930347,1,1,1,0,0,0,0
3930872,1,1,1,1,0,0,1
3931131,1,1,1,1,0,0,1
3931633,1,1,1,1,0,0,1
3931677,0,0,0,0,0,0,1
3934217,1,1,1,0,0,0,1
3935337,1,1,1,1,0,0,0
3937181,1,1,1,1,0,0,1
3937202,1,1,1,0,0,0,0
3937412,1,1,1,1,0,0,0
3938060,1,1,1,1,0,0,0
3938319,1,1,1,1,0,0,0
3938866,1,1,1,1,0,0,1
3939320,1,1,1,1,0,0,1
3940681,1,1,1,1,0,0,1
3940800,1,1,1,1,0,0,1
3941392,1,1,1,1,0,0,1
3941397,1,1,1,0,0,0,0
3942297,1,1,1,1,0,0,1
3942299,1,1,1,1,0,0,1
3943013,1,1,1,1,0,0,1
3943028,1,1,1,1,0,0,1
3943145,1,1,1,1,0,0,1
3943334,1,1,1,0,0,0,1
3944341,1,1,1,1,0,0,1
3944861,1,1,1,1,0,0,1
3944908,1,1,1,1,0,0,1
3946200,1,1,1,1,0,0,1
3946794,1,1,1,1,0,0,1
3947439,1,1,1,1,0,0,1
3947461,1,1,1,1,0,0,1
3947884,1,1,1,1,0,0,1
3948698,1,1,1,1,0,0,1
3949413,1,1,1,1,0,0,1
3949507,1,1,1,1,0,0,1
3950461,1,0,0,0,0,0,1
3951037,1,1,1,1,0,0,1
3951055,1,1,1,1,0,0,1
3951170,1,1,1,1,0,0,1
3951860,1,1,1,1,0,0,1
3952579,1,1,1,1,0,0,1
3952649,1,1,1,1,0,0,1
3952834,1,1,1,1,0,0,1
3952900,1,1,1,1,0,0,1
3953044,1,1,1,1,0,0,1
3953277,1,1,1,1,0,0,1
3953349,1,1,1,1,0,0,1
3954231,1,0,0,0,0,0,1
3954300,1,1,1,1,0,0,1
3954437,1,1,1,1,0,0,1
3954438,1,1,1,1,0,0,1
3954457,1,1,1,1,0,0,1
3955506,1,1,1,1,0,0,1
3955577,1,1,1,1,0,0,1
3956698,1,1,1,1,0,0,1
3957632,1,1,1,1,0,0,1
3957770,1,1,1,1,0,0,1
3958391,1,1,1,1,0,0,1
3958461,1,1,1,1,0,0,1
3960060,1,1,1,1,0,0,0
3960297,1,1,1,1,0,0,1
3960748,1,1,1,1,0,0,1
3961323,1,1,1,1,0,0,1
3961488,1,1,1,1,0,0,1
3963185,1,1,1,1,0,0,1
3964958,1,1,1,1,0,0,0
3965653,1,1,1,1,0,0,0
3966198,1,1,1,1,0,0,1
3966965,1,1,1,0,0,0,1
3967175,1,1,1,1,0,0,1
3967936,1,1,1,1,0,0,0
3968366,1,1,1,0,0,0,1
3968553,1,1,1,1,0,0,1
3968672,1,1,1,1,0,0,0
3968712,1,1,1,0,0,0,1
3968758,1,0,0,0,0,0,1
3969739,1,1,1,1,0,0,1
3970529,1,1,1,1,0,0,1
3971290,1,1,1,1,0,0,1
3971309,1,1,1,0,0,0,1
3971376,1,1,1,0,0,0,1
3971544,1,1,1,1,0,0,1
3972595,1,1,1,1,0,0,1
3972639,0,0,0,0,0,0,1
3973164,1,1,1,0,0,0,1
3973732,1,1,1,1,0,0,1
3974765,1,1,1,0,0,0,1
3975670,1,1,1,1,0,0,1
3977584,1,1,1,1,0,0,1
3977988,1,0,0,0,0,0,1
3978489,1,1,1,0,0,0,0
3979831,1,1,1,1,0,0,0
3980356,1,1,1,1,0,0,0
3980808,0,0,0,0,0,0,1
3981021,1,1,1,1,0,0,1
3981830,1,1,1,1,0,0,1
3981875,1,1,1,0,0,0,1
3982641,1,1,1,1,0,0,1
3983285,1,0,0,0,0,0,1
3983805,1,1,1,0,0,0,1
3983996,1,1,1,1,0,0,1
3984135,1,1,1,1,0,0,1
3984277,1,1,1,0,0,0,1
3985156,1,1,1,1,0,0,0
3987242,1,1,1,1,0,0,1
3987337,1,1,1,1,0,0,1
3991001,1,1,1,1,0,0,0
3991192,1,1,1,1,0,0,0
3991331,1,1,1,1,0,0,0
3991564,1,1,1,1,0,0,1
3991730,1,1,1,1,0,0,1
3992255,1,1,1,1,0,0,1
3992945,1,1,1,0,0,0,1
3992989,0,0,0,0,0,0,1
3993346,1,1,1,1,0,0,1
3993464,1,1,1,1,0,0,1
3993624,1,1,1,1,0,0,1
3994079,1,1,1,1,0,0,1
3994509,1,1,1,1,0,0,0
3995319,1,1,1,1,0,0,1
3995436,1,1,1,1,0,0,1
3995572,1,1,1,1,0,0,1
3996337,1,1,1,1,0,0,1
3997081,1,1,1,1,0,0,1
3997337,1,1,1,1,0,0,1
3997359,1,1,1,1,0,0,1
3997400,1,1,1,1,0,0,1
3997832,1,1,1,1,0,0,1
3998378,1,1,1,1,1,1,0
3999191,1,1,1,1,0,0,1
3999309,1,1,1,1,0,0,1
3999733,1,1,1,1,0,0,1
