step,picked,placed_v2,farside,slide_event,home,nested_v2,tipped
7200,0,0,0,0,0,0,0
7201,0,0,0,0,0,0,0
7202,0,0,0,0,0,0,0
7203,0,0,0,0,0,0,0
7204,0,0,0,0,0,0,0
7205,0,0,0,0,0,0,0
10227,0,0,0,0,0,0,1
14396,0,0,0,0,0,0,0
14397,0,0,0,0,0,0,0
14398,0,0,0,0,0,0,0
14400,0,0,0,0,0,0,0
14401,0,0,0,0,0,0,0
17427,0,0,0,0,0,0,0
21596,0,0,0,0,0,0,0
21597,0,0,0,0,0,0,0
21598,0,0,0,0,0,0,0
21600,0,0,0,0,0,0,0
21601,0,0,0,0,0,0,0
23453,0,0,0,0,0,0,1
24623,0,0,0,0,0,0,0
28792,0,0,0,0,0,0,0
28793,0,0,0,0,0,0,0
28794,0,0,0,0,0,0,0
28796,0,0,0,0,0,0,0
29977,1,0,0,0,0,0,1
30548,0,0,0,0,0,0,1
30645,0,0,0,0,0,0,0
31815,0,0,0,0,0,0,0
35986,0,0,0,0,0,0,0
35988,0,0,0,0,0,0,0
37177,0,0,0,0,0,0,0
37680,0,0,0,0,0,0,1
37744,0,0,0,0,0,0,0
37841,0,0,0,0,0,0,0
39011,0,0,0,0,0,0,0
43182,0,0,0,0,0,0,0
44260,0,0,0,0,0,0,1
44373,0,0,0,0,0,0,0
44944,0,0,0,0,0,0,0
45041,0,0,0,0,0,0,0
45853,0,0,0,0,0,0,1
45893,0,0,0,0,0,0,1
46203,0,0,0,0,0,0,0
46465,0,0,0,0,0,0,1
50370,0,0,0,0,0,0,0
51448,0,0,0,0,0,0,0
52136,0,0,0,0,0,0,0
53093,0,0,0,0,0,0,0
53403,0,0,0,0,0,0,0
53665,0,0,0,0,0,0,0
57570,0,0,0,0,0,0,0
58648,0,0,0,0,0,0,0
59336,0,0,0,0,0,0,0
60293,0,0,0,0,0,0,0
60482,1,0,0,0,0,0,1
60599,0,0,0,0,0,0,0
60861,0,0,0,0,0,0,0
65848,0,0,0,0,0,0,0
66536,0,0,0,0,0,0,0
66965,0,0,0,0,0,0,1
67682,0,0,0,0,0,0,0
67799,0,0,0,0,0,0,0
68061,0,0,0,0,0,0,0
70216,1,0,0,0,0,0,1
73736,0,0,0,0,0,0,0
74165,0,0,0,0,0,0,0
74882,0,0,0,0,0,0,0
74926,0,0,0,0,0,0,1
74995,0,0,0,0,0,0,0
75257,0,0,0,0,0,0,0
77412,0,0,0,0,0,0,0
80932,0,0,0,0,0,0,0
81361,0,0,0,0,0,0,0
81886,0,0,0,0,0,0,1
81977,0,0,0,0,0,0,1
82191,0,0,0,0,0,0,0
82453,0,0,0,0,0,0,0
83841,0,0,0,0,0,0,1
84341,0,0,0,0,0,0,1
84600,0,0,0,0,0,0,0
85005,0,0,0,0,0,0,1
85432,0,0,0,0,0,0,1
88112,0,0,0,0,0,0,0
89070,0,0,0,0,0,0,0
89161,0,0,0,0,0,0,0
89375,0,0,0,0,0,0,0
90954,0,0,0,0,0,0,1
92201,0,0,0,0,0,0,0
92628,0,0,0,0,0,0,0
95308,0,0,0,0,0,0,0
95619,0,0,0,0,0,0,1
96357,0,0,0,0,0,0,0
98154,0,0,0,0,0,0,0
99113,1,0,0,0,0,0,1
99828,0,0,0,0,0,0,0
100207,1,0,0,0,0,0,1
102504,0,0,0,0,0,0,0
103557,0,0,0,0,0,0,0
104515,0,0,0,0,0,0,1
104559,0,0,0,0,0,0,1
105346,1,0,0,0,0,0,0
106305,0,0,0,0,0,0,0
107020,0,0,0,0,0,0,0
107036,1,1,0,0,0,0,1
107829,0,0,0,0,0,0,1
107940,0,0,0,0,0,0,1
108661,0,0,0,0,0,0,1
108724,0,0,0,0,0,0,1
109728,0,0,0,0,0,0,1
110062,0,0,0,0,0,0,1
110729,0,0,0,0,0,0,0
111735,0,0,0,0,0,0,0
114204,0,0,0,0,0,0,0
115857,0,0,0,0,0,0,0
116928,0,0,0,0,0,0,0
117262,0,0,0,0,0,0,0
117929,0,0,0,0,0,0,0
118935,0,0,0,0,0,0,0
118936,0,0,0,0,0,0,1
120774,0,0,0,0,0,0,1
123053,0,0,0,0,0,0,0
123503,0,0,0,0,0,0,1
124100,0,0,0,0,0,0,1
124116,0,0,0,0,0,0,0
125121,0,0,0,0,0,0,0
127929,0,0,0,0,0,0,1
127970,0,0,0,0,0,0,0
130703,0,0,0,0,0,0,0
131300,0,0,0,0,0,0,0
131316,0,0,0,0,0,0,0
132321,0,0,0,0,0,0,0
135129,0,0,0,0,0,0,0
135170,0,0,0,0,0,0,0
136175,0,0,0,0,0,0,1
138161,0,0,0,0,0,0,1
138496,0,0,0,0,0,0,0
138512,0,0,0,0,0,0,0
139783,0,0,0,0,0,0,1
140833,0,0,0,0,0,0,1
141933,0,0,0,0,0,0,1
142317,0,0,0,0,0,0,0
142358,0,0,0,0,0,0,0
145692,0,0,0,0,0,0,0
145708,0,0,0,0,0,0,0
146979,0,0,0,0,0,0,0
147264,0,0,0,0,0,0,1
149129,0,0,0,0,0,0,0
149513,0,0,0,0,0,0,0
149554,0,0,0,0,0,0,0
150224,0,0,0,0,0,0,1
152904,0,0,0,0,0,0,0
154175,0,0,0,0,0,0,0
154312,0,0,0,0,0,0,1
155724,1,0,0,0,0,0,1
156321,0,0,0,0,0,0,0
156705,0,0,0,0,0,0,0
156746,0,0,0,0,0,0,0
157416,0,0,0,0,0,0,0
161371,0,0,0,0,0,0,0
162924,0,0,0,0,0,0,0
163521,0,0,0,0,0,0,0
163905,0,0,0,0,0,0,0
163946,0,0,0,0,0,0,0
164616,0,0,0,0,0,0,0
168571,0,0,0,0,0,0,0
168592,0,0,0,0,0,0,1
170120,0,0,0,0,0,0,0
170717,0,0,0,0,0,0,0
170740,0,0,0,0,0,0,1
171097,0,0,0,0,0,0,0
171138,0,0,0,0,0,0,0
175767,0,0,0,0,0,0,0
177320,0,0,0,0,0,0,0
177917,0,0,0,0,0,0,0
177940,0,0,0,0,0,0,0
177984,0,0,0,0,0,0,1
178293,0,0,0,0,0,0,0
178334,0,0,0,0,0,0,0
182963,0,0,0,0,0,0,0
184516,0,0,0,0,0,0,0
185092,0,0,0,0,0,0,1
185109,0,0,0,0,0,0,0
185493,0,0,0,0,0,0,0
185534,1,0,0,0,0,0,0
188985,0,0,0,0,0,0,1
189030,0,0,0,0,0,0,1
190155,0,0,0,0,0,0,0
191708,0,0,0,0,0,0,0
192284,0,0,0,0,0,0,0
192327,1,0,0,0,0,0,1
192685,0,0,0,0,0,0,0
193016,0,0,0,0,0,0,1
193321,1,0,0,0,0,0,1
194521,1,0,0,0,0,0,1
194584,1,0,0,0,0,0,1
195300,0,0,0,0,0,0,1
196210,0,0,0,0,0,0,0
197887,0,0,0,0,0,0,1
198480,1,0,0,0,0,0,1
199053,1,0,0,0,0,0,1
200204,0,0,0,0,0,0,0
200632,0,0,0,0,0,0,1
201709,0,0,0,0,0,0,0
203406,0,0,0,0,0,0,0
205083,0,0,0,0,0,0,0
205676,0,0,0,0,0,0,0
206249,0,0,0,0,0,0,0
207832,0,0,0,0,0,0,0
208909,0,0,0,0,0,0,0
208953,0,0,0,0,0,0,1
210602,0,0,0,0,0,0,0
212279,0,0,0,0,0,0,0
212872,0,0,0,0,0,0,0
213445,0,0,0,0,0,0,0
215028,0,0,0,0,0,0,0
216153,0,0,0,0,0,0,0
217802,0,0,0,0,0,0,0
218568,0,0,0,0,0,0,1
219475,0,0,0,0,0,0,0
220068,0,0,0,0,0,0,0
220641,0,0,0,0,0,0,0
222796,1,0,0,0,0,0,1
223349,0,0,0,0,0,0,0
224998,0,0,0,0,0,0,0
225764,0,0,0,0,0,0,0
226671,0,0,0,0,0,0,0
227841,0,0,0,0,0,0,0
229996,0,0,0,0,0,0,0
230040,0,0,0,0,0,0,1
230545,0,0,0,0,0,0,0
232194,0,0,0,0,0,0,0
232960,0,0,0,0,0,0,0
233867,0,0,0,0,0,0,0
235037,0,0,0,0,0,0,0
237240,0,0,0,0,0,0,0
237745,0,0,0,0,0,0,0
239394,0,0,0,0,0,0,0
240160,0,0,0,0,0,0,0
240421,1,0,0,0,0,0,1
241063,0,0,0,0,0,0,0
242233,0,0,0,0,0,0,0
242831,0,0,0,0,0,0,1
244432,0,0,0,0,0,0,0
245988,0,0,0,0,0,0,1
246586,0,0,0,0,0,0,0
247352,0,0,0,0,0,0,0
247613,1,0,0,0,0,0,0
249429,0,0,0,0,0,0,0
249432,1,0,0,0,0,0,1
249473,0,0,0,0,0,0,1
250019,0,0,0,0,0,0,0
253156,1,0,0,0,0,0,1
253178,1,0,0,0,0,0,1
253772,0,0,0,0,0,0,1
255736,0,0,0,0,0,0,1
256504,0,0,0,0,0,0,1
256617,0,0,0,0,0,0,0
256665,0,0,0,0,0,0,0
257211,0,0,0,0,0,0,0
258793,0,0,0,0,0,0,1
260370,0,0,0,0,0,0,0
261423,0,0,0,0,0,0,1
262020,0,0,0,0,0,0,1
262182,0,0,0,0,0,0,1
262920,0,0,0,0,0,0,0
263516,0,0,0,0,0,0,1
263801,0,0,0,0,0,0,0
263845,0,0,0,0,0,0,1
263986,0,0,0,0,0,0,1
265324,0,0,0,0,0,0,1
265973,0,0,0,0,0,0,0
268607,0,0,0,0,0,0,0
268696,0,0,0,0,0,0,1
269200,0,0,0,0,0,0,0
271041,0,0,0,0,0,0,0
271182,0,0,0,0,0,0,0
273173,0,0,0,0,0,0,0
273933,0,0,0,0,0,0,1
273981,0,0,0,0,0,0,1
275799,0,0,0,0,0,0,0
275888,0,0,0,0,0,0,0
276392,0,0,0,0,0,0,0
278378,1,0,0,0,0,0,0
281133,0,0,0,0,0,0,0
281181,0,0,0,0,0,0,0
282999,0,0,0,0,0,0,0
283088,0,0,0,0,0,0,0
283592,0,0,0,0,0,0,0
285578,0,0,0,0,0,0,0
288333,0,0,0,0,0,0,0
288381,0,0,0,0,0,0,0
290199,0,0,0,0,0,0,0
290288,0,0,0,0,0,0,0
290792,0,0,0,0,0,0,0
290981,0,0,0,0,0,0,1
292705,0,0,0,0,0,0,1
292770,0,0,0,0,0,0,0
294185,1,0,0,0,0,0,1
295521,0,0,0,0,0,0,0
297127,0,0,0,0,0,0,1
297480,0,0,0,0,0,0,0
297885,0,0,0,0,0,0,1
297980,0,0,0,0,0,0,0
299173,0,0,0,0,0,0,1
299195,1,0,0,0,0,0,1
299958,0,0,0,0,0,0,0
301373,1,0,0,0,0,0,0
303792,0,0,0,0,0,0,1
304672,1,0,0,0,0,0,0
306373,0,0,0,0,0,0,0
306395,0,0,0,0,0,0,0
307158,1,0,0,0,0,0,0
308573,1,0,0,0,0,0,0
308734,0,0,0,0,0,0,1
309573,0,0,0,0,0,0,1
310984,0,0,0,0,0,0,0
311771,0,0,0,0,0,0,1
311860,0,0,0,0,0,0,0
313561,0,0,0,0,0,0,0
313655,0,0,0,0,0,0,1
314085,1,0,0,0,0,0,1
315926,1,0,0,0,0,0,0
317821,0,0,0,0,0,0,1
318176,0,0,0,0,0,0,0
319056,0,0,0,0,0,0,0
319753,0,0,0,0,0,0,1
320489,0,0,0,0,0,0,1
320847,0,0,0,0,0,0,0
321034,1,0,0,0,0,0,1
321536,1,0,0,0,0,0,1
321864,1,0,0,0,0,0,1
321985,0,0,0,0,0,0,1
322581,0,0,0,0,0,0,1
322669,0,0,0,0,0,0,1
325282,0,0,0,0,0,0,1
327006,0,0,0,0,0,0,1
328035,0,0,0,0,0,0,0
328369,0,0,0,0,0,0,1
328724,0,0,0,0,0,0,0
329052,0,0,0,0,0,0,0
329744,0,0,0,0,0,0,1
329861,0,0,0,0,0,0,0
329980,0,0,0,0,0,0,1
330309,0,0,0,0,0,0,1
331840,1,0,0,0,0,0,1
334190,0,0,0,0,0,0,0
334786,0,0,0,0,0,0,1
335215,0,0,0,0,0,0,0
335549,0,0,0,0,0,0,0
337176,0,0,0,0,0,0,0
337505,0,0,0,0,0,0,0
339036,0,0,0,0,0,0,0
341986,0,0,0,0,0,0,0
342415,0,0,0,0,0,0,0
342749,0,0,0,0,0,0,0
344233,0,0,0,0,0,0,1
344372,0,0,0,0,0,0,0
344701,0,0,0,0,0,0,0
346232,0,0,0,0,0,0,0
349158,1,0,0,0,0,0,1
349611,0,0,0,0,0,0,0
350902,0,0,0,0,0,0,1
351429,0,0,0,0,0,0,0
351568,0,0,0,0,0,0,0
351897,0,0,0,0,0,0,0
353428,0,0,0,0,0,0,0
354581,0,0,0,0,0,0,1
356253,0,0,0,0,0,0,1
356803,0,0,0,0,0,0,0
357661,0,0,0,0,0,0,1
358090,0,0,0,0,0,0,0
358760,0,0,0,0,0,0,0
359165,1,0,0,0,0,0,1
360620,0,0,0,0,0,0,0
361052,1,0,0,0,0,0,1
361116,0,0,0,0,0,0,1
363275,1,0,0,0,0,0,1
364853,0,0,0,0,0,0,0
364856,1,0,0,0,0,0,1
365278,0,0,0,0,0,0,0
366357,0,0,0,0,0,0,0
366664,0,0,0,0,0,0,1
366708,0,0,0,0,0,0,1
368216,0,0,0,0,0,0,1
368304,0,0,0,0,0,0,0
369071,0,0,0,0,0,0,1
372041,0,0,0,0,0,0,0
372470,0,0,0,0,0,0,0
372491,1,0,0,0,0,0,1
372844,0,0,0,0,0,0,1
372845,0,0,0,0,0,0,1
373268,0,0,0,0,0,0,1
373533,0,0,0,0,0,0,0
373644,0,0,0,0,0,0,1
375396,0,0,0,0,0,0,0
376494,0,0,0,0,0,0,1
377066,0,0,0,0,0,0,1
377398,0,0,0,0,0,0,1
378403,0,0,0,0,0,0,1
380029,0,0,0,0,0,0,0
380725,0,0,0,0,0,0,0
380836,0,0,0,0,0,0,0
382588,0,0,0,0,0,0,0
384166,0,0,0,0,0,0,1
385603,0,0,0,0,0,0,0
387229,0,0,0,0,0,0,0
387925,0,0,0,0,0,0,0
388036,0,0,0,0,0,0,0
389139,1,0,0,0,0,0,1
389784,0,0,0,0,0,0,0
391362,0,0,0,0,0,0,0
391670,0,0,0,0,0,0,1
392290,0,0,0,0,0,0,1
394421,0,0,0,0,0,0,0
394777,0,0,0,0,0,0,1
395113,0,0,0,0,0,0,0
395224,0,0,0,0,0,0,0
396327,0,0,0,0,0,0,0
396972,0,0,0,0,0,0,0
398142,1,0,0,0,0,0,1
401977,0,0,0,0,0,0,0
402313,0,0,0,0,0,0,0
402424,0,0,0,0,0,0,0
402428,0,0,0,0,0,0,1
402538,0,0,0,0,0,0,1
403519,0,0,0,0,0,0,0
406875,0,0,0,0,0,0,1
409173,0,0,0,0,0,0,0
409509,0,0,0,0,0,0,0
409620,0,0,0,0,0,0,0
409624,0,0,0,0,0,0,0
409734,0,0,0,0,0,0,0
414075,0,0,0,0,0,0,0
415100,1,0,0,0,0,0,1
416369,0,0,0,0,0,0,0
416413,0,0,0,0,0,0,1
416698,1,0,0,0,0,0,1
416701,0,0,0,0,0,0,0
416812,0,0,0,0,0,0,0
417192,0,0,0,0,0,0,1
419032,0,0,0,0,0,0,1
419508,0,0,0,0,0,0,1
421259,0,0,0,0,0,0,0
423605,0,0,0,0,0,0,0
423890,0,0,0,0,0,0,0
423893,0,0,0,0,0,0,0
424388,0,0,0,0,0,0,0
425868,0,0,0,0,0,0,1
425963,0,0,0,0,0,0,1
426966,1,0,0,0,0,0,1
426969,1,0,0,0,0,0,1
427006,0,0,0,0,0,0,1
430793,0,0,0,0,0,0,0
431584,0,0,0,0,0,0,0
433064,0,0,0,0,0,0,0
433159,0,0,0,0,0,0,0
433512,0,0,0,0,0,0,1
434161,0,0,0,0,0,0,0
434202,0,0,0,0,0,0,0
434896,1,0,0,0,0,0,1
435082,0,0,0,0,0,0,1
435367,0,0,0,0,0,0,1
435844,0,0,0,0,0,0,1
435910,0,0,0,0,0,0,1
436360,0,0,0,0,0,0,1
436553,0,0,0,0,0,0,1
437604,0,0,0,0,0,0,1
437957,0,0,0,0,0,0,0
442563,0,0,0,0,0,0,0
443110,0,0,0,0,0,0,0
443560,0,0,0,0,0,0,0
443753,0,0,0,0,0,0,0
443794,0,0,0,0,0,0,1
443912,0,0,0,0,0,0,1
444144,0,0,0,0,0,0,1
444550,0,0,0,0,0,0,1
444956,0,0,0,0,0,0,1
445141,0,0,0,0,0,0,0
445497,0,0,0,0,0,0,1
445541,0,0,0,0,0,0,1
449739,0,0,0,0,0,0,0
450937,0,0,0,0,0,0,0
451336,0,0,0,0,0,0,0
451742,0,0,0,0,0,0,0
452148,0,0,0,0,0,0,0
452741,0,0,0,0,0,0,0
456939,0,0,0,0,0,0,0
458132,0,0,0,0,0,0,1
458137,0,0,0,0,0,0,0
458942,0,0,0,0,0,0,0
459157,0,0,0,0,0,0,1
459344,0,0,0,0,0,0,0
459937,0,0,0,0,0,0,0
461137,0,0,0,0,0,0,1
464131,0,0,0,0,0,0,0
465257,0,0,0,0,0,0,1
465320,0,0,0,0,0,0,0
466134,0,0,0,0,0,0,0
466540,0,0,0,0,0,0,0
467133,0,0,0,0,0,0,0
468645,1,0,0,0,0,0,1
470029,0,0,0,0,0,0,1
471323,0,0,0,0,0,0,0
472447,0,0,0,0,0,0,1
472512,0,0,0,0,0,0,0
473326,0,0,0,0,0,0,0
473344,0,0,0,0,0,0,1
473728,0,0,0,0,0,0,0
473987,0,0,0,0,0,0,1
474870,1,0,0,0,0,0,1
475276,1,0,0,0,0,0,1
475825,1,1,1,0,0,1,0
476181,0,0,0,0,0,0,1
477205,0,0,0,0,0,0,0
477757,0,0,0,0,0,0,1
478036,1,0,0,0,0,0,1
481179,0,0,0,0,0,0,0
482062,0,0,0,0,0,0,0
482468,0,0,0,0,0,0,0
484167,0,0,0,0,0,0,1
484211,0,0,0,0,0,0,1
484397,0,0,0,0,0,0,0
484949,0,0,0,0,0,0,0
485228,0,0,0,0,0,0,0
485899,0,0,0,0,0,0,1
486013,1,0,0,0,0,0,1
486205,1,0,0,0,0,0,1
488983,0,0,0,0,0,0,1
489242,0,0,0,0,0,0,0
489648,0,0,0,0,0,0,0
489787,0,0,0,0,0,0,1
492420,0,0,0,0,0,0,0
493209,0,0,0,0,0,0,0
493401,0,0,0,0,0,0,0
496397,0,0,0,0,0,0,1
496438,0,0,0,0,0,0,0
496844,0,0,0,0,0,0,0
496983,0,0,0,0,0,0,0
498156,0,0,0,0,0,0,1
498225,1,0,0,0,0,0,1
498651,0,0,0,0,0,0,1
499604,0,0,0,0,0,0,0
500393,0,0,0,0,0,0,0
500437,0,0,0,0,0,0,1
503626,0,0,0,0,0,0,0
504174,0,0,0,0,0,0,1
504341,0,0,0,0,0,0,1
505344,0,0,0,0,0,0,0
505843,0,0,0,0,0,0,0
506488,0,0,0,0,0,0,1
506792,0,0,0,0,0,0,0
507629,0,0,0,0,0,0,0
507747,0,0,0,0,0,0,1
508605,0,0,0,0,0,0,1
511362,0,0,0,0,0,0,0
511529,0,0,0,0,0,0,0
513684,0,0,0,0,0,0,0
513988,0,0,0,0,0,0,0
514947,0,0,0,0,0,0,0
515805,0,0,0,0,0,0,0
518562,0,0,0,0,0,0,0
518729,0,0,0,0,0,0,0
520884,0,0,0,0,0,0,0
521188,0,0,0,0,0,0,0
522147,0,0,0,0,0,0,0
522888,0,0,0,0,0,0,1
523001,0,0,0,0,0,0,0
523025,1,1,1,1,1,1,0
523837,1,0,0,0,0,0,1
523949,0,0,0,0,0,0,1
525746,0,0,0,0,0,0,0
527041,0,0,0,0,0,0,1
528376,0,0,0,0,0,0,0
528545,0,0,0,0,0,0,1
528633,1,0,0,0,0,0,1
529327,0,0,0,0,0,0,0
530068,0,0,0,0,0,0,0
531193,0,0,0,0,0,0,1
531545,0,0,0,0,0,0,1
532745,0,0,0,0,0,0,1
532930,1,0,0,0,0,0,0
533407,0,0,0,0,0,0,1
533764,0,0,0,0,0,0,1
535556,0,0,0,0,0,0,0
536227,1,0,0,0,0,0,1
536296,0,0,0,0,0,0,1
538737,0,0,0,0,0,0,0
539937,0,0,0,0,0,0,0
539956,0,0,0,0,0,0,1
540117,0,0,0,0,0,0,1
540118,1,0,0,0,0,0,0
541673,1,0,0,0,0,0,1
542027,0,0,0,0,0,0,1
542740,1,0,0,0,0,0,0
543672,0,0,0,0,0,0,1
543863,0,0,0,0,0,0,1
543908,1,0,0,0,0,0,1
546328,0,0,0,0,0,0,1
547305,0,0,0,0,0,0,0
547306,1,0,0,0,0,0,0
548861,1,0,0,0,0,0,0
549575,0,0,0,0,0,0,1
550436,1,0,0,0,0,0,1
550837,0,0,0,0,0,0,1
550856,1,1,1,0,0,0,0
552008,0,0,0,0,0,0,1
554498,0,0,0,0,0,0,0
556057,0,0,0,0,0,0,0
556553,1,1,1,0,0,0,1
556597,0,0,0,0,0,0,1
556763,0,0,0,0,0,0,0
558052,0,0,0,0,0,0,0
559204,0,0,0,0,0,0,0
561694,0,0,0,0,0,0,0
561931,0,0,0,0,0,0,1
562001,0,0,0,0,0,0,1
562045,0,0,0,0,0,0,1
563789,0,0,0,0,0,0,0
565248,0,0,0,0,0,0,0
566400,0,0,0,0,0,0,0
567352,0,0,0,0,0,0,1
567856,0,0,0,0,0,0,1
568882,0,0,0,0,0,0,0
569119,0,0,0,0,0,0,0
569237,0,0,0,0,0,0,0
569280,0,0,0,0,0,0,1
570977,0,0,0,0,0,0,0
574168,1,0,0,0,0,0,1
574544,0,0,0,0,0,0,0
575069,1,0,0,0,0,0,1
576074,1,0,0,0,0,0,0
576311,1,0,0,0,0,0,0
576429,0,0,0,0,0,0,0
577117,0,0,0,0,0,0,1
577162,0,0,0,0,0,0,1
577809,0,0,0,0,0,0,1
577898,0,0,0,0,0,0,1
578277,0,0,0,0,0,0,1
579545,1,0,0,0,0,0,1
579614,1,0,0,0,0,0,1
579995,1,0,0,0,0,0,1
580925,1,0,0,0,0,0,1
581330,0,0,0,0,0,0,1
581332,0,0,0,0,0,0,0
581539,0,0,0,0,0,0,1
581700,0,0,0,0,0,0,0
584989,1,0,0,0,0,0,0
588125,1,0,0,0,0,0,0
588530,1,0,0,0,0,0,0
588532,0,0,0,0,0,0,0
588739,0,0,0,0,0,0,0
588804,1,0,0,0,0,0,1
589429,0,0,0,0,0,0,1
590887,0,0,0,0,0,0,1
591097,1,0,0,0,0,0,1
591936,1,0,0,0,0,0,1
592819,1,0,0,0,0,0,1
593270,0,0,0,0,0,0,1
593747,0,0,0,0,0,0,1
594320,1,0,0,0,0,0,1
594461,1,0,0,0,0,0,1
594862,1,0,0,0,0,0,1
595195,1,0,0,0,0,0,1
595980,0,0,0,0,0,0,0
596194,1,0,0,0,0,0,1
598231,1,0,0,0,0,0,1
598273,0,0,0,0,0,0,0
598893,0,0,0,0,0,0,1
601508,1,0,0,0,0,0,0
601649,0,0,0,0,0,0,0
602218,1,0,0,0,0,0,1
603172,1,0,0,0,0,0,0
604368,0,0,0,0,0,0,1
605423,0,0,0,0,0,0,0
606089,1,0,0,0,0,0,0
606733,0,0,0,0,0,0,1
608700,0,0,0,0,0,0,0
608841,0,0,0,0,0,0,0
609410,0,0,0,0,0,0,0
609696,1,0,0,0,0,0,1
611275,0,0,0,0,0,0,1
611277,1,0,0,0,0,0,1
611316,1,0,0,0,0,0,1
611548,1,0,0,0,0,0,0
613537,1,0,0,0,0,0,1
614160,1,0,0,0,0,0,1
616076,0,0,0,0,0,0,1
616598,0,0,0,0,0,0,0
617723,1,0,0,0,0,0,1
618465,0,0,0,0,0,0,0
618744,0,0,0,0,0,0,0
618837,0,0,0,0,0,0,1
619602,1,0,0,0,0,0,1
620127,0,0,0,0,0,0,1
620864,0,0,0,0,0,0,1
621223,1,0,0,0,0,0,1
623260,0,0,0,0,0,0,0
624193,0,0,0,0,0,0,1
624403,0,0,0,0,0,0,1
626029,0,0,0,0,0,0,0
626794,0,0,0,0,0,0,0
628060,0,0,0,0,0,0,0
630170,0,0,0,0,0,0,1
630456,0,0,0,0,0,0,0
631389,0,0,0,0,0,0,0
631599,0,0,0,0,0,0,0
632867,0,0,0,0,0,0,1
633221,0,0,0,0,0,0,0
633412,1,0,0,0,0,0,1
634824,0,0,0,0,0,0,1
635248,0,0,0,0,0,0,0
636661,1,0,0,0,0,0,1
636732,0,0,0,0,0,0,1
637348,0,0,0,0,0,0,1
637350,0,0,0,0,0,0,0
638569,0,0,0,0,0,0,0
640051,0,0,0,0,0,0,0
643861,0,0,0,0,0,0,0
643932,0,0,0,0,0,0,0
644548,0,0,0,0,0,0,0
644550,0,0,0,0,0,0,0
645769,0,0,0,0,0,0,0
647251,0,0,0,0,0,0,0
650174,1,0,0,0,0,0,1
650218,0,0,0,0,0,0,1
651053,0,0,0,0,0,0,0
651124,0,0,0,0,0,0,0
651740,0,0,0,0,0,0,0
651784,0,0,0,0,0,0,1
652430,0,0,0,0,0,0,1
652957,0,0,0,0,0,0,0
653212,1,0,0,0,0,0,1
654435,0,0,0,0,0,0,0
654937,1,0,0,0,0,0,1
655434,1,1,1,1,1,1,0
655912,0,0,0,0,0,0,1
657344,1,0,0,0,0,0,1
658229,0,0,0,0,0,0,0
661635,1,0,0,0,0,0,0
662137,1,0,0,0,0,0,0
662634,1,0,0,0,0,0,0
663112,0,0,0,0,0,0,0
664115,1,0,0,0,0,0,1
664540,0,0,0,0,0,0,0
665425,1,0,0,0,0,0,0
666116,0,0,0,0,0,0,1
667435,1,0,0,0,0,0,1
669329,0,0,0,0,0,0,0
669826,0,0,0,0,0,0,0
670304,1,0,0,0,0,0,0
672625,1,1,1,1,0,0,0
673316,1,1,1,0,0,0,0
673484,1,0,0,0,0,0,1
673742,0,0,0,0,0,0,1
674627,0,0,0,0,0,0,0
676521,0,0,0,0,0,0,0
676778,1,0,0,0,0,0,1
678840,1,0,0,0,0,0,1
678881,1,0,0,0,0,0,1
679816,0,0,0,0,0,0,1
680267,0,0,0,0,0,0,1
680500,0,0,0,0,0,0,0
680932,0,0,0,0,0,0,1
682128,0,0,0,0,0,0,1
682172,0,0,0,0,0,0,1
682216,0,0,0,0,0,0,1
683456,1,0,0,0,0,0,1
683697,1,1,1,0,0,0,0
683954,0,0,0,0,0,0,0
685726,0,0,0,0,0,0,1
686057,0,0,0,0,0,0,0
686412,0,0,0,0,0,0,1
687443,0,0,0,0,0,0,0
689408,1,1,1,0,0,0,0
690000,0,0,0,0,0,0,1
690767,1,0,0,0,0,0,1
690885,0,0,0,0,0,0,0
690904,1,0,0,0,0,0,1
691448,1,0,0,0,0,0,1
692910,0,0,0,0,0,0,0
692931,1,0,0,0,0,0,1
693237,0,0,0,0,0,0,0
693596,1,0,0,0,0,0,1
694431,0,0,0,0,0,0,1
694885,0,0,0,0,0,0,1
697953,1,0,0,0,0,0,1
698041,0,0,0,0,0,0,1
698636,0,0,0,0,0,0,0
699881,1,0,0,0,0,0,1
700094,0,0,0,0,0,0,0
700496,1,0,0,0,0,0,1
700784,0,0,0,0,0,0,0
701619,0,0,0,0,0,0,0
702454,1,0,0,0,0,0,1
702760,1,0,0,0,0,0,1
702905,1,0,0,0,0,0,1
703788,1,0,0,0,0,0,1
707069,0,0,0,0,0,0,0
708819,0,0,0,0,0,0,0
709654,0,0,0,0,0,0,0
709960,0,0,0,0,0,0,0
710105,0,0,0,0,0,0,0
710988,0,0,0,0,0,0,0
711798,0,0,0,0,0,0,1
711842,0,0,0,0,0,0,1
713424,0,0,0,0,0,0,1
713538,1,0,0,0,0,0,1
714253,0,0,0,0,0,0,0
715473,1,0,0,0,0,0,1
715999,0,0,0,0,0,0,0
717144,0,0,0,0,0,0,0
717289,0,0,0,0,0,0,0
717545,1,0,0,0,0,0,1
718143,1,0,0,0,0,0,1
719653,1,0,0,0,0,0,1
719789,0,0,0,0,0,0,1
720604,0,0,0,0,0,0,0
720718,0,0,0,0,0,0,0
722658,0,0,0,0,0,0,1
724332,0,0,0,0,0,0,0
725339,0,0,0,0,0,0,0
726849,0,0,0,0,0,0,0
726985,0,0,0,0,0,0,0
727532,0,0,0,0,0,0,1
727796,0,0,0,0,0,0,0
729854,0,0,0,0,0,0,0
732539,0,0,0,0,0,0,0
733590,0,0,0,0,0,0,1
734045,0,0,0,0,0,0,0
734181,0,0,0,0,0,0,0
734728,0,0,0,0,0,0,0
734992,0,0,0,0,0,0,0
736093,0,0,0,0,0,0,1
736927,0,0,0,0,0,0,1
740786,0,0,0,0,0,0,0
741381,0,0,0,0,0,0,0
741928,0,0,0,0,0,0,0
742192,0,0,0,0,0,0,0
743293,0,0,0,0,0,0,0
743574,1,0,0,0,0,0,1
744123,0,0,0,0,0,0,0
748581,0,0,0,0,0,0,0
749128,0,0,0,0,0,0,0
749392,0,0,0,0,0,0,0
750493,0,0,0,0,0,0,0
750774,0,0,0,0,0,0,0
750891,0,0,0,0,0,0,1
753911,0,0,0,0,0,0,1
755011,0,0,0,0,0,0,1
755439,0,0,0,0,0,0,1
755769,0,0,0,0,0,0,0
756316,0,0,0,0,0,0,0
756580,0,0,0,0,0,0,0
757681,0,0,0,0,0,0,0
757962,0,0,0,0,0,0,0
762639,0,0,0,0,0,0,0
762969,0,0,0,0,0,0,0
763516,0,0,0,0,0,0,0
763780,0,0,0,0,0,0,0
764853,0,0,0,0,0,0,1
764877,0,0,0,0,0,0,0
765158,0,0,0,0,0,0,0
766665,0,0,0,0,0,0,1
769255,0,0,0,0,0,0,1
770712,0,0,0,0,0,0,0
770976,0,0,0,0,0,0,0
772077,0,0,0,0,0,0,0
772212,0,0,0,0,0,0,1
772354,0,0,0,0,0,0,0
773361,0,0,0,0,0,0,1
773857,0,0,0,0,0,0,0
776447,0,0,0,0,0,0,0
778172,0,0,0,0,0,0,0
779412,0,0,0,0,0,0,0
779554,0,0,0,0,0,0,0
780561,0,0,0,0,0,0,0
781057,0,0,0,0,0,0,0
781606,0,0,0,0,0,0,1
783640,0,0,0,0,0,0,1
783643,0,0,0,0,0,0,0
785364,0,0,0,0,0,0,0
787757,1,0,0,0,0,0,1
787761,0,0,0,0,0,0,0
788806,0,0,0,0,0,0,0
790840,0,0,0,0,0,0,0
790843,0,0,0,0,0,0,0
792564,0,0,0,0,0,0,0
794957,0,0,0,0,0,0,0
794961,0,0,0,0,0,0,0
795164,0,0,0,0,0,0,1
796002,0,0,0,0,0,0,0
797222,0,0,0,0,0,0,1
797509,0,0,0,0,0,0,1
797839,0,0,0,0,0,0,1
798361,0,0,0,0,0,0,1
799752,0,0,0,0,0,0,0
802360,0,0,0,0,0,0,0
802622,0,0,0,0,0,0,1
802885,0,0,0,0,0,0,1
804655,0,0,0,0,0,0,1
805157,0,0,0,0,0,0,1
805440,0,0,0,0,0,0,1
805553,0,0,0,0,0,0,0
805936,0,0,0,0,0,0,1
806170,0,0,0,0,0,0,1
809548,0,0,0,0,0,0,0
811851,0,0,0,0,0,0,0
812353,0,0,0,0,0,0,0
812753,0,0,0,0,0,0,0
813136,0,0,0,0,0,0,0
813370,0,0,0,0,0,0,0
813439,0,0,0,0,0,0,1
814681,0,0,0,0,0,0,1
814725,0,0,0,0,0,0,1
815660,0,0,0,0,0,0,1
815702,0,0,0,0,0,0,1
816229,0,0,0,0,0,0,1
816724,0,0,0,0,0,0,0
817948,1,0,0,0,0,0,1
820631,0,0,0,0,0,0,0
821921,0,0,0,0,0,0,0
822902,0,0,0,0,0,0,0
823429,0,0,0,0,0,0,0
823924,0,0,0,0,0,0,0
825144,0,0,0,0,0,0,1
825148,0,0,0,0,0,0,0
825162,0,0,0,0,0,0,1
825736,0,0,0,0,0,0,1
827408,0,0,0,0,0,0,1
827815,0,0,0,0,0,0,0
828555,0,0,0,0,0,0,1
828790,0,0,0,0,0,0,1
829097,0,0,0,0,0,0,0
830609,0,0,0,0,0,0,0
832138,0,0,0,0,0,0,1
832928,0,0,0,0,0,0,0
834052,0,0,0,0,0,0,1
834190,0,0,0,0,0,0,1
834208,0,0,0,0,0,0,1
834252,0,0,0,0,0,0,1
834968,0,0,0,0,0,0,1
834972,0,0,0,0,0,0,1
835418,0,0,0,0,0,0,1
835508,0,0,0,0,0,0,1
835723,0,0,0,0,0,0,0
835864,0,0,0,0,0,0,1
836192,0,0,0,0,0,0,1
836261,0,0,0,0,0,0,0
836544,0,0,0,0,0,0,1
836757,0,0,0,0,0,0,1
836996,0,0,0,0,0,0,1
837276,0,0,0,0,0,0,1
837757,0,0,0,0,0,0,0
837920,0,0,0,0,0,0,1
838877,0,0,0,0,0,0,1
839328,0,0,0,0,0,0,1
840716,0,0,0,0,0,0,1
842316,0,0,0,0,0,0,1
842578,0,0,0,0,0,0,0
842887,0,0,0,0,0,0,0
843459,0,0,0,0,0,0,1
843933,0,0,0,0,0,0,0
845467,0,0,0,0,0,0,1
846065,0,0,0,0,0,0,0
846780,0,0,0,0,0,0,1
847879,0,0,0,0,0,0,1
848569,0,0,0,0,0,0,1
849500,0,0,0,0,0,0,0
849762,0,0,0,0,0,0,0
851532,0,0,0,0,0,0,1
852467,0,0,0,0,0,0,1
853230,0,0,0,0,0,0,1
853253,0,0,0,0,0,0,0
853777,0,0,0,0,0,0,1
853794,0,0,0,0,0,0,1
853960,0,0,0,0,0,0,0
855656,0,0,0,0,0,0,1
855749,0,0,0,0,0,0,0
856128,0,0,0,0,0,0,1
856604,0,0,0,0,0,0,1
857104,0,0,0,0,0,0,1
859625,0,0,0,0,0,0,1
859643,0,0,0,0,0,0,0
860145,0,0,0,0,0,0,1
860978,0,0,0,0,0,0,0
861144,0,0,0,0,0,0,0
862025,0,0,0,0,0,0,1
864300,0,0,0,0,0,0,0
864344,0,0,0,0,0,0,1
864870,0,0,0,0,0,0,1
866835,0,0,0,0,0,0,0
867337,0,0,0,0,0,0,0
868340,0,0,0,0,0,0,0
869221,0,0,0,0,0,0,0
871544,0,0,0,0,0,0,0
872070,0,0,0,0,0,0,0
872834,0,0,0,0,0,0,1
874031,0,0,0,0,0,0,0
874533,0,0,0,0,0,0,0
875536,0,0,0,0,0,0,0
876417,0,0,0,0,0,0,0
878093,0,0,0,0,0,0,1
878476,0,0,0,0,0,0,1
878732,0,0,0,0,0,0,0
880026,0,0,0,0,0,0,0
880694,0,0,0,0,0,0,1
881219,0,0,0,0,0,0,0
881478,0,0,0,0,0,0,1
881717,1,1,1,0,0,0,0
882478,0,0,0,0,0,0,1
882573,0,0,0,0,0,0,1
882711,0,0,0,0,0,0,1
882994,0,0,0,0,0,0,1
883926,0,0,0,0,0,0,1
885242,0,0,0,0,0,0,1
885261,0,0,0,0,0,0,0
885644,0,0,0,0,0,0,0
885900,0,0,0,0,0,0,0
885947,0,0,0,0,0,0,1
886181,0,0,0,0,0,0,1
886560,0,0,0,0,0,0,1
886824,0,0,0,0,0,0,1
887009,0,0,0,0,0,0,1
887868,0,0,0,0,0,0,1
887939,0,0,0,0,0,0,1
888728,0,0,0,0,0,0,1
889733,0,0,0,0,0,0,0
890641,0,0,0,0,0,0,1
891981,0,0,0,0,0,0,1
892406,1,0,0,0,0,0,0
894201,0,0,0,0,0,0,0
894369,0,0,0,0,0,0,1
894869,0,0,0,0,0,0,1
894982,0,0,0,0,0,0,1
895048,0,0,0,0,0,0,0
895119,0,0,0,0,0,0,0
895908,0,0,0,0,0,0,0
896071,0,0,0,0,0,0,1
896620,0,0,0,0,0,0,1
897116,0,0,0,0,0,0,1
897957,1,0,0,0,0,0,1
900204,0,0,0,0,0,0,1
900207,0,0,0,0,0,0,1
900703,0,0,0,0,0,0,1
901369,0,0,0,0,0,0,0
902158,0,0,0,0,0,0,0
902589,0,0,0,0,0,0,1
903279,0,0,0,0,0,0,1
903705,0,0,0,0,0,0,1
903800,0,0,0,0,0,0,0
904227,0,0,0,0,0,0,1
904369,1,0,0,0,0,0,1
904436,0,0,0,0,0,0,1
905221,0,0,0,0,0,0,1
905724,0,0,0,0,0,0,1
906129,0,0,0,0,0,0,1
906315,0,0,0,0,0,0,1
907364,0,0,0,0,0,0,0
907939,0,0,0,0,0,0,1
908798,1,0,0,0,0,0,1
908893,0,0,0,0,0,0,1
909942,0,0,0,0,0,0,1
911357,0,0,0,0,0,0,1
911496,0,0,0,0,0,0,1
911800,0,0,0,0,0,0,1
912397,0,0,0,0,0,0,0
912828,0,0,0,0,0,0,1
913975,0,0,0,0,0,0,1
914019,0,0,0,0,0,0,1
916536,0,0,0,0,0,0,1
917130,0,0,0,0,0,0,0
918545,0,0,0,0,0,0,0
918992,0,0,0,0,0,0,0
919231,0,0,0,0,0,0,1
919585,0,0,0,0,0,0,0
919586,1,0,0,0,0,0,1
920777,0,0,0,0,0,0,1
920967,0,0,0,0,0,0,1
921085,0,0,0,0,0,0,1
923720,0,0,0,0,0,0,0
925968,0,0,0,0,0,0,1
926518,0,0,0,0,0,0,1
927064,0,0,0,0,0,0,1
927521,1,0,0,0,0,0,1
927969,0,0,0,0,0,0,0
928159,0,0,0,0,0,0,0
930916,0,0,0,0,0,0,0
933718,0,0,0,0,0,0,0
934264,0,0,0,0,0,0,0
934721,0,0,0,0,0,0,0
935169,0,0,0,0,0,0,0
935359,0,0,0,0,0,0,0
935907,0,0,0,0,0,0,1
937991,0,0,0,0,0,0,1
938108,0,0,0,0,0,0,0
938341,0,0,0,0,0,0,1
938725,0,0,0,0,0,0,1
938744,0,0,0,0,0,0,1
940732,0,0,0,0,0,0,1
940894,0,0,0,0,0,0,0
941440,0,0,0,0,0,0,0
942132,0,0,0,0,0,0,1
942562,0,0,0,0,0,0,1
942992,0,0,0,0,0,0,1
943274,0,0,0,0,0,0,1
945167,0,0,0,0,0,0,0
945521,0,0,0,0,0,0,0
945905,0,0,0,0,0,0,0
947173,0,0,0,0,0,0,1
949324,0,0,0,0,0,0,0
950188,0,0,0,0,0,0,0
950470,0,0,0,0,0,0,0
952363,0,0,0,0,0,0,0
952717,0,0,0,0,0,0,0
954373,0,0,0,0,0,0,0
954873,0,0,0,0,0,0,1
954891,0,0,0,0,0,0,1
955393,0,0,0,0,0,0,1
955725,0,0,0,0,0,0,1
955766,1,0,0,0,0,0,1
956504,0,0,0,0,0,0,0
957368,0,0,0,0,0,0,0
959905,0,0,0,0,0,0,0
960573,0,0,0,0,0,0,1
962083,1,1,1,0,0,0,0
962344,0,0,0,0,0,0,1
962917,0,0,0,0,0,0,0
962958,0,0,0,0,0,0,0
963002,0,0,0,0,0,0,1
963692,0,0,0,0,0,0,0
964002,0,0,0,0,0,0,1
967765,0,0,0,0,0,0,0
969275,0,0,0,0,0,0,0
969536,0,0,0,0,0,0,0
970083,0,0,0,0,0,0,1
970105,0,0,0,0,0,0,0
970888,0,0,0,0,0,0,0
971198,0,0,0,0,0,0,0
971242,0,0,0,0,0,0,1
972991,1,0,0,0,0,0,1
973178,1,0,0,0,0,0,1
974065,1,1,1,0,0,0,1
974945,0,0,0,0,0,0,0
976720,0,0,0,0,0,0,0
978080,0,0,0,0,0,0,0
979468,1,0,0,0,0,0,1
980187,0,0,0,0,0,0,0
980374,0,0,0,0,0,0,0
981232,0,0,0,0,0,0,1
981257,0,0,0,0,0,0,0
981467,0,0,0,0,0,0,1
982133,0,0,0,0,0,0,0
982397,0,0,0,0,0,0,1
983904,0,0,0,0,0,0,0
984357,1,0,0,0,0,0,1
986008,1,0,0,0,0,0,1
986009,1,0,0,0,0,0,1
986768,0,0,0,0,0,0,1
987293,0,0,0,0,0,0,1
987550,0,0,0,0,0,0,0
987861,0,0,0,0,0,0,1
988404,0,0,0,0,0,0,0
988643,0,0,0,0,0,0,0
988876,0,0,0,0,0,0,1
989305,0,0,0,0,0,0,0
989829,0,0,0,0,0,0,1
993956,0,0,0,0,0,0,0
994742,0,0,0,0,0,0,0
995053,0,0,0,0,0,0,0
995839,0,0,0,0,0,0,0
996072,0,0,0,0,0,0,0
996094,0,0,0,0,0,0,1
996664,0,0,0,0,0,0,1
997021,0,0,0,0,0,0,0
997763,0,0,0,0,0,0,1
997878,0,0,0,0,0,0,1
1000465,0,0,0,0,0,0,1
1000966,0,0,0,0,0,0,1
1001132,0,0,0,0,0,0,0
1001534,0,0,0,0,0,0,1
1002229,0,0,0,0,0,0,0
1003852,0,0,0,0,0,0,0
1004284,0,0,0,0,0,0,1
1004951,0,0,0,0,0,0,0
1007657,0,0,0,0,0,0,0
1008397,0,0,0,0,0,0,1
1008730,0,0,0,0,0,0,0
1009425,0,0,0,0,0,0,0
1011048,0,0,0,0,0,0,0
1011480,0,0,0,0,0,0,0
1012147,0,0,0,0,0,0,0
1013032,1,0,0,0,0,0,1
1013336,1,0,0,0,0,0,1
1015589,0,0,0,0,0,0,0
1015827,1,0,0,0,0,0,1
1015918,0,0,0,0,0,0,0
1016613,0,0,0,0,0,0,0
1020232,0,0,0,0,0,0,0
1020536,0,0,0,0,0,0,0
1022789,0,0,0,0,0,0,0
1023027,0,0,0,0,0,0,0
1023118,0,0,0,0,0,0,0
1023813,0,0,0,0,0,0,0
1024692,1,0,0,0,0,0,1
1025530,1,0,0,0,0,0,1
1025549,1,0,0,0,0,0,1
1026747,1,0,0,0,0,0,1
1026982,1,0,0,0,0,0,1
1027412,0,0,0,0,0,0,0
1027502,0,0,0,0,0,0,1
1027929,0,0,0,0,0,0,1
1028049,0,0,0,0,0,0,1
1028978,0,0,0,0,0,0,1
1029289,0,0,0,0,0,0,1
1030100,0,0,0,0,0,0,1
1031868,0,0,0,0,0,0,0
1032393,0,0,0,0,0,0,1
1033927,0,0,0,0,0,0,0
1034137,0,0,0,0,0,0,1
1036103,0,0,0,0,0,0,1
1036170,0,0,0,0,0,0,0
1036481,0,0,0,0,0,0,0
1036737,1,0,0,0,0,0,1
1036902,0,0,0,0,0,0,1
1037284,0,0,0,0,0,0,0
1037638,0,0,0,0,0,0,1
1037682,0,0,0,0,0,0,1
1038398,0,0,0,0,0,0,1
1039040,0,0,0,0,0,0,0
1040166,0,0,0,0,0,0,1
1041218,0,0,0,0,0,0,1
1041237,0,0,0,0,0,0,1
1043275,0,0,0,0,0,0,0
1043319,0,0,0,0,0,0,1
1043653,0,0,0,0,0,0,0
1044464,0,0,0,0,0,0,0
1046232,0,0,0,0,0,0,0
1048414,0,0,0,0,0,0,0
1048433,0,0,0,0,0,0,0
1050519,0,0,0,0,0,0,0
1050563,0,0,0,0,0,0,1
1050849,0,0,0,0,0,0,0
1051660,0,0,0,0,0,0,0
1053428,0,0,0,0,0,0,0
1055610,0,0,0,0,0,0,0
1055629,0,0,0,0,0,0,0
1057763,0,0,0,0,0,0,0
1058049,0,0,0,0,0,0,0
1058860,0,0,0,0,0,0,0
1060628,0,0,0,0,0,0,0
1060941,1,0,0,0,0,0,1
1060985,0,0,0,0,0,0,1
1061940,1,0,0,0,0,0,1
1061984,0,0,0,0,0,0,1
1062794,0,0,0,0,0,0,0
1062813,0,0,0,0,0,0,0
1063555,0,0,0,0,0,0,1
1063649,1,0,0,0,0,0,1
1067816,0,0,0,0,0,0,0
1069184,0,0,0,0,0,0,0
1069994,0,0,0,0,0,0,0
1070013,0,0,0,0,0,0,0
1070755,0,0,0,0,0,0,0
1070849,0,0,0,0,0,0,0
1072284,1,0,0,0,0,0,1
1073529,1,0,0,0,0,0,1
1075008,0,0,0,0,0,0,0
1077190,0,0,0,0,0,0,0
1077209,0,0,0,0,0,0,0
1077951,0,0,0,0,0,0,0
1079484,0,0,0,0,0,0,0
1080729,0,0,0,0,0,0,0
1082208,1,0,0,0,0,0,0
1084390,0,0,0,0,0,0,0
1084409,0,0,0,0,0,0,0
1084984,0,0,0,0,0,0,1
1085147,0,0,0,0,0,0,0
1087929,0,0,0,0,0,0,0
1088712,0,0,0,0,0,0,1
1089984,0,0,0,0,0,0,1
1091586,0,0,0,0,0,0,0
1091605,0,0,0,0,0,0,0
1092347,0,0,0,0,0,0,0
1095129,0,0,0,0,0,0,0
1095912,0,0,0,0,0,0,0
1097184,0,0,0,0,0,0,0
1098568,1,0,0,0,0,0,1
1098782,0,0,0,0,0,0,0
1098801,0,0,0,0,0,0,0
1098822,0,0,0,0,0,0,1
1099539,0,0,0,0,0,0,0
1099869,0,0,0,0,0,0,1
1102317,0,0,0,0,0,0,0
1104376,0,0,0,0,0,0,0
1105760,0,0,0,0,0,0,0
1106022,0,0,0,0,0,0,0
1106739,0,0,0,0,0,0,0
1107069,0,0,0,0,0,0,0
1109517,0,0,0,0,0,0,0
1111576,0,0,0,0,0,0,0
1112960,0,0,0,0,0,0,0
1113222,0,0,0,0,0,0,0
1113939,0,0,0,0,0,0,0
1114269,0,0,0,0,0,0,0
1116717,0,0,0,0,0,0,0
1118056,0,0,0,0,0,0,1
1120160,0,0,0,0,0,0,0
1120422,0,0,0,0,0,0,0
1120466,0,0,0,0,0,0,1
1121135,0,0,0,0,0,0,0
1121465,0,0,0,0,0,0,0
1122974,1,0,0,0,0,0,1
1123211,0,0,0,0,0,0,1
1123905,0,0,0,0,0,0,0
1124305,1,0,0,0,0,0,1
1125240,0,0,0,0,0,0,0
1126051,0,0,0,0,0,0,1
1126095,0,0,0,0,0,0,1
1126256,1,0,0,0,0,0,1
1130166,0,0,0,0,0,0,0
1131101,0,0,0,0,0,0,0
1131501,0,0,0,0,0,0,0
1132436,0,0,0,0,0,0,0
1133295,0,0,0,0,0,0,0
1133456,0,0,0,0,0,0,0
1134198,1,0,0,0,0,0,1
1134504,0,0,0,0,0,0,1
1138297,0,0,0,0,0,0,0
1138697,1,1,0,0,0,1,0
1138812,0,0,0,0,0,0,1
1139341,0,0,0,0,0,0,1
1139624,0,0,0,0,0,0,0
1140121,0,0,0,0,0,0,1
1140479,0,0,0,0,0,0,0
1141386,0,0,0,0,0,0,0
1143037,1,0,0,0,0,0,1
1145721,0,0,0,0,0,0,1
1146004,0,0,0,0,0,0,0
1146533,0,0,0,0,0,0,0
1146816,0,0,0,0,0,0,0
1147025,0,0,0,0,0,0,1
1147668,1,0,0,0,0,0,1
1147671,0,0,0,0,0,0,0
1148574,0,0,0,0,0,0,0
1152125,0,0,0,0,0,0,1
1152596,1,0,0,0,0,0,1
1154012,0,0,0,0,0,0,0
1154221,0,0,0,0,0,0,0
1154867,0,0,0,0,0,0,0
1155774,0,0,0,0,0,0,0
1159325,0,0,0,0,0,0,0
1159796,0,0,0,0,0,0,0
1161043,0,0,0,0,0,0,1
1161208,1,1,1,0,0,0,0
1161417,0,0,0,0,0,0,0
1162974,0,0,0,0,0,0,0
1164698,0,0,0,0,0,0,1
1164912,0,0,0,0,0,0,1
1165313,1,0,0,0,0,0,1
1166513,0,0,0,0,0,0,0
1166984,1,0,0,0,0,0,0
1168231,0,0,0,0,0,0,0
1168925,0,0,0,0,0,0,1
1168965,0,0,0,0,0,0,1
1170309,0,0,0,0,0,0,1
1171886,0,0,0,0,0,0,0
1172100,0,0,0,0,0,0,0
1173006,0,0,0,0,0,0,1
1174176,0,0,0,0,0,0,0
1175423,0,0,0,0,0,0,0
1175612,0,0,0,0,0,0,1
1176157,0,0,0,0,0,0,0
1177501,0,0,0,0,0,0,0
1178093,0,0,0,0,0,0,1
1178304,0,0,0,0,0,0,1
1180198,0,0,0,0,0,0,0
1180242,0,0,0,0,0,0,1
1182615,1,0,0,0,0,0,0
1182804,0,0,0,0,0,0,0
1184695,0,0,0,0,0,0,1
1184697,1,0,0,0,0,0,0
1185285,1,0,0,0,0,0,0
1185496,1,0,0,0,0,0,0
1186385,0,0,0,0,0,0,1
1186452,1,0,0,0,0,0,1
1187407,1,0,0,0,0,0,1
1187426,1,0,0,0,0,0,0
1188313,0,0,0,0,0,0,1
1189148,0,0,0,0,0,0,1
1189287,0,0,0,0,0,0,1
1190701,0,0,0,0,0,0,1
1191172,1,0,0,0,0,0,1
1192465,0,0,0,0,0,0,0
1192820,0,0,0,0,0,0,1
1193564,0,0,0,0,0,0,1
1194614,1,0,0,0,0,0,0
1196483,0,0,0,0,0,0,0
1197534,1,0,0,0,0,0,1
1197893,0,0,0,0,0,0,0
1199616,1,0,0,0,0,0,1
1199657,0,0,0,0,0,0,0
1200012,1,0,0,0,0,0,0
1200179,0,0,0,0,0,0,1
1201301,1,0,0,0,0,0,1
1201396,0,0,0,0,0,0,1
1202495,0,0,0,0,0,0,1
1204722,0,0,0,0,0,0,0
1205081,0,0,0,0,0,0,0
1205724,1,0,0,0,0,0,1
1206989,1,0,0,0,0,0,1
1207200,0,0,0,0,0,0,0
1209695,1,0,0,0,0,0,0
1211178,1,0,0,0,0,0,1
1212281,1,0,0,0,0,0,0
1212924,1,0,0,0,0,0,0
1213108,0,0,0,0,0,0,1
1213178,0,0,0,0,0,0,1
1214181,1,0,0,0,0,0,0
1214468,0,0,0,0,0,0,1
1215231,0,0,0,0,0,0,1
1215344,1,0,0,0,0,0,1
1215630,0,0,0,0,0,0,1
1218096,1,0,0,0,0,0,1
1218505,1,0,0,0,0,0,1
1218521,1,0,0,0,0,0,1
1221664,0,0,0,0,0,0,0
1221708,0,0,0,0,0,0,1
1222423,0,0,0,0,0,0,0
1222826,0,0,0,0,0,0,0
1225292,0,0,0,0,0,0,0
1225701,0,0,0,0,0,0,0
1225717,0,0,0,0,0,0,0
1226696,0,0,0,0,0,0,1
1228904,0,0,0,0,0,0,0
1229619,0,0,0,0,0,0,0
1230022,0,0,0,0,0,0,0
1232901,0,0,0,0,0,0,0
1232917,0,0,0,0,0,0,0
1233896,0,0,0,0,0,0,0
1236104,0,0,0,0,0,0,0
1236819,0,0,0,0,0,0,0
1237222,0,0,0,0,0,0,0
1237336,1,0,0,0,0,0,1
1240097,0,0,0,0,0,0,0
1240113,0,0,0,0,0,0,0
1243304,1,0,0,0,0,0,0
1244019,0,0,0,0,0,0,0
1244422,0,0,0,0,0,0,0
1244536,1,0,0,0,0,0,0
1244845,1,0,0,0,0,0,1
1245084,1,0,0,0,0,0,1
1246689,0,0,0,0,0,0,1
1247761,0,0,0,0,0,0,1
1247782,0,0,0,0,0,0,1
1248836,0,0,0,0,0,0,1
1250919,0,0,0,0,0,0,1
1251728,0,0,0,0,0,0,0
1252756,0,0,0,0,0,0,1
1253211,0,0,0,0,0,0,1
1253881,0,0,0,0,0,0,0
1254523,0,0,0,0,0,0,1
1254949,0,0,0,0,0,0,0
1254970,0,0,0,0,0,0,0
1255446,0,0,0,0,0,0,1
1255489,0,0,0,0,0,0,1
1256013,0,0,0,0,0,0,1
1256016,0,0,0,0,0,0,0
1256629,0,0,0,0,0,0,1
1257204,0,0,0,0,0,0,1
1258207,0,0,0,0,0,0,1
1258875,0,0,0,0,0,0,1
1259016,0,0,0,0,0,0,1
1259540,0,0,0,0,0,0,1
1259559,0,0,0,0,0,0,1
1259912,0,0,0,0,0,0,0
1260967,0,0,0,0,0,0,1
1261037,0,0,0,0,0,0,0
1261919,0,0,0,0,0,0,1
1262325,0,0,0,0,0,0,1
1262606,0,0,0,0,0,0,0
1263083,0,0,0,0,0,0,1
1263249,0,0,0,0,0,0,1
1263793,0,0,0,0,0,0,0
1264033,0,0,0,0,0,0,1
1264147,0,0,0,0,0,0,1
1266712,0,0,0,0,0,0,0
1267088,0,0,0,0,0,0,0
1269798,0,0,0,0,0,0,0
1270993,0,0,0,0,0,0,0
1271233,0,0,0,0,0,0,0
1271347,0,0,0,0,0,0,0
1272377,0,0,0,0,0,0,1
1273185,1,0,0,0,0,0,1
1273229,0,0,0,0,0,0,1
1273900,0,0,0,0,0,0,0
1274183,0,0,0,0,0,0,1
1274185,1,0,0,0,0,0,1
1274197,0,0,0,0,0,0,1
1274264,0,0,0,0,0,0,0
1276665,0,0,0,0,0,0,1
1276948,0,0,0,0,0,0,1
1276966,0,0,0,0,0,0,0
1277633,0,0,0,0,0,0,1
1278113,0,0,0,0,0,0,1
1279837,0,0,0,0,0,0,1
1281367,0,0,0,0,0,0,0
1281456,0,0,0,0,0,0,0
1283519,1,0,0,0,0,0,1
1284020,1,0,0,0,0,0,1
1284158,0,0,0,0,0,0,0
1284825,0,0,0,0,0,0,0
1285252,1,0,0,0,0,0,1
1287029,0,0,0,0,0,0,0
1288990,0,0,0,0,0,0,1
1289684,0,0,0,0,0,0,1
1290711,0,0,0,0,0,0,0
1292025,0,0,0,0,0,0,0
1292452,0,0,0,0,0,0,0
1293096,0,0,0,0,0,0,1
1293191,0,0,0,0,0,0,1
1294221,1,0,0,0,0,0,0
1295273,0,0,0,0,0,0,1
1296178,0,0,0,0,0,0,0
1296872,0,0,0,0,0,0,0
1297273,0,0,0,0,0,0,1
1298421,0,0,0,0,0,0,1
1300288,0,0,0,0,0,0,0
1300383,1,0,0,0,0,0,0
1302469,0,0,0,0,0,0,0
1303065,0,0,0,0,0,0,1
1303370,0,0,0,0,0,0,0
1303942,0,0,0,0,0,0,1
1304060,0,0,0,0,0,0,0
1305613,0,0,0,0,0,0,0
1307480,0,0,0,0,0,0,0
1307575,0,0,0,0,0,0,0
1310261,0,0,0,0,0,0,0
1310398,0,0,0,0,0,0,1
1310442,0,0,0,0,0,0,1
1310917,0,0,0,0,0,0,1
1311252,0,0,0,0,0,0,0
1312302,0,0,0,0,0,0,1
1313738,0,0,0,0,0,0,1
1314310,0,0,0,0,0,0,1
1314664,0,0,0,0,0,0,0
1314759,0,0,0,0,0,0,0
1314825,0,1,0,0,0,0,1
1315040,1,0,0,0,0,0,1
1316954,1,1,1,0,0,0,1
1317433,1,1,1,0,0,0,0
1318650,1,0,0,0,0,0,1
1320351,1,0,0,0,0,0,1
1321856,0,0,0,0,0,0,0
1322021,0,0,0,0,0,0,0
1322115,1,0,0,0,0,0,1
1322232,0,0,0,0,0,0,0
1322298,0,0,0,0,0,0,1
1324625,1,0,0,0,0,0,0
1329056,0,0,0,0,0,0,0
1329221,0,0,0,0,0,0,0
1329315,0,0,0,0,0,0,0
1329432,0,0,0,0,0,0,0
1329498,0,0,0,0,0,0,0
1331825,0,0,0,0,0,0,0
1332948,1,0,0,0,0,0,1
1333281,0,0,0,0,0,0,1
1333659,0,0,0,0,0,0,1
1333703,0,0,0,0,0,0,1
1334828,0,0,0,0,0,0,1
1335425,1,0,0,0,0,0,1
1336232,0,0,0,0,0,0,0
1336397,1,0,0,0,0,0,0
1336682,0,0,0,0,0,0,0
1337926,0,0,0,0,0,0,1
1338185,0,0,0,0,0,0,1
1338924,0,0,0,0,0,0,1
1340891,1,1,1,0,0,0,0
1342016,0,0,0,0,0,0,0
1342613,0,0,0,0,0,0,0
1343785,0,0,0,0,0,0,1
1344573,0,0,0,0,0,0,1
1345118,0,0,0,0,0,0,0
1345377,0,0,0,0,0,0,0
1346116,0,0,0,0,0,0,0
1346425,0,0,0,0,0,0,1
1348079,0,0,0,0,0,0,0
1349203,0,0,0,0,0,0,1
1349204,0,0,0,0,0,0,0
1349673,0,0,0,0,0,0,1
1349721,0,0,0,0,0,0,1
1350241,0,0,0,0,0,0,1
1350245,0,0,0,0,0,0,1
1350307,0,0,0,0,0,0,1
1350709,0,0,0,0,0,0,1
1350827,0,0,0,0,0,0,1
1351733,0,0,0,0,0,0,1
1352212,0,0,0,0,0,0,1
1352278,0,0,0,0,0,0,0
1352729,0,0,0,0,0,0,1
1352822,0,0,0,0,0,0,1
1353013,0,0,0,0,0,0,1
1353247,0,0,0,0,0,0,1
1353264,0,0,0,0,0,0,0
1353265,0,0,0,0,0,0,1
1353549,0,0,0,0,0,0,1
1353759,0,0,0,0,0,0,1
1353825,0,0,0,0,0,0,1
1354012,0,0,0,0,0,0,1
1354297,0,0,0,0,0,0,1
1354556,0,0,0,0,0,0,1
1354795,0,0,0,0,0,0,1
1354909,0,0,0,0,0,0,1
1355000,0,0,0,0,0,0,1
1355477,0,0,0,0,0,0,1
1355715,0,0,0,0,0,0,1
1356165,0,0,0,0,0,0,1
1356689,0,0,0,0,0,0,1
1356735,0,0,0,0,0,0,1
1357304,0,0,0,0,0,0,1
1357422,0,0,0,0,0,0,1
1357441,0,0,0,0,0,0,1
1357487,0,0,0,0,0,0,1
1358296,0,0,0,0,0,0,1
1358367,0,0,0,0,0,0,1
1358890,0,0,0,0,0,0,1
1359055,0,0,0,0,0,0,1
1359316,0,0,0,0,0,0,0
1359404,0,0,0,0,0,0,1
1360124,0,0,0,0,0,0,1
1360673,0,0,0,0,0,0,0
1360716,0,0,0,0,0,0,1
1361336,0,0,0,0,0,0,1
1361402,0,0,0,0,0,0,1
1361641,0,0,0,0,0,0,1
1364609,0,0,0,0,0,0,0
1365135,0,0,0,0,0,0,1
1366137,0,0,0,0,0,0,1
1366588,0,0,0,0,0,0,0
1366851,0,0,0,0,0,0,1
1366965,0,0,0,0,0,0,1
1367564,0,0,0,0,0,0,1
1368229,0,0,0,0,0,0,1
1368586,0,0,0,0,0,0,0
1368825,0,0,0,0,0,0,0
1372826,0,0,0,0,0,0,1
1373780,0,0,0,0,0,0,0
1374043,0,0,0,0,0,0,0
1374760,0,0,0,0,0,0,0
1375425,0,0,0,0,0,0,0
1376025,0,0,0,0,0,0,0
1380026,0,0,0,0,0,0,0
1380980,0,0,0,0,0,0,0
1381243,0,0,0,0,0,0,0
1381960,0,0,0,0,0,0,0
1382004,0,0,0,0,0,0,1
1382621,0,0,0,0,0,0,0
1383221,0,0,0,0,0,0,0
1387222,0,0,0,0,0,0,0
1388176,0,0,0,0,0,0,0
1388342,0,0,0,0,0,0,1
1388435,0,0,0,0,0,0,0
1389200,0,0,0,0,0,0,0
1389408,0,0,0,0,0,0,1
1389813,0,0,0,0,0,0,0
1390413,0,0,0,0,0,0,0
1392352,1,0,0,0,0,0,1
1392560,1,0,0,0,0,0,1
1392967,0,0,0,0,0,0,1
1393085,0,0,0,0,0,0,1
1393101,0,0,0,0,0,0,1
1393600,0,0,0,0,0,0,1
1393840,0,0,0,0,0,0,1
1395514,0,0,0,0,0,0,0
1395533,0,0,0,0,0,0,1
1395676,0,0,0,0,0,0,1
1397593,0,0,0,0,0,0,1
1398356,0,0,0,0,0,0,1
1400151,0,0,0,0,0,0,0
1400792,0,0,0,0,0,0,0
1402710,0,0,0,0,0,0,0
1402729,0,0,0,0,0,0,0
1402848,1,0,0,0,0,0,1
1404738,1,0,0,0,0,0,1
1404780,1,0,0,0,0,0,1
1404782,0,0,0,0,0,0,1
1404785,1,0,0,0,0,0,0
1406353,0,0,0,0,0,0,1
1406901,0,0,0,0,0,0,1
1407331,1,0,0,0,0,0,0
1407589,0,0,0,0,0,0,1
1407853,1,0,0,0,0,0,1
1410032,0,0,0,0,0,0,0
1411968,1,0,0,0,0,0,0
1411970,0,0,0,0,0,0,0
1414531,0,0,0,0,0,0,0
1414789,0,0,0,0,0,0,0
1415053,0,0,0,0,0,0,0
1417158,0,0,0,0,0,0,1
1417228,0,0,0,0,0,0,0
1418999,0,0,0,0,0,0,1
1419160,0,0,0,0,0,0,0
1420046,1,0,0,0,0,0,1
1420475,1,0,0,0,0,0,1
1421719,0,0,0,0,0,0,1
1421977,0,0,0,0,0,0,0
1422241,0,0,0,0,0,0,0
1422332,1,0,0,0,0,0,1
1426045,0,0,0,0,0,0,1
1426352,0,0,0,0,0,0,0
1427238,0,0,0,0,0,0,0
1428915,0,0,0,0,0,0,0
1428959,0,0,0,0,0,0,1
1429437,0,0,0,0,0,0,0
1429528,1,0,0,0,0,0,0
1429976,1,0,0,0,0,0,1
1431416,1,0,0,0,0,0,1
1431533,1,0,0,0,0,0,1
1432249,0,0,0,0,0,0,1
1433225,0,0,0,0,0,0,0
1433369,0,0,0,0,0,0,1
1434418,1,0,0,0,0,0,0
1435565,0,0,0,0,0,0,1
1436139,1,0,0,0,0,0,0
1437164,1,0,0,0,0,0,0
1438604,0,0,0,0,0,0,0
1439342,1,0,0,0,0,0,1
1440565,0,0,0,0,0,0,0
1442765,1,0,0,0,0,0,0
1443339,0,0,0,0,0,0,0
1444364,1,0,0,0,0,0,0
1445804,0,0,0,0,0,0,0
1446542,0,0,0,0,0,0,0
1446632,0,0,0,0,0,0,1
1447761,0,0,0,0,0,0,0
1448357,0,0,0,0,0,0,1
1449478,0,0,0,0,0,0,1
1449953,0,0,0,0,0,0,0
1450025,0,0,0,0,0,0,1
1450068,0,0,0,0,0,0,1
1450470,1,0,0,0,0,0,1
1450515,0,0,0,0,0,0,0
1450681,0,0,0,0,0,0,1
1452597,0,0,0,0,0,0,1
1453769,1,0,0,0,0,0,1
1453808,0,0,0,0,0,0,0
1455654,0,0,0,0,0,0,1
1457137,0,0,0,0,0,0,0
1457256,1,0,0,0,0,0,0
1457707,1,1,1,0,0,0,0
1459840,1,0,0,0,0,0,1
1460965,1,0,0,0,0,0,0
1461004,1,0,0,0,0,0,0
1461483,1,0,0,0,0,0,1
1461888,1,0,0,0,0,0,1
1462506,1,0,0,0,0,0,1
1462507,1,0,0,0,0,0,1
1462860,1,0,0,0,0,0,1
1463407,0,0,0,0,0,0,1
1463451,0,0,0,0,0,0,1
1464188,1,0,0,0,0,0,1
1464305,1,0,0,0,0,0,0
1465144,1,0,0,0,0,0,1
1466530,1,0,0,0,0,0,1
1467509,0,0,0,0,0,0,1
1468133,1,0,0,0,0,0,0
1470647,0,0,0,0,0,0,0
1471384,1,1,1,1,0,0,0
1472344,1,1,0,0,0,0,0
1473515,1,0,0,0,0,0,1
1473726,0,0,0,0,0,0,0
1474444,1,0,0,0,0,0,1
1474701,1,0,0,0,0,0,0
1475325,1,1,1,0,0,1,0
1477527,1,0,0,0,0,0,1
1478576,1,0,0,0,0,0,0
1479632,1,0,0,0,0,0,1
1480516,1,0,0,0,0,0,1
1480652,1,0,0,0,0,0,1
1480914,1,1,0,0,0,0,0
1481388,0,0,0,0,0,0,1
1481650,1,0,0,0,0,0,1
1481885,1,0,0,0,0,0,0
1481957,0,0,0,0,0,0,1
1483340,1,0,0,0,0,0,1
1484707,1,1,0,0,0,1,0
1485924,1,0,0,0,0,0,1
1486523,1,0,0,0,0,0,1
1487432,1,1,1,1,0,0,1
1487451,0,0,0,0,0,0,1
1487780,0,0,0,0,0,0,1
1488834,1,1,1,0,0,0,0
1489069,1,1,0,0,0,0,0
1489141,1,1,1,0,0,0,0
1489902,0,0,0,0,0,0,1
1490353,1,0,0,0,0,0,1
1490976,1,1,1,0,0,0,1
1491953,1,1,1,0,0,0,1
1494639,1,1,0,0,0,0,0
1494968,0,0,0,0,0,0,0
1495328,0,0,0,0,0,0,1
1495824,1,0,0,0,0,0,1
1496329,1,1,0,0,0,0,0
1496632,0,0,0,0,0,0,1
1496751,1,0,0,0,0,0,1
1497082,0,0,0,0,0,0,0
1497921,1,0,0,0,0,0,1
1499137,0,0,0,0,0,0,0
1500165,1,0,0,0,0,0,1
1500979,1,0,0,0,0,0,1
1502272,1,0,0,0,0,0,1
1502483,0,0,0,0,0,0,1
1503056,0,0,0,0,0,0,1
1503312,0,0,0,0,0,0,1
1503550,1,0,0,0,0,0,1
1504196,1,0,0,0,0,0,1
1504404,0,0,0,0,0,0,1
1504569,0,0,0,0,0,0,1
1504686,0,0,0,0,0,0,1
1504972,0,0,0,0,0,0,1
1505089,0,0,0,0,0,0,0
1505707,0,0,0,0,0,0,1
1507815,0,0,0,0,0,0,1
1509611,1,0,0,0,0,0,1
1511596,1,0,0,0,0,0,0
1511621,1,0,0,0,0,0,1
1511757,0,0,0,0,0,0,0
1511874,0,0,0,0,0,0,0
1512160,1,0,0,0,0,0,0
1512920,1,0,0,0,0,0,1
1513353,0,0,0,0,0,0,1
1513705,1,0,0,0,0,0,1
1515049,1,0,0,0,0,0,1
1516312,1,1,1,0,0,0,1
1516409,1,0,0,0,0,0,1
1516787,1,1,0,0,0,0,0
1517000,1,1,0,0,0,0,1
1517237,0,0,0,0,0,0,1
1517903,0,0,0,0,0,0,1
1518689,0,0,0,0,0,0,1
1518735,0,0,0,0,0,0,1
1519042,0,0,0,0,0,0,0
1519257,1,1,0,0,0,0,1
1520091,1,0,0,0,0,0,1
1520398,0,0,0,0,0,0,1
1522221,0,0,0,0,0,0,1
1523484,0,0,0,0,0,0,0
1524180,0,0,0,0,0,0,0
1525209,0,0,0,0,0,0,1
1525873,1,0,0,0,0,0,0
1526975,0,0,0,0,0,0,1
1527594,0,0,0,0,0,0,0
1528645,1,0,0,0,0,0,1
1530680,0,0,0,0,0,0,0
1531181,0,0,0,0,0,0,1
1531372,0,0,0,0,0,0,0
1532401,1,1,1,0,0,0,0
1534171,0,0,0,0,0,0,0
1534790,0,0,0,0,0,0,0
1535387,0,0,0,0,0,0,1
1536175,0,0,0,0,0,0,1
1537872,0,0,0,0,0,0,0
1538373,0,0,0,0,0,0,0
1538564,0,0,0,0,0,0,0
1539593,0,0,0,0,0,0,0
1541026,1,0,0,0,0,0,1
1543375,0,0,0,0,0,0,0
1545072,0,0,0,0,0,0,0
1545573,0,0,0,0,0,0,0
1545764,0,0,0,0,0,0,0
1546525,1,0,0,0,0,0,1
1546789,0,0,0,0,0,0,0
1547311,1,0,0,0,0,0,1
1548096,0,0,0,0,0,0,1
1548214,1,0,0,0,0,0,0
1550587,1,0,0,0,0,0,1
1551734,1,0,0,0,0,0,1
1552956,0,0,0,0,0,0,0
1553717,0,0,0,0,0,0,0
1553981,0,0,0,0,0,0,0
1554861,1,0,0,0,0,0,1
1555288,0,0,0,0,0,0,0
1555457,1,0,0,0,0,0,1
1555740,1,0,0,0,0,0,1
1557269,1,0,0,0,0,0,1
1557771,1,0,0,0,0,0,0
1558008,1,0,0,0,0,0,1
1558197,1,0,0,0,0,0,1
1558910,0,0,0,0,0,0,0
1558977,1,0,0,0,0,0,1
1559072,1,0,0,0,0,0,1
1559498,1,0,0,0,0,0,1
1559807,1,0,0,0,0,0,1
1560691,0,0,0,0,0,0,1
1562273,1,0,0,0,0,0,1
1562456,1,0,0,0,0,0,0
1562479,1,0,0,0,0,0,1
1562810,1,0,0,0,0,0,1
1563623,1,0,0,0,0,0,1
1563713,1,0,0,0,0,0,1
1564695,1,0,0,0,0,0,1
1566059,1,0,0,0,0,0,1
1566222,1,0,0,0,0,0,1
1566244,0,0,0,0,0,0,0
1567175,1,0,0,0,0,0,1
1567674,1,0,0,0,0,0,1
1567792,1,0,0,0,0,0,1
1568697,1,0,0,0,0,0,1
1569340,1,0,0,0,0,0,1
1569437,0,0,0,0,0,0,0
1574375,1,1,1,0,0,0,0
1574874,0,0,0,0,0,0,0
1574992,1,1,1,0,0,1,0
1575897,1,1,0,0,0,1,0
1576540,0,0,0,0,0,0,0
1576637,0,0,0,0,0,0,0
1577758,1,0,0,0,0,0,1
1578885,1,0,0,0,0,0,1
1581567,0,0,0,0,0,0,0
1582188,0,0,0,0,0,0,0
1583093,0,0,0,0,0,0,0
1583736,0,0,0,0,0,0,0
1584958,0,0,0,0,0,0,0
1586085,0,0,0,0,0,0,0
1588767,0,0,0,0,0,0,0
1589388,0,0,0,0,0,0,0
1590293,0,0,0,0,0,0,0
1590936,0,0,0,0,0,0,0
1592158,0,0,0,0,0,0,0
1593285,0,0,0,0,0,0,0
1593445,1,0,0,0,0,0,1
1595145,0,0,0,0,0,0,1
1595959,0,0,0,0,0,0,0
1596580,1,1,0,0,0,0,0
1597200,1,0,0,0,0,0,1
1598060,0,0,0,0,0,0,1
1598124,1,0,0,0,0,0,0
1599346,1,0,0,0,0,0,0
1599367,1,0,0,0,0,0,1
1599796,1,0,0,0,0,0,1
1600465,1,1,1,0,0,0,0
1602329,1,1,1,0,0,1,0
1602856,1,0,0,0,0,0,1
1604940,1,0,0,0,0,0,1
1605316,1,0,0,0,0,0,0
1606538,1,1,1,0,0,0,0
1606559,1,1,1,0,0,0,0
1606866,0,0,0,0,0,0,1
1607056,0,0,0,0,0,0,1
1607653,1,0,0,0,0,0,0
1607695,1,0,0,0,0,0,1
1609513,1,0,0,0,0,0,0
1612508,0,0,0,0,0,0,0
1612864,0,0,0,0,0,0,1
1614062,0,0,0,0,0,0,0
1614252,0,0,0,0,0,0,0
1614510,0,0,0,0,0,0,1
1614845,0,0,0,0,0,0,0
1614887,0,0,0,0,0,0,0
1614930,0,0,0,0,0,0,1
1615336,1,0,0,0,0,0,1
1616026,1,0,0,0,0,0,1
1616693,0,0,0,0,0,0,0
1620048,0,0,0,0,0,0,0
1622041,0,0,0,0,0,0,0
1622083,0,0,0,0,0,0,0
1622536,0,0,0,0,0,0,0
1623226,0,0,0,0,0,0,0
1623893,0,0,0,0,0,0,0
1627248,0,0,0,0,0,0,0
1629241,0,0,0,0,0,0,0
1629283,0,0,0,0,0,0,0
1629736,0,0,0,0,0,0,0
1630426,0,0,0,0,0,0,0
1631093,0,0,0,0,0,0,0
1634448,0,0,0,0,0,0,0
1636441,0,0,0,0,0,0,0
1636483,0,0,0,0,0,0,0
1636936,0,0,0,0,0,0,0
1637626,0,0,0,0,0,0,0
1638293,0,0,0,0,0,0,0
1641648,0,0,0,0,0,0,0
1643641,0,0,0,0,0,0,0
1643683,0,0,0,0,0,0,0
1644136,0,0,0,0,0,0,0
1644826,0,0,0,0,0,0,0
1645493,0,0,0,0,0,0,0
1648848,0,0,0,0,0,0,0
1650841,0,0,0,0,0,0,0
1650883,0,0,0,0,0,0,0
1651336,0,0,0,0,0,0,0
1652026,0,0,0,0,0,0,0
1652453,0,0,0,0,0,0,1
1652812,0,0,0,0,0,0,1
1653456,0,0,0,0,0,0,1
1654097,0,0,0,0,0,0,1
1654287,0,0,0,0,0,0,1
1656032,0,0,0,0,0,0,0
1656035,1,0,0,0,0,0,1
1658021,1,0,0,0,0,0,0
1658567,0,0,0,0,0,0,1
1659210,0,0,0,0,0,0,0
1659927,1,0,0,0,0,0,1
1660644,1,1,0,0,0,0,0
1660662,1,0,0,0,0,0,1
1661281,1,1,1,0,0,0,0
1662526,1,0,0,0,0,0,1
1662619,1,0,0,0,0,0,1
1663046,0,0,0,0,0,0,1
1663208,0,0,0,0,0,0,0
1663613,1,0,0,0,0,0,1
1663632,0,0,0,0,0,0,1
1664156,0,0,0,0,0,0,1
1664635,1,0,0,0,0,0,1
1665013,1,0,0,0,0,0,1
1665181,1,1,0,0,0,0,0
1665462,0,0,0,0,0,0,1
1665745,0,0,0,0,0,0,1
1666149,0,0,0,0,0,0,1
1666434,1,0,0,0,0,0,1
1666765,1,0,0,0,0,0,1
1667553,1,0,0,0,0,0,1
1667792,0,0,0,0,0,0,0
1669756,1,0,0,0,0,0,1
1671332,0,0,0,0,0,0,0
1671620,1,0,0,0,0,0,1
1671664,0,0,0,0,0,0,1
1671803,0,0,0,0,0,0,0
1672353,0,0,0,0,0,0,0
1672920,1,0,0,0,0,0,1
1673614,0,0,0,0,0,0,0
1674621,1,0,0,0,0,0,1
1674733,1,0,0,0,0,0,0
1674754,0,0,0,0,0,0,1
1675420,1,1,1,0,0,0,1
1677912,1,1,1,0,0,1,1
1678077,1,0,0,0,0,0,1
1678649,0,0,0,0,0,0,1
1678840,0,0,0,0,0,0,0
1678979,0,0,0,0,0,0,0
1679044,1,0,0,0,0,0,1
1679233,1,0,0,0,0,0,1
1679592,0,0,0,0,0,0,1
1680284,0,0,0,0,0,0,1
1680756,0,0,0,0,0,0,1
1680757,1,0,0,0,0,0,1
1680797,0,0,0,0,0,0,1
1681012,0,0,0,0,0,0,1
1681777,0,0,0,0,0,0,0
1681914,0,0,0,0,0,0,0
1686159,0,0,0,0,0,0,0
1687952,0,0,0,0,0,0,0
1687997,0,0,0,0,0,0,0
1688212,0,0,0,0,0,0,0
1688977,0,0,0,0,0,0,0
1689114,0,0,0,0,0,0,0
1692998,0,0,0,0,0,0,1
1693355,0,0,0,0,0,0,0
1695148,0,0,0,0,0,0,0
1695193,0,0,0,0,0,0,0
1695408,1,1,1,0,0,0,0
1695979,1,1,1,1,1,1,0
1696169,0,0,0,0,0,0,0
1696213,0,0,0,0,0,0,1
1696253,1,0,0,0,0,0,1
1697765,1,0,0,0,0,0,1
1700085,1,1,1,0,0,0,1
1700178,0,0,0,0,0,0,0
1700223,1,0,0,0,0,0,1
1702328,0,0,0,0,0,0,0
1702330,1,0,0,0,0,0,1
1702588,1,0,0,0,0,0,0
1702605,1,0,0,0,0,0,1
1702962,1,0,0,0,0,0,1
1703581,1,0,0,0,0,0,1
1703584,1,0,0,0,0,0,1
1703790,1,0,0,0,0,0,1
1704941,1,0,0,0,0,0,0
1706665,1,0,0,0,0,0,1
1707403,1,1,1,1,0,0,0
1707422,0,0,0,0,0,0,1
1708738,1,0,0,0,0,0,1
1708881,1,0,0,0,0,0,1
1709496,1,0,0,0,0,0,0
1709711,1,1,1,1,1,1,0
1710090,1,0,0,0,0,0,1
1710401,1,0,0,0,0,0,1
1710540,0,0,0,0,0,0,1
1710749,1,1,0,0,0,1,0
1710987,1,0,0,0,0,0,1
1711367,1,0,0,0,0,0,1
1711409,1,0,0,0,0,0,1
1712007,0,0,0,0,0,0,1
1712629,0,0,0,0,0,0,1
1713849,0,0,0,0,0,0,1
1714709,1,0,0,0,0,0,1
1714895,0,0,0,0,0,0,1
1715565,0,0,0,0,0,0,1
1716660,0,0,0,0,0,0,0
1717258,0,0,0,0,0,0,0
1717712,0,0,0,0,0,0,0
1718593,0,0,0,0,0,0,0
1719214,1,1,1,1,1,1,0
1720528,1,1,1,0,0,0,1
1721412,1,0,0,0,0,0,1
1722083,0,0,0,0,0,0,0
1722753,0,0,0,0,0,0,0
1723177,0,0,0,0,0,0,1
1724904,1,1,1,0,0,0,0
1726410,1,0,0,0,0,0,0
1728612,1,1,1,0,0,0,0
1728945,0,0,0,0,0,0,1
1728989,0,0,0,0,0,0,1
1729275,1,1,1,0,0,1,0
1729704,1,0,0,0,0,0,1
1729941,0,0,0,0,0,0,0
1733393,0,0,0,0,0,0,1
1733581,0,0,0,0,0,0,1
1733598,0,0,0,0,0,0,0
1735800,1,1,1,0,0,0,0
1736181,0,0,0,0,0,0,0
1736225,0,0,0,0,0,0,1
1736463,0,0,0,0,0,0,0
1736892,0,0,0,0,0,0,0
1738085,0,0,0,0,0,0,1
1738873,1,0,0,0,0,0,1
1739661,1,0,0,0,0,0,1
1740257,1,0,0,0,0,0,1
1740761,0,0,0,0,0,0,0
1740778,0,0,0,0,0,0,0
1742980,0,0,0,0,0,0,0
1743651,0,0,0,0,0,0,0
1744080,0,0,0,0,0,0,0
1744797,1,1,1,0,0,0,1
1745897,1,0,0,0,0,0,1
1747449,0,0,0,0,0,0,0
1747974,1,1,1,0,0,0,0
1750176,1,1,0,0,0,0,0
1750847,1,1,1,0,0,0,0
1751248,1,0,0,0,0,0,1
1751272,1,1,1,0,0,0,0
1751288,0,0,0,0,0,0,1
1751359,0,0,0,0,0,0,1
1752480,1,0,0,0,0,0,1
1753081,1,1,1,0,0,0,0
1754633,1,1,1,0,0,0,0
1754637,0,0,0,0,0,0,1
1754747,1,1,1,1,1,1,0
1755150,1,1,0,0,0,0,0
1755579,0,0,0,0,0,0,1
1758357,0,0,0,0,0,0,1
1758452,1,1,0,0,0,1,0
1759429,1,0,0,0,0,0,1
1759664,1,1,0,0,0,0,0
1760168,0,0,0,0,0,0,1
1761145,1,1,1,1,1,1,0
1761817,1,1,1,0,0,0,0
1762097,0,0,0,0,0,0,1
1762334,1,1,0,0,0,1,0
1762763,1,1,1,0,0,1,0
1766860,1,1,1,0,0,0,0
1767364,0,0,0,0,0,0,0
1768439,1,1,0,0,0,0,1
1769013,0,0,0,0,0,0,0
1769293,1,1,0,0,0,0,0
1769530,1,1,1,0,0,0,0
1771233,1,0,0,0,0,0,1
1771897,1,0,0,0,0,0,1
1773457,1,0,0,0,0,0,1
1774048,1,0,0,0,0,0,0
1774552,1,0,0,0,0,0,0
1775245,1,1,1,1,1,1,0
1775623,1,1,1,0,0,0,0
1775717,0,0,0,0,0,0,1
1776455,1,0,0,0,0,0,1
1776714,1,1,0,0,0,1,0
1779085,1,1,0,0,0,0,0
1780185,1,1,0,0,0,0,1
1781165,1,0,0,0,0,0,1
1781232,1,1,1,0,0,0,0
1781689,1,0,0,0,0,0,1
1781732,1,1,1,0,0,1,0
1782253,1,0,0,0,0,0,1
1783165,0,0,0,0,0,0,1
1783639,1,1,0,0,0,0,0
1783898,1,1,0,0,0,0,0
1784854,0,0,0,0,0,0,1
1785693,1,0,0,0,0,0,1
1788420,0,0,0,0,0,0,0
1788924,0,0,0,0,0,0,0
1789445,0,0,0,0,0,0,0
1789972,1,0,0,0,0,0,1
1790760,1,0,0,0,0,0,1
1790827,0,0,0,0,0,0,0
1792046,0,0,0,0,0,0,0
1792188,1,0,0,0,0,0,1
1792881,0,0,0,0,0,0,0
1793356,1,0,0,0,0,0,1
1795604,0,0,0,0,0,0,0
1796633,0,0,0,0,0,0,0
1798023,0,0,0,0,0,0,0
1799028,1,1,0,0,0,0,1
1799119,1,0,0,0,0,0,1
1799234,1,1,0,0,0,0,0
1799710,1,0,0,0,0,0,1
1800069,1,1,1,0,0,1,0
1801120,1,1,1,1,1,1,0
1801187,1,1,1,1,1,1,0
1801833,1,1,1,1,1,1,0
1802669,1,0,0,0,0,0,1
1802780,1,1,1,0,0,0,0
1803644,1,1,1,1,1,1,0
1803805,1,1,1,0,0,1,0
1804953,1,0,0,0,0,0,1
1806009,1,1,1,0,0,0,1
1806146,1,1,1,1,0,0,1
1806285,1,0,0,0,0,0,1
1807074,1,0,0,0,0,0,1
1808367,1,1,1,0,0,0,0
1808674,1,0,0,0,0,0,1
1808840,1,0,0,0,0,0,1
1808931,1,0,0,0,0,0,1
1809956,1,1,0,0,0,0,0
1812233,1,1,1,0,0,0,1
1813193,1,1,0,0,0,0,0
1814917,1,0,0,0,0,0,1
1815657,0,0,0,0,0,0,1
1815866,1,1,1,0,0,0,0
1816032,0,0,0,0,0,0,0
1816123,1,1,0,0,0,0,0
1816648,1,0,0,0,0,0,1
1817144,1,1,1,0,0,0,0
1818340,1,0,0,0,0,0,1
1819417,1,1,1,0,0,0,0
1820904,1,1,1,1,1,1,0
1821161,1,1,1,1,0,0,1
1822430,0,0,0,0,0,0,1
1822837,1,1,1,0,0,0,0
1823311,0,0,0,0,0,0,0
1824029,1,1,1,0,0,0,1
1825532,1,1,1,1,0,0,0
1825676,1,1,1,0,0,0,1
1826488,1,0,0,0,0,0,1
1826984,1,1,0,0,0,0,1
1828136,1,0,0,0,0,0,1
1828345,1,1,0,0,0,0,0
1829303,1,0,0,0,0,0,1
1829345,1,0,0,0,0,0,1
1829606,0,0,0,0,0,0,0
1830565,1,1,1,1,0,0,1
1832121,0,0,0,0,0,0,1
1832428,1,1,1,0,0,0,1
1834172,1,1,1,1,0,0,0
1836499,1,1,1,1,0,0,0
1836541,1,1,1,0,0,1,0
1836802,1,1,1,0,0,1,0
1839321,1,1,1,0,0,0,0
1839628,0,0,0,0,0,0,0
1841372,1,1,1,0,0,0,0
1842041,0,0,0,0,0,0,1
1842423,0,0,0,0,0,0,1
1843424,0,0,0,0,0,0,1
1843567,1,0,0,0,0,0,1
1843994,0,0,0,0,0,0,0
1844089,1,0,0,0,0,0,1
1845376,1,0,0,0,0,0,1
1845878,1,0,0,0,0,0,1
1846812,1,1,1,0,0,1,0
1849229,1,1,1,0,0,0,0
1849230,1,0,0,0,0,0,1
1849484,1,1,1,0,0,0,1
1850755,1,0,0,0,0,0,0
1851281,1,1,1,0,0,0,0
1851561,1,1,0,0,0,0,1
1851632,1,1,1,0,0,0,1
1856184,1,1,1,0,0,0,1
1856422,1,1,0,0,0,0,0
1857330,1,0,0,0,0,0,1
1857396,1,0,0,0,0,0,1
1857947,1,1,0,0,0,0,0
1858473,1,1,1,0,0,0,0
1858753,1,1,0,0,0,0,0
1858823,1,0,0,0,0,0,1
1858824,1,1,0,0,0,0,0
1858865,0,0,0,0,0,0,1
1860253,1,0,0,0,0,0,1
1860367,1,0,0,0,0,0,1
1861945,1,1,1,0,0,0,1
1863405,1,0,0,0,0,0,1
1864506,1,0,0,0,0,0,0
1864572,1,0,0,0,0,0,0
1866012,1,1,0,0,0,0,0
1867449,1,1,0,0,0,0,0
1867563,1,1,0,0,0,0,0
1867825,0,0,0,0,0,0,1
1869692,1,0,0,0,0,0,1
1870597,1,0,0,0,0,0,0
1871698,1,1,0,0,0,1,0
1871764,1,1,0,0,0,0,0
1873034,1,1,1,1,1,1,0
1873100,1,1,1,1,1,1,0
1874755,1,1,1,0,0,1,0
1875017,1,1,0,0,0,0,0
1875706,1,0,0,0,0,0,1
1876880,1,1,1,0,0,1,0
1877785,1,1,1,1,0,0,0
1880300,1,1,1,0,0,0,0
1881955,1,1,1,0,0,0,0
1882217,1,1,1,0,0,1,0
1882811,1,0,0,0,0,0,1
1882902,1,1,0,0,0,0,0
1883045,1,0,0,0,0,0,1
1883735,1,0,0,0,0,0,1
1884068,1,1,1,0,0,0,0
1884112,0,0,0,0,0,0,1
1884539,1,0,0,0,0,0,1
1884965,1,1,1,0,0,0,0
1885850,1,1,0,0,0,0,1
1886829,1,0,0,0,0,0,1
1887472,1,1,0,0,0,0,0
1887544,1,1,1,0,0,0,1
1890229,1,1,1,0,0,0,0
1891735,1,1,0,0,0,0,0
1893050,0,0,0,0,0,0,0
1894029,1,1,0,0,0,0,0
1894672,1,1,1,1,0,0,0
1894695,1,0,0,0,0,0,1
1894740,1,1,1,0,0,0,0
1894949,1,0,0,0,0,0,1
1897421,1,1,0,0,0,1,0
1898497,1,1,1,0,0,0,1
1900242,1,1,1,0,0,0,0
1900286,0,0,0,0,0,0,1
1901864,1,1,1,0,0,0,0
1901887,1,1,0,0,0,1,0
1901932,0,0,0,0,0,0,0
1902141,0,0,0,0,0,0,0
1905693,1,1,1,0,0,0,0
1906769,1,1,1,1,1,1,0
1907482,0,0,0,0,0,0,0
1909060,0,0,0,0,0,0,0
1909083,0,0,0,0,0,0,0
1909128,0,0,0,0,0,0,0
1909337,0,0,0,0,0,0,0
1909816,1,0,0,0,0,0,1
1913965,1,1,1,0,0,1,0
1914678,0,0,0,0,0,0,0
1916235,1,1,1,0,0,1,1
1916252,1,1,1,0,0,1,0
1916301,1,1,1,1,1,1,0
1916533,1,1,1,0,0,0,0
1917012,1,1,1,0,0,1,0
1917100,1,0,0,0,0,0,1
1917219,1,1,0,0,0,0,1
1918033,1,1,1,1,1,1,0
1918461,0,0,0,0,0,0,1
1918478,1,1,1,1,1,1,0
1918764,1,1,1,1,1,1,0
1918765,0,0,0,0,0,0,1
1920412,1,1,1,1,1,1,0
1921776,1,1,1,1,0,0,1
1923713,0,0,0,0,0,0,0
1923757,0,0,0,0,0,0,1
1924280,0,0,0,0,0,0,0
1924399,1,1,1,0,0,0,0
1924681,1,0,0,0,0,0,1
1925231,1,1,1,0,0,0,1
1925658,1,1,0,0,0,0,0
1925945,1,1,1,0,0,1,0
1926323,0,0,0,0,0,0,1
1926604,1,0,0,0,0,0,1
1928236,1,1,1,1,1,1,0
1928664,1,0,0,0,0,0,1
1929666,1,1,1,0,0,0,1
1931678,1,1,1,1,1,1,0
1931865,1,1,1,0,0,1,0
1932725,1,0,0,0,0,0,1
1933133,1,1,1,0,0,1,0
1933342,1,1,1,1,1,1,0
1933507,1,1,1,0,0,0,0
1933788,1,1,1,0,0,1,0
1935370,1,0,0,0,0,0,1
1935629,1,1,1,1,1,1,0
1935844,1,0,0,0,0,0,0
1937398,1,1,0,0,0,0,1
1937541,1,1,1,0,0,0,1
1937920,0,0,0,0,0,0,1
1938010,1,0,0,0,0,0,1
1938369,1,0,0,0,0,0,1
1938796,1,0,0,0,0,0,1
1938910,1,0,0,0,0,0,1
1938954,0,0,0,0,0,0,1
1940679,1,1,1,0,0,1,0
1940749,1,0,0,0,0,0,1
1940956,1,1,0,0,0,1,0
1942128,1,0,0,0,0,0,1
1942797,1,1,1,0,0,0,0
1945193,1,1,1,1,1,1,0
1945481,1,1,1,0,0,1,1
1945980,1,0,0,0,0,0,0
1946142,1,0,0,0,0,0,0
1946929,1,1,1,1,1,1,0
1946977,1,1,1,1,1,1,0
1947021,0,0,0,0,0,0,1
1947855,1,1,1,0,0,0,0
1949269,1,1,1,1,1,1,0
1949308,1,1,1,0,0,1,0
1950240,0,0,0,0,0,0,1
1951945,0,0,0,0,0,0,1
1952082,1,1,1,1,1,1,0
1952126,0,0,0,0,0,0,1
1952533,0,0,0,0,0,0,1
1952672,1,1,1,1,1,1,0
1953389,1,0,0,0,0,0,1
1953718,1,0,0,0,0,0,1
1954076,1,0,0,0,0,0,1
1954093,1,1,0,0,0,1,0
1955025,1,0,0,0,0,0,1
1955027,0,0,0,0,0,0,0
1955523,0,0,0,0,0,0,1
1955808,1,1,1,1,1,1,0
1957408,1,1,0,0,0,1,0
1957937,1,1,1,1,0,0,1
1958505,0,0,0,0,0,0,1
1958549,0,0,0,0,0,0,1
1959579,1,1,1,1,1,1,0
1959621,1,0,0,0,0,0,1
1960749,1,0,0,0,0,0,1
1960886,0,0,0,0,0,0,0
1962996,1,1,0,0,0,1,0
1962997,1,0,0,0,0,0,1
1963417,1,1,1,1,1,1,0
1964397,1,0,0,0,0,0,1
1964584,1,0,0,0,0,0,0
1965352,1,0,0,0,0,0,1
1966763,1,0,0,0,0,0,0
1967623,0,0,0,0,0,0,1
1967832,0,0,0,0,0,0,1
1968070,1,1,0,0,0,0,0
1970181,1,1,0,0,0,0,0
1970729,1,0,0,0,0,0,1
1971585,1,0,0,0,0,0,0
1972544,1,0,0,0,0,0,0
1973089,0,0,0,0,0,0,1
1973784,0,0,0,0,0,0,1
1974620,1,0,0,0,0,0,1
1974807,1,1,1,0,0,0,0
1975016,1,1,1,0,0,0,0
1975088,0,0,0,0,0,0,1
1975250,1,1,1,1,0,0,0
1975509,1,1,1,0,0,1,1
1976488,1,1,1,1,1,1,0
1976608,0,0,0,0,0,0,1
1977901,1,1,1,1,0,0,0
1978304,1,1,1,1,1,1,0
1978661,0,0,0,0,0,0,1
1979060,1,1,1,0,0,0,1
1979133,0,0,0,0,0,0,1
1981073,1,1,1,1,1,1,0
1981979,0,0,0,0,0,0,0
1982025,1,0,0,0,0,0,1
1982426,1,0,0,0,0,0,0
1982685,1,1,1,0,0,0,0
1983137,1,0,0,0,0,0,1
1983665,1,1,1,1,1,1,0
1985245,1,0,0,0,0,0,1
1985333,1,0,0,0,0,0,1
1985403,1,1,1,0,0,0,1
1985447,0,0,0,0,0,0,1
1985468,0,0,0,0,0,0,0
1985729,1,0,0,0,0,0,1
1985773,0,0,0,0,0,0,1
1986220,1,1,1,0,0,1,0
1986436,1,1,1,1,0,0,1
1986549,1,1,1,1,1,1,0
1986811,1,1,1,1,0,0,1
1986813,0,0,0,0,0,0,1
1987545,1,0,0,0,0,0,1
1988069,1,0,0,0,0,0,1
1988284,1,1,1,0,0,0,1
1988423,1,0,0,0,0,0,1
1988465,0,0,0,0,0,0,1
1989351,1,0,0,0,0,0,1
1989562,0,0,0,0,0,0,0
1989821,1,1,1,1,1,1,0
1990394,1,0,0,0,0,0,1
1990679,0,0,0,0,0,0,1
1993384,1,1,0,0,0,1,0
1993812,1,0,0,0,0,0,1
1993981,0,0,0,0,0,0,0
1994045,0,0,0,0,0,0,1
1994930,0,0,0,0,0,0,1
1995456,1,1,1,0,0,1,0
1995856,1,1,1,0,0,1,1
1995902,1,1,1,1,0,0,1
1996333,0,0,0,0,0,0,1
1996517,1,1,1,1,1,1,0
1997112,0,0,0,0,0,0,1
1997685,1,1,1,0,0,0,1
1997851,1,1,1,0,0,0,0
1999049,1,1,1,0,0,0,1
1999379,1,1,1,0,0,0,1
2000529,0,0,0,0,0,0,1
2000881,1,0,0,0,0,0,1
2001477,1,0,0,0,0,0,1
2002314,1,0,0,0,0,0,1
2002433,0,0,0,0,0,0,1
2002477,0,0,0,0,0,0,1
2002616,0,0,0,0,0,0,0
2002946,1,0,0,0,0,0,1
2003305,1,0,0,0,0,0,1
2003780,1,1,1,0,0,0,1
2003893,1,0,0,0,0,0,1
2004082,1,1,1,0,0,0,1
2004268,0,0,0,0,0,0,0
2005081,0,0,0,0,0,0,1
2005557,1,0,0,0,0,0,1
2005720,1,0,0,0,0,0,1
2006293,1,1,1,0,0,0,1
2006531,1,0,0,0,0,0,0
2010489,0,0,0,0,0,0,0
2010964,1,1,1,0,0,1,0
2011270,0,0,0,0,0,0,0
2012920,1,0,0,0,0,0,0
2013493,0,0,0,0,0,0,0
2013731,1,0,0,0,0,0,0
2014111,0,0,0,0,0,0,1
2017685,1,0,0,0,0,0,0
2018160,1,0,0,0,0,0,0
2018277,1,0,0,0,0,0,1
2018462,0,0,0,0,0,0,0
2020112,0,0,0,0,0,0,0
2020685,0,0,0,0,0,0,0
2021307,0,0,0,0,0,0,0
2021468,0,0,0,0,0,0,1
2023531,0,0,0,0,0,0,1
2024148,1,0,0,0,0,0,1
2025347,1,0,0,0,0,0,1
2025348,0,0,0,0,0,0,0
2025432,1,0,0,0,0,0,1
2025457,0,0,0,0,0,0,0
2025642,0,0,0,0,0,0,0
2027126,1,0,0,0,0,0,1
2027865,1,1,0,0,0,1,0
2028775,0,0,0,0,0,0,1
2028819,0,0,0,0,0,0,1
2029726,0,0,0,0,0,0,1
2030563,1,0,0,0,0,0,1
2031304,1,0,0,0,0,0,1
2032616,1,0,0,0,0,0,0
2032641,1,0,0,0,0,0,0
2032731,1,0,0,0,0,0,1
2033348,1,0,0,0,0,0,1
2033897,0,0,0,0,0,0,1
2034493,0,0,0,0,0,0,1
2035189,1,0,0,0,0,0,1
2035397,1,0,0,0,0,0,1
2036525,1,1,0,0,0,0,1
2036902,0,0,0,0,0,0,0
2037352,1,1,1,1,1,1,0
2037518,1,0,0,0,0,0,1
2037970,0,0,0,0,0,0,1
2038472,1,0,0,0,0,0,0
2039306,1,1,1,0,0,0,1
2039492,1,0,0,0,0,0,1
2039899,1,1,0,0,0,1,0
2040182,1,0,0,0,0,0,1
2040272,1,0,0,0,0,0,1
2040604,0,0,0,0,0,0,1
2040674,0,0,0,0,0,0,1
2041388,1,0,0,0,0,0,1
2041411,1,0,0,0,0,0,1
2041596,0,0,0,0,0,0,1
2042195,1,0,0,0,0,0,1
2042549,1,0,0,0,0,0,0
2042664,1,1,1,0,0,0,1
2043673,1,1,1,0,0,1,0
2045636,1,1,0,0,0,0,0
2046377,0,0,0,0,0,0,1
2047353,0,0,0,0,0,0,1
2047809,1,1,1,1,0,0,1
2047850,0,0,0,0,0,0,0
2048157,1,0,0,0,0,0,1
2048445,0,0,0,0,0,0,1
2049375,0,0,0,0,0,0,0
2049848,0,0,0,0,0,0,0
2050780,1,0,0,0,0,0,1
2052408,1,1,1,1,1,1,0
2052816,1,1,1,1,0,0,0
2053000,0,0,0,0,0,0,1
2054100,1,0,0,0,0,0,1
2054624,0,0,0,0,0,0,1
2055030,1,1,1,1,0,0,0
2055337,1,1,1,0,0,0,0
2055625,1,1,1,0,0,0,0
2056125,0,0,0,0,0,0,1
2056142,1,1,1,0,0,0,1
2056547,1,1,0,0,0,0,0
2057333,1,1,1,0,0,0,1
2057549,1,1,0,0,0,0,1
2057590,0,0,0,0,0,0,1
2059485,1,1,1,1,1,1,0
2059984,1,1,1,0,0,0,0
2060245,1,0,0,0,0,0,1
2060476,1,1,1,0,0,0,1
2062036,1,0,0,0,0,0,1
2063735,1,1,0,0,0,0,0
2064521,1,1,1,0,0,0,0
2064782,1,1,1,0,0,0,0
2066674,1,0,0,0,0,0,1
2067441,1,1,0,0,0,0,0
2067672,1,1,1,0,0,0,0
2067716,0,0,0,0,0,0,1
2069228,1,1,0,0,0,0,0
2070927,0,0,0,0,0,0,0
2071713,1,1,1,0,0,0,0
2072071,0,0,0,0,0,0,1
2072979,1,0,0,0,0,0,1
2073862,1,1,1,0,0,0,0
2074629,1,1,0,0,0,0,0
2074908,1,1,1,0,0,0,0
2075792,1,0,0,0,0,0,1
2076416,1,1,0,0,0,0,0
2078905,1,1,1,0,0,0,0
2080175,1,1,1,0,0,0,0
2080627,0,0,0,0,0,0,1
2081054,1,1,1,0,0,0,0
2081821,1,1,1,0,0,0,0
2082079,1,1,1,1,0,0,1
2082291,0,0,0,0,0,0,1
2082721,1,0,0,0,0,0,1
2082976,1,1,0,0,0,0,0
2083239,1,0,0,0,0,0,1
2083354,1,0,0,0,0,0,1
2083592,1,1,0,0,0,0,0
2084307,0,0,0,0,0,0,1
2084640,1,0,0,0,0,0,1
2084946,1,0,0,0,0,0,1
2085398,0,0,0,0,0,0,1
2086065,0,0,0,0,0,0,0
2086472,0,0,0,0,0,0,1
2086754,1,0,0,0,0,0,1
2088286,1,0,0,0,0,0,1
2089893,0,0,0,0,0,0,0
2090148,0,0,0,0,0,0,0
2091469,0,0,0,0,0,0,1
2091487,1,1,1,0,0,0,0
2093257,1,1,0,0,0,0,0
2093664,0,0,0,0,0,0,0
2095482,1,1,1,1,0,0,0
2096197,1,1,1,0,0,0,1
2096434,1,0,0,0,0,0,1
2097340,0,0,0,0,0,0,0
2097915,0,0,0,0,0,0,1
2098657,0,0,0,0,0,0,0
2100860,1,1,0,0,0,1,0
2101164,0,0,0,0,0,0,1
2102120,1,0,0,0,0,0,1
2103389,0,0,0,0,0,0,0
2103626,1,1,1,0,0,1,0
2104918,0,0,0,0,0,0,1
2105107,1,1,0,0,0,0,0
2105849,1,1,1,0,0,0,0
2106850,1,0,0,0,0,0,1
2107401,1,0,0,0,0,0,1
2108044,1,1,1,0,0,1,0
2108736,0,0,0,0,0,0,1
2109304,1,1,0,0,0,0,0
2109929,1,1,1,1,1,1,0
2110569,1,1,1,0,0,0,0
2112295,1,1,0,0,0,0,0
2112314,1,0,0,0,0,0,1
2114111,1,1,1,1,1,1,0
2114130,0,0,0,0,0,0,1
2114654,0,0,0,0,0,0,1
2115131,1,0,0,0,0,0,1
2115920,1,0,0,0,0,0,0
2116488,1,1,0,0,0,0,0
2116559,1,1,1,1,1,1,0
2117109,1,0,0,0,0,0,0
2117749,1,1,1,1,0,0,0
2119380,1,1,1,1,1,1,0
2120047,1,1,1,0,0,0,1
2120501,1,1,1,0,0,0,1
2121092,1,1,0,0,0,0,1
2121834,0,0,0,0,0,0,0
2124949,0,0,0,0,0,0,0
2125232,1,0,0,0,0,0,1
2126524,0,0,0,0,0,0,1
2126572,1,1,1,0,0,0,0
2127239,0,0,0,0,0,0,0
2127693,0,0,0,0,0,0,0
2128023,1,0,0,0,0,0,1
2129026,0,0,0,0,0,0,0
2132141,1,1,1,1,0,0,0
2133720,1,1,1,0,0,0,0
2133764,0,0,0,0,0,0,1
2133768,1,1,1,1,0,0,0
2134889,1,1,0,0,0,0,0
2135219,1,1,1,0,0,0,0
2135768,1,1,1,1,1,1,0
2136075,1,0,0,0,0,0,1
2136214,1,1,0,0,0,0,0
2136620,1,0,0,0,0,0,1
2137480,1,0,0,0,0,0,1
2137643,1,1,1,1,1,1,0
2138118,1,1,0,0,0,0,1
2138832,0,0,0,0,0,0,1
2139023,1,1,1,1,1,1,0
2139305,1,1,0,0,0,0,0
2142065,1,1,1,1,0,0,0
2143501,1,0,0,0,0,0,1
2144672,1,1,1,0,0,0,0
2145314,1,1,1,1,0,0,0
2146028,1,1,0,0,0,0,0
2146219,1,1,1,1,0,0,0
2146501,1,1,1,0,0,0,0
2147481,1,0,0,0,0,0,1
2148052,1,1,1,1,1,1,0
2150693,1,1,1,1,0,0,0
2150878,1,1,1,1,0,0,1
2151860,1,1,1,1,0,0,0
2153415,0,0,0,0,0,0,0
2154681,1,1,1,1,0,0,0
2155252,1,1,1,1,0,0,0
2157893,0,0,0,0,0,0,0
2158078,1,1,1,0,0,0,0
2159060,1,1,1,1,0,0,0
2160615,0,0,0,0,0,0,0
2160972,1,0,0,0,0,0,1
2161420,0,0,0,0,0,0,1
2161873,1,1,0,0,0,1,0
2162828,1,0,0,0,0,0,1
2163161,0,0,0,0,0,0,1
2164477,0,0,0,0,0,0,1
2165077,1,1,1,1,0,0,0
2165262,1,1,0,0,0,0,0
2166793,0,0,0,0,0,0,1
2167273,1,1,1,1,1,1,0
2167795,1,1,0,0,0,1,0
2168057,1,1,0,0,0,0,1
2168148,0,0,0,0,0,0,0
2168165,0,0,0,0,0,0,1
2169101,1,0,0,0,0,0,1
2170004,1,1,1,1,0,0,0
2170076,0,0,0,0,0,0,1
2172446,0,0,0,0,0,0,0
2172490,0,0,0,0,0,0,1
2174983,1,1,1,0,0,0,0
2175361,1,1,1,0,0,0,0
2176297,1,1,1,0,0,0,0
2176673,1,1,1,0,0,0,1
2177196,1,1,1,1,0,0,0
2177268,0,0,0,0,0,0,0
2177983,1,1,1,1,1,1,0
2178029,0,0,0,0,0,0,1
2178073,0,0,0,0,0,0,1
2178233,1,1,1,1,1,1,0
2178904,1,1,1,1,1,1,0
2179666,1,1,1,1,0,0,0
2181992,1,1,1,1,1,1,0
2184384,1,1,1,0,0,0,0
2185175,1,1,1,1,0,0,0
2185269,1,1,1,1,0,0,0
2185429,1,1,1,1,0,0,0
2186866,1,1,1,1,0,0,0
2189192,1,1,1,1,0,0,0
2191584,0,0,0,0,0,0,0
2192375,0,0,0,0,0,0,0
2192469,0,0,0,0,0,0,0
2192629,0,0,0,0,0,0,0
2194066,0,0,0,0,0,0,0
2194780,1,1,1,1,1,1,0
2195309,1,1,1,1,1,1,0
2195469,0,0,0,0,0,0,1
2195513,0,0,0,0,0,0,1
2196376,1,1,1,0,0,1,0
2196973,0,0,0,0,0,0,1
2196989,1,1,1,1,1,1,0
2199555,0,0,0,0,0,0,0
2200271,1,0,0,0,0,0,1
2201250,1,1,1,0,0,0,0
2201964,1,1,1,0,0,0,0
2202155,1,1,1,1,1,1,0
2203568,1,1,1,1,0,0,0
2203848,1,1,1,1,0,0,1
2204161,1,1,1,0,0,0,0
2204177,1,1,1,1,0,0,0
2204271,1,1,1,1,1,1,0
2206308,1,0,0,0,0,0,1
2207816,1,0,0,0,0,0,1
2208434,1,1,0,0,0,1,0
2211044,1,1,1,1,0,0,0
2211357,1,1,0,0,0,1,0
2211373,1,0,0,0,0,0,0
2211467,1,1,1,0,0,0,0
2212180,1,1,0,0,0,0,1
2212417,1,1,1,0,0,0,1
2213735,1,1,1,0,0,0,1
2215004,1,1,1,0,0,1,0
2215622,1,1,1,0,0,0,0
2215666,0,0,0,0,0,0,1
2218545,1,1,1,0,0,1,0
2219376,1,1,1,0,0,1,0
2219613,0,0,0,0,0,0,0
2220093,0,0,0,0,0,0,1
2220613,1,0,0,0,0,0,1
2220896,1,0,0,0,0,0,1
2220919,0,0,0,0,0,0,0
2222188,0,0,0,0,0,0,0
2222854,1,1,1,0,0,0,0
2223640,1,1,1,1,1,1,0
2224167,1,1,1,1,1,1,0
2227138,1,1,1,1,0,0,1
2227281,1,0,0,0,0,0,0
2227801,1,1,0,0,0,1,0
2229384,1,1,1,0,0,0,0
2230840,1,1,1,0,0,1,0
2231367,1,1,1,0,0,0,0
2231888,1,1,1,0,0,0,1
2232316,0,0,0,0,0,0,1
2233512,1,0,0,0,0,0,1
2233556,0,0,0,0,0,0,1
2234322,1,1,1,0,0,1,0
2234465,0,0,0,0,0,0,0
2234985,1,1,1,0,0,1,0
2236472,1,1,1,0,0,0,1
2238555,1,1,1,0,0,0,0
2238983,0,0,0,0,0,0,1
2239604,1,1,1,0,0,0,1
2240748,1,0,0,0,0,0,0
2241514,1,1,1,0,0,0,0
2241657,1,1,1,1,0,0,0
2242177,1,1,1,1,0,0,0
2242220,1,1,1,1,1,1,0
2242363,1,1,1,0,0,0,1
2243033,1,1,1,1,1,1,0
2243721,1,1,1,0,0,0,1
2244436,1,1,1,1,1,1,0
2246211,1,1,1,1,1,1,0
2246784,1,1,1,1,0,0,0
2247619,1,1,1,1,1,1,0
2248694,1,1,1,0,0,0,0
2250229,1,1,1,0,0,0,0
2250800,1,1,1,1,1,1,0
2250913,1,1,0,0,0,0,0
2250961,1,0,0,0,0,0,1
2251624,0,0,0,0,0,0,0
2251672,1,1,0,0,0,0,1
2251833,0,0,0,0,0,0,1
2253197,1,1,1,0,0,0,1
2253816,1,1,1,1,1,1,0
2254656,1,1,1,1,1,1,0
2254677,1,1,1,1,0,0,1
2254791,1,1,1,1,0,0,0
2255387,1,0,0,0,0,0,1
2255791,0,0,0,0,0,0,1
2255858,1,1,1,0,0,1,0
2256240,1,1,1,0,0,0,1
2256715,1,0,0,0,0,0,1
2256904,0,0,0,0,0,0,1
2258459,0,0,0,0,0,0,1
2259416,1,1,0,0,0,0,1
2259460,0,0,0,0,0,0,1
2259623,1,1,1,1,1,1,0
2259836,0,0,0,0,0,0,1
2260214,0,0,0,0,0,0,1
2260353,1,1,1,1,0,0,0
2260972,1,1,1,1,0,0,0
2261690,1,1,1,1,1,1,0
2261833,1,1,1,0,0,1,0
2262044,1,1,1,0,0,1,1
2262664,1,0,0,0,0,0,1
2263189,1,1,1,1,1,1,0
2263206,1,1,1,1,0,0,1
2263589,1,0,0,0,0,0,1
2264662,1,1,1,1,1,1,0
2265069,1,1,1,0,0,1,1
2265830,1,1,1,0,0,0,1
2266787,0,0,0,0,0,0,0
2267525,0,0,0,0,0,0,0
2267811,1,1,1,0,0,0,1
2268140,1,1,1,0,0,0,0
2268523,0,0,0,0,0,0,1
2269311,1,0,0,0,0,0,1
2269836,1,1,1,0,0,1,0
2270455,1,0,0,0,0,0,1
2271100,1,1,1,0,0,0,1
2271575,1,1,1,1,1,1,0
2272245,1,1,1,0,0,0,0
2273006,0,0,0,0,0,0,0
2273434,0,0,0,0,0,0,1
2274510,1,1,1,0,0,0,1
2274697,0,0,0,0,0,0,0
2275270,1,1,1,0,0,0,1
2275312,1,1,1,0,0,0,0
2276388,1,1,0,0,0,0,1
2278284,1,1,1,0,0,1,0
2278759,1,0,0,0,0,0,0
2279429,0,0,0,0,0,0,0
2279496,1,1,1,0,0,0,1
2281889,1,1,1,0,0,0,0
2282462,0,0,0,0,0,0,0
2283584,0,0,0,0,0,0,0
2285959,0,0,0,0,0,0,0
2286629,1,1,1,0,0,1,0
2286696,0,0,0,0,0,0,0
2288732,1,1,1,1,1,1,0
2288798,1,1,1,1,1,1,0
2289081,1,1,1,0,0,1,0
2289631,1,1,1,1,1,1,0
2290393,1,0,0,0,0,0,1
2290772,1,1,1,0,0,0,0
2291298,1,0,0,0,0,0,1
2291892,1,1,1,0,0,0,1
2292275,1,1,1,1,1,1,0
2292989,1,1,1,0,0,0,1
2293805,0,0,0,0,0,0,0
2294036,0,0,0,0,0,0,1
2294273,1,1,1,1,0,0,1
2294585,1,1,1,0,0,0,1
2295512,0,0,0,0,0,0,1
2295896,1,1,0,0,0,1,0
2296704,1,1,1,0,0,0,1
2298478,1,1,1,0,0,0,0
2299459,1,1,1,0,0,0,0
2299478,1,1,1,0,0,0,1
2301465,1,1,1,0,0,0,0
2301777,1,1,1,1,0,0,0
2303092,1,1,1,0,0,1,0
2303900,0,0,0,0,0,0,0
2304261,1,1,1,0,0,0,1
2304852,1,1,1,0,0,0,1
2304896,0,0,0,0,0,0,1
2306647,1,1,1,0,0,0,0
2306666,0,0,0,0,0,0,0
2308174,1,1,1,1,1,1,0
2308649,0,0,0,0,0,0,0
2309630,1,1,1,1,1,1,0
2309893,1,1,0,0,0,1,1
2310272,0,0,0,0,0,0,0
2310893,1,1,0,0,0,0,1
2310958,1,0,0,0,0,0,1
2312080,0,0,0,0,0,0,0
2312605,1,1,1,1,0,0,1
2313322,1,1,1,0,0,1,1
2313823,1,1,1,0,0,0,0
2314106,1,0,0,0,0,0,1
2314628,1,1,1,0,0,1,1
2315680,1,1,1,0,0,0,1
2317456,1,1,0,0,0,0,0
2318077,1,1,1,0,0,1,0
2319200,1,1,1,1,1,1,0
2319793,1,1,0,0,0,1,0
2321015,1,1,1,0,0,0,0
2321298,1,1,1,0,0,0,0
2321415,0,0,0,0,0,0,1
2322872,1,1,1,1,0,0,0
2323543,1,1,0,0,0,0,1
2325216,1,1,1,1,1,1,0
2325265,1,1,1,1,0,0,0
2325712,1,0,0,0,0,0,1
2326121,1,0,0,0,0,0,1
2326211,1,1,1,1,1,1,0
2326376,1,1,1,1,0,0,0
2326658,1,0,0,0,0,0,1
2326681,1,0,0,0,0,0,1
2326961,1,1,1,1,0,0,0
2327200,1,1,1,0,0,0,1
2327266,1,0,0,0,0,0,1
2327695,1,0,0,0,0,0,1
2327932,1,0,0,0,0,0,1
2328864,1,0,0,0,0,0,1
2328904,1,0,0,0,0,0,1
2329022,1,1,1,1,1,1,0
2329066,0,0,0,0,0,0,1
2330119,1,1,1,1,1,1,0
2330164,1,1,1,1,1,1,0
2330326,1,1,1,1,1,1,0
2331040,1,1,1,1,1,1,0
2332096,1,1,1,1,1,1,0
2332258,1,1,1,1,0,0,1
2332926,1,0,0,0,0,0,1
2333837,1,1,1,0,0,1,0
2333854,1,0,0,0,0,0,1
2334113,0,0,0,0,0,0,0
2334185,0,0,0,0,0,0,1
2334300,1,0,0,0,0,0,1
2334344,0,0,0,0,0,0,1
2334456,1,1,1,1,1,1,0
2334673,1,0,0,0,0,0,1
2334834,1,0,0,0,0,0,1
2335264,1,0,0,0,0,0,1
2335308,0,0,0,0,0,0,1
2335329,1,0,0,0,0,0,1
2335586,1,0,0,0,0,0,1
2335679,1,0,0,0,0,0,1
2335888,0,0,0,0,0,0,1
2335936,1,0,0,0,0,0,1
2336077,1,0,0,0,0,0,1
2336143,0,0,0,0,0,0,1
2336234,1,0,0,0,0,0,1
2336615,0,0,0,0,0,0,1
2336636,0,0,0,0,0,0,1
2336820,1,0,0,0,0,0,1
2336986,1,0,0,0,0,0,1
2337463,1,0,0,0,0,0,1
2337480,1,0,0,0,0,0,1
2337574,1,0,0,0,0,0,1
2337576,0,0,0,0,0,0,1
2337641,1,1,1,0,0,0,1
2338261,1,0,0,0,0,0,1
2338399,1,0,0,0,0,0,1
2338444,1,0,0,0,0,0,1
2338726,1,0,0,0,0,0,1
2338989,1,0,0,0,0,0,1
2339152,1,0,0,0,0,0,1
2339386,1,0,0,0,0,0,1
2339600,1,0,0,0,0,0,1
2340245,1,1,1,0,0,0,1
2340382,1,1,1,0,0,0,1
2340452,1,0,0,0,0,0,1
2341189,0,0,0,0,0,0,0
2341716,1,1,1,1,1,1,0
2341902,1,1,1,0,0,0,1
2342213,1,1,1,0,0,1,1
2343262,1,0,0,0,0,0,1
2343357,1,1,1,0,0,0,1
2344620,1,1,1,0,0,0,0
2345555,1,1,1,0,0,1,0
2345745,1,0,0,0,0,0,1
2345789,0,0,0,0,0,0,1
2345833,0,0,0,0,0,0,1
2346712,1,1,0,0,0,1,1
2348365,1,1,1,0,0,0,0
2348892,1,1,1,0,0,0,0
2350446,1,1,1,0,0,1,0
2350513,1,0,0,0,0,0,1
2351256,1,1,1,0,0,1,1
2352018,1,0,0,0,0,0,1
2352735,1,1,1,0,0,0,0
2353021,1,1,1,0,0,1,0
2353397,0,0,0,0,0,0,1
2353896,1,1,1,0,0,1,0
2353940,0,0,0,0,0,0,1
2353984,0,0,0,0,0,0,1
2354437,0,0,0,0,0,0,1
2355129,1,0,0,0,0,0,1
2355133,1,1,1,0,0,1,1
2358149,1,1,1,0,0,0,1
2358432,1,1,0,0,0,0,0
2359027,1,1,1,0,0,0,1
2359190,1,1,1,0,0,1,0
2361176,1,1,1,0,0,0,0
2361294,1,1,1,1,1,1,0
2362321,1,1,1,0,0,1,0
2362460,1,1,1,1,1,1,0
2363059,1,1,1,1,1,1,0
2364997,1,0,0,0,0,0,1
2365041,0,0,0,0,0,0,1
2365329,0,0,0,0,0,0,0
2365612,0,0,0,0,0,0,0
2366737,1,1,0,0,0,0,1
2366924,1,1,1,1,1,1,0
2366968,0,0,0,0,0,0,1
2367297,1,1,1,1,1,1,0
2368352,1,0,0,0,0,0,1
2368466,1,1,1,0,0,0,0
2368705,1,1,1,1,1,1,0
2369632,1,1,1,1,0,0,0
2370231,1,1,0,0,0,0,0
2370969,1,0,0,0,0,0,1
2371421,0,0,0,0,0,0,1
2372233,1,0,0,0,0,0,1
2373477,1,1,1,1,1,1,0
2375540,1,1,1,1,0,0,0
2375654,1,1,1,0,0,0,0
2375893,1,1,1,1,0,0,0
2376320,1,0,0,0,0,0,1
2376816,1,1,1,0,0,0,0
2377297,1,1,1,0,0,0,1
2377411,1,1,0,0,0,0,0
2377672,1,0,0,0,0,0,1
2378051,1,0,0,0,0,0,1
2380661,1,1,1,0,0,0,0
2382842,1,1,0,0,0,0,0
2383965,1,0,0,0,0,0,1
2384008,1,1,1,0,0,1,0
2384294,1,0,0,0,0,0,1
2384485,1,1,1,0,0,0,0
2384864,0,0,0,0,0,0,0
2385243,0,0,0,0,0,0,0
2385336,0,0,0,0,0,0,1
2386195,1,0,0,0,0,0,1
2386196,0,0,0,0,0,0,1
2386549,0,0,0,0,0,0,1
2387022,1,0,0,0,0,0,1
2387309,1,0,0,0,0,0,1
2387929,1,0,0,0,0,0,1
2388572,1,0,0,0,0,0,1
2391133,0,0,0,0,0,0,0
2391176,0,0,0,0,0,0,0
2392252,1,0,0,0,0,0,1
2392417,1,0,0,0,0,0,1
2393375,1,1,1,0,0,0,0
2393492,1,1,1,0,0,0,1
2393820,1,1,1,1,1,1,0
2394153,1,1,1,0,0,0,1
2394198,1,1,1,0,0,1,0
2395109,0,0,0,0,0,0,0
2395750,1,0,0,0,0,0,1
2396085,1,0,0,0,0,0,1
2396724,0,0,0,0,0,0,1
2399077,1,1,1,1,1,1,0
2399625,1,0,0,0,0,0,1
2400555,1,1,1,0,0,1,0
2400672,0,0,0,0,0,0,0
2401337,1,1,1,0,0,0,0
2401696,1,0,0,0,0,0,1
2402938,1,1,1,0,0,1,0
2403916,1,1,1,0,0,1,0
2405018,1,1,1,0,0,1,1
2406817,1,1,1,0,0,1,0
2407747,1,1,1,0,0,1,0
2408533,1,1,1,0,0,1,0
2408892,1,1,1,1,0,0,0
2409029,1,0,0,0,0,0,1
2409556,0,0,0,0,0,0,1
2410101,1,1,0,0,0,0,1
2410317,1,1,1,0,0,0,1
2410864,1,0,0,0,0,0,1
2411096,1,1,1,0,0,1,0
2412198,1,1,1,0,0,0,0
2412528,1,1,0,0,0,0,1
2412552,1,0,0,0,0,0,1
2414468,1,1,1,0,0,0,1
2414919,1,1,0,0,0,0,0
2414964,0,0,0,0,0,0,1
2416564,1,1,1,1,1,1,0
2417281,1,1,0,0,0,1,0
2417497,1,1,1,0,0,1,0
2419005,1,1,1,0,0,0,1
2419309,1,1,1,1,0,0,1
2419378,1,1,1,1,0,0,0
2419953,1,0,0,0,0,0,1
2421317,1,1,0,0,0,0,1
2421790,1,1,1,1,1,1,0
2422099,1,1,1,1,0,0,0
2422144,0,0,0,0,0,0,0
2422188,0,0,0,0,0,0,1
2423740,1,1,1,1,0,0,0
2425824,1,1,1,1,1,1,0
2425894,1,1,1,1,1,1,0
2426489,1,1,1,1,0,0,0
2426820,1,0,0,0,0,0,1
2428501,1,1,1,0,0,0,0
2428589,1,1,1,1,1,1,0
2429283,1,1,1,1,0,0,0
2429376,1,1,1,0,0,1,0
2429610,1,1,1,0,0,0,1
2429749,1,0,0,0,0,0,1
2430156,1,0,0,0,0,0,1
2430318,1,0,0,0,0,0,1
2430509,1,1,1,1,1,1,0
2430982,0,0,0,0,0,0,1
2432061,1,1,1,1,0,0,1
2433232,1,1,1,1,1,1,0
2433992,1,1,1,0,0,1,0
2434040,1,0,0,0,0,0,1
2434805,1,1,1,1,1,1,0
2436455,1,1,1,0,0,0,0
2436764,1,1,1,1,1,1,0
2436925,1,1,1,1,0,0,0
2438170,1,1,1,0,0,1,0
2438288,1,1,1,1,0,0,1
2438859,1,1,1,1,0,0,1
2438878,1,0,0,0,0,0,1
2440121,1,1,1,1,1,1,0
2440600,1,1,1,1,0,0,1
2440762,1,1,1,1,0,0,1
2440877,1,0,0,0,0,0,1
2440923,1,1,1,1,1,1,0
2441156,1,1,1,0,0,0,0
2441658,1,1,1,0,0,0,1
2441969,1,1,1,0,0,0,0
2442084,1,1,1,0,0,0,1
2442127,1,1,1,1,1,1,0
2442650,1,1,1,0,0,0,1
2443630,1,1,1,0,0,0,1
2443720,1,1,1,1,1,1,0
2443957,1,1,1,1,1,1,0
2444124,1,1,1,1,1,1,0
2444553,1,1,1,1,1,1,0
2444761,1,0,0,0,0,0,1
2445070,1,1,1,1,1,1,0
2445235,1,1,1,0,0,0,1
2445852,1,1,1,1,1,1,0
2449451,1,1,1,0,0,1,1
2449496,1,1,1,0,0,1,1
2451387,1,1,1,1,1,1,0
2451745,1,1,1,0,0,1,0
2451953,1,1,0,0,0,1,0
2452262,1,1,1,0,0,1,0
2452595,1,1,1,1,0,0,1
2453044,1,1,1,0,0,1,0
2454386,1,1,1,1,1,1,0
2455148,1,1,1,0,0,0,1
2456322,1,1,1,1,1,1,0
2456680,1,1,1,0,0,0,0
2456939,1,1,1,1,0,0,1
2457200,1,0,0,0,0,0,1
2457456,0,0,0,0,0,0,1
2458295,1,1,1,1,1,1,0
2458917,1,1,1,1,0,0,0
2459125,1,1,1,0,0,0,0
2460298,1,1,1,0,0,0,1
2461281,1,1,1,1,1,1,0
2463698,1,1,1,1,0,0,1
2464392,1,1,0,0,0,1,0
2464648,1,1,1,0,0,0,0
2465008,1,0,0,0,0,0,1
2465483,1,1,0,0,0,0,0
2465527,0,0,0,0,0,0,1
2466313,1,1,1,0,0,1,0
2466673,1,1,1,0,0,1,1
2467337,1,0,0,0,0,0,1
2468656,1,1,1,1,1,1,0
2469972,1,1,1,1,1,1,0
2470878,1,1,1,1,0,0,0
2471571,1,1,1,1,0,0,1
2471828,1,1,0,0,0,0,0
2473869,1,1,1,0,0,0,0
2474533,1,1,0,0,0,1,0
2474941,1,1,1,1,1,1,0
2475054,1,1,1,0,0,0,1
2477164,1,1,0,0,0,0,0
2477684,1,1,0,0,0,0,1
2477707,1,1,1,0,0,1,1
2478233,1,1,1,0,0,0,1
2478444,1,0,0,0,0,0,1
2481725,0,0,0,0,0,0,0
2482250,0,0,0,0,0,0,0
2484429,1,0,0,0,0,0,1
2484880,1,1,0,0,0,0,0
2484903,1,1,1,0,0,0,0
2485429,1,1,1,0,0,0,0
2485590,0,0,0,0,0,0,1
2485636,1,1,1,0,0,0,0
2486976,0,0,0,0,0,0,1
2489059,0,0,0,0,0,0,1
2490760,1,1,1,0,0,0,1
2491596,1,1,1,0,0,0,1
2491613,1,1,1,0,0,0,0
2492064,1,1,0,0,0,0,0
2492617,0,0,0,0,0,0,0
2492778,0,0,0,0,0,0,0
2496255,0,0,0,0,0,0,0
2498796,1,1,1,0,0,1,0
2498813,1,1,0,0,0,0,0
2499264,1,1,1,0,0,0,0
2499817,1,1,0,0,0,0,0
2499978,1,1,1,0,0,0,0
2500624,0,0,0,0,0,0,1
2500837,1,0,0,0,0,0,1
2502824,1,1,1,1,1,1,0
2503443,1,1,1,0,0,0,0
2504305,1,0,0,0,0,0,1
2505520,1,0,0,0,0,0,1
2505997,1,1,1,0,0,0,0
2506760,1,0,0,0,0,0,1
2506804,0,0,0,0,0,0,1
2507162,1,1,1,0,0,0,0
2507924,1,0,0,0,0,0,1
2510012,1,1,1,0,0,1,0
2510438,1,1,1,1,1,1,0
2510627,1,0,0,0,0,0,0
2511489,1,0,0,0,0,0,0
2513185,1,1,1,0,0,0,0
2513853,0,0,0,0,0,0,1
2513970,1,1,1,1,1,1,0
2515116,1,1,0,0,0,0,0
2516125,1,1,1,1,1,1,0
2517200,1,1,1,0,0,1,0
2517509,1,1,1,1,1,1,0
2517815,1,1,0,0,0,0,0
2517981,1,0,0,0,0,0,1
2518335,0,0,0,0,0,0,1
2521041,0,0,0,0,0,0,0
2521063,1,1,1,1,1,1,0
2521154,1,1,1,1,0,0,0
2522300,1,1,0,0,0,1,0
2522393,1,1,1,1,1,1,0
2522869,0,0,0,0,0,0,1
2524064,1,1,1,1,1,1,0
2524376,1,1,1,0,0,0,0
2525165,1,1,0,0,0,1,0
2525613,0,0,0,0,0,0,1
2526092,1,1,1,0,0,0,1
2526565,1,1,1,0,0,0,1
2527452,1,0,0,0,0,0,1
2527686,1,1,1,1,1,1,0
2527969,1,1,1,1,1,1,0
2528231,1,1,0,0,0,0,0
2528636,1,1,0,0,0,0,1
2529253,1,0,0,0,0,0,1
2530979,1,1,1,1,0,0,1
2531236,1,1,1,0,0,0,0
2531281,1,0,0,0,0,0,1
2532048,1,0,0,0,0,0,1
2532333,1,1,1,0,0,0,0
2532472,0,0,0,0,0,0,1
2534216,1,1,1,0,0,0,1
2534862,1,1,0,0,0,1,0
2534905,1,1,1,1,1,1,0
2534906,0,0,0,0,0,0,1
2534945,0,0,0,0,0,0,1
2535445,0,0,0,0,0,0,1
2536592,1,1,1,1,1,1,0
2537453,1,1,1,1,1,1,0
2537716,1,1,1,1,1,1,0
2538143,1,1,1,0,0,0,0
2538185,1,0,0,0,0,0,1
2538904,1,1,1,1,0,0,1
2539501,1,1,0,0,0,1,0
2540336,1,1,1,1,1,1,0
2542082,1,1,1,0,0,0,0
2542248,1,1,1,1,1,1,0
2543776,1,1,1,0,0,0,0
2545335,1,1,1,1,0,0,0
2545377,1,1,0,0,0,1,0
2546071,1,0,0,0,0,0,1
2546693,1,1,1,1,0,0,0
2546737,0,0,0,0,0,0,1
2548005,1,1,1,1,1,1,0
2548476,1,1,1,1,1,1,0
2549266,1,1,0,0,0,1,0
2549432,1,1,0,0,0,0,0
2549433,1,1,1,1,1,1,0
2550816,1,0,0,0,0,0,1
2550834,1,1,1,1,1,1,0
2551288,1,0,0,0,0,0,1
2551400,1,1,1,0,0,0,1
2551614,0,0,0,0,0,0,1
2552089,1,1,1,1,1,1,0
2552588,1,1,1,0,0,0,1
2552994,1,1,1,0,0,0,1
2553231,1,1,1,1,0,0,0
2554691,1,1,1,1,1,1,0
2555070,1,1,1,1,1,1,0
2556605,1,1,1,0,0,1,0
2557630,1,1,1,1,1,1,0
2558275,1,1,1,1,1,1,0
2558464,1,1,1,0,0,1,0
2558555,0,0,0,0,0,0,1
2559269,1,1,1,1,0,0,0
2559768,1,1,1,0,0,0,0
2559984,1,1,1,1,1,1,0
2560075,1,1,1,1,1,1,0
2560404,0,0,0,0,0,0,1
2560405,1,1,1,1,1,1,0
2561741,0,0,0,0,0,0,1
2562193,1,0,0,0,0,0,1
2562263,1,1,1,1,1,1,0
2562641,1,0,0,0,0,0,1
2563769,0,0,0,0,0,0,0
2564195,1,1,1,1,1,1,0
2564240,0,0,0,0,0,0,1
2564786,1,1,1,0,0,1,0
2565145,1,1,1,1,1,1,0
2566581,1,1,1,1,1,1,0
2567580,1,1,1,0,0,0,0
2568848,1,1,1,1,1,1,0
2569829,1,1,0,0,0,1,0
2571265,1,1,1,1,1,1,0
2571383,1,1,1,0,0,1,0
2571428,1,1,0,0,0,0,0
2571974,1,1,0,0,0,1,0
2572643,1,1,1,1,1,1,0
2573095,0,0,0,0,0,0,1
2573139,0,0,0,0,0,0,1
2573422,1,1,1,1,1,1,0
2573757,1,1,1,0,0,1,0
2573801,0,0,0,0,0,0,1
2574228,1,1,1,1,1,1,0
2574895,1,1,1,1,1,1,0
2575493,1,1,1,1,1,1,0
2575704,1,1,1,1,1,1,0
2576008,1,1,0,0,0,1,0
2576969,1,1,1,1,1,1,0
2577108,1,1,1,1,1,1,0
2577772,1,1,1,1,1,1,0
2578417,1,1,1,0,0,0,0
2579040,1,1,1,1,1,1,0
2579129,1,0,0,0,0,0,1
2579654,1,1,1,0,0,1,1
2582075,0,0,0,0,0,0,0
2584161,1,1,1,0,0,0,0
2584205,0,0,0,0,0,0,1
2584964,1,1,1,0,0,0,0
2586236,0,0,0,0,0,0,0
2586325,0,0,0,0,0,0,0
2586850,0,0,0,0,0,0,0
2587592,0,0,0,0,0,0,1
2588787,1,1,1,0,0,0,1
2589240,1,1,1,0,0,0,1
2589693,1,0,0,0,0,0,1
2590285,1,1,0,0,0,0,1
2592152,1,0,0,0,0,0,0
2594046,0,0,0,0,0,0,0
2594832,1,1,1,0,0,0,1
2595958,1,1,1,1,1,1,0
2595979,1,1,1,0,0,1,0
2596432,1,1,0,0,0,1,0
2596885,1,1,0,0,0,1,0
2597236,1,1,1,0,0,0,1
2597473,1,1,0,0,0,1,0
2598020,1,0,0,0,0,0,1
2599984,1,1,1,1,1,1,0
2600221,1,1,1,0,0,0,1
2602064,1,1,1,1,1,1,0
2603142,1,1,0,0,0,0,0
2603163,1,1,0,0,0,0,0
2603616,1,1,1,0,0,1,0
2604069,1,1,0,0,0,1,0
2604349,1,1,1,1,1,1,0
2604971,1,1,1,1,1,1,0
2606096,1,1,1,1,1,1,0
2606835,1,1,1,1,1,1,0
2607213,1,1,1,0,0,0,1
2608077,1,1,1,1,1,1,0
2608476,1,1,1,1,0,0,1
2608933,1,0,0,0,0,0,1
2610318,1,1,1,0,0,1,0
2612306,0,0,0,0,0,0,1
2613288,1,1,0,0,0,0,0
2613952,0,0,0,0,0,0,1
2614023,1,1,1,0,0,0,0
2614068,1,0,0,0,0,0,1
2614397,1,1,1,0,0,0,0
2615137,1,1,1,0,0,0,1
2616121,1,1,1,0,0,0,0
2617529,0,0,0,0,0,0,1
2619494,0,0,0,0,0,0,0
2621144,0,0,0,0,0,0,0
2621215,1,1,1,0,0,1,0
2621260,0,0,0,0,0,0,0
2623321,1,1,1,0,0,0,0
2624729,1,1,0,0,0,1,0
2626694,1,1,1,0,0,0,0
2627914,1,1,1,1,1,1,0
2628340,1,1,0,0,0,1,0
2628411,1,1,1,0,0,1,0
2628456,0,0,0,0,0,0,0
2629218,1,1,1,1,1,1,0
2629478,0,0,0,0,0,0,1
2630077,1,1,1,1,0,0,1
2631080,1,1,1,1,1,1,0
2631413,1,1,1,1,1,1,0
2631909,1,1,0,0,0,1,0
2633705,1,1,1,1,1,1,0
2635381,1,1,1,1,1,1,0
2635520,1,1,1,0,0,1,0
2635591,1,1,0,0,0,0,0
2636666,1,1,0,0,0,1,0
2636829,1,1,1,1,1,1,0
2638268,1,1,1,0,0,1,0
2638405,1,1,0,0,0,0,1
2638597,1,1,1,0,0,0,0
2640056,1,1,1,1,1,1,0
2642712,1,1,1,0,0,1,0
2642783,1,1,1,0,0,1,0
2643858,1,1,1,1,0,0,0
2645605,1,1,1,0,0,1,0
2645797,1,1,1,0,0,1,0
2647256,1,1,0,0,0,1,0
2648837,1,1,1,0,0,1,1
2649908,1,1,1,1,0,0,0
2649979,1,1,0,0,0,0,0
2651054,1,1,1,0,0,1,0
2652801,1,1,1,1,0,0,0
2654456,1,1,1,0,0,1,0
2656037,1,1,1,1,0,0,0
2657108,1,1,1,0,0,0,0
2657179,1,1,1,0,0,0,0
2658254,0,0,0,0,0,0,0
2658563,0,0,0,0,0,0,1
2659997,1,1,1,0,0,1,0
2660043,1,1,1,1,1,1,0
2660374,1,1,1,1,0,0,1
2661593,1,1,1,1,1,1,0
2661640,1,1,1,0,0,1,0
2661922,0,0,0,0,0,0,1
2662926,0,0,0,0,0,0,1
2662928,1,1,1,1,1,1,0
2663181,1,1,1,1,1,1,0
2663205,1,1,1,0,0,1,0
2664276,0,0,0,0,0,0,0
2665616,1,1,1,1,1,1,0
2666260,0,0,0,0,0,0,1
2667219,1,1,1,0,0,1,0
2667865,1,1,1,0,0,1,1
2667952,1,1,1,1,1,1,0
2668599,1,1,1,1,1,1,0
2669866,1,1,1,1,1,1,0
2670004,1,1,1,0,0,0,1
2670075,1,1,1,1,1,1,0
2670096,1,1,1,0,0,1,0
2670353,1,1,1,1,0,0,0
2670953,1,1,1,1,1,1,0
2671497,1,1,1,1,1,1,0
2673777,1,1,1,1,1,1,0
2675885,1,1,1,1,1,1,0
2677054,1,1,1,0,0,1,0
2677192,1,1,1,0,0,1,0
2677263,1,1,1,0,0,1,0
2677284,1,1,1,0,0,1,0
2677708,1,0,0,0,0,0,1
2678689,1,1,1,0,0,1,0
2679046,1,1,1,1,1,1,0
2679403,1,1,1,1,1,1,0
2680119,1,0,0,0,0,0,1
2680282,1,1,1,1,1,1,0
2681261,1,1,1,1,1,1,0
2681570,1,1,1,1,1,1,0
2683057,1,1,1,1,0,0,0
2683509,1,0,0,0,0,0,1
2683958,1,1,1,1,0,0,1
2684460,1,1,1,0,0,1,0
2684884,1,1,1,1,0,0,0
2685868,1,1,1,1,1,1,0
2686052,1,1,1,1,1,1,0
2687204,1,1,1,1,1,1,0
2687295,1,1,1,0,0,0,0
2687312,1,1,1,1,1,1,0
2688437,1,1,1,0,0,0,0
2688600,1,1,1,1,1,1,0
2690012,1,1,1,1,1,1,0
2690685,1,1,1,0,0,1,0
2691134,1,1,1,0,0,0,0
2692256,1,1,1,0,0,0,1
2693692,1,1,1,1,1,1,0
2693908,1,1,1,0,0,1,1
2694479,1,1,0,0,0,1,0
2695625,1,1,1,0,0,1,0
2697469,1,1,1,1,1,1,0
2697877,1,1,1,0,0,1,0
2698326,1,1,1,0,0,1,0
2699978,1,1,1,1,1,1,0
2700165,1,1,1,1,1,1,0
2700689,0,0,0,0,0,0,1
2700876,1,1,1,0,0,1,0
2701041,0,0,0,0,0,0,1
2701088,1,1,0,0,0,1,0
2701659,1,1,0,0,0,1,0
2702685,1,1,1,1,1,1,0
2703259,1,1,1,1,1,1,0
2703374,1,1,1,0,0,0,1
2703922,0,0,0,0,0,0,1
2705049,1,1,1,0,0,0,0
2705477,1,0,0,0,0,0,1
2705927,1,1,1,0,0,1,1
2708056,1,1,1,0,0,1,0
2708272,1,1,1,0,0,0,0
2708724,0,0,0,0,0,0,1
2709869,1,1,1,0,0,1,0
2711114,1,1,1,0,0,1,0
2711925,1,1,1,1,1,1,0
2712069,1,1,1,1,1,1,0
2712473,0,0,0,0,0,0,1
2713115,1,1,1,0,0,0,0
2713329,1,0,0,0,0,0,1
2714333,1,0,0,0,0,0,1
2715236,1,0,0,0,0,0,0
2715908,1,0,0,0,0,0,0
2716116,1,0,0,0,0,0,1
2717648,1,1,1,1,1,1,0
2718028,0,0,0,0,0,0,1
2718220,1,1,1,1,1,1,0
2718286,1,1,1,0,0,1,0
2718666,0,0,0,0,0,0,1
2718756,1,0,0,0,0,0,1
2719089,1,1,1,0,0,1,0
2720287,1,1,1,0,0,0,0
2721509,1,1,1,0,0,1,0
2724116,1,1,1,0,0,1,1
2724404,1,1,1,0,0,1,1
2725862,1,1,1,0,0,0,0
2726289,1,1,0,0,0,0,0
2726837,0,0,0,0,0,0,1
2727002,1,0,0,0,0,0,1
2727479,1,1,1,0,0,0,0
2728290,1,1,1,1,1,1,0
2728647,1,1,1,1,1,1,0
2728693,1,1,1,0,0,1,0
2729241,1,0,0,0,0,0,1
2729378,1,0,0,0,0,0,1
2730382,1,0,0,0,0,0,1
2731098,1,0,0,0,0,0,1
2731263,1,1,1,1,1,1,0
2731280,1,1,1,0,0,1,0
2731568,1,1,0,0,0,0,0
2732498,1,1,1,1,1,1,0
2732903,1,1,1,1,1,1,0
2733978,1,1,1,1,1,1,0
2733997,1,1,1,0,0,1,0
2734044,1,1,1,1,1,1,0
2734132,1,1,1,1,1,1,0
2735330,1,0,0,0,0,0,1
2735588,1,1,1,1,1,1,0
2735948,1,1,1,1,1,1,0
2736401,1,1,1,0,0,1,0
2737428,1,1,1,1,1,1,0
2737641,1,1,1,0,0,0,1
2738189,0,0,0,0,0,0,1
2738712,1,1,1,1,1,1,0
2738757,1,0,0,0,0,0,1
2740071,1,1,1,0,0,1,0
2741169,1,1,1,0,0,1,0
2741213,0,0,0,0,0,0,1
2741835,1,1,1,1,1,1,0
2742429,1,1,1,1,1,1,0
2742498,1,1,1,0,0,1,0
2742756,1,1,1,0,0,1,0
2743163,1,1,1,1,1,1,0
2743924,1,1,1,1,1,1,0
2744546,1,1,1,0,0,0,1
2744879,1,0,0,0,0,0,1
2744992,1,1,1,1,1,1,0
2745880,1,1,1,0,0,1,0
2745924,0,0,0,0,0,0,1
2745925,1,1,1,0,0,0,0
2746152,1,1,1,1,1,1,0
2746391,1,1,1,1,1,1,0
2746771,0,0,0,0,0,0,1
2747225,1,1,1,1,1,1,0
2747410,1,1,1,0,0,1,1
2747480,1,1,1,0,0,0,1
2747688,1,0,0,0,0,0,1
2747737,1,0,0,0,0,0,1
2748019,1,1,1,1,1,1,0
2748449,1,0,0,0,0,0,1
2748872,1,1,1,1,1,1,0
2749255,1,1,1,1,1,1,0
2749373,1,1,1,0,0,0,1
2749557,1,1,0,0,0,1,0
2749675,1,0,0,0,0,0,1
2750580,1,1,1,1,1,1,0
2751059,1,1,1,1,0,0,1
2752060,1,1,0,0,0,0,1
2752467,1,1,1,1,1,1,0
2754239,1,1,1,1,1,1,0
2754570,1,1,1,0,0,1,0
2754640,1,1,0,0,0,1,0
2755810,1,1,1,1,1,1,0
2755976,1,1,1,1,1,1,0
2756115,1,1,1,1,1,1,0
2756545,1,1,1,0,0,1,0
2756729,1,1,1,0,0,1,0
2756966,1,1,1,1,1,1,0
2757419,1,1,1,1,1,1,0
2757633,1,1,1,1,1,1,0
2757841,1,1,1,1,1,1,0
2758296,1,1,0,0,0,0,1
2758578,1,1,1,1,1,1,0
2759220,1,1,1,0,0,1,0
2759388,1,1,1,1,1,1,0
2759670,1,1,1,1,1,1,0
2759857,1,1,1,1,1,1,0
2759905,1,1,1,1,1,1,0
2760019,1,1,1,0,0,0,1
2760108,1,1,1,0,0,0,1
2761021,1,1,1,1,1,1,0
2761156,1,1,1,0,0,0,1
2761179,1,1,1,1,1,1,0
2761269,1,1,1,0,0,0,1
2762417,1,1,1,1,1,1,0
2763615,1,1,1,1,1,1,0
2763945,1,1,1,1,0,0,1
2764592,1,1,1,0,0,1,1
2764800,1,1,1,0,0,1,1
2764844,0,0,0,0,0,0,1
2765778,1,1,1,1,0,0,1
2765988,1,1,1,1,1,1,0
2766060,1,1,1,1,1,1,0
2766942,1,1,1,1,1,1,0
2767128,1,1,1,1,1,1,0
2767175,1,1,1,0,0,0,1
2768181,1,1,1,0,0,0,0
2768487,1,1,1,1,1,1,0
2768722,1,1,1,1,1,1,0
2769052,1,1,1,0,0,0,1
2769242,1,0,0,0,0,0,1
2770081,1,1,1,1,1,1,0
2770387,1,1,1,1,1,1,0
2770457,0,0,0,0,0,0,1
2770501,0,0,0,0,0,0,1
2770901,1,1,1,1,1,1,0
2771525,1,1,1,1,1,1,0
2771615,1,1,1,0,0,0,1
2772307,1,0,0,0,0,0,1
2772641,1,1,1,1,1,1,0
2772681,1,1,1,1,1,1,0
2773208,1,1,1,0,0,0,0
2774213,1,0,0,0,0,0,1
2775093,1,1,1,1,1,1,0
2775213,1,1,1,1,1,1,0
2776212,1,1,1,0,0,1,0
2776402,1,1,1,0,0,1,0
2778585,1,1,1,0,0,0,1
2779104,1,1,1,0,0,1,1
2779487,1,1,1,0,0,0,0
2779865,1,1,1,0,0,0,1
2780392,1,1,1,0,0,0,0
2780626,1,1,1,0,0,0,1
2780716,1,1,1,1,1,1,0
2780883,1,1,1,1,1,1,0
2780901,1,1,1,1,1,1,0
2781213,1,1,1,1,1,1,0
2781564,1,1,1,0,0,0,1
2786579,1,1,1,1,1,1,0
2787584,1,1,1,0,0,1,0
2787818,1,1,1,0,0,0,0
2788101,1,1,1,0,0,1,0
2788413,1,1,1,0,0,1,0
2788764,1,1,1,0,0,1,0
2790922,0,0,0,0,0,0,1
2792430,1,0,0,0,0,0,1
2793771,1,1,1,0,0,0,0
2794776,1,1,1,0,0,1,0
2795297,1,1,1,0,0,1,0
2795511,1,1,1,0,0,0,1
2795605,1,1,1,0,0,1,0
2795956,1,1,1,0,0,0,0
2796508,1,1,1,1,1,1,0
2796649,1,1,1,1,1,1,0
2797048,1,1,1,1,1,1,0
2797792,1,1,1,1,1,1,0
2797957,1,1,1,1,1,1,0
2798092,1,1,1,1,1,1,0
2798616,1,0,0,0,0,0,1
2799049,1,1,1,1,1,1,0
2799594,1,1,1,0,0,1,0
2800404,1,1,1,1,1,1,0
2800690,1,1,1,1,1,1,0
2802461,1,0,0,0,0,0,0
2802675,1,1,1,0,0,1,0
2802719,0,0,0,0,0,0,1
2803626,1,0,0,0,0,0,1
2803887,1,1,1,1,1,1,0
2804722,1,1,1,1,1,1,0
2804765,1,1,1,1,1,1,0
2804956,1,1,1,0,0,1,0
2805768,1,0,0,0,0,0,1
2806099,1,1,1,0,0,1,1
2806217,1,1,1,0,0,0,0
2807267,1,1,1,1,1,1,0
2807552,1,1,1,1,1,1,0
2807568,1,1,0,0,0,0,0
2808264,1,1,1,0,0,0,1
2808712,1,1,1,1,1,1,0
2808760,1,0,0,0,0,0,1
2808779,1,1,1,0,0,0,1
2809205,1,1,1,1,1,1,0
2809947,1,1,1,1,1,1,0
2810016,1,1,1,1,1,1,0
2810225,1,1,1,1,1,1,0
2811207,1,1,1,1,1,1,0
2811272,1,1,1,1,1,1,0
2811870,1,1,1,0,0,1,0
2813187,1,0,0,0,0,0,1
2813377,1,1,1,0,0,1,0
2814117,1,0,0,0,0,0,1
2814399,1,1,1,1,1,1,0
2815162,1,1,1,1,1,1,0
2816479,1,1,1,1,1,1,0
2817196,1,1,1,0,0,0,0
2817405,1,1,1,0,0,1,0
2817406,1,1,1,1,1,1,0
2817687,1,1,1,1,1,1,0
2818428,1,1,1,1,1,1,0
2818444,1,1,1,0,0,1,0
2818801,1,1,1,1,1,1,0
2818943,1,1,1,1,1,1,0
2819968,1,1,1,1,1,1,0
2820015,1,1,1,1,1,1,0
2820276,1,1,1,1,1,1,0
2820848,1,0,0,0,0,0,1
2821277,1,1,1,0,0,0,0
2821604,1,1,1,1,1,1,0
2821771,1,1,1,1,1,1,0
2822345,1,1,1,1,1,1,0
2822364,1,0,0,0,0,0,1
2822455,0,0,0,0,0,0,1
2822832,1,1,1,1,1,1,0
2823049,1,1,0,0,0,0,1
2823211,1,1,0,0,0,0,1
2824550,1,1,1,0,0,0,0
2825216,1,1,1,1,1,1,0
2825620,1,0,0,0,0,0,1
2825624,1,1,1,1,1,1,0
2825949,1,1,1,0,0,1,0
2826308,0,0,0,0,0,0,1
2826422,1,1,1,1,1,1,0
2827690,1,1,1,1,1,1,0
2828934,1,1,1,1,1,1,0
2829410,1,0,0,0,0,0,1
2830225,1,1,1,0,0,0,0
2830387,1,1,1,0,0,1,0
2831537,1,1,1,1,1,1,0
2831867,1,1,1,1,1,1,0
2832561,1,1,1,1,0,0,1
2832792,1,1,0,0,0,0,0
2832959,1,1,1,1,1,1,0
2833121,1,1,1,0,0,0,0
2833480,1,1,1,0,0,1,0
2834077,1,1,1,1,1,1,0
2834141,1,1,1,1,1,1,0
2834835,1,1,1,1,1,1,0
2835912,1,1,1,1,1,1,0
2835928,1,1,1,1,1,1,0
2836287,1,1,1,1,1,1,0
2836570,0,0,0,0,0,0,0
2837024,1,1,1,1,1,1,0
2838387,1,1,1,1,1,1,0
2838740,1,1,1,1,1,1,0
2841140,1,0,0,0,0,0,1
2841257,1,1,0,0,0,0,0
2841321,1,1,1,0,0,0,0
2841532,1,1,1,1,1,1,0
2842445,1,1,1,1,1,1,0
2842604,1,1,1,1,1,1,0
2842797,0,0,0,0,0,0,1
2843750,1,1,1,1,0,0,0
2843965,1,1,1,1,1,1,0
2845086,1,1,1,1,1,1,0
2845181,1,1,1,1,1,1,0
2845559,1,1,1,0,0,1,0
2846298,1,1,1,1,1,1,0
2846631,1,1,1,1,1,1,0
2847227,1,0,0,0,0,0,1
2848304,1,1,0,0,0,0,0
2848489,1,1,1,0,0,1,0
2849780,1,1,1,0,0,0,0
2851072,1,1,1,1,1,1,0
2851741,0,0,0,0,0,0,1
2852365,1,1,1,0,0,1,0
2853486,1,1,1,0,0,0,0
2854178,1,0,0,0,0,0,1
2854415,1,1,1,1,0,0,0
2854417,1,1,1,1,1,1,0
2855006,1,1,1,1,0,0,1
2855484,0,0,0,0,0,0,0
2855503,1,1,1,1,1,1,0
2855861,1,1,1,1,1,1,0
2856721,1,1,0,0,0,0,1
2858248,0,0,0,0,0,0,0
2858369,1,1,1,1,1,1,0
2858580,1,1,1,1,1,1,0
2858647,1,1,1,0,0,0,1
2858762,1,1,1,1,1,1,0
2858901,1,1,1,0,0,0,0
2858945,0,0,0,0,0,0,1
2859012,1,1,0,0,0,0,1
2859826,1,1,1,1,1,1,0
2860351,1,1,1,1,1,1,0
2860417,1,1,1,1,1,1,0
2860993,1,1,1,1,1,1,0
2861034,1,1,1,1,1,1,0
2861128,1,1,1,1,1,1,0
2861240,1,1,1,1,1,1,0
2862657,1,1,1,1,1,1,0
2862746,1,1,1,1,1,1,0
2862912,1,1,1,1,1,1,0
2863408,1,1,1,1,1,1,0
2863573,1,1,1,1,1,1,0
2864028,1,1,1,1,1,1,0
2864601,1,0,0,0,0,0,1
2864716,1,1,0,0,0,0,1
2864781,1,1,1,1,1,1,0
2866148,1,1,1,0,0,0,1
2866717,1,1,1,1,1,1,0
2867049,0,0,0,0,0,0,1
2867431,1,1,1,0,0,0,1
2867520,1,1,1,0,0,0,1
2867925,1,0,0,0,0,0,1
2868763,1,0,0,0,0,0,1
2869165,1,1,1,1,1,1,0
2869906,1,1,1,0,0,0,0
2870336,1,1,1,1,1,1,0
2870643,1,1,1,1,1,1,0
2870877,1,1,1,1,1,1,0
2870921,0,0,0,0,0,0,1
2871568,1,1,1,1,1,1,0
2871730,1,1,1,0,0,0,1
2871753,1,1,1,0,0,0,0
2871865,1,1,0,0,0,0,1
2872463,1,1,0,0,0,0,1
2873444,1,1,1,1,0,0,1
2873750,1,1,1,1,1,1,0
2874680,1,1,1,1,0,0,0
2874749,1,1,1,1,1,1,0
2875154,1,1,1,1,1,1,0
2877766,1,0,0,0,0,0,1
2878941,1,1,1,0,0,1,0
2879489,1,0,0,0,0,0,1
2879651,1,1,1,0,0,0,0
2880196,1,1,0,0,0,0,1
2880290,1,1,1,0,0,0,1
2880624,0,0,0,0,0,0,0
2880952,1,1,0,0,0,0,1
2880955,1,1,1,1,1,1,0
2880957,1,1,1,1,1,1,0
2881376,1,1,0,0,0,0,1
2881921,1,1,1,0,0,1,0
2881966,1,1,1,0,0,0,1
2882012,1,0,0,0,0,0,1
2882105,1,1,1,1,1,1,0
2882360,1,1,1,1,1,1,0
2882382,0,0,0,0,0,0,1
2882475,1,1,1,1,1,1,0
2882881,1,1,0,0,0,0,1
2883522,1,1,1,0,0,0,1
2884097,1,1,1,1,1,1,0
2884426,0,0,0,0,0,0,1
2885289,1,1,1,1,1,1,0
2885500,1,1,1,1,0,0,1
2886310,1,1,1,1,0,0,1
2886525,1,1,1,1,1,1,0
2886712,1,1,1,1,1,1,0
2887453,1,1,1,0,0,0,1
2887758,1,1,1,1,0,0,1
2887760,1,1,1,1,1,1,0
2888113,1,0,0,0,0,0,1
2888228,1,0,0,0,0,0,1
2889061,0,0,0,0,0,0,0
2889372,1,1,1,1,1,1,0
2889508,1,1,1,0,0,0,0
2889627,0,0,0,0,0,0,0
2890173,1,1,1,1,1,1,0
2890432,1,1,0,0,0,0,1
2890576,1,1,1,1,1,1,0
2891005,1,1,1,1,1,1,0
2891381,1,1,1,1,1,1,0
2891592,1,1,1,1,1,1,0
2892121,1,1,1,1,1,1,0
2892401,1,0,0,0,0,0,1
2892424,1,1,1,1,1,1,0
2892753,1,0,0,0,0,0,1
2892892,1,1,1,1,1,1,0
2893349,1,1,1,1,1,1,0
2893800,1,1,1,1,1,1,0
2893844,0,0,0,0,0,0,1
2893957,1,1,1,1,1,1,0
2894509,1,1,1,1,0,0,1
2894620,1,1,1,1,0,0,1
2894882,1,1,0,0,0,0,0
2895598,1,1,0,0,0,0,1
2895645,1,1,1,1,1,1,0
2896284,1,1,1,1,1,1,0
2896763,1,1,0,0,0,0,0
2896782,1,1,1,1,0,0,1
2896877,1,1,1,1,1,1,0
2897516,1,1,1,1,1,1,0
2898261,1,1,1,1,1,1,0
2898302,1,1,1,1,1,1,0
2898305,0,0,0,0,0,0,1
2898583,1,1,1,1,1,1,0
2899322,1,1,1,1,1,1,0
2899465,1,1,1,1,1,1,0
2899675,1,1,1,1,1,1,0
2900823,1,1,1,1,1,1,0
2900964,1,0,0,0,0,0,1
2901101,0,0,0,0,0,0,0
2901145,0,0,0,0,0,0,1
2901935,1,1,0,0,0,0,1
2902313,1,1,1,1,1,1,0
2902504,1,1,1,1,1,1,0
2903099,1,1,1,1,1,1,0
2903741,1,1,1,1,1,1,0
2904672,1,1,1,1,0,0,0
2904695,1,1,1,1,1,1,0
2904881,1,1,1,1,1,1,0
2905839,1,1,1,1,1,1,0
2906192,1,1,1,1,1,1,0
2906478,1,1,1,0,0,0,0
2906621,1,1,1,0,0,1,0
2907356,1,1,1,1,1,1,0
2908053,1,1,1,1,1,1,0
2908356,1,0,0,0,0,0,1
2908787,1,1,1,1,1,1,0
2908831,0,0,0,0,0,0,1
2908969,1,1,1,1,1,1,0
2909110,1,1,1,1,1,1,0
2909368,1,1,1,1,1,1,0
2909656,1,1,1,1,0,0,0
2909889,1,1,1,1,1,1,0
2910006,1,1,1,1,1,1,0
2910628,1,1,1,1,1,1,0
2910884,1,1,1,1,1,1,0
2910928,0,0,0,0,0,0,1
2911358,1,1,1,1,1,1,0
2911449,1,1,1,1,1,1,0
2911712,1,1,1,1,1,1,0
2912808,1,1,1,1,1,1,0
2912812,1,1,1,1,1,1,0
2913069,1,1,1,1,0,0,1
2913808,1,1,1,1,1,1,0
2913848,1,1,1,1,1,1,0
2914137,1,1,1,1,1,1,0
2914731,1,1,1,0,0,0,1
2914872,1,1,1,1,1,1,0
2914960,1,1,1,1,1,1,0
2915129,1,1,1,1,1,1,0
2915940,1,1,1,1,1,1,0
2916657,1,1,1,1,1,1,0
2916912,1,1,1,1,1,1,0
2917104,1,1,1,1,1,1,0
2917725,1,1,1,1,1,1,0
2918152,1,1,1,1,1,1,0
2918171,1,1,1,1,1,1,0
2918502,1,1,1,0,0,0,0
2918593,1,1,1,0,0,0,0
2918713,1,1,1,1,1,1,0
2918800,1,1,1,1,1,1,0
2919591,1,1,1,1,1,1,0
2920064,1,1,1,1,1,1,0
2920663,1,1,1,1,1,1,0
2920849,1,1,1,1,1,1,0
2921276,1,1,1,1,1,1,0
2921897,1,1,1,1,1,1,0
2922015,1,1,1,1,1,1,0
2922224,1,1,1,1,1,1,0
2922893,1,1,1,1,1,1,0
2922938,1,1,1,1,0,0,1
2923007,1,1,1,1,1,1,0
2923360,1,1,1,1,0,0,1
2924271,0,0,0,0,0,0,1
2924288,1,1,1,1,1,1,0
2924909,1,1,1,1,1,1,0
2925144,1,1,1,1,1,1,0
2925288,1,1,0,0,0,0,0
2925763,1,1,1,1,1,1,0
2925857,1,1,1,0,0,1,0
2925873,1,1,1,1,1,1,0
2926012,1,1,1,1,1,1,0
2926131,1,0,0,0,0,0,1
2926152,1,1,1,1,1,1,0
2926171,0,0,0,0,0,0,1
2926885,1,1,1,1,1,1,0
2927029,1,1,1,1,1,1,0
2927068,1,1,1,1,1,1,0
2927356,1,1,1,1,1,1,0
2928049,1,1,1,1,1,1,0
2928137,1,1,1,1,1,1,0
2928328,1,1,1,1,1,1,0
2928416,1,1,1,1,1,1,0
2928679,1,1,1,1,1,1,0
2928864,0,0,0,0,0,0,1
2928869,1,1,1,1,1,1,0
2928977,1,1,1,1,1,1,0
2929072,1,1,1,0,0,0,1
2929547,1,1,0,0,0,0,1
2929828,1,1,1,1,1,1,0
2929877,1,1,1,1,1,1,0
2930038,1,1,1,1,0,0,0
2930515,1,1,1,1,1,1,0
2930705,1,1,1,1,1,1,0
2930744,1,1,1,1,1,1,0
2930958,1,1,1,1,1,1,0
2931409,1,1,1,1,1,1,0
2931431,1,1,1,1,1,1,0
2931764,1,1,1,0,0,1,1
2932095,1,0,0,0,0,0,1
2932117,1,1,1,1,1,1,0
2932276,1,1,1,1,1,1,0
2932297,1,1,1,1,1,1,0
2932969,1,0,0,0,0,0,1
2933011,1,1,1,1,1,1,0
2933152,1,1,1,1,1,1,0
2933889,1,1,1,1,1,1,0
2933983,1,1,1,1,1,1,0
2934745,1,1,1,1,1,1,0
2935271,1,1,1,1,1,1,0
2936273,1,1,1,1,1,1,0
2936275,1,1,1,1,1,1,0
2937968,1,1,1,0,0,1,1
2938110,1,1,1,0,0,1,0
2938371,1,1,1,0,0,1,1
2938868,1,1,1,1,1,1,0
2939058,1,1,1,1,1,1,0
2939271,1,1,1,1,1,1,0
2939720,1,1,1,1,1,1,0
2940129,1,1,1,0,0,1,0
2940219,1,1,1,1,1,1,0
2940312,1,1,1,0,0,1,0
2940616,1,1,1,1,1,1,0
2940977,1,1,1,1,1,1,0
2940996,1,0,0,0,0,0,1
2941519,1,1,1,0,0,0,1
2941536,1,1,1,1,1,1,0
2942424,1,1,1,1,1,1,0
2943425,1,1,1,0,0,1,0
2944237,1,1,1,1,1,1,0
2944404,1,1,1,1,1,1,0
2946077,1,1,1,0,0,0,1
2946218,1,1,1,0,0,1,0
2946718,1,0,0,0,0,0,1
2947028,1,1,1,1,0,0,1
2947117,1,1,1,1,1,1,0
2947118,0,0,0,0,0,0,1
2947304,0,0,0,0,0,0,1
2947394,0,0,0,0,0,0,1
2947917,1,1,1,1,1,1,0
2948133,1,1,0,0,0,1,0
2948150,1,1,1,0,0,0,1
2948152,1,1,1,1,1,1,0
2948671,1,1,1,0,0,1,0
2948688,1,1,1,0,0,0,0
2948689,1,1,1,1,1,1,0
2948781,1,1,0,0,0,0,1
2949038,1,1,1,1,1,1,0
2949180,1,1,1,1,1,1,0
2949389,1,1,1,0,0,0,1
2949817,1,0,0,0,0,0,1
2950030,1,1,1,1,1,1,0
2950121,1,0,0,0,0,0,1
2950600,1,1,1,1,1,1,0
2950954,1,1,1,1,1,1,0
2951021,1,1,1,1,1,1,0
2951380,1,1,1,1,1,1,0
2951878,1,1,1,1,1,1,0
2952164,1,1,1,1,1,1,0
2952854,1,1,1,1,1,1,0
2953044,1,1,1,1,1,1,0
2953758,1,1,1,1,1,1,0
2954116,1,1,1,1,1,1,0
2954613,1,1,0,0,0,1,1
2954658,1,1,1,1,1,1,0
2955493,1,1,1,1,1,1,0
2955562,1,1,1,1,1,1,0
2955799,1,1,1,1,0,1,0
2955816,1,1,1,0,0,1,0
2955913,1,1,1,0,0,0,0
2956457,1,1,1,1,1,1,0
2956740,1,1,1,1,1,1,0
2956810,1,1,1,1,1,1,0
2956857,1,1,1,1,1,1,0
2957618,1,1,1,1,1,1,0
2958790,1,0,0,0,0,0,1
2960658,0,0,0,0,0,0,1
2961280,1,1,1,0,0,1,0
2961296,1,1,1,1,1,1,0
2961534,1,1,1,1,1,1,0
2961986,0,0,0,0,0,0,1
2962152,1,1,1,1,1,1,0
2962576,1,1,1,1,1,1,0
2962959,1,1,1,0,0,1,0
2963194,1,1,1,1,1,1,0
2963385,1,1,1,1,1,1,0
2963617,1,1,1,0,0,1,0
2963688,1,1,1,1,1,1,0
2963848,1,1,1,1,1,1,0
2963871,1,1,1,1,1,1,0
2964421,1,1,1,1,1,1,0
2964844,1,1,1,1,1,1,0
2964867,1,1,1,1,1,1,0
2966084,1,1,1,1,1,1,0
2966131,1,1,1,1,1,1,0
2966607,1,0,0,0,0,0,1
2967345,1,1,1,1,1,1,0
2967535,1,1,0,0,0,0,1
2967697,0,0,0,0,0,0,1
2968897,1,1,1,1,0,0,1
2969225,1,1,1,1,1,1,0
2969345,0,0,0,0,0,0,1
2969435,1,1,1,0,0,0,1
2970101,1,1,1,1,1,1,0
2970338,1,1,1,1,0,0,0
2970840,1,1,1,1,0,0,0
2971197,1,0,0,0,0,0,1
2971334,1,1,1,1,1,1,0
2971884,1,1,1,1,0,0,1
2972189,1,1,1,1,1,1,0
2972328,1,1,1,1,0,0,1
2972330,1,1,1,1,1,1,0
2972332,0,0,0,0,0,0,1
2972725,1,0,0,0,0,0,1
2973012,1,0,0,0,0,0,1
2973270,1,1,1,1,1,1,0
2973552,1,1,1,0,0,0,1
2973741,1,1,1,1,1,1,0
2973908,1,1,1,1,1,1,0
2974550,1,1,1,1,1,1,0
2974641,1,1,0,0,0,0,1
2974928,1,1,1,1,1,1,0
2974994,1,0,0,0,0,0,1
2975998,1,1,1,1,1,1,0
2976281,1,1,1,1,1,1,0
2976376,1,1,1,1,1,1,0
2976563,1,1,1,0,0,1,0
2977158,1,1,1,1,1,1,0
2977179,1,0,0,0,0,0,1
2977180,1,1,1,1,1,1,0
2977193,1,1,1,1,1,1,0
2977813,1,0,0,0,0,0,1
2978003,1,0,0,0,0,0,1
2978118,1,1,1,1,1,1,0
2978120,1,1,1,1,1,1,0
2978305,1,1,1,1,0,0,0
2978660,1,0,0,0,0,0,1
2978989,1,1,1,1,1,1,0
2979082,1,1,1,1,1,1,0
2979201,1,1,1,1,1,1,0
2979384,1,1,1,0,0,1,1
2979624,1,1,1,1,1,1,0
2979929,1,1,1,1,1,1,0
2979974,1,1,1,1,1,1,0
2980117,1,1,1,1,1,1,0
2980808,1,1,1,1,1,1,0
2980850,1,1,1,1,1,1,0
2981041,1,1,1,1,1,1,0
2981201,1,1,1,1,1,1,0
2981728,1,1,1,1,1,1,0
2982061,1,1,1,1,1,1,0
2982125,1,1,1,1,1,1,0
2982628,1,1,1,1,1,1,0
2982985,1,1,1,1,1,1,0
2983845,1,1,1,1,1,1,0
2984873,1,1,1,1,1,1,0
2985131,1,1,1,0,0,1,0
2985897,1,1,1,1,1,1,0
2985915,1,0,0,0,0,0,1
2986532,1,1,1,0,0,1,0
2986843,1,1,1,1,1,1,0
2987388,1,1,1,1,1,1,0
2988010,1,1,1,0,0,1,0
2988079,1,1,1,1,1,1,0
2988360,1,1,1,1,1,1,0
2988910,1,1,1,1,1,1,0
2989289,1,1,1,0,0,1,0
2989792,1,1,1,0,0,0,0
2989954,1,1,1,1,1,1,0
2990768,1,1,1,1,1,1,0
2990954,1,1,1,1,1,1,0
2991164,1,1,1,1,1,1,0
2991716,1,1,1,1,1,1,0
2991996,1,1,1,1,1,1,0
2992066,1,1,1,1,1,1,0
2992664,1,1,1,1,1,1,0
2993016,1,1,1,1,1,1,0
2993038,1,1,1,1,1,1,0
2993041,1,1,1,0,0,0,0
2993272,1,0,0,0,0,0,1
2994130,1,1,1,1,1,1,0
2994248,1,1,1,1,1,1,0
2994602,1,0,0,0,0,0,1
2994744,1,0,0,0,0,0,1
2995219,1,1,1,0,0,0,0
2996437,1,1,1,0,0,1,0
3000200,1,1,1,0,0,0,0
3000225,1,1,1,0,0,0,0
3001802,0,0,0,0,0,0,0
3001944,0,0,0,0,0,0,0
3002419,0,0,0,0,0,0,0
3002680,1,1,0,0,0,0,1
3003394,1,1,1,1,1,1,0
3003629,0,0,0,0,0,0,0
3005041,1,1,1,0,0,0,1
3006164,1,1,1,0,0,0,1
3006736,1,0,0,0,0,0,1
3007409,1,1,0,0,0,0,0
3009611,1,1,1,0,0,1,0
3009872,1,1,1,0,0,1,0
3010586,1,1,1,0,0,1,0
3010703,1,1,1,1,1,1,0
3011299,1,0,0,0,0,0,1
3011630,1,1,1,1,1,1,0
3012225,1,1,1,0,0,1,0
3012822,1,1,1,1,0,0,1
3013105,1,1,1,1,1,1,0
3013916,1,1,1,0,0,0,0
3014322,1,1,1,1,1,1,0
3014585,1,1,0,0,0,0,0
3015058,1,0,0,0,0,0,1
3016278,1,1,1,1,1,1,0
3017044,1,1,1,0,0,1,0
3017108,1,1,1,1,1,1,0
3017781,1,1,1,1,1,1,0
3017894,1,1,1,1,1,1,0
3018008,1,1,1,1,1,1,0
3018012,1,1,1,1,1,1,0
3018459,1,1,1,0,0,1,0
3018745,1,1,1,1,1,1,0
3019244,1,1,1,1,1,1,0
3019768,1,0,0,0,0,0,1
3020265,1,1,1,0,0,1,0
3020409,1,0,0,0,0,0,1
3020712,1,1,1,1,1,1,0
3022272,0,0,0,0,0,0,1
3023560,0,0,0,0,0,0,1
3024612,1,1,1,1,1,1,0
3024948,1,1,1,1,1,1,0
3025062,1,1,1,0,0,0,0
3025488,1,1,1,1,1,1,0
3025631,1,1,1,0,0,0,0
3025820,1,1,1,1,1,1,0
3026006,1,1,1,1,1,1,0
3026698,1,0,0,0,0,0,1
3026769,0,0,0,0,0,0,1
3027433,0,0,0,0,0,0,0
3027435,1,1,1,1,1,1,0
3027570,1,1,1,1,1,1,0
3027641,1,1,1,1,1,1,0
3027995,1,0,0,0,0,0,1
3028422,1,1,1,1,1,1,0
3028489,1,1,1,1,1,1,0
3028493,1,1,1,1,1,1,0
3028915,1,1,1,1,1,1,0
3029680,1,1,1,1,1,1,0
3029941,1,1,1,1,1,1,0
3030799,1,1,1,1,1,1,0
3030868,1,0,0,0,0,0,1
3031054,1,1,1,1,1,1,0
3031652,1,1,1,1,1,1,0
3031669,1,1,1,1,1,1,0
3031691,1,1,1,1,1,1,0
3032262,1,1,1,1,1,1,0
3032265,1,0,0,0,0,0,1
3032589,1,1,1,1,1,1,0
3032591,1,1,1,1,1,1,0
3032604,0,0,0,0,0,0,0
3033200,1,0,0,0,0,0,1
3033224,1,1,1,1,1,1,0
3033267,1,1,1,0,0,0,1
3033526,1,1,1,1,1,1,0
3033569,1,1,1,1,1,1,0
3034479,1,1,1,1,1,1,0
3034546,1,0,0,0,0,0,1
3035069,1,1,1,0,0,1,1
3035113,0,0,0,0,0,0,1
3036021,1,1,1,1,1,1,0
3036042,1,1,1,1,1,1,0
3036399,1,1,1,1,1,1,0
3037307,1,1,1,1,1,1,0
3037829,1,1,1,1,1,1,0
3038186,1,1,1,0,0,1,1
3038277,0,0,0,0,0,0,1
3039066,1,1,1,1,1,1,0
3039401,1,1,1,0,0,0,0
3039445,0,0,0,0,0,0,1
3039461,1,1,1,1,1,1,0
3039962,1,1,1,1,1,1,0
3040153,1,0,0,0,0,0,1
3040336,1,1,1,1,0,0,0
3040360,1,1,1,0,0,1,0
3041025,1,1,1,1,0,0,1
3041260,1,1,1,1,1,1,0
3041307,1,0,0,0,0,0,1
3041329,1,1,1,1,1,1,0
3041348,1,1,1,1,1,1,0
3041916,1,0,0,0,0,0,1
3041962,1,1,1,1,1,1,0
3042366,1,0,0,0,0,0,1
3042412,1,1,1,1,1,1,0
3042456,0,0,0,0,0,0,1
3042881,1,1,1,0,0,0,1
3042905,1,1,1,1,1,1,0
3043210,1,1,1,1,1,1,0
3043304,1,1,1,1,1,1,0
3043609,1,0,0,0,0,0,1
3043753,1,1,1,1,1,1,0
3043772,0,0,0,0,0,0,1
3044461,1,1,1,1,1,1,0
3044628,1,1,0,0,0,0,1
3044629,1,1,1,1,1,1,0
3045313,1,1,1,1,1,1,0
3045406,1,1,1,1,1,1,0
3045477,1,1,1,1,1,1,0
3046189,1,1,1,1,1,1,0
3046378,1,1,1,1,1,1,0
3046593,1,1,1,1,1,1,0
3047401,1,1,1,1,1,1,0
3047614,1,1,1,1,1,1,0
3047973,1,1,1,1,1,1,0
3048423,1,1,1,0,0,0,0
3048658,1,0,0,0,0,0,1
3048921,1,1,1,1,1,1,0
3049032,1,1,1,0,0,0,0
3049367,1,1,1,1,1,1,0
3049576,1,0,0,0,0,0,1
3049793,1,1,1,1,1,1,0
3050267,1,1,1,1,1,1,0
3050649,1,1,1,1,1,1,0
3051051,1,1,1,1,1,1,0
3051430,0,0,0,0,0,0,1
3051573,1,1,1,1,1,1,0
3051760,1,1,1,0,0,0,0
3052162,1,0,0,0,0,0,1
3052401,1,1,1,1,1,1,0
3052612,1,1,1,1,1,1,0
3053257,1,1,1,1,1,1,0
3054044,1,1,1,1,1,1,0
3054301,1,1,1,0,0,1,1
3054345,0,0,0,0,0,0,1
3056551,1,1,1,1,0,0,1
3056569,1,1,1,1,1,1,0
3056732,1,1,1,0,0,0,0
3057113,1,0,0,0,0,0,1
3057471,1,1,1,1,1,1,0
3058257,1,1,1,1,1,1,0
3058423,1,1,1,1,1,1,0
3059161,1,1,1,1,1,1,0
3059303,1,1,1,1,1,1,0
3059322,1,1,1,0,0,0,0
3060157,1,1,1,1,1,1,0
3060274,1,1,1,1,1,1,0
3060295,1,1,1,0,0,0,1
3060413,1,1,1,1,0,0,0
3060981,1,1,1,1,1,1,0
3061122,1,1,1,1,1,1,0
3061167,1,1,1,1,1,1,0
3061188,0,0,0,0,0,0,0
3061232,0,0,0,0,0,0,1
3061233,1,1,1,1,1,1,0
3061485,1,0,0,0,0,0,1
3061651,1,0,0,0,0,0,1
3062104,1,1,1,1,1,1,0
3062578,1,1,1,0,0,1,1
3062984,1,1,1,1,1,1,0
3063245,1,1,1,1,1,1,0
3063478,1,1,1,1,1,1,0
3063856,0,0,0,0,0,0,0
3063860,1,1,1,1,1,1,0
3064069,1,1,1,1,1,1,0
3064302,1,1,1,1,1,1,0
3064608,1,1,1,0,0,0,1
3064611,1,1,1,0,0,1,1
3064676,1,1,1,1,1,1,0
3064913,1,1,1,1,1,1,0
3065170,1,1,1,1,1,1,0
3065284,1,1,1,0,0,0,1
3065379,1,1,1,1,1,1,0
3065665,1,1,1,1,1,1,0
3065732,1,1,1,1,1,1,0
3065966,1,1,1,0,0,0,1
3066104,1,1,1,1,1,1,0
3066199,1,1,1,1,1,1,0
3066485,1,1,1,1,1,1,0
3066860,1,1,1,1,1,1,0
3066932,1,1,1,1,1,1,0
3067047,1,1,1,1,1,1,0
3067261,1,1,1,1,1,1,0
3067446,1,1,1,1,1,1,0
3067632,1,1,1,1,1,1,0
3067676,0,0,0,0,0,0,1
3067963,1,1,1,1,1,1,0
3068056,1,1,1,1,1,1,0
3068077,1,1,1,1,1,1,0
3068140,1,0,0,0,0,0,1
3068258,1,1,1,1,1,1,0
3068565,1,1,1,0,0,0,0
3068803,1,1,1,1,1,1,0
3068825,1,1,1,1,1,1,0
3068916,1,1,1,1,1,1,0
3068956,1,1,1,1,1,1,0
3069000,0,0,0,0,0,0,1
3069044,0,0,0,0,0,0,1
3069449,1,1,1,1,1,1,0
3069617,1,1,1,1,1,1,0
3069756,1,1,1,1,1,1,0
3069820,1,1,1,1,1,1,0
3070203,0,0,0,0,0,0,1
3070317,1,1,1,1,1,1,0
3070413,1,1,1,1,1,1,0
3070600,1,1,1,1,1,1,0
3070760,1,1,1,1,1,1,0
3071048,1,0,0,0,0,0,1
3071137,1,1,1,1,1,1,0
3071231,1,1,1,0,0,0,1
3071349,1,1,1,1,1,1,0
3071820,1,1,1,1,1,1,0
3072179,1,1,1,1,1,1,0
3072369,1,1,1,1,1,1,0
3072412,1,1,1,0,0,1,1
3072692,1,1,1,1,1,1,0
3073051,1,1,1,1,1,1,0
3073241,1,1,1,1,1,1,0
3073332,1,1,1,1,1,1,0
3073588,1,1,1,1,1,1,0
3074187,1,1,1,1,1,1,0
3074281,1,1,1,1,1,1,0
3074325,0,0,0,0,0,0,1
3074748,1,1,1,1,1,1,0
3075083,1,1,1,1,1,1,0
3075273,1,1,1,1,1,1,0
3075338,1,0,0,0,0,0,0
3075572,1,1,1,1,1,1,0
3075955,1,1,1,1,1,1,0
3076190,1,1,1,1,1,1,0
3076380,1,1,1,0,0,1,1
3076780,0,0,0,0,0,0,1
3076827,1,1,1,1,1,1,0
3076849,1,1,1,1,1,1,0
3077058,1,1,1,1,1,1,0
3077176,1,1,1,1,1,1,0
3077624,1,1,1,1,1,1,0
3077697,1,1,1,1,1,1,0
3077978,1,1,1,1,1,1,0
3078071,1,1,1,1,1,1,0
3078233,1,1,1,0,0,1,0
3078396,1,1,1,1,1,1,0
3078440,0,0,0,0,0,0,1
3078489,1,1,1,1,1,1,0
3078772,1,1,1,1,1,1,0
3078838,1,1,1,1,1,1,0
3078907,1,1,1,1,1,1,0
3078973,1,1,1,1,1,1,0
3079258,1,0,0,0,0,0,1
3079276,1,1,1,1,1,1,0
3079469,1,1,1,1,1,1,0
3079775,1,1,1,1,1,1,0
3080080,1,1,1,1,1,1,0
3080149,1,0,0,0,0,0,1
3080150,1,1,1,1,1,1,0
3080596,0,0,0,0,0,0,1
3080643,1,1,1,1,1,1,0
3080972,0,0,0,0,0,0,1
3080975,0,0,0,0,0,0,1
3080976,1,1,1,1,1,1,0
3080977,1,1,1,1,1,1,0
3081077,1,1,1,1,1,1,0
3081098,1,1,1,1,1,1,0
3081645,0,0,0,0,0,0,1
3081740,1,1,1,1,1,1,0
3081756,1,1,1,1,1,1,0
3081803,1,1,1,1,1,1,0
3081873,1,1,1,1,1,1,0
3081962,1,1,1,1,1,1,0
3082006,0,0,0,0,0,0,1
3082409,1,1,1,1,1,1,0
3082648,1,1,1,1,1,1,0
3082667,1,1,1,1,1,1,0
3082688,0,0,0,0,0,0,1
3083093,1,1,1,1,1,1,0
3083137,0,0,0,0,0,0,1
3083226,1,1,1,1,1,1,0
3083245,1,1,1,1,1,1,0
3083531,1,1,1,1,1,1,0
3083576,1,1,1,1,1,1,0
3083712,1,1,1,1,1,1,0
3084141,1,1,1,1,1,1,0
3084234,1,1,1,1,1,1,0
3084281,1,1,1,1,1,1,0
3084584,1,1,1,1,1,1,0
3084679,1,1,1,1,1,1,0
3084724,1,1,1,1,1,1,0
3085053,1,1,1,1,1,1,0
3085054,1,1,1,0,0,0,1
3085428,1,1,1,1,1,1,0
3085499,1,1,1,1,1,1,0
3085543,0,0,0,0,0,0,1
3085544,1,1,1,1,1,1,0
3085583,0,0,0,0,0,0,1
3085842,1,1,1,1,1,1,0
3086173,1,1,1,1,1,1,0
3086197,1,1,1,1,1,1,0
3086889,1,1,1,0,0,0,1
3087171,1,1,1,1,1,1,0
3087261,1,1,1,1,1,1,0
3087524,1,1,1,1,1,1,0
3087564,1,1,1,1,1,1,0
3087709,1,1,1,1,1,1,0
3087822,1,1,1,1,1,1,0
3088011,1,1,1,1,1,1,0
3088320,1,1,1,1,1,1,0
3088408,1,1,1,1,1,1,0
3088481,1,1,1,1,1,1,0
3088545,1,1,1,1,1,1,0
3088734,1,1,1,1,1,1,0
3088851,1,1,1,1,1,1,0
3089252,1,1,1,1,1,1,0
3089565,1,1,1,1,1,1,0
3089655,1,1,1,1,1,1,0
3089698,1,1,1,1,1,1,0
3090081,1,0,0,0,0,0,1
3090096,1,1,1,1,1,1,0
3090333,1,1,1,1,1,1,0
3090570,1,1,1,1,1,1,0
3090591,1,1,1,1,1,1,0
3091069,1,1,1,1,1,1,0
3091181,1,1,1,1,1,1,0
3091248,1,1,1,1,1,1,0
3091318,1,1,1,1,1,1,0
3091363,1,1,1,1,1,1,0
3091889,1,1,1,1,1,1,0
3092096,1,1,1,1,1,1,0
3092098,1,1,1,1,1,1,0
3092163,1,1,1,1,1,1,0
3092926,1,1,1,1,1,1,0
3092929,1,1,1,1,1,1,0
3093012,1,1,1,1,1,1,0
3093035,1,1,1,1,1,1,0
3093245,1,1,1,1,1,1,0
3093890,1,1,1,1,1,1,0
3093908,1,1,1,1,1,1,0
3093952,0,0,0,0,0,0,1
3094121,1,1,1,1,1,1,0
3094475,1,1,1,1,1,1,0
3094565,1,1,1,1,1,1,0
3094848,1,1,1,1,1,1,0
3094945,1,1,1,1,1,1,0
3095010,1,1,1,1,1,1,0
3095392,1,1,1,0,0,1,0
3095529,1,1,1,1,1,1,0
3095671,1,1,1,1,1,1,0
3095712,1,1,1,1,1,1,0
3095830,1,1,1,1,1,1,0
3096164,1,1,1,1,1,1,0
3096230,1,0,0,0,0,0,1
3096301,1,1,1,1,1,1,0
3096508,1,1,1,0,0,0,1
3096627,1,1,1,1,1,1,0
3096645,1,1,1,1,1,1,0
3096930,1,1,1,0,0,0,1
3097121,1,1,1,1,1,1,0
3097788,1,1,1,1,1,1,0
3097877,1,1,1,1,1,1,0
3098476,1,0,0,0,0,0,1
3098928,1,0,0,0,0,0,1
3100100,1,1,1,1,1,1,0
3103692,0,0,0,0,0,0,0
3103811,1,1,1,1,0,0,0
3104118,1,1,0,0,0,1,0
3104309,1,1,1,0,0,1,0
3104612,1,1,1,1,1,1,0
3104707,1,1,1,1,1,1,0
3105061,1,1,1,0,0,1,0
3105202,1,1,1,1,1,1,0
3105273,1,1,1,1,1,1,0
3105528,1,1,1,1,1,1,0
3105839,1,1,1,1,1,1,0
3105978,1,1,1,1,1,1,0
3106169,1,1,1,1,1,1,0
3106520,1,1,1,1,1,1,0
3106901,1,1,1,1,1,1,0
3107260,1,1,1,0,0,0,0
3107281,1,1,1,1,1,1,0
3107299,1,1,1,1,1,1,0
3107676,1,1,1,1,1,1,0
3107698,1,1,1,1,1,1,0
3107742,0,0,0,0,0,0,1
3108145,1,1,1,1,1,1,0
3108149,1,1,1,1,1,1,0
3108188,1,1,1,1,1,1,0
3108255,1,1,1,1,1,1,0
3108584,1,1,1,1,1,1,0
3108606,1,1,1,1,1,1,0
3109035,1,1,1,1,1,1,0
3109057,1,1,1,1,1,1,0
3109076,1,1,1,1,1,1,0
3109502,1,1,1,1,1,1,0
3109593,1,1,1,1,1,1,0
3109879,1,1,1,1,1,1,0
3109881,1,1,1,1,1,1,0
3109942,0,0,0,0,0,0,1
3110180,1,1,1,1,1,1,0
3110729,1,1,1,1,1,1,0
3110747,1,1,1,1,1,1,0
3111198,1,1,1,1,1,1,0
3111388,1,0,0,0,0,0,1
3111599,1,1,1,1,1,1,0
3112074,1,1,1,1,1,1,0
3112455,1,1,1,1,1,1,0
3112524,1,1,1,1,1,1,0
3112756,0,0,0,0,0,0,1
3112800,0,0,0,0,0,0,1
3112990,1,1,1,1,1,1,0
3113275,1,1,1,1,1,1,0
3113368,1,1,1,1,1,1,0
3113624,1,1,1,1,1,1,0
3113647,0,0,0,0,0,0,1
3114216,0,0,0,0,0,0,1
3114220,1,1,1,1,1,1,0
3114499,1,1,1,1,1,1,0
3115048,1,1,1,1,1,1,0
3115379,1,1,1,1,1,1,0
3115904,1,1,1,1,1,1,0
3116088,1,1,1,1,1,1,0
3116519,1,1,1,1,1,1,0
3116705,1,1,1,0,0,0,0
3116964,1,1,1,1,1,1,0
3117084,1,1,1,1,1,1,0
3117295,1,1,1,1,1,1,0
3117553,1,1,1,1,1,1,0
3117788,1,1,1,1,1,1,0
3117837,1,1,1,1,0,0,0
3117880,1,1,1,1,1,1,0
3118213,0,0,0,0,0,0,1
3118303,1,1,1,1,1,1,0
3118417,1,1,1,1,1,1,0
3118824,1,1,1,1,1,1,0
3119133,1,1,1,0,0,0,1
3119704,1,1,1,1,1,1,0
3120013,1,1,1,0,0,0,1
3120102,1,1,1,1,0,0,0
3120652,1,1,1,1,1,1,0
3121079,1,1,1,1,1,1,0
3121290,1,1,1,1,1,1,0
3121504,1,1,1,1,1,1,0
3121549,1,1,1,1,1,1,0
3121951,1,1,1,1,1,1,0
3122405,1,1,1,1,1,1,0
3122424,1,1,1,1,1,1,0
3122586,1,1,1,1,1,1,0
3122799,1,1,1,1,1,1,0
3123277,1,1,1,1,1,1,0
3123296,1,1,1,1,1,1,0
3123409,1,1,1,0,0,1,1
3123502,1,1,1,1,1,1,0
3123667,1,0,0,0,0,0,1
3123737,0,0,0,0,0,0,1
3124160,1,1,1,1,1,1,0
3124302,1,1,1,1,1,1,0
3124515,1,1,1,1,1,1,0
3124605,1,1,1,1,1,1,0
3124653,1,1,1,1,1,1,0
3125198,1,1,1,1,1,1,0
3125387,1,1,1,1,1,1,0
3125405,1,1,1,1,1,1,0
3125496,1,1,1,1,1,1,0
3125665,1,1,1,1,1,1,0
3126066,1,1,1,1,1,1,0
3126137,1,0,0,0,0,0,1
3126181,0,0,0,0,0,0,1
3126245,1,1,1,1,1,1,0
3126291,1,1,1,1,1,1,0
3126308,1,1,1,1,1,1,0
3127073,1,1,1,1,1,1,0
3127097,1,1,1,1,1,1,0
3127115,1,1,1,1,1,1,0
3127204,1,1,1,1,1,1,0
3127250,1,1,1,1,1,1,0
3127893,1,1,1,1,1,1,0
3127897,1,1,1,1,1,1,0
3128030,1,1,1,1,1,1,0
3128048,1,1,1,1,1,1,0
3128359,1,1,1,1,1,1,0
3128741,1,1,1,1,1,1,0
3128806,1,1,1,1,1,1,0
3128896,1,1,1,1,1,1,0
3129013,1,1,1,1,1,1,0
3129015,1,0,0,0,0,0,1
3129561,1,1,1,1,1,1,0
3129674,1,0,0,0,0,0,1
3129836,1,1,1,1,1,1,0
3129953,1,1,1,1,1,1,0
3130047,0,0,0,0,0,0,1
3130356,1,1,1,0,0,1,0
3130470,1,1,1,1,1,1,0
3130514,0,0,0,0,0,0,1
3130749,1,1,1,1,1,1,0
3130915,1,1,1,1,1,1,0
3130985,1,1,1,1,1,1,0
3131100,1,1,1,0,0,0,1
3131382,1,1,1,1,1,1,0
3131785,1,1,1,1,1,1,0
3131876,1,1,1,1,1,1,0
3131996,1,1,1,1,1,1,0
3132089,1,1,1,1,1,1,0
3132298,0,0,0,0,0,0,1
3132557,1,1,1,0,0,0,1
3132816,1,1,1,1,1,1,0
3132912,1,1,1,1,1,1,0
3133049,0,0,0,0,0,0,1
3133166,1,1,1,1,1,1,0
3133616,1,1,1,1,1,1,0
3133925,1,1,1,1,1,1,0
3133948,1,1,1,1,1,1,0
3134038,1,1,1,1,1,1,0
3134777,1,1,1,1,1,1,0
3134894,1,1,1,1,1,1,0
3135200,1,1,1,1,1,1,0
3135440,1,1,1,1,0,0,1
3135984,1,1,1,1,1,1,0
3136053,1,1,1,1,1,1,0
3136412,1,1,1,1,1,1,0
3136812,1,1,1,1,1,1,0
3136905,1,1,1,1,1,1,0
3137648,1,1,1,1,1,1,0
3137713,1,1,1,1,1,1,0
3137732,1,1,1,1,1,1,0
3138019,1,1,1,0,0,0,0
3138472,1,1,1,1,1,1,0
3138657,1,1,1,1,1,1,0
3139180,1,1,1,1,1,1,0
3139205,1,1,1,0,0,0,0
3139320,1,1,1,1,1,1,0
3139481,1,1,1,1,1,1,0
3140028,1,1,1,1,1,1,0
3140172,1,1,1,1,1,1,0
3140717,1,1,1,1,1,1,0
3141028,1,1,1,1,1,1,0
3141356,1,1,1,1,1,1,0
3141836,1,1,1,1,1,1,0
3142022,1,1,1,0,0,1,0
3142232,1,1,1,1,1,1,0
3142277,0,0,0,0,0,0,1
3142757,0,0,0,0,0,0,1
3143040,1,1,1,1,1,1,0
3143056,1,1,1,1,1,1,0
3143125,1,1,1,1,1,1,0
3143629,1,1,1,1,1,1,0
3143888,1,1,1,1,1,1,0
3143953,1,1,1,1,1,1,0
3143996,1,1,1,1,1,1,0
3144785,1,1,1,1,1,1,0
3144808,1,1,1,1,1,1,0
3144968,1,1,1,1,1,1,0
3145109,0,0,0,0,0,0,1
3145131,1,1,1,0,0,0,0
3145388,0,0,0,0,0,0,1
3145700,1,1,1,1,1,1,0
3146292,1,1,1,1,1,1,0
3146532,1,1,1,1,1,1,0
3147124,1,1,1,1,1,1,0
3147364,1,1,1,1,1,1,0
3147548,0,0,0,0,0,0,1
3148196,1,1,1,1,1,1,0
3148404,1,1,1,1,1,1,0
3149146,1,1,1,0,0,0,0
3149188,0,0,0,0,0,0,1
3149212,1,1,1,1,1,1,0
3149256,0,0,0,0,0,0,1
3150378,1,1,1,1,1,1,0
3150761,1,1,1,0,0,1,0
3151116,1,1,1,1,1,1,0
3151566,1,1,1,1,1,1,0
3151996,1,1,1,1,1,1,0
3152253,1,1,1,0,0,1,0
3152275,1,1,1,0,0,0,0
3152414,1,1,1,1,1,1,0
3152653,0,0,0,0,0,0,1
3152864,1,1,1,1,1,1,0
3152906,1,0,0,0,0,0,1
3153383,1,1,1,1,1,1,0
3153401,1,1,1,1,1,1,0
3153734,1,1,1,1,1,1,0
3154116,1,1,1,1,1,1,0
3154231,1,1,1,1,1,1,0
3154613,0,0,0,0,0,0,1
3154654,1,1,1,1,1,1,0
3155105,1,1,1,1,1,1,0
3155318,1,1,1,0,0,0,1
3155461,1,1,1,1,1,1,0
3155957,1,1,1,1,1,1,0
3156100,1,1,1,1,1,1,0
3156166,1,1,1,1,1,1,0
3156304,1,1,1,1,0,0,0
3156567,1,1,1,1,1,1,0
3156657,1,0,0,0,0,0,1
3156777,1,1,1,1,1,1,0
3157034,1,1,1,1,1,1,0
3157200,1,1,1,1,1,1,0
3157411,1,1,1,1,1,1,0
3157505,0,0,0,0,0,0,1
3157617,1,1,1,0,0,0,1
3157708,1,1,1,1,1,1,0
3158042,1,1,1,1,1,1,0
3158231,1,1,1,1,1,1,0
3158232,1,1,1,1,1,1,0
3158629,1,1,1,1,1,1,0
3158941,1,1,1,1,1,1,0
3158982,1,1,1,1,1,1,0
3159072,1,1,1,1,1,1,0
3159477,1,1,1,1,1,1,0
3160173,1,1,1,1,1,1,0
3160309,1,1,1,1,1,1,0
3160424,1,1,1,1,1,1,0
3161457,1,1,1,1,1,1,0
3161616,1,1,1,1,1,1,0
3161853,1,1,1,1,1,1,0
3162880,1,1,1,0,0,0,1
3163145,0,0,0,0,0,0,1
3163449,1,1,1,1,1,1,0
3164169,1,1,1,1,1,1,0
3164881,1,1,1,0,0,0,1
3165121,1,1,1,1,1,1,0
3165280,0,0,0,0,0,0,1
3165375,1,0,0,0,0,0,0
3165376,1,1,1,1,0,0,0
3165725,1,1,1,1,1,1,0
3165941,1,1,1,1,1,1,0
3166126,1,1,1,0,0,1,0
3166460,1,1,1,1,1,1,0
3166505,1,0,0,0,0,0,1
3166715,1,1,1,1,1,1,0
3167332,1,1,1,1,1,1,0
3167336,1,0,0,0,0,0,1
3167353,1,1,1,1,1,1,0
3167781,1,0,0,0,0,0,1
3167895,1,1,1,1,1,1,0
3168200,1,1,1,1,1,1,0
3168608,1,0,0,0,0,0,1
3168653,1,1,1,1,1,1,0
3169124,1,1,1,1,1,1,0
3169171,1,0,0,0,0,0,1
3169553,1,1,1,1,1,1,0
3169884,1,1,1,1,1,1,0
3169999,1,1,1,1,1,1,0
3170376,1,1,1,1,1,1,0
3170952,1,1,0,0,0,0,1
3171424,1,1,1,1,0,0,1
3171711,0,0,0,0,0,0,1
3172280,1,1,1,1,1,1,0
3172853,1,1,1,0,0,1,0
3173258,1,1,1,0,0,1,0
3173260,1,1,1,1,1,1,0
3173300,0,0,0,0,0,0,1
3173364,1,1,1,1,1,1,0
3173458,0,0,0,0,0,0,1
3173981,1,1,1,1,1,1,0
3174075,1,1,1,1,1,1,0
3174190,0,0,0,0,0,0,1
3174496,1,1,1,1,0,0,1
3174879,1,1,1,1,1,1,0
3174994,1,1,1,1,1,1,0
3175157,1,1,1,1,1,1,0
3175754,1,1,1,1,1,1,0
3175892,1,1,1,1,1,1,0
3176129,1,1,1,1,1,1,0
3176536,1,0,0,0,0,0,1
3176677,1,1,1,0,0,0,0
3176934,1,1,1,1,1,1,0
3176935,1,1,1,1,1,1,0
3176997,1,1,1,1,1,1,0
3177041,0,0,0,0,0,0,1
3177060,1,1,1,1,1,1,0
3177778,1,1,1,1,1,1,0
3177780,1,1,1,1,1,1,0
3177941,1,1,1,1,1,1,0
3178268,1,1,1,1,1,1,0
3178289,1,1,1,1,1,1,0
3178624,1,1,1,1,1,1,0
3179217,1,1,1,1,1,1,0
3179284,1,1,1,1,1,1,0
3179500,1,1,1,1,1,1,0
3180261,1,1,1,1,1,1,0
3180284,1,1,1,1,1,1,0
3180301,0,0,0,0,0,0,1
3180349,1,1,1,1,1,1,0
3181133,1,1,1,1,1,1,0
3181229,1,1,1,1,1,1,0
3181268,1,1,1,1,0,0,1
3182061,1,1,1,1,1,1,0
3182921,1,1,1,1,1,1,0
3184067,1,1,1,0,0,0,0
3184521,1,1,1,1,1,1,0
3184922,0,0,0,0,0,0,0
3185229,1,1,1,1,0,0,1
3185733,1,1,1,1,1,1,0
3185894,1,1,1,1,1,1,0
3186011,1,1,1,1,1,1,0
3186173,1,0,0,0,0,0,1
3186217,0,0,0,0,0,0,1
3186887,1,1,1,1,1,1,0
3186954,1,1,1,1,1,1,0
3187241,1,1,1,1,1,1,0
3187428,1,1,1,0,0,0,0
3187735,0,0,0,0,0,0,1
3187754,1,1,1,1,1,1,0
3188352,1,1,1,1,1,1,0
3188416,1,1,1,0,0,1,0
3188534,1,1,1,1,1,1,0
3188555,1,1,1,1,1,1,0
3188985,1,1,1,1,1,1,0
3189100,1,1,1,1,1,1,0
3189188,1,1,1,1,1,1,0
3189306,1,1,1,1,1,1,0
3189543,1,1,1,1,1,1,0
3189757,1,1,1,1,1,1,0
3189920,1,1,1,1,1,1,0
3190464,1,1,1,1,1,1,0
3190486,1,1,1,1,1,1,0
3190675,1,1,1,1,1,1,0
3190744,1,1,1,1,1,1,0
3191408,1,1,1,1,1,1,0
3191792,1,1,1,1,1,1,0
3192122,1,1,1,1,1,1,0
3192125,0,0,0,0,0,0,1
3192832,1,1,1,1,1,1,0
3192953,1,1,1,1,1,1,0
3193018,1,1,1,1,1,1,0
3193325,1,1,1,0,0,0,0
3193994,1,1,1,1,1,1,0
3194065,1,1,1,1,1,1,0
3194392,1,1,1,1,1,1,0
3194437,1,1,1,1,1,1,0
3194866,1,1,1,1,1,1,0
3194913,1,1,1,1,1,1,0
3195168,1,1,1,1,1,1,0
3195432,1,1,1,1,1,1,0
3195762,1,1,1,1,1,1,0
3196217,1,1,1,1,1,1,0
3196232,1,1,1,1,1,1,0
3196544,1,1,1,1,1,1,0
3196826,1,1,1,0,0,0,1
3197305,1,1,1,1,1,1,0
3197444,1,1,1,1,1,1,0
3197484,1,1,1,1,1,1,0
3197795,1,1,1,0,0,0,0
3197814,1,1,1,1,1,1,0
3198461,1,1,1,1,1,1,0
3198576,1,1,1,1,0,0,1
3198592,1,1,1,1,1,1,0
3198615,1,1,1,1,1,1,0
3198946,1,1,1,1,1,1,0
3199353,1,1,1,1,1,1,0
3199396,1,1,1,1,1,1,0
3199436,1,1,1,1,1,1,0
3199746,1,1,1,1,1,1,0
3199839,1,1,1,1,0,0,1
3200221,1,1,1,1,1,1,0
3200264,1,1,1,1,1,1,0
3200618,1,1,1,1,1,1,0
3200732,1,1,1,1,1,1,0
3201188,1,1,1,1,1,1,0
3201231,1,1,1,1,1,1,0
3201301,1,1,1,1,1,1,0
3201462,1,1,1,1,1,1,0
3201529,0,0,0,0,0,0,0
3201548,1,1,1,1,1,1,0
3202099,1,1,1,1,1,1,0
3202288,1,1,1,1,1,1,0
3202330,1,1,1,1,1,1,0
3202349,1,1,1,1,1,1,0
3202373,1,1,1,1,1,1,0
3202436,1,1,1,1,1,1,0
3202794,1,0,0,0,0,0,1
3202863,1,1,1,1,1,1,0
3203076,1,1,1,1,1,1,0
3203193,1,1,1,1,1,1,0
3203256,1,1,1,1,1,1,0
3203711,1,1,1,1,1,1,0
3203826,1,1,1,1,1,1,0
3203944,1,1,1,1,1,1,0
3203989,1,1,1,1,1,1,0
3204076,1,1,1,1,1,1,0
3204579,1,1,1,1,1,1,0
3204816,1,1,1,1,1,1,0
3205240,1,1,1,1,1,1,0
3205242,1,1,1,1,1,1,0
3205333,1,1,1,1,1,1,0
3205423,1,1,1,1,1,1,0
3205948,1,0,0,0,0,0,1
3206086,1,1,1,1,1,1,0
3206104,1,1,1,1,1,1,0
3206177,1,1,1,1,1,1,0
3206747,1,1,1,1,1,1,0
3206934,1,1,1,1,1,1,0
3206957,1,1,1,1,1,1,0
3207212,1,1,1,1,1,1,0
3207284,1,1,1,1,1,1,0
3207567,1,1,1,1,1,1,0
3207757,1,1,1,1,1,1,0
3208132,1,1,1,1,1,1,0
3208324,1,1,1,1,1,1,0
3208702,1,1,1,1,1,1,0
3208917,1,1,1,1,1,1,0
3209076,1,1,1,1,1,1,0
3209172,1,1,1,1,1,1,0
3209429,1,1,1,0,0,1,0
3209690,1,1,1,1,1,1,0
3209924,1,1,1,1,1,1,0
3209929,1,1,1,1,1,1,0
3210064,1,1,1,1,1,1,0
3210083,1,1,1,1,1,1,0
3210317,1,1,1,1,1,1,0
3210554,1,1,1,1,1,1,0
3210740,1,1,1,1,1,1,0
3210789,1,1,1,1,1,1,0
3210855,1,1,1,1,1,1,0
3211401,1,1,1,1,1,1,0
3211617,1,1,1,1,1,1,0
3211659,1,1,1,1,1,1,0
3211676,1,1,1,1,1,1,0
3212061,1,0,0,0,0,0,1
3212463,1,1,1,1,1,1,0
3212552,1,1,1,1,1,1,0
3212889,1,1,1,1,1,1,0
3213864,1,1,1,1,1,1,0
3214057,1,1,1,1,1,1,0
3214387,1,1,1,1,1,1,0
3214501,1,1,1,1,1,1,0
3215197,1,1,1,1,1,1,0
3215429,1,1,1,1,1,1,0
3215431,1,1,1,1,1,1,0
3216335,1,1,1,1,1,1,0
3216357,1,1,1,1,1,1,0
3217191,1,1,1,1,1,1,0
3217192,1,1,1,0,0,1,0
3217686,1,1,1,0,0,1,0
3218044,1,1,1,1,1,1,0
3218065,1,1,1,1,1,1,0
3218251,1,1,1,1,1,1,0
3218558,1,1,1,1,1,1,0
3218844,1,1,1,1,1,1,0
3218937,1,1,1,1,1,1,0
3219099,1,1,1,1,1,1,0
3219865,1,1,1,1,1,1,0
3219932,1,1,1,1,1,1,0
3220023,1,1,1,1,1,1,0
3220066,1,1,1,1,1,1,0
3220996,1,1,1,0,0,1,0
3221210,1,1,1,1,1,1,0
3221211,1,1,1,1,1,1,0
3221228,1,1,1,1,1,1,0
3221272,0,0,0,0,0,0,1
3222107,1,1,1,1,1,1,0
3222128,1,1,1,1,1,1,0
3222173,1,1,1,0,0,1,1
3222188,1,1,1,1,0,0,1
3222545,1,1,1,0,0,1,0
3222638,1,1,1,1,1,1,0
3222996,1,1,1,1,1,1,0
3223017,1,1,1,1,1,1,0
3223056,1,1,1,1,1,1,0
3223247,1,1,1,1,1,1,0
3223361,1,1,1,1,1,1,0
3223864,1,1,1,1,1,1,0
3223928,1,1,1,1,1,1,0
3223953,1,1,1,1,1,1,0
3224043,1,1,1,1,1,1,0
3224229,1,1,1,1,1,1,0
3224728,1,1,1,1,1,1,0
3224800,1,1,1,1,1,1,0
3224841,1,0,0,0,0,0,1
3224843,1,1,1,1,1,1,0
3224844,0,0,0,0,0,0,1
3224974,1,1,1,1,0,0,1
3225522,1,0,0,0,0,0,1
3225637,1,1,1,1,1,1,0
3225851,1,1,1,1,1,1,0
3225945,1,1,1,0,0,1,1
3226012,1,1,1,1,0,0,1
3226292,1,1,1,1,1,1,0
3226293,1,1,1,0,0,0,1
3226333,0,0,0,0,0,0,1
3226354,1,1,1,1,1,1,0
3226543,1,0,0,0,0,0,1
3227112,1,1,1,1,1,1,0
3227136,1,1,1,1,1,1,0
3227153,1,1,1,1,1,1,0
3227222,1,1,1,1,1,1,0
3227411,1,1,1,1,1,1,0
3227577,1,1,1,1,1,1,0
3227905,1,1,1,1,1,1,0
3227948,1,1,1,1,1,1,0
3227972,1,1,1,1,1,1,0
3227990,1,1,1,1,1,1,0
3228299,1,1,0,0,0,0,1
3228301,1,1,1,1,1,1,0
3228388,1,0,0,0,0,0,1
3228669,1,1,1,1,1,1,0
3228740,0,0,0,0,0,0,1
3228854,1,1,1,1,1,1,0
3228968,1,1,1,1,1,1,0
3229061,1,0,0,0,0,0,1
3229107,1,1,1,1,1,1,0
3229297,1,1,1,1,1,1,0
3229508,1,1,1,1,1,1,0
3229670,1,0,0,0,0,0,1
3230096,0,0,0,0,0,0,1
3230241,1,1,1,1,1,1,0
3230377,1,1,1,0,0,0,1
3230494,1,1,1,1,1,1,0
3230732,1,1,1,1,1,1,0
3230916,1,1,1,1,1,1,0
3231274,1,1,1,1,1,1,0
3231488,1,1,1,1,1,1,0
3231697,1,1,1,1,1,1,0
3232148,1,1,1,0,0,1,1
3232269,1,1,1,1,1,1,0
3232336,1,1,1,1,1,1,0
3232354,1,1,1,1,1,1,0
3232493,1,1,1,1,1,1,0
3232560,1,0,0,0,0,0,1
3232991,1,1,1,1,1,1,0
3233156,1,1,1,1,1,1,0
3233177,1,1,1,1,1,1,0
3233242,1,1,1,1,1,1,0
3233383,1,0,0,0,0,0,1
3233401,1,1,1,1,1,1,0
3233420,1,1,1,1,1,1,0
3233973,1,1,1,1,1,1,0
3234040,1,1,1,1,1,1,0
3234130,1,1,1,1,1,1,0
3234268,1,1,1,1,1,1,0
3234291,1,1,1,1,1,1,0
3234309,1,1,1,1,1,1,0
3234357,1,0,0,0,0,0,1
3234856,1,1,1,1,1,1,0
3234946,1,1,1,1,1,1,0
3234964,1,1,1,1,1,1,0
3235107,1,1,1,1,1,1,0
3235173,1,1,1,1,1,1,0
3235676,1,1,1,1,1,1,0
3235692,1,1,1,1,1,1,0
3235929,1,1,1,1,1,1,0
3235951,1,1,1,1,1,1,0
3236045,1,1,1,1,1,1,0
3236468,1,1,1,1,1,1,0
3236472,1,1,1,1,1,1,0
3236703,1,1,1,1,1,1,0
3236769,1,1,1,1,1,1,0
3236817,1,1,1,1,1,1,0
3237269,1,0,0,0,0,0,1
3237312,1,1,1,1,1,1,0
3237378,1,1,1,0,0,1,1
3237540,1,1,1,1,1,1,0
3237585,1,1,1,1,1,1,0
3237799,1,1,1,1,1,1,0
3238180,1,1,1,1,1,1,0
3238181,1,1,1,1,1,1,0
3238266,1,1,1,1,1,1,0
3238861,1,1,1,1,1,1,0
3238863,1,1,1,1,1,1,0
3239025,1,1,1,1,1,1,0
3239069,0,0,0,0,0,0,1
3239110,1,1,1,1,1,1,0
3239585,1,1,1,1,1,1,0
3239629,0,0,0,0,0,0,1
3239675,1,1,1,1,1,1,0
3239677,1,0,0,0,0,0,1
3240459,1,1,1,1,1,1,0
3240505,1,1,1,1,1,1,0
3240521,1,1,1,1,1,1,0
3240664,1,1,1,1,1,1,0
3241329,1,1,1,1,1,1,0
3241401,1,1,1,1,1,1,0
3241516,1,1,1,1,1,1,0
3241821,1,0,0,0,0,0,1
3242253,1,1,1,1,1,1,0
3242392,1,1,1,1,1,1,0
3242697,1,1,1,1,1,1,0
3243032,1,0,0,0,0,0,1
3243077,1,1,1,1,1,1,0
3243765,1,1,1,1,1,1,0
3243812,1,1,1,1,1,1,0
3243905,1,1,1,1,1,1,0
3244640,1,1,1,0,0,1,0
3244641,1,1,1,1,1,1,0
3244708,1,1,1,1,1,1,0
3244777,1,1,1,1,1,1,0
3245489,1,1,1,1,1,1,0
3245508,1,1,1,1,1,1,0
3245628,1,1,1,1,1,1,0
3245697,1,1,1,1,1,1,0
3246029,0,0,0,0,0,0,1
3246214,1,1,1,0,0,0,0
3246376,1,1,1,1,1,1,0
3246472,1,1,1,1,1,1,0
3246849,1,1,1,1,1,1,0
3246921,1,1,1,1,1,1,0
3247058,1,1,1,1,1,1,0
3247296,1,1,1,1,1,1,0
3247555,1,1,0,0,0,0,0
3247717,1,1,1,1,1,1,0
3247741,1,1,1,1,1,1,0
3247878,1,1,1,1,1,1,0
3248112,1,1,1,1,1,1,0
3248136,1,1,1,1,1,1,0
3248322,1,0,0,0,0,0,1
3248415,1,0,0,0,0,0,1
3248529,1,1,1,1,1,1,0
3248601,1,1,1,1,1,1,0
3248908,1,1,1,1,1,1,0
3249046,1,1,1,1,1,1,0
3249211,1,1,1,1,1,1,0
3249277,1,1,1,1,1,1,0
3249805,1,1,1,1,1,1,0
3249846,1,1,1,1,1,1,0
3249963,1,1,1,1,1,1,0
3250128,1,1,1,1,1,1,0
3250169,1,1,1,1,1,1,0
3250622,1,1,1,1,1,1,0
3250645,1,1,1,1,1,1,0
3250853,1,1,1,0,0,0,1
3250875,1,1,1,1,1,1,0
3250968,1,1,1,1,1,1,0
3251225,0,0,0,0,0,0,1
3251414,1,1,1,1,1,1,0
3251725,1,1,1,1,1,1,0
3251840,1,1,1,1,1,1,0
3252097,1,1,1,1,1,1,0
3252529,1,1,1,1,1,1,0
3252787,1,1,1,0,0,1,1
3252805,1,1,1,1,1,1,0
3253333,1,1,1,1,1,1,0
3253542,1,1,1,1,1,1,0
3253563,1,1,1,1,1,1,0
3253581,1,1,1,1,1,1,0
3254205,1,1,1,1,1,1,0
3254249,0,0,0,0,0,0,1
3254361,1,1,1,1,1,1,0
3255196,1,1,1,0,0,1,0
3259012,1,1,1,0,0,1,0
3259129,1,1,1,0,0,1,1
3259677,1,0,0,0,0,0,1
3259932,0,0,0,0,0,0,1
3259956,1,1,1,1,1,1,0
3260190,1,1,1,1,1,1,0
3260573,1,1,1,1,1,1,0
3260735,1,1,1,0,0,1,0
3260872,1,1,1,1,1,1,0
3261086,1,1,1,1,1,1,0
3261228,1,1,1,1,1,1,0
3261533,0,0,0,0,0,0,0
3261603,1,1,1,1,1,1,0
3261740,1,1,1,1,1,1,0
3261954,1,1,1,1,1,1,0
3262120,1,1,1,1,1,1,0
3262403,1,1,1,1,1,1,0
3262493,1,1,1,1,1,1,0
3262778,1,1,1,1,1,1,0
3262968,1,1,1,1,0,0,1
3263012,0,0,0,0,0,0,1
3263223,1,1,1,1,1,1,0
3263650,1,1,1,1,1,1,0
3263672,1,1,1,0,0,0,1
3264530,1,1,1,1,1,1,0
3264840,1,1,1,1,1,1,0
3265628,1,1,1,1,1,1,0
3266126,1,1,1,1,1,1,0
3266436,1,1,1,1,1,1,0
3266455,1,1,1,0,0,1,1
3267170,1,1,1,1,1,1,0
3267335,1,1,1,1,1,1,0
3267693,1,1,1,0,0,1,0
3268167,1,1,1,1,1,1,0
3268693,1,1,1,1,1,1,0
3268876,1,1,1,0,0,1,0
3269501,1,1,1,1,1,1,0
3269637,1,1,1,1,0,0,0
3270453,1,1,1,1,1,1,0
3270709,1,1,1,1,1,1,0
3271713,1,1,1,1,1,1,0
3272453,0,0,0,0,0,0,1
3273604,1,1,1,1,0,0,0
3273673,1,1,1,0,0,0,1
3274338,1,1,1,1,0,0,0
3274408,1,1,1,1,1,1,0
3274955,1,1,1,0,0,0,1
3275142,1,1,1,1,1,1,0
3275188,1,1,1,1,1,1,0
3275542,0,0,0,0,0,0,1
3275972,1,1,1,1,1,1,0
3276036,0,0,0,0,0,0,0
3276394,1,1,1,1,1,1,0
3276728,1,1,1,1,1,1,0
3279625,0,0,0,0,0,0,0
3280053,1,0,0,0,0,0,1
3280845,0,0,0,0,0,0,0
3280885,1,1,1,1,1,1,0
3281460,1,1,1,1,1,1,0
3281669,1,1,1,1,1,1,0
3281693,1,1,1,1,1,1,0
3282119,0,0,0,0,0,0,0
3282236,1,0,0,0,0,0,1
3282445,1,1,1,1,1,1,0
3282517,1,1,1,1,1,1,0
3282679,1,0,0,0,0,0,1
3282893,1,0,0,0,0,0,1
3283031,0,0,0,0,0,0,1
3283192,1,1,1,0,0,0,0
3283429,1,1,1,1,1,1,0
3283546,0,0,0,0,0,0,0
3283616,1,1,1,1,1,1,0
3283733,1,1,1,1,1,1,0
3283799,1,1,1,1,1,1,0
3283817,1,0,0,0,0,0,1
3283980,1,1,1,1,1,1,0
3284386,1,1,1,1,1,1,0
3284408,1,1,1,1,1,1,0
3284549,1,1,1,1,1,1,0
3284757,1,1,1,1,1,1,0
3284824,1,1,1,1,1,1,0
3285206,1,1,1,1,1,1,0
3285252,1,1,1,1,1,1,0
3285533,1,1,1,1,1,1,0
3285537,1,1,1,1,1,1,0
3285668,1,1,1,1,1,1,0
3286074,1,1,1,1,1,1,0
3286288,1,1,1,1,1,1,0
3286357,1,1,1,1,1,1,0
3286421,1,1,1,1,1,1,0
3286850,1,1,1,1,1,1,0
3287108,1,1,1,1,1,1,0
3287205,1,1,1,1,1,1,0
3287269,1,1,1,1,1,1,0
3287650,1,1,1,1,1,1,0
3287669,0,0,0,0,0,0,1
3287692,1,1,1,1,1,1,0
3288068,1,1,1,1,1,1,0
3288073,1,1,1,1,1,1,0
3288421,1,1,1,1,1,1,0
3288442,1,1,1,1,1,1,0
3288825,1,1,1,1,1,1,0
3288892,1,1,1,1,1,1,0
3289246,1,1,1,1,1,1,0
3289457,1,1,1,1,1,1,0
3289721,1,1,1,1,1,1,0
3289740,1,1,1,1,1,1,0
3289761,0,0,0,0,0,0,1
3289994,1,1,1,1,1,1,0
3290301,1,1,1,1,1,1,0
3290512,1,1,1,1,1,1,0
3290609,1,1,1,1,1,1,0
3290746,1,1,1,1,1,1,0
3290863,1,1,1,0,0,1,0
3291121,1,1,1,1,1,1,0
3291409,1,1,1,1,1,1,0
3291544,1,1,1,1,1,1,0
3291546,1,1,1,1,1,1,0
3292237,1,1,1,1,1,1,0
3292468,1,1,1,1,1,1,0
3292874,1,1,1,1,1,1,0
3293353,1,1,1,1,1,1,0
3293443,0,0,0,0,0,0,1
3293460,1,1,1,1,1,1,0
3293700,1,1,1,0,0,1,1
3293718,1,1,1,1,1,1,0
3294288,1,1,1,1,1,1,0
3294291,1,1,1,1,1,1,0
3294452,1,1,1,1,1,1,0
3294453,1,1,1,0,0,0,1
3294466,1,1,1,1,1,1,0
3294846,0,0,0,0,0,0,1
3295059,1,1,1,1,1,1,0
3295076,1,1,1,1,1,1,0
3295221,1,1,1,1,1,1,0
3295574,1,1,1,1,1,1,0
3295812,1,1,1,1,1,1,0
3295876,1,1,1,1,1,1,0
3295899,1,1,1,1,1,1,0
3296041,1,1,1,1,1,1,0
3296370,1,1,1,1,1,1,0
3296652,1,1,1,1,1,1,0
3296675,1,1,1,1,1,1,0
3296676,1,1,1,1,1,1,0
3296765,1,1,1,1,1,1,0
3297454,1,1,1,1,1,1,0
3297472,1,1,1,1,1,1,0
3297495,1,1,1,1,1,1,0
3297496,1,1,1,1,1,1,0
3297536,0,0,0,0,0,0,1
3297537,1,1,1,1,1,1,0
3298197,1,0,0,0,0,0,0
3298264,1,1,1,1,1,1,0
3298266,1,1,1,1,1,1,0
3298283,1,1,1,1,1,1,0
3298302,0,0,0,0,0,0,1
3298324,1,1,1,1,1,1,0
3298325,1,1,1,1,1,1,0
3299009,1,1,1,1,1,1,0
3299057,1,1,1,1,1,1,0
3299075,1,1,1,1,1,1,0
3299096,1,1,1,1,1,1,0
3299162,1,1,1,1,1,1,0
3299781,1,1,1,1,1,1,0
3299852,1,1,1,1,1,1,0
3299853,1,1,1,1,1,1,0
3299891,1,1,1,1,1,1,0
3300006,1,1,1,1,1,1,0
3300024,1,1,1,1,1,1,0
3300669,1,1,1,1,1,1,0
3300673,1,1,1,1,1,1,0
3300687,1,1,1,1,1,1,0
3300708,1,1,1,1,1,1,0
3300750,1,1,1,1,1,1,0
3300984,1,1,1,1,1,1,0
3301537,1,1,1,1,1,1,0
3301556,1,1,1,1,1,1,0
3301574,1,1,1,1,1,1,0
3301575,1,1,1,1,1,1,0
3301637,1,0,0,0,0,0,1
3301848,1,1,1,1,1,1,0
3302305,1,1,1,1,1,1,0
3302347,1,1,1,1,1,1,0
3302349,0,0,0,0,0,0,1
3302388,1,1,1,1,1,1,0
3302454,1,1,1,1,1,1,0
3302497,1,1,1,1,1,1,0
3302732,1,1,1,1,1,1,0
3303093,1,1,1,1,1,1,0
3303111,1,1,1,1,1,1,0
3303297,1,1,1,1,1,1,0
3303488,1,1,1,1,1,1,0
3303650,1,1,1,1,1,1,0
3303911,1,1,1,1,1,1,0
3303955,0,0,0,0,0,0,1
3304097,1,1,1,1,1,1,0
3304113,1,1,1,1,1,1,0
3304276,1,1,1,1,1,1,0
3304280,1,1,1,1,1,1,0
3304414,1,1,1,1,1,1,0
3304771,1,1,1,1,1,1,0
3304909,1,1,1,1,1,1,0
3304981,1,1,1,1,1,1,0
3305044,1,1,1,1,1,1,0
3305048,1,1,1,1,1,1,0
3305230,1,1,1,1,1,1,0
3305563,1,1,1,1,1,1,0
3305725,1,1,1,1,1,1,0
3305869,1,1,1,1,1,1,0
3305908,1,1,1,1,1,1,0
3305912,1,1,1,1,1,1,0
3306070,1,1,1,1,1,1,0
3306451,1,1,1,1,1,1,0
3306493,1,1,1,1,1,1,0
3306613,1,1,1,1,1,1,0
3306680,1,1,1,1,1,1,0
3306720,1,1,1,1,1,1,0
3306838,1,1,1,1,1,1,0
3307313,1,1,1,1,1,1,0
3307361,1,1,1,0,0,0,1
3307616,1,1,1,1,1,1,0
3307686,1,1,1,1,1,1,0
3308068,1,1,1,1,1,1,0
3308185,1,1,1,1,1,1,0
3308344,1,1,1,1,1,1,0
3308534,1,1,1,1,1,1,0
3308892,1,1,1,1,1,1,0
3308961,1,1,1,1,1,1,0
3309144,1,1,1,1,1,1,0
3309286,1,1,1,1,1,1,0
3309976,1,1,1,1,1,1,0
3310121,1,1,1,1,1,1,0
3310210,1,1,1,1,1,1,0
3311025,1,1,1,1,1,1,0
3311042,1,1,1,1,1,1,0
3311857,1,1,1,1,1,1,0
3312138,1,1,1,1,1,1,0
3312444,1,1,1,1,1,1,0
3312661,1,1,1,1,1,1,0
3312918,1,1,1,1,1,1,0
3313368,1,1,1,1,1,1,0
3313559,1,1,1,0,0,0,0
3313773,1,1,1,1,1,1,0
3314340,1,1,1,1,1,1,0
3314363,1,1,1,1,1,1,0
3314382,1,1,1,1,1,1,0
3314425,1,1,1,0,0,1,0
3315044,1,1,1,0,0,0,1
3315187,1,1,1,1,1,1,0
3315253,1,1,1,1,1,1,0
3315824,1,1,1,1,1,1,0
3315967,1,1,1,1,1,1,0
3315986,1,1,1,1,1,1,0
3316008,1,1,1,0,0,1,0
3316576,1,1,1,1,1,1,0
3316840,1,1,1,1,1,1,0
3317820,1,1,1,1,1,1,0
3318415,1,1,1,1,1,1,0
3318724,1,1,1,1,0,0,1
3319271,1,1,1,1,1,1,0
3320925,1,1,1,0,0,0,0
3321207,1,1,1,0,0,1,1
3321516,1,1,0,0,0,0,1
3321777,1,1,1,1,1,1,0
3322011,1,1,1,1,1,1,0
3322344,1,1,1,1,1,1,0
3322409,1,1,1,1,0,0,0
3322769,1,1,1,1,1,1,0
3323146,1,1,1,0,0,0,0
3323553,1,1,1,1,1,1,0
3323736,1,1,1,0,0,1,0
3324453,1,1,1,1,0,1,1
3324544,1,1,1,1,1,1,0
3324902,1,1,1,0,0,1,1
3325376,1,1,1,1,1,1,0
3325420,0,0,0,0,0,0,1
3325754,1,1,1,1,1,1,0
3326036,1,1,1,0,0,0,1
3326586,1,1,1,1,1,1,0
3326677,1,1,1,1,1,1,0
3326960,1,1,1,1,1,1,0
3327461,1,1,1,1,1,1,0
3327746,1,1,1,1,1,1,0
3328028,1,1,1,1,1,1,0
3328769,1,1,1,1,1,1,0
3328770,1,1,1,1,1,1,0
3329147,1,1,1,0,0,0,0
3329480,1,1,1,0,0,1,0
3329498,1,1,1,1,1,1,0
3329589,1,1,1,1,1,1,0
3330282,1,1,1,1,1,1,0
3330304,1,1,1,0,0,0,1
3330393,1,1,1,1,1,1,0
3330681,1,1,1,0,0,1,0
3331010,1,1,1,1,1,1,0
3331104,1,1,1,1,1,1,0
3331121,1,1,1,1,1,1,0
3331332,1,1,1,0,0,1,1
3331477,1,1,1,1,1,1,0
3331878,1,1,1,1,1,1,0
3331880,1,1,1,1,1,1,0
3331965,1,1,1,1,1,1,0
3332301,1,1,1,1,1,1,0
3332486,1,1,1,0,0,0,1
3332676,1,1,1,1,1,1,0
3332861,1,1,1,1,1,1,0
3332933,1,1,1,0,0,0,1
3333456,1,1,1,1,1,1,0
3333665,1,1,1,1,1,1,0
3334312,1,1,1,1,1,1,0
3334473,1,1,1,1,1,1,0
3334477,1,1,1,1,1,1,0
3334488,1,1,1,1,0,0,1
3335112,1,1,1,1,1,1,0
3335273,1,1,1,1,1,1,0
3335369,1,1,1,1,1,1,0
3335508,0,0,0,0,0,0,1
3336247,1,1,1,0,0,1,0
3336484,1,1,1,1,1,1,0
3336597,1,1,1,1,1,1,0
3337099,1,1,1,1,1,1,0
3337911,1,1,1,1,1,1,0
3338025,1,1,1,1,1,1,0
3339630,1,1,1,0,0,1,0
3340490,1,1,1,1,1,1,0
3341350,1,1,1,1,1,1,0
3341656,0,0,0,0,0,0,0
3342158,1,1,1,1,1,1,0
3342541,0,0,0,0,0,0,0
3342990,1,1,1,1,1,1,0
3343493,1,1,1,1,1,1,0
3343656,1,1,1,0,0,1,0
3343938,1,1,1,1,1,1,0
3344101,1,1,1,0,0,1,1
3344145,0,0,0,0,0,0,1
3344648,1,1,1,1,1,1,0
3344882,1,1,1,1,1,1,0
3344953,1,1,1,1,1,1,0
3344969,1,1,1,1,1,1,0
3344993,0,0,0,0,0,0,1
3345059,1,1,1,1,0,0,0
3345440,1,1,1,1,1,1,0
3345722,1,1,1,1,1,1,0
3345961,1,1,1,1,1,1,0
3346003,1,1,1,1,1,1,0
3346432,1,1,1,1,1,1,0
3346570,1,1,1,1,1,1,0
3346589,1,1,1,0,0,0,1
3346899,1,1,1,1,1,1,0
3346921,1,1,1,1,1,1,0
3347276,1,1,1,1,1,1,0
3347414,1,1,1,1,1,1,0
3347577,1,1,1,1,1,1,0
3347815,1,1,1,1,1,1,0
3347837,1,1,1,1,1,1,0
3348429,1,1,1,1,1,1,0
3348595,1,1,1,1,1,1,0
3348665,1,1,1,1,1,1,0
3348752,1,1,1,0,0,1,0
3348848,1,1,1,1,1,1,0
3349061,0,0,0,0,0,0,1
3349269,1,1,1,1,1,1,0
3349435,1,1,1,1,1,1,0
3349524,1,1,1,1,1,1,0
3349668,1,1,1,1,1,1,0
3349830,1,1,1,1,1,1,0
3349853,1,1,1,1,1,1,0
3349870,0,0,0,0,0,0,1
3350177,1,1,1,1,1,1,0
3350369,0,0,0,0,0,0,1
3350483,1,1,1,1,1,1,0
3350528,1,1,1,1,1,1,0
3350689,0,0,0,0,0,0,1
3350903,1,0,0,0,0,0,1
3351016,1,1,1,1,1,1,0
3351255,0,0,0,0,0,0,1
3351257,1,1,1,1,1,1,0
3351485,1,1,1,1,1,1,0
3351580,1,1,1,1,1,1,0
3351764,1,1,1,1,1,1,0
3351906,1,1,1,1,1,1,0
3352047,1,1,1,1,1,1,0
3352069,1,1,1,1,1,1,0
3352253,1,1,1,1,1,1,0
3352540,1,1,1,1,1,1,0
3352556,1,1,1,1,1,1,0
3352674,1,1,1,1,1,1,0
3352815,1,1,1,1,1,1,0
3352861,1,1,1,1,1,1,0
3352905,0,0,0,0,0,0,1
3353161,1,1,1,1,1,1,0
3353348,1,1,1,1,1,1,0
3353490,1,1,1,1,1,1,0
3353509,0,0,0,0,0,0,1
3353675,1,1,1,1,1,1,0
3353677,1,1,1,1,1,1,0
3353692,1,1,1,1,0,0,1
3354212,1,1,1,1,1,1,0
3354306,1,1,1,1,1,1,0
3354397,1,1,1,1,0,0,1
3354445,1,1,1,1,1,1,0
3354487,1,1,1,1,1,1,0
3354628,1,1,1,1,1,1,0
3354742,1,0,0,0,0,0,1
3354861,0,0,0,0,0,0,1
3355453,1,1,1,1,1,1,0
3355498,1,1,1,1,1,1,0
3355568,1,1,1,1,1,1,0
3355996,1,0,0,0,0,0,1
3356089,1,1,1,1,1,1,0
3356345,1,1,1,1,1,1,0
3356417,1,0,0,0,0,0,1
3356724,1,1,1,1,1,1,0
3357488,1,1,1,1,1,1,0
3357962,1,1,1,1,0,0,1
3358272,1,1,1,1,1,1,0
3358316,0,0,0,0,0,0,1
3359198,1,1,1,1,1,1,0
3359220,1,1,1,1,1,1,0
3359933,1,0,0,0,0,0,1
3360026,1,1,1,1,1,1,0
3360525,1,1,1,0,0,0,1
3360834,1,1,1,1,1,1,0
3361332,1,1,1,0,0,1,0
3361353,1,1,1,1,1,1,0
3361376,1,1,1,0,0,1,1
3361610,1,1,1,1,1,1,0
3361611,1,1,1,1,0,0,0
3362056,1,1,1,1,1,1,0
3362245,1,1,1,1,1,1,0
3362435,1,1,1,1,1,1,0
3362574,1,1,1,1,1,1,0
3362836,1,1,1,1,0,0,1
3362852,1,1,1,1,1,1,0
3362857,1,1,1,0,0,1,1
3363229,1,1,1,1,1,1,0
3363394,1,1,1,1,1,1,0
3363751,1,1,1,1,1,1,0
3363821,1,1,1,1,1,1,0
3363936,1,1,1,1,1,1,0
3364266,1,1,1,1,1,1,0
3364360,0,0,0,0,0,0,1
3364789,1,1,1,1,1,1,0
3364949,1,1,1,1,1,1,0
3365116,1,1,1,1,1,1,0
3365134,1,1,1,1,1,1,0
3365251,1,1,1,1,1,1,0
3365484,1,1,1,0,0,0,1
3365557,1,1,1,1,1,1,0
3365789,1,1,1,1,1,1,0
3365955,1,0,0,0,0,0,1
3365956,1,1,1,1,1,1,0
3366090,1,1,1,1,1,1,0
3366276,1,1,1,1,1,1,0
3366325,1,1,1,1,1,1,0
3366703,1,1,1,1,1,1,0
3366745,1,1,1,1,1,1,0
3366862,1,1,1,1,1,1,0
3367028,1,1,1,1,1,1,0
3367029,1,1,1,1,1,1,0
3367184,1,1,1,1,1,1,0
3367469,1,1,1,1,1,1,0
3367731,1,1,1,1,1,1,0
3367824,1,1,1,1,1,1,0
3368010,1,1,1,1,1,1,0
3368052,1,1,1,1,1,1,0
3368265,1,1,1,1,1,1,0
3368289,1,1,1,0,0,1,1
3368427,1,1,1,1,1,1,0
3368758,1,1,1,1,1,1,0
3368828,1,1,1,1,1,1,0
3368988,1,1,1,1,1,1,0
3369133,1,1,1,1,1,1,0
3369173,1,1,1,1,1,1,0
3369315,1,1,1,1,1,1,0
3369526,1,1,1,1,1,1,0
3369572,1,1,1,1,1,1,0
3369684,1,1,1,1,1,1,0
3369829,1,1,1,1,1,1,0
3369917,1,1,1,1,1,1,0
3370275,1,1,1,1,1,1,0
3370318,1,1,1,1,1,1,0
3370461,1,1,1,0,0,0,1
3370504,1,1,1,1,1,1,0
3371027,1,1,1,1,1,1,0
3371118,1,1,1,1,1,1,0
3371405,1,1,1,1,1,1,0
3371520,1,1,1,1,1,1,0
3371993,1,1,1,1,0,0,1
3372136,1,1,1,1,0,0,1
3372203,1,1,1,1,1,1,0
3372773,1,1,1,1,1,1,0
3372940,1,1,1,1,1,1,0
3373391,1,1,1,1,1,1,0
3373553,1,1,1,1,1,1,0
3373672,1,1,1,1,1,1,0
3374005,1,1,1,1,0,0,1
3374119,1,1,1,1,1,1,0
3374281,1,1,1,1,1,1,0
3374737,1,1,1,1,1,1,0
3374947,1,1,1,1,1,1,0
3375109,1,1,1,1,1,1,0
3375853,1,1,1,0,0,1,1
3375893,1,1,1,1,1,1,0
3375964,1,1,1,1,1,1,0
3375983,1,1,1,1,1,1,0
3376581,1,1,1,1,1,1,0
3376741,1,1,1,1,1,1,0
3376784,1,1,1,0,0,1,0
3376855,1,1,1,1,1,1,0
3377308,1,1,1,1,1,1,0
3377425,1,1,1,1,1,1,0
3377635,1,1,1,1,1,1,0
3377725,1,1,1,1,1,1,0
3377845,0,0,0,0,0,0,1
3378008,1,1,1,1,1,1,0
3378218,1,1,1,0,0,1,0
3378380,1,1,1,1,1,1,0
3378521,1,1,1,1,1,1,0
3378617,1,1,1,1,1,1,0
3378634,1,0,0,0,0,0,1
3378800,1,1,1,1,1,1,0
3379272,1,1,1,1,1,1,0
3379366,1,1,1,1,1,1,0
3379625,1,1,1,1,1,1,0
3379672,1,1,1,1,1,1,0
3379715,0,0,0,0,0,0,1
3379761,1,0,0,0,0,0,1
3380112,1,1,1,1,1,1,0
3380114,1,1,1,1,1,1,0
3380420,1,1,1,1,1,1,0
3380439,1,1,1,1,1,1,0
3380605,1,1,1,1,1,1,0
3380621,1,1,1,1,1,1,0
3381170,1,1,1,1,1,1,0
3381215,1,1,1,1,1,1,0
3381216,1,1,1,1,1,1,0
3381353,1,1,1,1,1,1,0
3381369,1,1,1,1,1,1,0
3381556,1,0,0,0,0,0,1
3381914,1,1,1,1,1,1,0
3382031,1,1,1,1,1,1,0
3382077,1,1,1,1,1,1,0
3382284,1,1,1,1,1,1,0
3382642,1,1,1,1,1,1,0
3382713,1,1,1,1,1,1,0
3382803,1,1,1,1,1,1,0
3383060,1,1,1,1,1,1,0
3383421,1,1,1,1,1,1,0
3383558,1,1,1,1,1,1,0
3383651,1,1,1,1,1,1,0
3384340,1,1,1,1,1,1,0
3384342,1,1,1,1,1,1,0
3384383,1,1,1,1,1,1,0
3385053,1,1,1,1,0,0,1
3385142,1,1,1,1,1,1,0
3385143,1,1,1,1,1,1,0
3385183,0,0,0,0,0,0,1
3385248,1,1,1,1,1,1,0
3385966,1,1,1,1,1,1,0
3386061,1,1,1,1,1,1,0
3386104,1,1,1,0,0,1,1
3386312,1,1,1,1,1,1,0
3386742,1,1,1,1,1,1,0
3386860,1,1,1,1,1,1,0
3386929,1,1,1,1,1,1,0
3387474,1,1,1,1,1,1,0
3387616,1,1,1,1,1,1,0
3387853,1,1,1,1,1,1,0
3388254,1,1,1,1,1,1,0
3388465,0,0,0,0,0,0,0
3388484,1,1,0,0,0,0,1
3388556,1,0,0,0,0,0,1
3388625,1,1,1,1,1,1,0
3389053,1,0,0,0,0,0,1
3389165,1,1,1,1,1,1,0
3389234,1,1,1,1,1,1,0
3389328,1,1,1,1,1,1,0
3389829,1,1,1,1,1,1,0
3389941,1,1,1,1,1,1,0
3390152,1,1,1,0,0,1,1
3390176,1,1,1,1,1,1,0
3390434,1,1,1,1,1,1,0
3390625,1,1,1,1,1,1,0
3390761,1,1,1,1,1,1,0
3390972,1,1,1,1,1,1,0
3390996,1,1,1,1,1,1,0
3391134,1,1,1,1,1,1,0
3391249,1,0,0,0,0,0,1
3391748,1,1,1,1,1,1,0
3391890,1,1,1,1,1,1,0
3391893,1,1,0,0,0,0,1
3391908,1,1,1,1,0,0,1
3392213,1,1,1,1,1,1,0
3392259,1,1,1,0,0,1,0
3392540,1,1,1,1,1,1,0
3392637,1,1,1,1,1,1,0
3392656,1,1,1,1,1,1,0
3393057,1,0,0,0,0,0,1
3393150,1,1,1,1,1,1,0
3393364,1,1,1,1,1,1,0
3393452,1,1,1,1,1,1,0
3393595,1,1,1,1,1,1,0
3393709,1,1,1,1,1,1,0
3393997,1,1,1,1,1,1,0
3394328,1,1,1,1,1,1,0
3394395,1,1,1,1,1,1,0
3394436,1,1,1,1,1,1,0
3394481,1,1,1,1,1,1,0
3394694,1,1,1,1,1,1,0
3394741,1,1,1,1,1,1,0
3395120,1,1,1,1,1,1,0
3395139,1,1,1,1,1,1,0
3395181,1,1,1,1,1,1,0
3395469,1,1,1,0,0,0,1
3395582,1,1,1,1,0,1,1
3395915,1,1,1,1,1,1,0
3395981,1,1,1,1,1,1,0
3396389,1,1,1,1,1,1,0
3396408,1,1,1,1,1,1,0
3396546,1,1,1,1,1,1,0
3396951,1,1,1,1,1,1,0
3397092,1,1,1,1,1,1,0
3397113,1,1,1,1,1,1,0
3397132,0,0,0,0,0,0,1
3397270,1,1,1,1,1,1,0
3397819,1,1,1,1,1,1,0
3397864,1,1,1,1,1,1,0
3398338,1,1,1,1,1,1,0
3398381,1,1,1,0,0,0,1
3398760,1,1,1,0,0,1,1
3399000,1,1,1,1,1,1,0
3399257,1,1,1,1,1,1,0
3399302,1,1,1,1,1,1,0
3399488,1,1,1,1,1,1,0
3399848,1,1,1,1,1,1,0
3399891,1,1,1,0,0,1,1
3400054,1,1,1,1,1,1,0
3400243,1,0,0,0,0,0,1
3400337,1,1,1,1,1,1,0
3400448,1,1,1,0,0,0,1
3400640,1,1,1,1,1,1,0
3400922,1,1,1,1,1,1,0
3401061,1,1,1,1,1,1,0
3401131,1,1,1,1,1,1,0
3401460,1,1,1,1,1,1,0
3401509,1,1,1,1,1,1,0
3401718,1,1,1,1,1,1,0
3401835,1,1,1,1,1,1,0
3401877,1,1,1,1,1,1,0
3402232,1,1,1,1,1,1,0
3402233,1,0,0,0,0,0,1
3402397,1,1,1,1,1,1,0
3402487,1,1,1,1,1,1,0
3402506,1,1,1,1,1,1,0
3402912,1,1,1,1,0,0,1
3403097,1,1,1,1,1,1,0
3403188,1,1,1,1,1,1,0
3403258,1,1,1,1,1,1,0
3403760,1,1,1,1,1,1,0
3403804,0,0,0,0,0,0,1
3403917,1,1,1,1,1,1,0
3403987,1,1,1,1,1,1,0
3404196,1,1,1,1,1,1,0
3404602,1,1,1,0,0,1,1
3404693,1,1,1,1,1,1,0
3404717,1,1,1,1,1,1,0
3404736,1,1,1,0,0,0,1
3405091,1,1,1,1,1,1,0
3405350,1,1,1,1,1,1,0
3405561,1,1,1,1,1,1,0
3406016,1,1,1,1,1,1,0
3406032,1,1,1,1,1,1,0
3406127,1,1,1,1,1,1,0
3406481,1,1,1,1,1,1,0
3406745,1,1,1,1,1,1,0
3406859,1,1,1,1,1,1,0
3406903,0,0,0,0,0,0,1
3407233,1,1,1,1,1,1,0
3407590,1,1,1,1,1,1,0
3407635,1,1,1,1,1,1,0
3407681,1,1,1,1,1,1,0
3407816,1,1,1,0,0,0,1
3408392,1,1,1,0,0,1,1
3408411,1,1,1,1,1,1,0
3408478,1,1,1,1,1,1,0
3408525,1,1,1,1,1,1,0
3408612,1,1,1,0,0,0,1
3408901,1,0,0,0,0,0,1
3408917,1,1,1,1,1,1,0
3409154,1,1,1,1,1,1,0
3409156,1,1,1,1,1,1,0
3409171,1,1,1,1,1,1,0
3409356,1,1,1,1,1,1,0
3409621,1,1,1,1,1,1,0
3409733,1,1,1,1,1,1,0
3409946,1,1,1,1,1,1,0
3409991,1,1,1,1,1,1,0
3410060,1,1,1,1,1,1,0
3410076,1,1,1,1,1,1,0
3410317,1,1,1,1,1,1,0
3410671,1,1,1,1,1,1,0
3410856,1,1,1,1,1,1,0
3410904,1,1,1,1,1,1,0
3411066,1,1,1,0,0,0,1
3411089,1,1,1,1,1,1,0
3411490,1,0,0,0,0,0,1
3411752,1,1,1,1,1,1,0
3412008,1,1,1,1,1,1,0
3412198,1,1,1,1,1,1,0
3412245,1,1,1,1,1,1,0
3412289,0,0,0,0,0,0,1
3412524,1,1,1,1,1,1,0
3413001,1,1,1,1,1,1,0
3413018,1,1,1,1,1,1,0
3413300,1,1,1,1,1,1,0
3413324,1,1,1,1,1,1,0
3413439,1,1,1,1,0,1,1
3413725,1,1,1,1,1,1,0
3413742,1,1,1,1,1,1,0
3413765,0,0,0,0,0,0,1
3413809,0,0,0,0,0,0,1
3414044,1,1,1,1,1,1,0
3414060,1,1,1,1,1,1,0
3414442,1,1,1,1,1,1,0
3414609,1,1,1,1,1,1,0
3414796,1,1,1,1,1,1,0
3414860,1,1,1,1,1,1,0
3415266,1,1,1,1,1,1,0
3415313,1,1,1,1,1,1,0
3415476,1,1,1,1,1,1,0
3415636,1,1,1,1,1,1,0
3416138,1,1,1,1,1,1,0
3416232,1,1,1,1,1,1,0
3416320,1,1,1,1,1,1,0
3416606,0,0,0,0,0,0,1
3416793,1,1,1,0,0,1,0
3416960,1,1,1,1,1,1,0
3417626,1,1,1,1,1,1,0
3417693,1,1,1,1,1,1,0
3417764,1,1,1,1,1,1,0
3418429,1,1,1,1,1,1,0
3418548,1,1,1,1,1,1,0
3418686,1,1,1,1,1,1,0
3419089,1,0,0,0,0,0,1
3419184,1,1,1,1,1,1,0
3419490,1,1,1,1,1,1,0
3419820,1,1,1,1,0,0,1
3420108,1,1,1,1,1,1,0
3420294,1,1,1,1,1,1,0
3420531,1,1,1,1,0,0,0
3421006,1,1,1,1,1,1,0
3421291,1,1,1,1,1,1,0
3421333,1,1,1,1,1,1,0
3421404,1,1,1,1,1,1,0
3421492,1,1,1,0,0,1,1
3422089,1,1,1,1,1,1,0
3422111,1,1,1,1,1,1,0
3422272,1,1,1,1,1,1,0
3422416,1,0,0,0,0,0,1
3422417,1,1,1,0,0,1,0
3423029,1,1,1,1,1,1,0
3423096,1,1,1,1,1,1,0
3423101,1,1,1,1,1,1,0
3423187,1,1,1,1,1,1,0
3423302,1,1,1,1,1,1,0
3423304,1,1,1,1,1,1,0
3423773,1,1,1,1,1,1,0
3423917,1,1,1,1,0,0,1
3423932,1,1,1,1,0,0,1
3423955,1,1,1,1,1,1,0
3424264,1,1,1,1,1,1,0
3424545,1,1,1,1,1,1,0
3424590,1,1,1,1,1,1,0
3424680,1,1,1,1,1,1,0
3424751,1,1,1,1,1,1,0
3424893,1,1,1,1,1,1,0
3424960,1,1,1,1,1,1,0
3425289,1,1,1,1,1,1,0
3425380,1,1,1,1,1,1,0
3425762,1,1,1,1,1,1,0
3425783,1,1,1,1,1,1,0
3425876,1,1,1,1,1,1,0
3425877,1,1,1,1,1,1,0
3426177,1,1,1,1,1,1,0
3426244,1,1,1,0,0,0,1
3426249,1,0,0,0,0,0,1
3426525,1,0,0,0,0,0,1
3426547,1,1,1,1,1,1,0
3426662,1,1,1,1,1,1,0
3426684,1,1,1,1,1,1,0
3427132,1,1,1,1,1,1,0
3427157,1,1,1,1,1,1,0
3427221,1,1,1,1,1,1,0
3427315,1,1,1,1,1,1,0
3427502,1,1,1,1,1,1,0
3427548,1,1,1,1,1,1,0
3427857,1,1,1,1,1,1,0
3427921,1,1,1,1,1,1,0
3427940,1,1,1,1,1,1,0
3428131,1,1,1,1,1,1,0
3428272,1,1,1,1,1,1,0
3428605,1,1,1,1,1,1,0
3428620,1,1,1,1,1,1,0
3428692,0,0,0,0,0,0,1
3428950,1,1,1,0,0,1,1
3428951,1,1,1,1,1,1,0
3429253,1,1,1,1,1,1,0
3429301,1,1,1,1,1,1,0
3429316,1,1,1,1,1,1,0
3429484,1,1,1,1,1,1,0
3429695,1,1,1,1,1,1,0
3429714,1,1,1,1,1,1,0
3430001,1,1,1,1,1,1,0
3430041,1,1,1,1,1,1,0
3430060,1,1,1,1,1,1,0
3430562,1,1,1,1,1,1,0
3430753,1,1,1,1,1,1,0
3430768,1,1,1,1,1,1,0
3430861,1,1,1,1,1,1,0
3431003,1,1,1,1,1,1,0
3431004,1,1,1,0,0,1,1
3431282,1,1,1,1,1,1,0
3431473,1,1,1,1,1,1,0
3431609,1,1,1,1,1,1,0
3431653,0,0,0,0,0,0,1
3431672,1,1,1,1,1,1,0
3431675,1,1,1,1,1,1,0
3431692,1,1,1,1,1,1,0
3432357,1,1,1,1,1,1,0
3432400,1,1,1,1,1,1,0
3432422,1,1,1,1,1,1,0
3432424,1,1,1,1,1,1,0
3432439,1,1,1,1,1,1,0
3433057,1,1,1,1,1,1,0
3433150,1,1,1,1,1,1,0
3433219,1,1,1,1,1,1,0
3433408,1,1,1,1,1,1,0
3433882,1,1,1,1,1,1,0
3433973,1,1,1,1,1,1,0
3433975,1,1,1,1,1,1,0
3433988,1,1,1,1,1,1,0
3434108,1,1,1,1,1,1,0
3434582,1,1,1,1,1,1,0
3434817,1,1,1,1,1,1,0
3434840,1,0,0,0,0,0,1
3435072,1,1,1,1,1,1,0
3435310,1,1,1,1,1,1,0
3435569,1,1,1,1,1,1,0
3435903,1,1,1,1,1,1,0
3435994,1,1,1,1,1,1,0
3436088,1,1,1,1,1,1,0
3436273,1,1,1,1,1,1,0
3436798,1,1,1,1,1,1,0
3436892,1,1,1,1,1,1,0
3437029,1,1,1,1,1,1,0
3437652,1,1,1,1,1,1,0
3437813,1,1,1,1,1,1,0
3438266,1,1,1,1,1,1,0
3438480,1,1,1,1,1,1,0
3438549,1,1,1,0,0,1,0
3438685,1,1,1,1,1,1,0
3439066,1,1,1,1,1,1,0
3439305,1,1,1,1,0,0,1
3439441,1,1,1,0,0,0,1
3439777,0,0,0,0,0,0,1
3439794,1,1,1,1,1,1,0
3440513,1,1,1,1,1,1,0
3440554,1,1,1,1,1,1,0
3440557,0,0,0,0,0,0,1
3440597,0,0,0,0,0,0,1
3440804,1,1,1,1,1,1,0
3441592,1,1,1,1,1,1,0
3441734,1,1,1,1,1,1,0
3442450,1,1,1,1,1,1,0
3442469,1,1,1,1,0,0,1
3442728,1,1,1,1,1,1,0
3442772,0,0,0,0,0,0,1
3443011,1,1,1,0,0,1,0
3443390,1,1,1,1,1,1,0
3443409,1,1,1,1,1,1,0
3443935,1,1,1,1,1,1,0
3444265,1,1,1,1,1,1,0
3444334,1,1,1,1,1,1,0
3444835,1,1,1,1,1,1,0
3444997,1,1,1,1,1,1,0
3445357,1,1,1,0,0,1,1
3445592,1,1,1,0,0,1,0
3445825,1,1,1,1,1,1,0
3445870,1,1,1,1,1,1,0
3446157,1,1,1,1,1,1,0
3446440,1,0,0,0,0,0,1
3446842,1,1,1,1,1,1,0
3446913,1,1,1,1,1,1,0
3446953,1,1,1,1,1,1,0
3447168,1,1,1,1,1,1,0
3447621,1,1,1,1,1,1,0
3448024,1,1,1,1,1,1,0
3448405,1,1,1,1,1,1,0
3448784,1,1,1,1,1,1,0
3449141,1,1,1,1,1,1,0
3449640,1,1,1,1,1,1,0
3449896,1,1,1,0,0,1,0
3450017,1,1,1,1,1,1,0
3450656,1,1,1,1,1,1,0
3450990,1,1,1,0,0,1,1
3451416,1,1,1,1,1,1,0
3451967,1,1,1,0,0,1,0
3452200,1,1,1,1,1,1,0
3452751,1,1,1,1,1,1,0
3452912,1,1,1,1,1,1,0
3453463,1,1,1,1,1,1,0
3453888,1,1,1,1,1,1,0
3453932,0,0,0,0,0,0,1
3454097,1,1,1,0,0,1,0
3454143,1,1,1,1,1,1,0
3454664,1,1,1,1,1,1,0
3455141,1,1,1,1,1,1,0
3455283,1,0,0,0,0,0,1
3455468,1,1,1,1,1,1,0
3456139,1,1,1,1,1,1,0
3456324,1,1,1,1,1,1,0
3456780,1,1,1,0,0,1,0
3456895,1,1,1,1,1,1,0
3457104,1,1,1,1,1,1,0
3457153,1,1,1,0,0,1,0
3457580,1,1,1,1,1,1,0
3457767,1,1,1,1,1,1,0
3458005,1,1,1,1,1,1,0
3458092,1,1,1,1,1,1,0
3458114,1,1,1,0,0,1,0
3458280,1,1,1,1,1,1,0
3458733,1,1,1,1,1,1,0
3458894,1,1,1,1,1,1,0
3458964,1,1,1,1,1,1,0
3459028,1,1,1,1,1,1,0
3459485,1,1,1,1,1,1,0
3459718,1,1,1,1,1,1,0
3459812,1,1,1,1,1,1,0
3459879,1,1,1,0,0,1,1
3459968,1,1,1,1,1,1,0
3460446,1,1,1,1,1,1,0
3460636,1,1,1,1,1,1,0
3460820,1,1,1,1,1,1,0
3461394,1,1,1,1,1,1,0
3461532,1,1,1,1,1,1,0
3462106,1,1,1,1,1,1,0
3462199,0,0,0,0,0,0,1
3462240,1,1,1,1,1,1,0
3462241,1,1,1,0,0,1,0
3462834,1,1,1,1,1,1,0
3463020,1,1,1,1,1,1,0
3463021,1,1,1,1,1,1,0
3463638,1,1,1,1,1,1,0
3463777,1,1,1,1,1,1,0
3464422,1,1,1,1,1,1,0
3464537,1,1,1,1,1,1,0
3464820,1,1,1,1,1,1,0
3465154,1,1,1,1,1,1,0
3465676,1,1,1,1,1,1,0
3465721,1,1,1,1,1,1,0
3465886,1,1,1,1,1,1,0
3466529,1,1,1,1,1,1,0
3466601,1,1,1,0,0,1,0
3466642,1,1,1,1,1,1,0
3467285,1,1,1,1,1,1,0
3467357,1,1,1,1,1,1,0
3467372,1,1,1,1,1,1,0
3467394,1,1,1,1,1,1,0
3467752,1,1,1,0,0,1,0
3468202,1,1,1,1,1,1,0
3468225,1,1,1,1,1,1,0
3468408,1,1,1,1,1,1,0
3468717,1,1,1,1,1,1,0
3468956,1,1,1,1,1,1,0
3468974,1,1,1,1,1,1,0
3469307,1,1,1,0,0,1,0
3469617,1,1,1,0,0,1,1
3469660,1,1,1,1,1,1,0
3469700,1,1,1,1,1,1,0
3469746,1,1,1,1,1,1,0
3469885,1,1,1,1,1,1,0
3470389,1,1,1,1,1,1,0
3470431,1,1,1,1,1,1,0
3470546,1,1,1,1,1,1,0
3470637,1,1,1,1,1,1,0
3471093,1,1,1,1,1,1,0
3471204,1,1,1,1,1,1,0
3471207,1,1,1,1,1,1,0
3471270,1,1,1,1,0,0,1
3471433,1,1,1,1,1,1,0
3471456,1,1,1,1,1,1,0
3471933,1,1,1,1,1,1,0
3471972,1,1,1,1,1,1,0
3471994,1,1,1,1,1,1,0
3472301,1,1,1,1,1,1,0
3472444,1,1,1,1,1,1,0
3472820,1,1,1,1,1,1,0
3473034,1,1,1,1,1,1,0
3473055,1,1,1,0,0,1,1
3473057,1,1,1,1,1,1,0
3473216,1,1,1,1,1,1,0
3473765,1,1,1,1,1,1,0
3473807,1,1,1,1,1,1,0
3473850,1,1,1,1,1,1,0
3474424,1,1,1,1,1,1,0
3474515,1,1,1,1,1,1,0
3474537,1,1,1,1,1,1,0
3474555,0,0,0,0,0,0,1
3474741,1,1,1,0,0,1,1
3475244,1,1,1,1,1,1,0
3475245,1,1,1,1,1,1,0
3475666,1,1,1,1,1,1,0
3476025,1,1,1,1,1,1,0
3476140,1,1,1,1,1,1,0
3476881,1,1,1,1,1,1,0
3477164,1,1,1,1,1,1,0
3477421,1,1,1,1,0,0,1
3477613,1,1,1,1,1,1,0
3477896,1,1,1,1,1,1,0
3478249,1,1,1,1,1,1,0
3478608,1,1,1,1,1,1,0
3478893,1,1,1,1,1,1,0
3478937,0,0,0,0,0,0,1
3479052,0,0,0,0,0,0,1
3479431,1,1,1,0,0,1,1
3479908,1,1,1,1,1,1,0
3479924,1,1,1,0,0,0,0
3480141,1,1,1,1,1,1,0
3480469,1,1,1,1,1,1,0
3480708,1,1,1,1,1,1,0
3480748,1,1,1,1,1,1,0
3480792,0,0,0,0,0,0,1
3481031,1,1,1,1,1,1,0
3481033,1,1,1,1,1,1,0
3481237,1,1,1,1,1,1,0
3481592,1,1,1,1,1,1,0
3481596,1,1,1,1,1,1,0
3481899,1,1,1,1,1,1,0
3482013,1,1,1,1,1,1,0
3482229,1,1,1,1,0,0,1
3482340,1,1,1,1,1,1,0
3482770,1,1,1,0,0,1,0
3482789,1,1,1,1,1,1,0
3482835,1,1,1,1,1,1,0
3483020,1,1,1,0,0,0,1
3483884,1,1,1,1,1,1,0
3483951,1,1,1,1,1,1,0
3483970,1,1,1,1,1,1,0
3484109,1,1,1,1,0,0,1
3484756,1,1,1,1,1,1,0
3484822,1,1,1,1,1,1,0
3484889,1,1,1,1,1,1,0
3485199,1,1,1,1,1,1,0
3485460,1,1,1,1,1,1,0
3485813,1,1,1,1,1,1,0
3485928,1,1,1,0,0,1,1
3485998,1,1,1,1,1,1,0
3486452,1,1,1,1,1,1,0
3486469,1,0,0,0,0,0,1
3486848,1,1,1,1,1,1,0
3487205,1,1,1,1,1,1,0
3487206,1,1,1,1,0,0,1
3487208,1,1,1,1,1,1,0
3487552,1,1,1,1,1,1,0
3487575,1,1,1,1,0,0,1
3487905,1,1,1,1,1,1,0
3487952,1,1,1,1,1,1,0
3488018,1,1,1,1,1,1,0
3488255,1,1,1,1,1,1,0
3488344,1,1,1,1,1,1,0
3488605,1,1,1,1,1,1,0
3488724,1,1,1,1,1,1,0
3488767,0,0,0,0,0,0,1
3488786,1,1,1,1,1,1,0
3489116,1,1,1,1,1,1,0
3489309,1,1,1,0,0,0,0
3489448,1,1,1,1,1,1,0
3489467,1,1,1,1,1,1,0
3489558,1,1,1,1,1,1,0
3489577,1,1,1,0,0,0,1
3490057,1,1,0,0,0,0,1
3490120,1,1,1,1,1,1,0
3490240,1,1,1,1,1,1,0
3490283,1,1,1,1,1,1,0
3490326,1,1,1,1,1,1,0
3490560,0,0,0,0,0,0,1
3490773,1,1,1,1,1,1,0
3490777,1,1,1,1,1,1,0
3491055,1,1,1,1,1,1,0
3491076,1,1,1,1,1,1,0
3491166,1,1,1,1,1,1,0
3491280,1,1,1,1,1,1,0
3491445,1,1,1,1,1,1,0
3491731,1,1,1,1,1,1,0
3491733,1,1,1,1,1,1,0
3491796,1,1,1,1,1,1,0
3491886,1,1,1,1,1,1,0
3492048,1,1,1,1,1,1,0
3492165,1,1,1,1,1,1,0
3492357,1,0,0,0,0,0,1
3492852,1,1,1,1,1,1,0
3492874,1,1,1,1,1,1,0
3492896,1,1,1,1,1,1,0
3493109,1,1,1,1,1,1,0
3493463,1,1,1,1,1,1,0
3493481,1,1,1,1,1,1,0
3493620,1,1,1,1,1,1,0
3493837,1,1,1,1,1,1,0
3493974,1,1,1,0,0,0,1
3494116,1,1,1,1,1,1,0
3494135,1,1,1,1,1,1,0
3494249,1,1,1,1,1,1,0
3494436,1,1,1,1,1,1,0
3494581,1,1,1,1,1,1,0
3494981,1,1,1,1,1,1,0
3495026,1,1,1,1,1,1,0
3495047,1,1,1,1,1,1,0
3495357,1,1,1,1,1,1,0
3495372,1,1,1,0,0,0,1
3495777,1,1,1,1,1,1,0
3495894,1,1,1,1,1,1,0
3496056,1,1,1,1,1,1,0
3496103,1,1,1,1,1,1,0
3496197,1,1,1,1,1,1,0
3496261,1,0,0,0,0,0,1
3496428,1,1,1,0,0,1,1
3496780,1,1,1,1,1,1,0
3496850,1,1,1,1,1,1,0
3496871,1,1,1,1,1,1,0
3496917,1,1,1,1,1,1,0
3497149,1,1,1,1,1,1,0
3497172,1,1,1,1,1,1,0
3497551,1,1,1,1,1,1,0
3497597,1,1,1,1,1,1,0
3497612,1,1,1,1,1,1,0
3497614,1,1,1,1,1,1,0
3497989,1,1,1,1,1,1,0
3498203,1,1,1,1,1,1,0
3498224,0,0,0,0,0,0,1
3498269,1,1,1,1,1,1,0
3498380,1,1,1,1,1,1,0
3498474,1,1,1,1,1,1,0
3498805,1,1,1,1,1,1,0
3499019,1,1,1,1,1,1,0
3499206,1,1,1,1,1,1,0
3499489,1,1,1,1,1,1,0
3499776,1,1,1,1,1,1,0
3499890,1,1,1,1,1,1,0
3500031,1,1,1,1,0,1,1
3500532,1,1,1,1,1,1,0
3500598,1,1,1,1,1,1,0
3500713,1,1,1,1,0,0,1
3500759,1,1,1,1,1,1,0
3501354,1,1,1,1,1,1,0
3501356,1,1,1,1,1,1,0
3501489,1,1,1,1,1,1,0
3501559,1,1,1,1,1,1,0
3502084,1,0,0,0,0,0,1
3502102,1,1,1,1,1,1,0
3502121,1,1,1,1,1,1,0
3502431,1,1,1,1,1,1,0
3502786,1,1,1,1,1,1,0
3502832,1,1,1,1,1,1,0
3503161,1,1,1,1,1,1,0
3503163,1,1,1,1,1,1,0
3503562,1,1,1,1,1,1,0
3503564,1,1,1,1,1,1,0
3503961,1,1,1,1,1,1,0
3504007,1,1,1,1,1,1,0
3504268,1,1,1,1,1,1,0
3504310,1,1,1,1,1,1,0
3504787,1,1,1,1,1,1,0
3504997,1,1,1,1,1,1,0
3505138,1,1,1,1,1,1,0
3505353,1,1,1,0,0,1,0
3505464,1,1,1,0,0,1,0
3505535,1,1,1,1,1,1,0
3505817,1,1,1,1,1,1,0
3505862,1,1,1,1,1,1,0
3506101,1,1,1,1,1,1,0
3506120,1,0,0,0,0,0,1
3506208,1,1,1,1,1,1,0
3506231,1,1,1,1,1,1,0
3506586,1,1,1,1,1,1,0
3506653,1,1,1,1,1,1,0
3506657,1,0,0,0,0,0,1
3506840,1,1,1,1,1,1,0
3506955,1,1,1,1,1,1,0
3507092,1,1,1,1,1,1,0
3507402,1,1,1,1,1,1,0
3507421,1,1,1,1,1,1,0
3507469,1,1,1,1,1,1,0
3507656,1,1,1,1,1,1,0
3507867,1,1,1,1,1,1,0
3508004,1,1,1,1,1,1,0
3508242,1,1,1,1,1,1,0
3508337,1,1,1,1,1,1,0
3508404,1,1,1,1,1,1,0
3508421,1,1,1,1,0,0,1
3508635,1,1,1,1,1,1,0
3508844,1,1,1,1,1,1,0
3509058,1,1,1,1,1,1,0
3509101,1,0,0,0,0,0,1
3509145,0,0,0,0,0,0,1
3509148,1,1,1,1,1,1,0
3509357,1,1,1,0,0,1,1
3509495,1,1,1,1,1,1,0
3509897,1,1,1,1,1,1,0
3509968,1,1,1,1,1,1,0
3510032,1,0,0,0,0,0,1
3510223,1,1,1,1,1,1,0
3510365,1,1,1,1,1,1,0
3510670,1,1,1,1,1,1,0
3510689,1,1,1,1,1,1,0
3510880,1,1,1,1,1,1,0
3510896,1,1,1,1,1,1,0
3511137,1,1,1,1,1,1,0
3511299,1,1,1,1,1,1,0
3511582,1,1,1,1,1,1,0
3511748,1,1,1,1,1,1,0
3511889,1,1,1,1,1,1,0
3512024,1,1,1,1,1,1,0
3512093,1,1,1,0,0,1,1
3512571,1,1,1,1,1,1,0
3512664,1,1,1,1,1,1,0
3512665,1,1,1,1,1,1,0
3512700,1,1,1,1,1,1,0
3512722,1,1,1,1,1,1,0
3512885,1,1,1,1,1,1,0
3513412,1,1,1,1,1,1,0
3513413,1,1,1,1,1,1,0
3513448,1,1,1,1,1,1,0
3513471,1,1,1,1,1,1,0
3513585,1,1,1,1,1,1,0
3513750,1,0,0,0,0,0,1
3514252,1,1,1,1,1,1,0
3514273,1,1,1,1,1,1,0
3514312,1,1,1,1,1,1,0
3514791,1,1,1,1,0,0,1
3515077,1,1,1,1,1,1,0
3515188,1,1,1,1,1,1,0
3515212,1,1,1,1,1,1,0
3515567,1,1,1,1,1,1,0
3515877,1,1,1,1,1,1,0
3516376,1,1,1,1,0,0,1
3516587,1,1,1,1,1,1,0
3516604,1,1,1,1,1,1,0
3516673,1,1,1,1,0,0,1
3516677,1,1,1,1,1,1,0
3516717,0,0,0,0,0,0,1
3517094,1,1,1,0,0,1,1
3517188,1,1,1,1,1,1,0
3517349,1,1,1,1,1,1,0
3517393,0,0,0,0,0,0,1
3517417,1,1,1,1,1,1,0
3517480,1,1,1,1,1,1,0
3517936,1,1,1,1,1,1,0
3518146,1,1,1,1,0,0,1
3518212,1,1,1,1,1,1,0
3518233,1,1,1,1,1,1,0
3518329,1,1,1,1,1,1,0
3518373,0,0,0,0,0,0,1
3518632,1,1,1,1,1,1,0
3519154,1,1,1,1,1,1,0
3519225,1,1,1,1,1,1,0
3519288,1,1,0,0,0,1,1
3519719,0,0,0,0,0,0,1
3520384,1,1,1,1,1,1,0
3520431,1,1,1,1,1,1,0
3520477,1,1,1,1,1,1,0
3521116,1,1,1,1,1,1,0
3521309,1,1,1,1,1,1,0
3522020,1,1,1,1,1,1,0
3522069,1,1,1,1,1,1,0
3523020,1,1,1,1,1,1,0
3523309,1,1,1,1,1,1,0
3523900,1,1,1,1,1,1,0
3524117,1,1,1,1,1,1,0
3524732,1,1,1,1,1,1,0
3525045,1,1,1,1,0,0,1
3525373,1,1,1,1,0,0,0
3525488,1,1,1,1,1,1,0
3525776,1,1,1,0,0,1,0
3526297,1,1,1,1,1,1,0
3526298,1,1,1,0,0,1,0
3526532,1,1,1,1,1,1,0
3526860,1,1,1,1,1,1,0
3527121,1,1,1,1,1,1,0
3527384,1,1,1,1,1,1,0
3527571,1,1,1,0,0,1,0
3527732,1,1,1,1,1,1,0
3527969,1,1,1,1,1,1,0
3528280,1,1,1,1,1,1,0
3528395,1,1,1,1,1,1,0
3528676,1,1,1,1,1,1,0
3528889,1,1,1,1,1,1,0
3528934,1,1,1,0,0,1,1
3529076,1,1,1,1,1,1,0
3529383,1,1,1,1,1,1,0
3529448,1,1,1,1,1,1,0
3529637,1,1,1,1,1,1,0
3529802,1,1,1,1,1,1,0
3529968,1,1,1,1,1,1,0
3530155,1,1,1,1,1,1,0
3530292,1,1,1,1,1,1,0
3530745,1,1,1,1,1,1,0
3530768,1,0,0,0,0,0,1
3531074,1,1,1,1,1,1,0
3531092,1,1,1,1,1,1,0
3531497,1,1,1,1,1,1,0
3531544,1,1,1,1,1,1,0
3531876,1,0,0,0,0,0,1
3531990,1,1,1,1,1,1,0
3532133,1,0,0,0,0,0,0
3532437,1,1,1,1,1,1,0
3532724,1,1,1,1,1,1,0
3532814,1,1,1,1,1,1,0
3533077,1,1,1,1,1,1,0
3533213,1,1,1,1,1,1,0
3533570,1,1,1,1,1,1,0
3533572,1,1,1,1,1,1,0
3533656,1,1,1,1,1,1,0
3533849,1,1,1,1,1,1,0
3533961,1,1,1,1,1,1,0
3534436,1,1,1,1,1,1,0
3534506,1,1,1,1,1,1,0
3534550,0,0,0,0,0,0,1
3534552,1,1,1,1,1,1,0
3534641,1,1,1,1,1,1,0
3534753,1,1,1,1,1,1,0
3535252,1,1,1,1,1,1,0
3535346,1,1,1,1,1,1,0
3535416,1,1,1,1,1,1,0
3535505,1,1,1,1,1,1,0
3535577,1,1,1,1,1,1,0
3536024,1,1,1,1,1,1,0
3536118,1,1,1,1,1,1,0
3536188,1,1,1,1,1,1,0
3536377,1,1,1,1,1,1,0
3536465,1,1,1,1,1,1,0
3536796,1,1,1,1,1,1,0
3536986,1,1,1,1,1,1,0
3537032,1,1,1,1,1,1,0
3537219,1,1,1,0,0,1,0
3537620,1,1,1,1,1,1,0
3537713,1,1,1,1,1,1,0
3537758,1,1,1,1,1,1,0
3537901,1,1,1,1,1,1,0
3537992,1,1,1,1,1,1,0
3538035,1,1,1,1,1,1,0
3538036,0,0,0,0,0,0,1
3538696,1,1,1,1,1,1,0
3538698,1,1,1,1,1,1,0
3538701,1,1,1,1,1,1,0
3538783,1,1,1,1,1,1,0
3538852,1,1,1,1,1,1,0
3539037,1,1,1,1,1,1,0
3539493,1,1,1,1,1,1,0
3539558,1,1,1,1,1,1,0
3539576,1,1,1,1,1,1,0
3539648,1,1,1,1,1,1,0
3539667,1,1,1,1,1,1,0
3539781,1,1,1,1,1,1,0
3539996,1,0,0,0,0,0,1
3540233,1,1,1,1,1,1,0
3540298,1,1,1,1,1,1,0
3540388,1,1,1,1,1,1,0
3540391,1,1,1,1,1,1,0
3540431,0,0,0,0,0,0,1
3540689,1,1,1,1,1,1,0
3540736,1,1,1,1,1,1,0
3540997,1,1,1,1,1,1,0
3541038,1,1,1,1,1,1,0
3541179,1,1,1,1,1,1,0
3541340,1,1,1,1,1,1,0
3541481,1,1,1,1,1,1,0
3541528,1,1,1,1,1,1,0
3541837,1,1,1,1,1,1,0
3542167,1,1,1,1,1,1,0
3542232,1,1,1,1,1,1,0
3542253,1,1,1,1,1,1,0
3542322,1,1,1,1,1,1,0
3542681,1,1,1,1,1,1,0
3542725,0,0,0,0,0,0,1
3542959,1,1,1,1,1,1,0
3543048,1,1,1,1,1,1,0
3543093,1,1,1,1,1,1,0
3543162,1,1,1,1,1,1,0
3543569,1,1,1,1,1,1,0
3543659,1,1,1,1,1,1,0
3543796,1,1,1,1,1,1,0
3543841,1,1,1,1,1,1,0
3543982,1,1,1,1,1,1,0
3544220,1,0,0,0,0,0,1
3544385,1,1,1,1,1,1,0
3544451,1,1,1,1,1,1,0
3544613,1,1,1,1,1,1,0
3544632,1,1,1,1,1,1,0
3544750,1,1,1,1,1,1,0
3545084,1,1,1,1,1,1,0
3545247,1,1,1,1,1,1,0
3545481,1,1,1,1,1,1,0
3545500,1,1,1,1,1,1,0
3545618,1,1,1,1,1,1,0
3546143,1,1,1,1,1,1,0
3546144,1,1,1,1,1,1,0
3546277,1,1,1,1,1,1,0
3546296,1,1,1,1,1,1,0
3546943,1,1,1,1,1,1,0
3547012,1,1,1,1,1,1,0
3547053,1,1,1,1,1,1,0
3547216,1,1,1,1,1,1,0
3547816,1,1,1,1,1,1,0
3547883,1,1,1,1,1,1,0
3547949,1,0,0,0,0,0,1
3548040,1,1,1,1,1,1,0
3548042,1,1,1,0,0,1,1
3548345,1,0,0,0,0,0,1
3548656,1,1,1,1,1,1,0
3548699,1,1,1,1,1,1,0
3548790,1,1,1,1,1,1,0
3548832,1,1,1,1,1,1,0
3549118,1,0,0,0,0,0,1
3549209,1,1,1,1,1,1,0
3549228,0,0,0,0,0,0,1
3549372,1,1,1,1,1,1,0
3549705,1,1,1,1,1,1,0
3550081,1,1,1,1,1,1,0
3550100,1,1,1,1,1,1,0
3550172,1,1,1,1,1,1,0
3550239,1,1,1,0,0,1,1
3550525,1,1,1,1,1,1,0
3550662,1,1,1,1,1,1,0
3550824,1,1,1,1,1,1,0
3551037,1,1,1,1,1,1,0
3551039,1,1,1,1,1,1,0
3551056,1,1,1,1,1,1,0
3551317,1,1,1,1,1,1,0
3551620,1,1,1,1,1,1,0
3551622,1,1,1,1,1,1,0
3551853,1,1,1,1,1,1,0
3551855,1,1,1,1,1,1,0
3551872,1,1,1,1,1,1,0
3552442,1,1,1,1,1,1,0
3552489,1,1,1,1,1,1,0
3552672,1,1,1,1,1,1,0
3552719,1,1,1,1,1,1,0
3552720,1,1,1,1,1,1,0
3552733,1,1,1,1,1,1,0
3553162,1,1,1,1,1,1,0
3553401,1,1,1,1,1,1,0
3553440,1,1,1,1,1,1,0
3553535,1,1,1,1,1,1,0
3553577,1,1,1,1,1,1,0
3553648,1,1,1,1,1,1,0
3553859,1,0,0,0,0,0,1
3554022,1,1,1,1,1,1,0
3554189,1,1,1,1,1,1,0
3554348,1,1,1,1,1,1,0
3554417,1,1,1,1,1,1,0
3554536,1,1,1,1,1,1,0
3554795,1,1,1,1,1,1,0
3554862,1,1,1,1,1,1,0
3555053,1,1,1,1,1,1,0
3555116,1,1,1,1,1,1,0
3555281,1,1,1,1,1,1,0
3555566,1,1,1,1,1,1,0
3555587,1,1,1,1,1,1,0
3555940,1,1,1,1,1,1,0
3556177,1,1,1,1,1,1,0
3556367,1,1,1,1,1,1,0
3556864,1,1,1,1,1,1,0
3556981,1,1,1,1,1,1,0
3557052,1,1,1,1,1,1,0
3557263,1,1,1,1,1,1,0
3557784,1,1,1,1,1,1,0
3557785,1,1,1,1,1,1,0
3557825,0,0,0,0,0,0,1
3557872,1,1,1,1,1,1,0
3558107,1,1,1,1,1,1,0
3558676,1,1,1,1,1,1,0
3558745,1,1,1,1,1,1,0
3558748,1,1,1,1,1,1,0
3558907,1,1,1,1,1,1,0
3559142,1,1,1,0,0,1,1
3559593,1,1,1,1,1,1,0
3559636,1,1,1,1,1,1,0
3559637,0,0,0,0,0,0,1
3559727,1,1,1,1,1,1,0
3560393,1,1,1,1,1,1,0
3560511,1,1,1,1,1,1,0
3560552,1,1,1,1,1,1,0
3561080,1,1,1,0,0,1,1
3561217,1,1,1,1,1,1,0
3561241,1,1,1,1,1,1,0
3561307,1,1,1,1,1,1,0
3561324,1,1,1,1,1,1,0
3561948,1,1,1,1,1,1,0
3561993,1,1,1,1,1,1,0
3562105,1,1,1,1,1,1,0
3562127,1,1,1,1,1,1,0
3562844,1,1,1,1,1,1,0
3562913,1,1,1,1,1,1,0
3562929,1,1,1,1,1,1,0
3563696,1,1,1,1,1,1,0
3563761,1,1,1,1,1,1,0
3563857,1,1,1,1,1,1,0
3564693,1,1,1,1,1,1,0
3564877,1,1,1,1,1,1,0
3564924,1,1,1,1,1,1,0
3565497,1,1,1,1,1,1,0
3565705,1,1,1,1,1,1,0
3565824,1,1,1,1,1,1,0
3566250,1,1,1,0,0,1,0
3566321,1,1,1,1,1,1,0
3566481,1,1,1,1,1,1,0
3566696,1,1,1,1,1,1,0
3566978,1,1,1,1,1,1,0
3567121,1,1,1,1,1,1,0
3567932,1,0,0,0,0,0,1
3567933,1,1,1,1,1,1,0
3568042,1,1,1,1,1,1,0
3568444,1,1,1,0,0,1,0
3568804,1,1,1,1,1,1,0
3568873,1,1,1,1,1,1,0
3569251,1,1,1,0,0,1,0
3569341,1,1,1,1,1,1,0
3569456,1,1,1,1,1,1,0
3569696,1,1,1,1,1,1,0
3570264,1,1,1,1,1,1,0
3570333,1,1,1,1,1,1,0
3570335,1,1,1,1,1,1,0
3570996,1,1,1,1,1,1,0
3571044,1,1,1,1,1,1,0
3571065,1,1,1,1,1,1,0
3571155,1,1,1,1,1,1,0
3571293,1,1,1,1,1,1,0
3571768,1,1,1,1,1,1,0
3571816,1,1,1,1,1,1,0
3571955,1,1,1,1,1,1,0
3572069,1,1,1,1,1,1,0
3572189,1,1,1,1,1,1,0
3572688,1,1,1,1,1,1,0
3572707,1,1,1,1,1,1,0
3572724,1,1,1,1,1,1,0
3572889,1,1,1,1,1,1,0
3572961,1,1,1,1,1,1,0
3573483,1,1,1,1,1,1,0
3573648,1,1,1,1,1,1,0
3573689,1,1,1,1,1,1,0
3573876,1,1,1,1,1,1,0
3573920,0,0,0,0,0,0,1
3574375,1,1,1,1,1,1,0
3574441,1,1,1,1,1,1,0
3574464,1,1,1,1,1,1,0
3574696,1,1,1,1,1,1,0
3575126,1,1,1,0,0,1,0
3575147,1,1,1,1,1,1,0
3575288,1,1,1,1,1,1,0
3575761,1,1,1,1,1,1,0
3575903,1,1,1,1,1,1,0
3575994,1,0,0,0,0,0,1
3576036,1,1,1,1,1,1,0
3576513,1,1,1,1,1,1,0
3576750,1,1,1,1,1,1,0
3576864,1,1,1,1,1,1,0
3576887,1,1,1,1,1,1,0
3576904,0,0,0,0,0,0,1
3577333,1,1,1,1,1,1,0
3577377,0,0,0,0,0,0,1
3577732,1,1,1,1,1,1,0
3577735,1,1,1,1,1,1,0
3577942,1,1,1,1,1,1,0
3578512,1,1,1,1,1,1,0
3578536,1,1,1,1,1,1,0
3578818,1,1,1,1,1,1,0
3579031,1,1,1,1,1,1,0
3579316,1,1,1,1,1,1,0
3579524,1,1,1,1,1,1,0
3579618,1,1,1,1,1,1,0
3579757,1,1,1,1,1,1,0
3579803,1,1,1,1,1,1,0
3580041,1,1,1,0,0,1,0
3580252,1,1,1,1,1,1,0
3580292,1,1,1,1,1,1,0
3580554,1,1,1,1,1,1,0
3580573,1,1,1,1,1,1,0
3580643,1,1,1,1,1,1,0
3580833,1,1,1,1,1,1,0
3581017,1,0,0,0,0,0,1
3581036,1,1,1,1,1,1,0
3581108,1,1,1,1,1,1,0
3581318,1,1,1,1,1,1,0
3581387,1,1,1,1,1,1,0
3581745,1,1,1,1,1,1,0
3581785,1,1,1,1,1,1,0
3581828,1,1,1,1,1,1,0
3581924,1,1,1,1,1,1,0
3582062,1,1,1,1,1,1,0
3582347,1,1,1,1,1,1,0
3582557,1,1,1,1,0,0,1
3582561,1,1,1,1,1,1,0
3582601,0,0,0,0,0,0,1
3582740,1,1,1,1,1,1,0
3582854,1,1,1,1,1,1,0
3583453,1,1,1,1,1,1,0
3583687,1,1,1,1,1,1,0
3583849,1,1,1,1,1,1,0
3583872,1,1,1,1,1,1,0
3584296,1,0,0,0,0,0,1
3584345,1,1,1,1,1,1,0
3584458,1,1,1,1,1,1,0
3584624,1,1,1,1,1,1,0
3584643,1,1,1,1,1,1,0
3584685,1,1,1,1,1,1,0
3585064,1,1,1,1,1,1,0
3585137,1,1,1,1,1,1,0
3585274,1,1,1,1,1,1,0
3585464,1,1,1,1,1,1,0
3585601,1,1,1,1,1,1,0
3585889,1,1,1,1,1,1,0
3585907,1,1,1,1,1,1,0
3585948,1,1,1,1,1,1,0
3586090,1,1,1,1,1,1,0
3586280,1,1,1,1,1,1,0
3586489,1,1,1,1,1,1,0
3586681,1,1,1,1,1,1,0
3586795,1,1,1,1,1,1,0
3586836,1,1,1,1,1,1,0
3586906,1,1,1,1,1,1,0
3587120,1,1,1,1,1,1,0
3587305,1,1,1,1,1,1,0
3587497,1,1,1,1,1,1,0
3587611,1,1,1,1,1,1,0
3587652,1,1,1,1,1,1,0
3587698,1,1,1,1,1,1,0
3587912,1,1,1,1,1,1,0
3588097,1,1,1,1,1,1,0
3588407,1,1,1,1,1,1,0
3588409,1,1,1,1,1,1,0
3588444,1,1,1,1,1,1,0
3588538,1,1,1,1,1,1,0
3588869,1,1,1,1,1,1,0
3588872,1,1,1,1,1,1,0
3589129,1,1,1,1,1,1,0
3589243,1,1,1,1,1,1,0
3589334,1,1,1,1,1,1,0
3589496,1,0,0,0,0,0,1
3589661,1,1,1,1,1,1,0
3589664,1,1,1,1,1,1,0
3590015,1,1,1,1,1,1,0
3590037,1,1,1,1,1,1,0
3590126,1,1,1,1,1,1,0
3590436,1,1,1,1,1,1,0
3590476,1,1,1,1,1,1,0
3590477,1,1,1,1,1,1,0
3590807,1,1,1,1,1,1,0
3590809,1,1,1,1,1,1,0
3590870,1,1,1,1,1,1,0
3591320,1,1,1,1,1,1,0
3591416,1,1,1,0,0,0,1
3591603,1,1,1,1,1,1,0
3591605,1,1,1,1,1,1,0
3591690,1,1,1,1,1,1,0
3591709,1,1,1,1,1,1,0
3592112,1,1,1,1,1,1,0
3592232,1,1,1,1,1,1,0
3592397,1,1,1,1,1,1,0
3592582,0,0,0,0,0,0,1
3592864,1,1,1,1,1,1,0
3593008,1,1,1,1,1,1,0
3593123,1,1,1,1,1,1,0
3593358,1,1,1,1,1,1,0
3593402,0,0,0,0,0,0,1
3593493,1,1,1,1,1,1,0
3593537,0,0,0,0,0,0,1
3593628,1,1,1,1,1,1,0
3593796,1,1,1,1,1,1,0
3593937,1,0,0,0,0,0,1
3593979,1,1,1,1,1,1,0
3594142,1,1,1,1,1,1,0
3594305,1,1,1,1,1,1,0
3594420,1,1,1,1,1,1,0
3594564,1,1,1,1,1,1,0
3594653,0,0,0,0,0,0,1
3594749,1,1,1,1,1,1,0
3594814,1,0,0,0,0,0,1
3595168,1,1,1,1,1,1,0
3595240,1,1,1,1,1,1,0
3595259,1,1,1,1,1,1,0
3595397,1,1,1,1,1,1,0
3595541,1,1,1,1,1,1,0
3595892,0,0,0,0,0,0,1
3595936,0,0,0,0,0,0,1
3596150,1,1,1,1,1,1,0
3596220,1,1,1,1,1,1,0
3596383,1,1,1,1,1,1,0
3596856,1,1,1,1,1,1,0
3596902,1,1,1,1,1,1,0
3597020,1,1,1,1,1,1,0
3597111,1,1,1,1,1,1,0
3597541,1,1,1,0,0,1,1
3597871,1,1,1,1,1,1,0
3597892,1,1,1,1,1,1,0
3598005,1,0,0,0,0,0,1
3598098,1,1,1,1,1,1,0
3598572,1,1,1,1,1,1,0
3598667,1,1,1,1,1,1,0
3598688,1,1,1,1,1,1,0
3598874,1,1,1,1,1,1,0
3598941,1,1,1,1,1,1,0
3598987,1,0,0,0,0,0,1
3599725,1,1,1,1,1,1,0
3599770,1,1,1,1,1,1,0
3599791,1,1,1,1,1,1,0
3599812,1,1,1,1,1,1,0
3600477,1,1,1,1,1,1,0
3600478,1,1,1,1,1,1,0
3600543,1,1,1,1,1,1,0
3600564,1,1,1,1,1,1,0
3600845,0,0,0,0,0,0,1
3600891,0,0,0,0,0,0,1
3600893,1,1,1,0,0,1,1
3600904,1,1,1,1,0,0,1
3601237,0,0,0,0,0,0,1
3601428,1,1,1,1,1,1,0
3601636,1,1,1,1,1,1,0
3601757,1,1,1,1,1,1,0
3602063,1,1,1,1,1,1,0
3602153,1,1,1,1,1,1,0
3602156,1,1,1,1,1,1,0
3602338,1,0,0,0,0,0,1
3602500,1,1,1,1,1,1,0
3602597,1,1,1,1,1,1,0
3602828,1,0,0,0,0,0,1
3602921,1,1,1,1,1,1,0
3602924,1,1,1,1,1,1,0
3603082,1,1,1,1,1,1,0
3603148,1,0,0,0,0,0,1
3603197,1,1,1,0,0,0,1
3603309,0,0,0,0,0,0,1
3603692,1,1,1,1,1,1,0
3603878,1,1,1,1,1,1,0
3603949,1,1,1,1,1,1,0
3604036,1,1,1,1,1,1,0
3604057,1,1,1,1,1,1,0
3604440,1,1,1,1,1,1,0
3604840,1,1,1,1,1,1,0
3604913,1,1,1,1,1,1,0
3605002,1,1,1,1,1,1,0
3605312,1,1,1,1,1,1,0
3605717,1,1,1,1,1,1,0
3605758,1,1,1,1,1,1,0
3605848,1,1,1,1,1,1,0
3607289,1,1,1,1,1,1,0
3607352,1,1,1,1,1,1,0
3607785,1,0,0,0,0,0,1
3608140,1,0,0,0,0,0,1
3608156,1,1,1,1,1,1,0
3608589,1,1,1,1,1,1,0
3608724,1,0,0,0,0,0,1
3608794,1,1,1,1,1,1,0
3608936,1,1,1,1,1,1,0
3609075,1,0,0,0,0,0,1
3609572,1,1,1,1,0,0,1
3609716,1,1,1,1,1,1,0
3610049,1,1,1,1,1,1,0
3610066,1,1,1,0,0,1,1
3610372,1,1,1,1,1,1,0
3610708,1,1,1,1,1,1,0
3610799,1,1,1,1,1,1,0
3610845,1,1,1,1,1,1,0
3610862,1,1,1,1,1,1,0
3611169,1,1,1,0,0,1,0
3611452,1,1,1,1,1,1,0
3611618,1,1,1,1,1,1,0
3611665,1,1,1,1,1,1,0
3611683,1,1,1,1,1,1,0
3612061,1,1,1,1,1,1,0
3612300,1,1,1,1,1,1,0
3612486,1,1,1,1,1,1,0
3612509,1,1,1,1,1,1,0
3612696,1,0,0,0,0,0,1
3613052,0,0,0,0,0,0,1
3613261,1,1,1,1,1,1,0
3613330,1,1,1,1,1,1,0
3613425,1,1,1,1,1,1,0
3613876,1,1,1,1,1,1,0
3614085,1,1,1,1,1,1,0
3614154,1,1,1,1,1,1,0
3614177,1,1,1,1,1,1,0
3614459,1,1,1,1,1,1,0
3614577,0,0,0,0,0,0,1
3614644,1,1,1,1,1,1,0
3614997,1,1,1,1,1,1,0
3615331,1,1,1,1,1,1,0
3615496,1,1,1,1,1,1,0
3615565,1,1,1,1,1,1,0
3616304,1,1,1,1,1,1,0
3616346,1,1,1,1,1,1,0
3616369,1,1,1,1,1,1,0
3616625,1,1,1,1,1,1,0
3616672,1,0,0,0,0,0,1
3617221,1,1,1,1,1,1,0
3617310,1,1,1,1,1,1,0
3617449,1,1,1,1,1,1,0
3617687,1,1,1,1,1,1,0
3618093,1,1,1,1,1,1,0
3618277,1,1,1,1,1,1,0
3618280,1,1,1,1,1,1,0
3618486,1,1,0,0,0,0,1
3618507,1,1,1,1,1,1,0
3618524,1,1,1,0,0,1,0
3619097,1,1,1,1,1,1,0
3619141,0,0,0,0,0,0,1
3619236,1,1,1,1,1,1,0
3619396,1,1,1,1,1,1,0
3619635,1,1,1,1,1,1,0
3619654,1,1,1,1,1,1,0
3619989,1,1,1,1,1,1,0
3620032,1,1,1,1,1,1,0
3620073,1,1,1,1,1,1,0
3620407,1,1,1,1,1,1,0
3620424,1,1,1,1,1,1,0
3620446,1,1,1,1,1,1,0
3620997,1,1,1,1,1,1,0
3621041,0,0,0,0,0,0,1
3621177,1,0,0,0,0,0,1
3621196,1,1,1,1,1,1,0
3621315,1,1,1,1,1,1,0
3621817,1,1,1,1,1,1,0
3621977,1,1,1,1,1,1,0
3622164,1,1,1,1,1,1,0
3622331,1,1,1,1,1,1,0
3622665,1,1,1,1,1,1,0
3622921,1,1,1,1,1,1,0
3622964,1,1,1,1,1,1,0
3623851,1,1,1,1,1,1,0
3623988,1,1,1,1,1,1,0
3624205,1,1,1,1,1,1,0
3624245,1,1,1,1,1,1,0
3624675,1,1,1,1,1,1,0
3624932,1,1,1,1,1,1,0
3624976,0,0,0,0,0,0,1
3625020,0,0,0,0,0,0,1
3625066,1,1,1,1,1,1,0
3625069,1,1,1,1,1,1,0
3625153,1,1,1,1,1,1,0
3625487,1,1,1,1,1,1,0
3625912,1,1,1,1,1,1,0
3626054,1,1,1,1,1,1,0
3626057,1,1,1,1,1,1,0
3626069,1,1,1,1,1,1,0
3626307,1,1,1,1,1,1,0
3626828,1,1,1,1,1,1,0
3626873,1,1,1,1,1,1,0
3626877,1,1,1,1,1,1,0
3627010,1,1,1,1,1,1,0
3627104,1,1,1,0,0,1,0
3627219,1,1,1,1,1,1,0
3627572,1,0,0,0,0,0,1
3627693,1,1,1,1,1,1,0
3627709,1,1,1,1,1,1,0
3627924,1,1,1,1,1,1,0
3628063,1,1,1,1,1,1,0
3628368,1,1,1,1,1,1,0
3628370,1,1,1,1,1,1,0
3628509,1,1,1,1,1,1,0
3628549,1,1,1,1,0,0,1
3628788,1,1,1,1,1,1,0
3628975,1,1,1,1,0,0,1
3629304,1,1,1,1,1,1,0
3629309,1,1,1,1,1,1,0
3629321,1,1,1,1,1,1,0
3629584,1,1,1,1,1,1,0
3629843,1,1,1,0,0,0,1
3630129,1,1,1,1,1,1,0
3630217,1,1,1,1,1,1,0
3630236,1,1,1,1,1,1,0
3630428,1,1,1,1,1,1,0
3630686,1,1,1,0,0,1,1
3630803,1,1,1,1,1,1,0
3630992,1,0,0,0,0,0,1
3630993,1,1,1,1,1,1,0
3631148,1,1,1,1,1,1,0
3631482,1,1,1,1,1,1,0
3631575,1,1,1,1,1,1,0
3631764,1,1,1,1,1,1,0
3632068,1,1,1,1,1,1,0
3632354,1,1,1,1,1,1,0
3632495,1,1,1,1,1,1,0
3632804,1,1,1,1,1,1,0
3632940,1,1,1,1,1,1,0
3633229,1,1,1,0,0,1,1
3633270,1,1,1,1,1,1,0
3633580,1,1,1,1,1,1,0
3633788,1,1,1,1,1,1,0
3633932,1,0,0,0,0,0,1
3634262,1,1,1,1,1,1,0
3634265,1,1,1,1,1,1,0
3634447,1,1,1,0,0,1,1
3634656,1,1,1,1,1,1,0
3634728,1,1,1,1,1,1,0
3635251,1,1,1,1,1,1,0
3635318,1,1,1,1,1,1,0
3635480,1,1,1,1,1,1,0
3636151,1,1,1,1,1,1,0
3636218,1,1,1,1,1,1,0
3636452,1,1,1,1,1,1,0
3636496,0,0,0,0,0,0,1
3637047,1,1,1,1,1,1,0
3637305,1,1,1,0,0,1,0
3637420,1,1,1,1,1,1,0
3637610,1,1,1,1,1,1,0
3637919,1,1,1,1,1,1,0
3638177,1,1,1,1,1,1,0
3638196,1,1,1,1,1,1,0
3638554,1,1,1,1,1,1,0
3638863,1,1,1,1,1,1,0
3639024,1,1,1,1,1,1,0
3639526,1,1,1,1,1,1,0
3639904,1,1,1,1,1,1,0
3641364,1,1,1,1,1,1,0
3641389,1,1,1,0,0,1,0
3641864,1,1,1,0,0,0,0
3642221,1,1,1,1,1,1,0
3642356,1,1,1,1,1,1,0
3642716,1,1,1,1,1,1,0
3643049,1,1,1,1,1,1,0
3643256,1,1,1,1,1,1,0
3644001,1,1,1,1,0,0,1
3644861,1,1,1,1,1,1,0
3645000,1,1,1,0,0,1,1
3645329,1,1,1,0,0,1,0
3645373,0,0,0,0,0,0,1
3645781,1,1,1,1,1,1,0
3646015,1,1,1,0,0,1,0
3646613,1,1,1,1,1,1,0
3646657,0,0,0,0,0,0,1
3646674,1,1,1,1,0,0,0
3646863,1,1,1,1,1,1,0
3647293,1,0,0,0,0,0,1
3647574,1,1,1,1,1,1,0
3647691,1,1,1,1,0,0,1
3648117,1,1,1,1,0,0,1
3648834,1,1,1,1,1,1,0
3648837,1,1,1,0,0,1,1
3648969,1,1,1,1,1,1,0
3649013,0,0,0,0,0,0,1
3649658,1,1,1,1,1,1,0
3649821,1,1,1,1,1,1,0
3650392,1,1,1,0,0,1,0
3650397,1,1,1,0,0,1,1
3650554,1,1,1,1,1,1,0
3651105,1,1,1,1,1,1,0
3651170,1,1,1,0,0,0,1
3651429,1,1,1,1,1,1,0
3651957,1,1,1,1,1,1,0
3652022,1,1,1,1,1,1,0
3652116,1,1,1,0,0,1,0
3652589,1,1,1,1,1,1,0
3652757,1,1,1,1,1,1,0
3652894,1,1,1,1,1,1,0
3653036,1,1,1,1,1,1,0
3653389,1,1,1,1,1,1,0
3653557,1,1,1,1,1,1,0
3653862,1,1,1,1,1,1,0
3653884,1,1,1,1,1,1,0
3654068,1,1,1,0,0,0,1
3654645,1,1,1,1,0,0,1
3654688,1,1,1,1,1,1,0
3654803,1,1,1,1,0,0,0
3655084,1,1,1,1,1,1,0
3655274,1,1,1,1,0,0,1
3655585,1,1,1,1,1,1,0
3655675,1,1,1,1,1,1,0
3655912,1,1,1,0,0,1,1
3656048,1,1,1,0,0,0,1
3656908,1,1,1,1,0,0,1
3657195,1,1,1,1,1,1,0
3657740,1,1,1,1,1,1,0
3658051,1,1,1,1,1,1,0
3658144,1,1,1,1,0,0,1
3658544,1,1,1,1,0,0,1
3659404,1,1,1,1,1,1,0
3659908,1,1,1,1,1,1,0
3660212,1,1,1,1,0,0,1
3660521,1,1,1,0,0,1,0
3660808,1,1,1,1,1,1,0
3661232,1,1,1,1,1,1,0
3661664,1,1,1,1,1,1,0
3662112,1,1,1,1,1,1,0
3662422,1,1,1,1,0,0,0
3662733,1,1,1,0,0,1,0
3663060,1,1,1,1,1,1,0
3663514,1,1,1,1,1,1,0
3663584,1,1,1,1,1,1,0
3664032,1,1,1,1,1,1,0
3664438,1,1,1,1,1,1,0
3664460,1,1,1,1,1,1,0
3664764,1,1,1,1,1,1,0
3664909,1,1,1,1,1,1,0
3665022,1,1,0,0,0,0,1
3665187,1,1,1,1,0,0,0
3665256,1,1,1,1,1,1,0
3666261,1,1,1,0,0,0,1
3666830,1,0,0,0,0,0,1
3667307,1,1,1,1,1,1,0
3667661,1,1,1,1,0,0,0
3667664,0,0,0,0,0,0,1
3667750,1,1,1,1,1,1,0
3668083,1,1,1,1,1,1,0
3668221,1,0,0,0,0,0,1
3668554,1,1,1,1,1,1,0
3668576,1,0,0,0,0,0,1
3668620,0,0,0,0,0,0,1
3669071,1,1,1,1,1,1,0
3669233,1,1,1,1,1,1,0
3669350,1,1,1,1,1,1,0
3669444,1,1,1,1,1,1,0
3670063,1,1,1,1,1,1,0
3670178,1,1,1,1,1,1,0
3670245,1,1,1,1,1,1,0
3670460,1,1,1,1,1,1,0
3670934,1,1,1,1,1,1,0
3670979,1,1,1,1,1,1,0
3671357,1,1,1,0,0,0,1
3671739,1,1,1,1,0,0,1
3671876,1,1,1,0,0,0,0
3671898,1,1,1,1,1,1,0
3672181,1,1,1,1,1,1,0
3672229,1,1,1,1,1,1,0
3672750,1,1,1,1,1,1,0
3672985,1,1,1,1,1,1,0
3673009,1,1,1,1,1,1,0
3673746,1,1,1,1,0,0,1
3673933,1,1,1,1,1,1,0
3673981,1,1,1,1,1,1,0
3674574,1,1,1,1,1,1,0
3674857,1,1,1,1,1,1,0
3675334,1,1,1,1,1,1,0
3675357,1,1,1,1,1,1,0
3675637,1,1,1,1,1,1,0
3675778,1,0,0,0,0,0,1
3676209,1,1,1,1,1,1,0
3676465,1,1,1,1,1,1,0
3676582,1,1,1,1,1,1,0
3677085,1,1,1,1,1,1,0
3677293,1,1,1,1,1,1,0
3677458,1,1,1,1,1,1,0
3677576,1,1,1,0,0,1,0
3677861,1,1,1,1,1,1,0
3677928,0,0,0,0,0,0,1
3678113,1,1,1,1,1,1,0
3678302,1,1,1,1,1,1,0
3678637,1,1,1,1,1,1,0
3678680,1,1,1,1,1,1,0
3678843,1,1,1,1,0,0,0
3678885,1,1,1,1,0,0,1
3678976,1,1,1,1,0,0,0
3679214,1,1,1,1,1,1,0
3679548,1,1,1,1,1,1,0
3679637,1,1,1,1,1,1,0
3679755,1,1,1,1,1,1,0
3679796,1,1,1,1,1,1,0
3679986,1,1,1,1,1,1,0
3680413,1,1,1,1,1,1,0
3680460,1,1,1,1,1,1,0
3680644,1,1,1,1,1,1,0
3680691,1,1,1,1,1,1,0
3681191,0,0,0,0,0,0,1
3681236,1,1,1,1,1,1,0
3681301,1,1,1,1,1,1,0
3681824,1,1,1,1,1,1,0
3681846,1,1,1,1,1,1,0
3682060,1,1,1,1,1,1,0
3682061,1,0,0,0,0,0,1
3682147,1,1,1,1,1,1,0
3682260,1,0,0,0,0,0,1
3682401,1,1,1,1,1,1,0
3682405,0,0,0,0,0,0,1
3682730,1,1,1,1,1,1,0
3682824,1,1,1,1,1,1,0
3682984,1,1,1,1,1,1,0
3683101,1,1,1,1,1,1,0
3683652,1,1,1,1,1,1,0
3683716,1,1,1,1,1,1,0
3683929,1,1,1,1,1,1,0
3684073,1,1,1,1,0,0,1
3684139,1,1,1,1,0,0,1
3684158,1,1,1,1,1,1,0
3684444,1,1,1,1,1,1,0
3684488,0,0,0,0,0,0,1
3684721,1,1,1,1,1,1,0
3684961,1,1,1,1,1,1,0
3685290,1,1,1,1,0,0,1
3685334,0,0,0,0,0,0,1
3685690,1,0,0,0,0,0,1
3685809,1,1,1,1,1,1,0
3685896,1,1,1,1,0,0,1
3686013,1,1,1,1,1,1,0
3686036,1,1,1,1,1,1,0
3686223,1,1,1,1,1,1,0
3686937,1,1,1,1,1,1,0
3687056,1,1,1,1,1,1,0
3687075,1,1,1,1,1,1,0
3687092,1,1,1,1,1,1,0
3687189,1,1,1,1,0,0,1
3687709,1,1,1,1,1,1,0
3687872,1,1,1,1,1,1,0
3687920,1,1,1,1,1,1,0
3687939,1,1,1,1,1,1,0
3687985,1,1,1,1,0,0,1
3688433,1,1,1,1,1,1,0
3688644,1,1,1,1,1,1,0
3688648,1,1,1,1,1,1,0
3688759,1,1,1,1,1,1,0
3688781,1,1,1,1,1,1,0
3689158,1,1,1,1,0,0,1
3689249,1,1,1,1,1,1,0
3689412,1,1,1,1,1,1,0
3689557,1,1,1,1,1,1,0
3689812,0,0,0,0,0,0,1
3689882,1,1,1,1,1,1,0
3690021,1,1,1,1,1,1,0
3690115,1,1,1,1,1,1,0
3690424,1,1,1,1,1,1,0
3690560,1,1,1,1,1,1,0
3690654,1,1,1,1,1,1,0
3690915,1,1,1,1,1,1,0
3691221,1,1,1,1,1,1,0
3691384,1,1,1,1,1,1,0
3691529,1,1,1,1,1,1,0
3691715,1,1,1,1,1,1,0
3691952,1,1,1,1,1,1,0
3692160,1,1,1,1,1,1,0
3692181,1,1,1,1,1,1,0
3692301,1,1,1,1,1,1,0
3692318,1,1,1,1,1,1,0
3692483,1,1,1,1,1,1,0
3692932,1,1,1,1,1,1,0
3692933,1,1,1,1,1,1,0
3693073,1,1,1,1,1,1,0
3693212,1,1,1,1,1,1,0
3693473,0,0,0,0,0,0,1
3693704,1,1,1,1,1,1,0
3693942,1,1,1,1,1,1,0
3693988,1,1,1,1,1,1,0
3694079,1,1,1,1,1,1,0
3694120,0,0,0,0,0,0,1
3694164,0,0,0,0,0,0,1
3694520,1,0,0,0,0,0,1
3694807,1,1,1,1,1,1,0
3694808,1,1,1,1,1,1,0
3694825,1,1,1,1,1,1,0
3695224,1,1,1,1,1,1,0
3695390,1,1,1,1,1,1,0
3695579,1,1,1,1,1,1,0
3695581,1,1,1,1,1,1,0
3695740,1,1,1,1,1,1,0
3696068,1,1,1,1,1,1,0
3696114,1,1,1,1,1,1,0
3696329,1,1,1,1,1,1,0
3696347,1,1,1,1,1,1,0
3696656,1,1,1,1,1,1,0
3696816,1,1,1,1,1,1,0
3696862,1,1,1,1,1,1,0
3697195,1,1,1,1,1,1,0
3697480,1,1,1,1,1,1,0
3697481,1,1,1,1,1,1,0
3697588,1,1,1,1,1,1,0
3697632,0,0,0,0,0,0,1
3697654,1,1,1,1,1,1,0
3697987,1,1,1,1,1,1,0
3698153,1,1,1,1,1,1,0
3698340,1,1,1,1,1,1,0
3698478,1,1,1,1,1,1,0
3698640,1,1,1,1,0,0,1
3698735,1,1,1,1,0,0,1
3698997,1,1,1,1,0,0,1
3699060,0,0,0,0,0,0,1
3699180,1,1,1,1,1,1,0
3699511,1,1,1,1,1,1,0
3699840,1,1,1,1,1,1,0
3699961,1,1,1,1,0,0,1
3699977,1,1,1,0,0,1,0
3700287,1,1,1,1,1,1,0
3700569,1,0,0,0,0,0,1
3700588,1,1,1,1,1,1,0
3700805,1,1,1,1,1,1,0
3701063,1,1,1,1,1,1,0
3701369,1,1,1,1,1,1,0
3701681,1,1,1,1,1,1,0
3701843,1,1,1,1,0,0,1
3702221,1,1,1,1,1,1,0
3702675,1,1,1,1,1,1,0
3703125,1,1,1,1,1,1,0
3703169,0,0,0,0,0,0,1
3703405,0,0,0,0,0,0,1
3703475,1,1,1,1,1,1,0
3704333,1,1,1,1,1,1,0
3704356,1,1,1,1,1,1,0
3704400,0,0,0,0,0,0,1
3705308,1,1,1,1,1,1,0
3705590,1,1,1,0,0,1,0
3705609,1,1,1,1,1,1,0
3706136,1,1,1,1,1,1,0
3706394,1,1,1,1,1,1,0
3706437,1,1,1,1,1,1,0
3707060,0,0,0,0,0,0,1
3707724,1,1,1,1,0,0,0
3707940,1,1,1,1,1,1,0
3707984,0,0,0,0,0,0,1
3708456,1,1,1,1,1,1,0
3708817,1,1,1,0,0,1,0
3708931,1,1,1,1,1,1,0
3709264,1,1,1,1,1,1,0
3709450,1,1,1,1,1,1,0
3710096,1,1,1,1,1,1,0
3710499,1,1,1,1,1,1,0
3710566,1,1,1,1,1,1,0
3710733,1,1,1,1,0,0,1
3710872,1,1,1,1,1,1,0
3711226,1,0,0,0,0,0,1
3711413,1,1,1,1,1,1,0
3711627,1,1,1,1,1,1,0
3712153,1,1,1,1,1,1,0
3712289,1,1,1,1,1,1,0
3712336,1,1,1,1,1,1,0
3712451,1,1,1,1,1,1,0
3713049,1,1,1,1,0,0,1
3713116,1,1,1,1,1,1,0
3713303,1,1,1,1,1,1,0
3713876,1,1,1,1,1,1,0
3714110,1,1,1,1,0,0,1
3714131,1,1,1,1,1,1,0
3715110,1,1,1,1,0,0,1
3715131,1,1,1,1,0,0,1
3715580,1,1,1,1,0,0,0
3716081,1,1,1,1,0,0,1
3716198,1,1,1,0,0,0,1
3716844,1,1,1,1,0,0,1
3716861,1,1,1,1,1,1,0
3717002,1,1,1,1,1,1,0
3717648,1,1,1,1,1,1,0
3717692,0,0,0,0,0,0,1
3717781,1,1,1,1,1,1,0
3717946,1,1,1,1,1,1,0
3718472,1,1,1,1,0,0,1
3718704,1,1,1,1,1,1,0
3718773,1,1,1,1,1,1,0
3718794,1,1,1,1,1,1,0
3719248,1,1,1,1,1,1,0
3719505,1,1,1,1,1,1,0
3719549,0,0,0,0,0,0,1
3719690,1,1,1,1,0,0,1
3719804,1,0,0,0,0,0,1
3720165,1,1,1,1,0,0,0
3720232,1,1,1,1,1,1,0
3720538,1,1,1,1,1,1,0
3721017,1,1,1,1,1,1,0
3721728,1,1,1,1,0,0,1
3721822,1,1,1,1,1,1,0
3722251,1,1,1,0,0,1,0
3722580,1,1,1,1,1,1,0
3723178,1,1,1,1,1,1,0
3723436,1,1,1,1,1,1,0
3723916,1,1,1,1,1,1,0
3724006,1,1,1,1,1,1,0
3724050,0,0,0,0,0,0,1
3724164,1,1,1,1,1,1,0
3724812,1,1,1,1,1,1,0
3724878,1,1,1,1,1,1,0
3725232,1,1,1,1,1,1,0
3725662,1,1,1,1,1,1,0
3725781,1,1,1,0,0,1,1
3725920,1,1,1,1,1,1,0
3725984,1,1,1,1,1,1,0
3726462,1,1,1,1,1,1,0
3726509,1,1,1,1,1,1,0
3726669,1,1,1,0,0,1,0
3726713,0,0,0,0,0,0,1
3726760,1,1,1,1,1,1,0
3726776,1,1,1,1,1,1,0
3727305,1,1,1,1,1,1,0
3727465,1,1,1,1,1,1,0
3727632,1,1,1,1,1,1,0
3727696,1,1,1,1,1,1,0
3727909,1,0,0,0,0,0,1
3728053,1,1,1,1,1,1,0
3728336,1,1,1,1,1,1,0
3728520,1,1,1,1,1,1,0
3728709,1,1,1,1,1,1,0
3728805,1,1,1,1,1,1,0
3729136,1,1,1,1,1,1,0
3729250,1,1,1,1,1,1,0
3729343,1,1,1,0,0,1,0
3729384,1,1,1,1,1,1,0
3729453,1,1,1,1,1,1,0
3729597,1,1,1,1,1,1,0
3729926,1,1,1,1,1,1,0
3729972,1,1,1,1,1,1,0
3730039,1,1,1,1,1,1,0
3730225,1,1,1,1,1,1,0
3730268,1,1,1,1,1,1,0
3730317,1,1,1,1,1,1,0
3730744,1,1,1,1,1,1,0
3730762,1,1,1,1,1,1,0
3731021,1,1,1,1,1,1,0
3731023,1,1,1,1,1,1,0
3731036,1,1,1,1,1,1,0
3731157,1,1,1,1,1,1,0
3731512,1,1,1,1,1,1,0
3731554,1,1,1,1,1,1,0
3731695,1,1,1,1,1,1,0
3731737,1,1,1,1,1,1,0
3732044,1,1,1,1,1,1,0
3732141,1,1,1,1,1,1,0
3732256,1,1,1,1,1,1,0
3732274,1,1,1,1,1,1,0
3732367,1,1,1,1,1,1,0
3732481,1,1,1,1,1,1,0
3732841,1,1,1,1,1,1,0
3732856,1,1,1,1,1,1,0
3732926,1,1,1,1,1,1,0
3733188,1,1,1,1,1,1,0
3733205,1,1,1,1,1,1,0
3733634,1,1,1,1,1,1,0
3733637,1,1,1,1,1,1,0
3733768,1,1,1,1,1,1,0
3733933,1,1,1,1,1,1,0
3734122,0,0,0,0,0,0,1
3734144,1,1,1,1,1,1,0
3734381,1,1,1,1,1,1,0
3734492,1,1,1,1,1,1,0
3734609,1,1,1,1,1,1,0
3734776,1,1,1,1,1,1,0
3734866,1,1,1,1,1,1,0
3735220,1,1,1,1,1,1,0
3735245,1,1,1,1,1,1,0
3735405,1,1,1,1,1,1,0
3735810,1,1,1,1,1,1,0
3735876,1,1,1,1,1,1,0
3736045,1,1,1,1,1,1,0
3736089,0,0,0,0,0,0,1
3736105,1,1,1,1,1,1,0
3736510,1,1,1,1,1,1,0
3736600,1,1,1,1,1,1,0
3736817,1,1,1,1,1,1,0
3736857,1,1,1,1,1,1,0
3737238,1,1,1,1,1,1,0
3737376,1,1,1,1,1,1,0
3737593,1,1,1,1,1,1,0
3737633,1,1,1,1,1,1,0
3737776,1,1,1,1,0,0,1
3737962,1,1,1,1,1,1,0
3738148,1,1,1,1,1,1,0
3738337,1,1,1,1,1,1,0
3738409,1,1,1,1,1,1,0
3738548,1,1,1,1,1,1,0
3738713,0,0,0,0,0,0,1
3738850,1,1,1,1,1,1,0
3738892,1,1,1,1,1,1,0
3739348,1,1,1,1,1,1,0
3739389,1,1,1,1,1,1,0
3739411,1,1,1,0,0,1,0
3739433,1,1,1,1,1,1,0
3739594,1,1,1,1,1,1,0
3739636,1,1,1,1,1,1,0
3740092,1,1,1,1,1,1,0
3740205,1,1,1,1,1,1,0
3740275,1,1,1,1,1,1,0
3740366,1,1,1,1,1,1,0
3740480,1,1,1,1,1,1,0
3740840,1,1,1,1,1,1,0
3741027,1,1,1,1,1,1,0
3741118,1,1,1,1,1,1,0
3741280,1,1,1,1,1,1,0
3741592,1,1,1,1,1,1,0
3741709,1,1,1,0,0,1,1
3741775,1,1,1,1,1,1,0
3741794,1,1,1,1,1,1,0
3742368,1,1,1,1,1,1,0
3742461,1,1,1,1,1,1,0
3742527,1,1,1,1,1,1,0
3742570,1,1,1,1,1,1,0
3742637,1,1,1,0,0,1,1
3743044,1,1,1,1,1,1,0
3743233,1,1,1,1,1,1,0
3743275,1,1,1,1,1,1,0
3743318,1,1,1,1,1,1,0
3743337,1,1,1,1,1,1,0
3743744,1,1,1,1,1,1,0
3744026,1,1,1,1,1,1,0
3744480,1,1,1,1,1,1,0
3744497,1,1,1,1,1,1,0
3744782,1,1,1,1,1,1,0
3745161,1,1,1,1,1,1,0
3745662,1,1,1,1,1,1,0
3745873,1,1,1,1,1,1,0
3746161,1,1,1,0,0,1,1
3746370,1,1,1,1,1,1,0
3746725,1,1,1,1,1,1,0
3747178,1,1,1,1,1,1,0
3747605,1,1,1,1,1,1,0
3747845,1,1,1,1,1,1,0
3748006,1,1,1,1,1,1,0
3748265,1,1,1,1,1,1,0
3748380,1,1,1,0,0,1,0
3748549,1,1,1,1,1,1,0
3748782,1,1,1,1,1,1,0
3748784,1,1,1,0,0,1,1
3748965,1,1,1,1,1,1,0
3749104,1,1,1,1,1,1,0
3749148,0,0,0,0,0,0,1
3749341,1,1,1,1,1,1,0
3749502,1,1,1,1,1,1,0
3749546,0,0,0,0,0,0,1
3749688,1,1,1,1,1,1,0
3749945,1,1,1,0,0,1,1
3750060,1,1,1,1,1,1,0
3750371,1,1,1,0,0,0,0
3750438,1,1,1,1,1,1,0
3750556,1,1,1,1,1,1,0
3750669,1,1,1,1,1,1,0
3750673,1,1,1,1,1,1,0
3750804,1,1,1,1,1,1,0
3751211,1,1,1,1,0,0,1
3751448,1,1,1,1,1,1,0
3751465,1,1,1,1,1,1,0
3751466,1,1,1,1,1,1,0
3751485,1,1,1,1,1,1,0
3751668,1,1,1,1,1,1,0
3752197,1,1,1,1,1,1,0
3752264,1,1,1,1,1,1,0
3752329,1,1,1,1,1,1,0
3752372,1,1,1,1,1,1,0
3752395,1,1,1,1,1,1,0
3752968,1,1,1,1,1,1,0
3753057,1,1,1,1,1,1,0
3753103,1,1,1,1,1,1,0
3753149,1,1,1,1,1,1,0
3753284,1,1,1,1,0,0,1
3753328,0,0,0,0,0,0,1
3753449,0,0,0,0,0,0,1
3753467,1,0,0,0,0,0,1
3753678,1,1,1,1,0,0,1
3753797,1,0,0,0,0,0,1
3753888,1,1,1,1,1,1,0
3754096,1,1,1,1,1,1,0
3754121,0,0,0,0,0,0,1
3754331,1,1,1,1,1,1,0
3754470,1,1,1,1,1,1,0
3754732,1,1,1,1,1,1,0
3754749,1,1,1,0,0,1,1
3754845,1,1,1,1,1,1,0
3754932,1,1,1,1,1,1,0
3755099,1,1,1,1,1,1,0
3755118,1,1,1,1,1,1,0
3755549,1,1,1,1,1,1,0
3755709,1,1,1,1,1,1,0
3755776,1,1,1,1,1,1,0
3755871,1,1,1,1,1,1,0
3755893,1,0,0,0,0,0,1
3756077,0,0,0,0,0,0,1
3756269,1,0,0,0,0,0,1
3756623,1,1,1,1,1,1,0
3756645,0,0,0,0,0,0,1
3756781,1,1,1,1,1,1,0
3757164,1,1,1,1,1,1,0
3757423,1,1,1,1,1,1,0
3757445,1,1,1,1,1,1,0
3757532,1,1,1,1,1,1,0
3758132,1,1,1,1,1,1,0
3758225,1,1,1,1,1,1,0
3758892,1,1,1,1,1,1,0
3758893,1,1,1,1,1,1,0
3758933,0,0,0,0,0,0,1
3759792,1,1,1,0,0,0,1
3760533,1,1,1,1,1,1,0
3760672,1,1,1,1,1,1,0
3761532,1,1,1,1,1,1,0
3761721,1,1,1,1,0,0,1
3762242,1,1,1,0,0,1,0
3762360,1,1,1,1,1,1,0
3762669,1,1,1,1,1,1,0
3763096,1,1,1,1,1,1,0
3763426,1,1,1,1,1,1,0
3763660,1,1,1,0,0,1,1
3763921,1,1,1,0,0,1,0
3764112,1,1,1,1,1,1,0
3764514,1,1,1,1,1,1,0
3764559,1,1,1,0,0,1,0
3764649,1,1,1,1,1,1,0
3764768,1,1,1,1,1,1,0
3764769,1,1,1,1,1,1,0
3765310,1,1,1,1,1,1,0
3765429,1,1,1,1,1,1,0
3765471,1,1,1,1,1,1,0
3765492,1,1,1,1,1,1,0
3765629,1,1,1,1,1,1,0
3765768,1,1,1,1,1,1,0
3765982,1,1,1,1,1,1,0
3766197,1,1,1,1,1,1,0
3766216,1,1,1,1,1,1,0
3766403,1,1,1,1,1,1,0
3766541,1,1,1,1,1,1,0
3766778,1,1,1,1,1,1,0
3766868,1,1,1,1,1,1,0
3766892,1,1,1,1,1,1,0
3766893,1,1,1,1,1,1,0
3767123,1,1,1,1,1,1,0
3767237,1,1,1,1,1,1,0
3767309,1,0,0,0,0,0,1
3767636,1,1,1,1,1,1,0
3767660,1,1,1,1,1,1,0
3767847,1,1,1,1,1,1,0
3767937,1,1,1,1,1,1,0
3767985,1,1,1,1,1,1,0
3768266,1,1,1,0,0,1,1
3768359,0,0,0,0,0,0,1
3768400,1,1,1,1,1,1,0
3768497,1,0,0,0,0,0,1
3768756,1,1,1,1,1,1,0
3768965,1,1,1,1,1,1,0
3769154,1,1,1,1,1,1,0
3769271,1,1,1,1,1,1,0
3769312,1,1,1,1,1,1,0
3769409,1,1,1,1,1,1,0
3769668,1,1,1,1,1,1,0
3769854,1,1,1,1,1,1,0
3770089,1,1,1,1,1,1,0
3770183,1,1,1,1,1,1,0
3770200,1,1,1,1,1,1,0
3770440,1,1,1,1,1,1,0
3770773,1,1,1,1,0,0,1
3770887,1,1,1,1,1,1,0
3771000,1,1,1,1,0,0,1
3771021,1,1,1,1,1,1,0
3771500,1,1,1,1,1,1,0
3771545,1,1,1,1,1,1,0
3771634,1,1,1,0,0,0,1
3771724,1,1,1,1,1,1,0
3771865,1,1,1,1,1,1,0
3772248,1,1,1,1,1,1,0
3772434,1,1,1,1,1,1,0
3772457,1,1,1,1,1,1,0
3772617,1,1,1,1,1,1,0
3772924,1,0,0,0,0,0,1
3773068,1,1,1,1,1,1,0
3773257,1,1,1,1,1,1,0
3773297,1,1,1,1,1,1,0
3773676,1,1,1,1,1,1,0
3773892,1,1,1,1,1,1,0
3774053,1,1,1,1,1,1,0
3774221,1,1,1,1,1,1,0
3774624,1,1,1,1,1,1,0
3774760,1,1,1,1,1,1,0
3774781,1,1,1,1,1,1,0
3775165,1,1,1,1,1,1,0
3775493,1,0,0,0,0,0,1
3775632,1,1,1,1,1,1,0
3776065,1,1,1,1,1,1,0
3776177,1,1,1,1,1,1,0
3776392,1,1,1,1,1,1,0
3776432,1,1,1,1,1,1,0
3776769,1,1,1,1,1,1,0
3777144,1,1,1,1,1,1,0
3777288,1,1,1,1,1,1,0
3777525,1,1,1,1,1,1,0
3777900,1,1,1,1,1,1,0
3777971,1,1,1,1,0,0,0
3778040,1,1,1,1,1,1,0
3778349,1,1,1,1,1,1,0
3778727,1,1,1,1,1,1,0
3778771,0,0,0,0,0,0,1
3778960,1,1,1,1,1,1,0
3779530,1,1,1,1,0,0,0
3779672,1,1,1,1,1,1,0
3779904,1,1,1,1,1,1,0
3780432,1,0,0,0,0,0,1
3781240,1,1,1,1,1,1,0
3781980,1,1,1,1,1,1,0
3782768,1,1,1,1,1,1,0
3783317,0,0,0,0,0,0,0
3783552,1,1,1,1,1,1,0
3783670,1,1,1,1,1,1,0
3783813,1,1,1,1,1,1,0
3784212,1,1,1,1,1,1,0
3784642,1,1,1,1,1,1,0
3784665,1,1,1,1,1,1,0
3784920,1,1,1,1,1,1,0
3785377,1,1,1,1,1,1,0
3785728,1,1,1,1,1,1,0
3785919,1,0,0,0,0,0,0
3786085,1,1,1,1,1,1,0
3786412,1,1,1,1,1,1,0
3786724,1,1,1,0,0,1,1
3786767,1,1,1,1,1,1,0
3786789,1,1,1,1,1,1,0
3787188,1,1,1,1,1,1,0
3787428,1,1,1,1,1,1,0
3787472,0,0,0,0,0,0,1
3787541,1,1,1,1,1,1,0
3787559,1,1,1,1,1,1,0
3788200,1,0,0,0,0,0,1
3788297,1,1,1,1,1,1,0
3788458,1,1,1,0,0,1,1
3789004,1,1,1,1,1,1,0
3789008,1,1,1,1,1,1,0
3789049,1,1,1,1,1,1,0
3789138,1,1,1,1,1,1,0
3789664,1,1,1,1,1,1,0
3789776,1,1,1,1,1,1,0
3789801,1,1,1,1,1,1,0
3790106,1,1,1,1,0,0,1
3790413,1,1,1,1,0,0,0
3790480,1,1,1,1,1,1,0
3790485,1,1,1,1,1,1,0
3790500,1,1,1,1,1,1,0
3790782,1,1,1,1,1,1,0
3791209,1,1,1,1,1,1,0
3791212,1,1,1,1,1,1,0
3791253,1,1,1,1,1,1,0
3791510,1,1,1,1,1,1,0
3791868,1,1,1,1,1,1,0
3792005,1,1,1,1,1,1,0
3792458,1,1,1,1,1,1,0
3792717,1,1,1,1,1,1,0
3792765,1,1,1,0,0,1,1
3793120,1,1,0,0,0,0,1
3793121,1,0,0,0,0,0,1
3793157,0,0,0,0,0,0,1
3793178,1,1,1,1,1,1,0
3793440,1,0,0,0,0,0,1
3793553,0,0,0,0,0,0,1
3793958,1,1,1,1,1,1,0
3794196,1,1,1,1,1,1,0
3794477,1,1,1,1,1,1,0
3794642,1,1,1,1,1,1,0
3794643,1,1,1,0,0,1,0
3795137,1,1,1,1,1,1,0
3795303,1,1,1,1,1,1,0
3795346,1,1,1,1,1,1,0
3795441,1,1,1,0,0,1,1
3795772,1,1,1,0,0,1,1
3795813,1,1,1,1,1,1,0
3796003,1,1,1,1,1,1,0
3796289,1,1,1,0,0,1,1
3796476,1,1,1,1,1,1,0
3796565,1,1,1,1,1,1,0
3796707,1,1,1,1,1,1,0
3797089,1,1,1,1,1,1,0
3797369,1,1,1,1,1,1,0
3797439,1,1,1,1,1,1,0
3797552,1,1,1,1,0,0,0
3798077,1,1,1,1,1,1,0
3798081,1,1,1,1,1,1,0
3798332,1,1,1,1,1,1,0
3798737,1,1,1,0,0,0,1
3798761,1,1,1,1,1,1,0
3799329,1,1,1,0,0,0,1
3799521,1,1,1,1,1,1,0
3800089,1,1,1,1,1,1,0
3800108,1,1,1,1,1,1,0
3800397,1,1,1,0,0,0,1
3800821,1,1,1,1,1,1,0
3800936,1,1,1,1,1,1,0
3801225,1,1,1,1,1,1,0
3801720,1,1,1,1,1,1,0
3801961,1,1,1,1,1,1,0
3802121,1,1,1,1,0,0,1
3802454,1,1,1,0,0,1,0
3802496,1,1,1,1,1,1,0
3802785,1,1,1,1,1,1,0
3802969,1,1,1,1,1,1,0
3803228,1,1,1,1,1,1,0
3803230,1,1,1,1,1,1,0
3803584,1,1,1,0,0,1,0
3803721,1,1,1,1,1,1,0
3803769,1,1,1,1,1,1,0
3803954,1,1,1,1,1,1,0
3803972,1,1,1,1,1,1,0
3804404,1,1,1,1,1,1,0
3804541,1,1,1,1,1,1,0
3804543,1,1,1,0,0,1,0
3804561,1,1,1,1,1,1,0
3804794,1,1,1,1,1,1,0
3804812,1,1,1,1,1,1,0
3805124,1,1,1,1,1,1,0
3805622,1,1,1,1,1,1,0
3805908,1,1,1,1,1,1,0
3806165,1,1,1,0,0,1,1
3806450,1,1,1,1,1,1,0
3806876,1,0,0,0,0,0,1
3806921,1,1,1,1,1,1,0
3807206,1,1,1,1,1,1,0
3807729,1,1,1,1,1,1,0
3808134,1,1,1,1,1,1,0
3808136,1,1,1,1,1,1,0
3808485,1,1,1,1,1,1,0
3808820,1,1,1,1,0,0,1
3808886,1,1,1,1,1,1,0
3809385,1,0,0,0,0,0,1
3809624,1,1,1,1,1,1,0
3810145,1,1,1,1,1,1,0
3810456,1,1,1,1,1,1,0
3810857,1,1,1,1,1,1,0
3811384,1,1,1,1,1,1,0
3811667,1,1,1,0,0,0,0
3811685,1,1,1,1,1,1,0
3811689,1,1,1,1,0,0,0
3812160,1,1,1,1,1,1,0
3812419,1,1,1,1,1,1,0
3812513,1,1,1,1,1,1,0
3813012,1,1,1,1,1,1,0
3813175,1,1,1,1,1,1,0
3813219,0,0,0,0,0,0,1
3813337,1,1,1,1,1,1,0
3813788,1,1,1,1,1,1,0
3813996,1,1,1,0,0,1,0
3814093,1,1,1,1,1,1,0
3814303,1,1,1,0,0,1,1
3814728,1,1,1,1,1,1,0
3814849,1,1,1,1,1,1,0
3815083,1,1,1,1,1,1,0
3815197,1,1,1,0,0,0,1
3815773,1,1,1,1,1,1,0
3815812,1,1,1,1,1,1,0
3815905,1,1,1,1,1,1,0
3815998,1,1,1,0,0,1,0
3816187,1,1,1,1,1,1,0
3816545,1,1,1,1,1,1,0
3816609,1,1,1,1,1,1,0
3816678,1,1,1,1,1,1,0
3816816,1,1,1,0,0,0,1
3817103,1,1,1,1,1,1,0
3817293,1,1,1,1,1,1,0
3817381,1,1,1,1,1,1,0
3817544,1,1,1,1,1,1,0
3817614,1,1,1,1,1,1,0
3817851,1,1,1,1,1,1,0
3818113,1,1,1,1,1,1,0
3818200,1,1,1,1,1,1,0
3818201,1,1,1,1,1,1,0
3818338,1,1,1,1,1,1,0
3818793,1,1,1,1,1,1,0
3818904,1,1,1,1,1,1,0
3818998,1,1,1,1,1,1,0
3819113,1,1,1,1,1,1,0
3819588,1,1,1,1,1,1,0
3820088,1,0,0,0,0,0,1
3820518,1,1,1,1,1,1,0
3820848,1,1,1,1,1,1,0
3820872,1,1,1,0,0,0,0
3821226,1,1,1,1,1,1,0
3821916,1,0,0,0,0,0,1
3822010,1,1,1,1,1,1,0
3822057,1,1,1,0,0,1,1
3822600,1,1,1,1,1,1,0
3822694,1,1,1,1,1,1,0
3822813,1,1,1,1,1,1,0
3823265,1,0,0,0,0,0,1
3823280,1,1,1,1,1,1,0
3823350,1,1,1,1,1,1,0
3823949,1,1,1,1,1,1,0
3824060,1,1,1,1,1,1,0
3824130,1,1,1,1,1,1,0
3824705,1,1,1,1,1,1,0
3824792,1,1,1,1,1,1,0
3824959,0,0,0,0,0,0,0
3825026,1,1,1,1,1,1,0
3825457,1,1,1,1,1,1,0
3825544,1,1,1,1,1,1,0
3825688,0,0,0,0,0,0,1
3825779,1,1,1,1,1,1,0
3825822,1,1,1,1,1,1,0
3825823,0,0,0,0,0,0,1
3826221,0,0,0,0,0,0,0
3826388,1,1,1,1,1,1,0
3826500,1,1,1,1,0,0,1
3826570,1,1,1,1,1,1,0
3826571,1,1,1,1,1,1,0
3826945,1,0,0,0,0,0,1
3826964,1,0,0,0,0,0,1
3827084,1,1,1,1,1,1,0
3827318,1,1,1,1,1,1,0
3827339,1,1,1,1,1,1,0
3827383,0,0,0,0,0,0,1
3827477,1,1,1,1,1,1,0
3827708,1,1,1,1,1,1,0
3827756,1,1,1,1,1,1,0
3828062,1,1,1,1,1,1,0
3828107,1,1,1,1,1,1,0
3828177,1,1,1,1,1,1,0
3828432,1,1,1,1,1,1,0
3828504,1,1,1,1,1,1,0
3828906,1,1,1,1,1,1,0
3828929,1,1,1,1,1,1,0
3829188,1,1,1,1,1,1,0
3829232,0,0,0,0,0,0,1
3829248,1,1,1,1,1,1,0
3829439,1,1,1,1,1,1,0
3829701,1,1,1,1,1,1,0
3829742,1,1,1,1,1,1,0
3829956,1,1,1,1,1,1,0
3830044,1,1,1,1,1,1,0
3830139,1,1,1,1,1,1,0
3830446,1,1,1,1,1,1,0
3830708,1,1,1,1,1,1,0
3830796,1,1,1,1,1,1,0
3830801,1,1,1,1,1,1,0
3830815,1,1,1,1,1,1,0
3831122,1,1,1,1,1,1,0
3831408,1,1,1,1,1,1,0
3831496,1,1,1,1,1,1,0
3831521,1,1,1,1,1,1,0
3831563,1,1,1,1,1,1,0
3831918,1,1,1,1,1,1,0
3832108,1,1,1,1,1,1,0
3832196,1,1,1,1,1,1,0
3832219,1,1,1,1,1,1,0
3832361,1,1,1,1,1,1,0
3832690,1,1,1,1,1,1,0
3832904,1,1,1,1,1,1,0
3832971,1,1,1,1,1,1,0
3833036,1,1,1,1,1,1,0
3833133,1,1,1,1,1,1,0
3833438,1,1,1,1,1,1,0
3833580,1,1,1,1,1,1,0
3833695,1,1,1,1,1,1,0
3833837,1,1,1,1,1,1,0
3833973,1,1,1,0,0,1,0
3834162,1,1,1,1,1,1,0
3834324,1,1,1,0,0,0,1
3834348,1,1,1,1,1,1,0
3834463,1,1,1,1,1,1,0
3834629,1,1,1,1,1,1,0
3834669,1,1,1,1,0,0,1
3834673,0,0,0,0,0,0,1
3834902,1,1,1,1,1,1,0
3835020,1,1,1,1,1,1,0
3835108,1,1,1,1,1,1,0
3835203,1,1,1,1,1,1,0
3835369,1,1,1,1,1,1,0
3835650,1,1,1,1,1,1,0
3835884,1,1,1,1,1,1,0
3835955,1,1,1,1,1,1,0
3836097,1,1,1,1,1,1,0
3836403,1,0,0,0,0,0,1
3836636,1,1,1,1,1,1,0
3836973,1,1,1,1,0,0,1
3837207,1,1,1,1,1,1,0
3837610,1,1,1,1,0,0,1
3837729,1,1,1,1,1,1,0
3837888,1,1,1,1,1,1,0
3837935,1,1,1,1,1,1,0
3838362,1,1,1,1,1,1,0
3838385,1,1,1,1,1,1,0
3838640,1,1,1,1,1,1,0
3838759,1,1,1,1,1,1,0
3839066,1,1,1,1,1,1,0
3839444,1,1,1,1,1,1,0
3839493,1,1,1,1,0,0,1
3839703,1,1,1,1,1,1,0
3839747,0,0,0,0,0,0,1
3839814,1,1,1,1,1,1,0
3840216,1,1,1,1,1,1,0
3840478,1,0,0,0,0,0,1
3840479,1,1,1,1,1,1,0
3840833,1,1,1,1,1,1,0
3840969,0,0,0,0,0,0,1
3840988,1,1,1,1,1,1,0
3841226,1,1,1,1,1,1,0
3841247,1,1,1,1,1,1,0
3841677,1,1,1,1,1,1,0
3841741,1,1,1,1,1,1,0
3841760,1,1,1,1,1,1,0
3842047,1,1,1,1,1,1,0
3842092,1,1,1,1,0,0,0
3842110,1,1,1,1,0,0,1
3842465,1,1,1,1,1,1,0
3842561,1,1,1,1,1,1,0
3842864,1,1,1,1,1,1,0
3842867,1,1,1,1,1,1,0
3842908,1,1,1,1,1,1,0
3842950,1,1,1,1,1,1,0
3842973,1,0,0,0,0,0,1
3843229,1,1,1,1,1,1,0
3843490,1,0,0,0,0,0,1
3843652,1,1,1,1,1,1,0
3843655,1,1,1,1,1,1,0
3843720,1,1,1,1,1,1,0
3843789,1,1,1,1,1,1,0
3844021,1,1,1,1,1,1,0
3844186,1,1,1,1,1,1,0
3844399,1,1,1,1,1,1,0
3844416,1,1,1,1,1,1,0
3844440,1,1,1,1,1,1,0
3844557,1,1,1,1,1,1,0
3844789,1,1,1,1,1,1,0
3845026,1,1,1,1,1,1,0
3845092,1,1,1,1,1,1,0
3845139,1,1,1,1,1,1,0
3845208,1,1,1,1,1,1,0
3845397,1,1,1,1,1,1,0
3845557,1,1,1,1,1,1,0
3845816,1,1,1,1,1,1,0
3845911,1,1,1,1,1,1,0
3845932,1,1,1,1,1,1,0
3846333,1,1,1,1,1,1,0
3846357,1,1,1,1,1,1,0
3846542,1,1,1,1,1,1,0
3846632,1,1,1,1,1,1,0
3846636,1,1,1,1,1,1,0
3846747,1,1,1,1,1,1,0
3847101,1,1,1,1,1,1,0
3847362,1,1,1,1,1,1,0
3847456,1,1,1,1,1,1,0
3847595,1,1,1,1,1,1,0
3847636,1,1,1,1,1,1,0
3847901,1,1,1,1,0,0,1
3847965,1,1,1,1,1,1,0
3848130,1,1,1,1,1,1,0
3848248,1,1,1,1,1,1,0
3848387,1,1,1,1,1,1,0
3848428,1,1,1,1,1,1,0
3848573,1,1,1,1,1,1,0
3848805,1,1,1,1,1,1,0
3849068,1,1,1,1,1,1,0
3849087,1,1,1,1,1,1,0
3849130,1,1,1,1,1,1,0
3849196,1,1,1,1,1,1,0
3849269,1,1,1,1,1,1,0
3849693,1,1,1,1,1,1,0
3849740,1,1,1,1,1,1,0
3849855,1,1,1,1,1,1,0
3849922,1,1,1,1,1,1,0
3849969,1,1,1,1,1,1,0
3849984,1,1,1,1,1,1,0
3850440,1,1,1,1,1,1,0
3850555,1,1,1,1,1,1,0
3850597,1,1,1,0,0,0,1
3850789,1,1,1,1,1,1,0
3850880,1,0,0,0,0,0,1
3851064,1,1,1,1,1,1,0
3851256,0,0,0,0,0,0,1
3851323,1,1,1,1,1,1,0
3851916,1,1,1,1,1,1,0
3852131,1,1,1,1,1,1,0
3852133,1,1,1,1,1,1,0
3852148,1,1,1,1,1,1,0
3852333,1,1,1,1,0,0,1
3852664,1,1,1,1,1,1,0
3852880,1,1,1,1,1,1,0
3852899,1,1,1,1,1,1,0
3853041,1,1,1,1,1,1,0
3853201,1,1,1,1,1,1,0
3853484,1,1,1,1,1,1,0
3853627,1,1,1,1,1,1,0
3853768,1,1,1,1,1,1,0
3853813,1,1,1,1,1,1,0
3854213,1,1,1,1,1,1,0
3854232,1,1,1,1,1,1,0
3854351,1,1,1,1,1,1,0
3854540,1,1,1,1,1,1,0
3854541,1,1,1,1,1,1,0
3855009,1,1,1,1,1,1,0
3855028,1,1,1,1,1,1,0
3855075,1,1,1,1,1,1,0
3855289,1,1,1,1,1,1,0
3855428,1,1,1,1,1,1,0
3855781,1,1,1,1,1,1,0
3855824,1,1,1,1,1,1,0
3855847,1,1,1,1,1,1,0
3856061,1,1,1,1,1,1,0
3856224,1,1,1,1,1,1,0
3856625,1,1,1,1,1,1,0
3856647,1,1,1,1,1,1,0
3856736,1,1,1,1,1,1,0
3856974,1,1,1,0,0,1,0
3857020,1,1,1,1,1,1,0
3857281,1,1,1,1,1,1,0
3857393,1,1,1,1,1,1,0
3857415,1,1,1,1,1,1,0
3857576,1,1,1,1,1,1,0
3857742,1,1,1,1,1,1,0
3857786,0,0,0,0,0,0,1
3858024,1,1,1,1,1,1,0
3858025,1,1,1,1,1,1,0
3858159,1,1,1,1,1,1,0
3858225,1,1,1,1,1,1,0
3858340,1,1,1,1,1,1,0
3858530,1,1,1,1,1,1,0
3858768,1,1,1,1,1,1,0
3858885,1,1,1,1,1,1,0
3858951,1,1,1,1,1,1,0
3858993,1,1,1,1,1,1,0
3859060,1,1,1,1,1,1,0
3859492,1,1,1,1,1,1,0
3859582,1,1,1,1,1,1,0
3859699,1,1,1,1,1,1,0
3859789,1,1,1,1,1,1,0
3859793,1,1,1,1,1,1,0
3859900,1,1,1,1,1,1,0
3860018,1,0,0,0,0,0,1
3860232,1,1,1,1,1,1,0
3860323,0,0,0,0,0,0,1
3860533,1,1,1,1,1,1,0
3860557,1,1,1,1,1,1,0
3860790,1,1,1,1,1,1,0
3861148,1,1,1,1,1,1,0
3861237,1,1,1,1,1,1,0
3861309,1,1,1,1,1,1,0
3861327,1,1,1,1,1,1,0
3861514,1,1,1,1,1,1,0
3861944,1,1,1,1,1,1,0
3862009,1,1,1,1,1,1,0
3862079,1,1,1,1,1,1,0
3862149,1,1,1,1,1,1,0
3862286,1,1,1,1,1,1,0
3862737,1,1,1,1,1,1,0
3862808,1,1,1,1,1,1,0
3862925,1,1,1,1,1,1,0
3863086,1,1,1,1,1,1,0
3863323,1,1,1,1,1,1,0
3863509,1,1,1,1,1,1,0
3863510,1,0,0,0,0,0,1
3863512,1,1,1,1,1,1,0
3863645,1,1,1,1,1,1,0
3864191,1,1,1,1,1,1,0
3864236,1,1,1,1,1,1,0
3864326,1,1,1,1,1,1,0
3864373,1,1,1,1,1,1,0
3864773,1,1,0,0,0,1,1
3865012,1,1,1,1,1,1,0
3865150,1,1,1,1,1,1,0
3865153,1,1,1,1,1,1,0
3865239,1,1,1,1,1,1,0
3865593,1,1,1,1,1,1,0
3865950,1,1,1,1,1,1,0
3865953,1,1,1,1,1,1,0
3866015,1,1,1,1,1,1,0
3866420,1,1,0,0,0,1,1
3866681,1,1,1,1,1,1,0
3866697,1,1,1,1,1,1,0
3866790,1,1,1,1,1,1,0
3866952,1,1,1,0,0,0,0
3867071,1,1,1,1,1,1,0
3867429,1,1,1,1,1,1,0
3867473,0,0,0,0,0,0,1
3867562,1,1,1,1,1,1,0
3867564,1,1,1,1,1,1,0
3867625,1,1,1,1,1,1,0
3867644,1,1,1,1,1,1,0
3868195,1,1,1,1,1,1,0
3868313,1,1,1,1,1,1,0
3868376,1,1,1,1,1,1,0
3868397,1,1,1,1,1,1,0
3868492,1,1,1,1,1,1,0
3868558,1,1,1,1,1,1,0
3868963,1,1,1,1,1,1,0
3869057,1,1,1,1,1,1,0
3869144,1,1,1,1,1,1,0
3869165,1,1,1,1,1,1,0
3869306,1,1,1,1,1,1,0
3869833,1,1,1,1,1,1,0
3869897,1,1,1,1,1,1,0
3869988,1,1,1,1,1,1,0
3870106,1,1,1,1,1,1,0
3870344,1,1,1,1,1,1,0
3870653,1,1,1,1,1,1,0
3870693,1,1,1,1,1,1,0
3870784,1,1,1,1,1,1,0
3870806,1,1,1,1,1,1,0
3871187,1,1,1,1,1,1,0
3871353,1,1,1,1,1,1,0
3871465,1,1,1,1,1,1,0
3871466,1,0,0,0,0,0,1
3871504,1,1,1,1,1,1,0
3871911,1,1,1,1,1,1,0
3872101,1,1,1,1,1,1,0
3872189,1,1,1,1,1,1,0
3872258,1,1,1,1,1,1,0
3872300,1,1,1,1,1,1,0
3872372,1,0,0,0,0,0,1
3872679,1,1,1,1,1,1,0
3872893,1,1,1,1,1,1,0
3872933,1,1,1,1,1,1,0
3873074,1,1,1,1,1,1,0
3873116,1,1,1,1,1,1,0
3873212,1,1,1,1,1,1,0
3873471,1,1,1,1,1,1,0
3873753,1,1,1,1,1,1,0
3873757,1,1,1,1,1,1,0
3873842,1,1,1,1,1,1,0
3873860,1,1,1,1,1,1,0
3874292,1,1,1,0,0,1,1
3874359,1,1,1,1,1,1,0
3874642,1,1,1,1,1,1,0
3874660,1,1,1,1,1,1,0
3874661,1,1,1,1,1,1,0
3874849,1,1,1,1,1,1,0
3875180,1,1,1,1,1,1,0
3875199,1,1,1,1,1,1,0
3875362,1,1,1,1,1,1,0
3875452,1,1,1,1,1,1,0
3875453,1,1,1,1,1,1,0
3875689,1,1,1,1,1,1,0
3875971,1,1,1,1,1,1,0
3876040,1,1,1,1,1,1,0
3876178,1,1,1,1,1,1,0
3876196,1,1,1,1,1,1,0
3876461,1,1,1,1,1,1,0
3876501,1,1,1,1,1,1,0
3876739,1,1,1,1,1,1,0
3876808,1,1,1,1,1,1,0
3876922,1,1,1,1,1,1,0
3876940,1,1,1,1,1,1,0
3877249,1,1,1,1,1,1,0
3877369,1,1,1,1,1,1,0
3877555,1,1,1,1,1,1,0
3877696,1,1,1,1,1,1,0
3877786,1,1,1,1,1,1,0
3877973,1,1,1,1,1,1,0
3878017,0,0,0,0,0,0,1
3878113,1,1,1,1,1,1,0
3878323,1,1,1,1,1,1,0
3878440,1,1,1,1,1,1,0
3878530,1,1,1,1,1,1,0
3878620,1,1,1,0,0,0,1
3878713,1,0,0,0,0,0,1
3878929,1,1,1,1,1,1,0
3879067,1,1,1,1,1,1,0
3879304,1,1,1,1,1,1,0
3879440,1,1,1,1,1,1,0
3879533,1,1,1,1,1,1,0
3879534,1,1,1,1,1,1,0
3879673,1,1,1,1,1,1,0
3879907,1,1,1,1,1,1,0
3880168,1,1,1,1,1,1,0
3880208,1,1,1,1,1,1,0
3880278,1,1,1,1,1,1,0
3880345,1,1,1,1,1,1,0
3880513,1,1,1,1,1,1,0
3880723,1,1,1,1,1,1,0
3880932,1,1,1,1,1,1,0
3880980,1,1,1,1,1,1,0
3880998,1,1,1,1,1,1,0
3881089,1,1,1,1,1,1,0
3881305,1,1,1,1,1,1,0
3881491,1,1,1,1,1,1,0
3881726,1,1,1,1,1,1,0
3881744,1,1,1,1,1,1,0
3881861,1,1,1,1,1,1,0
3882077,1,1,1,1,1,1,0
3882311,1,1,1,1,1,1,0
3882428,1,1,1,1,1,1,0
3882492,1,1,1,1,1,1,0
3882514,1,1,1,1,1,1,0
3882581,1,1,1,1,1,1,0
3882797,1,1,1,1,1,1,0
3883200,1,1,1,1,1,1,0
3883216,1,1,1,1,1,1,0
3883262,1,1,1,1,1,1,0
3883281,1,1,1,1,1,1,0
3883545,1,1,1,1,1,1,0
3883900,1,1,1,1,1,1,0
3883943,1,1,1,0,0,1,1
3884056,1,1,1,1,1,1,0
3884126,1,1,1,1,1,1,0
3884145,1,1,1,1,1,1,0
3884313,1,1,1,1,1,1,0
3884620,1,1,1,1,1,1,0
3884663,1,1,1,1,1,1,0
3884945,1,1,1,1,1,1,0
3884990,1,1,1,1,1,1,0
3885037,1,1,1,1,1,1,0
3885629,1,1,1,1,1,1,0
3885674,1,1,1,1,1,1,0
3885744,1,1,1,1,1,1,0
3885765,1,1,1,1,1,1,0
3885975,1,1,1,1,1,1,0
3886452,1,1,1,1,1,1,0
3886517,1,1,1,1,1,1,0
3886518,1,1,1,1,1,1,0
3886521,1,1,1,1,1,1,0
3886771,1,1,1,1,1,1,0
3887200,1,1,1,1,1,1,0
3887245,1,1,1,1,1,1,0
3887309,1,1,1,1,1,1,0
3887402,1,1,1,1,1,1,0
3887567,1,1,1,1,1,1,0
3887993,1,1,1,1,1,1,0
3888137,1,1,1,1,1,1,0
3888154,1,1,1,1,1,1,0
3888156,1,1,1,1,1,1,0
3888844,1,1,1,1,1,1,0
3888961,1,1,1,1,1,1,0
3889002,1,1,1,1,1,1,0
3889117,1,1,1,1,1,1,0
3889597,1,1,1,0,0,0,1
3889616,1,1,1,1,1,1,0
3889825,1,1,1,1,1,1,0
3890448,1,1,1,1,1,1,0
3890585,1,1,1,1,1,1,0
3890801,1,1,1,0,0,0,1
3890819,1,1,1,1,1,1,0
3891124,1,1,1,0,0,1,0
3891220,1,1,1,1,1,1,0
3891501,1,1,1,1,1,1,0
3891597,1,1,1,1,1,1,0
3891900,1,1,1,1,1,1,0
3891904,1,1,1,1,1,1,0
3892229,1,1,1,1,1,1,0
3892301,1,1,1,1,1,1,0
3892487,1,1,1,1,1,1,0
3892576,1,1,1,1,1,1,0
3892648,1,1,1,1,1,1,0
3892857,1,1,1,0,0,0,1
3893049,1,1,1,1,1,1,0
3893280,1,1,1,1,1,1,0
3893399,1,1,1,1,1,1,0
3893684,1,1,1,1,1,1,0
3893777,1,1,1,1,1,1,0
3893913,1,1,1,1,1,1,0
3893956,1,1,1,1,1,1,0
3894243,1,1,1,1,1,1,0
3894408,1,1,1,1,1,1,0
3894549,1,1,1,1,1,1,0
3894589,1,1,1,1,1,1,0
3894899,1,1,1,1,1,1,0
3895233,1,1,1,1,1,1,0
3895393,1,1,1,1,1,1,0
3895919,1,1,1,1,1,1,0
3895965,1,1,1,1,1,1,0
3896032,1,1,1,1,1,1,0
3896074,1,1,1,1,0,0,0
3896285,1,1,1,1,1,1,0
3896641,0,0,0,0,0,0,1
3896712,1,1,1,1,1,1,0
3896778,1,1,1,1,1,1,0
3897400,1,1,1,1,1,1,0
3897778,1,1,1,1,1,1,0
3897822,0,0,0,0,0,0,1
3898251,1,1,1,1,1,1,0
3898393,0,0,0,0,0,0,1
3898556,1,1,1,1,1,1,0
3898598,1,1,1,1,1,1,0
3898642,0,0,0,0,0,0,1
3899145,1,1,1,1,1,1,0
3899378,1,1,1,1,1,1,0
3899613,1,1,1,0,0,1,1
3899901,1,1,1,1,1,1,0
3900373,1,1,1,1,1,1,0
3900709,1,1,1,1,1,1,0
3900798,0,0,0,0,0,0,1
3901056,1,1,1,0,0,0,0
3901221,1,1,1,1,1,1,0
3901413,1,1,1,1,1,1,0
3901598,1,1,1,1,1,1,0
3901741,1,0,0,0,0,0,1
3901785,0,0,0,0,0,0,1
3902017,1,1,1,1,1,1,0
3903001,1,1,1,1,1,1,0
3903833,1,1,1,0,0,1,1
3904431,1,1,1,0,0,1,1
3904665,1,1,1,0,0,0,1
3905191,1,1,1,1,1,1,0
3905329,1,1,1,1,1,1,0
3905688,0,0,0,0,0,0,0
3906115,1,1,1,1,1,1,0
3906496,1,1,1,1,1,1,0
3906537,1,1,1,1,1,1,0
3906871,1,1,1,1,1,1,0
3907036,1,0,0,0,0,0,1
3907293,1,1,1,1,1,1,0
3907388,0,0,0,0,0,0,1
3907599,1,1,1,1,1,1,0
3908049,1,1,1,1,1,1,0
3908188,1,1,1,1,0,0,0
3908308,1,1,1,1,1,1,0
3908327,1,1,1,1,1,1,0
3908730,1,1,1,0,0,1,0
3908821,1,1,1,1,1,1,0
3908840,1,1,1,1,1,1,0
3909079,1,1,1,1,1,1,0
3909100,1,1,1,1,1,1,0
3909430,1,1,1,1,1,1,0
3909713,1,1,1,1,1,1,0
3909732,1,1,1,1,1,1,0
3909753,0,0,0,0,0,0,1
3909755,1,1,1,1,1,1,0
3909844,1,1,1,1,1,1,0
3910105,1,1,1,0,0,1,0
3910218,1,1,1,1,1,1,0
3910455,1,1,1,1,1,1,0
3910496,1,1,1,1,1,1,0
3910517,1,1,1,1,1,1,0
3910564,1,1,1,1,1,1,0
3910897,1,1,1,1,1,1,0
3910986,1,1,1,1,1,1,0
3911199,1,1,1,1,1,1,0
3911241,1,1,1,1,1,1,0
3911260,1,1,1,1,1,1,0
3911380,1,1,1,1,1,1,0
3911710,1,1,1,1,1,1,0
3911781,1,1,1,1,1,1,0
3911919,1,1,1,1,1,1,0
3912032,1,1,1,1,1,1,0
3912033,1,1,1,1,1,1,0
3912100,1,1,1,1,1,1,0
3912550,1,1,1,1,1,1,0
3912643,1,1,1,1,1,1,0
3912732,1,1,1,1,1,1,0
3912733,1,1,1,1,1,1,0
3912920,1,1,1,1,1,1,0
3913226,1,1,1,1,1,1,0
3913388,1,1,1,1,1,1,0
3913457,1,1,1,1,1,1,0
3913479,1,1,1,1,1,1,0
3913523,0,0,0,0,0,0,1
3913713,1,1,1,1,0,0,1
3914136,1,1,1,1,1,1,0
3914229,1,1,1,1,1,1,0
3914299,1,1,1,1,1,1,0
3914489,1,1,1,1,1,1,0
3915036,1,1,1,1,0,0,1
3915054,1,1,1,1,1,1,0
3915073,1,1,1,1,1,1,0
3915143,1,1,1,1,1,1,0
3915165,1,1,1,1,1,1,0
3915183,0,0,0,0,0,0,1
3915756,1,1,1,1,1,1,0
3915871,1,1,1,1,1,1,0
3915941,1,1,1,1,1,1,0
3916292,1,1,1,0,0,1,1
3916338,1,1,1,1,1,1,0
3916528,1,1,1,1,1,1,0
3916595,1,1,1,1,1,1,0
3916737,1,1,1,1,1,1,0
3917114,1,1,1,1,1,1,0
3917228,1,0,0,0,0,0,1
3917232,1,1,1,1,1,1,0
3917896,1,1,1,1,1,1,0
3917940,0,0,0,0,0,0,1
3917956,1,1,1,1,1,1,0
3918000,0,0,0,0,0,0,1
3918142,1,1,1,1,1,1,0
3918717,1,1,1,1,0,0,1
3918804,1,1,1,1,1,1,0
3919404,1,1,1,1,0,0,1
3919545,1,1,1,1,1,1,0
3919560,1,1,1,1,1,1,0
3920038,1,1,1,1,1,1,0
3920084,1,1,1,1,1,1,0
3920201,1,1,1,1,1,1,0
3920312,1,1,1,1,1,1,0
3920817,1,1,1,0,0,0,1
3920882,1,1,1,1,1,1,0
3920952,1,1,1,1,1,1,0
3921160,1,1,1,0,0,0,1
3921521,1,1,1,1,1,1,0
3921658,1,0,0,0,0,0,1
3921680,1,1,1,1,1,1,0
3921864,1,1,1,1,1,1,0
3922149,1,1,1,0,0,1,0
3922221,1,1,1,1,1,1,0
3922360,1,1,1,1,1,1,0
3922738,1,1,1,1,1,1,0
3922877,1,1,1,1,1,1,0
3922949,1,1,1,1,1,1,0
3923036,1,0,0,0,0,0,1
3923442,1,1,1,1,1,1,0
3923679,1,1,1,0,0,0,0
3923725,1,1,1,0,0,0,1
3923765,1,1,1,1,1,1,0
3923784,1,1,1,1,1,1,0
3924000,1,1,1,1,1,1,0
3924090,1,1,1,1,1,1,0
3924471,1,1,1,1,1,1,0
3924584,1,1,1,1,1,1,0
3924774,1,1,1,1,1,1,0
3924889,1,1,1,1,1,1,0
3925103,1,1,1,0,0,0,1
3925264,1,1,1,1,1,1,0
3925670,1,1,1,1,1,1,0
3925689,1,1,1,1,1,1,0
3925761,0,0,0,0,0,0,1
3925923,1,1,1,1,1,1,0
3926132,1,1,1,1,1,1,0
3926561,1,1,1,1,1,1,0
3926565,1,1,1,1,1,1,0
3926747,1,1,1,1,1,1,0
3926790,1,1,1,0,0,0,1
3927096,1,1,1,1,1,1,0
3927313,1,1,1,1,1,1,0
3927329,1,1,1,1,1,1,0
3927423,1,1,1,1,1,1,0
3927516,1,1,1,0,0,1,1
3927606,1,1,1,1,1,1,0
3928013,1,1,1,1,1,1,0
3928101,1,1,1,1,1,1,0
3928123,1,1,1,1,1,1,0
3928190,1,1,1,0,0,0,1
3928212,1,1,1,1,1,1,0
3928689,1,1,1,1,1,1,0
3928777,1,1,1,1,1,1,0
3928823,1,1,1,1,1,1,0
3928844,1,1,1,1,1,1,0
3929078,1,1,1,1,1,1,0
3929341,1,1,1,1,1,1,0
3929501,1,1,1,1,1,1,0
3929523,1,1,1,1,1,1,0
3929758,1,1,1,1,1,1,0
3930045,1,1,1,1,1,1,0
3930089,0,0,0,0,0,0,1
3930299,1,1,1,1,1,1,0
3930510,1,1,1,1,1,1,0
3930553,1,1,1,1,1,1,0
3930793,1,1,1,1,1,1,0
3931123,0,0,0,0,0,0,1
3931285,1,1,1,1,1,1,0
3931549,1,1,1,1,1,1,0
3931593,0,0,0,0,0,0,1
3931682,1,1,1,1,1,1,0
3931847,1,1,1,1,1,1,0
3931985,1,1,1,1,1,1,0
3932321,1,1,1,1,1,1,0
3932482,1,1,1,1,1,1,0
3932575,1,1,1,1,1,1,0
3932617,1,1,1,1,1,1,0
3933286,1,1,1,1,1,1,0
3933307,1,1,1,1,1,1,0
3933325,1,1,1,1,1,1,0
3933704,1,1,1,0,0,1,1
3933989,1,1,1,1,1,1,0
3934011,1,1,1,1,1,1,0
3934078,1,1,1,1,1,1,0
3934173,1,0,0,0,0,0,1
3934692,1,1,1,1,1,1,0
3934693,1,1,1,1,1,1,0
3934953,1,1,1,1,1,1,0
3934971,1,1,1,1,1,1,0
3935397,1,1,1,1,1,1,0
3935560,1,1,1,1,1,1,0
3935920,1,1,1,0,0,1,0
3935963,1,1,1,1,1,1,0
3936009,1,1,1,1,1,1,0
3936217,1,1,1,1,1,1,0
3936260,1,1,1,1,1,1,0
3936691,1,1,1,1,1,1,0
3936901,1,1,1,1,1,1,0
3937208,1,1,1,1,1,1,0
3937212,1,1,1,1,1,1,0
3937229,1,1,1,1,1,1,0
3937487,1,1,1,1,1,1,0
3937625,1,1,1,1,1,1,0
3937936,1,1,1,1,1,1,0
3938000,1,1,1,1,1,1,0
3938121,1,1,1,1,1,1,0
3938187,1,1,1,1,1,1,0
3938349,1,1,1,1,1,1,0
3938704,1,1,1,1,1,1,0
3938708,1,1,1,1,1,1,0
3938915,1,1,1,1,1,1,0
3938917,1,1,1,1,1,1,0
3939217,1,1,1,1,1,1,0
3939358,1,1,1,0,0,0,1
3939380,1,1,1,1,1,1,0
3939492,1,1,1,1,1,1,0
3939611,1,1,1,1,1,1,0
3939657,1,1,1,1,1,1,0
3939865,1,1,1,0,0,0,1
3940102,1,1,1,1,1,1,0
3940168,1,1,1,1,1,1,0
3940192,1,1,1,1,1,1,0
3940475,1,0,0,0,0,0,1
3940545,1,1,1,1,1,1,0
3940561,1,1,1,1,1,1,0
3940774,1,1,1,1,1,1,0
3940864,1,1,1,1,1,1,0
3941128,1,1,1,1,1,1,0
3941315,1,1,1,1,1,1,0
3941385,1,1,1,1,1,1,0
3941618,1,1,1,1,1,1,0
3941636,1,1,1,1,1,1,0
3942019,1,1,1,1,1,1,0
3942065,1,1,1,1,1,1,0
3942109,0,0,0,0,0,0,1
3942153,0,0,0,0,0,0,1
3942362,1,1,1,1,1,1,0
3942428,1,1,1,1,1,1,0
3942785,1,1,1,1,1,1,0
3942833,1,1,1,1,1,1,0
3943140,1,1,1,0,0,0,1
3943326,1,1,1,1,1,1,0
3943488,1,1,1,1,1,1,0
3943561,1,1,1,1,1,1,0
3943577,1,1,1,1,1,1,0
3943863,1,1,1,1,1,1,0
3943932,1,1,1,1,1,1,0
3944188,1,1,1,1,1,1,0
3944210,1,1,1,1,1,1,0
3944213,1,1,1,1,1,1,0
3944321,1,1,1,1,1,1,0
3944535,1,1,1,1,1,1,0
3944628,1,1,1,1,1,1,0
3944884,1,1,1,1,1,1,0
3944886,1,1,1,1,1,1,0
3944953,1,1,1,1,1,1,0
3944993,1,1,1,1,1,1,0
3945207,1,1,1,1,1,1,0
3945324,1,1,1,1,1,1,0
3945534,1,1,1,1,1,1,0
3945552,1,1,1,1,1,1,0
3945574,0,0,0,0,0,0,1
3945809,1,1,1,1,1,1,0
3945857,1,1,1,1,1,1,0
3946067,1,1,1,1,1,1,0
3946280,1,1,1,1,1,1,0
3946298,1,1,1,1,1,1,0
3946340,1,1,1,1,1,1,0
3946653,1,1,1,1,1,1,0
3946767,1,1,1,1,1,1,0
3946857,1,0,0,0,0,0,1
3946948,1,1,1,1,1,1,0
3946970,1,1,1,1,1,1,0
3947160,1,1,1,1,1,1,0
3947395,1,1,1,1,1,1,0
3947509,1,1,1,1,1,1,0
3947624,1,1,1,1,1,1,0
3947646,1,1,1,1,1,1,0
3947715,1,0,0,0,0,0,1
3947856,1,1,1,1,1,1,0
3948137,1,1,1,1,1,1,0
3948305,1,1,1,1,0,0,1
3948418,1,1,1,1,1,1,0
3948535,1,1,1,1,1,1,0
3948556,1,1,1,1,1,1,0
3948716,1,1,1,1,1,1,0
3948833,1,1,1,1,1,1,0
3948977,1,1,1,1,1,1,0
3949210,1,1,1,1,1,1,0
3949231,1,1,1,1,1,1,0
3949252,1,1,1,1,1,1,0
3949508,1,1,1,1,1,1,0
3949509,1,1,1,1,1,1,0
3949673,1,1,1,1,1,1,0
3949882,1,1,1,1,1,1,0
3949928,1,1,1,1,1,1,0
3950019,1,1,1,1,1,1,0
3950229,1,1,1,1,1,1,0
3950368,1,1,1,1,1,1,0
3950417,1,1,1,1,1,1,0
3950747,1,1,1,1,1,1,0
3950792,1,1,1,1,1,1,0
3951073,1,1,1,1,1,1,0
3951092,1,1,1,1,1,1,0
3951114,1,1,1,1,1,1,0
3951137,1,1,1,1,1,1,0
3951419,1,1,1,1,1,1,0
3951512,1,1,1,1,1,1,0
3951769,1,1,1,1,1,1,0
3951838,1,1,1,1,1,1,0
3951880,1,1,1,1,1,1,0
3951929,1,1,1,1,1,1,0
3952451,1,1,1,1,1,1,0
3952566,1,1,1,1,1,1,0
3952637,1,1,1,1,1,1,0
3952893,1,1,1,1,1,1,0
3953036,1,1,1,1,1,1,0
3953076,1,1,1,1,1,1,0
3953171,1,1,1,1,1,1,0
3953337,1,1,1,1,1,1,0
3953618,1,1,1,1,1,1,0
3954049,1,1,1,1,1,1,0
3954115,1,1,1,1,1,1,0
3954156,1,1,1,1,1,1,0
3954276,1,1,1,1,1,1,0
3954366,1,1,1,1,1,1,0
3954385,1,1,1,1,1,1,0
3954745,1,1,1,1,1,1,0
3954811,1,1,1,1,1,1,0
3954852,1,1,1,1,1,1,0
3954996,1,1,1,1,1,1,0
3955182,1,1,1,1,1,1,0
3955273,1,1,1,1,1,1,0
3955487,1,1,1,1,1,1,0
3955581,1,1,1,1,1,1,0
3955884,1,1,1,1,1,1,0
3956025,1,1,1,1,1,1,0
3956094,1,1,1,1,1,1,0
3956139,1,1,1,1,1,1,0
3956305,1,1,1,1,1,1,0
3956632,1,1,1,1,1,1,0
3956656,1,1,1,1,0,0,1
3956721,1,1,1,1,1,1,0
3956839,1,1,1,1,1,1,0
3957098,1,1,1,1,1,1,0
3957101,1,1,1,1,1,1,0
3957304,1,1,1,1,1,1,0
3957424,1,1,1,1,1,1,0
3957441,1,1,1,1,1,1,0
3957487,1,1,1,1,1,1,0
3957773,1,1,1,1,1,1,0
3957790,1,1,1,1,1,1,0
3958100,1,1,1,1,1,1,0
3958165,1,1,1,1,1,1,0
3958187,1,1,1,1,1,1,0
3958276,1,1,1,1,1,1,0
3958490,1,1,1,1,1,1,0
3958917,1,1,1,1,1,1,0
3958939,1,0,0,0,0,0,1
3959198,1,1,1,1,1,1,0
3959317,1,1,1,1,1,1,0
3960029,1,1,1,1,1,1,0
3960243,1,1,1,0,0,1,1
3960409,1,1,1,0,0,0,1
3960498,1,1,1,1,1,1,0
3960757,1,1,1,1,1,1,0
3960923,1,1,1,1,1,1,0
3961209,1,1,1,1,1,1,0
3961393,1,1,1,1,1,1,0
3961895,1,1,1,1,1,1,0
3961897,1,1,1,1,1,1,0
3962053,1,1,1,1,1,1,0
3962533,1,1,1,1,1,1,0
3962861,1,1,1,1,1,1,0
3963221,1,1,1,1,1,1,0
3963789,1,1,1,1,1,1,0
3964005,1,1,1,1,1,1,0
3964359,1,1,1,1,0,0,1
3964665,1,1,1,1,1,1,0
3965167,1,1,1,1,1,1,0
3965212,1,1,1,0,0,1,0
3965396,1,1,1,0,0,1,0
3965397,1,1,1,1,1,1,0
3965847,1,1,1,1,1,1,0
3965892,1,1,1,1,1,1,0
3966077,1,1,1,1,1,1,0
3966336,1,1,1,1,1,1,0
3966624,1,1,1,1,1,1,0
3966811,1,1,1,1,1,1,0
3966855,0,0,0,0,0,0,1
3967184,1,1,1,1,1,1,0
3967277,1,1,1,0,0,1,1
3967587,1,1,1,1,1,1,0
3967606,1,1,0,0,0,1,0
3967916,1,1,1,1,0,1,1
3967981,1,1,1,1,1,1,0
3968291,1,1,1,1,1,1,0
3968598,1,1,1,1,1,1,0
3968833,1,1,1,1,1,1,0
3968951,1,0,0,0,0,0,1
3969258,1,1,1,1,1,1,0
3969260,1,1,1,0,0,1,1
3969298,0,0,0,0,0,0,1
3969581,1,1,1,1,1,1,0
3970060,1,1,1,1,1,1,0
3970127,1,1,1,1,1,1,0
3970937,1,1,1,1,1,1,0
3971105,1,1,1,0,0,1,0
3971508,1,1,1,0,0,1,1
3971573,1,1,1,0,0,0,1
3972217,1,1,1,1,1,1,0
3972220,1,1,1,1,1,1,0
3972905,1,1,1,1,1,1,0
3973048,1,1,1,1,1,1,0
3973328,1,1,1,0,0,1,1
3973589,1,1,1,1,1,1,0
3973876,1,1,1,1,1,1,0
3974132,1,1,1,1,1,1,0
3974321,1,1,1,1,1,1,0
3974584,1,1,1,1,1,1,0
3974984,1,1,1,1,1,1,0
3975005,1,1,1,1,1,1,0
3975292,1,1,1,1,1,1,0
3975621,1,1,1,1,1,1,0
3975664,1,1,1,1,1,1,0
3975976,1,1,1,1,1,1,0
3976377,1,1,1,1,1,1,0
3976379,1,1,1,0,0,1,1
3976417,0,0,0,0,0,0,1
3976418,1,1,1,0,0,1,0
3976724,1,1,1,1,1,1,0
3977103,1,1,1,1,1,1,0
3977121,1,1,1,1,1,1,0
3977122,1,1,1,1,1,1,0
3977140,1,0,0,0,0,0,1
3977158,0,0,0,0,0,0,1
3977827,1,1,1,1,1,1,0
3977848,1,1,1,1,1,1,0
3977986,1,1,1,1,1,1,0
3978201,1,1,1,0,0,1,0
3978508,1,1,1,1,1,1,0
3978647,1,1,1,1,1,1,0
3978666,1,1,1,1,1,1,0
3978857,1,1,1,1,1,1,0
3978901,0,0,0,0,0,0,1
3979184,1,1,1,1,1,1,0
3979370,1,1,1,1,1,1,0
3979371,1,1,1,1,1,1,0
3979557,1,1,1,1,1,1,0
3979693,1,1,1,1,0,0,1
3979978,1,0,0,0,0,0,1
3980024,1,1,1,1,1,1,0
3980187,1,1,1,1,1,1,0
3980209,1,1,1,1,1,1,0
3980393,1,1,1,1,1,1,0
3980654,1,1,1,1,1,1,0
3980868,1,1,1,1,1,1,0
3980911,1,1,1,1,1,1,0
3980933,1,1,1,1,1,1,0
3981093,1,1,1,1,1,1,0
3981450,1,1,1,1,1,1,0
3981544,1,1,1,1,1,1,0
3981587,1,1,1,1,1,1,0
3981609,1,1,1,1,1,1,0
3981721,1,1,1,1,1,1,0
3982174,1,1,1,1,1,1,0
3982196,1,1,1,1,1,1,0
3982311,1,1,1,1,1,1,0
3982313,1,1,1,1,1,1,0
3982421,1,1,1,1,1,1,0
3982465,0,0,0,0,0,0,1
3982700,1,1,1,0,0,1,0
3982842,1,1,1,1,1,1,0
3982984,1,1,1,1,1,1,0
3983099,1,1,1,1,1,1,0
3983101,1,1,1,1,1,1,0
3983137,1,1,1,1,1,1,0
3983372,1,1,1,1,1,1,0
3983610,1,1,1,1,1,1,0
3983775,1,1,1,1,1,1,0
3983776,1,1,1,1,1,1,0
3983865,1,1,1,1,1,1,0
3983977,1,1,1,1,1,1,0
3984116,1,1,1,1,1,1,0
3984378,1,1,1,1,1,1,0
3984424,1,1,1,1,1,1,0
3984637,1,1,1,1,1,1,0
3984749,1,1,1,1,1,1,0
3984864,1,1,1,1,1,1,0
3984887,1,1,1,1,1,1,0
3985100,1,1,1,1,1,1,0
3985118,1,1,1,1,1,1,0
3985429,1,1,1,1,1,1,0
3985445,1,1,1,1,1,1,0
3985536,1,1,1,1,1,1,0
3985775,1,1,1,1,1,1,0
3986109,1,1,1,1,1,1,0
3986149,1,1,1,1,1,1,0
3986171,1,0,0,0,0,0,1
3986216,1,1,1,1,1,1,0
3986280,1,1,1,1,1,1,0
3986518,1,1,1,1,1,1,0
3986805,1,1,1,1,1,1,0
3986845,1,1,1,1,1,1,0
3986915,1,1,1,1,1,1,0
3986984,1,1,1,1,1,1,0
3987024,1,1,1,1,1,1,0
3987068,0,0,0,0,0,0,1
3987234,1,1,1,1,1,1,0
3987521,1,1,1,1,1,1,0
3987585,1,1,1,1,1,1,0
3987680,1,1,1,1,1,1,0
3987744,1,1,1,1,1,1,0
3987934,1,1,1,1,1,1,0
3988361,1,1,1,1,1,1,0
3988432,1,1,1,1,1,1,0
3988453,1,1,1,1,1,1,0
3988588,1,1,1,1,1,1,0
3988682,1,1,1,1,1,1,0
3989185,1,1,1,1,1,1,0
3989201,1,1,1,1,1,1,0
3989316,1,1,1,1,1,1,0
3989410,1,1,1,1,1,1,0
3989889,1,1,1,1,0,0,1
3990001,1,1,1,1,1,1,0
3990020,1,1,1,1,1,1,0
3990114,1,1,1,1,1,1,0
3990641,1,1,1,1,1,1,0
3990705,1,1,1,1,1,1,0
3990844,1,1,1,1,1,1,0
3990914,1,1,1,1,1,1,0
3991369,1,1,1,1,1,1,0
3991553,1,1,1,1,1,1,0
3991646,1,1,1,1,1,1,0
3991688,1,1,1,1,1,1,0
3991857,1,0,0,0,0,0,1
3992305,1,1,1,1,1,1,0
3992398,1,1,1,1,1,1,0
3992440,1,1,1,1,1,1,0
3992633,1,1,1,1,1,1,0
3992819,1,1,1,0,0,1,1
3993029,1,1,1,1,1,1,0
3993098,1,1,1,1,1,1,0
3993140,1,1,1,1,1,1,0
3993357,1,1,1,1,1,1,0
3993567,1,1,1,1,1,1,0
3993826,1,1,1,1,1,1,0
3993868,1,1,1,1,1,1,0
3994085,1,1,1,1,1,1,0
3994391,1,1,1,1,1,1,0
3994578,1,1,1,1,1,1,0
3994620,1,1,1,1,1,1,0
3994789,1,1,1,1,1,1,0
3995095,1,1,1,1,1,1,0
3995282,1,1,1,1,1,1,0
3995420,1,1,1,1,1,1,0
3995492,1,1,1,1,0,0,0
3995537,1,1,1,1,1,1,0
3995626,1,0,0,0,0,0,1
3995839,1,1,1,1,1,1,0
3995883,0,0,0,0,0,0,1
3996116,1,1,1,1,1,1,0
3996260,1,1,1,1,1,1,0
3996353,1,1,1,1,1,1,0
3996370,1,1,1,1,1,1,0
3996679,1,1,1,1,1,1,0
3996840,1,1,1,1,1,1,0
3996960,1,1,1,1,1,1,0
3997101,1,1,1,1,1,1,0
3997142,1,1,1,1,1,1,0
3997664,1,1,1,1,1,1,0
3997808,1,1,1,1,1,1,0
3997875,1,1,1,1,1,1,0
3997894,1,1,1,1,1,1,0
3997917,1,1,1,1,1,1,0
3998412,1,1,1,1,1,1,0
3998532,1,1,1,1,1,1,0
3998623,1,1,1,1,1,1,0
3998642,1,1,1,1,1,1,0
3998689,1,1,1,1,1,1,0
3999112,1,1,1,1,1,1,0
3999280,1,1,1,1,1,1,0
3999347,1,1,1,1,1,1,0
3999414,1,1,1,1,1,1,0
3999437,1,1,1,1,1,1,0
3999884,1,1,1,1,1,1,0
4000004,1,1,1,1,1,1,0
