step,picked,placed_v2,farside,slide_event,home,nested_v2,tipped
5285,0,0,0,0,0,0,1
5373,0,0,0,0,0,0,1
7192,0,0,0,0,0,0,0
7194,0,0,0,0,0,0,0
7195,0,0,0,0,0,0,0
7196,0,0,0,0,0,0,0
7923,0,0,0,0,0,0,1
12481,0,0,0,0,0,0,0
12569,0,0,0,0,0,0,0
14388,0,0,0,0,0,0,0
14390,0,0,0,0,0,0,0
14392,0,0,0,0,0,0,0
15123,0,0,0,0,0,0,0
19681,0,0,0,0,0,0,0
19769,0,0,0,0,0,0,0
21588,0,0,0,0,0,0,0
21590,0,0,0,0,0,0,0
21592,0,0,0,0,0,0,0
22108,0,0,0,0,0,0,1
22319,0,0,0,0,0,0,0
26877,0,0,0,0,0,0,0
26965,0,0,0,0,0,0,0
27585,0,0,0,0,0,0,1
28780,0,0,0,0,0,0,0
28782,0,0,0,0,0,0,0
29304,0,0,0,0,0,0,0
29515,0,0,0,0,0,0,0
34073,0,0,0,0,0,0,0
34785,0,0,0,0,0,0,0
35069,0,0,0,0,0,0,1
35857,0,0,0,0,0,0,1
35972,0,0,0,0,0,0,0
35974,0,0,0,0,0,0,0
36496,0,0,0,0,0,0,0
36707,0,0,0,0,0,0,0
41265,0,0,0,0,0,0,0
43057,0,0,0,0,0,0,0
43172,0,0,0,0,0,0,0
43174,0,0,0,0,0,0,0
43649,0,0,0,0,0,0,1
43692,0,0,0,0,0,0,0
43903,0,0,0,0,0,0,0
50257,0,0,0,0,0,0,0
50372,0,0,0,0,0,0,0
50374,0,0,0,0,0,0,0
50849,0,0,0,0,0,0,0
50892,0,0,0,0,0,0,0
51103,0,0,0,0,0,0,0
56208,0,0,0,0,0,0,1
57453,0,0,0,0,0,0,0
57570,0,0,0,0,0,0,0
58049,0,0,0,0,0,0,0
58092,0,0,0,0,0,0,0
58303,0,0,0,0,0,0,0
63408,0,0,0,0,0,0,0
64004,1,0,0,0,0,0,1
64649,0,0,0,0,0,0,0
64766,0,0,0,0,0,0,0
65245,0,0,0,0,0,0,0
65284,1,0,0,0,0,0,1
65288,0,0,0,0,0,0,0
65495,0,0,0,0,0,0,0
66955,0,0,0,0,0,0,1
71845,0,0,0,0,0,0,0
71962,0,0,0,0,0,0,0
72441,0,0,0,0,0,0,0
72480,0,0,0,0,0,0,0
72484,0,0,0,0,0,0,0
72524,0,0,0,0,0,0,1
73140,0,0,0,0,0,0,1
74147,0,0,0,0,0,0,0
79016,0,0,0,0,0,0,1
79033,0,0,0,0,0,0,0
79150,0,0,0,0,0,0,0
79629,0,0,0,0,0,0,0
80340,0,0,0,0,0,0,0
81347,0,0,0,0,0,0,0
81366,0,0,0,0,0,0,1
86212,0,0,0,0,0,0,0
86229,0,0,0,0,0,0,0
86829,0,0,0,0,0,0,0
87540,0,0,0,0,0,0,0
88547,0,0,0,0,0,0,0
88566,0,0,0,0,0,0,0
93412,0,0,0,0,0,0,0
93429,0,0,0,0,0,0,0
94029,0,0,0,0,0,0,0
94740,0,0,0,0,0,0,0
95747,0,0,0,0,0,0,0
95766,0,0,0,0,0,0,0
97249,0,0,0,0,0,0,1
98926,0,0,0,0,0,0,1
100604,0,0,0,0,0,0,0
100985,0,0,0,0,0,0,1
101820,1,0,0,0,0,0,1
101932,0,0,0,0,0,0,0
102939,0,0,0,0,0,0,0
104065,1,0,0,0,0,0,1
104109,0,0,0,0,0,0,1
104437,0,0,0,0,0,0,0
106114,0,0,0,0,0,0,0
106375,0,0,0,0,0,0,1
109012,0,0,0,0,0,0,0
109124,0,0,0,0,0,0,0
111309,0,0,0,0,0,0,0
111637,0,0,0,0,0,0,0
112856,0,0,0,0,0,0,1
112949,0,0,0,0,0,0,1
113117,0,0,0,0,0,0,1
113302,0,0,0,0,0,0,0
113563,0,0,0,0,0,0,0
115308,0,0,0,0,0,0,1
116196,0,0,0,0,0,0,0
118374,0,0,0,0,0,0,1
120145,0,0,0,0,0,0,0
120313,0,0,0,0,0,0,0
120376,0,0,0,0,0,0,1
120759,0,0,0,0,0,0,0
123396,0,0,0,0,0,0,0
125574,0,0,0,0,0,0,0
126914,0,0,0,0,0,0,1
127341,0,0,0,0,0,0,0
127509,0,0,0,0,0,0,0
127572,0,0,0,0,0,0,0
127955,1,1,1,0,0,0,0
130592,0,0,0,0,0,0,0
131357,0,0,0,0,0,0,1
134110,0,0,0,0,0,0,0
134537,0,0,0,0,0,0,0
134772,0,0,0,0,0,0,0
135155,0,0,0,0,0,0,0
137792,0,0,0,0,0,0,0
138557,0,0,0,0,0,0,0
141310,0,0,0,0,0,0,0
141737,0,0,0,0,0,0,0
141972,0,0,0,0,0,0,0
142069,0,0,0,0,0,0,1
142351,0,0,0,0,0,0,0
142393,0,0,0,0,0,0,1
143401,0,0,0,0,0,0,1
143947,0,0,0,0,0,0,1
144976,0,0,0,0,0,0,0
148498,0,0,0,0,0,0,0
148665,0,0,0,0,0,0,1
149160,0,0,0,0,0,0,0
149589,1,0,0,0,0,0,0
151147,0,0,0,0,0,0,0
152033,0,0,0,0,0,0,1
152172,0,0,0,0,0,0,0
153676,0,0,0,0,0,0,1
155690,0,0,0,0,0,0,0
156789,0,0,0,0,0,0,0
158347,0,0,0,0,0,0,0
159233,0,0,0,0,0,0,0
159372,0,0,0,0,0,0,0
160876,0,0,0,0,0,0,0
162890,0,0,0,0,0,0,0
163989,0,0,0,0,0,0,0
165547,0,0,0,0,0,0,0
166433,0,0,0,0,0,0,0
166572,0,0,0,0,0,0,0
167721,0,0,0,0,0,0,1
168072,0,0,0,0,0,0,0
170086,0,0,0,0,0,0,0
170706,0,0,0,0,0,0,1
171181,0,0,0,0,0,0,0
172739,0,0,0,0,0,0,0
173768,0,0,0,0,0,0,0
174917,0,0,0,0,0,0,0
175268,0,0,0,0,0,0,0
176681,0,0,0,0,0,0,1
177902,0,0,0,0,0,0,0
177992,0,0,0,0,0,0,1
178684,0,0,0,0,0,0,1
179355,1,0,0,0,0,0,1
180142,0,0,0,0,0,0,1
180956,0,0,0,0,0,0,0
181575,1,0,0,0,0,0,1
182101,0,0,0,0,0,0,0
182286,1,0,0,0,0,0,1
182689,0,0,0,0,0,0,1
184080,1,0,0,0,0,0,1
185872,0,0,0,0,0,0,0
188775,0,0,0,0,0,0,0
189301,0,0,0,0,0,0,0
189486,0,0,0,0,0,0,0
189889,0,0,0,0,0,0,0
190821,0,0,0,0,0,0,1
191276,0,0,0,0,0,0,0
193068,0,0,0,0,0,0,0
195971,0,0,0,0,0,0,0
196497,0,0,0,0,0,0,0
196682,0,0,0,0,0,0,0
198021,0,0,0,0,0,0,0
198476,0,0,0,0,0,0,0
200268,0,0,0,0,0,0,0
200603,0,0,0,0,0,0,1
200984,0,0,0,0,0,0,1
202804,0,0,0,0,0,0,1
203689,0,0,0,0,0,0,0
203874,0,0,0,0,0,0,0
204374,0,0,0,0,0,0,1
205209,0,0,0,0,0,0,0
207460,0,0,0,0,0,0,0
207795,0,0,0,0,0,0,0
208945,0,0,0,0,0,0,1
209996,0,0,0,0,0,0,0
211574,0,0,0,0,0,0,0
212409,0,0,0,0,0,0,0
214660,0,0,0,0,0,0,0
214995,0,0,0,0,0,0,0
215638,0,0,0,0,0,0,1
216141,0,0,0,0,0,0,0
217192,0,0,0,0,0,0,0
218533,1,0,0,0,0,0,1
219605,0,0,0,0,0,0,0
219725,0,0,0,0,0,0,1
220511,1,0,0,0,0,0,1
221848,0,0,0,0,0,0,0
222830,0,0,0,0,0,0,0
223089,0,0,0,0,0,0,1
224384,0,0,0,0,0,0,0
226925,0,0,0,0,0,0,0
227711,1,0,0,0,0,0,0
229048,0,0,0,0,0,0,0
230030,0,0,0,0,0,0,0
230125,1,0,0,0,0,0,1
230285,0,0,0,0,0,0,0
231580,0,0,0,0,0,0,0
231841,0,0,0,0,0,0,1
232145,1,0,0,0,0,0,1
232694,1,0,0,0,0,0,1
233529,1,0,0,0,0,0,1
234895,0,0,0,0,0,0,0
236232,0,0,0,0,0,0,0
238776,1,1,1,0,0,0,0
239037,0,0,0,0,0,0,0
239894,0,0,0,0,0,0,0
239938,0,0,0,0,0,0,1
240725,0,0,0,0,0,0,0
242091,0,0,0,0,0,0,0
243428,0,0,0,0,0,0,0
245972,0,0,0,0,0,0,0
246233,0,0,0,0,0,0,0
246416,0,0,0,0,0,0,1
247134,0,0,0,0,0,0,0
247349,0,0,0,0,0,0,1
247917,0,0,0,0,0,0,0
249283,0,0,0,0,0,0,0
253168,0,0,0,0,0,0,0
253616,0,0,0,0,0,0,0
253664,0,0,0,0,0,0,1
253731,0,0,0,0,0,0,1
254326,0,0,0,0,0,0,0
254541,0,0,0,0,0,0,0
254894,0,0,0,0,0,0,1
255105,0,0,0,0,0,0,0
260812,0,0,0,0,0,0,0
260860,0,0,0,0,0,0,0
260927,0,0,0,0,0,0,0
261741,0,0,0,0,0,0,0
262094,0,0,0,0,0,0,0
262305,0,0,0,0,0,0,0
262781,0,0,0,0,0,0,1
263931,1,0,0,0,0,0,1
263975,0,0,0,0,0,0,1
264378,1,0,0,0,0,0,1
264493,1,0,0,0,0,0,1
265763,1,0,0,0,0,0,1
266886,1,0,0,0,0,0,1
267984,0,0,0,0,0,0,0
268028,0,0,0,0,0,0,1
268032,0,0,0,0,0,0,0
268335,1,0,0,0,0,0,1
268544,0,0,0,0,0,0,1
268905,0,0,0,0,0,0,0
269763,0,0,0,0,0,0,1
270118,1,0,0,0,0,0,1
271673,0,0,0,0,0,0,0
275224,0,0,0,0,0,0,0
275744,0,0,0,0,0,0,0
276105,0,0,0,0,0,0,0
276963,0,0,0,0,0,0,0
277318,0,0,0,0,0,0,0
277556,0,0,0,0,0,0,1
277599,0,0,0,0,0,0,1
278865,0,0,0,0,0,0,0
281743,0,0,0,0,0,0,1
282936,0,0,0,0,0,0,0
283297,0,0,0,0,0,0,0
284514,0,0,0,0,0,0,0
284752,0,0,0,0,0,0,0
285274,0,0,0,0,0,0,1
286061,0,0,0,0,0,0,0
288939,0,0,0,0,0,0,0
290132,0,0,0,0,0,0,0
290468,0,0,0,0,0,0,1
290489,0,0,0,0,0,0,0
291084,0,0,0,0,0,0,1
292304,0,0,0,0,0,0,1
292466,0,0,0,0,0,0,0
293253,0,0,0,0,0,0,0
296013,0,0,0,0,0,0,1
296127,0,0,0,0,0,0,0
297320,0,0,0,0,0,0,0
297364,0,0,0,0,0,0,1
299500,0,0,0,0,0,0,0
299662,0,0,0,0,0,0,0
300449,0,0,0,0,0,0,0
303209,0,0,0,0,0,0,0
303323,0,0,0,0,0,0,0
303801,0,0,0,0,0,0,1
304560,0,0,0,0,0,0,0
306696,0,0,0,0,0,0,0
306858,0,0,0,0,0,0,0
307645,0,0,0,0,0,0,0
309416,0,0,0,0,0,0,1
310519,0,0,0,0,0,0,0
310637,0,0,0,0,0,0,1
311900,1,0,0,0,0,0,1
312093,0,0,0,0,0,0,1
312567,0,0,0,0,0,0,1
313884,0,0,0,0,0,0,0
314046,0,0,0,0,0,0,0
314165,1,0,0,0,0,0,1
314829,0,0,0,0,0,0,0
315789,1,0,0,0,0,0,1
318039,1,0,0,0,0,0,1
319088,0,0,0,0,0,0,0
319544,0,0,0,0,0,0,1
321242,0,0,0,0,0,0,0
322029,0,0,0,0,0,0,0
322989,0,0,0,0,0,0,0
325239,0,0,0,0,0,0,0
325285,0,0,0,0,0,0,1
325421,0,0,0,0,0,0,1
326117,0,0,0,0,0,0,1
326276,0,0,0,0,0,0,0
326732,0,0,0,0,0,0,0
326968,0,0,0,0,0,0,1
327105,1,0,0,0,0,0,1
328422,0,0,0,0,0,0,0
332427,0,0,0,0,0,0,0
333313,0,0,0,0,0,0,0
333472,0,0,0,0,0,0,0
334168,0,0,0,0,0,0,0
334305,0,0,0,0,0,0,0
334516,0,0,0,0,0,0,1
335618,0,0,0,0,0,0,0
339623,0,0,0,0,0,0,0
340509,0,0,0,0,0,0,0
341368,0,0,0,0,0,0,0
341505,0,0,0,0,0,0,0
341716,0,0,0,0,0,0,0
342818,0,0,0,0,0,0,0
343414,0,0,0,0,0,0,1
346819,0,0,0,0,0,0,0
347705,0,0,0,0,0,0,0
348564,0,0,0,0,0,0,0
348701,0,0,0,0,0,0,0
348912,0,0,0,0,0,0,0
348956,0,0,0,0,0,0,1
350610,0,0,0,0,0,0,0
354015,0,0,0,0,0,0,0
354901,0,0,0,0,0,0,0
355760,0,0,0,0,0,0,0
355897,0,0,0,0,0,0,0
356156,0,0,0,0,0,0,0
357549,0,0,0,0,0,0,1
357806,0,0,0,0,0,0,0
359315,1,0,0,0,0,0,1
360247,0,0,0,0,0,0,1
361419,0,0,0,0,0,0,1
361654,1,0,0,0,0,0,1
361677,1,0,0,0,0,0,1
362724,0,0,0,0,0,0,1
362940,0,0,0,0,0,0,0
363077,1,0,0,0,0,0,0
365333,0,0,0,0,0,0,1
366548,0,0,0,0,0,0,1
368515,0,0,0,0,0,0,1
368846,0,0,0,0,0,0,0
369636,0,0,0,0,0,0,1
369844,0,0,0,0,0,0,1
370273,0,0,0,0,0,0,0
370897,0,0,0,0,0,0,1
372473,0,0,0,0,0,0,1
373865,0,0,0,0,0,0,1
375707,0,0,0,0,0,0,0
376038,0,0,0,0,0,0,0
376828,0,0,0,0,0,0,0
377036,0,0,0,0,0,0,0
377659,0,0,0,0,0,0,1
379669,0,0,0,0,0,0,0
380939,1,0,0,0,0,0,1
381057,0,0,0,0,0,0,0
381744,1,0,0,0,0,0,1
381864,0,0,0,0,0,0,1
382192,0,0,0,0,0,0,1
383222,0,0,0,0,0,0,0
385451,0,0,0,0,0,0,1
386861,0,0,0,0,0,0,0
387963,1,0,0,0,0,0,1
388249,0,0,0,0,0,0,0
389060,0,0,0,0,0,0,0
389388,0,0,0,0,0,0,0
390418,0,0,0,0,0,0,0
390921,0,0,0,0,0,0,1
391369,1,0,0,0,0,0,1
393188,1,0,0,0,0,0,1
394148,1,0,0,0,0,0,1
395081,1,0,0,0,0,0,1
395147,0,0,0,0,0,0,0
395670,0,0,0,0,0,0,1
398569,0,0,0,0,0,0,0
400388,0,0,0,0,0,0,0
401348,0,0,0,0,0,0,0
402281,0,0,0,0,0,0,0
402347,0,0,0,0,0,0,0
402391,0,0,0,0,0,0,1
402744,0,0,0,0,0,0,1
402862,0,0,0,0,0,0,0
404853,0,0,0,0,0,0,1
405159,0,0,0,0,0,0,1
405753,0,0,0,0,0,0,0
408536,0,0,0,0,0,0,0
409563,1,0,0,0,0,0,1
409940,0,0,0,0,0,0,0
410058,0,0,0,0,0,0,0
411948,1,0,0,0,0,0,1
411994,0,0,0,0,0,0,1
412041,0,0,0,0,0,0,0
412704,0,0,0,0,0,0,1
412941,0,0,0,0,0,0,0
415530,0,0,0,0,0,0,1
415720,0,0,0,0,0,0,0
416747,0,0,0,0,0,0,0
419241,0,0,0,0,0,0,0
419904,0,0,0,0,0,0,0
420141,0,0,0,0,0,0,0
420857,0,0,0,0,0,0,1
421001,0,0,0,0,0,0,1
421040,0,0,0,0,0,0,1
422693,0,0,0,0,0,0,1
422714,0,0,0,0,0,0,0
422733,0,0,0,0,0,0,1
422900,0,0,0,0,0,0,0
423927,0,0,0,0,0,0,0
428197,0,0,0,0,0,0,0
428236,0,0,0,0,0,0,0
428241,0,0,0,0,0,0,1
429910,0,0,0,0,0,0,0
429929,0,0,0,0,0,0,0
430096,0,0,0,0,0,0,0
430644,0,0,0,0,0,0,1
431119,0,0,0,0,0,0,0
431163,0,0,0,0,0,0,1
431901,0,0,0,0,0,0,1
433769,0,0,0,0,0,0,1
435420,0,0,0,0,0,0,0
435425,0,0,0,0,0,0,0
437094,0,0,0,0,0,0,0
437357,1,0,0,0,0,0,1
437832,0,0,0,0,0,0,0
438281,1,0,0,0,0,0,1
438351,1,0,0,0,0,0,0
442616,0,0,0,0,0,0,0
444294,0,0,0,0,0,0,0
444557,0,0,0,0,0,0,0
445032,0,0,0,0,0,0,0
445481,0,0,0,0,0,0,0
445551,0,0,0,0,0,0,0
447492,1,0,0,0,0,0,1
447536,0,0,0,0,0,0,1
449644,0,0,0,0,0,0,1
449804,0,0,0,0,0,0,0
449806,1,0,0,0,0,0,1
451745,0,0,0,0,0,0,0
452220,1,0,0,0,0,0,1
452669,0,0,0,0,0,0,0
452739,1,1,0,0,0,0,0
452902,1,0,0,0,0,0,1
453284,0,0,0,0,0,0,1
454334,1,0,0,0,0,0,1
455747,0,0,0,0,0,0,1
456988,0,0,0,0,0,0,0
458931,0,0,0,0,0,0,1
458933,0,0,0,0,0,0,0
459857,0,0,0,0,0,0,0
459927,0,0,0,0,0,0,1
460476,0,0,0,0,0,0,0
461526,0,0,0,0,0,0,0
461619,1,0,0,0,0,0,1
461976,0,0,0,0,0,0,1
462857,1,0,0,0,0,0,1
464172,0,0,0,0,0,0,0
464481,0,0,0,0,0,0,1
465080,0,0,0,0,0,0,1
465648,1,0,0,0,0,0,1
465862,1,1,1,1,1,1,0
466101,0,0,0,0,0,0,0
467294,1,0,0,0,0,0,1
467385,0,0,0,0,0,0,1
467524,1,0,0,0,0,0,1
468795,0,0,0,0,0,0,0
469773,1,0,0,0,0,0,1
470756,0,0,0,0,0,0,1
471182,0,0,0,0,0,0,1
473293,0,0,0,0,0,0,0
474197,1,0,0,0,0,0,1
474720,0,0,0,0,0,0,0
474912,0,0,0,0,0,0,1
475722,0,0,0,0,0,0,1
475983,0,0,0,0,0,0,0
476027,0,0,0,0,0,0,1
477823,1,0,0,0,0,0,1
478248,1,0,0,0,0,0,1
478462,1,0,0,0,0,0,1
480477,0,0,0,0,0,0,0
480974,1,0,0,0,0,0,1
481377,0,0,0,0,0,0,0
482096,1,1,0,0,0,0,0
485019,0,0,0,0,0,0,0
485089,1,0,0,0,0,0,1
485348,1,0,0,0,0,0,1
485436,1,1,1,0,0,0,0
486394,1,0,0,0,0,0,1
488573,0,0,0,0,0,0,0
489243,1,0,0,0,0,0,1
491927,0,0,0,0,0,0,1
492285,0,0,0,0,0,0,0
492544,0,0,0,0,0,0,0
492632,0,0,0,0,0,0,0
493543,1,0,0,0,0,0,1
493586,0,0,0,0,0,0,0
495765,0,0,0,0,0,0,0
499485,0,0,0,0,0,0,0
499744,0,0,0,0,0,0,0
499832,1,0,0,0,0,0,0
500743,0,0,0,0,0,0,0
500786,0,0,0,0,0,0,0
500809,1,0,0,0,0,0,1
502216,0,0,0,0,0,0,1
502957,0,0,0,0,0,0,0
503000,0,0,0,0,0,0,1
504225,0,0,0,0,0,0,1
505541,1,0,0,0,0,0,1
505773,0,0,0,0,0,0,1
506059,0,0,0,0,0,0,1
506920,0,0,0,0,0,0,0
507250,0,0,0,0,0,0,1
508137,1,0,0,0,0,0,1
508660,1,0,0,0,0,0,1
508822,1,0,0,0,0,0,1
509829,1,0,0,0,0,0,1
510160,1,0,0,0,0,0,1
510176,0,0,0,0,0,0,0
511376,1,0,0,0,0,0,1
511901,0,0,0,0,0,0,1
512904,0,0,0,0,0,0,1
512945,0,0,0,0,0,0,0
513231,0,0,0,0,0,0,0
513778,0,0,0,0,0,0,1
514401,0,0,0,0,0,0,1
514587,0,0,0,0,0,0,1
514943,0,0,0,0,0,0,1
515037,0,0,0,0,0,0,1
515631,0,0,0,0,0,0,1
516180,0,0,0,0,0,0,1
517109,0,0,0,0,0,0,1
517344,0,0,0,0,0,0,0
517392,0,0,0,0,0,0,1
517840,0,0,0,0,0,0,1
518101,0,0,0,0,0,0,1
520954,0,0,0,0,0,0,0
522225,0,0,0,0,0,0,0
522819,0,0,0,0,0,0,0
522863,0,0,0,0,0,0,1
523749,0,0,0,0,0,0,1
524584,0,0,0,0,0,0,0
525032,0,0,0,0,0,0,0
525293,0,0,0,0,0,0,0
526442,0,0,0,0,0,0,1
527182,0,0,0,0,0,0,1
527944,0,0,0,0,0,0,1
527946,0,0,0,0,0,0,1
528704,0,0,0,0,0,0,1
528917,0,0,0,0,0,0,1
529010,0,0,0,0,0,0,1
530039,0,0,0,0,0,0,0
530925,0,0,0,0,0,0,0
531592,0,0,0,0,0,0,1
534778,0,0,0,0,0,0,1
535900,0,0,0,0,0,0,0
536113,0,0,0,0,0,0,0
537239,0,0,0,0,0,0,0
538125,0,0,0,0,0,0,0
538792,0,0,0,0,0,0,0
540203,1,0,0,0,0,0,1
541974,0,0,0,0,0,0,0
543096,0,0,0,0,0,0,0
543309,0,0,0,0,0,0,0
545325,0,0,0,0,0,0,0
545729,0,0,0,0,0,0,1
545988,0,0,0,0,0,0,0
547206,0,0,0,0,0,0,1
547395,0,0,0,0,0,0,0
549479,0,0,0,0,0,0,1
549931,0,0,0,0,0,0,1
550284,0,0,0,0,0,0,0
550497,0,0,0,0,0,0,0
551669,0,0,0,0,0,0,1
552748,0,0,0,0,0,0,1
552913,0,0,0,0,0,0,0
552954,0,0,0,0,0,0,1
554273,0,0,0,0,0,0,1
554818,0,0,0,0,0,0,1
554983,0,0,0,0,0,0,1
555411,0,0,0,0,0,0,1
556318,0,0,0,0,0,0,1
556483,0,0,0,0,0,0,1
556911,0,0,0,0,0,0,1
557362,0,0,0,0,0,0,1
557383,0,0,0,0,0,0,1
557448,0,0,0,0,0,0,0
557900,0,0,0,0,0,0,1
558547,0,0,0,0,0,0,1
558829,0,0,0,0,0,0,0
558873,0,0,0,0,0,0,1
559903,0,0,0,0,0,0,1
559904,0,0,0,0,0,0,0
560468,0,0,0,0,0,0,1
560611,0,0,0,0,0,0,1
561425,0,0,0,0,0,0,0
561516,0,0,0,0,0,0,1
563265,0,0,0,0,0,0,1
564528,0,0,0,0,0,0,1
564530,0,0,0,0,0,0,0
566057,0,0,0,0,0,0,0
567733,1,0,0,0,0,0,1
567803,1,0,0,0,0,0,0
568712,0,0,0,0,0,0,0
570461,0,0,0,0,0,0,0
571295,0,0,0,0,0,0,1
571720,0,0,0,0,0,0,0
571722,0,0,0,0,0,0,0
573082,0,0,0,0,0,0,1
573700,1,0,0,0,0,0,1
574034,0,0,0,0,0,0,1
574917,0,0,0,0,0,0,0
575900,0,0,0,0,0,0,0
577649,0,0,0,0,0,0,0
578483,0,0,0,0,0,0,0
580900,0,0,0,0,0,0,0
581234,0,0,0,0,0,0,0
581733,1,1,1,0,0,0,1
582452,1,0,0,0,0,0,1
583095,1,0,0,0,0,0,1
584845,0,0,0,0,0,0,0
586496,0,0,0,0,0,0,1
588096,0,0,0,0,0,0,0
588430,0,0,0,0,0,0,0
588692,0,0,0,0,0,0,1
588925,0,0,0,0,0,0,0
589088,0,0,0,0,0,0,1
590287,0,0,0,0,0,0,0
592037,0,0,0,0,0,0,0
594572,0,0,0,0,0,0,1
594858,0,0,0,0,0,0,1
595888,0,0,0,0,0,0,0
596053,0,0,0,0,0,0,1
596117,0,0,0,0,0,0,0
597360,1,0,0,0,0,0,1
597479,0,0,0,0,0,0,0
597741,0,0,0,0,0,0,1
598789,1,0,0,0,0,0,1
600061,0,0,0,0,0,0,1
602046,0,0,0,0,0,0,0
602595,1,0,0,0,0,0,1
603072,0,0,0,0,0,0,0
604552,0,0,0,0,0,0,0
605270,0,0,0,0,0,0,1
605985,0,0,0,0,0,0,0
607257,0,0,0,0,0,0,0
609795,0,0,0,0,0,0,0
610245,1,0,0,0,0,0,1
610268,0,0,0,0,0,0,0
611748,1,0,0,0,0,0,0
611771,0,0,0,0,0,0,1
612462,0,0,0,0,0,0,0
614282,0,0,0,0,0,0,1
614449,0,0,0,0,0,0,0
617441,0,0,0,0,0,0,0
617464,0,0,0,0,0,0,0
618944,0,0,0,0,0,0,0
618967,0,0,0,0,0,0,0
619657,0,0,0,0,0,0,1
619775,0,0,0,0,0,0,1
621474,0,0,0,0,0,0,0
621641,0,0,0,0,0,0,0
622501,0,0,0,0,0,0,1
623217,0,0,0,0,0,0,1
624053,0,0,0,0,0,0,1
624648,0,0,0,0,0,0,0
624837,0,0,0,0,0,0,1
625384,0,0,0,0,0,0,1
626120,0,0,0,0,0,0,0
626455,0,0,0,0,0,0,1
626833,0,0,0,0,0,0,0
627236,0,0,0,0,0,0,1
627833,0,0,0,0,0,0,1
628646,0,0,0,0,0,0,0
629216,0,0,0,0,0,0,1
629263,0,0,0,0,0,0,1
629713,0,0,0,0,0,0,1
630167,0,0,0,0,0,0,1
631051,0,0,0,0,0,0,1
632009,0,0,0,0,0,0,0
632556,0,0,0,0,0,0,0
633968,0,0,0,0,0,0,1
635549,0,0,0,0,0,0,1
635830,0,0,0,0,0,0,0
636400,0,0,0,0,0,0,0
636901,0,0,0,0,0,0,0
638243,0,0,0,0,0,0,0
641168,0,0,0,0,0,0,0
642749,0,0,0,0,0,0,0
643030,0,0,0,0,0,0,0
643074,0,0,0,0,0,0,1
643217,0,0,0,0,0,0,1
643592,0,0,0,0,0,0,0
644093,0,0,0,0,0,0,0
644616,0,0,0,0,0,0,1
645431,0,0,0,0,0,0,0
648306,0,0,0,0,0,0,1
648352,0,0,0,0,0,0,0
648637,1,0,0,0,0,0,1
649519,0,0,0,0,0,0,1
651289,0,0,0,0,0,0,0
651812,0,0,0,0,0,0,0
653034,0,0,0,0,0,0,1
655552,1,0,0,0,0,0,0
655667,0,0,0,0,0,0,1
655833,0,0,0,0,0,0,0
658489,0,0,0,0,0,0,0
658944,0,0,0,0,0,0,1
658988,0,0,0,0,0,0,1
659004,0,0,0,0,0,0,0
660226,0,0,0,0,0,0,0
661182,0,0,0,0,0,0,1
661224,1,0,0,0,0,0,1
662109,1,0,0,0,0,0,1
662851,1,0,0,0,0,0,0
663017,0,0,0,0,0,0,0
666180,0,0,0,0,0,0,0
668212,0,0,0,0,0,0,1
668378,0,0,0,0,0,0,0
669309,0,0,0,0,0,0,0
670051,0,0,0,0,0,0,0
670217,0,0,0,0,0,0,0
670304,1,0,0,0,0,0,1
670998,0,0,0,0,0,0,1
671189,0,0,0,0,0,0,1
673368,0,0,0,0,0,0,0
676505,0,0,0,0,0,0,0
677247,0,0,0,0,0,0,0
677504,0,0,0,0,0,0,0
678198,0,0,0,0,0,0,0
678389,0,0,0,0,0,0,0
680568,0,0,0,0,0,0,0
683204,1,0,0,0,0,0,1
683701,0,0,0,0,0,0,0
683893,0,0,0,0,0,0,1
684439,0,0,0,0,0,0,0
684696,0,0,0,0,0,0,0
685390,0,0,0,0,0,0,0
690404,0,0,0,0,0,0,0
690901,0,0,0,0,0,0,0
691093,0,0,0,0,0,0,0
691639,0,0,0,0,0,0,0
691896,0,0,0,0,0,0,0
692590,0,0,0,0,0,0,0
697604,0,0,0,0,0,0,0
698101,0,0,0,0,0,0,0
698293,0,0,0,0,0,0,0
698525,0,0,0,0,0,0,1
698835,0,0,0,0,0,0,0
699092,0,0,0,0,0,0,0
699786,0,0,0,0,0,0,0
700073,1,0,0,0,0,0,1
700640,1,1,1,0,0,0,1
701069,1,0,0,0,0,0,1
701597,1,0,0,0,0,0,1
702357,1,0,0,0,0,0,1
702693,1,0,0,0,0,0,1
704245,1,0,0,0,0,0,1
704772,1,1,1,1,0,0,0
706015,0,0,0,0,0,0,0
706635,0,0,0,0,0,0,1
706966,0,0,0,0,0,0,0
707248,0,0,0,0,0,0,1
709889,0,0,0,0,0,0,0
710772,0,0,0,0,0,0,1
711437,0,0,0,0,0,0,0
713835,0,0,0,0,0,0,0
714166,0,0,0,0,0,0,0
714448,0,0,0,0,0,0,0
717089,0,0,0,0,0,0,0
717972,0,0,0,0,0,0,0
718637,0,0,0,0,0,0,0
721035,0,0,0,0,0,0,0
721366,0,0,0,0,0,0,0
721648,0,0,0,0,0,0,0
724289,0,0,0,0,0,0,0
724643,0,0,0,0,0,0,1
725168,0,0,0,0,0,0,0
725474,0,0,0,0,0,0,1
725829,0,0,0,0,0,0,0
726620,1,0,0,0,0,0,1
726878,0,0,0,0,0,0,1
728840,0,0,0,0,0,0,0
730542,1,0,0,0,0,0,1
731477,0,0,0,0,0,0,0
731831,1,0,0,0,0,0,0
731898,1,0,0,0,0,0,1
732160,1,0,0,0,0,0,1
733017,1,0,0,0,0,0,0
733137,1,0,0,0,0,0,1
734546,1,0,0,0,0,0,1
734807,0,0,0,0,0,0,1
735689,1,0,0,0,0,0,1
736020,0,0,0,0,0,0,0
736425,0,0,0,0,0,0,1
737909,0,0,0,0,0,0,1
738936,0,0,0,0,0,0,1
739344,0,0,0,0,0,0,0
739388,0,0,0,0,0,0,1
739741,0,0,0,0,0,0,1
740317,1,0,0,0,0,0,0
741726,0,0,0,0,0,0,0
741745,1,0,0,0,0,0,1
741983,0,0,0,0,0,0,0
743009,0,0,0,0,0,0,1
743797,1,0,0,0,0,0,1
744897,0,0,0,0,0,0,1
745396,0,0,0,0,0,0,1
746189,1,0,0,0,0,0,1
746568,0,0,0,0,0,0,0
746587,1,0,0,0,0,0,1
748910,0,0,0,0,0,0,0
752097,0,0,0,0,0,0,0
752596,0,0,0,0,0,0,0
753389,0,0,0,0,0,0,0
753768,0,0,0,0,0,0,0
753787,1,0,0,0,0,0,0
753831,0,0,0,0,0,0,1
756106,0,0,0,0,0,0,0
756224,0,0,0,0,0,0,1
758330,0,0,0,0,0,0,1
759020,0,0,0,0,0,0,1
759281,0,0,0,0,0,0,0
760577,0,0,0,0,0,0,0
760860,0,0,0,0,0,0,1
761023,0,0,0,0,0,0,0
762217,0,0,0,0,0,0,1
765526,0,0,0,0,0,0,0
766216,0,0,0,0,0,0,0
767510,0,0,0,0,0,0,1
767773,0,0,0,0,0,0,0
768056,0,0,0,0,0,0,0
768219,0,0,0,0,0,0,0
768885,0,0,0,0,0,0,1
769149,0,0,0,0,0,0,1
773173,1,1,0,0,0,0,1
773408,0,0,0,0,0,0,0
774702,0,0,0,0,0,0,0
774868,0,0,0,0,0,0,1
775391,0,0,0,0,0,0,1
776349,0,0,0,0,0,0,0
780373,1,0,0,0,0,0,0
780608,0,0,0,0,0,0,0
781902,0,0,0,0,0,0,0
782068,1,0,0,0,0,0,0
782591,1,1,1,0,0,1,0
783549,1,1,0,0,0,0,0
787573,0,0,0,0,0,0,0
787808,0,0,0,0,0,0,0
788048,0,0,0,0,0,0,1
789098,0,0,0,0,0,0,0
789791,0,0,0,0,0,0,0
790749,0,0,0,0,0,0,0
794773,1,0,0,0,0,0,0
795008,1,0,0,0,0,0,0
795248,0,0,0,0,0,0,0
796057,0,0,0,0,0,0,1
796294,0,0,0,0,0,0,0
796987,1,0,0,0,0,0,0
797945,0,0,0,0,0,0,0
798801,0,0,0,0,0,0,1
800311,0,0,0,0,0,0,1
802200,0,0,0,0,0,0,0
802244,0,0,0,0,0,0,1
802436,0,0,0,0,0,0,0
803486,0,0,0,0,0,0,0
804682,0,0,0,0,0,0,1
805137,0,0,0,0,0,0,0
805993,0,0,0,0,0,0,0
807503,0,0,0,0,0,0,0
809440,0,0,0,0,0,0,0
809632,0,0,0,0,0,0,0
809962,1,0,0,0,0,0,1
812188,0,0,0,0,0,0,1
812333,1,1,1,0,0,0,0
812640,1,0,0,0,0,0,1
812853,0,0,0,0,0,0,1
813132,1,0,0,0,0,0,1
813177,0,0,0,0,0,0,0
814396,0,0,0,0,0,0,1
814637,1,0,0,0,0,0,1
814679,0,0,0,0,0,0,0
817146,0,0,0,0,0,0,0
819832,1,1,1,0,0,0,0
820377,0,0,0,0,0,0,0
821596,0,0,0,0,0,0,0
821837,0,0,0,0,0,0,0
821879,0,0,0,0,0,0,0
822764,0,0,0,0,0,0,1
824342,0,0,0,0,0,0,0
827577,0,0,0,0,0,0,0
828796,0,0,0,0,0,0,0
829037,0,0,0,0,0,0,0
829079,0,0,0,0,0,0,0
829964,0,0,0,0,0,0,0
831542,0,0,0,0,0,0,0
834777,0,0,0,0,0,0,0
835996,0,0,0,0,0,0,0
836237,0,0,0,0,0,0,0
836279,0,0,0,0,0,0,0
837164,0,0,0,0,0,0,0
837736,0,0,0,0,0,0,1
838116,0,0,0,0,0,0,1
838734,0,0,0,0,0,0,0
838778,0,0,0,0,0,0,1
839374,0,0,0,0,0,0,1
839395,0,0,0,0,0,0,1
839871,0,0,0,0,0,0,1
840490,0,0,0,0,0,0,1
841158,0,0,0,0,0,0,1
841945,0,0,0,0,0,0,0
841946,0,0,0,0,0,0,1
842489,0,0,0,0,0,0,1
842750,1,0,0,0,0,0,1
843152,0,0,0,0,0,0,0
843317,1,0,0,0,0,0,1
843389,0,0,0,0,0,0,0
843502,1,0,0,0,0,0,1
843616,0,0,0,0,0,0,1
843901,0,0,0,0,0,0,1
845268,0,0,0,0,0,0,0
847039,0,0,0,0,0,0,0
848257,0,0,0,0,0,0,1
849480,1,0,0,0,0,0,1
850581,1,0,0,0,0,0,0
850694,0,0,0,0,0,0,0
850808,0,0,0,0,0,0,0
850951,0,0,0,0,0,0,1
851787,0,0,0,0,0,0,1
852910,1,0,0,0,0,0,1
853913,1,1,0,0,0,0,1
856672,0,0,0,0,0,0,0
857773,0,0,0,0,0,0,0
858004,0,0,0,0,0,0,0
858987,0,0,0,0,0,0,0
860110,0,0,0,0,0,0,0
860176,1,0,0,0,0,0,1
860465,1,0,0,0,0,0,1
860820,1,1,1,1,0,0,1
861101,0,0,0,0,0,0,0
861724,0,0,0,0,0,0,1
862005,0,0,0,0,0,0,1
862049,0,0,0,0,0,0,1
863028,0,0,0,0,0,0,1
864896,1,0,0,0,0,0,1
865088,1,0,0,0,0,0,1
866163,0,0,0,0,0,0,0
867286,1,0,0,0,0,0,0
867547,1,0,0,0,0,0,1
867641,1,0,0,0,0,0,0
868788,0,0,0,0,0,0,1
868974,1,0,0,0,0,0,1
868975,1,0,0,0,0,0,1
869229,0,0,0,0,0,0,0
870522,1,0,0,0,0,0,1
870523,0,0,0,0,0,0,1
870660,0,0,0,0,0,0,1
870677,1,0,0,0,0,0,1
871177,0,0,0,0,0,0,1
871584,1,0,0,0,0,0,1
871891,0,0,0,0,0,0,1
871934,1,0,0,0,0,0,1
871978,0,0,0,0,0,0,1
872044,1,0,0,0,0,0,0
872088,0,0,0,0,0,0,1
872280,0,0,0,0,0,0,1
872754,0,0,0,0,0,0,1
872868,0,0,0,0,0,0,1
873035,0,0,0,0,0,0,1
873728,0,0,0,0,0,0,1
873963,0,0,0,0,0,0,1
874777,0,0,0,0,0,0,0
876163,0,0,0,0,0,0,1
878341,0,0,0,0,0,0,0
879609,1,0,0,0,0,0,1
879942,0,0,0,0,0,0,0
880056,1,0,0,0,0,0,0
880920,0,0,0,0,0,0,0
880961,1,0,0,0,0,0,1
881969,0,0,0,0,0,0,0
883355,0,0,0,0,0,0,0
884908,0,0,0,0,0,0,1
886059,0,0,0,0,0,0,1
887134,0,0,0,0,0,0,0
888116,0,0,0,0,0,0,0
888157,0,0,0,0,0,0,0
888272,1,0,0,0,0,0,1
888561,0,0,0,0,0,0,1
893259,0,0,0,0,0,0,0
893853,0,0,0,0,0,0,1
894330,0,0,0,0,0,0,0
894805,1,0,0,0,0,0,1
895308,0,0,0,0,0,0,0
895468,0,0,0,0,0,0,0
895491,1,0,0,0,0,0,1
895753,0,0,0,0,0,0,0
899277,1,0,0,0,0,0,1
901526,0,0,0,0,0,0,0
902001,1,1,1,0,0,0,0
902169,1,0,0,0,0,0,1
902500,1,0,0,0,0,0,0
902660,1,0,0,0,0,0,0
902683,1,0,0,0,0,0,0
903277,1,0,0,0,0,0,1
903876,1,0,0,0,0,0,1
906076,1,0,0,0,0,0,1
907587,1,1,0,0,0,0,1
907774,0,0,0,0,0,0,1
908440,0,0,0,0,0,0,1
908581,1,0,0,0,0,0,1
909322,1,0,0,0,0,0,1
909345,1,0,0,0,0,0,0
909389,0,0,0,0,0,0,1
909648,1,0,0,0,0,0,1
910025,1,0,0,0,0,0,1
910745,1,0,0,0,0,0,1
912060,1,0,0,0,0,0,1
912153,1,0,0,0,0,0,1
912579,1,0,0,0,0,0,1
913225,1,0,0,0,0,0,1
914298,1,0,0,0,0,0,1
915612,1,1,1,1,0,0,0
917148,1,0,0,0,0,0,1
917213,1,0,0,0,0,0,0
918147,1,0,0,0,0,0,1
920425,1,0,0,0,0,0,0
921498,0,0,0,0,0,0,0
921499,0,0,0,0,0,0,1
921685,0,0,0,0,0,0,1
922804,1,0,0,0,0,0,0
923620,1,0,0,0,0,0,1
924405,0,0,0,0,0,0,0
924596,1,0,0,0,0,0,1
924852,0,0,0,0,0,0,1
926173,1,0,0,0,0,0,1
926983,1,0,0,0,0,0,1
927314,1,0,0,0,0,0,1
931605,0,0,0,0,0,0,0
931649,0,0,0,0,0,0,1
931792,0,0,0,0,0,0,0
932048,0,0,0,0,0,0,0
932092,0,0,0,0,0,0,1
933365,0,0,0,0,0,0,0
934175,0,0,0,0,0,0,0
934506,0,0,0,0,0,0,0
938845,0,0,0,0,0,0,0
938988,0,0,0,0,0,0,0
939292,0,0,0,0,0,0,0
940565,0,0,0,0,0,0,0
941375,0,0,0,0,0,0,0
941706,0,0,0,0,0,0,0
946045,0,0,0,0,0,0,0
946188,0,0,0,0,0,0,0
946492,0,0,0,0,0,0,0
947765,0,0,0,0,0,0,0
948575,0,0,0,0,0,0,0
948906,0,0,0,0,0,0,0
953245,0,0,0,0,0,0,0
953388,0,0,0,0,0,0,0
953692,0,0,0,0,0,0,0
954965,0,0,0,0,0,0,0
955775,0,0,0,0,0,0,0
956106,0,0,0,0,0,0,0
956846,0,0,0,0,0,0,1
957083,0,0,0,0,0,0,1
958156,0,0,0,0,0,0,1
960433,0,0,0,0,0,0,0
960576,0,0,0,0,0,0,0
960881,0,0,0,0,0,0,1
961096,0,0,0,0,0,0,1
961258,0,0,0,0,0,0,1
961854,0,0,0,0,0,0,1
961873,0,0,0,0,0,0,1
962137,0,0,0,0,0,0,0
963499,0,0,0,0,0,0,1
965340,0,0,0,0,0,0,0
966971,0,0,0,0,0,0,1
968288,0,0,0,0,0,0,0
969050,0,0,0,0,0,0,0
969069,0,0,0,0,0,0,0
969333,0,0,0,0,0,0,0
972540,0,0,0,0,0,0,0
974171,0,0,0,0,0,0,0
975488,0,0,0,0,0,0,0
976250,0,0,0,0,0,0,0
976269,0,0,0,0,0,0,0
976533,0,0,0,0,0,0,0
979740,0,0,0,0,0,0,0
981371,0,0,0,0,0,0,0
982061,0,0,0,0,0,0,1
982684,0,0,0,0,0,0,0
983446,0,0,0,0,0,0,0
983733,0,0,0,0,0,0,0
985814,0,0,0,0,0,0,1
986936,0,0,0,0,0,0,0
987436,0,0,0,0,0,0,1
988152,0,0,0,0,0,0,1
988559,0,0,0,0,0,0,0
989249,0,0,0,0,0,0,0
989460,0,0,0,0,0,0,1
989868,0,0,0,0,0,0,0
990316,0,0,0,0,0,0,1
990917,0,0,0,0,0,0,0
991441,0,0,0,0,0,0,1
992373,0,0,0,0,0,0,1
992990,0,0,0,0,0,0,0
993706,0,0,0,0,0,0,1
993872,0,0,0,0,0,0,1
995739,0,0,0,0,0,0,0
996429,0,0,0,0,0,0,0
997504,0,0,0,0,0,0,0
999569,0,0,0,0,0,0,0
1000906,0,0,0,0,0,0,0
1001072,0,0,0,0,0,0,0
1002576,0,0,0,0,0,0,1
1002935,0,0,0,0,0,0,0
1003625,0,0,0,0,0,0,0
1005613,1,0,0,0,0,0,1
1006040,1,0,0,0,0,0,1
1006761,0,0,0,0,0,0,0
1007906,1,0,0,0,0,0,1
1008264,0,0,0,0,0,0,0
1010131,1,0,0,0,0,0,0
1011108,0,0,0,0,0,0,1
1011898,0,0,0,0,0,0,1
1012759,1,0,0,0,0,0,1
1012801,0,0,0,0,0,0,0
1013953,0,0,0,0,0,0,0
1014332,1,0,0,0,0,0,1
1014854,1,0,0,0,0,0,1
1018281,1,0,0,0,0,0,1
1018300,0,0,0,0,0,0,0
1019283,1,0,0,0,0,0,1
1021153,1,0,0,0,0,0,0
1021532,0,0,0,0,0,0,0
1022054,0,0,0,0,0,0,0
1025388,1,0,0,0,0,0,1
1025477,0,0,0,0,0,0,0
1025496,0,0,0,0,0,0,0
1026479,0,0,0,0,0,0,0
1027532,1,0,0,0,0,0,1
1027576,0,0,0,0,0,0,1
1027881,1,0,0,0,0,0,1
1028143,1,0,0,0,0,0,1
1028333,1,0,0,0,0,0,0
1028372,1,0,0,0,0,0,1
1028609,0,0,0,0,0,0,1
1029230,0,0,0,0,0,0,0
1029513,0,0,0,0,0,0,1
1030373,0,0,0,0,0,0,1
1030395,1,0,0,0,0,0,1
1030800,1,0,0,0,0,0,1
1030893,0,0,0,0,0,0,1
1033431,1,0,0,0,0,0,1
1035560,1,0,0,0,0,0,0
1036422,0,0,0,0,0,0,0
1037569,1,1,0,0,0,1,0
1038000,1,0,0,0,0,0,0
1038044,0,0,0,0,0,0,1
1038089,0,0,0,0,0,0,0
1040627,1,1,0,0,0,0,0
1041631,0,0,0,0,0,0,1
1041773,1,1,1,1,1,1,0
1042748,1,0,0,0,0,0,0
1043133,1,0,0,0,0,0,1
1043177,0,0,0,0,0,0,1
1043602,1,1,1,1,0,0,0
1044148,1,0,0,0,0,0,1
1044745,1,0,0,0,0,0,0
1045224,1,0,0,0,0,0,0
1045697,1,0,0,0,0,0,1
1045718,1,0,0,0,0,0,1
1046245,1,0,0,0,0,0,1
1046289,0,0,0,0,0,0,1
1047577,1,0,0,0,0,0,1
1048513,1,0,0,0,0,0,1
1048795,1,1,0,0,0,0,0
1050060,1,0,0,0,0,0,1
1051139,1,0,0,0,0,0,1
1051616,1,0,0,0,0,0,1
1052112,1,0,0,0,0,0,1
1052902,1,0,0,0,0,0,0
1054769,1,1,0,0,0,1,0
1055705,1,1,0,0,0,0,0
1055961,1,0,0,0,0,0,1
1056748,1,0,0,0,0,0,1
1058331,1,0,0,0,0,0,0
1058396,1,0,0,0,0,0,1
1058804,0,0,0,0,0,0,0
1060094,1,0,0,0,0,0,0
1060928,1,0,0,0,0,0,1
1062897,0,0,0,0,0,0,0
1063153,1,0,0,0,0,0,0
1063799,1,0,0,0,0,0,1
1064704,1,0,0,0,0,0,1
1065641,1,0,0,0,0,0,1
1065996,0,0,0,0,0,0,0
1067286,1,1,0,0,0,0,0
1067713,1,0,0,0,0,0,1
1068911,1,0,0,0,0,0,1
1068913,1,0,0,0,0,0,1
1070628,1,0,0,0,0,0,1
1073196,1,0,0,0,0,0,0
1073575,0,0,0,0,0,0,1
1074122,1,0,0,0,0,0,1
1074909,1,0,0,0,0,0,0
1074952,1,0,0,0,0,0,1
1076105,0,0,0,0,0,0,0
1078426,1,0,0,0,0,0,1
1078492,1,0,0,0,0,0,1
1080388,0,0,0,0,0,0,0
1080767,1,1,0,0,0,0,0
1082105,0,0,0,0,0,0,0
1083305,0,0,0,0,0,0,0
1085626,0,0,0,0,0,0,0
1085692,0,0,0,0,0,0,0
1087273,0,0,0,0,0,0,1
1087488,0,0,0,0,0,0,1
1087721,0,0,0,0,0,0,1
1087743,0,0,0,0,0,0,1
1088097,0,0,0,0,0,0,1
1088599,0,0,0,0,0,0,1
1088665,0,0,0,0,0,0,1
1088736,1,0,0,0,0,0,1
1089688,0,0,0,0,0,0,1
1090481,0,0,0,0,0,0,0
1092802,0,0,0,0,0,0,0
1095799,0,0,0,0,0,0,0
1095865,0,0,0,0,0,0,0
1095936,0,0,0,0,0,0,0
1096888,0,0,0,0,0,0,0
1097681,0,0,0,0,0,0,0
1100002,0,0,0,0,0,0,0
1102999,0,0,0,0,0,0,0
1103065,0,0,0,0,0,0,0
1103136,0,0,0,0,0,0,0
1104088,0,0,0,0,0,0,0
1104881,0,0,0,0,0,0,0
1107202,0,0,0,0,0,0,0
1110199,0,0,0,0,0,0,0
1110265,0,0,0,0,0,0,0
1110336,0,0,0,0,0,0,0
1111288,0,0,0,0,0,0,0
1112081,0,0,0,0,0,0,0
1114402,0,0,0,0,0,0,0
1117399,0,0,0,0,0,0,0
1117465,0,0,0,0,0,0,0
1117536,0,0,0,0,0,0,0
1118488,0,0,0,0,0,0,0
1118532,0,0,0,0,0,0,1
1119277,0,0,0,0,0,0,0
1119321,0,0,0,0,0,0,1
1121594,0,0,0,0,0,0,0
1124591,0,0,0,0,0,0,0
1124657,0,0,0,0,0,0,0
1124728,0,0,0,0,0,0,0
1125728,0,0,0,0,0,0,0
1126521,0,0,0,0,0,0,0
1128794,0,0,0,0,0,0,0
1131791,0,0,0,0,0,0,0
1131857,0,0,0,0,0,0,0
1131928,0,0,0,0,0,0,0
1132928,0,0,0,0,0,0,0
1133121,0,0,0,0,0,0,1
1135994,0,0,0,0,0,0,0
1138991,0,0,0,0,0,0,0
1139057,0,0,0,0,0,0,0
1139128,0,0,0,0,0,0,0
1140128,0,0,0,0,0,0,0
1140321,0,0,0,0,0,0,0
1143194,0,0,0,0,0,0,0
1145088,0,0,0,0,0,0,1
1146187,0,0,0,0,0,0,0
1146253,0,0,0,0,0,0,0
1147328,0,0,0,0,0,0,0
1147521,0,0,0,0,0,0,0
1149194,1,0,0,0,0,0,1
1150176,1,0,0,0,0,0,1
1150293,0,0,0,0,0,0,1
1150549,0,0,0,0,0,0,1
1150640,0,0,0,0,0,0,1
1151934,0,0,0,0,0,0,1
1153371,1,1,1,0,0,0,0
1157084,0,0,0,0,0,0,1
1157372,0,0,0,0,0,0,0
1157416,0,0,0,0,0,0,1
1157485,0,0,0,0,0,0,0
1157741,0,0,0,0,0,0,0
1159130,0,0,0,0,0,0,0
1160567,0,0,0,0,0,0,0
1163107,1,0,0,0,0,0,1
1163393,1,0,0,0,0,0,1
1164272,0,0,0,0,0,0,0
1164608,0,0,0,0,0,0,0
1164937,1,1,0,0,0,0,0
1166326,0,0,0,0,0,0,0
1170307,0,0,0,0,0,0,0
1170593,0,0,0,0,0,0,0
1171472,0,0,0,0,0,0,0
1171808,0,0,0,0,0,0,0
1172137,0,0,0,0,0,0,0
1173526,0,0,0,0,0,0,0
1177507,0,0,0,0,0,0,0
1177793,0,0,0,0,0,0,0
1178672,0,0,0,0,0,0,0
1179008,0,0,0,0,0,0,0
1179337,0,0,0,0,0,0,0
1179672,0,0,0,0,0,0,1
1180628,0,0,0,0,0,0,1
1180718,0,0,0,0,0,0,0
1180929,0,0,0,0,0,0,1
1183925,1,0,0,0,0,0,1
1183971,1,0,0,0,0,0,1
1184398,1,0,0,0,0,0,1
1184564,0,0,0,0,0,0,1
1184969,1,1,0,0,0,0,0
1185848,0,0,0,0,0,0,0
1186783,1,0,0,0,0,0,1
1187953,1,0,0,0,0,0,1
1189871,1,0,0,0,0,0,1
1191594,1,0,0,0,0,0,1
1191760,0,0,0,0,0,0,0
1192165,0,0,0,0,0,0,0
1193044,0,0,0,0,0,0,0
1195153,0,0,0,0,0,0,0
1197071,0,0,0,0,0,0,0
1197427,0,0,0,0,0,0,1
1197686,0,0,0,0,0,0,1
1198956,0,0,0,0,0,0,0
1199361,0,0,0,0,0,0,0
1200240,0,0,0,0,0,0,0
1200243,1,0,0,0,0,0,1
1202345,0,0,0,0,0,0,0
1202389,0,0,0,0,0,0,1
1204882,0,0,0,0,0,0,0
1205191,1,0,0,0,0,0,1
1206148,0,0,0,0,0,0,0
1206553,0,0,0,0,0,0,0
1207432,0,0,0,0,0,0,0
1209136,1,0,0,0,0,0,1
1209585,1,1,0,0,0,0,0
1212078,0,0,0,0,0,0,0
1212387,0,0,0,0,0,0,0
1213753,0,0,0,0,0,0,0
1214632,0,0,0,0,0,0,0
1215808,0,0,0,0,0,0,1
1215852,0,0,0,0,0,0,1
1216781,0,0,0,0,0,0,0
1219274,1,0,0,0,0,0,0
1219583,0,0,0,0,0,0,0
1220949,0,0,0,0,0,0,0
1221015,0,0,0,0,0,0,1
1221059,0,0,0,0,0,0,1
1221820,1,1,1,0,0,0,0
1221917,0,0,0,0,0,0,1
1222801,0,0,0,0,0,0,1
1223036,1,1,1,0,0,0,0
1223965,0,0,0,0,0,0,0
1226458,0,0,0,0,0,0,0
1226884,0,0,0,0,0,0,1
1227436,0,0,0,0,0,0,1
1228247,0,0,0,0,0,0,0
1228482,0,0,0,0,0,0,1
1228932,0,0,0,0,0,0,1
1229074,0,0,0,0,0,0,1
1229144,0,0,0,0,0,0,1
1229188,0,0,0,0,0,0,1
1229977,0,0,0,0,0,0,0
1230448,0,0,0,0,0,0,1
1230470,0,0,0,0,0,0,1
1230613,0,0,0,0,0,0,1
1231133,0,0,0,0,0,0,0
1233147,0,0,0,0,0,0,1
1233428,0,0,0,0,0,0,1
1234268,0,0,0,0,0,0,1
1235440,0,0,0,0,0,0,1
1236827,0,0,0,0,0,0,1
1236828,0,0,0,0,0,0,1
1237658,0,0,0,0,0,0,0
1237801,0,0,0,0,0,0,0
1237819,0,0,0,0,0,0,1
1238317,0,0,0,0,0,0,0
1238411,0,0,0,0,0,0,1
1238958,0,0,0,0,0,0,1
1240608,0,0,0,0,0,0,0
1244016,0,0,0,0,0,0,0
1244997,0,0,0,0,0,0,0
1245517,0,0,0,0,0,0,0
1245611,0,0,0,0,0,0,0
1246158,0,0,0,0,0,0,0
1246587,0,0,0,0,0,0,1
1247804,0,0,0,0,0,0,0
1248472,0,0,0,0,0,0,1
1250918,0,0,0,0,0,0,1
1251204,0,0,0,0,0,0,0
1252185,0,0,0,0,0,0,0
1252705,0,0,0,0,0,0,0
1253783,0,0,0,0,0,0,0
1255672,0,0,0,0,0,0,0
1258118,0,0,0,0,0,0,0
1258404,0,0,0,0,0,0,0
1258805,0,0,0,0,0,0,1
1259381,0,0,0,0,0,0,0
1259421,0,0,0,0,0,0,1
1260548,0,0,0,0,0,0,1
1260975,0,0,0,0,0,0,0
1262864,0,0,0,0,0,0,0
1265213,0,0,0,0,0,0,1
1265306,0,0,0,0,0,0,0
1266577,0,0,0,0,0,0,0
1267748,0,0,0,0,0,0,0
1268175,0,0,0,0,0,0,0
1268556,0,0,0,0,0,0,1
1269007,0,0,0,0,0,0,1
1270056,0,0,0,0,0,0,0
1271185,0,0,0,0,0,0,1
1271949,0,0,0,0,0,0,1
1272060,0,0,0,0,0,0,1
1272393,0,0,0,0,0,0,0
1272486,0,0,0,0,0,0,0
1272605,0,0,0,0,0,0,1
1273246,0,0,0,0,0,0,1
1273985,0,0,0,0,0,0,1
1274486,0,0,0,0,0,0,1
1274601,0,0,0,0,0,0,1
1275270,0,0,0,0,0,0,1
1275724,0,0,0,0,0,0,0
1275934,0,0,0,0,0,0,1
1276171,0,0,0,0,0,0,0
1276260,0,0,0,0,0,0,1
1277624,0,0,0,0,0,0,1
1277717,0,0,0,0,0,0,1
1277761,0,0,0,0,0,0,1
1279293,1,0,0,0,0,0,1
1279773,0,0,0,0,0,0,0
1281085,1,0,0,0,0,0,1
1282042,1,0,0,0,0,0,1
1282854,0,0,0,0,0,0,1
1282900,0,0,0,0,0,0,0
1282944,0,0,0,0,0,0,1
1283347,0,0,0,0,0,0,0
1284665,1,0,0,0,0,0,1
1284800,1,0,0,0,0,0,0
1286719,1,0,0,0,0,0,1
1286857,1,0,0,0,0,0,1
1287716,0,0,0,0,0,0,1
1289085,1,0,0,0,0,0,1
1289344,1,0,0,0,0,0,1
1289651,0,0,0,0,0,0,1
1290030,0,0,0,0,0,0,0
1292161,1,0,0,0,0,0,1
1292736,1,0,0,0,0,0,1
1293141,1,0,0,0,0,0,1
1294865,1,0,0,0,0,0,1
1294904,0,0,0,0,0,0,0
1296847,0,0,0,0,0,0,0
1297226,1,0,0,0,0,0,0
1297772,1,0,0,0,0,0,1
1298272,0,0,0,0,0,0,1
1298943,1,0,0,0,0,0,1
1299057,1,0,0,0,0,0,1
1299920,1,1,1,0,0,0,0
1302053,1,0,0,0,0,0,0
1303271,1,1,1,1,1,1,0
1304418,1,1,0,0,0,0,0
1304920,1,0,0,0,0,0,1
1305464,1,1,0,0,0,0,0
1306253,1,1,0,0,0,1,0
1306324,0,0,0,0,0,0,1
1309249,1,1,1,0,0,0,0
1310467,1,1,1,0,0,0,0
1310797,1,0,0,0,0,0,1
1311610,1,1,0,0,0,0,0
1312639,0,0,0,0,0,0,1
1312656,1,0,0,0,0,0,0
1312798,0,0,0,0,0,0,1
1313516,1,0,0,0,0,0,0
1316441,1,1,1,0,0,0,0
1317515,0,0,0,0,0,0,1
1317989,1,1,0,0,0,0,0
1318636,1,0,0,0,0,0,1
1318993,0,0,0,0,0,0,1
1319848,0,0,0,0,0,0,0
1319990,0,0,0,0,0,0,0
1320083,1,0,0,0,0,0,1
1325189,0,0,0,0,0,0,0
1325836,0,0,0,0,0,0,0
1326193,0,0,0,0,0,0,0
1327048,0,0,0,0,0,0,0
1327190,0,0,0,0,0,0,0
1327283,0,0,0,0,0,0,0
1328381,1,0,0,0,0,0,1
1328385,1,0,0,0,0,0,1
1330801,1,0,0,0,0,0,1
1333028,0,0,0,0,0,0,0
1334244,0,0,0,0,0,0,0
1334386,0,0,0,0,0,0,0
1334479,0,0,0,0,0,0,0
1334716,1,0,0,0,0,0,1
1335573,1,0,0,0,0,0,0
1336002,1,0,0,0,0,0,1
1336288,1,0,0,0,0,0,1
1336501,1,0,0,0,0,0,1
1337812,1,0,0,0,0,0,1
1337884,0,0,0,0,0,0,1
1338070,0,0,0,0,0,0,1
1339077,1,0,0,0,0,0,1
1339168,0,0,0,0,0,0,1
1341635,1,1,0,0,0,0,1
1342757,1,1,0,0,0,1,0
1343162,1,0,0,0,0,0,1
1343876,1,0,0,0,0,0,1
1343880,1,0,0,0,0,0,1
1344110,1,0,0,0,0,0,1
1345593,1,0,0,0,0,0,1
1346265,1,1,1,0,0,0,0
1348827,1,0,0,0,0,0,0
1351076,0,0,0,0,0,0,0
1351080,0,0,0,0,0,0,0
1351310,0,0,0,0,0,0,0
1352793,0,0,0,0,0,0,0
1353465,0,0,0,0,0,0,0
1353509,0,0,0,0,0,0,1
1354005,0,0,0,0,0,0,1
1354264,1,0,0,0,0,0,1
1356015,0,0,0,0,0,0,0
1357016,1,0,0,0,0,0,1
1357086,0,0,0,0,0,0,1
1357659,0,0,0,0,0,0,1
1357824,1,0,0,0,0,0,1
1360292,1,0,0,0,0,0,1
1360431,1,0,0,0,0,0,1
1360693,0,0,0,0,0,0,0
1360805,1,0,0,0,0,0,1
1361280,1,0,0,0,0,0,1
1363657,1,0,0,0,0,0,1
1364274,1,1,1,0,0,0,0
1364724,1,1,1,0,0,0,1
1367484,1,0,0,0,0,0,0
1367623,1,1,1,0,0,0,0
1368001,1,1,1,0,0,0,0
1368049,0,0,0,0,0,0,1
1369145,1,0,0,0,0,0,1
1370700,1,1,1,0,0,0,1
1370749,1,0,0,0,0,0,1
1371462,1,1,0,0,0,0,0
1373644,1,0,0,0,0,0,1
1374815,1,1,0,0,0,0,0
1376345,1,1,0,0,0,0,0
1377900,0,0,0,0,0,0,0
1377949,0,0,0,0,0,0,0
1378662,0,0,0,0,0,0,0
1380316,0,0,0,0,0,0,1
1382015,0,0,0,0,0,0,0
1383545,1,1,0,0,0,0,0
1384887,1,0,0,0,0,0,1
1385096,0,0,0,0,0,0,0
1385145,0,0,0,0,0,0,0
1385858,1,1,0,0,0,0,0
1387512,0,0,0,0,0,0,0
1388803,1,1,0,0,0,0,1
1390741,1,1,1,0,0,0,0
1391052,1,0,0,0,0,0,1
1392292,1,0,0,0,0,0,0
1392341,1,1,1,0,0,0,0
1393054,1,0,0,0,0,0,0
1396003,1,0,0,0,0,0,0
1397941,0,0,0,0,0,0,0
1398252,0,0,0,0,0,0,0
1398296,0,0,0,0,0,0,1
1399488,1,1,1,0,0,1,0
1399537,1,1,1,0,0,0,0
1400250,1,0,0,0,0,0,0
1400439,1,0,0,0,0,0,1
1400440,1,0,0,0,0,0,1
1402253,1,0,0,0,0,0,1
1406688,0,0,0,0,0,0,0
1406737,0,0,0,0,0,0,0
1407450,0,0,0,0,0,0,0
1407639,0,0,0,0,0,0,0
1407640,0,0,0,0,0,0,0
1409453,0,0,0,0,0,0,0
1413888,0,0,0,0,0,0,0
1413937,0,0,0,0,0,0,0
1414650,0,0,0,0,0,0,0
1414839,0,0,0,0,0,0,0
1414840,0,0,0,0,0,0,0
1416653,0,0,0,0,0,0,0
1421088,0,0,0,0,0,0,0
1421137,0,0,0,0,0,0,0
1421850,0,0,0,0,0,0,0
1422039,0,0,0,0,0,0,0
1422040,0,0,0,0,0,0,0
1422247,0,0,0,0,0,0,1
1423849,0,0,0,0,0,0,0
1428284,0,0,0,0,0,0,0
1428333,0,0,0,0,0,0,0
1429046,0,0,0,0,0,0,0
1429236,0,0,0,0,0,0,0
1429447,0,0,0,0,0,0,0
1431049,0,0,0,0,0,0,0
1435484,0,0,0,0,0,0,0
1435533,0,0,0,0,0,0,0
1436246,0,0,0,0,0,0,0
1436436,0,0,0,0,0,0,0
1436647,0,0,0,0,0,0,0
1438249,0,0,0,0,0,0,0
1438945,0,0,0,0,0,0,1
1441604,1,1,1,0,0,0,1
1442676,1,1,1,0,0,0,0
1443442,1,1,0,0,0,0,0
1443847,1,1,1,0,0,0,0
1444104,1,0,0,0,0,0,1
1445445,1,1,1,0,0,1,0
1446088,1,0,0,0,0,0,1
1446135,1,0,0,0,0,0,1
1446137,1,1,0,0,0,0,0
1446654,1,0,0,0,0,0,1
1447035,1,0,0,0,0,0,1
1447129,1,0,0,0,0,0,1
1447360,1,0,0,0,0,0,1
1448776,1,1,0,0,0,0,0
1450020,1,0,0,0,0,0,1
1450545,1,0,0,0,0,0,1
1451353,1,0,0,0,0,0,1
1451521,1,0,0,0,0,0,1
1451899,1,0,0,0,0,0,1
1451966,1,1,0,0,0,0,1
1452733,1,0,0,0,0,0,1
1452847,1,0,0,0,0,0,1
1452889,1,0,0,0,0,0,1
1453030,1,0,0,0,0,0,1
1454060,1,0,0,0,0,0,1
1454341,1,0,0,0,0,0,1
1454528,1,0,0,0,0,0,0
1458628,1,1,1,0,0,0,1
1459925,0,0,0,0,0,0,0
1460039,1,1,1,0,0,0,0
1460226,1,1,1,0,0,0,0
1460847,0,0,0,0,0,0,1
1461252,1,0,0,0,0,0,0
1461533,1,0,0,0,0,0,0
1462109,1,0,0,0,0,0,1
1462656,1,0,0,0,0,0,1
1465816,1,1,1,0,0,0,0
1466436,0,0,0,0,0,0,1
1466771,1,1,1,1,0,0,1
1467414,1,1,1,0,0,0,0
1468729,1,1,1,0,0,0,0
1469305,1,1,1,0,0,0,0
1469852,1,1,1,0,0,0,0
1473636,0,0,0,0,0,0,0
1473971,0,0,0,0,0,0,0
1474327,0,0,0,0,0,0,1
1474610,0,0,0,0,0,0,0
1475925,0,0,0,0,0,0,0
1476140,0,0,0,0,0,0,1
1476497,0,0,0,0,0,0,0
1480832,0,0,0,0,0,0,0
1481527,0,0,0,0,0,0,0
1481810,0,0,0,0,0,0,0
1483125,0,0,0,0,0,0,0
1483340,0,0,0,0,0,0,0
1483697,0,0,0,0,0,0,0
1488032,0,0,0,0,0,0,0
1488727,0,0,0,0,0,0,0
1489010,0,0,0,0,0,0,0
1490325,1,0,0,0,0,0,0
1490540,1,0,0,0,0,0,0
1490897,1,0,0,0,0,0,0
1491131,1,0,0,0,0,0,1
1491342,1,0,0,0,0,0,1
1491552,1,1,1,1,1,1,0
1491596,0,0,0,0,0,0,1
1494233,1,1,1,1,1,1,0
1494277,0,0,0,0,0,0,1
1496026,1,1,1,1,1,1,0
1497728,1,1,0,0,0,0,0
1498085,1,0,0,0,0,0,0
1498101,1,0,0,0,0,0,1
1498125,0,0,0,0,0,0,1
1498311,1,1,1,0,0,0,0
1498784,1,1,1,0,0,0,0
1499382,1,1,1,1,1,1,0
1503101,1,1,1,1,0,0,1
1504297,1,0,0,0,0,0,1
1504386,1,1,1,0,0,0,1
1504912,1,1,1,0,0,0,0
1505289,1,1,1,0,0,0,0
1505503,1,1,1,1,0,0,0
1505808,1,1,1,1,0,0,1
1506166,0,0,0,0,0,0,1
1506328,0,0,0,0,0,0,1
1506449,0,0,0,0,0,0,1
1506993,1,0,0,0,0,0,1
1507878,1,0,0,0,0,0,1
1509579,1,1,1,0,0,1,1
1509958,0,0,0,0,0,0,1
1511061,0,0,0,0,0,0,1
1512088,1,1,1,0,0,1,0
1513520,1,1,1,0,0,0,0
1514189,1,1,1,1,0,1,0
1514544,1,0,0,0,0,0,1
1514808,1,0,0,0,0,0,1
1516313,1,0,0,0,0,0,1
1516406,1,0,0,0,0,0,1
1516763,1,1,0,0,0,0,0
1517549,0,0,0,0,0,0,1
1517714,0,0,0,0,0,0,1
1518241,1,1,0,0,0,0,0
1519024,0,0,0,0,0,0,1
1519769,1,0,0,0,0,0,1
1520241,1,0,0,0,0,0,1
1521992,0,0,0,0,0,0,0
1523955,1,0,0,0,0,0,0
1524385,1,0,0,0,0,0,1
1524429,0,0,0,0,0,0,1
1524902,1,0,0,0,0,0,0
1526216,1,1,0,0,0,0,0
1527437,1,1,0,0,0,0,0
1529188,1,1,0,0,0,0,0
1529422,1,0,0,0,0,0,1
1530184,1,1,1,1,0,0,1
1530205,1,0,0,0,0,0,1
1531139,0,0,0,0,0,0,0
1531617,1,1,0,0,0,0,0
1533290,1,0,0,0,0,0,1
1533649,1,0,0,0,0,0,1
1535611,1,0,0,0,0,0,1
1535918,1,0,0,0,0,0,1
1536372,1,0,0,0,0,0,0
1536416,0,0,0,0,0,0,1
1537368,0,0,0,0,0,0,0
1537389,1,1,0,0,0,0,0
1537677,1,0,0,0,0,0,1
1542807,0,0,0,0,0,0,0
1543114,0,0,0,0,0,0,0
1543616,0,0,0,0,0,0,0
1544568,0,0,0,0,0,0,0
1544589,0,0,0,0,0,0,0
1544877,0,0,0,0,0,0,0
1546671,1,0,0,0,0,0,1
1548613,1,0,0,0,0,0,1
1548749,1,1,1,1,1,1,0
1549445,0,0,0,0,0,0,1
1549969,0,0,0,0,0,0,1
1550298,0,0,0,0,0,0,0
1550800,0,0,0,0,0,0,0
1551297,1,0,0,0,0,0,1
1551748,1,1,0,0,0,0,0
1553477,1,1,1,1,1,1,0
1553855,1,1,1,0,0,1,0
1554232,1,1,1,1,1,1,0
1554276,0,0,0,0,0,0,1
1554297,1,0,0,0,0,0,1
1556577,1,0,0,0,0,0,1
1556933,0,0,0,0,0,0,1
1557478,1,1,1,0,0,1,0
1557980,1,1,1,0,0,1,0
1558313,1,0,0,0,0,0,1
1559026,1,0,0,0,0,0,1
1561039,1,1,1,0,0,0,0
1561130,1,0,0,0,0,0,1
1561176,1,1,1,1,1,1,0
1561456,1,1,1,0,0,1,0
1561477,1,0,0,0,0,0,0
1563083,1,1,1,1,1,1,0
1563268,1,0,0,0,0,0,1
1563273,1,0,0,0,0,0,1
1564295,1,0,0,0,0,0,1
1564340,1,0,0,0,0,0,1
1564865,1,0,0,0,0,0,1
1565024,1,0,0,0,0,0,1
1566321,0,0,0,0,0,0,1
1568306,1,1,1,0,0,1,0
1568661,1,1,1,0,0,1,0
1569304,0,0,0,0,0,0,1
1569541,0,0,0,0,0,0,1
1571483,0,0,0,0,0,0,0
1571528,1,0,0,0,0,0,0
1571909,1,1,1,1,1,1,0
1573125,1,1,1,1,1,1,0
1573340,0,0,0,0,0,0,1
1573789,0,0,0,0,0,0,1
1574484,0,0,0,0,0,0,1
1575486,1,0,0,0,0,0,0
1576107,0,0,0,0,0,0,1
1576109,0,0,0,0,0,0,1
1576480,0,0,0,0,0,0,0
1576671,0,0,0,0,0,0,1
1577697,0,0,0,0,0,0,1
1580476,1,0,0,0,0,0,1
1581073,1,1,1,1,1,1,0
1581597,0,0,0,0,0,0,1
1581668,1,0,0,0,0,0,0
1582670,1,0,0,0,0,0,0
1583072,1,1,1,1,1,1,0
1583289,1,1,1,0,0,1,0
1583449,0,0,0,0,0,0,1
1583855,1,1,1,0,0,0,0
1586829,1,1,1,1,1,1,0
1587038,1,1,1,0,0,0,1
1587349,0,0,0,0,0,0,1
1588497,0,0,0,0,0,0,1
1588852,1,1,1,0,0,1,0
1590260,0,0,0,0,0,0,0
1590330,1,1,1,1,1,1,0
1590617,1,1,1,1,1,1,0
1590633,0,0,0,0,0,0,0
1590916,0,0,0,0,0,0,1
1591035,1,1,1,0,0,0,0
1591751,1,0,0,0,0,0,1
1593161,1,1,1,1,1,1,0
1593165,1,1,1,1,0,0,1
1593180,1,1,1,0,0,0,1
1594230,1,1,1,1,1,1,0
1594659,1,1,1,0,0,0,1
1595328,1,1,1,1,1,1,0
1595440,1,1,1,0,0,1,1
1595845,0,0,0,0,0,0,1
1596059,0,0,0,0,0,0,1
1596822,1,1,1,1,0,0,1
1597755,1,1,1,0,0,0,1
1597845,1,1,1,1,0,0,1
1600341,1,0,0,0,0,0,0
1600527,1,1,1,1,1,1,0
1601674,1,1,1,1,1,1,0
1602512,1,1,1,0,0,0,0
1602624,0,0,0,0,0,0,0
1604014,1,1,1,1,1,1,0
1604133,1,1,1,1,1,1,0
1605037,1,1,1,1,0,0,0
1607723,1,0,0,0,0,0,0
1609085,1,1,1,1,1,1,0
1609708,1,0,0,0,0,0,0
1609749,1,0,0,0,0,0,1
1609816,1,0,0,0,0,0,0
1611206,1,1,1,0,0,1,0
1611325,1,0,0,0,0,0,0
1612636,1,0,0,0,0,0,1
1614508,1,1,1,1,1,1,0
1614598,1,1,1,1,1,1,0
1614907,1,1,1,0,0,1,0
1616941,1,0,0,0,0,0,0
1617728,1,0,0,0,0,0,1
1618521,1,1,1,0,0,0,0
1620891,1,0,0,0,0,0,1
1621704,0,0,0,0,0,0,0
1621794,0,0,0,0,0,0,0
1624141,0,0,0,0,0,0,0
1624524,1,1,1,1,1,1,0
1624903,1,1,1,1,1,1,0
1624920,1,0,0,0,0,0,0
1625230,1,1,1,1,0,0,1
1625709,1,1,1,0,0,0,0
1627408,1,1,1,1,1,1,0
1627810,1,1,1,1,1,1,0
1627953,1,0,0,0,0,0,1
1628115,1,1,1,1,1,1,0
1628497,0,0,0,0,0,0,1
1628633,1,1,1,1,1,1,0
1628656,1,0,0,0,0,0,1
1629659,1,0,0,0,0,0,1
1631408,1,0,0,0,0,0,1
1631835,1,0,0,0,0,0,1
1631949,1,0,0,0,0,0,1
1632088,1,1,1,0,0,0,0
1634990,1,0,0,0,0,0,0
1635685,1,1,1,0,0,1,0
1637288,1,1,1,1,1,1,0
1637813,1,0,0,0,0,0,1
1637996,1,1,1,0,0,0,1
1639027,1,0,0,0,0,0,0
1639141,1,0,0,0,0,0,0
1640627,1,0,0,0,0,0,1
1641777,1,1,1,0,0,0,1
1641986,1,1,1,0,0,0,1
1642700,1,1,1,0,0,0,1
1643201,1,1,1,0,0,0,1
1643753,0,0,0,0,0,0,1
1644468,1,0,0,0,0,0,0
1645421,1,1,1,1,1,1,0
1645536,1,1,1,1,1,1,0
1646061,0,0,0,0,0,0,1
1646493,1,0,0,0,0,0,1
1647735,1,1,1,0,0,1,1
1648376,1,0,0,0,0,0,1
1649166,1,1,1,0,0,0,0
1649499,0,0,0,0,0,0,1
1650047,1,0,0,0,0,0,1
1650381,1,0,0,0,0,0,1
1650949,1,1,1,1,1,1,0
1650993,0,0,0,0,0,0,1
1651017,0,0,0,0,0,0,1
1651636,1,1,1,0,0,1,0
1652687,1,1,1,1,1,1,0
1654077,1,0,0,0,0,0,1
1655152,1,0,0,0,0,0,1
1655552,1,1,1,0,0,1,0
1656342,1,1,1,1,0,0,0
1658185,1,1,0,0,0,0,0
1659887,1,1,1,0,0,1,0
1660196,1,1,1,1,1,1,0
1661273,1,1,1,0,0,1,0
1662752,1,1,0,0,0,1,0
1662847,1,1,1,1,1,1,0
1663538,1,1,1,0,0,0,0
1663967,0,0,0,0,0,0,1
1664469,1,1,1,1,1,1,0
1665373,1,1,1,0,0,0,0
1665374,1,1,1,1,1,1,0
1666156,1,1,1,1,1,1,0
1666997,1,1,1,1,0,0,1
1667376,0,0,0,0,0,0,0
1667465,1,0,0,0,0,0,1
1667654,1,0,0,0,0,0,1
1669281,1,0,0,0,0,0,1
1671151,1,1,1,1,0,0,0
1672276,1,0,0,0,0,0,1
1673348,0,0,0,0,0,0,0
1674116,1,0,0,0,0,0,1
1674185,1,0,0,0,0,0,0
1674753,1,0,0,0,0,0,1
1674846,0,0,0,0,0,0,0
1676136,1,1,1,0,0,0,1
1676257,1,1,1,0,0,0,1
1678029,1,1,1,1,1,1,0
1678335,0,0,0,0,0,0,0
1679579,1,0,0,0,0,0,1
1680297,1,1,1,1,1,1,0
1681081,0,0,0,0,0,0,1
1681296,1,1,1,0,0,1,0
1681363,1,1,1,1,1,1,0
1682030,1,1,1,1,0,0,0
1682337,1,0,0,0,0,0,1
1682553,1,1,1,1,0,0,1
1682884,1,1,1,1,0,1,1
1683308,1,0,0,0,0,0,0
1683883,1,1,1,1,1,1,0
1684430,1,1,1,1,1,1,0
1686104,1,1,1,1,0,0,1
1686342,1,1,1,1,0,0,1
1688736,1,1,1,1,1,1,0
1689525,1,1,1,1,0,0,0
1689741,1,0,0,0,0,0,0
1690072,0,0,0,0,0,0,0
1691075,1,1,1,1,0,0,0
1691119,0,0,0,0,0,0,1
1693538,1,1,1,1,0,0,0
1693656,0,0,0,0,0,0,1
1694057,1,1,1,1,1,1,0
1695924,0,0,0,0,0,0,0
1696933,0,0,0,0,0,0,0
1698319,1,0,0,0,0,0,0
1699109,1,1,1,1,0,1,1
1699847,1,0,0,0,0,0,1
1700730,1,1,0,0,0,0,0
1700848,1,1,1,0,0,1,0
1701249,1,1,1,0,0,1,0
1702113,1,0,0,0,0,0,1
1702804,1,1,1,1,1,1,0
1703108,0,0,0,0,0,0,0
1704594,1,0,0,0,0,0,1
1704953,1,1,1,1,1,1,0
1705092,1,0,0,0,0,0,1
1705759,1,1,1,1,1,1,0
1707173,1,1,1,1,0,0,1
1708437,0,0,0,0,0,0,0
1708674,1,1,1,0,0,0,1
1710182,1,0,0,0,0,0,1
1710296,1,1,1,1,0,0,0
1711998,1,1,1,0,0,0,1
1712040,1,1,1,1,0,0,1
1712280,0,0,0,0,0,0,0
1712947,0,0,0,0,0,0,0
1713543,1,0,0,0,0,0,1
1714357,0,0,0,0,0,0,0
1715092,1,1,1,1,1,1,0
1715617,0,0,0,0,0,0,0
1716238,1,1,1,1,1,1,0
1717245,1,1,1,1,1,1,0
1718388,1,0,0,0,0,0,1
1719468,1,1,1,0,0,0,0
1720013,1,1,1,0,0,0,1
1720443,1,1,1,1,1,1,0
1720556,1,1,1,1,1,1,0
1721009,0,0,0,0,0,0,1
1722255,1,1,1,1,1,1,0
1722368,1,1,1,0,0,0,1
1723422,1,1,1,1,0,0,0
1724016,1,1,1,1,1,1,0
1724425,1,1,1,0,0,1,0
1725835,1,1,1,1,1,1,0
1726648,1,0,0,0,0,0,0
1727653,1,1,1,1,1,1,0
1728176,1,1,1,1,1,1,0
1728193,0,0,0,0,0,0,0
1728720,0,0,0,0,0,0,1
1728883,1,0,0,0,0,0,1
1729142,1,1,1,1,0,0,1
1729332,0,0,0,0,0,0,1
1729351,0,0,0,0,0,0,1
1729875,0,0,0,0,0,0,1
1729919,0,0,0,0,0,0,1
1731184,1,1,1,1,0,0,0
1734833,1,1,0,0,0,0,0
1735377,1,1,1,0,0,0,0
1736289,1,0,0,0,0,0,1
1736330,1,1,1,1,0,0,0
1736520,1,1,1,1,0,0,0
1737090,0,0,0,0,0,0,1
1737111,1,1,0,0,0,0,0
1737155,0,0,0,0,0,0,1
1737417,0,0,0,0,0,0,1
1737579,0,0,0,0,0,0,1
1738364,1,1,1,0,0,0,0
1738485,1,0,0,0,0,0,1
1739149,1,1,1,1,1,1,0
1739216,0,0,0,0,0,0,1
1740102,1,1,1,1,1,1,0
1740772,1,1,1,1,0,0,1
1740958,1,0,0,0,0,0,1
1741437,1,0,0,0,0,0,1
1741476,1,1,1,1,1,1,0
1742028,1,0,0,0,0,0,1
1742068,0,0,0,0,0,0,1
1742956,1,0,0,0,0,0,1
1744249,1,1,1,1,1,1,0
1744360,1,1,1,1,1,1,0
1744404,0,0,0,0,0,0,1
1744739,1,1,1,1,0,0,0
1746292,1,0,0,0,0,0,1
1746313,0,0,0,0,0,0,0
1747201,1,1,1,0,0,0,1
1748130,1,1,1,1,0,0,0
1749328,1,1,1,1,0,0,1
1749729,1,1,1,1,1,1,0
1750494,1,1,1,1,1,1,0
1750497,1,1,1,1,1,1,0
1751927,1,1,1,0,0,0,0
1751929,1,0,0,0,0,0,1
1752446,1,1,1,1,0,1,1
1752516,1,1,1,1,0,0,1
1753468,1,1,1,1,0,0,0
1753707,1,0,0,0,0,0,1
1754948,1,0,0,0,0,0,1
1754996,1,1,1,0,0,0,1
1756068,1,0,0,0,0,0,1
1756451,1,1,1,0,0,0,1
1756901,1,1,1,0,0,0,0
1758216,0,0,0,0,0,0,1
1758263,1,1,1,1,1,1,0
1759101,1,1,1,0,0,1,0
1759622,1,1,1,0,0,0,0
1760915,1,1,1,1,0,0,1
1761364,1,1,1,1,1,1,0
1762180,1,1,1,1,0,0,0
1762633,1,1,1,1,1,1,0
1764089,0,0,0,0,0,0,0
1764091,1,1,1,1,1,1,0
1764949,1,1,1,1,1,1,0
1765448,1,1,1,1,1,1,0
1766329,1,1,1,1,1,1,0
1766735,1,1,1,1,0,0,1
1766802,1,0,0,0,0,0,0
1766846,0,0,0,0,0,0,1
1768499,0,0,0,0,0,0,1
1768540,1,1,1,0,0,1,0
1771010,1,1,1,1,1,1,0
1771460,1,1,1,1,1,1,0
1771697,1,1,1,1,0,0,1
1772129,1,1,1,1,0,0,0
1772628,1,1,1,0,0,0,0
1774926,1,1,1,0,0,1,1
1774944,1,1,1,1,0,0,1
1774968,1,1,1,1,1,1,0
1775085,1,1,1,1,0,0,1
1775679,1,1,1,1,0,0,0
1778076,1,1,1,1,0,0,1
1778118,1,1,1,1,0,0,1
1778881,1,1,1,1,0,0,0
1779212,0,0,0,0,0,0,1
1781250,1,1,1,1,0,0,1
1782281,1,1,1,1,0,0,0
1782368,1,0,0,0,0,0,1
1782369,1,1,1,1,1,1,0
1782820,1,1,1,1,0,0,1
1782863,1,1,1,0,0,0,0
1783840,1,1,1,1,1,1,0
1783982,1,1,1,0,0,0,1
1785129,1,1,1,1,0,0,1
1786425,1,1,1,1,0,0,1
1786660,1,1,1,1,1,1,0
1786988,1,1,1,1,0,0,1
1787301,1,0,0,0,0,0,1
1787558,1,0,0,0,0,0,1
1787721,1,0,0,0,0,0,1
1788438,1,0,0,0,0,0,1
1789201,1,0,0,0,0,0,1
1789364,0,0,0,0,0,0,1
1789369,1,0,0,0,0,0,1
1790031,0,0,0,0,0,0,0
1790170,1,0,0,0,0,0,1
1791679,1,0,0,0,0,0,1
1792277,1,1,1,1,1,1,0
1793832,1,1,1,0,0,0,0
1794523,1,1,1,1,1,1,0
1794953,1,1,1,1,1,1,0
1796146,1,0,0,0,0,0,1
1796381,1,1,1,0,0,0,0
1796477,1,0,0,0,0,0,1
1796540,1,1,1,1,0,0,0
1796875,1,1,1,1,1,1,0
1798357,1,0,0,0,0,0,1
1798883,1,1,1,1,0,0,1
1799505,1,0,0,0,0,0,1
1800097,1,0,0,0,0,0,1
1800236,1,1,1,1,1,1,0
1801004,0,0,0,0,0,0,0
1801165,1,0,0,0,0,0,1
1801235,1,0,0,0,0,0,1
1801257,1,0,0,0,0,0,1
1801416,1,0,0,0,0,0,1
1803310,1,1,1,1,0,0,0
1804001,1,0,0,0,0,0,1
1804092,0,0,0,0,0,0,1
1804617,0,0,0,0,0,0,1
1804711,1,0,0,0,0,0,1
1805116,0,0,0,0,0,0,1
1807148,1,0,0,0,0,0,1
1807152,1,1,1,1,1,1,0
1807262,1,1,1,1,1,1,0
1807812,0,0,0,0,0,0,1
1808433,0,0,0,0,0,0,0
1809028,1,0,0,0,0,0,1
1809236,0,0,0,0,0,0,1
1809453,1,0,0,0,0,0,1
1809494,1,1,1,1,1,1,0
1809995,1,1,1,1,1,1,0
1811672,1,1,1,1,1,1,0
1811785,1,1,1,1,0,0,0
1812380,1,1,1,1,1,1,0
1812810,1,1,1,1,1,1,0
1813455,1,1,1,0,0,1,1
1813521,1,1,1,1,1,1,0
1814264,1,0,0,0,0,0,1
1814568,1,1,1,1,1,1,0
1814951,1,1,1,1,1,1,0
1816289,1,1,1,1,1,1,0
1816479,1,1,1,1,1,1,0
1816621,0,0,0,0,0,0,0
1817673,1,0,0,0,0,0,1
1818675,1,0,0,0,0,0,1
1818888,1,0,0,0,0,0,1
1818978,0,0,0,0,0,0,1
1819381,1,0,0,0,0,0,1
1820339,1,0,0,0,0,0,1
1820477,1,0,0,0,0,0,1
1821744,1,1,1,0,0,1,0
1821861,1,1,1,1,1,1,0
1822627,1,0,0,0,0,0,1
1824857,0,0,0,0,0,0,0
1825570,1,1,1,0,0,0,1
1825975,1,1,1,0,0,1,1
1826068,1,1,0,0,0,0,0
1826252,1,1,1,0,0,1,1
1826704,0,0,0,0,0,0,1
1827854,1,0,0,0,0,0,1
1828045,1,1,1,1,1,1,0
1828617,1,0,0,0,0,0,1
1828636,1,1,1,1,1,1,0
1829037,1,1,1,0,0,1,0
1829752,1,1,1,1,1,1,0
1829775,1,1,1,1,1,1,0
1830466,1,1,1,1,1,1,0
1831112,1,1,1,1,1,1,0
1831249,1,1,1,1,1,1,0
1831364,1,1,1,1,1,1,0
1832251,1,0,0,0,0,0,1
1832461,1,1,1,1,1,1,0
1832484,1,1,1,1,1,1,0
1832502,1,1,1,1,1,1,0
1832856,1,0,0,0,0,0,1
1833238,0,0,0,0,0,0,1
1833738,0,0,0,0,0,0,1
1834048,1,1,1,1,1,1,0
1834139,1,1,1,1,1,1,0
1835192,0,0,0,0,0,0,1
1835668,0,0,0,0,0,0,1
1835761,1,1,0,0,0,1,0
1835923,1,1,1,1,1,1,0
1835964,1,1,1,1,1,1,0
1836057,1,1,1,1,1,1,0
1836510,1,1,1,1,1,1,0
1837704,1,1,1,1,1,1,0
1837728,1,1,1,1,1,1,0
1838203,1,1,1,0,0,1,1
1839159,1,0,0,0,0,0,1
1839344,1,1,1,1,0,1,1
1839392,1,1,1,1,1,1,0
1840563,1,0,0,0,0,0,1
1840628,1,1,1,0,0,1,1
1842715,1,1,1,1,0,0,1
1842929,1,1,1,0,0,1,0
1843233,1,1,0,0,0,1,0
1843516,1,0,0,0,0,0,1
1843682,1,1,1,0,0,1,0
1844039,1,0,0,0,0,0,1
1844061,1,0,0,0,0,0,1
1844342,0,0,0,0,0,0,1
1844985,1,1,1,0,0,0,1
1846228,1,1,1,1,1,1,0
1846272,0,0,0,0,0,0,1
1846417,1,1,1,1,1,1,0
1846556,0,0,0,0,0,0,0
1846621,1,1,1,1,1,1,0
1848061,1,1,1,1,1,1,0
1848508,1,1,1,1,1,1,0
1848532,1,1,1,1,1,1,0
1849028,0,0,0,0,0,0,1
1850325,1,1,1,1,1,1,0
1850391,1,1,1,1,0,1,1
1850888,1,1,1,1,1,1,0
1851510,0,0,0,0,0,0,0
1851841,1,1,1,1,1,1,0
1852676,1,1,1,1,1,1,0
1854282,1,1,1,1,1,1,0
1855720,1,1,0,0,0,0,0
1857517,0,0,0,0,0,0,0
1857583,1,1,1,0,0,1,0
1859041,1,1,0,0,0,1,0
1859785,1,0,0,0,0,0,1
1859872,1,1,0,0,0,0,0
1861478,1,1,1,0,0,0,0
1862916,1,1,1,0,0,1,0
1864783,1,1,1,0,0,0,0
1864785,1,1,1,1,1,1,0
1866237,0,0,0,0,0,0,0
1866763,1,1,1,1,1,1,0
1866852,1,1,1,1,0,0,1
1867739,1,0,0,0,0,0,1
1868093,1,1,1,1,1,1,0
1868666,1,1,0,0,0,0,0
1869457,1,0,0,0,0,0,1
1869617,1,1,1,1,1,1,0
1870096,1,1,1,0,0,0,0
1870234,1,1,1,1,1,1,0
1872054,1,0,0,0,0,0,1
1873057,1,1,1,0,0,1,1
1873798,1,1,1,1,1,1,0
1874032,1,1,0,0,0,0,0
1874919,1,1,1,0,0,1,0
1875970,1,0,0,0,0,0,1
1876641,1,1,1,0,0,0,0
1876971,1,1,1,1,1,1,0
1877015,0,0,0,0,0,0,1
1877133,0,0,0,0,0,0,1
1877272,1,1,1,0,0,1,0
1878874,1,0,0,0,0,0,1
1879039,1,1,1,1,1,1,0
1879084,1,1,1,1,1,1,0
1880229,1,1,1,1,0,0,0
1881208,1,1,0,0,0,0,0
1881828,1,0,0,0,0,0,1
1883122,1,1,1,1,1,1,0
1884129,0,0,0,0,0,0,1
1884192,1,0,0,0,0,0,1
1886036,1,1,1,1,1,1,0
1886227,1,1,1,0,0,0,0
1886272,1,0,0,0,0,0,0
1886939,0,0,0,0,0,0,1
1887198,1,1,1,1,1,1,0
1887409,1,1,0,0,0,0,0
1888007,1,0,0,0,0,0,1
1888049,0,0,0,0,0,0,1
1888238,1,0,0,0,0,0,1
1890852,1,1,1,1,1,1,0
1891206,1,1,1,1,1,1,0
1891301,1,1,0,0,0,0,0
1891896,1,0,0,0,0,0,1
1893208,1,1,1,0,0,1,0
1893661,1,0,0,0,0,0,1
1893876,1,1,1,1,1,1,0
1894588,1,0,0,0,0,0,1
1895187,1,1,1,0,0,1,0
1896308,1,0,0,0,0,0,1
1896668,1,1,1,1,1,1,0
1897644,1,1,1,1,1,1,0
1898386,1,1,1,0,0,0,0
1898481,1,1,1,1,0,0,0
1898619,1,0,0,0,0,0,1
1899044,1,1,1,0,0,0,1
1899210,0,0,0,0,0,0,1
1900145,1,1,1,1,1,1,0
1900451,1,1,1,0,0,0,1
1900829,1,1,0,0,0,1,0
1901352,1,1,1,0,0,1,1
1901397,0,0,0,0,0,0,1
1901400,1,1,1,0,0,1,1
1901969,1,1,1,1,1,1,0
1902466,1,1,1,0,0,0,1
1902797,1,1,1,1,1,1,0
1903200,1,1,1,1,1,1,0
1905334,1,1,1,1,1,1,0
1906817,1,1,1,1,1,1,0
1907390,1,1,1,0,0,1,1
1907627,0,0,0,0,0,0,0
1908584,0,0,0,0,0,0,0
1908649,1,1,1,1,0,0,1
1909153,0,0,0,0,0,0,0
1910392,1,1,1,0,0,0,0
1910487,1,1,1,0,0,0,1
1911804,1,1,1,1,0,0,1
1911941,1,1,1,1,1,1,0
1912680,1,0,0,0,0,0,1
1914574,1,1,1,1,0,0,0
1916349,1,1,0,0,0,0,0
1917687,1,1,0,0,0,0,0
1917731,0,0,0,0,0,0,1
1919000,0,0,0,0,0,0,0
1919137,1,1,0,0,0,0,0
1919876,1,1,1,1,0,0,0
1920235,1,1,1,1,1,1,0
1920928,1,0,0,0,0,0,1
1921762,1,1,0,0,0,0,0
1922335,1,1,1,1,1,1,0
1922714,0,0,0,0,0,0,1
1923288,1,1,1,1,1,1,0
1923525,1,1,0,0,0,0,0
1924071,1,1,1,1,1,1,0
1924116,0,0,0,0,0,0,1
1924905,0,0,0,0,0,0,1
1924946,1,1,1,1,1,1,0
1926143,1,1,1,1,1,1,0
1926305,1,1,0,0,0,0,0
1927044,1,1,0,0,0,0,0
1927619,1,1,1,1,1,1,0
1928265,0,0,0,0,0,0,1
1930321,1,1,1,0,0,0,1
1931304,1,1,0,0,0,0,0
1932089,1,1,1,1,1,1,0
1932134,1,1,1,0,0,0,0
1934124,1,1,1,1,1,1,0
1934236,1,1,1,0,0,0,0
1934811,1,1,1,0,0,1,0
1935457,1,1,0,0,0,0,0
1936432,1,1,1,1,1,1,0
1936791,1,0,0,0,0,0,1
1938104,1,1,1,1,1,1,0
1939277,1,1,1,0,0,1,0
1939322,1,1,0,0,0,0,0
1940012,1,1,1,1,1,1,0
1941305,1,1,1,1,1,1,0
1941308,1,1,1,0,0,0,0
1942645,1,1,1,0,0,0,0
1943983,1,1,0,0,0,0,0
1944435,0,0,0,0,0,0,1
1945317,1,0,0,0,0,0,1
1946514,1,1,1,1,0,0,0
1946559,1,0,0,0,0,0,1
1947200,1,1,1,0,0,1,0
1947607,0,0,0,0,0,0,1
1947842,1,0,0,0,0,0,1
1948440,0,0,0,0,0,0,1
1949107,1,1,0,0,0,0,1
1949607,1,0,0,0,0,0,1
1949672,1,0,0,0,0,0,1
1949817,1,1,1,0,0,1,0
1952497,1,1,1,0,0,0,0
1955038,1,1,1,0,0,0,0
1955636,1,1,1,0,0,0,0
1956807,1,1,0,0,0,0,0
1956872,1,1,1,0,0,0,0
1957017,1,1,1,0,0,0,0
1957084,1,0,0,0,0,0,1
1957729,0,0,0,0,0,0,1
1959689,1,1,1,0,0,0,0
1962230,0,0,0,0,0,0,0
1962249,1,1,1,1,1,1,0
1963999,1,1,1,1,0,0,0
1964064,0,0,0,0,0,0,0
1964280,1,1,1,1,0,0,0
1964873,1,1,1,1,1,1,0
1964921,1,1,1,0,0,0,0
1965682,1,1,1,1,1,1,0
1966615,1,1,1,1,1,1,0
1966636,1,0,0,0,0,0,1
1966657,1,0,0,0,0,0,1
1967490,1,1,1,1,1,1,0
1967868,1,1,1,1,1,1,0
1968275,1,0,0,0,0,0,1
1968393,1,1,1,1,1,1,0
1968602,1,0,0,0,0,0,1
1969200,1,1,1,1,1,1,0
1970467,1,0,0,0,0,0,1
1970774,1,1,1,0,0,0,1
1971013,1,1,1,1,1,1,0
1971032,1,1,1,1,1,1,0
1971076,0,0,0,0,0,0,1
1972029,1,1,1,0,0,1,0
1972699,1,0,0,0,0,0,1
1973272,0,0,0,0,0,0,1
1974013,0,0,0,0,0,0,1
1974608,1,0,0,0,0,0,1
1975032,0,0,0,0,0,0,0
1977958,0,0,0,0,0,0,0
1978123,1,1,1,1,1,1,0
1979221,1,1,1,0,0,0,0
1980707,1,0,0,0,0,0,1
1981014,1,1,1,1,1,1,0
1981205,0,0,0,0,0,0,0
1981249,0,0,0,0,0,0,1
1981409,0,0,0,0,0,0,1
1981550,0,0,0,0,0,0,1
1981788,1,0,0,0,0,0,0
1982044,1,0,0,0,0,0,1
1982765,1,0,0,0,0,0,1
1983452,1,0,0,0,0,0,1
1983454,0,0,0,0,0,0,1
1983613,1,1,1,1,1,1,0
1983615,1,0,0,0,0,0,1
1983632,1,1,1,1,1,1,0
1983940,0,0,0,0,0,0,1
1984150,1,0,0,0,0,0,1
1984605,1,1,1,1,0,0,1
1985247,1,0,0,0,0,0,1
1985289,1,0,0,0,0,0,1
1985861,1,0,0,0,0,0,1
1986026,1,1,1,1,1,1,0
1986457,1,1,1,1,1,1,0
1987217,1,1,1,1,1,1,0
1987220,1,0,0,0,0,0,1
1987859,1,0,0,0,0,0,1
1988237,0,0,0,0,0,0,1
1988690,1,1,1,0,0,1,1
1989119,1,0,0,0,0,0,1
1990001,1,1,1,1,1,1,0
1990596,1,1,1,0,0,1,0
1990880,0,0,0,0,0,0,1
1992485,1,1,1,1,1,1,0
1992843,1,0,0,0,0,0,1
1993556,1,1,1,1,1,1,0
1993629,0,0,0,0,0,0,0
1994319,1,1,1,1,1,1,0
1994388,0,0,0,0,0,0,0
1994937,1,1,1,1,1,1,0
1995389,1,0,0,0,0,0,1
1995862,1,1,1,0,0,1,0
1995864,1,1,1,1,1,1,0
1996385,0,0,0,0,0,0,1
1997074,1,0,0,0,0,0,1
1998368,1,1,1,1,1,1,0
1998938,1,1,1,1,1,1,0
1999057,1,1,1,1,1,1,0
1999649,1,1,1,0,0,1,0
2000724,1,1,1,0,0,1,0
2001491,1,1,1,0,0,1,0
2001561,1,1,1,1,0,0,1
2002466,1,1,1,1,1,1,0
2003161,1,1,1,1,1,1,0
2003994,1,1,1,1,1,1,0
2004593,1,1,1,1,1,1,0
2005548,0,0,0,0,0,0,0
2005953,0,0,0,0,0,0,1
2006714,1,1,1,1,1,1,0
2006829,1,1,1,0,0,1,0
2007860,1,1,1,1,1,1,0
2007900,1,1,1,0,0,1,0
2007904,0,0,0,0,0,0,1
2008663,1,1,0,0,0,0,0
2008921,1,1,1,1,1,1,0
2009614,1,1,1,1,1,1,0
2009756,1,0,0,0,0,0,1
2010853,1,0,0,0,0,0,1
2011450,1,1,1,1,1,1,0
2011495,1,1,1,1,1,1,0
2012044,1,1,1,1,1,1,0
2012088,0,0,0,0,0,0,1
2013019,1,0,0,0,0,0,1
2013113,1,1,1,1,0,0,0
2013157,0,0,0,0,0,0,1
2013390,1,1,1,1,1,1,0
2014324,1,1,1,1,1,1,0
2015060,1,1,1,0,0,1,0
2016712,1,0,0,0,0,0,1
2017287,1,1,1,1,1,1,0
2018025,1,1,1,0,0,0,0
2019388,1,0,0,0,0,0,1
2020349,1,1,0,0,0,1,0
2020582,1,1,1,1,0,0,0
2020626,0,0,0,0,0,0,1
2021512,0,0,0,0,0,0,0
2022225,1,1,1,1,1,1,0
2023470,1,1,1,1,1,1,0
2023780,1,1,1,1,1,1,0
2024471,0,0,0,0,0,0,0
2024825,0,0,0,0,0,0,1
2025232,1,1,1,1,1,1,0
2025874,1,1,1,1,1,1,0
2026564,1,1,1,0,0,0,0
2026948,0,0,0,0,0,0,1
2027521,1,1,1,0,0,0,0
2028546,1,1,1,1,1,1,0
2028613,1,1,1,1,1,1,0
2028733,1,0,0,0,0,0,1
2029088,1,1,1,1,1,1,0
2030669,1,1,1,1,1,1,0
2031408,1,1,1,1,1,1,0
2031643,0,0,0,0,0,0,0
2033225,1,1,1,1,1,1,0
2033532,1,1,1,1,1,1,0
2033740,1,1,1,0,0,1,0
2034312,1,0,0,0,0,0,1
2034889,1,0,0,0,0,0,1
2035052,1,1,1,1,1,1,0
2035718,1,1,1,0,0,1,0
2035785,0,0,0,0,0,0,0
2036673,1,1,1,1,1,1,0
2036784,1,1,1,1,0,0,1
2037119,1,1,1,1,1,1,0
2037449,1,1,1,1,1,1,0
2037905,0,0,0,0,0,0,1
2038188,1,1,1,1,1,1,0
2038663,1,1,1,1,1,1,0
2038944,1,1,1,1,1,1,0
2040863,1,1,1,1,1,1,0
2041696,1,1,1,1,1,1,0
2042894,1,1,1,0,0,1,0
2042939,1,1,1,1,1,1,0
2043844,1,1,1,1,1,1,0
2044633,0,0,0,0,0,0,0
2045038,1,1,1,1,1,1,0
2045085,1,1,1,1,0,0,0
2045368,1,1,1,1,0,0,0
2046228,0,0,0,0,0,0,1
2048335,1,1,1,0,0,1,1
2048380,1,1,1,1,1,1,0
2048588,0,0,0,0,0,0,1
2049569,1,1,1,0,0,1,1
2049880,1,1,1,1,1,1,0
2050256,1,1,1,1,1,1,0
2051023,1,1,1,1,1,1,0
2051185,1,1,1,1,1,1,0
2051784,1,1,1,1,1,1,0
2052210,0,0,0,0,0,0,0
2052257,0,0,0,0,0,0,0
2052849,1,1,1,1,1,1,0
2052871,1,1,1,1,1,1,0
2053104,1,1,1,1,1,1,0
2053870,1,1,1,1,0,0,1
2054033,1,0,0,0,0,0,1
2054604,1,1,1,1,1,1,0
2055109,1,1,1,0,0,0,1
2055728,1,1,1,1,0,0,1
2056612,1,0,0,0,0,0,1
2057521,1,1,1,1,1,1,0
2060059,1,1,1,0,0,1,0
2060153,1,1,1,1,1,1,0
2061058,1,1,1,0,0,0,0
2061221,1,1,1,1,0,0,0
2061792,1,1,1,0,0,1,0
2062057,1,1,1,1,1,1,0
2062484,1,1,1,0,0,1,1
2062670,1,0,0,0,0,0,1
2062691,1,1,1,1,1,1,0
2063790,1,0,0,0,0,0,1
2064028,1,0,0,0,0,0,1
2064308,1,1,1,1,1,1,0
2064475,1,1,1,1,1,1,0
2064494,1,0,0,0,0,0,1
2065714,1,0,0,0,0,0,1
2065736,1,0,0,0,0,0,1
2065754,0,0,0,0,0,0,1
2067503,1,1,1,1,1,1,0
2067504,1,1,1,1,1,1,0
2067665,1,1,0,0,0,1,1
2068377,1,1,1,0,0,1,0
2068423,0,0,0,0,0,0,1
2070052,1,1,1,1,1,1,0
2070381,1,1,1,1,1,1,0
2070693,1,1,1,1,1,1,0
2071476,1,1,1,0,0,0,0
2071620,0,0,0,0,0,0,1
2071973,1,0,0,0,0,0,1
2072930,1,1,1,1,0,0,0
2073716,1,1,1,1,1,1,0
2074365,1,1,1,1,1,1,0
2074909,1,1,1,1,1,1,0
2074932,1,1,1,1,0,0,1
2075599,0,0,0,0,0,0,0
2076024,1,1,1,1,1,1,0
2076673,1,0,0,0,0,0,1
2076860,1,1,1,1,1,1,0
2076901,1,1,1,1,1,1,0
2078072,1,1,1,1,1,1,0
2078693,1,1,1,1,1,1,0
2079605,1,1,1,1,1,1,0
2080102,1,1,1,0,0,1,0
2080145,1,1,1,0,0,1,1
2080524,1,1,1,0,0,1,1
2080884,1,1,1,1,1,1,0
2081646,1,0,0,0,0,0,1
2082169,1,1,1,1,1,1,0
2082767,1,1,1,0,0,0,0
2083216,1,0,0,0,0,0,1
2084869,1,0,0,0,0,0,1
2085685,1,1,1,1,1,1,0
2086423,1,1,1,1,1,1,0
2086537,1,1,1,1,1,1,0
2087641,1,1,1,0,0,0,1
2088068,1,1,1,0,0,1,0
2088830,1,1,1,0,0,1,0
2089617,1,1,1,0,0,1,1
2089904,1,1,1,0,0,0,1
2089923,1,1,1,0,0,1,1
2090257,1,1,1,1,1,1,0
2090392,0,0,0,0,0,0,0
2091160,1,1,1,1,1,1,0
2091443,1,1,1,1,1,1,0
2091532,1,0,0,0,0,0,1
2092417,1,1,1,0,0,0,1
2094119,1,1,1,1,1,1,0
2094425,1,1,1,1,1,1,0
2094924,1,1,0,0,0,0,1
2096002,1,1,1,0,0,1,0
2096360,1,1,1,0,0,1,1
2096520,1,1,1,1,1,1,0
2097433,1,1,1,1,0,0,0
2099156,1,1,1,1,1,1,0
2099174,1,1,1,1,0,0,1
2099293,1,1,1,1,0,0,1
2100509,1,0,0,0,0,0,1
2101034,1,0,0,0,0,0,1
2101037,1,0,0,0,0,0,1
2101291,1,1,1,1,0,0,0
2102197,1,1,1,1,1,1,0
2102482,1,1,1,1,1,1,0
2103700,1,1,1,1,0,0,0
2103989,1,1,1,0,0,1,1
2104583,1,1,1,1,1,1,0
2104625,1,1,1,1,1,1,0
2104669,0,0,0,0,0,0,1
2105624,1,1,1,1,1,1,0
2105814,1,1,1,1,1,1,0
2106316,1,0,0,0,0,0,0
2106357,1,1,1,1,1,1,0
2106401,0,0,0,0,0,0,1
2106423,1,1,1,1,1,1,0
2107304,1,1,1,1,1,1,0
2107306,1,1,1,1,1,1,0
2107900,1,1,1,1,1,1,0
2108013,1,1,1,1,1,1,0
2108323,1,1,1,1,1,1,0
2109060,1,1,1,1,1,1,0
2109276,1,0,0,0,0,0,1
2109485,1,1,1,1,1,1,0
2110251,1,1,1,1,1,1,0
2111137,1,1,1,1,0,0,0
2111201,1,1,1,1,1,1,0
2111222,1,1,1,1,1,1,0
2112850,1,1,1,1,1,1,0
2113065,0,0,0,0,0,0,1
2113417,1,1,1,1,1,1,0
2114757,1,1,1,1,1,1,0
2115669,1,1,1,1,1,1,0
2116236,1,1,0,0,0,0,0
2116378,1,1,1,1,1,1,0
2116448,0,0,0,0,0,0,0
2117405,1,1,1,1,1,1,0
2117423,1,1,1,0,0,1,0
2118472,1,1,1,1,1,1,0
2119599,1,1,1,1,1,1,0
2121084,1,1,1,0,0,1,1
2121727,1,1,1,1,1,1,0
2121771,0,0,0,0,0,0,1
2121933,1,1,1,0,0,1,0
2122264,1,1,1,1,1,1,0
2123032,1,1,1,1,1,1,0
2123485,1,1,1,1,0,0,1
2123550,1,1,1,1,0,0,0
2123856,1,1,1,1,1,1,0
2123925,1,1,1,1,1,1,0
2124668,1,1,1,1,1,1,0
2124687,1,1,1,1,1,1,0
2125042,1,1,1,1,1,1,0
2125828,1,1,1,1,1,1,0
2126405,1,1,1,1,1,1,0
2126422,1,0,0,0,0,0,1
2126465,1,1,1,0,0,1,1
2130780,0,0,0,0,0,0,1
2131475,1,1,1,0,0,0,1
2131856,1,1,1,0,0,0,0
2132136,1,0,0,0,0,0,1
2133047,1,1,1,1,1,1,0
2133520,1,1,1,1,1,1,0
2133592,1,1,1,1,1,1,0
2133593,0,0,0,0,0,0,0
2133606,0,0,0,0,0,0,0
2133649,0,0,0,0,0,0,0
2134343,1,1,1,1,1,1,0
2134721,1,0,0,0,0,0,1
2135392,1,0,0,0,0,0,1
2135507,1,0,0,0,0,0,1
2137256,1,1,1,0,0,1,1
2137731,1,1,1,1,1,1,0
2139023,1,1,1,1,1,1,0
2139236,1,1,1,1,1,1,0
2139878,1,1,1,1,1,1,0
2140688,1,1,0,0,0,0,0
2140761,1,1,1,0,0,1,0
2141691,1,1,1,1,1,1,0
2141901,0,0,0,0,0,0,0
2142138,1,1,1,1,1,1,0
2142257,1,1,1,1,1,1,0
2142680,1,1,1,1,1,1,0
2143687,1,1,1,1,1,1,0
2143849,1,1,1,1,1,1,0
2144185,1,1,1,1,1,1,0
2144875,1,1,1,1,1,1,0
2145228,0,0,0,0,0,0,1
2145757,1,1,1,1,1,1,0
2146400,1,1,1,1,0,0,0
2146465,1,1,1,1,1,1,0
2147473,1,1,1,1,1,1,0
2147755,1,1,1,1,1,1,0
2148280,1,1,1,1,1,1,0
2148321,1,1,1,1,1,1,0
2149302,1,1,1,0,0,0,0
2149371,1,1,1,1,1,1,0
2150640,1,1,1,1,1,1,0
2151738,1,1,1,1,1,1,0
2151739,1,1,1,1,1,1,0
2152400,1,1,1,0,0,1,0
2152424,1,1,1,1,1,1,0
2153235,1,1,1,1,1,1,0
2153446,1,1,1,1,1,1,0
2153490,0,0,0,0,0,0,1
2153920,1,1,1,1,1,1,0
2154296,1,1,1,1,1,1,0
2154633,1,1,1,0,0,1,0
2155034,1,1,1,1,1,1,0
2155247,1,1,1,1,1,1,0
2155408,1,0,0,0,0,0,1
2155477,1,1,1,0,0,1,0
2156269,1,1,1,1,1,1,0
2156600,1,1,1,1,1,1,0
2156666,1,1,1,1,1,1,0
2157023,1,1,1,1,1,1,0
2157736,1,0,0,0,0,0,1
2157759,1,0,0,0,0,0,1
2157780,1,0,0,0,0,0,1
2158641,1,0,0,0,0,0,1
2158971,0,0,0,0,0,0,1
2160333,1,1,1,1,0,0,1
2161048,0,0,0,0,0,0,1
2162393,1,1,1,1,0,0,1
2162745,1,1,1,1,1,1,0
2163846,0,0,0,0,0,0,0
2164515,0,0,0,0,0,0,1
2164968,1,1,1,0,0,0,0
2165970,1,1,1,1,1,1,0
2166208,1,0,0,0,0,0,1
2166875,1,1,1,1,1,1,0
2168070,1,1,1,1,1,1,0
2168232,1,1,1,0,0,1,0
2168496,1,0,0,0,0,0,1
2168540,0,0,0,0,0,0,1
2168943,1,1,1,1,0,1,1
2169565,0,0,0,0,0,0,0
2169702,1,0,0,0,0,0,1
2169913,1,1,1,0,0,0,0
2170679,1,1,1,0,0,0,1
2171657,1,0,0,0,0,0,1
2172014,1,1,1,0,0,1,1
2173209,1,1,1,1,1,1,0
2173759,1,1,1,0,0,0,1
2174140,0,0,0,0,0,0,1
2174493,1,1,1,1,1,1,0
2175400,1,1,1,0,0,0,0
2175806,1,1,1,0,0,0,1
2176741,1,1,1,0,0,0,0
2177478,1,1,1,0,0,0,1
2178245,1,1,1,1,1,1,0
2179462,1,0,0,0,0,0,1
2180947,1,1,1,1,0,0,0
2181328,1,1,1,1,0,0,0
2181681,1,1,1,0,0,0,0
2182588,1,1,1,1,0,0,0
2182756,1,1,1,1,1,1,0
2185441,1,1,1,1,0,0,0
2185792,1,1,1,0,0,1,1
2186079,0,0,0,0,0,0,1
2186650,1,1,1,1,0,0,0
2187124,1,1,1,1,1,1,0
2187965,1,0,0,0,0,0,1
2188126,1,1,1,1,1,1,0
2188291,1,1,1,1,1,1,0
2188553,1,0,0,0,0,0,1
2188857,1,1,1,0,0,1,0
2189623,1,0,0,0,0,0,1
2189928,1,1,1,1,1,1,0
2189932,1,1,1,1,0,0,0
2191097,1,1,1,1,0,0,1
2191287,1,1,1,1,1,1,0
2191789,1,1,1,0,0,1,1
2192070,1,1,1,1,1,1,0
2192641,1,1,1,1,1,1,0
2193092,1,1,1,1,1,1,0
2194937,1,1,1,1,1,1,0
2195249,1,1,1,0,0,0,1
2197116,1,1,1,0,0,0,0
2197688,0,0,0,0,0,0,1
2197732,0,0,0,0,0,0,1
2198449,1,0,0,0,0,0,1
2198467,1,1,1,1,0,0,0
2198677,1,0,0,0,0,0,1
2199250,1,1,1,0,0,0,0
2200276,1,1,1,1,0,0,0
2200731,0,0,0,0,0,0,1
2200945,1,1,1,1,1,1,0
2201084,1,1,1,1,1,1,0
2202449,1,1,1,1,1,1,0
2202467,1,1,1,1,1,1,0
2202534,1,1,1,1,1,1,0
2203612,1,1,1,1,1,1,0
2204257,1,1,1,1,1,1,0
2204417,0,0,0,0,0,0,1
2204461,0,0,0,0,0,0,1
2204820,1,0,0,0,0,0,1
2206036,0,0,0,0,0,0,1
2206061,1,1,1,1,0,0,1
2206367,1,1,1,0,0,0,1
2206844,1,1,1,1,1,1,0
2207460,1,1,1,1,1,1,0
2207481,1,1,1,0,0,0,1
2207482,1,1,1,0,0,1,1
2207485,1,1,1,1,1,1,0
2209584,1,1,1,1,1,1,0
2209605,1,1,1,1,1,1,0
2210052,1,1,1,1,0,0,1
2210219,1,1,1,1,0,0,1
2210720,1,0,0,0,0,0,1
2210882,1,1,1,1,1,1,0
2210926,0,0,0,0,0,0,1
2210969,1,1,1,1,0,0,1
2211879,1,1,1,1,1,1,0
2212548,1,1,1,1,1,1,0
2212564,1,1,1,1,1,1,0
2212610,1,1,1,1,1,1,0
2213495,1,1,1,1,1,1,0
2213539,0,0,0,0,0,0,1
2213633,1,1,1,1,1,1,0
2214276,1,1,1,0,0,0,1
2214486,1,1,1,1,1,1,0
2214744,1,1,1,1,1,1,0
2215151,1,1,1,1,1,1,0
2215677,1,1,1,1,1,1,0
2216752,1,1,1,1,1,1,0
2216915,1,1,1,1,0,0,1
2217124,1,1,1,1,1,1,0
2217168,0,0,0,0,0,0,1
2217190,1,1,1,1,1,1,0
2217193,1,1,1,1,0,0,1
2217880,1,0,0,0,0,0,1
2218113,1,1,1,0,0,0,0
2218472,0,0,0,0,0,0,1
2218875,1,1,1,1,1,1,0
2218921,1,1,1,1,1,1,0
2218986,1,1,1,1,1,1,0
2219776,1,0,0,0,0,0,1
2220681,1,1,1,1,1,1,0
2221568,1,1,1,0,0,0,1
2222136,1,1,1,1,1,1,0
2222183,1,1,1,1,1,1,0
2222325,1,1,1,1,1,1,0
2224764,1,0,0,0,0,0,1
2224767,1,0,0,0,0,0,1
2226174,1,1,1,0,0,0,0
2227873,1,1,1,1,0,0,0
2227967,0,0,0,0,0,0,1
2228656,1,0,0,0,0,0,1
2228752,1,1,1,0,0,1,0
2229517,1,1,1,0,0,0,0
2230733,1,0,0,0,0,0,1
2230777,0,0,0,0,0,0,1
2230868,1,0,0,0,0,0,1
2232497,1,1,1,1,1,1,0
2233358,0,0,0,0,0,0,0
2233761,1,1,1,1,1,1,0
2234121,1,0,0,0,0,0,1
2234905,1,0,0,0,0,0,1
2235143,0,0,0,0,0,0,0
2235258,1,0,0,0,0,0,1
2235928,1,1,1,1,0,0,0
2236282,1,0,0,0,0,0,1
2236325,1,1,1,1,0,0,1
2238048,1,1,1,0,0,0,0
2239076,1,0,0,0,0,0,1
2239169,1,1,1,0,0,0,1
2241305,1,1,1,0,0,0,0
2242331,1,1,1,0,0,0,0
2242929,1,0,0,0,0,0,1
2243116,1,1,1,0,0,0,0
2243470,1,1,1,0,0,0,0
2244403,1,1,1,1,1,1,0
2244641,1,0,0,0,0,0,1
2246149,1,1,1,1,1,1,0
2246260,1,1,1,0,0,1,0
2246353,1,1,1,0,0,0,0
2247959,1,0,0,0,0,0,1
2248075,0,0,0,0,0,0,1
2250304,1,1,1,1,0,0,0
2250658,1,1,1,0,0,0,0
2251568,1,1,1,1,1,1,0
2251682,1,0,0,0,0,0,1
2252928,1,1,1,1,1,1,0
2253234,1,1,1,1,1,1,0
2253329,1,1,1,0,0,1,0
2253395,1,1,1,1,1,1,0
2253436,0,0,0,0,0,0,0
2253529,1,1,1,1,0,0,0
2254751,1,1,1,1,1,1,0
2254962,1,1,1,1,1,1,0
2255340,1,1,1,1,0,0,1
2255797,1,1,1,0,0,1,1
2256679,1,1,1,1,1,1,0
2257109,1,1,1,1,1,1,0
2257198,1,1,1,1,1,1,0
2258080,1,1,1,1,1,1,0
2258247,1,1,1,1,1,1,0
2258533,1,1,1,1,1,1,0
2258838,1,1,1,1,1,1,0
2258882,0,0,0,0,0,0,1
2258926,0,0,0,0,0,0,1
2259304,1,1,1,1,1,1,0
2259879,1,1,1,1,1,1,0
2259973,1,1,1,1,1,1,0
2260064,1,1,1,0,0,0,0
2260560,1,1,1,1,0,0,1
2260677,1,1,1,1,0,0,0
2261010,1,1,1,1,1,1,0
2261247,1,1,1,1,1,1,0
2261841,1,0,0,0,0,0,1
2261860,1,1,1,1,1,1,0
2261981,1,1,1,1,0,0,1
2262262,1,1,1,0,0,0,1
2262787,1,1,1,1,1,1,0
2263213,1,1,1,1,1,1,0
2263594,1,1,1,1,1,1,0
2264263,1,1,1,0,0,0,1
2264333,1,0,0,0,0,0,1
2264782,1,0,0,0,0,0,1
2264897,1,1,1,1,1,1,0
2265807,1,1,1,1,1,1,0
2265922,1,0,0,0,0,0,1
2266325,1,0,0,0,0,0,1
2266493,1,1,1,1,1,1,0
2267208,1,1,1,0,0,0,0
2267322,1,1,1,1,1,1,0
2267343,1,1,1,1,1,1,0
2267673,1,0,0,0,0,0,1
2268751,1,1,1,1,1,1,0
2268842,1,1,1,1,1,1,0
2268864,1,0,0,0,0,0,1
2269000,1,0,0,0,0,0,0
2270678,1,1,1,1,1,1,0
2270696,1,1,1,1,1,1,0
2270791,1,1,1,1,1,1,0
2271581,1,0,0,0,0,0,1
2272126,1,1,1,0,0,0,1
2273104,1,1,1,0,0,0,1
2273246,1,0,0,0,0,0,1
2273987,1,1,1,0,0,0,1
2274316,1,1,1,1,1,1,0
2274841,1,0,0,0,0,0,0
2274958,1,1,1,1,1,1,0
2276036,1,1,1,0,0,1,0
2276076,1,1,1,1,1,1,0
2276721,1,1,1,1,1,1,0
2276722,1,1,1,1,1,1,0
2277747,1,1,1,1,1,1,0
2277982,1,1,1,1,1,1,0
2278073,1,1,1,1,0,1,1
2278164,1,1,1,1,0,0,1
2278741,1,1,1,0,0,0,0
2279596,1,1,1,1,1,1,0
2279716,1,1,1,1,1,1,0
2279782,1,1,1,1,1,1,0
2280952,1,0,0,0,0,0,1
2281695,1,1,1,1,0,0,1
2281741,1,1,1,0,0,0,1
2281928,1,1,1,0,0,0,1
2281970,1,1,1,0,0,0,1
2282133,1,1,1,1,0,0,1
2282877,1,1,1,1,1,1,0
2283182,1,1,1,1,1,1,0
2283203,1,1,1,1,0,0,1
2284255,1,0,0,0,0,0,1
2284565,1,1,1,1,1,1,0
2284846,1,1,1,1,1,1,0
2284913,1,1,1,0,0,1,1
2285873,1,0,0,0,0,0,1
2286369,1,1,1,1,1,1,0
2286370,1,1,1,1,1,1,0
2286508,0,0,0,0,0,0,1
2286551,1,1,1,0,0,1,1
2287794,1,1,1,1,1,1,0
2287983,1,1,1,1,1,1,0
2288052,1,0,0,0,0,0,1
2288092,0,0,0,0,0,0,0
2288785,1,1,1,1,1,1,0
2289596,1,1,1,1,1,1,0
2289598,1,1,1,1,1,1,0
2289831,1,1,1,1,1,1,0
2290812,1,1,1,1,1,1,0
2291335,1,1,1,1,1,1,0
2291376,1,1,1,1,1,1,0
2292213,1,1,1,1,1,1,0
2292284,1,1,1,1,0,0,1
2292446,1,1,1,0,0,0,1
2293021,1,1,0,0,0,0,0
2294361,1,1,1,1,1,1,0
2294594,1,1,1,1,1,1,0
2295817,1,1,1,1,1,1,0
2295978,1,1,1,1,1,1,0
2297053,1,1,1,0,0,0,1
2297170,1,1,1,1,1,1,0
2297480,1,1,1,0,0,1,1
2297481,1,0,0,0,0,0,1
2297520,0,0,0,0,0,0,1
2298450,1,1,1,1,1,1,0
2298495,1,1,1,0,0,1,0
2298536,1,1,1,0,0,1,0
2298968,1,1,1,1,1,1,0
2299013,1,0,0,0,0,0,1
2300569,1,0,0,0,0,0,1
2300849,1,1,1,1,1,1,0
2301182,1,1,1,1,1,1,0
2301584,1,1,1,1,1,1,0
2302521,1,1,1,1,0,0,1
2302680,1,0,0,0,0,0,1
2302749,1,1,1,0,0,0,1
2303440,1,0,0,0,0,0,1
2304665,1,1,1,0,0,1,1
2305497,1,1,1,1,1,1,0
2305518,1,1,1,1,1,1,0
2305659,1,1,1,1,0,0,0
2306136,1,1,1,0,0,1,0
2306321,1,0,0,0,0,0,1
2306632,1,0,0,0,0,0,1
2306890,1,1,1,1,1,1,0
2307775,1,1,0,0,0,0,1
2308349,1,1,1,0,0,0,1
2308893,1,1,1,1,1,1,0
2309540,1,1,1,0,0,0,1
2309967,1,0,0,0,0,0,1
2310416,1,1,1,1,1,1,0
2310437,1,1,1,1,1,1,0
2311754,1,0,0,0,0,0,1
2312207,1,1,1,1,1,1,0
2313304,1,1,1,1,1,1,0
2314095,1,1,1,1,1,1,0
2314425,1,1,1,1,1,1,0
2315212,1,1,1,1,1,1,0
2315523,1,1,1,1,1,1,0
2315525,1,1,1,0,0,0,0
2316165,1,0,0,0,0,0,1
2316708,1,1,1,1,1,1,0
2316712,1,1,1,0,0,1,0
2316941,1,1,1,1,1,1,0
2317971,1,1,1,1,1,1,0
2317993,1,1,1,1,1,1,0
2318922,1,1,0,0,0,0,0
2319132,1,1,1,1,1,1,0
2319492,1,1,1,1,1,1,0
2319558,1,0,0,0,0,0,1
2319602,0,0,0,0,0,0,1
2319815,1,1,1,1,1,1,0
2320193,1,1,1,1,1,1,0
2320769,1,1,1,1,1,1,0
2320836,1,1,1,1,1,1,0
2321070,1,1,1,1,1,1,0
2321573,1,0,0,0,0,0,1
2321589,1,0,0,0,0,0,1
2322185,1,0,0,0,0,0,1
2322422,1,0,0,0,0,0,1
2322468,1,1,1,1,1,1,0
2323927,1,1,1,1,1,1,0
2324381,1,1,1,1,1,1,0
2325577,1,1,1,1,1,1,0
2326288,1,1,0,0,0,0,0
2328708,1,0,0,0,0,0,1
2329377,1,1,1,1,0,0,0
2329614,1,1,1,1,0,0,0
2329660,1,1,1,1,0,0,0
2330950,1,1,1,1,1,1,0
2331041,1,1,1,1,1,1,0
2331111,1,1,1,0,0,1,0
2331752,1,0,0,0,0,0,1
2332449,1,1,1,1,1,1,0
2333065,1,1,1,1,1,1,0
2333280,1,1,1,1,1,1,0
2333416,1,1,1,1,1,1,0
2333681,1,0,0,0,0,0,1
2333986,1,1,1,1,1,1,0
2334221,1,0,0,0,0,0,1
2334772,1,1,1,1,1,1,0
2334836,1,1,1,1,1,1,0
2334909,1,1,1,1,1,1,0
2335333,1,1,1,1,1,1,0
2336100,1,1,1,1,1,1,0
2336217,1,1,1,1,1,1,0
2336761,1,1,1,1,1,1,0
2337432,1,1,1,1,1,1,0
2337909,1,1,1,1,1,1,0
2338263,1,1,1,1,0,0,0
2338281,1,1,1,1,1,1,0
2339313,1,1,1,1,1,1,0
2340025,1,1,1,1,1,1,0
2340027,1,1,1,1,1,1,0
2340067,0,0,0,0,0,0,1
2340977,1,0,0,0,0,0,1
2341138,1,1,0,0,0,0,0
2341615,1,1,1,1,1,1,0
2341899,0,0,0,0,0,0,1
2341988,1,1,1,0,0,1,0
2342393,1,1,1,1,1,1,0
2343660,1,1,1,1,1,1,0
2343729,1,1,1,1,1,1,0
2343991,1,1,1,1,1,1,0
2344540,1,1,1,1,0,0,1
2345253,1,1,1,1,1,1,0
2345346,1,1,1,1,1,1,0
2345391,1,1,1,1,1,1,0
2345676,1,1,1,0,0,0,1
2346846,1,1,1,1,1,1,0
2347131,1,1,1,1,1,1,0
2347245,1,1,1,1,1,1,0
2347580,1,0,0,0,0,0,1
2348078,1,1,1,1,1,1,0
2348125,0,0,0,0,0,0,0
2348645,1,1,1,1,1,1,0
2349100,1,1,1,1,1,1,0
2349646,1,1,1,1,1,1,0
2349715,1,1,1,1,0,0,1
2349737,1,1,1,1,1,1,0
2350305,1,1,1,1,1,1,0
2350544,1,1,1,1,1,1,0
2350800,1,1,1,1,0,0,0
2351015,1,1,1,1,1,1,0
2351610,1,1,1,1,0,0,1
2351940,1,1,1,1,1,1,0
2352371,1,1,1,1,1,1,0
2352608,1,1,1,1,1,1,0
2352722,1,1,1,1,1,1,0
2353559,1,1,1,1,1,1,0
2353986,1,1,1,1,1,1,0
2354991,1,1,1,1,1,1,0
2355347,0,0,0,0,0,0,1
2355414,1,1,1,1,1,1,0
2356898,1,1,1,1,0,0,1
2356901,1,1,1,0,0,0,0
2357465,1,1,1,0,0,1,0
2357583,1,1,1,1,0,0,1
2358346,1,1,1,1,1,1,0
2358797,1,1,1,1,1,1,0
2358963,1,1,1,1,1,1,0
2359100,0,0,0,0,0,0,0
2359553,0,0,0,0,0,0,1
2359768,1,1,1,0,0,0,0
2359786,0,0,0,0,0,0,1
2360577,1,1,1,1,0,0,1
2360621,0,0,0,0,0,0,1
2360636,1,1,1,1,0,0,1
2360849,1,1,1,1,1,1,0
2361521,0,0,0,0,0,0,1
2361708,1,1,1,1,1,1,0
2361895,1,1,1,1,1,1,0
2362080,1,1,1,1,1,1,0
2362082,1,1,1,1,1,1,0
2362337,1,1,1,1,1,1,0
2362813,0,0,0,0,0,0,1
2362980,1,1,1,1,1,1,0
2363001,1,1,1,1,1,1,0
2363378,1,1,1,1,1,1,0
2363591,1,1,1,1,1,1,0
2364091,0,0,0,0,0,0,1
2364422,1,1,1,1,1,1,0
2364445,1,1,1,1,1,1,0
2364872,1,1,1,1,1,1,0
2365562,1,1,1,1,1,1,0
2365607,1,1,1,1,1,1,0
2366013,1,1,1,0,0,1,1
2366053,1,1,1,0,0,1,1
2366244,1,0,0,0,0,0,1
2366576,0,0,0,0,0,0,1
2366930,1,1,1,1,1,1,0
2367189,1,1,1,1,1,1,0
2367191,1,1,1,1,1,1,0
2367688,1,1,1,1,1,1,0
2367689,1,1,1,1,1,1,0
2367796,1,1,1,0,0,1,1
2368274,1,1,1,1,1,1,0
2368605,1,1,1,1,1,1,0
2369392,1,1,1,1,1,1,0
2369465,1,1,1,1,1,1,0
2369532,1,1,1,1,1,1,0
2370367,1,1,1,1,1,1,0
2370745,1,1,1,1,0,0,1
2370769,1,1,1,1,1,1,0
2370884,1,1,1,1,1,1,0
2370926,1,1,1,1,1,1,0
2371592,1,1,1,1,0,0,1
2372024,1,1,1,1,1,1,0
2372402,1,1,1,1,1,1,0
2372661,1,1,1,1,1,1,0
2373020,1,0,0,0,0,0,1
2374117,1,1,1,1,1,1,0
2374857,1,0,0,0,0,0,1
2375720,1,1,1,0,0,0,1
2376049,1,1,1,1,1,1,0
2376936,1,1,1,1,1,1,0
2377265,1,0,0,0,0,0,1
2377527,1,1,1,0,0,0,0
2377933,0,0,0,0,0,0,0
2378764,0,0,0,0,0,0,0
2379005,1,1,1,1,0,0,1
2379574,0,0,0,0,0,0,0
2380197,1,1,1,1,1,1,0
2380238,0,0,0,0,0,0,1
2380472,1,1,1,0,0,0,1
2380516,0,0,0,0,0,0,1
2381429,1,1,1,1,1,1,0
2381540,0,0,0,0,0,0,1
2382477,1,0,0,0,0,0,1
2382732,1,1,1,1,1,1,0
2383856,1,1,1,1,1,1,0
2384096,0,0,0,0,0,0,0
2384425,1,1,1,0,0,0,0
2384687,1,1,1,0,0,0,0
2385160,1,1,1,1,1,1,0
2385613,1,1,1,1,0,0,1
2385755,1,1,1,1,0,0,1
2385800,1,1,1,1,1,1,0
2386224,1,1,1,1,1,1,0
2386869,1,1,1,1,1,1,0
2387394,0,0,0,0,0,0,0
2389649,1,1,1,0,0,1,0
2389785,1,1,1,0,0,0,1
2390236,1,1,1,1,1,1,0
2390280,0,0,0,0,0,0,1
2392245,1,1,1,1,1,1,0
2392939,1,1,1,0,0,1,0
2392984,1,1,1,0,0,0,0
2394586,1,1,1,1,0,0,0
2394896,1,1,1,1,1,1,0
2394963,1,1,1,1,1,1,0
2396134,1,1,1,1,1,1,0
2396136,1,1,1,1,1,1,0
2396825,1,1,1,0,0,1,0
2397372,1,1,1,1,1,1,0
2397460,1,1,1,0,0,0,0
2397578,1,1,1,1,1,1,0
2397961,1,1,1,1,1,1,0
2398722,1,1,1,1,1,1,0
2398884,1,1,1,1,1,1,0
2399409,1,1,1,1,0,0,0
2400508,1,1,1,1,1,1,0
2400556,1,1,1,1,1,1,0
2401414,1,1,1,1,1,1,0
2401700,1,1,1,1,1,1,0
2401932,1,1,1,1,1,1,0
2402123,1,1,1,1,0,0,0
2402742,1,1,1,1,1,1,0
2403291,1,1,1,1,1,1,0
2403384,1,1,1,1,1,1,0
2404048,1,1,1,0,0,1,1
2404214,1,1,1,1,1,1,0
2404881,1,1,1,0,0,1,1
2404928,1,1,1,1,1,1,0
2405117,0,0,0,0,0,0,0
2405255,1,1,1,1,1,1,0
2405298,1,1,1,1,1,1,0
2405436,1,1,1,1,1,1,0
2406105,1,1,1,1,1,1,0
2406775,1,1,1,1,1,1,0
2406892,1,1,1,1,1,1,0
2406913,1,1,1,1,1,1,0
2406930,1,1,1,1,1,1,0
2406996,1,1,1,1,1,1,0
2407425,1,1,1,1,1,1,0
2408380,1,0,0,0,0,0,1
2408384,1,1,1,1,1,1,0
2408447,1,1,1,1,1,1,0
2408514,1,1,1,1,1,1,0
2408533,1,1,1,1,1,1,0
2408917,1,1,1,1,1,1,0
2409895,1,1,1,1,1,1,0
2409940,1,1,1,1,1,1,0
2410149,1,1,1,1,1,1,0
2410218,1,1,1,1,1,1,0
2410577,1,1,1,1,1,1,0
2410664,1,1,1,1,0,0,1
2411192,1,1,1,1,1,1,0
2411258,1,1,1,1,1,1,0
2411373,1,1,1,1,1,1,0
2411685,1,1,1,1,1,1,0
2411799,1,1,1,1,0,1,1
2412369,0,0,0,0,0,0,1
2412416,1,0,0,0,0,0,1
2412698,1,1,1,1,1,1,0
2413076,1,1,1,1,1,1,0
2413603,1,1,1,1,1,1,0
2414126,1,1,1,1,1,1,0
2414192,1,1,1,1,1,1,0
2414768,1,0,0,0,0,0,1
2414789,1,1,1,1,1,1,0
2415380,1,1,1,1,0,0,1
2415451,1,0,0,0,0,0,1
2416121,1,1,1,1,1,1,0
2416380,1,0,0,0,0,0,1
2416540,1,1,1,1,0,0,1
2416827,1,0,0,0,0,0,1
2417662,1,1,1,1,0,0,1
2417804,1,1,1,1,1,1,0
2417873,1,1,1,1,1,1,0
2417936,1,1,1,1,1,1,0
2418103,1,1,1,1,1,1,0
2418554,1,0,0,0,0,0,1
2419033,1,0,0,0,0,0,1
2419144,1,1,1,1,1,1,0
2419287,1,1,1,1,1,1,0
2419497,1,1,1,0,0,1,0
2419901,0,0,0,0,0,0,1
2420669,1,1,1,1,1,1,0
2420713,0,0,0,0,0,0,1
2421019,1,1,1,1,1,1,0
2421182,1,1,1,1,1,1,0
2421657,1,1,1,1,0,0,1
2422185,1,1,1,1,1,1,0
2423521,1,1,1,1,1,1,0
2423523,1,0,0,0,0,0,1
2424357,1,1,1,1,0,0,1
2424952,1,1,1,0,0,1,0
2425235,1,1,1,1,1,1,0
2425377,1,1,1,1,1,1,0
2426304,1,1,1,0,0,1,0
2426376,1,1,1,1,1,1,0
2426707,1,1,1,1,1,1,0
2427540,1,1,1,1,1,1,0
2427755,1,1,1,1,1,1,0
2428350,1,1,1,0,0,1,0
2429235,1,1,1,1,1,1,0
2430022,1,1,1,0,0,0,1
2430689,1,1,1,0,0,1,0
2430804,1,1,1,1,1,1,0
2430828,1,1,1,1,1,1,0
2430943,1,1,1,1,0,0,1
2432549,0,0,0,0,0,0,0
2432615,1,1,1,1,1,1,0
2432660,1,1,1,1,1,1,0
2432821,1,1,1,0,0,1,1
2433610,1,1,1,1,1,1,0
2433801,1,1,1,1,1,1,0
2434371,1,1,1,1,1,1,0
2434632,1,1,1,1,1,1,0
2434722,1,1,1,1,1,1,0
2435201,1,1,1,1,1,1,0
2435385,1,1,1,1,1,1,0
2435623,1,1,1,1,1,1,0
2435860,1,1,1,1,1,1,0
2436022,1,1,1,1,1,1,0
2436285,1,1,1,1,1,1,0
2436855,1,1,1,1,1,1,0
2437525,1,1,1,1,1,1,0
2437948,0,0,0,0,0,0,0
2438256,0,0,0,0,0,0,1
2438304,0,0,0,0,0,0,1
2438419,1,1,1,1,1,1,0
2438681,1,1,1,1,1,1,0
2438698,1,0,0,0,0,0,1
2439704,1,1,1,1,1,1,0
2439744,1,1,1,1,1,1,0
2439748,0,0,0,0,0,0,1
2440169,1,1,1,1,1,1,0
2440190,1,1,1,1,1,1,0
2440191,1,1,1,1,1,1,0
2440205,0,0,0,0,0,0,1
2440209,1,1,1,1,1,1,0
2440896,1,0,0,0,0,0,1
2441056,1,1,1,1,1,1,0
2441369,1,1,1,1,1,1,0
2441483,1,1,1,1,1,1,0
2441550,1,1,1,1,1,1,0
2442336,1,1,1,1,1,1,0
2442432,1,1,1,1,1,1,0
2442741,1,1,1,1,1,1,0
2443238,1,0,0,0,0,0,1
2443664,1,1,1,1,1,1,0
2443757,1,0,0,0,0,0,1
2444426,1,1,1,1,1,1,0
2444449,1,1,1,1,1,1,0
2444848,1,1,1,1,1,1,0
2445277,1,1,1,1,1,1,0
2446545,1,1,1,1,1,1,0
2447289,1,1,1,1,1,1,0
2447737,1,1,1,1,0,0,1
2447780,1,1,1,1,0,0,1
2448643,1,1,1,1,0,0,0
2449453,1,1,1,1,1,1,0
2449596,0,0,0,0,0,0,0
2450047,1,1,1,1,1,1,0
2450091,0,0,0,0,0,0,1
2450685,1,1,1,1,1,1,0
2451594,1,1,0,0,0,0,0
2451952,1,1,1,0,0,0,1
2452858,1,1,1,1,1,1,0
2452997,1,1,1,1,1,1,0
2453001,1,1,1,1,1,1,0
2454094,1,1,1,0,0,0,1
2454097,1,1,1,1,1,1,0
2454948,0,0,0,0,0,0,0
2455162,1,1,1,1,1,1,0
2456260,1,1,1,1,1,1,0
2456498,1,1,1,1,1,1,0
2457263,0,0,0,0,0,0,0
2457472,1,1,1,1,1,1,0
2457782,1,1,1,1,1,1,0
2457805,1,1,1,0,0,0,1
2459120,1,1,1,0,0,0,0
2460169,1,1,1,0,0,0,0
2461201,1,1,1,0,0,0,1
2463645,1,1,1,0,0,0,1
2464455,1,1,1,0,0,0,0
2464617,1,1,1,0,0,0,1
2464660,1,1,0,0,0,0,0
2464877,1,1,1,1,1,1,0
2464966,1,0,0,0,0,0,0
2465347,1,0,0,0,0,0,1
2465993,1,1,1,1,1,1,0
2466128,1,1,1,1,1,1,0
2466296,1,1,1,0,0,1,0
2467200,1,1,1,1,1,1,0
2467225,1,1,1,1,1,1,0
2468108,1,1,1,1,1,1,0
2468537,1,1,1,1,1,1,0
2468912,1,1,1,1,1,1,0
2469633,1,1,1,1,1,1,0
2470848,1,1,1,1,0,0,1
2470944,1,1,1,1,1,1,0
2471777,1,1,1,0,0,1,0
2472134,1,1,1,0,0,1,0
2472276,1,1,1,1,1,1,0
2472511,1,1,1,0,0,1,0
2473371,1,0,0,0,0,0,1
2473416,1,1,1,1,1,1,0
2474108,0,0,0,0,0,0,1
2474535,1,1,1,1,1,1,0
2475516,1,1,1,1,1,1,0
2476712,1,1,1,1,1,1,0
2476805,1,1,1,0,0,1,0
2477065,0,0,0,0,0,0,1
2478016,1,1,1,0,0,0,0
2478568,1,1,1,1,1,1,0
2478945,1,1,1,0,0,1,0
2478969,1,1,1,1,1,1,0
2479178,1,1,1,0,0,1,1
2479220,1,1,1,1,1,1,0
2479700,1,1,1,1,1,1,0
2480173,1,1,1,1,1,1,0
2480245,1,1,1,1,1,1,0
2480262,1,1,1,1,1,1,0
2480499,1,1,1,1,1,1,0
2480516,1,1,1,1,1,1,0
2481140,1,1,1,1,1,1,0
2481206,1,0,0,0,0,0,1
2481301,1,1,1,1,1,1,0
2481607,1,1,1,1,1,1,0
2481608,0,0,0,0,0,0,1
2481860,1,1,1,1,0,0,1
2481904,0,0,0,0,0,0,1
2482481,1,1,1,1,1,1,0
2482785,1,1,1,0,0,1,1
2482926,1,1,1,1,1,1,0
2483354,0,0,0,0,0,0,1
2483521,1,1,1,0,0,0,1
2483993,1,0,0,0,0,0,1
2485046,0,0,0,0,0,0,1
2485090,0,0,0,0,0,0,1
2485348,1,1,1,1,0,0,1
2485852,1,1,1,1,0,0,1
2486470,1,1,1,1,1,1,0
2487092,1,1,1,1,1,1,0
2487782,1,1,1,1,1,1,0
2487825,1,1,1,1,1,1,0
2488232,1,1,1,1,1,1,0
2488755,1,1,1,0,0,0,0
2488941,1,1,1,1,1,1,0
2489226,1,1,1,1,1,1,0
2489678,0,0,0,0,0,0,1
2490059,1,1,1,1,1,1,0
2490245,1,1,1,1,1,1,0
2490677,0,0,0,0,0,0,0
2490768,1,0,0,0,0,0,1
2490834,1,1,1,1,1,1,0
2491285,1,1,1,1,0,0,1
2491404,0,0,0,0,0,0,1
2492046,1,1,1,1,1,1,0
2492425,1,1,1,1,1,1,0
2492492,1,1,1,0,0,1,0
2493856,1,1,1,1,0,0,1
2493857,1,1,1,0,0,0,1
2495217,1,1,1,1,1,1,0
2495308,1,1,1,1,0,0,1
2496216,1,1,1,1,1,1,0
2496289,1,1,1,0,0,1,1
2496737,1,1,1,1,1,1,0
2497215,1,1,1,0,0,1,0
2497453,1,1,1,1,1,1,0
2497492,1,1,1,1,1,1,0
2498017,1,1,1,1,1,1,0
2498543,1,1,1,1,1,1,0
2498564,1,1,1,0,0,0,0
2498796,1,1,1,1,1,1,0
2499109,1,1,1,1,1,1,0
2499198,1,1,1,0,0,1,0
2499217,1,1,1,1,1,1,0
2499836,1,1,1,1,0,0,1
2500195,1,1,1,1,1,1,0
2500265,1,1,1,1,1,1,0
2500521,1,1,1,1,1,1,0
2500758,1,1,1,1,1,1,0
2501187,1,1,1,1,1,1,0
2501372,1,1,1,1,1,1,0
2501517,1,1,1,1,0,0,1
2501678,1,0,0,0,0,0,1
2502251,1,1,1,1,1,1,0
2502437,1,1,1,0,0,1,1
2502773,1,1,1,1,1,1,0
2502908,1,1,1,1,1,1,0
2503745,1,1,1,1,1,1,0
2503865,1,1,1,1,1,1,0
2504507,0,0,0,0,0,0,1
2504596,1,1,1,1,1,1,0
2505361,1,1,1,1,0,0,1
2505572,1,1,1,1,1,1,0
2505692,0,0,0,0,0,0,0
2506119,1,1,1,1,1,1,0
2506712,1,1,1,1,1,1,0
2506781,1,1,1,1,1,1,0
2506828,1,1,1,1,1,1,0
2507253,0,0,0,0,0,0,1
2507491,1,1,1,0,0,1,1
2507892,1,1,1,1,1,1,0
2508225,1,0,0,0,0,0,1
2508292,0,0,0,0,0,0,1
2508436,1,1,1,1,1,1,0
2508621,0,0,0,0,0,0,1
2508810,1,1,1,1,0,0,0
2509912,1,1,1,0,0,1,1
2509981,1,1,1,0,0,0,1
2510477,0,0,0,0,0,0,1
2511216,1,1,1,1,0,0,1
2511288,1,1,1,1,1,1,0
2511309,1,1,1,1,1,1,0
2511853,1,1,1,1,1,1,0
2512332,1,0,0,0,0,0,1
2512492,1,1,1,1,1,1,0
2512536,0,0,0,0,0,0,1
2512609,1,1,1,1,1,1,0
2513804,1,1,1,1,1,1,0
2513921,1,1,1,1,1,1,0
2514224,1,1,1,1,1,1,0
2514293,1,1,1,1,1,1,0
2514627,1,1,1,0,0,1,0
2515008,1,1,1,1,1,1,0
2515195,1,0,0,0,0,0,1
2515428,1,1,1,1,1,1,0
2515954,1,1,1,0,0,1,0
2516240,1,1,1,1,1,1,0
2516333,1,1,1,1,1,1,0
2516516,1,1,1,1,1,1,0
2516705,1,1,1,1,1,1,0
2517495,1,0,0,0,0,0,1
2517560,1,0,0,0,0,0,1
2517562,1,1,1,1,0,0,1
2518465,1,0,0,0,0,0,1
2520599,1,0,0,0,0,0,1
2521360,1,0,0,0,0,0,1
2521695,1,0,0,0,0,0,1
2523392,1,1,1,1,1,1,0
2523416,0,0,0,0,0,0,0
2523509,0,0,0,0,0,0,0
2524750,0,0,0,0,0,0,0
2525657,0,0,0,0,0,0,0
2525918,1,1,1,1,1,1,0
2528557,1,1,1,1,1,1,0
2528574,1,1,1,1,1,1,0
2528883,1,1,1,0,0,0,0
2529792,1,1,1,1,1,1,0
2529813,1,1,1,1,1,1,0
2529998,1,1,1,1,1,1,0
2530139,1,1,1,1,1,1,0
2530564,1,1,1,0,0,0,0
2531021,1,1,1,1,1,1,0
2531112,1,1,1,1,1,1,0
2531178,1,1,1,1,1,1,0
2531319,1,1,1,1,0,0,1
2531744,1,1,1,1,1,1,0
2531885,1,1,1,0,0,1,1
2532173,1,1,1,0,0,0,1
2532286,1,1,1,1,1,1,0
2532452,1,1,1,1,1,1,0
2532737,0,0,0,0,0,0,1
2532848,1,1,1,1,1,1,0
2533544,1,1,1,1,1,1,0
2533587,1,1,1,1,1,1,0
2534036,1,1,1,1,1,1,0
2534132,0,0,0,0,0,0,1
2534273,1,1,1,1,1,1,0
2535371,1,1,1,1,1,1,0
2535415,0,0,0,0,0,0,1
2535556,1,1,1,1,1,1,0
2535596,1,1,1,1,1,1,0
2536437,1,1,1,0,0,0,1
2536527,1,1,1,1,1,1,0
2536688,1,1,1,1,1,1,0
2537527,1,1,1,1,1,1,0
2537645,1,1,1,1,1,1,0
2537780,1,1,1,1,1,1,0
2538885,1,1,1,1,1,1,0
2539021,1,1,1,1,0,0,0
2539208,1,1,1,1,1,1,0
2539422,1,1,1,0,0,1,0
2540045,1,0,0,0,0,0,1
2540229,1,1,1,1,1,1,0
2540754,1,1,1,1,1,1,0
2541300,1,1,1,1,1,1,0
2541417,1,1,1,1,1,1,0
2541441,1,1,1,1,1,1,0
2541794,1,1,1,1,1,1,0
2542437,1,1,1,1,1,1,0
2542533,1,1,1,1,1,1,0
2542692,1,1,1,1,1,1,0
2542696,1,1,1,0,0,1,0
2542830,1,1,1,1,1,1,0
2543977,1,1,1,1,1,1,0
2544048,1,0,0,0,0,0,1
2544667,1,1,1,0,0,1,0
2544902,1,1,1,1,1,1,0
2545164,1,1,1,1,1,1,0
2545324,0,0,0,0,0,0,1
2545417,1,1,1,1,1,1,0
2545608,0,0,0,0,0,0,1
2545893,1,1,1,1,1,1,0
2546222,1,1,1,1,1,1,0
2546456,1,1,1,1,1,1,0
2546503,1,1,1,1,1,1,0
2546833,1,1,1,1,1,1,0
2547333,0,0,0,0,0,0,1
2547337,1,1,1,1,1,1,0
2548044,1,1,1,1,1,1,0
2548257,1,1,1,1,1,1,0
2548377,1,1,1,1,0,0,1
2548923,1,1,1,1,1,1,0
2549253,1,1,1,1,1,1,0
2549421,1,1,1,1,1,1,0
2549465,0,0,0,0,0,0,1
2550057,1,0,0,0,0,0,1
2550079,1,1,1,1,1,1,0
2550769,1,0,0,0,0,0,1
2550937,1,1,1,1,1,1,0
2551555,1,1,1,1,1,1,0
2552029,1,1,1,1,1,1,0
2552748,1,1,0,0,0,1,0
2552793,1,1,1,1,1,1,0
2553265,1,1,1,1,1,1,0
2553358,1,1,1,1,0,0,0
2554720,1,1,1,1,1,1,0
2554886,1,1,1,1,1,1,0
2556728,1,0,0,0,0,0,1
2558743,1,1,0,0,0,0,0
2558787,0,0,0,0,0,0,1
2559044,1,0,0,0,0,0,1
2559640,1,0,0,0,0,0,1
2559928,1,1,1,0,0,0,0
2559973,1,1,1,1,0,0,0
2560445,1,1,1,0,0,0,0
2560920,1,1,1,1,1,1,0
2561112,1,1,1,1,1,1,0
2561253,1,1,1,1,1,1,0
2562062,1,1,1,0,0,0,0
2562324,1,1,1,1,1,1,0
2562894,1,0,0,0,0,0,1
2563396,1,1,1,1,1,1,0
2565959,1,1,1,0,0,0,0
2567035,1,1,1,1,1,1,0
2567343,0,0,0,0,0,0,1
2567625,1,1,1,0,0,0,0
2568100,1,1,1,0,0,0,0
2568363,1,1,1,1,1,1,0
2568433,1,1,0,0,0,0,0
2568785,1,1,1,1,1,1,0
2569481,1,1,1,1,1,1,0
2569856,1,1,1,0,0,0,1
2570024,1,1,1,1,0,0,1
2570066,1,1,1,1,0,0,0
2570109,1,1,1,0,0,0,1
2570733,1,1,1,1,1,1,0
2571088,1,1,1,1,1,1,0
2571274,1,1,1,1,1,1,0
2571413,1,0,0,0,0,0,1
2572204,1,1,1,1,1,1,0
2573565,1,1,1,1,1,1,0
2573660,1,1,1,1,1,1,0
2573821,0,0,0,0,0,0,1
2574612,1,1,1,1,0,0,1
2575519,1,1,1,1,0,0,0
2575756,1,1,1,1,1,1,0
2576567,1,0,0,0,0,0,1
2576756,1,1,1,1,1,1,0
2577012,1,1,1,1,0,0,0
2577683,1,1,1,1,1,1,0
2577897,1,1,1,1,0,0,0
2578252,1,0,0,0,0,0,1
2578438,1,1,1,1,0,0,0
2578552,1,1,1,1,1,1,0
2579415,1,1,1,0,0,1,1
2579770,1,1,1,1,1,1,0
2579836,1,1,1,1,1,1,0
2579980,1,1,1,1,0,0,1
2580359,1,0,0,0,0,0,1
2580789,1,1,1,1,1,1,0
2580973,1,0,0,0,0,0,0
2581040,1,1,1,1,1,1,0
2581044,1,1,1,1,1,1,0
2581877,1,1,1,1,1,1,0
2582108,1,1,1,1,1,1,0
2582201,1,1,1,1,1,1,0
2582728,1,1,1,1,1,1,0
2582747,1,0,0,0,0,0,1
2582791,0,0,0,0,0,0,1
2582909,1,1,1,1,1,1,0
2583116,1,1,1,1,0,0,1
2583117,1,1,1,0,0,0,1
2583808,1,1,1,1,1,1,0
2583920,1,0,0,0,0,0,1
2583993,1,1,1,0,0,0,1
2584300,1,0,0,0,0,0,1
2584604,0,0,0,0,0,0,1
2584677,0,0,0,0,0,0,1
2584768,0,0,0,0,0,0,1
2584835,0,0,0,0,0,0,1
2584929,0,0,0,0,0,0,1
2585497,1,1,1,1,1,1,0
2585684,1,1,1,1,1,1,0
2585756,1,1,1,0,0,0,1
2586589,1,1,1,1,1,1,0
2586874,1,1,1,0,0,0,0
2587037,0,0,0,0,0,0,1
2587609,0,0,0,0,0,0,1
2588470,1,1,1,1,1,1,0
2588489,1,1,1,1,1,1,0
2589734,1,1,1,1,1,1,0
2589777,1,1,1,1,1,1,0
2590181,0,0,0,0,0,0,1
2590706,1,1,1,1,1,1,0
2591157,1,1,1,1,1,1,0
2591900,1,1,1,1,1,1,0
2591942,1,1,1,1,1,1,0
2591987,1,1,1,0,0,1,0
2592081,1,1,1,0,0,1,0
2592385,1,1,1,1,1,1,0
2592836,1,1,1,1,0,0,0
2592979,1,1,1,1,1,1,0
2593024,1,0,0,0,0,0,1
2593690,1,1,1,1,1,1,0
2594047,1,1,1,1,1,1,0
2594285,1,1,1,1,0,0,1
2594376,1,1,1,1,1,1,0
2595042,1,1,1,1,0,0,1
2595257,1,1,1,1,1,1,0
2595468,1,1,1,1,1,1,0
2595774,1,0,0,0,0,0,1
2596301,1,1,1,1,1,1,0
2596656,1,1,1,1,1,1,0
2596794,1,1,1,1,1,1,0
2596841,1,0,0,0,0,0,1
2597869,1,1,1,1,1,1,0
2598126,1,1,1,1,1,1,0
2599277,1,1,1,1,1,1,0
2599294,1,1,1,1,1,1,0
2599529,1,1,1,1,0,0,0
2599980,1,1,1,0,0,1,0
2600317,1,1,1,1,1,1,0
2600645,1,1,1,1,1,1,0
2600666,1,1,1,1,1,1,0
2601116,1,1,1,1,1,1,0
2601187,1,1,1,1,0,0,0
2601377,1,1,1,1,1,1,0
2601657,1,1,1,1,1,1,0
2601726,1,1,1,1,1,1,0
2601747,0,0,0,0,0,0,1
2602172,1,1,1,1,1,1,0
2602389,1,1,1,1,1,1,0
2602886,1,1,1,1,1,1,0
2602979,1,1,1,1,1,1,0
2603428,1,1,1,1,1,1,0
2603473,1,1,1,1,1,1,0
2603665,1,1,1,1,1,1,0
2603780,1,1,1,0,0,1,0
2604351,1,1,1,1,1,1,0
2604370,1,1,1,1,1,1,0
2604581,1,1,1,1,1,1,0
2604749,1,1,1,1,1,1,0
2605104,1,1,1,1,1,1,0
2605578,1,1,1,1,1,1,0
2605620,1,1,1,1,1,1,0
2605623,1,1,1,1,1,1,0
2605709,1,1,1,1,1,1,0
2606069,1,1,1,1,1,1,0
2606472,1,1,1,1,1,1,0
2606824,1,1,1,1,1,1,0
2606825,1,1,1,1,1,1,0
2606827,1,1,1,1,1,1,0
2607657,1,1,1,1,1,1,0
2607818,1,1,1,1,0,0,1
2607888,1,1,1,1,1,1,0
2607929,1,1,1,1,1,1,0
2607931,1,1,1,1,1,1,0
2608328,1,1,1,1,1,1,0
2609071,1,1,1,1,1,1,0
2609073,1,1,1,1,1,1,0
2609086,1,1,1,1,1,1,0
2609088,1,1,1,1,1,1,0
2609101,1,1,1,1,1,1,0
2609744,1,1,1,1,1,1,0
2610152,1,1,1,1,1,1,0
2610171,1,1,1,1,1,1,0
2610265,1,1,1,1,1,1,0
2610305,1,1,1,1,1,1,0
2611263,1,1,1,1,1,1,0
2611472,1,1,1,1,1,1,0
2612285,1,1,1,1,1,1,0
2612427,1,1,1,1,1,1,0
2612784,1,1,1,1,1,1,0
2612896,1,1,1,1,1,1,0
2613711,1,1,1,1,1,1,0
2613944,1,1,1,1,1,1,0
2614328,1,0,0,0,0,0,1
2615283,1,1,1,1,0,0,1
2615444,1,1,1,1,1,1,0
2615492,1,1,1,1,1,1,0
2616230,0,0,0,0,0,0,0
2616274,0,0,0,0,0,0,1
2616724,1,1,1,1,1,1,0
2617348,1,1,1,1,1,1,0
2617417,1,1,1,0,0,1,0
2617482,1,1,1,1,1,1,0
2617812,1,1,1,1,1,1,0
2618581,1,1,1,1,1,1,0
2618670,1,1,1,1,1,1,0
2618956,1,1,1,1,1,1,0
2619044,1,1,1,1,1,1,0
2619425,0,0,0,0,0,0,0
2619758,1,1,1,1,1,1,0
2619848,1,0,0,0,0,0,1
2620256,1,1,1,1,0,0,1
2620565,1,1,1,1,1,1,0
2620821,1,1,1,1,1,1,0
2620962,1,1,1,1,1,1,0
2621320,1,1,1,1,1,1,0
2621821,1,1,1,1,1,1,0
2621864,0,0,0,0,0,0,1
2621882,1,0,0,0,0,0,1
2622216,0,0,0,0,0,0,1
2622403,1,1,1,1,0,0,0
2622998,1,1,1,1,1,1,0
2623404,1,1,1,1,1,1,0
2624454,1,1,1,1,1,1,0
2625484,1,1,1,1,1,1,0
2626656,1,1,1,1,0,0,1
2627008,1,1,1,1,0,0,0
2627989,1,1,1,1,0,0,0
2628516,1,1,1,1,0,0,1
2628993,1,1,1,1,0,0,0
2629344,1,1,1,1,1,1,0
2629583,1,1,1,0,0,0,0
2629796,1,0,0,0,0,0,1
2630004,1,0,0,0,0,0,1
2630125,1,1,1,1,1,1,0
2630624,1,0,0,0,0,0,1
2631144,1,1,1,1,1,1,0
2631622,1,1,0,0,0,0,0
2632172,1,0,0,0,0,0,1
2632910,1,1,1,1,1,1,0
2633312,1,1,1,0,0,1,1
2634652,1,1,1,1,1,1,0
2635153,1,1,1,0,0,1,0
2635916,1,1,1,1,0,0,1
2636201,1,1,1,1,1,1,0
2636751,1,1,1,1,0,0,0
2637301,1,1,1,1,0,0,0
2637340,1,1,0,0,0,0,1
2637649,1,1,1,1,1,1,0
2637863,1,0,0,0,0,0,1
2638553,1,0,0,0,0,0,1
2638863,1,0,0,0,0,0,1
2639053,1,0,0,0,0,0,1
2639336,1,1,0,0,0,0,0
2639979,1,1,1,1,1,1,0
2640070,1,1,1,0,0,1,0
2640165,1,0,0,0,0,0,1
2641241,0,0,0,0,0,0,1
2641259,1,0,0,0,0,0,1
2641278,1,1,1,1,1,1,0
2642738,1,1,1,1,1,1,0
2643095,1,1,1,1,1,1,0
2643906,1,1,1,1,1,1,0
2644144,1,1,1,1,0,0,1
2644496,1,0,0,0,0,0,0
2645118,1,1,1,1,1,1,0
2645688,1,1,1,1,1,1,0
2645709,1,1,1,0,0,1,0
2646785,1,1,1,1,1,1,0
2646804,1,1,1,1,1,1,0
2648026,1,1,1,1,1,1,0
2648409,1,1,1,0,0,1,0
2649530,1,1,1,1,1,1,0
2649673,1,1,1,1,1,1,0
2650267,1,1,1,0,0,1,0
2650814,1,1,1,1,1,1,0
2650981,1,1,1,1,1,1,0
2651312,1,1,1,1,0,0,0
2651427,1,1,1,1,1,1,0
2652070,1,1,1,1,1,1,0
2652165,1,1,1,1,1,1,0
2652497,0,0,0,0,0,0,1
2652541,0,0,0,0,0,0,1
2652608,1,1,1,1,1,1,0
2653250,1,1,1,1,1,1,0
2653367,1,1,1,1,0,0,1
2653793,1,1,1,1,0,0,1
2653956,1,1,0,0,0,0,0
2654579,1,1,1,1,0,0,1
2654909,1,1,1,1,1,1,0
2655317,1,1,1,0,0,1,1
2655767,1,1,1,1,1,1,0
2657323,1,1,1,1,1,1,0
2657897,1,0,0,0,0,0,1
2658128,1,0,0,0,0,0,1
2658172,0,0,0,0,0,0,1
2658339,1,1,1,1,1,1,0
2658913,1,1,1,1,1,1,0
2659387,1,1,1,1,1,1,0
2659768,1,1,1,1,0,0,0
2660410,0,0,0,0,0,0,0
2660959,1,0,0,0,0,0,1
2660980,1,1,1,1,1,1,0
2661337,1,1,1,0,0,1,1
2662073,1,1,0,0,0,1,0
2662095,1,1,1,1,1,1,0
2662136,1,1,1,0,0,1,1
2662180,0,0,0,0,0,0,1
2662276,1,1,1,1,1,1,0
2662489,1,1,1,1,1,1,0
2662843,1,0,0,0,0,0,1
2663293,1,1,1,1,1,1,0
2663384,1,1,1,1,1,1,0
2663428,0,0,0,0,0,0,1
2663500,1,1,1,1,1,1,0
2663615,1,0,0,0,0,0,1
2663994,1,1,1,1,1,1,0
2664732,1,1,1,1,1,1,0
2664736,1,1,1,1,1,1,0
2664823,1,1,1,1,1,1,0
2664988,0,0,0,0,0,0,1
2665005,1,1,1,1,1,1,0
2665170,1,1,1,1,1,1,0
2665740,1,1,1,1,1,1,0
2665788,1,0,0,0,0,0,1
2666068,0,0,0,0,0,0,1
2666069,1,1,1,1,1,1,0
2666185,1,1,1,1,1,1,0
2666394,1,1,1,1,1,1,0
2666797,0,0,0,0,0,0,1
2667155,1,1,1,1,1,1,0
2667316,1,1,1,1,1,1,0
2667485,1,1,1,1,1,1,0
2667528,1,1,1,1,1,1,0
2667881,1,1,1,1,1,1,0
2667925,0,0,0,0,0,0,1
2667972,1,0,0,0,0,0,1
2668159,1,1,1,1,1,1,0
2668560,1,1,1,1,1,1,0
2668585,1,1,1,1,1,1,0
2669226,1,1,1,1,1,1,0
2669245,1,1,1,1,1,1,0
2669725,1,1,1,1,1,1,0
2669769,0,0,0,0,0,0,1
2670410,1,1,1,1,1,1,0
2670913,1,1,1,1,1,1,0
2670977,1,1,1,1,1,1,0
2671646,1,1,1,1,1,1,0
2672193,1,1,1,1,1,1,0
2672817,1,1,1,1,1,1,0
2673026,1,1,1,1,1,1,0
2673213,1,1,1,1,1,1,0
2673861,1,1,1,1,1,1,0
2674861,1,1,1,1,1,1,0
2675124,0,0,0,0,0,0,0
2675311,0,0,0,0,0,0,0
2675357,1,1,1,1,1,1,0
2675708,1,1,1,0,0,1,0
2676379,1,1,1,1,1,1,0
2676449,1,1,1,1,1,1,0
2676968,1,1,1,1,1,1,0
2677136,1,1,1,1,1,1,0
2677781,1,1,1,1,1,1,0
2677871,1,1,1,1,1,1,0
2678348,1,1,1,1,1,1,0
2678460,1,1,1,1,1,1,0
2679155,1,1,1,1,1,1,0
2679225,1,1,1,1,1,1,0
2679528,1,1,1,1,1,1,0
2680152,1,1,1,1,1,1,0
2680170,0,0,0,0,0,0,0
2680620,1,1,1,1,1,1,0
2680693,1,1,1,1,1,1,0
2680807,1,1,1,1,1,1,0
2681330,1,1,1,1,1,1,0
2681831,1,1,1,1,1,1,0
2681949,1,1,1,1,1,1,0
2681989,1,1,1,0,0,1,0
2682033,0,0,0,0,0,0,1
2682916,1,1,1,1,1,1,0
2682919,1,1,1,1,1,1,0
2683057,1,1,1,1,1,1,0
2683385,1,1,1,1,1,1,0
2684148,1,1,1,1,1,1,0
2684219,1,1,1,1,1,1,0
2686828,1,1,1,1,1,1,0
2687308,1,1,1,1,0,1,0
2687900,1,1,1,1,0,0,1
2688498,1,0,0,0,0,0,0
2688592,1,1,1,1,1,1,0
2689064,1,1,1,1,1,1,0
2689208,1,0,0,0,0,0,1
2689538,1,1,1,1,1,1,0
2690084,1,1,1,1,1,1,0
2690229,1,1,1,1,0,0,0
2690248,1,1,1,1,1,1,0
2690553,1,0,0,0,0,0,0
2690622,1,1,1,1,1,1,0
2691387,1,1,1,1,0,0,0
2691404,1,1,1,1,1,1,0
2691689,1,1,1,1,1,1,0
2692334,1,1,1,1,1,1,0
2692520,1,1,1,1,1,1,0
2693622,1,1,1,1,1,1,0
2693808,1,1,1,1,1,1,0
2694285,1,1,1,1,1,1,0
2694954,1,1,1,1,1,1,0
2695044,1,1,1,1,1,1,0
2695785,1,1,1,1,1,1,0
2696142,1,1,1,1,1,1,0
2696184,1,1,1,1,1,1,0
2697141,1,1,1,1,1,1,0
2697381,1,1,1,1,0,0,0
2697400,1,1,0,0,0,0,0
2697442,1,1,1,1,1,1,0
2698301,1,1,1,1,1,1,0
2698421,1,1,1,1,1,1,0
2698488,1,1,1,1,1,1,0
2698531,1,1,1,0,0,1,0
2699728,1,1,1,1,1,1,0
2699893,1,1,1,1,1,1,0
2700005,1,1,1,1,1,1,0
2700168,1,1,1,1,1,1,0
2700672,1,0,0,0,0,0,1
2701317,1,0,0,0,0,0,1
2701332,1,1,1,1,1,1,0
2701401,1,1,1,1,1,1,0
2701904,1,0,0,0,0,0,1
2702448,1,1,1,1,1,1,0
2702569,1,1,1,1,1,1,0
2703068,1,1,1,1,1,1,0
2703756,1,1,1,1,1,1,0
2703901,1,1,1,1,1,1,0
2704280,1,1,1,1,1,1,0
2704586,1,1,1,1,0,0,0
2704799,0,0,0,0,0,0,1
2705493,1,1,1,1,1,1,0
2705774,1,1,1,1,1,1,0
2706084,1,1,1,1,0,0,1
2706657,1,1,1,1,1,1,0
2706962,1,1,1,1,1,1,0
2707009,0,0,0,0,0,0,1
2707220,1,1,1,1,1,1,0
2708296,1,1,1,1,1,1,0
2708338,1,1,1,1,1,1,0
2708361,1,1,1,1,1,1,0
2708545,1,1,1,0,0,0,0
2709793,1,1,1,1,1,1,0
2709930,1,1,1,1,0,0,1
2710048,1,1,1,1,1,1,0
2710065,1,1,1,1,1,1,0
2710900,1,1,1,1,0,0,0
2711069,1,1,1,1,1,1,0
2711134,1,1,1,1,1,1,0
2711393,1,1,1,1,1,1,0
2711512,1,1,1,1,1,1,0
2711939,1,1,1,1,0,0,0
2712606,1,1,1,1,1,1,0
2712677,1,1,1,1,1,1,0
2712909,1,1,1,1,1,1,0
2712928,1,1,1,1,1,1,0
2713023,1,1,1,1,1,1,0
2713741,1,1,1,1,1,1,0
2714120,1,1,1,1,0,0,1
2714137,1,1,1,1,1,1,0
2714374,1,1,1,1,1,1,0
2714393,0,0,0,0,0,0,1
2714753,1,1,1,1,1,1,0
2715540,1,1,1,1,1,1,0
2715993,1,1,1,1,1,1,0
2716153,1,1,1,1,1,1,0
2716321,0,0,0,0,0,0,1
2716892,1,1,1,1,1,1,0
2717127,1,1,1,1,1,1,0
2717749,1,1,1,1,1,1,0
2718032,1,1,1,1,1,1,0
2718193,1,1,1,1,1,1,0
2718479,1,1,1,1,1,1,0
2719029,1,1,1,1,1,1,0
2719288,1,1,1,1,1,1,0
2719547,1,1,1,1,1,1,0
2719616,0,0,0,0,0,0,1
2719873,1,1,1,1,1,1,0
2720060,1,1,1,1,0,0,0
2720253,1,1,1,1,1,1,0
2720919,1,1,1,1,1,1,0
2720988,1,1,1,1,1,1,0
2721124,1,1,1,1,1,1,0
2721506,0,0,0,0,0,0,0
2721597,1,1,1,1,1,1,0
2722216,1,1,1,1,1,1,0
2722383,0,0,0,0,0,0,1
2723148,1,1,1,1,0,0,1
2723166,1,1,1,1,1,1,0
2723352,1,1,1,1,1,1,0
2724382,1,1,1,1,1,1,0
2724448,1,1,1,1,1,1,0
2724472,1,1,1,1,1,1,0
2725592,1,1,1,1,1,1,0
2725760,1,1,1,1,1,1,0
2725778,1,1,1,1,1,1,0
2726612,1,1,1,1,1,1,0
2726779,1,1,1,0,0,1,1
2727014,1,1,1,1,1,1,0
2727397,1,1,1,1,0,0,0
2727868,1,1,1,1,1,1,0
2727915,1,1,1,1,1,1,0
2728126,1,1,1,1,1,1,0
2728484,1,1,1,1,1,1,0
2728741,1,0,0,0,0,0,0
2729077,1,1,1,1,1,1,0
2729095,1,1,1,1,1,1,0
2729160,1,1,1,1,1,1,0
2729182,1,1,1,1,1,1,0
2729804,1,1,1,1,1,1,0
2730255,1,1,1,1,1,1,0
2730296,1,1,1,1,1,1,0
2730299,0,0,0,0,0,0,1
2730557,1,1,1,1,1,1,0
2731436,1,1,1,1,1,1,0
2731556,1,1,1,1,1,1,0
2731575,1,1,1,1,1,1,0
2731736,0,0,0,0,0,0,1
2732313,1,1,1,1,1,1,0
2732474,1,1,1,1,1,1,0
2732663,1,1,1,1,1,1,0
2732828,1,1,1,1,1,1,0
2733156,1,1,1,1,1,1,0
2733709,1,1,1,1,1,1,0
2733775,1,1,1,1,1,1,0
2733794,1,1,1,1,1,1,0
2734320,1,1,1,1,1,1,0
2735011,1,1,1,1,1,1,0
2735105,1,1,1,1,1,1,0
2735242,1,1,1,1,1,1,0
2735624,1,1,1,1,1,1,0
2735857,1,1,1,1,0,0,0
2736241,1,1,1,1,1,1,0
2736860,1,1,1,1,1,1,0
2736925,1,1,1,1,1,1,0
2736994,1,1,1,1,1,1,0
2737036,1,0,0,0,0,0,1
2737253,1,1,1,1,0,0,1
2737968,1,1,1,1,1,1,0
2738033,1,1,1,1,1,1,0
2738078,1,1,1,1,1,1,0
2738120,1,1,1,1,1,1,0
2738337,1,1,1,1,1,1,0
2738448,0,0,0,0,0,0,1
2739094,1,1,1,1,1,1,0
2739137,1,1,1,1,1,1,0
2739328,1,1,1,1,1,1,0
2739329,1,1,1,1,1,1,0
2739437,0,0,0,0,0,0,1
2740445,1,1,1,1,1,1,0
2740461,1,1,1,1,1,1,0
2740554,1,1,1,1,1,1,0
2740696,1,1,1,1,1,1,0
2742131,1,1,1,0,0,1,0
2743039,1,0,0,0,0,0,1
2743418,0,0,0,0,0,0,1
2743440,0,0,0,0,0,0,1
2744489,0,0,0,0,0,0,1
2744533,0,0,0,0,0,0,1
2744578,1,0,0,0,0,0,1
2745604,1,1,1,0,0,1,0
2745648,0,0,0,0,0,0,1
2745692,0,0,0,0,0,0,1
2746100,1,0,0,0,0,0,1
2746309,1,0,0,0,0,0,1
2746474,1,1,1,1,0,0,1
2746660,1,0,0,0,0,0,1
2746945,0,0,0,0,0,0,1
2747472,1,1,1,1,1,1,0
2747589,0,0,0,0,0,0,0
2747916,1,1,1,1,1,1,0
2748322,1,1,1,1,1,1,0
2748608,1,1,1,0,0,0,1
2748725,1,1,1,1,1,1,0
2749004,1,1,1,1,1,1,0
2749216,0,0,0,0,0,0,1
2749720,1,1,1,1,1,1,0
2750077,1,1,1,1,1,1,0
2750167,1,1,1,0,0,0,0
2750496,1,1,1,1,1,1,0
2750566,1,1,1,1,1,1,0
2750610,0,0,0,0,0,0,1
2750992,1,1,1,1,1,1,0
2750993,1,1,1,1,1,1,0
2751079,1,1,1,1,1,1,0
2751746,1,1,1,1,1,1,0
2752032,1,1,1,1,1,1,0
2752555,1,1,1,1,0,0,1
2753102,1,1,1,1,1,1,0
2753146,0,0,0,0,0,0,1
2753168,1,1,1,1,1,1,0
2753186,0,0,0,0,0,0,1
2753759,1,1,1,1,1,1,0
2754065,1,1,1,1,0,0,0
2754136,1,1,1,1,1,1,0
2754154,1,1,1,1,1,1,0
2754799,1,1,1,1,1,1,0
2755372,1,0,0,0,0,0,1
2755510,1,1,1,1,1,1,0
2756275,1,1,1,1,1,1,0
2756319,0,0,0,0,0,0,1
2756412,1,1,1,1,1,1,0
2756670,1,1,1,1,1,1,0
2756833,1,1,1,1,1,1,0
2757552,1,1,1,1,1,1,0
2757616,1,1,1,0,0,1,0
2757687,1,1,1,1,1,1,0
2758042,1,1,1,1,1,1,0
2758113,1,0,0,0,0,0,0
2758249,1,1,1,1,1,1,0
2758342,0,0,0,0,0,0,1
2758624,1,0,0,0,0,0,1
2758719,1,1,1,1,1,1,0
2758860,1,1,1,1,1,1,0
2759361,1,1,1,1,1,1,0
2759521,1,1,1,1,1,1,0
2759590,1,1,1,1,1,1,0
2759608,1,1,1,1,1,1,0
2759944,1,1,1,1,1,1,0
2760035,1,1,1,1,1,1,0
2760441,1,1,1,1,1,1,0
2760912,1,1,1,1,1,1,0
2761053,1,1,1,1,1,1,0
2761055,1,1,1,1,1,1,0
2761385,1,1,1,1,1,1,0
2761928,1,1,1,1,1,1,0
2762165,1,1,1,1,1,1,0
2762571,1,1,1,1,1,1,0
2763357,1,1,1,1,1,1,0
2763712,1,1,1,1,1,1,0
2764119,1,1,1,1,1,1,0
2764449,1,1,1,1,1,1,0
2764780,1,1,1,1,0,0,1
2765187,1,1,1,1,1,1,0
2765469,1,1,1,1,1,1,0
2765752,1,1,1,1,1,1,0
2766663,1,1,1,1,1,1,0
2766730,1,1,1,1,0,0,0
2766772,1,1,1,1,1,1,0
2766773,1,1,1,1,1,1,0
2767080,1,1,1,1,0,0,0
2767792,1,1,1,1,1,1,0
2767910,1,1,1,1,1,1,0
2767931,1,1,1,1,1,1,0
2768045,1,1,1,1,1,1,0
2768164,1,1,1,1,1,1,0
2768521,1,1,1,0,0,1,0
2768706,0,0,0,0,0,0,1
2768968,1,0,0,0,0,0,1
2769011,1,1,1,1,1,1,0
2769245,1,1,1,1,1,1,0
2769866,1,1,1,1,1,1,0
2769910,0,0,0,0,0,0,1
2770053,1,1,1,0,0,1,1
2770143,1,1,1,1,1,1,0
2770500,1,0,0,0,0,0,1
2770517,1,1,1,1,1,1,0
2771066,1,1,1,0,0,0,1
2771401,1,1,1,1,1,1,0
2771443,1,1,1,1,1,1,0
2771773,1,1,1,1,1,1,0
2771796,1,1,1,1,1,1,0
2772246,1,1,1,1,1,1,0
2772555,1,1,1,1,1,1,0
2772673,1,1,1,1,1,1,0
2772785,1,1,1,1,1,1,0
2772808,1,1,1,1,1,1,0
2773474,1,1,1,1,1,1,0
2773809,1,1,1,1,1,1,0
2773827,1,1,1,1,1,1,0
2773869,1,1,1,1,1,1,0
2774036,1,1,1,1,1,1,0
2774465,0,0,0,0,0,0,1
2774602,1,1,1,1,1,1,0
2774884,1,1,1,0,0,1,0
2775025,1,1,1,1,1,1,0
2775072,1,1,1,1,1,1,0
2775163,1,1,1,1,1,1,0
2775206,0,0,0,0,0,0,1
2776041,1,1,1,1,1,1,0
2776156,1,1,1,1,1,1,0
2776203,1,1,1,1,1,1,0
2776294,1,1,1,1,1,1,0
2776296,1,1,1,1,1,1,0
2777053,1,1,1,1,1,1,0
2777120,1,1,1,1,1,1,0
2777360,1,1,1,1,0,0,1
2777547,1,1,1,1,1,1,0
2777566,1,1,1,1,1,1,0
2778329,1,1,1,1,1,1,0
2778373,0,0,0,0,0,0,1
2778516,1,1,1,1,1,1,0
2778559,1,1,1,1,1,1,0
2778674,1,1,1,1,1,1,0
2779052,1,1,1,1,1,1,0
2779360,0,0,0,0,0,0,1
2779477,1,1,1,1,1,1,0
2779787,1,1,1,1,1,1,0
2779806,1,1,1,1,1,1,0
2779808,1,1,1,1,1,1,0
2780516,1,1,1,1,0,0,1
2780537,1,1,1,1,1,1,0
2780870,1,1,1,1,1,1,0
2780872,1,1,1,1,1,1,0
2781561,1,1,1,1,0,0,0
2781576,1,1,1,1,1,1,0
2781577,1,1,1,1,1,1,0
2782170,1,1,1,1,1,1,0
2782548,1,1,1,1,1,1,0
2782621,1,1,1,1,1,1,0
2782757,1,1,1,1,1,1,0
2783092,1,1,1,1,1,1,0
2783422,1,1,1,1,1,1,0
2783565,0,0,0,0,0,0,1
2783628,1,1,1,1,1,1,0
2783817,1,1,1,1,1,1,0
2784584,1,1,1,1,1,1,0
2784960,1,1,1,1,1,1,0
2784961,1,1,1,1,1,1,0
2785744,1,0,0,0,0,0,1
2785769,1,1,1,1,1,1,0
2785881,1,1,1,0,0,0,1
2785976,1,0,0,0,0,0,1
2786907,1,1,1,0,0,1,0
2787548,1,1,1,1,1,1,0
2788171,1,1,1,1,1,1,0
2788573,1,1,1,1,1,1,0
2788760,1,1,1,1,1,1,0
2788829,0,0,0,0,0,0,1
2789091,1,1,1,1,1,1,0
2789732,1,1,1,1,1,1,0
2789825,1,1,1,1,1,1,0
2790566,1,1,1,1,0,0,0
2791042,0,0,0,0,0,0,1
2791108,1,1,1,1,1,1,0
2791129,1,1,1,1,1,1,0
2792014,1,1,1,1,1,1,0
2792081,1,1,1,1,1,1,0
2792388,1,1,1,1,1,1,0
2792555,1,1,1,1,1,1,0
2792913,1,1,1,0,0,1,0
2793026,1,1,1,1,1,1,0
2793069,1,1,1,1,1,1,0
2793070,0,0,0,0,0,0,1
2793112,0,0,0,0,0,0,0
2793440,1,1,1,1,1,1,0
2793583,1,1,1,1,1,1,0
2794106,1,1,1,1,1,1,0
2794320,1,1,1,1,1,1,0
2794408,1,1,1,1,1,1,0
2794453,1,1,1,1,1,1,0
2795218,1,1,1,1,1,1,0
2795312,1,1,1,1,1,1,0
2795616,1,1,1,1,1,1,0
2795805,1,1,1,1,1,1,0
2796402,1,1,1,1,1,1,0
2796472,1,1,1,1,1,1,0
2796849,1,1,1,1,1,1,0
2797448,1,1,1,1,1,1,0
2797466,1,1,1,1,1,1,0
2797509,1,0,0,0,0,0,1
2798181,1,0,0,0,0,0,1
2798416,1,1,1,1,1,1,0
2798433,1,1,1,1,1,1,0
2798670,1,1,1,1,1,1,0
2798788,0,0,0,0,0,0,1
2799145,1,1,1,1,1,1,0
2799353,1,0,0,0,0,0,1
2799423,1,1,1,1,1,1,0
2799536,1,1,1,1,1,1,0
2799654,1,1,1,1,1,1,0
2799840,0,0,0,0,0,0,1
2799912,1,1,1,1,1,1,0
2800387,1,1,1,1,1,1,0
2800693,1,1,1,1,1,1,0
2801005,1,1,1,1,1,1,0
2801214,1,1,1,1,1,1,0
2801520,1,1,1,1,1,1,0
2801564,0,0,0,0,0,0,1
2801635,1,1,1,1,1,1,0
2801774,0,0,0,0,0,0,1
2801913,1,1,1,1,1,1,0
2802173,0,0,0,0,0,0,1
2802317,1,1,1,1,1,1,0
2802599,1,1,1,1,1,1,0
2802642,1,1,1,1,1,1,0
2803020,1,1,1,1,1,1,0
2803501,1,1,1,1,1,1,0
2803782,1,1,1,1,1,1,0
2803803,1,1,1,1,1,1,0
2803822,0,0,0,0,0,0,1
2804008,1,1,1,1,1,1,0
2804895,1,1,1,1,1,1,0
2804938,1,1,1,1,1,1,0
2804980,1,1,1,1,1,1,0
2806274,1,1,1,1,1,1,0
2806340,1,1,1,1,1,1,0
2806531,1,1,1,1,1,1,0
2807032,1,0,0,0,0,0,0
2807336,1,1,1,1,1,1,0
2807599,1,1,1,1,1,1,0
2807690,1,1,1,1,1,1,0
2807804,0,0,0,0,0,0,1
2808092,1,1,1,1,1,1,0
2808663,1,1,1,1,1,1,0
2808802,1,1,1,1,1,1,0
2808989,1,1,1,0,0,1,1
2809128,1,1,1,1,1,1,0
2809772,0,0,0,0,0,0,1
2810179,1,1,1,1,1,1,0
2810633,1,1,0,0,0,0,0
2810888,1,1,1,1,1,1,0
2810936,1,0,0,0,0,0,1
2811411,1,1,1,1,1,1,0
2811889,1,1,1,1,1,1,0
2812028,1,1,1,1,1,1,0
2812455,1,1,1,1,1,1,0
2813459,1,1,1,1,1,1,0
2813956,1,1,1,1,1,1,0
2814531,1,1,1,1,1,1,0
2814577,1,1,1,0,0,1,1
2815048,1,1,1,1,1,1,0
2815359,0,0,0,0,0,0,1
2815573,1,1,1,1,1,1,0
2815950,1,1,1,0,0,1,0
2816137,1,1,1,0,0,1,0
2816569,1,1,1,1,1,1,0
2816803,1,1,1,1,0,0,1
2817014,1,1,1,1,1,1,0
2817177,1,1,1,1,1,1,0
2817799,1,1,1,1,1,1,0
2818058,1,1,1,1,1,1,0
2818341,1,1,1,1,1,1,0
2818528,1,1,1,1,1,1,0
2818767,1,1,1,1,1,1,0
2819098,1,1,1,1,1,1,0
2819168,1,1,1,1,0,0,0
2819450,0,0,0,0,0,0,1
2819612,1,1,1,1,1,1,0
2819705,1,1,1,1,1,1,0
2820208,1,0,0,0,0,0,1
2821136,1,1,1,1,1,1,0
2821137,0,0,0,0,0,0,1
2821490,1,0,0,0,0,0,1
2821751,1,1,1,0,0,0,1
2822060,1,0,0,0,0,0,1
2822391,1,0,0,0,0,0,1
2822866,1,1,1,1,1,1,0
2823200,1,1,1,1,1,1,0
2823699,1,1,1,1,0,0,1
2823701,0,0,0,0,0,0,0
2824749,1,1,1,1,1,1,0
2825729,1,1,1,1,1,1,0
2826537,1,1,1,1,0,0,1
2826558,1,1,1,1,1,1,0
2826821,1,1,1,1,1,1,0
2827557,1,1,1,1,1,1,0
2827601,0,0,0,0,0,0,1
2828292,0,0,0,0,0,0,0
2828553,1,1,1,1,1,1,0
2828598,1,1,1,1,1,1,0
2829360,1,1,1,1,1,1,0
2829574,1,1,1,1,1,1,0
2829665,1,1,1,1,1,1,0
2829900,1,0,0,0,0,0,1
2830356,1,0,0,0,0,0,0
2830855,1,1,1,1,0,0,0
2831500,1,1,1,1,1,1,0
2831540,1,1,1,1,1,1,0
2832259,1,1,1,1,1,1,0
2832636,1,1,1,1,1,1,0
2832972,1,1,1,1,1,1,0
2833567,1,1,1,1,1,1,0
2833973,1,1,1,1,0,0,0
2834064,1,1,1,1,1,1,0
2834467,1,1,1,1,1,1,0
2834873,1,1,1,1,1,1,0
2835348,1,1,1,1,1,1,0
2835415,1,1,1,1,1,1,0
2836181,0,0,0,0,0,0,1
2836726,1,1,1,1,0,0,0
2836817,1,1,1,1,0,0,0
2837345,1,1,1,1,1,1,0
2837866,1,1,1,1,1,1,0
2838849,1,1,1,1,1,1,0
2839705,1,1,1,1,1,1,0
2839796,1,1,1,1,0,0,0
2839818,1,1,1,1,0,0,1
2840177,1,1,1,1,1,1,0
2840769,1,1,1,1,1,1,0
2840886,1,1,1,1,1,1,0
2840952,1,1,1,1,1,1,0
2841553,1,1,1,1,1,1,0
2841597,0,0,0,0,0,0,1
2841641,0,0,0,0,0,0,1
2842066,1,1,1,1,1,1,0
2842396,1,1,1,1,1,1,0
2842492,0,0,0,0,0,0,0
2842559,1,1,1,1,0,0,0
2842987,0,0,0,0,0,0,1
2843390,1,1,1,1,1,1,0
2843557,1,1,1,1,1,1,0
2843716,1,1,1,1,1,1,0
2844458,1,1,1,1,1,1,0
2844601,1,1,1,1,1,1,0
2845552,1,1,1,1,1,1,0
2845596,0,0,0,0,0,0,1
2845642,1,1,1,1,1,1,0
2845857,1,1,1,1,1,1,0
2847053,1,1,1,1,1,1,0
2847238,1,1,1,1,1,1,0
2847568,1,1,1,1,1,1,0
2847901,1,1,1,1,0,0,0
2848381,1,1,1,1,1,1,0
2848398,1,1,1,1,1,1,0
2848944,1,1,1,1,1,1,0
2849061,1,1,1,1,1,1,0
2849636,0,0,0,0,0,0,0
2849774,1,1,1,1,1,1,0
2850131,1,1,1,1,0,0,0
2850581,1,1,1,1,1,1,0
2850914,1,1,1,1,1,1,0
2851152,1,1,1,1,1,1,0
2851963,1,1,1,1,1,1,0
2851982,1,1,1,1,1,1,0
2852001,1,1,1,1,1,1,0
2852192,1,1,1,1,1,1,0
2852955,1,1,1,1,1,1,0
2853022,1,1,1,1,1,1,0
2853236,1,1,1,1,1,1,0
2854023,1,1,1,1,1,1,0
2854041,1,1,1,1,1,1,0
2854110,1,1,1,1,1,1,0
2854276,1,1,1,1,1,1,0
2855109,1,1,1,1,1,1,0
2855323,1,1,1,1,1,1,0
2855342,1,1,1,1,1,1,0
2855508,1,1,1,1,1,1,0
2855509,1,1,1,1,0,0,0
2856072,1,1,1,0,0,1,0
2856141,1,1,1,1,1,1,0
2856355,1,1,1,1,1,1,0
2856496,1,1,1,1,1,1,0
2856803,0,0,0,0,0,0,1
2857253,1,1,1,1,1,1,0
2857562,1,1,1,1,1,1,0
2857584,1,1,1,1,1,1,0
2857629,1,1,1,1,1,1,0
2857935,1,1,1,1,1,1,0
2858026,0,0,0,0,0,0,1
2858093,1,0,0,0,0,0,1
2858764,1,1,1,1,1,1,0
2859023,1,1,1,1,1,1,0
2859090,1,1,1,1,1,1,0
2859157,1,1,1,1,1,1,0
2859732,1,1,1,1,1,1,0
2860063,1,1,1,1,1,1,0
2860250,1,1,1,1,1,1,0
2860367,0,0,0,0,0,0,1
2860745,1,1,1,1,1,1,0
2860768,1,1,1,1,1,1,0
2861386,1,1,1,1,1,1,0
2861407,1,1,1,1,0,0,1
2861689,1,1,1,1,1,1,0
2861712,1,1,1,1,1,1,0
2862402,1,1,1,1,1,1,0
2862403,1,1,1,1,1,1,0
2862753,1,1,1,1,1,1,0
2862896,1,1,1,1,1,1,0
2863176,1,1,1,0,0,0,0
2863415,1,1,1,1,1,1,0
2863458,1,1,1,1,1,1,0
2863837,0,0,0,0,0,0,1
2863956,1,1,1,1,1,1,0
2864000,0,0,0,0,0,0,1
2864355,1,1,1,1,1,1,0
2864737,1,1,1,0,0,0,0
2864778,1,1,1,1,1,1,0
2864916,0,0,0,0,0,0,1
2865012,1,1,1,1,1,1,0
2865391,1,1,1,1,1,1,0
2865409,1,1,1,1,1,1,0
2865862,1,1,1,1,1,1,0
2866555,1,1,1,1,1,1,0
2866621,1,1,1,1,1,1,0
2867002,1,1,1,1,1,1,0
2867599,1,0,0,0,0,0,1
2868290,1,1,1,1,0,0,1
2868623,1,1,1,1,1,1,0
2869338,1,1,1,1,1,1,0
2869767,1,1,1,1,1,1,0
2870434,1,1,1,1,1,1,0
2870887,1,1,1,1,1,1,0
2871434,1,1,1,1,1,1,0
2871889,1,1,1,1,0,0,0
2871931,1,1,1,1,1,1,0
2872068,1,1,1,1,0,0,0
2872164,1,1,1,0,0,1,0
2872494,1,1,1,1,1,1,0
2872923,1,1,1,1,1,1,0
2872969,1,1,1,1,1,1,0
2873152,1,1,1,1,1,1,0
2873486,1,1,1,1,1,1,0
2873769,1,1,1,0,0,0,0
2874009,1,1,1,1,1,1,0
2874219,1,1,1,1,1,1,0
2874260,1,1,1,1,1,1,0
2874546,1,1,1,1,1,1,0
2875169,1,1,1,1,1,1,0
2875185,1,1,1,1,1,1,0
2875519,1,1,1,1,1,1,0
2875538,1,1,1,1,1,1,0
2875940,1,1,1,1,1,1,0
2876301,1,1,1,1,1,1,0
2876509,1,1,1,1,1,1,0
2876510,1,1,1,1,1,1,0
2876599,1,1,1,1,1,1,0
2877073,1,0,0,0,0,0,1
2877337,1,1,1,1,1,1,0
2877809,1,0,0,0,0,0,1
2877903,1,1,1,1,1,1,0
2878357,1,1,1,1,1,1,0
2878829,1,1,1,1,1,1,0
2879187,1,1,1,1,1,1,0
2879231,0,0,0,0,0,0,1
2879276,1,1,1,1,0,0,0
2879869,1,1,1,1,1,1,0
2880372,1,1,1,1,1,1,0
2880487,1,1,1,1,1,1,0
2881057,1,1,1,1,1,1,0
2881535,1,1,1,1,1,1,0
2881652,1,1,1,1,1,1,0
2882799,1,1,1,1,1,1,0
2882843,0,0,0,0,0,0,1
2883076,1,1,0,0,0,1,0
2883650,0,0,0,0,0,0,0
2884196,1,1,1,1,1,1,0
2884890,1,1,1,1,1,1,0
2885268,1,1,1,1,1,1,0
2885509,1,1,1,0,0,1,0
2886294,1,1,1,1,1,1,0
2886509,1,1,1,1,1,1,0
2886716,1,0,0,0,0,0,1
2887027,1,1,1,1,1,1,0
2887286,1,1,1,1,1,1,0
2887525,1,1,1,1,1,1,0
2887876,1,1,1,1,1,1,0
2888019,1,1,1,1,1,1,0
2888205,1,1,1,0,0,1,0
2888466,1,1,1,1,1,1,0
2888489,1,1,1,1,1,1,0
2888796,1,0,0,0,0,0,0
2888860,1,1,1,1,1,1,0
2889844,1,1,1,1,1,1,0
2890009,1,1,1,1,1,1,0
2890024,1,1,1,1,1,1,0
2890382,1,1,1,1,1,1,0
2890569,1,1,1,1,1,1,0
2890832,1,1,1,1,1,1,0
2890973,1,1,1,1,1,1,0
2891156,1,1,1,1,1,1,0
2891538,1,1,1,1,1,1,0
2891965,1,0,0,0,0,0,1
2892012,1,1,1,1,1,1,0
2892172,1,1,1,1,1,1,0
2892221,1,1,1,1,1,1,0
2892574,1,1,1,1,1,1,0
2893052,1,1,1,1,1,1,0
2893140,1,1,1,1,1,1,0
2893161,1,1,1,1,1,1,0
2893425,1,1,1,1,0,0,1
2893658,1,1,1,1,1,1,0
2894064,1,1,1,1,1,1,0
2894152,1,1,1,1,1,1,0
2894269,1,1,1,1,1,1,0
2894461,1,1,1,1,1,1,0
2894814,1,1,1,1,1,1,0
2894955,1,0,0,0,0,0,1
2894999,0,0,0,0,0,0,1
2895044,1,1,1,1,1,1,0
2895134,0,0,0,0,0,0,1
2895152,1,1,1,1,1,1,0
2895269,1,1,1,1,1,1,0
2895509,1,1,1,1,1,1,0
2896151,1,1,1,1,1,1,0
2896192,1,1,1,1,1,1,0
2896264,1,1,1,1,1,1,0
2896426,1,1,1,1,1,1,0
2896517,1,1,1,1,1,1,0
2896565,1,1,1,1,1,1,0
2897300,1,1,1,1,1,1,0
2897304,1,1,1,1,1,1,0
2897366,1,1,1,1,1,1,0
2897553,1,1,1,1,1,1,0
2897625,1,1,1,1,1,1,0
2898268,1,1,1,1,1,1,0
2898284,1,1,1,1,1,1,0
2898521,1,1,1,1,1,1,0
2898590,1,1,1,0,0,1,1
2898853,1,1,1,1,1,1,0
2899468,1,1,1,1,1,1,0
2899609,1,1,1,1,1,1,0
2900062,1,1,1,1,1,1,0
2900133,1,1,1,1,1,1,0
2900272,1,1,1,1,1,1,0
2900817,1,1,1,1,0,0,1
2901081,1,1,1,1,1,1,0
2901168,1,1,1,1,1,1,0
2901360,1,1,1,1,1,1,0
2901378,1,1,1,1,1,1,0
2902097,1,1,1,1,1,1,0
2902136,1,1,1,1,1,1,0
2902352,1,1,1,1,1,1,0
2902753,1,1,1,1,0,1,1
2903060,1,1,1,1,1,1,0
2903106,1,1,1,1,0,0,1
2903247,0,0,0,0,0,0,0
2903341,1,1,1,1,1,1,0
2903384,1,1,1,1,1,1,0
2903689,1,1,1,1,1,1,0
2904236,1,1,1,1,1,1,0
2904239,1,1,1,1,1,1,0
2904593,1,1,1,1,1,1,0
2904612,1,1,1,1,1,1,0
2904656,0,0,0,0,0,0,1
2904673,1,1,1,1,1,1,0
2905199,1,1,1,1,1,1,0
2905605,1,1,1,1,1,1,0
2905644,1,1,1,1,1,1,0
2905665,1,1,1,1,1,1,0
2905666,1,1,1,1,1,1,0
2905708,1,1,1,1,1,1,0
2906542,1,1,1,1,1,1,0
2906545,1,1,1,1,1,1,0
2906580,1,1,1,1,1,1,0
2906745,1,1,1,1,1,1,0
2906791,1,0,0,0,0,0,1
2906980,1,1,1,1,1,1,0
2907192,0,0,0,0,0,0,1
2907501,1,1,1,1,1,1,0
2907805,1,1,1,1,1,1,0
2907850,1,1,1,1,1,1,0
2907868,1,1,1,1,1,1,0
2907891,1,1,1,1,1,1,0
2908489,1,1,1,1,1,1,0
2908888,1,1,1,1,1,1,0
2908934,1,1,1,1,1,1,0
2908979,1,1,1,1,1,1,0
2909812,1,1,1,1,1,1,0
2909906,1,1,1,1,1,1,0
2910860,1,1,1,1,1,1,0
2910882,1,1,1,1,1,1,0
2910975,1,1,1,1,1,1,0
2911856,1,1,1,1,1,1,0
2911974,1,1,1,1,1,1,0
2912595,1,1,1,1,1,1,0
2912684,1,1,1,1,1,1,0
2912970,1,1,1,1,1,1,0
2913732,1,1,1,1,1,1,0
2913779,1,0,0,0,0,0,1
2914014,1,1,1,1,1,1,0
2914324,1,1,1,1,0,0,0
2914895,1,1,1,1,1,1,0
2914937,1,1,1,0,0,1,0
2915176,1,1,1,1,1,1,0
2915629,1,1,1,0,0,1,0
2915815,1,1,1,1,1,1,0
2915856,1,1,1,1,1,1,0
2915877,1,1,1,1,1,1,0
2916140,1,1,1,1,1,1,0
2916593,1,1,1,1,1,1,0
2916875,1,1,1,1,1,1,0
2916941,1,1,1,1,1,1,0
2916960,1,1,1,1,1,1,0
2917200,1,1,1,1,1,1,0
2917795,1,1,1,1,1,1,0
2917961,1,1,1,1,1,1,0
2918000,1,1,1,1,1,1,0
2918213,1,0,0,0,0,0,1
2918356,1,1,1,1,1,1,0
2918735,1,1,1,1,1,1,0
2918779,0,0,0,0,0,0,1
2918988,1,1,1,1,1,1,0
2919157,1,1,1,1,1,1,0
2919197,1,1,1,1,1,1,0
2919388,1,1,1,1,1,1,0
2919887,1,1,1,1,1,1,0
2920193,1,1,1,1,1,1,0
2920500,1,1,1,1,1,1,0
2920835,1,1,1,1,1,1,0
2920836,1,1,1,1,1,1,0
2921114,0,0,0,0,0,0,0
2921181,1,1,1,1,1,1,0
2921488,1,1,1,1,1,1,0
2921728,1,1,1,1,1,1,0
2921797,0,0,0,0,0,0,1
2921815,1,1,1,1,1,1,0
2922049,1,1,1,1,1,1,0
2922310,1,1,1,1,1,1,0
2922616,1,1,1,1,1,1,0
2922640,1,1,1,1,1,1,0
2922709,1,1,1,1,1,1,0
2922943,1,1,1,1,1,1,0
2922985,1,1,1,1,1,1,0
2923222,1,0,0,0,0,0,1
2923724,1,1,1,1,1,1,0
2923812,1,1,1,1,1,1,0
2923885,1,1,1,1,1,1,0
2923975,1,1,1,1,1,1,0
2924114,1,1,1,1,1,1,0
2924375,0,0,0,0,0,0,1
2924780,1,1,1,1,0,0,1
2924801,1,1,1,1,1,1,0
2925106,1,1,1,1,1,1,0
2925343,1,1,1,1,1,1,0
2925676,1,0,0,0,0,0,1
2925745,1,1,1,1,1,1,0
2926242,1,1,1,1,1,1,0
2926601,1,1,1,1,1,1,0
2927100,1,1,1,1,1,1,0
2927553,1,1,1,1,1,1,0
2927643,1,1,1,1,1,1,0
2928022,1,1,1,1,1,1,0
2928044,1,1,1,1,1,1,0
2928521,1,1,1,1,1,1,0
2928611,1,1,1,1,1,1,0
2928920,1,1,1,1,1,1,0
2928964,0,0,0,0,0,0,1
2929465,1,1,1,1,1,1,0
2929555,1,1,1,1,1,1,0
2929888,1,1,1,1,1,1,0
2930097,1,1,1,0,0,1,0
2930240,0,0,0,0,0,0,1
2930928,0,0,0,0,0,0,0
2930949,1,1,1,1,1,1,0
2931043,1,1,1,1,1,1,0
2931256,1,1,1,1,1,1,0
2931349,1,1,1,1,1,1,0
2931844,1,1,1,1,1,1,0
2931845,1,1,1,1,1,1,0
2931911,1,1,1,1,1,1,0
2932269,1,1,1,1,1,1,0
2932692,1,1,1,1,1,1,0
2932739,1,1,1,1,1,1,0
2932880,1,1,1,1,1,1,0
2933117,1,1,1,1,1,1,0
2933856,1,1,1,1,1,1,0
2933971,1,1,1,1,1,1,0
2934132,1,1,1,1,1,1,0
2934249,1,1,1,0,0,0,1
2934895,1,1,1,1,1,1,0
2934939,0,0,0,0,0,0,1
2935124,1,1,1,1,1,1,0
2935126,0,0,0,0,0,0,0
2935168,1,1,1,1,1,1,0
2935689,1,1,1,1,1,1,0
2935855,1,1,1,1,1,1,0
2936092,1,1,1,1,1,1,0
2936110,1,1,1,1,1,1,0
2936345,1,0,0,0,0,0,1
2936799,1,1,1,1,1,1,0
2937297,1,1,1,1,1,1,0
2937388,1,1,1,1,1,1,0
2937458,1,1,1,1,1,1,0
2938055,1,1,1,1,1,1,0
2938173,1,1,1,1,1,1,0
2938237,1,1,1,1,1,1,0
2938306,1,1,1,1,1,1,0
2938324,1,1,1,1,1,1,0
2938995,1,1,1,1,1,1,0
2939065,1,1,1,1,1,1,0
2939105,1,1,1,1,1,1,0
2939222,1,1,1,1,1,1,0
2939600,1,1,1,1,1,1,0
2939981,1,1,1,1,1,1,0
2940029,1,1,1,1,1,1,0
2940286,1,1,1,1,1,1,0
2940856,1,1,1,1,1,1,0
2940905,1,1,1,1,1,1,0
2940921,1,1,1,1,1,1,0
2941254,1,1,1,1,1,1,0
2941752,1,1,1,1,1,1,0
2941801,1,1,1,1,1,1,0
2941913,1,1,1,1,1,1,0
2942126,1,1,1,1,1,1,0
2942677,1,1,1,1,1,1,0
2942788,1,1,1,1,1,1,0
2942881,1,1,1,1,1,1,0
2943070,1,1,1,1,1,1,0
2943188,1,1,1,1,0,0,0
2943521,1,1,1,1,1,1,0
2943537,0,0,0,0,0,0,1
2943966,1,1,1,1,1,1,0
2944060,1,1,1,1,1,1,0
2944148,1,1,1,1,1,1,0
2944485,1,1,1,1,1,1,0
2944597,1,1,1,1,1,1,0
2945000,1,1,1,1,1,1,0
2945048,1,1,1,1,1,1,0
2945477,1,1,1,1,1,1,0
2945565,1,1,1,1,1,1,0
2946091,1,1,1,1,0,0,0
2946204,1,1,1,1,1,1,0
2946276,1,1,1,1,1,1,0
2946537,1,1,1,1,1,1,0
2946841,1,1,1,1,1,1,0
2946865,0,0,0,0,0,0,1
2947003,1,1,1,1,1,1,0
2947116,1,1,1,1,1,1,0
2947188,1,1,1,1,1,1,0
2947925,1,1,1,1,1,1,0
2947949,1,1,1,1,1,1,0
2947967,1,1,1,1,1,1,0
2948008,1,1,1,1,1,1,0
2948128,1,1,1,1,1,1,0
2948865,1,1,1,1,1,1,0
2948937,1,1,1,1,1,1,0
2948955,1,1,1,1,1,1,0
2949068,1,1,1,1,1,1,0
2949524,1,1,1,1,1,1,0
2949829,1,1,1,1,1,1,0
2949853,1,1,1,1,1,1,0
2949895,1,1,1,1,1,1,0
2950056,1,1,1,1,1,1,0
2950173,0,0,0,0,0,0,1
2950508,1,1,1,1,1,1,0
2950719,1,1,1,1,1,1,0
2951024,1,1,1,1,1,1,0
2951046,1,1,1,0,0,1,0
2951064,0,0,0,0,0,0,1
2951109,1,1,1,1,1,1,0
2951420,1,1,1,1,1,1,0
2951631,1,1,1,1,1,1,0
2951961,1,1,1,1,1,1,0
2951962,1,1,1,1,1,1,0
2952001,0,0,0,0,0,0,1
2952384,1,1,1,1,1,1,0
2952571,1,1,1,1,1,1,0
2952925,1,1,1,1,1,1,0
2952926,1,1,1,1,1,1,0
2953256,1,1,1,1,1,1,0
2953515,1,1,1,1,1,1,0
2953703,0,0,0,0,0,0,1
2953816,1,1,1,0,0,1,1
2953861,1,1,1,1,1,1,0
2954316,1,1,1,1,1,1,0
2954740,1,1,1,1,1,1,0
2954931,1,1,1,1,1,1,0
2955215,0,0,0,0,0,0,1
2955476,1,1,1,1,1,1,0
2956140,1,1,1,1,1,1,0
2956143,1,1,1,1,1,1,0
2956400,1,1,1,1,1,1,0
2956949,1,1,1,0,0,1,0
2957399,1,1,1,1,1,1,0
2957804,1,1,1,1,1,1,0
2957849,1,1,1,1,1,1,0
2958757,1,1,1,1,1,1,0
2958776,1,1,1,1,1,1,0
2958843,1,1,1,1,1,1,0
2959680,1,1,1,1,1,1,0
2959725,1,1,1,1,1,1,0
2959743,1,1,1,1,1,1,0
2960050,1,1,0,0,0,0,0
2960817,1,1,1,1,1,1,0
2960836,1,1,1,1,1,1,0
2960974,1,1,1,1,1,1,0
2960993,1,1,1,0,0,1,0
2961280,1,0,0,0,0,0,1
2961973,1,1,1,1,1,1,0
2961990,1,0,0,0,0,0,1
2962132,1,1,1,1,1,1,0
2962870,1,1,1,1,1,1,0
2963012,1,1,1,1,1,1,0
2963268,1,1,1,1,0,0,0
2963413,1,1,1,1,1,1,0
2963790,1,1,1,1,1,1,0
2963836,1,1,1,1,1,1,0
2964237,1,1,1,0,0,0,1
2964333,1,0,0,0,0,0,1
2964444,1,1,1,1,1,1,0
2964565,0,0,0,0,0,0,1
2964680,1,1,1,0,0,0,1
2964890,1,1,1,1,1,1,0
2965292,1,1,1,1,1,1,0
2965485,1,1,1,1,1,1,0
2965549,1,1,1,1,1,1,0
2965552,1,1,1,1,1,1,0
2965806,1,1,1,1,1,1,0
2966352,1,1,1,1,1,1,0
2966400,1,1,1,1,1,1,0
2966421,1,1,1,1,1,1,0
2966605,1,1,1,1,1,1,0
2966843,1,0,0,0,0,0,0
2967249,1,1,1,0,0,0,1
2967288,1,1,1,0,0,0,1
2968148,1,1,1,0,0,0,1
2969080,1,1,1,1,1,1,0
2969102,1,1,1,0,0,1,1
2969339,1,1,1,0,0,1,1
2969457,1,1,1,1,1,1,0
2970000,1,1,1,1,1,1,0
2970289,1,1,1,1,1,1,0
2970378,1,1,1,1,1,1,0
2971145,1,1,1,1,1,1,0
2971376,1,1,1,1,1,1,0
2972236,1,1,1,1,1,1,0
2972669,1,1,1,1,1,1,0
2973332,1,1,1,1,1,1,0
2973548,1,1,1,0,0,1,0
2973617,1,1,1,1,1,1,0
2973753,1,1,1,0,0,1,0
2974276,1,1,1,1,1,1,0
2974877,1,1,1,1,1,1,0
2975277,1,1,1,1,1,1,0
2975829,1,1,1,1,1,1,0
2976495,1,1,0,0,0,0,0
2976633,1,1,1,1,1,1,0
2977542,1,1,1,1,0,0,0
2977705,1,1,1,1,1,1,0
2977727,1,1,1,1,1,1,0
2978706,1,1,1,1,1,1,0
2978751,1,1,1,1,1,1,0
2978817,1,1,1,1,1,1,0
2979174,0,0,0,0,0,0,1
2979841,1,1,1,1,1,1,0
2979887,1,1,1,1,1,1,0
2980338,1,1,1,1,1,1,0
2980696,1,1,1,0,0,1,0
2980905,1,1,1,1,1,1,0
2981193,1,1,1,0,0,1,1
2981282,1,1,1,1,1,1,0
2981420,1,1,1,0,0,1,0
2981563,1,1,1,1,1,1,0
2982041,1,1,1,1,1,1,0
2982154,1,1,1,1,1,1,0
2982416,1,1,1,1,1,1,0
2982600,1,1,1,1,1,1,0
2982671,1,1,1,1,1,1,0
2983002,1,1,1,1,1,1,0
2983668,1,1,1,1,1,1,0
2983689,1,1,1,0,0,0,1
2983733,0,0,0,0,0,0,1
2983922,1,1,1,1,1,1,0
2984732,1,0,0,0,0,0,1
2984737,1,1,1,1,0,0,1
2984920,1,1,1,1,0,0,1
2984962,1,1,1,1,1,1,0
2985582,1,0,0,0,0,0,1
2985821,1,1,1,1,1,1,0
2986488,1,1,1,1,1,1,0
2986725,1,1,1,1,1,1,0
2987222,1,0,0,0,0,0,1
2987748,1,1,1,1,1,1,0
2988033,1,1,1,1,1,1,0
2988218,1,1,1,1,1,1,0
2988696,1,1,1,1,1,1,0
2989269,1,1,1,1,1,1,0
2989622,1,1,1,1,1,1,0
2989811,1,1,1,0,0,1,0
2990574,1,1,1,1,1,1,0
2990881,1,1,1,0,0,1,0
2990927,1,1,1,1,0,0,1
2991498,1,1,1,1,1,1,0
2991616,1,1,1,1,0,0,1
2991851,1,1,1,1,1,1,0
2991868,1,1,1,0,0,0,0
2992564,1,1,1,1,1,1,0
2992750,1,1,1,1,1,1,0
2992793,1,1,1,1,1,1,0
2993103,1,1,1,1,1,1,0
2993460,1,1,1,1,1,1,0
2993646,1,1,1,1,1,1,0
2993737,1,1,1,1,0,0,1
2993780,1,1,1,1,1,1,0
2994642,1,1,1,1,1,1,0
2994737,1,1,1,0,0,1,1
2994777,1,1,1,1,1,1,0
2995805,1,1,1,1,1,1,0
2995806,1,1,1,1,1,1,0
2996879,0,0,0,0,0,0,1
2996993,1,1,1,1,1,1,0
2997374,0,0,0,0,0,0,1
2997756,1,1,1,1,1,1,0
2998135,1,1,1,1,1,1,0
2998442,1,1,1,1,1,1,0
2999327,1,1,1,1,1,1,0
2999634,1,1,1,1,1,1,0
3000375,1,1,1,1,1,1,0
3000465,1,1,1,0,0,1,1
3000940,0,0,0,0,0,0,0
3001251,1,1,1,1,1,1,0
3001413,1,1,1,1,1,1,0
3001458,1,1,1,1,1,1,0
3001884,1,1,1,1,1,1,0
3001889,1,1,1,0,0,1,0
3001924,0,0,0,0,0,0,1
3002329,1,1,1,1,1,1,0
3002446,1,1,1,1,1,1,0
3002635,1,1,1,1,0,1,1
3002868,1,1,1,1,1,1,0
3003037,1,1,1,1,1,1,0
3003365,1,1,1,1,1,1,0
3003888,1,1,1,1,1,1,0
3004201,1,1,1,1,1,1,0
3004433,1,1,1,1,1,1,0
3004884,1,1,1,1,1,1,0
3004888,0,0,0,0,0,0,0
3005193,1,1,1,1,1,1,0
3005497,1,1,1,1,1,1,0
3005852,1,1,1,1,1,1,0
3005876,1,1,1,1,1,1,0
3006473,1,1,1,1,1,1,0
3006872,1,1,1,1,1,1,0
3007545,1,1,1,1,1,1,0
3007756,1,1,1,1,1,1,0
3008156,1,1,1,1,1,1,0
3008517,1,1,1,1,1,1,0
3009136,1,1,1,1,1,1,0
3009200,1,1,1,1,1,1,0
3009561,1,1,1,1,1,1,0
3009578,1,1,1,0,0,1,0
3009767,1,1,1,0,0,1,0
3010771,1,1,1,1,1,1,0
3010838,1,1,1,1,1,1,0
3010955,0,0,0,0,0,0,1
3011959,1,1,1,1,1,1,0
3012074,1,1,1,1,1,1,0
3012645,0,0,0,0,0,0,0
3013120,1,1,1,1,1,1,0
3013143,1,1,1,1,1,1,0
3013186,1,0,0,0,0,0,1
3013829,1,1,1,1,1,1,0
3014138,1,1,1,1,0,0,1
3014255,1,1,1,1,1,1,0
3015065,1,1,1,1,1,1,0
3015639,1,1,1,1,1,1,0
3015993,1,1,1,1,0,1,1
3016280,1,1,1,1,0,0,0
3016464,1,1,1,0,0,0,1
3016705,1,1,1,0,0,1,0
3016960,1,0,0,0,0,0,1
3017055,1,1,1,1,1,1,0
3017629,1,1,1,1,1,1,0
3017765,1,1,1,0,0,1,1
3018075,1,1,1,1,1,1,0
3018524,1,1,1,1,1,1,0
3018549,1,1,1,1,1,1,0
3018613,1,1,1,1,1,1,0
3019043,1,1,1,1,1,1,0
3019641,1,1,1,1,1,1,0
3019825,1,1,1,1,1,1,0
3019967,1,1,1,1,1,1,0
3020682,1,1,1,1,1,1,0
3020773,1,1,1,1,1,1,0
3021658,1,1,1,1,1,1,0
3021773,1,1,1,1,1,1,0
3021917,1,1,1,1,1,1,0
3022677,1,1,1,1,1,1,0
3022986,1,1,1,1,0,0,1
3023416,1,1,1,0,0,1,0
3023721,1,1,1,1,1,1,0
3024533,1,1,1,1,1,1,0
3024748,1,1,1,0,0,1,1
3025533,1,1,1,1,1,1,0
3025672,1,1,1,0,0,0,0
3025984,1,1,1,1,1,1,0
3026649,1,1,1,1,1,1,0
3026740,1,1,1,1,1,1,0
3027004,1,1,1,1,1,1,0
3027119,1,1,1,1,0,0,0
3027569,1,1,1,1,1,1,0
3027612,1,1,1,1,1,1,0
3027948,1,1,1,1,1,1,0
3028015,1,1,1,1,1,1,0
3028537,1,1,1,1,1,1,0
3029039,1,1,1,1,1,1,0
3029061,1,1,1,0,0,1,0
3029437,1,1,1,1,1,1,0
3030011,1,1,1,1,1,1,0
3030081,1,1,1,1,1,1,0
3030122,1,1,1,0,0,1,0
3030309,1,1,1,1,1,1,0
3031029,1,1,1,1,1,1,0
3031285,1,1,1,1,1,1,0
3031933,1,1,1,0,0,0,1
3034780,1,1,1,0,0,1,0
3035116,1,1,1,0,0,1,0
3036024,1,1,1,1,1,1,0
3036256,1,1,1,1,1,1,0
3036444,0,0,0,0,0,0,1
3037187,1,1,1,0,0,0,0
3037302,1,1,1,0,0,1,0
3037560,1,1,1,1,1,1,0
3037604,0,0,0,0,0,0,1
3037628,1,1,1,1,1,1,0
3037886,1,0,0,0,0,0,1
3038457,1,1,1,0,0,1,0
3038644,1,1,1,1,1,1,0
3038688,0,0,0,0,0,0,1
3038689,0,0,0,0,0,0,1
3038778,1,1,1,1,1,1,0
3038872,1,1,1,1,1,1,0
3039085,1,1,1,0,0,0,0
3039654,1,1,1,1,1,1,0
3039697,1,1,1,1,1,1,0
3039716,1,1,1,1,1,1,0
3039981,1,1,1,1,1,1,0
3040550,1,1,1,1,1,1,0
3040616,1,1,1,1,1,1,0
3040757,1,1,1,1,1,1,0
3042025,1,1,1,1,1,1,0
3043173,1,1,1,1,1,1,0
3044129,1,1,1,1,1,1,0
3044319,1,1,1,0,0,1,0
3045275,1,1,1,1,1,1,0
3045341,1,1,1,1,1,1,0
3046036,1,1,1,0,0,1,0
3046079,1,1,1,1,1,1,0
3046337,1,1,1,1,1,1,0
3046959,1,1,1,1,1,1,0
3047124,1,1,1,1,1,1,0
3047145,1,1,1,1,0,0,0
3047281,1,1,1,1,1,1,0
3047710,1,1,1,0,0,1,0
3047776,1,1,1,1,0,0,0
3047871,1,1,1,1,1,1,0
3048085,1,1,1,1,1,1,0
3048104,1,1,1,1,1,1,0
3048361,1,1,1,1,1,1,0
3048620,1,1,1,1,1,1,0
3048906,1,1,1,1,1,1,0
3048950,0,0,0,0,0,0,1
3048997,1,1,1,1,1,1,0
3049112,1,1,1,1,1,1,0
3049347,1,1,1,1,1,1,0
3049940,1,1,1,1,1,1,0
3049986,1,1,1,1,1,1,0
3050080,1,1,1,1,1,1,0
3050149,1,1,1,1,1,1,0
3050311,1,1,1,1,1,1,0
3050832,1,1,1,1,1,1,0
3050974,0,0,0,0,0,0,1
3051068,1,1,1,1,1,1,0
3051069,1,1,1,1,1,1,0
3051251,1,1,1,1,1,1,0
3051700,1,1,1,1,1,1,0
3052082,1,1,1,1,1,1,0
3052153,1,1,1,1,1,1,0
3052220,1,1,1,1,1,1,0
3052455,1,1,1,1,1,1,0
3052664,1,1,1,1,1,1,0
3053431,1,1,1,1,1,1,0
3053452,1,1,1,1,1,1,0
3053689,1,1,1,1,1,1,0
3053704,1,1,1,1,1,1,0
3054352,1,1,1,1,1,1,0
3054704,1,1,1,1,1,1,0
3054873,1,1,1,1,1,1,0
3055324,1,1,1,1,1,1,0
3055461,1,1,1,0,0,0,0
3055552,1,1,1,1,1,1,0
3055865,1,1,1,1,1,1,0
3056364,1,1,1,1,1,1,0
3057344,1,1,1,1,1,1,0
3057389,1,1,1,1,1,1,0
3058704,1,1,1,1,1,1,0
3059226,1,1,1,0,0,1,0
3060135,1,1,1,0,0,1,1
3060538,1,1,1,1,1,1,0
3061015,1,1,1,1,1,1,0
3062641,1,1,1,1,0,0,0
3062732,1,1,1,0,0,1,0
3063569,1,1,1,1,1,1,0
3063804,1,1,1,1,1,1,0
3064497,1,1,1,1,1,1,0
3064569,1,1,1,0,0,1,0
3064800,1,1,1,1,1,1,0
3065569,1,1,1,1,1,1,0
3065777,1,1,1,1,1,1,0
3065872,1,1,1,1,0,0,0
3065888,1,1,1,1,0,0,1
3066561,1,1,1,1,1,1,0
3066816,1,1,1,1,1,1,0
3067293,1,1,1,1,1,1,0
3067605,1,1,1,1,1,1,0
3067694,1,1,1,0,0,1,0
3068124,1,1,1,1,1,1,0
3068165,1,1,1,1,1,1,0
3068167,1,1,1,0,0,0,0
3068473,1,1,1,1,1,1,0
3068516,0,0,0,0,0,0,1
3068630,1,1,1,1,1,1,0
3069081,1,1,1,1,1,1,0
3069083,1,1,1,1,1,1,0
3069389,1,1,1,1,1,1,0
3069480,1,1,1,1,1,1,0
3069618,1,1,1,1,1,1,0
3069927,1,1,1,1,1,1,0
3069993,1,1,1,1,1,1,0
3070328,1,1,1,1,1,1,0
3070563,0,0,0,0,0,0,1
3070607,0,0,0,0,0,0,1
3070722,1,1,1,1,1,1,0
3070909,1,1,1,1,1,1,0
3071485,1,1,1,1,1,1,0
3071624,1,1,1,1,1,1,0
3071738,1,1,1,1,1,1,0
3071855,1,1,1,1,1,1,0
3071873,1,1,1,1,1,1,0
3071876,0,0,0,0,0,0,1
3072541,1,1,1,1,1,1,0
3072750,1,1,1,1,1,1,0
3072819,1,1,1,1,1,1,0
3073152,1,1,1,1,1,1,0
3073437,1,1,1,1,1,1,0
3073718,1,1,1,1,1,1,0
3073764,1,0,0,0,0,0,1
3073783,1,1,1,1,1,1,0
3073896,1,1,1,0,0,0,0
3074329,1,1,1,1,1,1,0
3074683,1,1,1,1,1,1,0
3074988,1,1,1,1,1,1,0
3075155,0,0,0,0,0,0,1
3075198,1,1,1,1,1,1,0
3075220,1,1,1,1,1,1,0
3075769,1,1,1,1,1,1,0
3076124,1,1,1,1,1,1,0
3076166,1,1,1,1,1,1,0
3076741,1,1,1,1,1,1,0
3076976,1,1,1,1,1,1,0
3077162,1,1,1,1,1,1,0
3077233,0,0,0,0,0,0,1
3078068,1,1,1,1,1,1,0
3078230,1,1,1,1,1,1,0
3078877,1,1,1,1,1,1,0
3078989,0,0,0,0,0,0,0
3079180,1,1,1,1,1,1,0
3079222,1,1,1,1,1,1,0
3079865,1,1,1,1,1,1,0
3080152,1,1,1,1,1,1,0
3080290,1,1,1,1,1,1,0
3080577,1,1,1,1,1,1,0
3081004,1,1,1,1,1,1,0
3081333,1,1,1,1,1,1,0
3081429,1,1,1,1,1,1,0
3081446,1,1,1,1,1,1,0
3082112,1,1,1,0,0,1,0
3082181,1,1,1,1,1,1,0
3082275,1,1,0,0,0,1,0
3082296,1,1,1,1,1,1,0
3082413,1,1,1,1,1,1,0
3082430,1,1,1,1,1,1,0
3082453,0,0,0,0,0,0,1
3082996,1,1,1,1,1,1,0
3083089,1,1,1,1,1,1,0
3083329,1,1,1,1,1,1,0
3083419,1,1,1,1,1,1,0
3083438,1,1,1,1,1,1,0
3083960,1,1,1,1,1,1,0
3084005,1,1,1,1,1,1,0
3084269,1,1,1,1,1,1,0
3084311,1,1,1,1,1,1,0
3084378,1,1,1,1,1,1,0
3084949,1,1,1,1,1,1,0
3085164,1,1,1,1,1,1,0
3085254,1,1,1,1,1,1,0
3085275,1,1,1,1,1,1,0
3085920,1,0,0,0,0,0,1
3086081,1,1,1,1,1,1,0
3086150,1,1,1,1,1,1,0
3086312,1,1,1,0,0,1,1
3086695,1,1,1,1,1,1,0
3087242,1,1,1,1,1,1,0
3087264,1,1,1,1,1,1,0
3087329,1,1,1,1,1,1,0
3087444,1,1,1,1,1,1,0
3088092,1,0,0,0,0,0,1
3088158,1,1,1,1,1,1,0
3088299,1,1,1,1,1,1,0
3088513,1,1,1,0,0,1,1
3088964,1,1,1,1,1,1,0
3089199,1,1,1,1,1,1,0
3089241,1,1,1,1,1,1,0
3089745,1,1,1,1,1,1,0
3089784,1,1,1,1,1,1,0
3090071,1,1,1,1,1,1,0
3090161,1,1,1,1,1,1,0
3090400,1,1,1,1,1,1,0
3090637,1,1,1,1,1,1,0
3090676,1,1,1,1,1,1,0
3091608,1,1,1,1,1,1,0
3091729,1,1,1,1,1,1,0
3092541,1,1,1,1,1,1,0
3093468,1,1,1,1,0,0,1
3093683,1,1,1,1,1,1,0
3093705,1,1,1,1,1,1,0
3094320,1,1,1,1,1,1,0
3094344,1,0,0,0,0,0,1
3094531,1,1,1,1,1,1,0
3095244,1,1,1,1,1,1,0
3095290,0,0,0,0,0,0,0
3095407,1,1,1,1,1,1,0
3095717,1,1,1,1,1,1,0
3096024,1,1,1,1,0,0,1
3096258,1,1,1,1,1,1,0
3096279,1,1,1,1,1,1,0
3096565,1,1,1,1,1,1,0
3097016,1,1,1,1,1,1,0
3097250,1,1,1,1,1,1,0
3097271,1,1,1,1,1,1,0
3097289,1,1,1,0,0,1,0
3097553,1,1,1,1,1,1,0
3097884,1,1,1,1,1,1,0
3098094,1,1,1,1,1,1,0
3098113,1,1,1,1,1,1,0
3098256,0,0,0,0,0,0,1
3098299,1,1,1,1,1,1,0
3098369,1,1,1,1,1,1,0
3098937,1,1,1,1,1,1,0
3099006,1,1,1,1,1,1,0
3099147,1,1,1,1,1,1,0
3099193,1,1,1,1,1,1,0
3100075,1,1,1,1,1,1,0
3100145,1,1,1,1,1,1,0
3100835,1,0,0,0,0,0,1
3101121,1,1,1,1,1,1,0
3101380,1,1,1,1,1,1,0
3101807,1,1,1,1,1,1,0
3102117,1,1,1,1,1,1,0
3102348,1,1,1,0,0,0,0
3102372,1,1,1,1,1,1,0
3102727,1,1,1,1,1,1,0
3103344,1,1,1,1,1,1,0
3103392,1,1,1,1,1,1,0
3103437,1,1,1,1,1,1,0
3103743,1,1,1,1,1,1,0
3104336,1,1,1,1,1,1,0
3104340,1,1,1,1,1,1,0
3104405,1,1,1,1,1,1,0
3105212,1,1,1,1,1,1,0
3105215,1,1,1,1,1,1,0
3105216,1,1,1,1,1,1,0
3105325,1,1,1,1,1,1,0
3106061,1,0,0,0,0,0,0
3106084,1,1,1,1,1,1,0
3106100,1,1,1,1,1,1,0
3106103,1,1,1,1,1,1,0
3106118,1,0,0,0,0,0,0
3106525,1,1,1,1,1,1,0
3106880,1,1,1,1,1,1,0
3106923,1,1,1,1,1,1,0
3106941,1,1,1,1,1,1,0
3106962,1,1,1,1,1,1,0
3107124,1,1,1,1,1,1,0
3107557,1,1,1,1,1,1,0
3107791,1,1,1,1,1,1,0
3107792,1,1,1,1,1,1,0
3107830,1,1,1,1,1,1,0
3107873,1,1,1,1,1,1,0
3107940,1,1,1,1,1,1,0
3108493,1,1,1,1,1,1,0
3108704,1,1,1,1,1,1,0
3108816,1,1,1,1,1,1,0
3108837,1,1,1,1,1,1,0
3109437,1,1,1,1,1,1,0
3109648,1,1,1,1,1,1,0
3109784,1,1,1,1,1,1,0
3109805,1,1,1,1,1,1,0
3110429,1,1,1,1,1,1,0
3110664,1,1,1,1,1,1,0
3110800,1,1,1,1,1,1,0
3110893,1,1,1,1,1,1,0
3111346,1,1,1,1,1,1,0
3111349,1,1,1,1,1,1,0
3111604,1,1,1,1,1,1,0
3111740,1,1,1,1,1,1,0
3111857,1,1,1,1,1,1,0
3112190,1,1,1,1,1,1,0
3112285,1,1,1,1,1,1,0
3112564,1,1,1,1,1,1,0
3112636,1,1,1,1,1,1,0
3113014,1,1,1,1,1,1,0
3113421,1,1,1,1,1,1,0
3113560,1,1,1,1,1,1,0
3113866,1,1,1,1,1,1,0
3114273,1,1,1,1,1,1,0
3114436,1,1,1,1,1,1,0
3114548,1,1,1,1,1,1,0
3114690,1,1,1,1,1,1,0
3114879,1,1,1,1,0,0,0
3115284,1,1,1,1,1,1,0
3115328,0,0,0,0,0,0,1
3115392,1,1,1,1,1,1,0
3115489,1,1,1,1,1,1,0
3115506,1,1,1,1,1,1,0
3115791,1,1,1,1,1,1,0
3116148,1,1,1,1,1,1,0
3116334,1,1,1,1,1,1,0
3116381,1,1,1,1,1,1,0
3116684,1,1,1,1,1,1,0
3116971,1,1,1,1,1,1,0
3116992,1,1,1,1,1,1,0
3117301,1,1,1,1,1,1,0
3117318,1,1,1,1,1,1,0
3117528,1,1,1,1,1,1,0
3117815,1,1,1,1,1,1,0
3117836,1,1,1,1,1,1,0
3118140,0,0,0,0,0,0,1
3118165,1,1,1,1,1,1,0
3118711,1,1,1,1,1,1,0
3118780,1,1,1,1,1,1,0
3118941,1,1,1,1,0,0,0
3118989,1,1,1,1,1,1,0
3119028,1,1,1,1,1,1,0
3119579,1,1,1,1,1,1,0
3119744,1,1,1,1,1,1,0
3119786,1,1,1,1,1,1,0
3119853,1,1,1,1,1,1,0
3119877,1,1,1,1,1,1,0
3119940,1,1,1,1,1,1,0
3120443,1,1,1,1,1,1,0
3120582,1,1,1,1,1,1,0
3120676,1,1,1,1,1,1,0
3120741,1,1,1,1,1,1,0
3120784,1,1,1,1,1,1,0
3121504,1,1,1,1,1,1,0
3121522,1,1,1,1,1,1,0
3121525,1,1,1,1,0,0,1
3121609,1,1,1,1,1,1,0
3121676,1,1,1,1,1,1,0
3122397,1,1,1,1,1,1,0
3122414,1,1,1,1,1,1,0
3122416,1,1,1,1,1,1,0
3122429,1,1,1,1,1,1,0
3122496,1,1,1,1,1,1,0
3123265,1,1,1,1,1,1,0
3123354,1,1,1,1,1,1,0
3123685,1,1,1,1,1,1,0
3123824,1,1,1,1,1,1,0
3124137,1,1,1,1,1,1,0
3124324,1,1,1,1,1,1,0
3124414,1,1,1,1,1,1,0
3124435,1,0,0,0,0,0,1
3124644,1,1,1,1,1,1,0
3125145,1,1,1,1,0,0,1
3125192,1,1,1,1,1,1,0
3125282,1,1,1,1,1,1,0
3125327,1,1,1,1,1,1,0
3125440,1,1,1,1,1,1,0
3125917,1,1,1,1,1,1,0
3125940,1,1,1,1,1,1,0
3126079,1,1,1,1,1,1,0
3126264,1,1,1,1,1,1,0
3126526,0,0,0,0,0,0,1
3126764,1,1,1,1,1,1,0
3126780,1,0,0,0,0,0,1
3126899,1,1,1,1,1,1,0
3127470,1,1,1,1,1,1,0
3127560,1,1,1,1,1,1,0
3127679,1,1,1,1,1,1,0
3128488,1,1,1,1,1,1,0
3128511,1,1,1,1,1,1,0
3128650,1,1,1,1,1,1,0
3129101,1,1,1,1,1,1,0
3129288,1,1,1,1,1,1,0
3129431,1,1,1,1,1,1,0
3129714,1,1,1,1,1,1,0
3129736,1,1,1,0,0,0,1
3129969,1,1,1,1,1,1,0
3130112,0,0,0,0,0,0,1
3130227,1,1,1,1,1,1,0
3130436,1,1,1,1,1,1,0
3130458,1,1,1,1,1,1,0
3130909,1,1,1,1,1,1,0
3130956,1,1,1,1,1,1,0
3131119,1,1,1,1,1,1,0
3131213,0,0,0,0,0,0,0
3131276,1,1,1,1,1,1,0
3131322,1,1,1,1,1,1,0
3131725,1,1,1,1,1,1,0
3131820,1,1,1,1,1,1,0
3132007,1,1,1,1,1,1,0
3132293,1,1,1,1,1,1,0
3132476,1,1,1,1,1,1,0
3132521,1,1,1,1,1,1,0
3132929,1,0,0,0,0,0,1
3133304,1,1,1,1,1,1,0
3133397,1,1,1,1,1,1,0
3133400,1,1,1,1,1,1,0
3133630,1,1,1,1,1,1,0
3133773,1,1,1,1,1,1,0
3134148,1,1,1,1,1,1,0
3134220,1,1,1,1,1,1,0
3134477,1,1,1,1,1,1,0
3134521,0,0,0,0,0,0,1
3134758,1,1,1,1,1,1,0
3134761,1,1,1,1,1,1,0
3134964,1,1,1,1,1,1,0
3135084,1,1,1,1,1,1,0
3135247,1,1,1,1,1,1,0
3135289,1,1,1,1,1,1,0
3135622,1,1,1,1,1,1,0
3135717,1,1,1,1,1,1,0
3135876,1,1,1,1,1,1,0
3136044,1,1,1,1,1,1,0
3136061,1,1,1,1,1,1,0
3136083,1,1,1,1,1,1,0
3136534,1,1,1,1,1,1,0
3136557,1,1,1,1,0,0,1
3136668,1,1,1,1,1,1,0
3136929,1,1,1,1,1,1,0
3136931,1,1,1,1,1,1,0
3137020,1,1,1,1,1,1,0
3137398,1,1,1,1,1,1,0
3137753,1,1,1,1,1,1,0
3137775,1,1,1,1,1,1,0
3138540,1,1,1,1,1,1,0
3138605,1,1,1,1,1,1,0
3139155,1,1,1,1,1,1,0
3139344,1,1,1,1,1,1,0
3139505,1,1,1,1,1,1,0
3140200,1,1,1,1,1,1,0
3140291,1,1,1,1,1,1,0
3140381,1,1,1,1,1,1,0
3140448,1,1,1,1,1,1,0
3141119,1,1,1,1,0,1,1
3141120,1,1,1,1,1,1,0
3141229,1,1,1,1,1,1,0
3141562,1,1,1,1,1,1,0
3141700,1,1,1,1,1,1,0
3141915,1,1,1,1,1,1,0
3141984,1,1,1,1,1,1,0
3142073,1,1,1,1,1,1,0
3142548,1,1,1,1,1,1,0
3142788,1,1,1,1,1,1,0
3142831,1,1,1,1,1,1,0
3142921,1,1,1,1,1,1,0
3143062,1,1,1,1,1,1,0
3143370,0,0,0,0,0,0,1
3143484,1,1,1,1,1,1,0
3143580,1,1,1,1,1,1,0
3143649,1,1,1,1,0,0,0
3143691,1,1,1,1,1,1,0
3143805,1,1,1,1,1,1,0
3144162,1,1,1,1,1,1,0
3144300,1,1,1,1,1,1,0
3144444,1,1,1,1,1,1,0
3144463,1,1,1,1,1,1,0
3144533,1,1,1,1,1,1,0
3144645,1,1,1,1,1,1,0
3145026,1,1,1,1,1,1,0
3145116,1,1,1,1,1,1,0
3145283,1,1,1,1,1,1,0
3145353,1,1,1,1,1,1,0
3145826,1,1,1,1,1,1,0
3146156,1,1,1,1,1,1,0
3146203,1,1,1,1,1,1,0
3146726,1,1,1,1,1,1,0
3146749,1,1,1,1,1,1,0
3146980,1,1,1,1,1,1,0
3147509,1,1,1,1,1,1,0
3147598,0,0,0,0,0,0,1
3147832,1,1,1,1,1,1,0
3148313,1,1,1,1,1,1,0
3148498,1,1,1,1,1,1,0
3148543,1,1,1,0,0,1,1
3148544,1,1,1,1,1,1,0
3148724,1,1,1,1,1,1,0
3149253,1,1,1,1,1,1,0
3149344,1,1,1,1,1,1,0
3149387,1,1,1,1,1,1,0
3149596,1,1,1,1,1,1,0
3150077,1,1,1,1,1,1,0
3150384,1,1,1,1,1,1,0
3150933,1,1,1,1,1,1,0
3150977,0,0,0,0,0,0,1
3151211,1,1,1,1,1,1,0
3151544,1,1,1,1,0,0,1
3151753,1,1,1,0,0,1,0
3151873,1,1,1,1,1,1,0
3152155,1,1,1,1,1,1,0
3152316,1,1,1,1,1,1,0
3152436,1,1,1,1,1,1,0
3152649,1,1,1,1,1,1,0
3152689,1,1,1,1,1,1,0
3153236,1,1,1,1,1,1,0
3153260,1,1,1,1,1,1,0
3153613,1,1,1,1,1,1,0
3154088,1,1,1,1,1,1,0
3154136,1,1,1,1,1,1,0
3154393,1,1,1,1,1,1,0
3154395,1,1,1,1,1,1,0
3155008,0,0,0,0,0,0,1
3155343,1,1,1,1,1,1,0
3155364,1,1,1,1,1,1,0
3155429,1,1,1,1,1,1,0
3155594,1,1,1,1,0,0,0
3156239,1,1,1,1,1,1,0
3156376,1,1,1,1,0,0,1
3156377,1,1,1,1,1,1,0
3156516,1,1,1,1,1,1,0
3156558,1,1,1,1,1,1,0
3157176,1,1,1,1,1,1,0
3157438,1,1,1,1,1,1,0
3157440,1,1,1,1,1,1,0
3157597,1,1,1,1,1,1,0
3158290,1,1,1,1,1,1,0
3158380,1,1,1,1,1,1,0
3158381,1,1,1,1,1,1,0
3158472,1,1,1,1,1,1,0
3158994,1,1,1,1,1,1,0
3159253,1,1,1,1,1,1,0
3159757,1,1,1,1,0,0,0
3159774,1,1,1,1,1,1,0
3160565,1,1,1,1,1,1,0
3160701,1,1,1,1,1,1,0
3161517,1,1,1,1,1,1,0
3162012,1,1,1,1,0,0,1
3162249,1,1,1,1,0,0,1
3162273,1,1,1,1,1,1,0
3162864,1,1,1,1,1,1,0
3163053,1,1,1,1,1,1,0
3163101,1,1,1,1,1,1,0
3163359,1,1,1,1,0,0,0
3163664,1,1,1,1,1,1,0
3163853,1,1,1,1,1,1,0
3163897,0,0,0,0,0,0,1
3163945,1,1,1,1,1,1,0
3164252,1,1,1,1,1,1,0
3164296,0,0,0,0,0,0,1
3164696,1,1,1,1,1,1,0
3164717,1,1,1,1,1,1,0
3165053,1,1,1,1,1,1,0
3165168,1,1,1,1,1,1,0
3165640,1,1,1,1,1,1,0
3165905,1,1,1,1,1,1,0
3165996,1,1,1,1,1,1,0
3166420,1,1,1,1,1,1,0
3166441,1,0,0,0,0,0,1
3166800,1,1,1,1,1,1,0
3166801,1,1,1,1,1,1,0
3166886,1,1,1,0,0,1,0
3167264,1,1,1,1,1,1,0
3167309,1,1,1,1,1,1,0
3167548,1,1,1,1,1,1,0
3167593,1,1,1,1,1,1,0
3167754,1,1,1,1,1,1,0
3168060,1,1,1,1,1,1,0
3168061,1,1,1,1,1,1,0
3168344,1,1,1,1,1,1,0
3168437,1,1,1,1,1,1,0
3168574,1,1,1,1,1,1,0
3168832,1,1,1,1,1,1,0
3168901,1,1,1,1,1,1,0
3169212,1,1,1,1,1,1,0
3169329,1,1,1,1,1,1,0
3169442,1,1,1,1,1,1,0
3169486,0,0,0,0,0,0,1
3169889,1,1,1,1,1,1,0
3170153,1,1,1,1,1,1,0
3170242,1,1,1,1,1,1,0
3170431,1,1,1,0,0,1,0
3170809,1,1,1,1,1,1,0
3170929,1,1,1,1,1,1,0
3170973,0,0,0,0,0,0,1
3170988,1,1,1,1,1,1,0
3170990,1,1,1,1,1,1,0
3171533,1,1,1,1,1,1,0
3171535,1,1,1,1,1,1,0
3171886,1,1,1,1,1,1,0
3171933,1,1,1,1,1,1,0
3172116,1,1,1,1,0,0,1
3172331,1,1,1,1,1,1,0
3172421,1,1,1,1,1,1,0
3172658,1,1,1,1,1,1,0
3172940,1,1,1,1,1,1,0
3173109,1,1,1,1,1,1,0
3173175,1,1,1,1,1,1,0
3173265,1,1,1,1,1,1,0
3173550,1,1,1,1,1,1,0
3173784,1,1,1,1,1,1,0
3173855,1,0,0,0,0,0,1
3174045,1,1,1,1,1,1,0
3174660,1,1,1,1,1,1,0
3174849,1,1,1,1,0,0,1
3174921,1,1,1,1,1,1,0
3175252,1,1,1,1,0,0,1
3175271,1,1,1,1,1,1,0
3175386,1,1,1,1,0,0,1
3175430,0,0,0,0,0,0,1
3175448,1,1,1,1,1,1,0
3175637,1,1,1,1,1,1,0
3175781,1,1,1,1,1,1,0
3176015,1,1,1,1,1,1,0
3176108,1,1,1,1,0,0,1
3176847,1,1,1,1,1,1,0
3176940,1,1,1,1,1,1,0
3177436,1,1,1,1,0,0,1
3177627,1,1,1,1,0,0,1
3178316,1,0,0,0,0,0,1
3178507,1,1,1,1,1,1,0
3179124,1,1,1,1,1,1,0
3179483,1,1,1,1,0,0,1
3179768,1,1,1,0,0,1,1
3179976,1,1,1,1,1,1,0
3180359,1,1,1,1,1,1,0
3180644,1,1,1,1,1,1,0
3180828,1,1,1,1,1,1,0
3181163,1,1,1,1,1,1,0
3181207,0,0,0,0,0,0,1
3181776,1,1,1,1,1,1,0
3181872,1,1,1,1,1,1,0
3182107,1,1,1,1,1,1,0
3182488,0,0,0,0,0,0,1
3182554,1,1,1,1,0,0,0
3182765,1,1,1,1,0,0,0
3182909,1,1,1,1,0,0,0
3183023,1,1,1,1,1,1,0
3183354,1,1,1,1,1,1,0
3183356,1,1,1,1,1,1,0
3183899,1,1,1,1,0,0,1
3184205,1,1,1,1,0,0,1
3184469,1,1,1,1,1,1,0
3184631,1,0,0,0,0,0,1
3184650,1,1,1,1,1,1,0
3185125,1,1,1,1,1,1,0
3185269,1,1,1,1,1,1,0
3185455,1,1,1,1,1,1,0
3185474,1,1,1,1,1,1,0
3185925,1,1,1,1,1,1,0
3186307,1,1,1,1,1,1,0
3186350,1,1,1,1,0,0,1
3186801,1,1,1,1,1,1,0
3187063,1,1,1,1,1,1,0
3187226,1,1,1,1,1,1,0
3187605,1,1,1,1,1,1,0
3188058,1,1,1,1,1,1,0
3188413,1,1,1,1,1,1,0
3188888,1,1,1,0,0,0,0
3189174,1,1,1,1,1,1,0
3189361,1,1,1,1,1,1,0
3189740,1,1,1,1,1,1,0
3190122,1,1,1,1,1,1,0
3190141,1,1,1,1,1,1,0
3190476,1,1,1,0,0,1,0
3190708,1,1,1,1,1,1,0
3190993,1,1,1,1,1,1,0
3191278,1,1,1,1,1,1,0
3191584,1,1,1,1,1,1,0
3191704,1,1,1,1,1,1,0
3191817,1,1,1,1,1,1,0
3192222,1,1,1,1,1,1,0
3192389,1,1,1,1,0,0,0
3192600,1,1,1,1,1,1,0
3192641,1,1,1,1,1,1,0
3192732,1,1,1,1,1,1,0
3193405,1,1,1,1,1,1,0
3193544,1,1,1,1,0,0,1
3193680,1,1,1,1,1,1,0
3193681,1,1,1,1,1,1,0
3194179,1,1,1,0,0,1,0
3194273,1,1,1,1,1,1,0
3194340,1,1,1,1,1,1,0
3194573,1,1,1,1,1,1,0
3194592,1,1,1,1,1,1,0
3195119,1,1,1,1,1,1,0
3195400,1,1,1,1,1,1,0
3195589,1,1,1,1,1,1,0
3195923,1,1,1,1,1,1,0
3195924,1,1,1,1,0,0,1
3196369,1,1,1,1,1,1,0
3196484,1,1,1,1,1,1,0
3196699,1,1,1,1,1,1,0
3196744,1,1,1,1,1,1,0
3197169,1,1,1,1,1,1,0
3197308,1,1,1,1,1,1,0
3197475,1,1,1,1,1,1,0
3197520,1,1,1,1,1,1,0
3197969,1,1,1,1,1,1,0
3198108,1,1,1,1,1,1,0
3198347,1,1,1,1,1,1,0
3198845,1,1,1,1,1,1,0
3199203,1,1,1,1,1,1,0
3199318,0,0,0,0,0,0,0
3199649,1,1,1,1,1,1,0
3200127,1,1,1,1,1,1,0
3200507,0,0,0,0,0,0,1
3200525,1,1,1,1,1,1,0
3201267,1,1,1,1,1,1,0
3201385,1,1,1,1,0,0,0
3202341,1,1,1,1,1,1,0
3202527,1,1,1,1,1,1,0
3202809,1,1,1,1,1,1,0
3203169,1,1,1,1,1,1,0
3203379,1,1,1,1,1,1,0
3203448,1,1,1,1,0,0,1
3203609,1,1,1,1,1,1,0
3204159,1,1,1,1,1,1,0
3204300,1,1,1,1,1,1,0
3204413,1,1,1,1,1,1,0
3204552,1,1,1,0,0,1,1
3205079,1,1,1,1,0,0,1
3205172,1,1,1,1,1,1,0
3205189,1,1,1,1,1,1,0
3205376,1,1,1,1,0,0,1
3205760,0,0,0,0,0,0,1
3205827,1,1,1,1,1,1,0
3206061,1,1,1,1,1,1,0
3206440,1,1,1,1,1,1,0
3206442,1,1,1,1,0,0,0
3206628,1,1,1,1,1,1,0
3206719,1,1,1,1,1,1,0
3206881,1,1,1,1,1,1,0
3207238,1,1,1,1,0,0,1
3207328,1,1,1,1,1,1,0
3207376,1,1,1,1,1,1,0
3207681,1,1,1,1,1,1,0
3208038,1,1,1,1,0,0,1
3208180,1,1,1,1,1,1,0
3208628,1,1,1,1,1,1,0
3208818,1,1,1,1,1,1,0
3208960,1,1,1,1,1,1,0
3209217,1,1,1,1,1,1,0
3209380,1,1,1,1,1,1,0
3209908,1,1,1,1,1,1,0
3209998,1,1,1,1,1,1,0
3210065,1,1,1,1,1,1,0
3210109,0,0,0,0,0,0,1
3210152,1,1,1,1,1,1,0
3210249,0,0,0,0,0,0,0
3210842,1,1,1,1,1,1,0
3210909,1,1,1,1,1,1,0
3210928,1,1,1,1,1,1,0
3211000,1,1,1,1,1,1,0
3211213,1,1,1,1,1,1,0
3211686,1,1,1,1,1,1,0
3211704,1,1,1,1,1,1,0
3211749,1,1,1,1,1,1,0
3212205,1,1,1,1,1,1,0
3213061,1,1,1,1,1,1,0
3213325,1,1,1,1,1,1,0
3213823,1,1,1,0,0,0,0
3213965,1,0,0,0,0,0,1
3214825,1,1,1,1,1,1,0
3218180,0,0,0,0,0,0,0
3218870,1,1,1,0,0,1,0
3218888,1,1,1,0,0,1,0
3218960,1,1,1,1,1,1,0
3219696,1,1,1,1,1,1,0
3219698,1,1,1,1,1,1,0
3219738,0,0,0,0,0,0,1
3219760,1,1,1,1,1,1,0
3220233,1,1,1,0,0,0,0
3220492,1,1,1,1,1,1,0
3220494,1,1,1,1,1,1,0
3220512,1,1,1,1,1,1,0
3220985,1,1,1,1,1,1,0
3220987,0,0,0,0,0,0,0
3221168,0,0,0,0,0,0,1
3221214,1,1,1,1,1,1,0
3221428,1,1,1,1,1,1,0
3221781,1,1,1,1,1,1,0
3221783,1,1,1,1,1,1,0
3221969,1,1,1,0,0,1,0
3222056,1,1,1,1,1,1,0
3222344,1,1,1,1,1,1,0
3222410,1,1,1,1,1,1,0
3222575,1,1,1,1,1,1,0
3222737,1,1,1,1,1,1,0
3222785,1,1,1,1,1,1,0
3222896,1,1,1,1,1,1,0
3223136,1,1,1,1,1,1,0
3223202,1,1,1,1,1,1,0
3223391,1,1,1,1,1,1,0
3223553,1,1,1,1,1,1,0
3223557,1,1,1,1,1,1,0
3223664,1,1,1,1,1,1,0
3223976,1,1,1,1,1,1,0
3224091,1,1,1,1,1,1,0
3224325,1,1,1,1,1,1,0
3224329,1,1,1,1,1,1,0
3224508,1,1,1,1,1,1,0
3224770,1,1,1,1,1,1,0
3224772,1,1,1,1,1,1,0
3225073,1,1,1,1,1,1,0
3225145,1,1,1,1,1,1,0
3225304,1,1,1,1,1,1,0
3225495,1,1,1,1,1,1,0
3225538,1,1,1,1,1,1,0
3225560,1,1,1,1,1,1,0
3225817,1,1,1,1,1,1,0
3226124,1,1,1,1,1,1,0
3226149,1,1,1,1,1,1,0
3226312,1,1,1,1,1,1,0
3226330,1,1,1,1,1,1,0
3226685,1,1,1,1,1,1,0
3226872,1,1,1,1,1,1,0
3226945,1,1,1,1,1,1,0
3227036,1,1,1,1,1,1,0
3227677,1,1,1,1,1,1,0
3227797,1,1,1,1,1,1,0
3227888,1,1,1,1,1,1,0
3227904,1,1,1,1,1,1,0
3228477,1,1,1,1,1,1,0
3228597,1,1,1,1,1,1,0
3228688,1,1,1,1,1,1,0
3228728,1,1,1,1,1,1,0
3229353,1,1,1,1,1,1,0
3229393,1,1,1,1,1,1,0
3229438,1,0,0,0,0,0,1
3229440,1,1,1,1,1,1,0
3229500,1,1,1,1,1,1,0
3229547,1,1,1,0,0,1,1
3230024,1,0,0,0,0,0,1
3230141,1,1,1,1,1,1,0
3230229,1,1,1,1,1,1,0
3230248,1,1,1,1,1,1,0
3230295,1,1,1,1,1,1,0
3230506,1,1,1,1,1,1,0
3231033,1,1,1,1,1,1,0
3231048,1,1,1,1,1,1,0
3231093,0,0,0,0,0,0,1
3231115,1,1,1,1,1,1,0
3231350,1,1,1,1,1,1,0
3231588,1,1,1,1,1,1,0
3231777,1,1,1,1,1,1,0
3232178,1,1,1,1,1,1,0
3232247,1,1,1,1,1,1,0
3232364,1,1,1,1,1,1,0
3232529,1,1,1,1,1,1,0
3233074,1,1,1,1,1,1,0
3233335,0,0,0,0,0,0,1
3233405,1,1,1,1,1,1,0
3233424,1,1,1,1,1,1,0
3234115,1,1,1,1,1,1,0
3234161,1,1,1,1,0,0,1
3234204,1,1,1,1,1,1,0
3234968,1,1,1,1,1,1,0
3235133,1,1,1,1,1,1,0
3235414,1,1,1,1,1,1,0
3235555,1,1,1,1,1,1,0
3235696,1,1,1,1,1,1,0
3235813,1,1,1,1,0,0,1
3236166,1,1,1,1,1,1,0
3236305,1,1,1,0,0,1,1
3236307,1,1,1,1,1,1,0
3236396,1,1,1,0,0,0,1
3236894,1,1,1,1,1,1,0
3236917,1,1,1,1,1,1,0
3237007,1,1,1,1,1,1,0
3237025,1,1,1,1,1,1,0
3237168,1,1,1,1,1,1,0
3237669,1,1,1,1,1,1,0
3237734,1,1,1,1,1,1,0
3237825,1,1,1,1,1,1,0
3237847,1,1,1,1,1,1,0
3237964,1,1,1,1,1,1,0
3238124,1,1,1,0,0,0,0
3238434,1,1,1,1,1,1,0
3238457,1,1,1,1,1,1,0
3238595,1,1,1,1,1,1,0
3238688,1,1,1,1,1,1,0
3238705,1,1,1,1,1,1,0
3239158,1,1,1,1,1,1,0
3239299,1,1,1,1,0,0,1
3239389,1,1,1,1,0,0,1
3239392,1,1,1,0,0,0,1
3239673,1,1,1,1,1,1,0
3240241,1,1,1,1,1,1,0
3240286,1,1,1,1,1,1,0
3240571,0,0,0,0,0,0,1
3241022,1,1,1,1,1,1,0
3241884,1,1,1,1,1,1,0
3241902,1,1,1,1,1,1,0
3242016,1,1,1,1,0,1,1
3242638,1,1,1,1,1,1,0
3242728,1,1,1,1,1,1,0
3242729,1,1,1,1,0,0,1
3243444,1,1,1,1,1,1,0
3243486,1,1,1,1,1,1,0
3243985,1,1,1,1,1,1,0
3244052,1,1,1,1,1,1,0
3244577,1,0,0,0,0,0,1
3245245,1,0,0,0,0,0,1
3245626,1,1,1,1,1,1,0
3246129,1,1,1,1,1,1,0
3246173,0,0,0,0,0,0,1
3246213,1,1,1,1,1,1,0
3246762,1,1,1,0,0,0,1
3247093,1,1,1,0,0,0,1
3247213,1,1,1,1,1,1,0
3247711,1,1,1,1,0,0,0
3247777,1,1,1,1,1,1,0
3247942,1,1,1,1,1,1,0
3247945,1,1,1,1,1,1,0
3248776,1,1,1,1,1,1,0
3249468,1,1,1,1,1,1,0
3249535,1,0,0,0,0,0,1
3250323,1,1,1,1,1,1,0
3250800,1,1,1,1,1,1,0
3251200,1,1,0,0,0,1,0
3251271,1,1,1,1,1,1,0
3251460,1,1,1,1,1,1,0
3251956,1,1,1,1,1,1,0
3252220,1,1,1,1,1,1,0
3252984,1,0,0,0,0,0,1
3253073,1,1,1,0,0,1,1
3253720,1,1,1,1,1,1,0
3253809,1,1,1,1,1,1,0
3254573,1,1,1,1,1,1,0
3254668,1,1,1,1,1,1,0
3255094,1,1,1,1,0,0,0
3255097,1,1,1,0,0,1,0
3255301,1,1,1,1,1,1,0
3255440,1,1,1,1,0,0,1
3255800,1,1,1,1,1,1,0
3255801,1,1,1,1,1,1,0
3255838,1,1,1,1,1,1,0
3256533,1,1,1,1,1,1,0
3256816,1,1,1,1,1,1,0
3257245,1,1,1,1,1,1,0
3257576,1,1,1,1,1,1,0
3257739,1,1,1,0,0,1,1
3257905,1,0,0,0,0,0,1
3258137,1,1,1,1,0,0,1
3258228,1,1,1,1,1,1,0
3258347,1,0,0,0,0,0,1
3258348,1,0,0,0,0,0,1
3258961,1,1,1,1,0,0,1
3259701,1,0,0,0,0,0,1
3259768,1,1,1,1,1,1,0
3260629,1,1,1,1,1,1,0
3261349,1,0,0,0,0,0,1
3261364,1,1,1,0,0,1,1
3261649,1,1,1,1,1,1,0
3261863,1,1,1,0,0,1,1
3262048,1,1,1,1,1,1,0
3262053,1,0,0,0,0,0,1
3262978,1,1,1,0,0,1,0
3263189,1,1,1,0,0,0,1
3263331,1,1,1,0,0,0,1
3263449,1,1,1,1,1,1,0
3263849,1,0,0,0,0,0,1
3264183,1,1,1,1,0,0,1
3264298,1,1,1,1,1,1,0
3264845,1,1,1,1,1,1,0
3264893,1,1,1,0,0,0,1
3265102,1,1,1,1,1,1,0
3265103,1,1,1,1,1,1,0
3265480,1,1,1,0,0,1,0
3265525,1,0,0,0,0,0,1
3265781,1,1,1,1,1,1,0
3265946,1,1,1,1,1,1,0
3266208,1,1,1,1,0,0,1
3266586,1,0,0,0,0,0,1
3266872,1,1,1,0,0,0,1
3267035,1,1,1,0,0,0,1
3267390,1,1,1,1,1,1,0
3267577,1,0,0,0,0,0,1
3267696,1,1,1,1,0,0,1
3267787,1,1,1,1,1,1,0
3268238,1,1,1,1,1,1,0
3268811,1,0,0,0,0,0,1
3269046,1,1,1,1,1,1,0
3269160,1,1,1,0,0,1,0
3269902,1,1,1,1,1,1,0
3270690,1,1,1,1,1,1,0
3271598,1,1,1,1,1,1,0
3271832,1,1,1,1,1,1,0
3272478,1,1,1,1,1,1,0
3272669,0,0,0,0,0,0,0
3273214,1,1,1,1,1,1,0
3273501,1,0,0,0,0,0,1
3273950,1,1,1,1,1,1,0
3274261,1,1,1,1,1,1,0
3274733,1,1,1,1,0,0,0
3274734,1,1,1,1,1,1,0
3274848,1,1,1,0,0,1,0
3274888,1,0,0,0,0,0,1
3275057,1,1,1,1,1,1,0
3275629,1,0,0,0,0,0,1
3275816,1,1,1,1,1,1,0
3275882,1,1,1,1,1,1,0
3275900,1,1,1,1,1,1,0
3275947,1,1,1,0,0,0,0
3276257,1,0,0,0,0,0,1
3276634,1,1,1,1,1,1,0
3276655,1,0,0,0,0,0,1
3276676,1,1,1,1,1,1,0
3277004,1,1,1,1,1,1,0
3277125,1,1,1,1,1,1,0
3277454,1,1,1,1,1,1,0
3277880,1,1,1,1,1,1,0
3277905,1,1,1,1,1,1,0
3278952,1,1,1,1,1,1,0
3279599,1,1,1,1,1,1,0
3279952,1,1,1,1,1,1,0
3280359,1,1,1,1,1,1,0
3280712,1,1,1,1,1,1,0
3281788,1,1,1,1,1,1,0
3281857,1,1,1,0,0,1,0
3281927,1,1,1,1,1,1,0
3282617,1,1,1,1,1,1,0
3282663,1,1,1,1,1,1,0
3282752,1,1,1,1,1,1,0
3283397,1,1,1,1,1,1,0
3283512,1,1,1,1,1,1,0
3283559,1,1,1,1,0,0,1
3283820,1,1,1,0,0,1,0
3284269,1,1,1,1,1,1,0
3284315,1,1,1,1,1,1,0
3284404,1,1,1,1,0,0,1
3284594,1,1,1,0,0,1,0
3284640,1,1,1,1,1,1,0
3285045,1,1,1,1,0,0,0
3285231,1,1,1,1,1,1,0
3285394,1,1,1,1,1,1,0
3285919,1,0,0,0,0,0,1
3286037,1,1,1,1,1,1,0
3286246,1,1,1,1,1,1,0
3286556,1,1,1,1,1,1,0
3286817,1,1,1,1,1,1,0
3286978,1,1,1,1,1,1,0
3287384,1,1,1,1,1,1,0
3287693,1,1,1,1,1,1,0
3288504,1,1,1,1,1,1,0
3288569,1,1,1,1,1,1,0
3288734,0,0,0,0,0,0,1
3289235,1,1,1,1,0,0,1
3289329,1,1,1,1,1,1,0
3289562,1,1,1,1,1,1,0
3289991,1,1,1,1,1,1,0
3290035,0,0,0,0,0,0,1
3290201,1,1,1,1,1,1,0
3290337,1,1,1,0,0,1,1
3290381,0,0,0,0,0,0,1
3290450,1,1,1,1,0,0,1
3290831,1,1,1,1,1,1,0
3291233,1,1,1,1,1,1,0
3291277,0,0,0,0,0,0,1
3291278,1,1,1,1,1,1,0
3291508,1,0,0,0,0,0,0
3291533,1,1,1,1,1,1,0
3292029,1,1,1,1,1,1,0
3292266,1,1,1,1,1,1,0
3292313,1,1,1,1,1,1,0
3292352,1,1,1,1,1,1,0
3292877,1,1,1,1,1,1,0
3293066,1,1,1,1,1,1,0
3293089,1,1,1,1,1,1,0
3293296,1,1,1,1,1,1,0
3293797,1,1,1,1,1,1,0
3293869,1,1,1,1,1,1,0
3293886,1,1,1,1,1,1,0
3293904,1,0,0,0,0,0,1
3294670,1,1,1,1,1,1,0
3294713,1,1,1,1,1,1,0
3294732,1,1,1,1,1,1,0
3294737,1,1,1,1,1,1,0
3294749,0,0,0,0,0,0,1
3295416,1,0,0,0,0,0,1
3295509,1,1,1,1,1,1,0
3295510,1,1,1,1,1,1,0
3295576,1,1,1,0,0,1,0
3295597,1,1,1,1,1,1,0
3296285,1,1,1,1,1,1,0
3296354,1,1,1,1,1,1,0
3296377,1,1,1,1,1,1,0
3296396,1,1,1,1,1,1,0
3297013,1,1,1,1,1,1,0
3297130,1,1,1,1,1,1,0
3297132,1,1,1,1,1,1,0
3297197,1,1,1,1,1,1,0
3297598,1,0,0,0,0,0,1
3297907,1,1,1,0,0,1,0
3298001,1,1,1,1,1,1,0
3298594,1,1,1,1,1,1,0
3298881,1,1,1,1,1,1,0
3299498,1,1,1,1,1,1,0
3299761,1,1,1,1,1,1,0
3300282,1,1,1,1,1,1,0
3300641,1,1,1,1,1,1,0
3301306,1,1,1,0,0,0,1
3301497,1,1,1,1,1,1,0
3302138,1,1,1,1,1,1,0
3302540,1,1,1,0,0,1,0
3302589,1,1,1,1,1,1,0
3302894,1,1,1,1,1,1,0
3303296,1,1,1,1,1,1,0
3303702,1,1,1,1,1,1,0
3303725,1,1,1,1,1,1,0
3304052,1,1,1,1,1,1,0
3304145,1,1,1,0,0,0,0
3304264,1,1,1,0,0,1,0
3304570,1,1,1,1,1,1,0
3304573,1,1,1,1,1,1,0
3304776,1,1,1,1,1,1,0
3304845,1,1,1,1,1,1,0
3304988,1,1,1,1,1,1,0
3305031,1,1,1,0,0,1,0
3305338,1,1,1,1,1,1,0
3305341,1,1,1,1,1,1,0
3305617,1,1,1,1,1,1,0
3305636,1,1,1,1,1,1,0
3305875,1,1,1,1,1,1,0
3306086,1,1,1,1,1,1,0
3306109,1,1,1,1,1,1,0
3306412,1,1,1,1,1,1,0
3306505,1,1,1,1,1,1,0
3306863,1,1,1,1,1,1,0
3306865,1,1,1,1,1,1,0
3306950,1,1,1,1,1,1,0
3307160,1,1,1,1,1,1,0
3307253,1,1,1,1,1,1,0
3307635,1,1,1,1,1,1,0
3307726,1,1,1,1,1,1,0
3308037,1,0,0,0,0,0,1
3308076,1,1,1,1,1,1,0
3308169,1,1,1,1,1,1,0
3308213,0,0,0,0,0,0,1
3308427,1,1,1,1,1,1,0
3308471,0,0,0,0,0,0,1
3308757,1,1,1,1,1,1,0
3308940,1,1,1,1,1,1,0
3308985,1,1,1,1,1,1,0
3309537,1,1,1,1,1,1,0
3309696,1,1,1,1,1,1,0
3309765,1,1,1,1,1,1,0
3309954,1,1,1,1,1,1,0
3309975,1,1,1,1,1,1,0
3310715,1,1,1,1,1,1,0
3310805,1,1,1,1,1,1,0
3310806,1,1,1,1,1,1,0
3312072,1,1,1,0,0,1,0
3313146,1,1,1,0,0,1,1
3313188,1,1,1,0,0,0,1
3313905,1,1,1,0,0,1,1
3313924,1,1,1,1,1,1,0
3313994,1,1,1,1,1,1,0
3314660,1,1,1,1,1,1,0
3314681,1,1,1,1,1,1,0
3314846,1,1,1,1,1,1,0
3315489,1,1,1,1,1,1,0
3315532,1,1,1,1,1,1,0
3315674,1,1,1,1,1,1,0
3316245,1,1,1,1,1,1,0
3316384,1,1,1,1,1,1,0
3316428,0,0,0,0,0,0,1
3316669,1,1,1,0,0,1,0
3317117,1,1,1,1,1,1,0
3317280,1,1,1,1,1,1,0
3317855,1,1,1,0,0,1,0
3317994,1,1,1,1,1,1,0
3318060,1,1,1,1,1,1,0
3318659,1,1,1,1,1,1,0
3318822,1,1,1,1,1,1,0
3318888,1,1,1,1,1,1,0
3319200,1,1,1,0,0,1,0
3319387,1,1,1,1,1,1,0
3319622,1,1,1,1,1,1,0
3319640,1,1,1,1,1,1,0
3320359,1,1,1,1,1,1,0
3320474,1,1,1,1,1,1,0
3321048,1,1,1,0,0,1,1
3321211,1,1,1,1,1,1,0
3321952,1,1,1,1,1,1,0
3322716,1,1,1,1,1,1,0
3322998,1,1,1,0,0,1,1
3323283,1,1,1,1,1,1,0
3323664,1,1,1,1,1,1,0
3323802,1,1,1,1,1,1,0
3323805,1,1,1,0,0,1,0
3324083,1,1,1,1,1,1,0
3324245,1,1,1,0,0,1,0
3324289,0,0,0,0,0,0,1
3324552,1,1,1,1,1,1,0
3324553,1,1,1,1,1,1,0
3324566,1,1,1,1,1,1,0
3325089,1,1,1,1,1,1,0
3325400,1,1,1,1,1,1,0
3325418,1,1,1,1,1,1,0
3325941,1,1,1,1,1,1,0
3325965,1,1,1,1,1,1,0
3326009,0,0,0,0,0,0,1
3326172,1,1,1,1,1,1,0
3326764,1,1,1,0,0,1,0
3326837,1,1,1,1,1,1,0
3327120,1,1,1,1,1,1,0
3327139,1,1,1,1,1,1,0
3327708,1,1,1,1,1,1,0
3327853,1,1,1,1,1,1,0
3327870,1,1,1,1,1,1,0
3327891,1,1,1,1,1,1,0
3327892,1,1,1,1,1,1,0
3328557,1,1,1,1,1,1,0
3328646,1,1,1,1,1,1,0
3328667,1,1,1,1,1,1,0
3328686,0,0,0,0,0,0,1
3328732,1,1,1,1,1,1,0
3329348,1,1,1,1,1,1,0
3329635,1,1,1,1,1,1,0
3330108,1,1,1,1,1,1,0
3330110,1,1,1,1,1,1,0
3330128,1,1,1,1,1,1,0
3330387,1,1,1,1,1,1,0
3331032,1,1,1,1,1,1,0
3331033,1,1,1,1,1,1,0
3331236,1,1,1,1,1,1,0
3331331,1,1,1,1,1,1,0
3331566,1,1,1,1,1,1,0
3331828,1,1,1,1,1,1,0
3331969,1,1,1,1,1,1,0
3332080,1,1,1,1,1,1,0
3332127,1,1,1,1,1,1,0
3332410,1,1,1,1,1,1,0
3332454,0,0,0,0,0,0,1
3332644,1,1,1,1,1,1,0
3332785,1,1,1,1,1,1,0
3332995,1,1,1,1,1,1,0
3333013,1,1,1,0,0,1,0
3333248,1,1,1,1,1,1,0
3333250,1,1,1,1,1,1,0
3333652,1,1,1,1,1,1,0
3333789,1,1,1,1,1,1,0
3333791,1,1,1,1,1,1,0
3334094,1,1,1,1,1,1,0
3334189,1,1,1,0,0,1,1
3334424,1,1,1,1,1,1,0
3334657,1,1,1,1,1,1,0
3334726,1,0,0,0,0,0,1
3334792,1,1,1,0,0,1,1
3335272,1,1,1,1,1,1,0
3335457,1,1,1,1,1,1,0
3335526,1,1,1,1,1,1,0
3335616,1,1,1,1,1,1,0
3336288,1,1,1,1,1,1,0
3336306,1,1,1,1,1,1,0
3336349,1,1,1,1,1,1,0
3336351,1,1,1,1,1,1,0
3336460,1,1,1,1,1,1,0
3337108,1,1,1,1,1,1,0
3337175,1,1,1,1,1,1,0
3337938,1,1,1,0,0,1,1
3337960,1,1,1,0,0,0,1
3338027,1,1,1,1,1,1,0
3338380,1,1,1,1,0,0,1
3338716,1,1,1,1,1,1,0
3338807,1,1,1,1,1,1,0
3339090,1,1,1,1,1,1,0
3339228,1,1,1,1,1,1,0
3339249,1,1,1,0,0,1,1
3339919,1,1,1,1,1,1,0
3339962,1,1,1,1,1,1,0
3340053,1,1,1,1,1,1,0
3340120,1,1,1,1,1,1,0
3340695,1,1,1,1,1,1,0
3340714,1,1,1,1,1,1,0
3340925,1,1,1,1,1,1,0
3341136,1,1,1,1,1,1,0
3341281,1,1,1,0,0,1,0
3341682,1,1,1,1,1,1,0
3341940,1,1,1,1,1,1,0
3342105,1,1,1,1,1,1,0
3342393,1,1,1,1,1,1,0
3342506,1,1,1,1,1,1,0
3342507,1,1,1,1,1,1,0
3342832,1,1,1,1,1,1,0
3342901,1,1,1,1,1,1,0
3343306,1,1,1,1,1,1,0
3343351,1,1,1,1,1,1,0
3343704,1,1,1,1,1,1,0
3343773,1,1,1,1,1,1,0
3344179,1,1,1,1,1,1,0
3344249,1,1,1,1,1,1,0
3344601,1,1,1,1,1,1,0
3344602,1,1,1,1,1,1,0
3345005,1,1,1,1,1,1,0
3345381,1,1,1,1,1,1,0
3345666,1,1,1,1,1,1,0
3345808,1,1,1,0,0,1,0
3345949,1,1,1,1,1,1,0
3346157,1,1,1,1,1,1,0
3346490,1,1,1,1,1,1,0
3346825,1,1,1,1,1,1,0
3347009,1,1,1,1,1,1,0
3347342,1,1,1,1,1,1,0
3347677,1,1,1,1,1,1,0
3347789,1,1,1,1,1,1,0
3348242,1,1,1,1,1,1,0
3348481,1,1,1,1,1,1,0
3348617,1,1,1,1,1,1,0
3349022,1,1,1,1,1,1,0
3349213,1,1,1,1,1,1,0
3349397,1,1,1,1,1,1,0
3350233,1,1,1,1,1,1,0
3350828,1,0,0,0,0,0,0
3350829,0,0,0,0,0,0,1
3351303,1,1,1,0,0,1,0
3351560,1,1,1,1,1,1,0
3351629,1,1,1,1,1,1,0
3351867,1,0,0,0,0,0,1
3352316,1,1,1,1,1,1,0
3352457,1,1,1,1,1,1,0
3352791,1,1,1,1,1,1,0
3352932,1,1,1,0,0,1,0
3353381,1,1,1,1,1,1,0
3353667,1,1,1,1,1,1,0
3354599,1,1,1,1,1,1,0
3355387,1,1,1,1,1,1,0
3356174,0,0,0,0,0,0,0
3356195,1,1,1,1,1,1,0
3356361,1,1,1,0,0,1,0
3356978,1,1,1,1,1,1,0
3357023,1,1,1,1,1,1,0
3357261,1,1,1,1,1,1,0
3357927,1,1,1,1,1,1,0
3358069,1,1,1,1,1,1,0
3358711,1,1,1,1,1,1,0
3358925,1,1,1,1,1,1,0
3359468,1,1,1,1,0,0,0
3359587,1,1,1,1,1,1,0
3359705,1,1,1,1,1,1,0
3360084,1,1,1,0,0,1,0
3360340,1,1,1,1,1,1,0
3360411,1,1,1,1,1,1,0
3360457,1,1,1,1,1,1,0
3360521,1,1,1,0,0,1,0
3360928,1,1,1,1,1,1,0
3361184,1,1,1,1,1,1,0
3361187,1,1,1,1,1,1,0
3361227,0,0,0,0,0,0,1
3361229,1,1,1,1,1,1,0
3361385,1,1,1,1,1,1,0
3361672,1,1,1,1,1,1,0
3361981,1,1,1,1,0,1,1
3362044,1,1,1,1,1,1,0
3362115,1,1,1,1,1,1,0
3362133,1,1,1,1,0,0,1
3362540,1,1,1,1,1,1,0
3362825,1,1,1,1,1,1,0
3362937,1,1,1,1,1,1,0
3363055,1,1,1,1,1,1,0
3363099,0,0,0,0,0,0,1
3363312,1,1,1,1,0,1,1
3363641,1,0,0,0,0,0,1
3363645,1,1,1,1,1,1,0
3364066,1,1,1,0,0,1,0
3364088,1,1,1,1,1,1,0
3364106,0,0,0,0,0,0,1
3364393,1,1,1,1,1,1,0
3364481,1,1,1,1,1,1,0
3364840,1,1,1,1,1,1,0
3365221,1,1,1,1,1,1,0
3365261,1,1,1,1,1,1,0
3366101,1,1,1,1,1,1,0
3366865,1,1,1,1,1,1,0
3367653,1,1,1,1,1,1,0
3368369,1,0,0,0,0,0,1
3369176,1,1,1,1,0,0,0
3369225,1,1,1,1,1,1,0
3370008,1,1,1,1,1,1,0
3370033,1,1,1,1,1,1,0
3370219,1,1,1,1,1,1,0
3370889,1,1,1,1,1,1,0
3370976,1,1,1,1,1,1,0
3371095,1,1,1,1,1,1,0
3371258,1,1,1,0,0,1,0
3371732,1,1,1,1,1,1,0
3371805,1,1,1,1,1,1,0
3371871,1,1,1,1,1,1,0
3371988,1,1,1,1,0,0,0
3372126,1,1,1,1,1,1,0
3372409,1,1,1,0,0,1,0
3372864,1,1,1,1,1,1,0
3373266,1,1,1,1,1,1,0
3373693,1,1,1,1,1,1,0
3373712,1,1,1,1,1,1,0
3374046,1,1,1,1,1,1,0
3374236,1,1,1,0,0,1,1
3374469,1,1,1,1,1,1,0
3374584,1,1,1,1,1,1,0
3374870,1,1,1,1,1,1,0
3374873,1,1,1,1,1,1,0
3375032,1,1,1,1,1,1,0
3375171,1,1,1,1,1,1,0
3375357,1,1,1,1,1,1,0
3375424,1,1,1,1,1,1,0
3375832,1,1,1,1,1,1,0
3375851,1,0,0,0,0,0,1
3376205,1,1,1,1,1,1,0
3376635,1,1,1,1,1,1,0
3376965,1,1,1,1,1,1,0
3377612,1,1,0,0,0,1,1
3377725,1,1,1,1,1,1,0
3378585,1,1,1,1,1,1,0
3378872,1,1,1,1,1,1,0
3378965,1,0,0,0,0,0,1
3379365,1,1,1,1,1,1,0
3379652,1,1,1,1,1,1,0
3379745,1,1,1,1,1,1,0
3380097,1,1,1,1,1,1,0
3380504,1,1,1,1,1,1,0
3380833,1,1,1,1,1,1,0
3381264,1,1,1,1,1,1,0
3381641,1,1,1,1,1,1,0
3381998,1,1,1,0,0,1,0
3382020,1,1,1,1,1,1,0
3382229,0,0,0,0,0,0,1
3382560,1,0,0,0,0,0,0
3382606,1,1,1,0,0,0,1
3382625,0,0,0,0,0,0,1
3383509,1,1,1,1,1,1,0
3383530,1,1,1,1,1,1,0
3383644,1,1,1,1,1,1,0
3383763,1,0,0,0,0,0,0
3384285,1,1,1,1,1,1,0
3384424,1,1,1,1,1,1,0
3384878,1,1,1,1,1,1,0
3385113,1,1,1,1,1,1,0
3385159,1,1,1,1,1,1,0
3385228,1,1,1,0,0,1,1
3385244,1,1,1,1,1,1,0
3385532,0,0,0,0,0,0,1
3385790,1,1,1,1,1,1,0
3385953,1,1,1,1,1,1,0
3385975,1,1,1,1,1,1,0
3386016,1,1,1,1,1,1,0
3386376,1,1,1,1,1,1,0
3386658,1,1,1,1,1,1,0
3386845,1,1,1,1,1,1,0
3386849,1,1,0,0,0,0,0
3386911,1,1,1,1,1,1,0
3387172,1,1,1,1,1,1,0
3387645,1,1,1,1,1,1,0
3388317,1,1,1,1,0,0,1
3389177,1,1,1,1,1,1,0
3390493,1,1,1,1,1,1,0
3391377,1,1,1,1,1,1,0
3391444,1,1,1,1,1,1,0
3392280,1,1,1,1,1,1,0
3392392,1,1,1,1,1,1,0
3392489,1,1,1,1,1,1,0
3393060,1,1,1,1,1,1,0
3393244,1,1,1,1,1,1,0
3393288,0,0,0,0,0,0,1
3393792,1,1,1,1,1,1,0
3393810,1,1,1,1,0,0,0
3394044,1,1,1,1,1,1,0
3394067,1,1,1,1,0,0,0
3394805,1,1,1,0,0,0,0
3394824,1,1,1,1,1,1,0
3394895,1,1,1,1,1,1,0
3394917,1,1,1,1,1,1,0
3395510,1,1,1,1,1,1,0
3395673,1,1,1,1,1,1,0
3395677,1,1,1,1,1,1,0
3395691,1,1,1,1,1,1,0
3396048,1,1,1,1,1,1,0
3396330,1,1,1,1,1,1,0
3396447,1,1,1,1,1,1,0
3396489,1,1,1,1,1,1,0
3396537,1,1,1,1,1,1,0
3396820,1,1,1,1,1,1,0
3397078,1,1,1,1,1,1,0
3397219,1,1,1,1,1,1,0
3397433,1,1,1,1,1,1,0
3397644,1,1,1,1,1,1,0
3397854,1,1,1,1,1,1,0
3398043,1,1,1,1,1,1,0
3398233,1,1,1,1,1,1,0
3398420,1,1,1,1,1,1,0
3398919,1,1,1,1,1,1,0
3399061,1,1,1,1,1,1,0
3399128,1,1,1,1,1,1,0
3399893,1,1,1,1,1,1,0
3399936,1,1,1,1,1,1,0
3400264,1,1,1,1,0,0,1
3400334,1,0,0,0,0,0,1
3400693,1,1,1,1,1,1,0
3400712,1,1,1,1,1,1,0
3401138,1,1,1,1,1,1,0
3401473,1,1,1,1,1,1,0
3401588,1,1,1,1,1,1,0
3401990,1,1,1,1,1,1,0
3402253,1,1,1,1,1,1,0
3402320,1,1,1,1,1,1,0
3402746,1,1,1,1,1,1,0
3403033,1,1,1,1,1,1,0
3403601,0,0,0,0,0,0,0
3403670,1,1,1,1,1,1,0
3403740,1,1,1,1,1,1,0
3404453,1,1,1,1,1,1,0
3404474,1,1,1,1,1,1,0
3404592,1,1,1,1,1,1,0
3404757,1,1,1,1,1,1,0
3405205,1,1,1,1,1,1,0
3405372,1,1,1,1,1,1,0
3405414,1,1,1,1,1,1,0
3405509,1,1,1,1,1,1,0
3405793,0,0,0,0,0,0,1
3406027,1,1,1,0,0,1,0
3406071,0,0,0,0,0,0,1
3406188,1,1,1,1,1,1,0
3406470,1,1,1,1,1,1,0
3406514,0,0,0,0,0,0,1
3406558,0,0,0,0,0,0,1
3406581,1,1,1,1,1,1,0
3406863,1,1,1,1,1,1,0
3407360,0,0,0,0,0,0,0
3407365,1,1,1,1,1,1,0
3407498,1,1,1,1,1,1,0
3407615,1,1,1,1,1,1,0
3408160,1,1,1,1,1,1,0
3408375,1,1,1,1,1,1,0
3408852,1,0,0,0,0,0,1
3408895,0,0,0,0,0,0,1
3408912,1,1,1,1,1,1,0
3409727,1,1,1,1,1,1,0
3409748,1,0,0,0,0,0,1
3409934,1,1,1,1,1,1,0
3410748,1,1,1,1,1,1,0
3412325,0,0,0,0,0,0,0
3413137,1,1,1,1,1,1,0
3414529,0,0,0,0,0,0,0
3415413,1,1,1,1,1,1,0
3416100,1,1,1,0,0,1,0
3416915,1,1,1,0,0,1,0
3417126,1,1,1,0,0,1,0
3417265,1,1,1,0,0,1,1
3417504,1,1,1,0,0,1,1
3417691,1,1,1,1,1,1,0
3418336,1,1,1,1,0,0,1
3418402,1,1,1,1,1,1,0
3418543,1,1,1,1,1,1,0
3419212,1,1,1,1,1,1,0
3419639,1,1,1,1,1,1,0
3421192,1,1,1,0,0,1,1
3421671,1,1,1,1,1,1,0
3421740,1,1,1,1,0,0,1
3422092,1,1,1,1,1,1,0
3422573,1,1,1,0,0,1,0
3422616,1,1,1,1,0,0,1
3422968,1,1,1,1,0,0,1
3423471,1,1,1,1,1,1,0
3423684,1,1,1,1,1,1,0
3423921,1,1,1,1,1,1,0
3424200,1,1,1,1,1,1,0
3424203,1,1,1,1,1,1,0
3424292,0,0,0,0,0,0,1
3424405,1,1,0,0,0,0,0
3424765,1,1,1,1,1,1,0
3424900,1,1,1,1,1,1,0
3425091,1,0,0,0,0,0,1
3425209,1,0,0,0,0,0,1
3425516,1,1,1,1,0,0,1
3425534,1,1,1,0,0,1,0
3425744,1,1,1,1,1,1,0
3425959,1,1,1,1,1,1,0
3425961,1,1,1,1,1,1,0
3426454,1,1,1,1,1,1,0
3426837,1,1,1,1,1,1,0
3426951,1,1,1,1,0,0,1
3427546,1,1,1,1,1,1,0
3427732,1,1,1,1,1,1,0
3427755,1,1,1,1,1,1,0
3427799,0,0,0,0,0,0,1
3427845,1,1,1,1,1,1,0
3428556,1,1,1,1,1,1,0
3428626,1,1,1,1,1,1,0
3428649,1,1,1,1,1,1,0
3429410,1,1,1,1,1,1,0
3429527,1,1,1,1,1,1,0
3429664,1,1,1,1,1,1,0
3429807,0,0,0,0,0,0,1
3429997,1,1,1,1,1,1,0
3430206,1,1,1,1,1,1,0
3430563,1,1,1,1,1,1,0
3431303,1,1,1,1,1,1,0
3431513,1,1,1,0,0,1,0
3431537,1,0,0,0,0,0,1
3432131,1,1,1,1,1,1,0
3432388,1,1,1,1,1,1,0
3432485,1,1,1,1,1,1,0
3432525,1,1,1,1,1,1,0
3432620,1,1,0,0,0,1,0
3432999,1,1,1,1,0,0,1
3433160,1,1,1,1,1,1,0
3433277,1,1,1,1,1,1,0
3433325,1,1,1,1,1,1,0
3433632,1,1,1,1,1,1,0
3433888,1,1,1,1,1,1,0
3433935,1,1,1,1,1,1,0
3434101,1,1,1,1,1,1,0
3434141,1,1,1,1,1,1,0
3434690,1,1,1,1,0,0,1
3434711,1,1,1,1,1,1,0
3434733,1,0,0,0,0,0,1
3434752,1,1,1,1,1,1,0
3434796,0,0,0,0,0,0,1
3434885,1,1,1,1,1,1,0
3435024,1,1,1,1,1,1,0
3435193,1,0,0,0,0,0,1
3435715,1,1,1,1,1,1,0
3435781,1,1,1,1,1,1,0
3436064,1,1,1,1,1,1,0
3436257,1,1,1,1,1,1,0
3436564,1,1,1,1,1,1,0
3436916,1,1,1,1,1,1,0
3436960,0,0,0,0,0,0,1
3437007,1,1,1,1,1,1,0
3437218,1,1,1,1,1,1,0
3437457,1,1,1,1,1,1,0
3437548,1,1,1,1,1,1,0
3437972,1,1,1,1,1,1,0
3437994,1,1,1,1,1,1,0
3438038,0,0,0,0,0,0,1
3438061,1,0,0,0,0,0,1
3438079,1,1,1,1,1,1,0
3438316,1,1,1,1,1,1,0
3438333,1,1,1,1,1,1,0
3438930,1,1,1,1,1,1,0
3439193,1,1,1,1,1,1,0
3439308,1,1,1,1,1,1,0
3439397,1,1,1,1,1,1,0
3439536,1,1,1,1,1,1,0
3439966,1,1,1,1,1,1,0
3440013,1,1,1,1,1,1,0
3440104,1,1,1,1,1,1,0
3440288,1,1,1,1,1,1,0
3440405,1,1,1,1,1,1,0
3440765,1,1,1,1,1,1,0
3441000,1,1,1,1,1,1,0
3441088,1,1,1,1,1,1,0
3441134,1,1,1,1,0,0,1
3441177,1,1,1,1,1,1,0
3441320,0,0,0,0,0,0,1
3441864,1,1,1,1,1,1,0
3441886,1,1,1,1,1,1,0
3441889,1,1,1,1,1,1,0
3442120,1,1,1,1,1,1,0
3442161,1,1,1,1,1,1,0
3442497,1,0,0,0,0,0,1
3442656,1,1,1,1,1,1,0
3442660,1,0,0,0,0,0,1
3442698,1,1,1,1,1,1,0
3443080,1,0,0,0,0,0,1
3443456,1,1,1,1,1,1,0
3443501,1,1,1,1,1,1,0
3443505,1,1,1,1,1,1,0
3443710,1,1,1,1,1,1,0
3443828,1,1,1,1,1,1,0
3444420,1,1,1,1,1,1,0
3444538,1,1,1,1,1,1,0
3444584,1,1,1,1,1,1,0
3444841,1,1,1,1,1,1,0
3445151,0,0,0,0,0,0,0
3445336,1,1,1,1,1,1,0
3445360,1,1,1,1,1,1,0
3445929,1,1,1,1,1,1,0
3445930,1,1,1,1,0,0,1
3445971,1,1,1,1,1,1,0
3446204,1,1,1,1,0,0,1
3446682,1,1,1,1,1,1,0
3446988,1,1,1,1,1,1,0
3447156,1,1,1,1,1,1,0
3447462,1,1,1,1,1,1,0
3447577,1,1,1,1,1,1,0
3447860,1,1,1,1,1,1,0
3447908,1,1,1,1,1,1,0
3448238,1,1,1,1,1,1,0
3448524,0,0,0,0,0,0,1
3448565,1,1,1,1,1,1,0
3448609,0,0,0,0,0,0,1
3448748,1,1,1,1,1,1,0
3449202,1,1,1,1,1,1,0
3449413,1,1,1,1,1,1,0
3449436,1,1,1,1,1,1,0
3450030,1,1,1,1,1,1,0
3450508,1,1,1,1,0,0,1
3450601,1,1,0,0,0,1,0
3450834,1,1,1,1,1,1,0
3451288,1,1,1,1,1,1,0
3451594,1,1,1,1,1,1,0
3451685,1,1,1,1,1,1,0
3452116,1,1,1,1,1,1,0
3452350,1,1,1,1,1,1,0
3452921,1,1,1,1,1,1,0
3452944,1,1,1,1,1,1,0
3453083,1,1,1,1,0,0,0
3453222,1,1,1,1,1,1,0
3453867,1,1,1,1,1,1,0
3453936,1,1,1,1,1,1,0
3454700,1,1,1,1,1,1,0
3454910,1,1,1,1,0,0,1
3455123,1,1,1,1,1,1,0
3455432,1,1,1,1,1,1,0
3455666,1,1,1,1,1,1,0
3455876,1,1,1,1,0,0,0
3455923,1,1,1,1,1,1,0
3456208,1,1,1,1,1,1,0
3456562,1,1,1,1,1,1,0
3456751,1,1,1,1,1,1,0
3456988,1,1,1,1,1,1,0
3457006,0,0,0,0,0,0,1
3457120,1,0,0,0,0,0,1
3457358,0,0,0,0,0,0,1
3457717,1,1,1,0,0,0,0
3457759,1,1,1,1,1,1,0
3457944,1,1,1,1,1,1,0
3458064,1,1,1,1,1,1,0
3458202,1,1,1,1,1,1,0
3458249,1,0,0,0,0,0,1
3458555,1,1,1,1,1,1,0
3458764,1,1,1,1,1,1,0
3458932,1,1,1,1,1,1,0
3458974,1,1,1,1,1,1,0
3459021,1,1,1,1,1,1,0
3459375,1,1,1,1,1,1,0
3459608,1,1,1,1,1,1,0
3459750,1,1,1,1,1,1,0
3459821,1,1,1,1,1,1,0
3460005,1,1,1,1,0,0,0
3460052,1,1,1,1,1,1,0
3460167,1,1,1,1,1,1,0
3460211,0,0,0,0,0,0,1
3460494,1,1,1,1,1,1,0
3460613,1,1,1,1,1,1,0
3460652,1,1,1,1,1,1,0
3460793,1,1,1,1,1,1,0
3460816,1,1,1,1,1,1,0
3461242,1,1,1,1,1,1,0
3461359,1,1,1,1,1,1,0
3461429,1,1,1,1,1,1,0
3461468,1,1,1,1,1,1,0
3461512,0,0,0,0,0,0,1
3461605,1,1,1,1,1,1,0
3461652,1,1,1,1,1,1,0
3461982,1,1,1,1,1,1,0
3462099,1,1,1,1,1,1,0
3462217,1,1,1,1,1,1,0
3462236,1,0,0,0,0,0,1
3462541,1,1,1,1,1,1,0
3462608,1,1,1,1,1,1,0
3462847,1,1,1,1,1,1,0
3462890,1,1,1,1,1,1,0
3463033,1,1,1,1,1,1,0
3463172,1,1,1,1,1,1,0
3463333,1,1,1,1,1,1,0
3463400,1,1,1,1,1,1,0
3463615,1,1,1,1,1,1,0
3463658,1,1,1,1,1,1,0
3463801,1,1,1,1,1,1,0
3464200,1,1,1,1,1,1,0
3464438,1,1,1,1,1,1,0
3464459,1,1,1,1,1,1,0
3464625,1,1,1,1,1,1,0
3464692,1,1,1,1,1,1,0
3465190,1,1,1,1,1,1,0
3465256,1,1,1,1,1,1,0
3465259,1,1,1,1,1,1,0
3465420,1,1,1,1,1,1,0
3466036,1,1,1,1,1,1,0
3466039,1,1,1,1,1,1,0
3466224,1,1,1,1,1,1,0
3466317,1,1,1,1,0,0,1
3466334,1,1,1,1,1,1,0
3466956,1,1,1,1,1,1,0
3466996,1,1,1,1,1,1,0
3467381,1,1,1,1,1,1,0
3467760,1,1,1,1,1,1,0
3467776,1,1,1,1,1,1,0
3467822,1,1,1,1,1,1,0
3467823,1,1,1,1,1,1,0
3468752,1,1,1,1,1,1,0
3468794,1,1,1,1,1,1,0
3469560,1,1,1,1,1,1,0
3469578,1,1,1,1,1,1,0
3470344,1,1,1,1,1,1,0
3470433,1,1,1,1,0,0,0
3470598,1,1,1,1,1,1,0
3471265,1,1,1,1,1,1,0
3471430,1,1,1,1,1,1,0
3471476,1,1,1,1,1,1,0
3472069,1,1,1,1,1,1,0
3472136,1,1,1,1,0,0,1
3472784,1,1,1,1,1,1,0
3472825,1,1,1,1,1,1,0
3472894,1,1,1,1,1,1,0
3472936,1,1,1,1,1,1,0
3473341,1,0,0,0,0,0,1
3473720,1,1,1,1,1,1,0
3474101,1,1,1,1,1,1,0
3474218,1,1,1,1,1,1,0
3474505,1,1,1,0,0,1,0
3474544,1,1,1,1,1,1,0
3474925,1,1,1,1,1,1,0
3474947,1,1,1,0,0,1,0
3475305,1,1,1,1,1,1,0
3475681,1,1,1,1,1,1,0
3475775,1,1,1,1,1,1,0
3476109,1,1,1,1,1,1,0
3476509,1,1,1,1,1,1,0
3476917,1,1,1,1,1,1,0
3477607,1,1,1,0,0,1,1
3477701,1,1,1,1,1,1,0
3477885,1,1,1,1,1,1,0
3478485,1,1,1,1,1,1,0
3478671,1,1,1,1,0,0,1
3479341,1,1,1,1,1,1,0
3479695,1,1,1,1,1,1,0
3479908,1,1,0,0,0,1,0
3480121,1,1,1,1,1,1,0
3480451,1,1,1,1,1,1,0
3481143,1,0,0,0,0,0,1
3481187,0,0,0,0,0,0,1
3481350,1,1,1,0,0,1,0
3481394,0,0,0,0,0,0,1
3481413,1,1,1,1,1,1,0
3481672,1,1,1,0,0,1,0
3481864,1,0,0,0,0,0,1
3481955,1,1,1,1,1,1,0
3482261,1,1,1,1,1,1,0
3482282,1,1,1,1,1,1,0
3482900,1,1,1,1,1,1,0
3482948,1,1,1,1,1,1,0
3483708,1,1,1,1,1,1,0
3483756,1,1,1,1,1,1,0
3484399,1,0,0,0,0,0,1
3484443,0,0,0,0,0,0,1
3484484,1,1,1,1,1,1,0
3484628,1,1,1,1,1,1,0
3485196,1,0,0,0,0,0,1
3485315,1,1,1,1,1,1,0
3486103,1,1,1,1,1,1,0
3486696,1,1,1,1,1,1,0
3486911,1,1,1,1,1,1,0
3487245,1,1,1,0,0,0,0
3487524,1,1,1,1,1,1,0
3487860,1,1,1,0,0,1,1
3487904,0,0,0,0,0,0,1
3488669,1,1,1,1,1,1,0
3488688,1,1,1,1,1,1,0
3488752,1,1,1,1,1,1,0
3489397,1,1,1,0,0,1,0
3489418,1,1,1,0,0,1,0
3489681,1,1,1,1,1,1,0
3490032,1,1,1,1,0,0,1
3490054,0,0,0,0,0,0,1
3490217,1,1,1,1,1,1,0
3490457,1,1,1,1,1,1,0
3491745,1,1,1,1,1,1,0
3492533,1,1,1,1,1,1,0
3493681,0,0,0,0,0,0,1
3494063,1,1,1,0,0,1,0
3494540,1,1,1,0,0,1,1
3494653,1,1,1,1,1,1,0
3494939,1,1,1,1,1,1,0
3495488,1,1,1,1,1,1,0
3495553,1,1,1,1,1,1,0
3495767,1,1,1,1,1,1,0
3496337,1,1,1,1,0,0,1
3496647,1,1,1,1,1,1,0
3497192,1,1,1,0,0,1,0
3497214,1,1,1,1,0,0,0
3497260,1,1,1,1,1,1,0
3497617,1,1,1,0,0,1,0
3497825,1,1,1,1,0,0,1
3497988,1,1,1,1,0,0,1
3498372,1,1,1,1,1,1,0
3498725,1,1,1,1,1,1,0
3498866,1,1,1,1,1,1,0
3498910,0,0,0,0,0,0,1
3499192,1,1,1,1,1,1,0
3499241,1,1,1,1,1,1,0
3499690,1,1,1,1,1,1,0
3499712,1,1,1,1,1,1,0
3499992,1,1,1,1,0,0,1
3500065,1,1,1,1,1,1,0
3500513,1,1,1,1,1,1,0
3500582,1,1,1,1,1,1,0
3500820,1,1,1,1,1,1,0
3500932,1,1,1,1,1,1,0
3501197,1,1,1,1,1,1,0
3501382,1,1,1,1,1,1,0
3501401,1,1,1,1,1,1,0
3501448,1,0,0,0,0,0,1
3502236,1,1,1,1,0,0,1
3502445,1,1,1,1,1,1,0
3502781,1,1,1,1,1,1,0
3502844,1,1,1,1,1,1,0
3503060,1,1,1,1,1,1,0
3503585,1,1,1,1,1,1,0
3503674,1,1,1,1,0,0,1
3503743,1,1,1,0,0,1,0
3503908,1,1,1,1,1,1,0
3504001,0,0,0,0,0,0,1
3504498,1,1,1,1,1,1,0
3504519,1,1,1,1,1,1,0
3504704,1,1,1,1,1,1,0
3504752,1,1,1,1,1,1,0
3504917,1,1,1,1,1,1,0
3505270,1,1,1,1,1,1,0
3505531,1,1,1,1,1,1,0
3505600,1,1,1,1,1,1,0
3505713,0,0,0,0,0,0,1
3505758,0,0,0,0,0,0,1
3505781,1,1,1,1,1,1,0
3506252,1,1,1,1,1,1,0
3506323,1,1,1,1,1,1,0
3506464,1,1,1,1,1,1,0
3506529,1,1,1,1,1,1,0
3507076,1,1,1,1,0,0,1
3507123,1,1,1,1,1,1,0
3507190,1,1,1,1,1,1,0
3507285,1,1,1,1,1,1,0
3507301,1,1,1,1,1,1,0
3507972,1,1,1,1,1,1,0
3508089,1,1,1,1,1,1,0
3508104,1,1,1,1,1,1,0
3508107,1,1,1,1,1,1,0
3508265,1,1,1,1,1,1,0
3508266,1,1,1,1,1,1,0
3508837,1,1,1,1,1,1,0
3508852,1,1,1,1,1,1,0
3509041,1,1,1,1,1,1,0
3509231,1,1,1,1,1,1,0
3509322,1,1,1,1,1,1,0
3509633,1,1,1,1,1,1,0
3509961,1,0,0,0,0,0,1
3510055,1,1,1,1,1,1,0
3510098,1,1,1,1,1,1,0
3510120,1,1,1,1,1,1,0
3510405,1,1,1,1,1,1,0
3510709,1,1,1,1,1,1,0
3510752,1,1,1,0,0,1,1
3510896,1,1,1,1,1,1,0
3510938,1,1,1,1,1,1,0
3511079,1,1,1,1,1,1,0
3511125,1,1,1,1,1,1,0
3511524,1,1,1,1,1,1,0
3511737,1,1,1,1,1,1,0
3511758,1,1,1,1,1,1,0
3511851,1,1,1,1,1,1,0
3511992,1,1,1,1,0,0,1
3512157,1,1,1,1,1,1,0
3512340,1,1,1,1,1,1,0
3512793,1,1,1,1,1,1,0
3512796,1,1,1,1,1,1,0
3512859,1,1,1,1,1,1,0
3513169,1,1,1,1,0,0,1
3513619,1,1,1,1,1,1,0
3514337,1,1,1,1,1,1,0
3514354,1,1,1,1,1,1,0
3514399,1,1,1,1,1,1,0
3514516,1,1,1,1,0,0,1
3515207,1,1,1,1,1,1,0
3515276,1,1,1,1,1,1,0
3515369,1,1,1,1,1,1,0
3516157,1,1,1,1,1,1,0
3516176,1,1,1,1,1,1,0
3516579,1,1,1,1,1,1,0
3516985,1,1,1,1,1,1,0
3517052,1,1,1,1,1,1,0
3517815,1,1,1,1,1,1,0
3517817,1,1,1,1,1,1,0
3517880,1,1,1,1,1,1,0
3518547,1,1,1,1,1,1,0
3518736,1,1,1,1,1,1,0
3518925,1,1,1,1,1,1,0
3519423,1,1,1,1,1,1,0
3519464,1,1,1,1,0,0,0
3519849,1,1,1,1,1,1,0
3519913,1,1,1,0,0,1,0
3520316,1,1,1,1,1,1,0
3520508,1,1,1,1,1,1,0
3520716,0,0,0,0,0,0,1
3520717,1,1,1,1,1,1,0
3520721,1,1,1,1,1,1,0
3521380,1,1,1,1,1,1,0
3521470,1,1,1,0,0,1,0
3521489,1,1,1,1,1,1,0
3521873,1,1,1,1,1,1,0
3522153,1,0,0,0,0,0,1
3522246,1,1,1,1,1,1,0
3522292,1,1,1,1,1,1,0
3522841,1,1,1,1,1,1,0
3523074,1,1,1,1,1,1,0
3523141,1,1,1,1,1,1,0
3523160,1,1,1,1,1,1,0
3523593,1,1,1,1,1,1,0
3523898,1,1,1,1,1,1,0
3523940,1,1,1,1,1,1,0
3524129,1,1,1,1,1,1,0
3524173,0,0,0,0,0,0,1
3524461,1,1,1,1,1,1,0
3524694,1,1,1,1,1,1,0
3524808,1,1,1,1,1,1,0
3525021,1,1,1,1,1,1,0
3525357,1,1,1,1,1,1,0
3525566,1,1,1,1,1,1,0
3525872,1,1,1,1,1,1,0
3526133,1,1,1,1,1,1,0
3526421,1,1,1,1,0,0,1
3526511,1,1,1,1,0,0,0
3526985,1,1,1,1,1,1,0
3527273,1,1,1,1,1,1,0
3527339,1,1,1,1,1,1,0
3527454,1,1,1,1,1,1,0
3527496,1,1,1,1,1,1,0
3528097,1,1,1,1,1,1,0
3528352,1,1,1,1,1,1,0
3528470,1,1,1,1,1,1,0
3528925,1,1,1,1,1,1,0
3529180,1,1,1,1,1,1,0
3529396,1,0,0,0,0,0,0
3529753,1,1,1,1,1,1,0
3530204,1,1,1,1,1,1,0
3530460,1,1,1,1,1,1,0
3531609,1,1,1,1,0,0,1
3532397,1,1,1,1,1,1,0
3532442,1,1,1,1,0,0,1
3532872,1,1,1,1,0,0,1
3533008,1,1,1,1,1,1,0
3533149,1,1,1,1,1,1,0
3533413,1,1,1,1,0,0,1
3533478,1,1,1,1,1,1,0
3533740,1,1,1,1,1,1,0
3533925,1,1,1,1,1,1,0
3534165,1,1,1,1,1,1,0
3534302,1,1,1,1,1,1,0
3534467,1,1,1,0,0,1,0
3534508,1,1,1,1,1,1,0
3534721,1,1,1,1,1,1,0
3534912,1,1,1,1,1,1,0
3535243,1,1,1,1,1,1,0
3535501,1,1,1,1,1,1,0
3535642,1,1,1,1,1,1,0
3535856,1,1,1,1,1,1,0
3536064,1,1,1,1,1,1,0
3536281,1,1,1,1,1,1,0
3536297,1,1,1,1,1,1,0
3536299,1,1,1,1,1,1,0
3536362,1,1,1,1,1,1,0
3537076,1,1,1,1,1,1,0
3537314,1,1,1,1,1,1,0
3537317,1,1,1,1,1,1,0
3537644,1,1,1,1,1,1,0
3537709,1,0,0,0,0,0,1
3537824,1,1,1,1,1,1,0
3538038,1,1,1,1,1,1,0
3538041,1,1,1,1,1,1,0
3538440,1,1,1,1,1,1,0
3538696,1,1,1,1,1,1,0
3538719,1,0,0,0,0,0,1
3538810,1,1,1,1,1,1,0
3538877,1,1,1,1,1,1,0
3539472,1,1,1,1,1,1,0
3539495,1,1,1,1,1,1,0
3539564,1,1,1,1,1,1,0
3539798,1,1,1,1,1,1,0
3540177,1,1,1,1,1,1,0
3540534,1,1,1,1,1,1,0
3540819,1,1,1,1,1,1,0
3540840,1,1,1,1,1,1,0
3540929,1,1,1,1,1,1,0
3541116,1,1,1,1,1,1,0
3541643,1,1,1,1,1,1,0
3541808,1,1,1,1,1,1,0
3541896,1,1,1,1,1,1,0
3541917,1,1,1,1,1,1,0
3542298,1,1,1,1,1,1,0
3542367,1,1,1,1,1,1,0
3542556,1,1,1,1,1,1,0
3542740,1,1,1,1,1,1,0
3542929,1,1,1,1,1,1,0
3543046,1,1,1,1,1,1,0
3543283,1,0,0,0,0,0,1
3543472,1,1,1,1,1,1,0
3543632,1,1,1,1,1,1,0
3543798,1,1,1,1,1,1,0
3543913,1,1,1,1,1,1,0
3544247,1,1,1,1,1,1,0
3544268,1,1,1,1,1,1,0
3544332,1,1,1,1,1,1,0
3544665,1,1,1,1,1,1,0
3544926,1,0,0,0,0,0,1
3544970,0,0,0,0,0,0,1
3544991,1,1,1,1,1,1,0
3545080,1,1,1,1,1,1,0
3545105,1,1,1,1,0,0,0
3545196,1,1,1,1,1,1,0
3545453,1,1,1,1,1,1,0
3545933,1,0,0,0,0,0,1
3546044,1,1,1,1,1,1,0
3546354,1,1,1,1,1,1,0
3546544,1,1,1,1,1,1,0
3546611,1,1,1,1,1,1,0
3546633,1,1,1,1,1,1,0
3547082,1,1,1,1,1,1,0
3547221,1,0,0,0,0,0,1
3547341,1,1,1,1,1,1,0
3547599,1,1,1,1,1,1,0
3547640,1,0,0,0,0,0,1
3547643,0,0,0,0,0,0,1
3547660,1,1,1,1,1,1,0
3547798,1,1,1,1,1,1,0
3548009,1,1,1,1,1,1,0
3548536,1,1,1,1,1,1,0
3548866,1,1,1,1,0,0,1
3549175,1,1,1,1,1,1,0
3549413,1,1,1,1,1,1,0
3549742,1,1,1,1,1,1,0
3549786,0,0,0,0,0,0,1
3549901,1,1,1,1,1,1,0
3550019,1,1,1,1,1,1,0
3550113,1,1,1,1,1,1,0
3550178,0,0,0,0,0,0,1
3550605,1,1,1,1,1,1,0
3550606,0,0,0,0,0,0,1
3550743,1,1,1,1,1,1,0
3551555,1,1,1,1,1,1,0
3552535,1,0,0,0,0,0,1
3553371,1,1,1,1,1,1,0
3554207,1,0,0,0,0,0,1
3554776,1,1,1,0,0,1,0
3554967,1,1,1,1,1,1,0
3555684,1,0,0,0,0,0,0
3555748,1,1,1,1,1,1,0
3555771,1,1,1,1,1,1,0
3556368,1,1,1,1,1,1,0
3556456,1,1,1,1,1,1,0
3556575,1,1,1,1,1,1,0
3557268,1,1,1,1,1,1,0
3557269,1,1,1,1,0,0,0
3557283,1,1,1,1,1,1,0
3557327,0,0,0,0,0,0,1
3557753,1,0,0,0,0,0,0
3557754,1,1,1,0,0,0,0
3557988,1,1,1,1,1,1,0
3558033,1,1,1,1,1,1,0
3558123,1,1,1,1,1,1,0
3558167,0,0,0,0,0,0,1
3558668,1,1,1,1,1,1,0
3558758,1,1,1,1,1,1,0
3558875,1,1,1,1,1,1,0
3558917,1,1,1,1,1,1,0
3558965,1,1,1,1,1,1,0
3559440,1,1,1,1,1,1,0
3559458,1,1,1,1,1,1,0
3559575,1,1,1,1,1,1,0
3559617,1,1,1,1,1,1,0
3560120,1,1,1,1,1,1,0
3560210,1,1,1,1,1,1,0
3560351,1,1,1,1,1,1,0
3560757,1,1,1,0,0,1,1
3560848,1,1,1,1,1,1,0
3560938,1,1,1,1,1,1,0
3561079,1,1,1,1,1,1,0
3561097,1,1,1,0,0,1,1
3561433,1,1,1,1,1,1,0
3561690,1,1,1,1,1,1,0
3561831,1,1,1,1,1,1,0
3561876,1,1,1,1,1,1,0
3562133,1,1,1,1,1,1,0
3562563,1,0,0,0,0,0,1
3562657,1,1,1,1,1,1,0
3562820,1,1,1,1,1,1,0
3563006,1,1,1,1,1,1,0
3563049,1,1,1,1,1,1,0
3563385,1,1,1,1,1,1,0
3563520,1,1,1,0,0,1,0
3563734,1,1,1,1,1,1,0
3563755,1,0,0,0,0,0,1
3563989,1,1,1,1,1,1,0
3564109,1,1,1,1,1,1,0
3564751,1,1,1,1,1,1,0
3564797,1,1,1,1,1,1,0
3564813,1,1,1,1,1,1,0
3565002,1,1,1,1,1,1,0
3565525,1,1,1,1,1,1,0
3565715,1,1,1,1,1,1,0
3566022,1,1,1,1,1,1,0
3566165,1,0,0,0,0,0,1
3566349,1,1,1,1,1,1,0
3566827,1,1,1,1,1,1,0
3567089,1,1,1,1,1,1,0
3567297,1,1,1,1,1,1,0
3567342,1,1,1,1,1,1,0
3567960,1,1,1,0,0,1,1
3568105,1,1,1,1,1,1,0
3568241,1,1,1,1,1,1,0
3568262,1,1,1,1,1,1,0
3568885,1,1,1,1,1,1,0
3568973,1,1,1,1,1,1,0
3569016,1,1,1,1,1,1,0
3569303,1,1,1,0,0,0,1
3569610,1,1,1,1,1,1,0
3569700,1,1,1,1,1,1,0
3569869,1,1,1,1,1,1,0
3569912,1,1,1,0,0,1,0
3570555,1,1,1,1,1,1,0
3570648,1,1,1,1,1,1,0
3570664,1,1,1,1,1,1,0
3570686,1,1,1,1,1,1,0
3570757,1,1,1,1,1,1,0
3570801,0,0,0,0,0,0,1
3571418,1,1,1,1,1,1,0
3571464,1,1,1,1,1,1,0
3571480,1,1,1,1,1,1,0
3571721,1,1,1,1,1,1,0
3572288,1,1,1,1,1,1,0
3572312,1,1,1,1,1,1,0
3572354,1,1,1,1,1,1,0
3572449,1,1,1,1,1,1,0
3573066,1,1,1,1,1,1,0
3573304,1,1,1,1,1,1,0
3573488,1,1,1,1,1,1,0
3573537,1,1,1,1,1,1,0
3574034,1,1,1,1,1,1,0
3574224,1,1,1,1,1,1,0
3574528,1,1,1,1,1,1,0
3574533,1,1,1,1,1,1,0
3575002,1,1,1,1,1,1,0
3575004,1,1,1,1,1,1,0
3575237,1,1,1,1,1,1,0
3575252,1,1,1,1,1,1,0
3575900,1,1,1,1,1,1,0
3576060,1,1,1,1,1,1,0
3576061,1,1,1,0,0,1,0
3576078,1,1,1,1,1,1,0
3576173,1,1,1,1,1,1,0
3576600,1,1,1,1,1,1,0
3576856,1,1,1,1,1,1,0
3576881,1,1,1,1,1,1,0
3576970,1,1,1,1,1,1,0
3577325,1,1,1,1,1,1,0
3577328,1,1,1,1,1,1,0
3577631,1,1,1,0,0,1,0
3577674,1,1,1,1,1,1,0
3577937,1,0,0,0,0,0,1
3578076,1,1,1,1,1,1,0
3578500,1,1,1,1,1,1,0
3578523,1,1,1,1,1,1,0
3579144,1,1,1,1,1,1,0
3579499,1,1,1,1,1,1,0
3580118,1,1,1,0,0,1,1
3580834,1,1,1,0,0,0,1
3584501,1,1,1,0,0,1,0
3585125,1,1,1,0,0,1,0
3585692,1,1,1,0,0,1,0
3585909,1,1,1,1,1,1,0
3586336,1,1,1,0,0,1,0
3586544,1,1,1,1,1,1,0
3586665,1,1,1,1,1,1,0
3586683,1,1,1,0,0,1,0
3587112,1,1,1,1,1,1,0
3587344,1,1,1,1,1,1,0
3587393,1,0,0,0,0,0,1
3587435,1,1,1,1,1,1,0
3587437,0,0,0,0,0,0,1
3587884,1,1,1,1,1,1,0
3587998,1,1,1,0,0,1,0
3588064,1,1,1,1,1,1,0
3588279,1,1,1,1,1,1,0
3588684,1,1,1,1,1,1,0
3589087,1,1,1,1,1,1,0
3589344,1,1,1,1,0,0,1
3589582,1,1,1,1,1,1,0
3589843,1,1,1,1,1,1,0
3590080,1,1,1,1,1,1,0
3590216,1,1,1,1,1,1,0
3590263,1,0,0,0,0,0,1
3590546,1,1,1,1,0,0,1
3590784,1,1,1,1,1,1,0
3590828,0,0,0,0,0,0,1
3591012,1,1,1,1,1,1,0
3591083,1,1,1,1,1,1,0
3591342,1,1,1,1,0,0,1
3591601,1,1,1,0,0,1,0
3591984,1,1,1,1,1,1,0
3592314,1,1,1,1,1,1,0
3592357,1,1,1,1,1,1,0
3592808,1,1,1,1,1,1,0
3592904,1,1,1,1,1,1,0
3593066,1,1,1,1,1,1,0
3593157,1,1,1,1,1,1,0
3593636,1,1,1,1,1,1,0
3593772,1,1,1,1,1,1,0
3594082,1,1,1,1,1,1,0
3594221,1,1,1,1,1,1,0
3594436,1,1,1,1,1,1,0
3594529,1,1,1,1,0,0,0
3594592,1,1,1,1,1,1,0
3594806,1,1,1,1,1,1,0
3595069,1,0,0,0,0,0,1
3595157,1,1,1,1,1,1,0
3595180,1,1,1,1,1,1,0
3595484,1,1,1,1,1,1,0
3595486,1,1,1,0,0,0,1
3595841,1,1,1,1,1,1,0
3595908,1,1,1,1,1,1,0
3596093,1,1,1,1,0,0,1
3596184,1,1,1,1,1,1,0
3596521,1,1,1,1,1,1,0
3596636,1,1,1,1,1,1,0
3596702,1,1,1,1,1,1,0
3596913,1,1,1,1,1,1,0
3596980,1,1,1,1,1,1,0
3597221,1,1,1,1,1,1,0
3597360,1,1,1,1,1,1,0
3597522,1,1,1,1,1,1,0
3597852,1,1,1,1,1,1,0
3597873,1,1,1,1,1,1,0
3597945,1,1,1,1,1,1,0
3598132,1,1,1,1,1,1,0
3598151,1,1,1,1,0,0,0
3598242,1,1,1,0,0,0,1
3598572,1,1,1,1,1,1,0
3598593,1,1,1,1,1,1,0
3598689,1,1,1,1,1,1,0
3598733,0,0,0,0,0,0,1
3598824,1,1,1,1,1,1,0
3599059,1,1,1,1,1,1,0
3599293,1,1,1,1,1,1,0
3599312,1,1,1,1,1,1,0
3599409,1,1,1,1,1,1,0
3599740,1,1,1,1,1,1,0
3599759,1,1,1,1,1,1,0
3599969,1,0,0,0,0,0,1
3599988,1,0,0,0,0,0,1
3600009,0,0,0,0,0,0,1
3600369,1,1,1,1,1,1,0
3600386,1,1,1,1,1,1,0
3600409,0,0,0,0,0,0,1
3600644,1,1,1,1,1,1,0
3600759,1,1,1,1,1,1,0
3600896,1,1,1,1,1,1,0
3601161,1,1,1,1,1,1,0
3601177,1,1,1,1,1,1,0
3601342,1,1,1,0,0,1,1
3601412,1,1,1,1,1,1,0
3601599,1,1,1,1,1,1,0
3601688,1,1,1,1,1,1,0
3601901,1,1,1,1,1,1,0
3601997,1,1,1,1,1,1,0
3602038,1,1,1,1,1,1,0
3602516,1,1,1,1,1,1,0
3602535,1,1,1,1,1,1,0
3602672,1,1,1,1,1,1,0
3602716,0,0,0,0,0,0,1
3602721,1,1,1,1,1,1,0
3602805,1,1,1,1,1,1,0
3603236,1,1,1,1,1,1,0
3603303,1,1,1,1,1,1,0
3603440,1,1,1,1,1,1,0
3603605,1,1,1,1,1,1,0
3603773,1,1,1,1,1,1,0
3603956,1,0,0,0,0,0,1
3604196,1,1,1,1,1,1,0
3604287,1,1,1,1,1,1,0
3604329,1,1,1,1,1,1,0
3604713,1,1,1,1,1,1,0
3605067,1,1,1,1,1,1,0
3605085,1,1,1,1,1,1,0
3605132,1,1,1,1,1,1,0
3605220,1,1,1,1,1,1,0
3605485,1,1,1,1,1,1,0
3605767,1,1,1,1,1,1,0
3605833,1,1,1,1,1,1,0
3605856,1,1,1,1,1,1,0
3605944,1,1,1,1,1,1,0
3606473,1,1,1,1,1,1,0
3606513,1,1,1,1,1,1,0
3606560,1,1,1,1,1,1,0
3606720,1,1,1,1,1,1,0
3607225,1,1,1,1,1,1,0
3607316,1,1,1,1,1,1,0
3607429,1,1,1,1,1,1,0
3607448,1,1,1,1,1,1,0
3608048,1,1,1,1,1,1,0
3608049,1,1,1,1,1,1,0
3608540,1,1,1,1,1,1,0
3608733,1,1,1,1,1,1,0
3608872,1,1,1,1,1,1,0
3608985,1,1,1,1,1,1,0
3609102,0,0,0,0,0,0,0
3609509,1,1,1,1,1,1,0
3609524,1,1,1,1,1,1,0
3609689,1,1,1,1,1,1,0
3609806,1,1,1,1,1,1,0
3610376,1,1,1,1,1,1,0
3610445,1,1,1,1,1,1,0
3610562,1,1,1,1,1,1,0
3610609,1,1,1,1,1,1,0
3611177,1,1,1,1,1,1,0
3611369,1,1,1,1,1,1,0
3611746,1,1,1,1,0,0,1
3611864,1,1,1,0,0,1,1
3611953,1,1,1,1,1,1,0
3612241,1,1,1,1,1,1,0
3612620,1,1,1,1,1,1,0
3612686,1,1,1,1,1,1,0
3612689,0,0,0,0,0,0,1
3612701,1,1,1,1,1,1,0
3612843,1,1,0,0,0,1,0
3613414,1,1,1,1,1,1,0
3613579,1,1,1,1,1,1,0
3613721,1,1,1,1,1,1,0
3613765,0,0,0,0,0,0,1
3614072,1,1,1,1,1,1,0
3614186,1,0,0,0,0,0,1
3614303,1,1,1,1,1,1,0
3614565,1,1,1,1,1,1,0
3614966,1,1,1,1,1,1,0
3614988,1,0,0,0,0,0,1
3615297,1,1,1,1,1,1,0
3615746,1,1,1,1,1,1,0
3615864,1,1,1,1,1,1,0
3615908,0,0,0,0,0,0,1
3616097,1,1,1,1,1,1,0
3616738,1,1,1,1,1,1,0
3616760,1,1,1,1,1,1,0
3616997,1,1,1,1,1,1,0
3617468,1,0,0,0,0,0,0
3617586,1,1,1,1,1,1,0
3617705,1,1,1,1,1,1,0
3617724,1,1,1,1,1,1,0
3618513,1,1,1,1,1,1,0
3618552,1,1,1,1,1,1,0
3619316,1,1,1,1,1,1,0
3619817,1,1,1,0,0,1,0
3619889,1,1,1,1,1,1,0
3620072,1,1,1,1,1,1,0
3620649,1,1,1,1,1,1,0
3620761,1,1,1,1,1,1,0
3620876,1,1,1,1,1,1,0
3621427,1,1,1,0,0,1,0
3621469,1,1,1,1,1,1,0
3621632,1,1,1,1,1,1,0
3622109,0,0,0,0,0,0,1
3622395,1,1,1,1,1,1,0
3622508,1,1,1,1,1,1,0
3622865,1,1,1,1,1,1,0
3623151,1,1,1,1,1,1,0
3623577,1,1,1,1,1,1,0
3623788,1,1,1,1,1,1,0
3623907,1,1,1,1,1,1,0
3624165,1,0,0,0,0,0,1
3624619,1,1,1,1,1,1,0
3624710,1,1,1,0,0,1,0
3624852,1,1,1,0,0,1,0
3625085,1,1,1,1,1,1,0
3625228,0,0,0,0,0,0,1
3625535,1,1,1,1,1,1,0
3625865,1,1,1,1,1,1,0
3625912,1,1,1,1,1,1,0
3626002,1,1,1,1,1,1,0
3626599,1,1,1,1,1,1,0
3626668,1,1,1,1,1,1,0
3627118,1,1,1,1,1,1,0
3627428,1,1,1,1,1,1,0
3627761,1,1,1,0,0,1,0
3628452,1,1,1,1,1,1,0
3628590,1,1,1,1,1,1,0
3628781,1,1,1,1,1,1,0
3629350,1,1,1,1,1,1,0
3629756,1,1,1,1,1,1,0
3629825,1,1,1,1,1,1,0
3630274,1,1,1,1,1,1,0
3630512,1,1,1,1,1,1,0
3630629,1,1,1,1,1,1,0
3630908,1,1,1,0,0,0,0
3630977,1,1,1,0,0,1,1
3631022,1,1,1,1,1,1,0
3631380,1,1,1,1,1,1,0
3631449,1,1,1,1,1,1,0
3631512,1,0,0,0,0,0,1
3631701,1,1,1,1,1,1,0
3631794,1,1,1,1,1,1,0
3632104,1,1,1,1,1,1,0
3632245,1,1,1,1,1,1,0
3632260,1,1,1,1,1,1,0
3632403,1,1,1,0,0,0,1
3632421,1,0,0,0,0,0,1
3632852,1,1,1,1,1,1,0
3632964,1,1,1,1,1,1,0
3632989,1,1,1,1,1,1,0
3633007,1,0,0,0,0,0,1
3633145,1,1,1,1,1,1,0
3633428,0,0,0,0,0,0,1
3633620,1,1,1,1,1,1,0
3633735,1,1,1,1,1,1,0
3634162,1,1,1,1,1,1,0
3634165,1,1,1,1,1,1,0
3634200,1,1,1,1,1,1,0
3634392,1,1,1,1,1,1,0
3634411,1,0,0,0,0,0,1
3634889,1,1,1,1,1,1,0
3634930,1,1,1,1,1,1,0
3634948,1,1,1,1,1,1,0
3635115,1,1,1,1,1,1,0
3635232,1,1,1,1,1,1,0
3635685,1,1,1,1,1,1,0
3635702,1,1,1,1,1,1,0
3635843,1,1,1,1,1,1,0
3635960,1,1,1,1,1,1,0
3636458,1,1,1,1,1,1,0
3636481,1,1,1,1,1,1,0
3636547,1,1,1,1,1,1,0
3636664,1,1,1,1,1,1,0
3637237,1,1,1,1,1,1,0
3637279,1,1,1,1,1,1,0
3637444,1,1,1,1,1,1,0
3637558,1,1,1,1,1,1,0
3637941,1,1,1,1,1,1,0
3638296,1,1,1,1,1,1,0
3638315,1,1,1,1,1,1,0
3638721,1,1,1,1,1,1,0
3639052,1,1,1,1,1,1,0
3639816,1,1,1,1,1,1,0
3640241,1,1,1,0,0,0,0
3640553,1,1,1,1,1,1,0
3640572,1,1,1,1,1,1,0
3641045,1,1,1,1,1,1,0
3641332,1,1,1,1,1,1,0
3641521,1,1,1,1,1,1,0
3641825,1,1,1,1,1,1,0
3641869,0,0,0,0,0,0,1
3642056,1,1,1,1,0,0,0
3642060,1,1,1,1,1,1,0
3642269,1,1,1,1,1,1,0
3642573,1,1,1,1,1,1,0
3642832,1,1,1,1,1,1,0
3643025,1,1,1,1,1,1,0
3643114,1,1,1,0,0,1,1
3643349,1,1,1,1,1,1,0
3643632,1,1,1,1,1,1,0
3643753,1,1,1,1,1,1,0
3643842,1,1,1,1,1,1,0
3644293,1,1,1,1,1,1,0
3644432,1,1,1,1,1,1,0
3644505,1,1,1,1,1,1,0
3644784,0,0,0,0,0,0,1
3645217,1,1,1,1,1,1,0
3645233,1,1,1,1,1,1,0
3645423,1,1,1,0,0,1,0
3645490,1,1,1,1,1,1,0
3645631,0,0,0,0,0,0,1
3645768,1,1,1,1,1,1,0
3645981,1,1,1,1,1,1,0
3646029,1,1,1,1,1,1,0
3646359,1,1,1,1,1,1,0
3646496,1,1,1,1,1,1,0
3646881,1,1,1,1,1,1,0
3647065,1,1,1,1,1,1,0
3647207,1,1,1,1,1,1,0
3647272,1,1,1,1,1,1,0
3647609,1,1,1,1,1,1,0
3648248,1,1,1,1,1,1,0
3648345,1,1,1,1,1,1,0
3648385,1,1,1,1,1,1,0
3648791,1,1,1,1,1,1,0
3648952,1,1,1,1,1,1,0
3649093,1,1,1,1,1,1,0
3649140,1,1,1,0,0,1,0
3649711,1,1,1,1,1,1,0
3649752,1,1,1,1,1,1,0
3649845,1,1,1,1,1,1,0
3650515,1,1,1,1,1,1,0
3650532,1,1,1,1,1,1,0
3650533,1,1,1,1,1,1,0
3650552,1,1,1,1,1,1,0
3650929,0,0,0,0,0,0,1
3651215,1,1,1,1,1,1,0
3651308,1,1,1,1,1,1,0
3651516,1,1,1,1,1,1,0
3652043,1,1,1,1,1,1,0
3652085,1,1,1,1,1,1,0
3652586,1,1,1,0,0,1,0
3653422,1,1,1,1,1,1,0
3654427,1,1,1,1,1,1,0
3654446,1,1,1,1,1,1,0
3654492,1,1,1,1,1,1,0
3655159,1,1,1,1,1,1,0
3655298,1,1,1,1,1,1,0
3655465,1,1,1,0,0,1,0
3655891,1,1,1,1,1,1,0
3656030,1,1,1,1,1,1,0
3656173,1,1,1,1,1,1,0
3656647,1,1,1,1,1,1,0
3657029,1,1,1,1,1,1,0
3657215,1,0,0,0,0,0,1
3657834,1,1,1,1,1,1,0
3658119,1,1,1,1,1,1,0
3658477,1,1,1,1,1,1,0
3658660,1,1,1,1,0,0,0
3658662,1,1,1,1,1,1,0
3659229,1,1,1,0,0,0,0
3659349,1,1,1,1,1,1,0
3659628,1,1,1,1,1,1,0
3659650,1,1,1,1,1,1,0
3659767,1,1,1,1,1,1,0
3660077,1,1,1,1,1,1,0
3660142,1,0,0,0,0,0,1
3660160,1,0,0,0,0,0,1
3660926,1,1,1,1,1,1,0
3660968,1,1,1,1,1,1,0
3661161,1,1,1,1,1,1,0
3661565,0,0,0,0,0,0,1
3661608,1,1,1,0,0,1,0
3661674,1,1,1,1,1,1,0
3662297,1,1,1,1,1,1,0
3662384,1,1,1,1,1,1,0
3662696,1,1,1,1,1,1,0
3662740,0,0,0,0,0,0,1
3662830,1,1,1,1,1,1,0
3663184,1,1,1,1,1,1,0
3663712,1,1,1,1,1,1,0
3663805,1,1,1,1,1,1,0
3664036,1,1,1,1,1,1,0
3664732,1,1,1,1,1,1,0
3664796,1,1,1,1,1,1,0
3665492,1,1,1,1,1,1,0
3665532,1,1,1,1,1,1,0
3665725,1,1,1,1,1,1,0
3666224,1,1,1,1,1,1,0
3666337,1,1,1,0,0,1,0
3666793,1,1,1,1,1,1,0
3666883,1,1,1,0,0,0,0
3666952,1,1,1,1,1,1,0
3667113,1,1,1,1,1,1,0
3667497,1,1,1,1,1,1,0
3667635,1,1,1,1,1,1,0
3667656,1,1,1,1,1,1,0
3667869,0,0,0,0,0,0,1
3667933,1,1,1,1,1,1,0
3668411,1,1,1,1,1,1,0
3668552,1,1,1,1,1,1,0
3668833,1,1,1,1,1,1,0
3669408,1,1,1,1,1,1,0
3669881,1,1,1,1,1,1,0
3669950,1,1,1,0,0,1,0
3669973,1,1,1,1,1,1,0
3669991,1,1,1,1,1,1,0
3670852,1,1,1,1,1,1,0
3670893,1,1,1,1,1,1,0
3670914,1,1,1,1,1,1,0
3671367,1,1,1,1,1,1,0
3671843,1,0,0,0,0,0,1
3671886,1,1,1,1,1,1,0
3672412,1,1,1,0,0,1,1
3672481,1,1,1,0,0,1,1
3672570,1,1,1,1,1,1,0
3672571,1,1,1,1,1,1,0
3672609,1,1,1,1,1,1,0
3672628,1,1,1,0,0,0,0
3673252,1,1,1,1,1,1,0
3673295,1,1,1,1,1,1,0
3673410,1,1,1,1,1,1,0
3673937,1,1,1,1,1,1,0
3673980,1,1,1,1,1,1,0
3674214,1,1,1,1,1,1,0
3674569,1,0,0,0,0,0,1
3674591,1,1,1,1,1,1,0
3674876,1,1,1,1,1,1,0
3675132,1,1,1,0,0,1,1
3675226,1,1,1,1,1,1,0
3675389,1,1,1,1,1,1,0
3675461,1,1,1,1,1,1,0
3675719,1,1,1,1,1,1,0
3675860,1,0,0,0,0,0,1
3675926,1,1,1,1,1,1,0
3676405,1,1,1,1,1,1,0
3676447,1,1,1,1,1,1,0
3676564,1,1,1,1,1,1,0
3676630,1,1,1,1,1,1,0
3677179,1,1,1,1,1,1,0
3677368,1,1,1,1,1,1,0
3677557,1,1,1,1,1,1,0
3677956,1,1,1,1,1,1,0
3678052,1,1,1,1,1,1,0
3678236,0,0,0,0,0,0,1
3678331,1,1,1,1,1,1,0
3678333,1,1,1,1,1,1,0
3678924,1,1,1,1,1,1,0
3679036,1,1,1,1,1,1,0
3679083,1,1,1,1,1,1,0
3679177,1,1,1,1,1,1,0
3679289,1,1,1,1,1,1,0
3679815,1,1,1,1,1,1,0
3679816,1,1,1,1,1,1,0
3679876,1,1,1,1,1,1,0
3679993,1,1,1,1,1,1,0
3680495,1,1,1,1,1,1,0
3680729,1,1,1,1,1,1,0
3681877,1,1,1,1,1,1,0
3681992,1,1,1,1,0,0,1
3682017,1,1,1,1,0,0,1
3682083,1,1,1,1,1,1,0
3682772,1,1,1,1,1,1,0
3682889,1,1,1,1,1,1,0
3682911,1,1,1,1,1,1,0
3682957,1,1,1,1,1,1,0
3683742,0,0,0,0,0,0,0
3683760,1,1,1,1,1,1,0
3684455,1,1,1,1,1,1,0
3684664,1,1,1,0,0,0,1
3685118,1,1,1,1,1,1,0
3685352,1,1,1,1,1,1,0
3685663,1,1,1,1,1,1,0
3686088,1,1,1,1,1,1,0
3686206,1,1,1,1,1,1,0
3686659,1,1,1,1,1,1,0
3686868,1,1,1,1,1,1,0
3686914,1,1,1,1,1,1,0
3686936,0,0,0,0,0,0,0
3687269,0,0,0,0,0,0,1
3687383,1,1,1,1,1,1,0
3687568,1,1,1,1,1,1,0
3687638,1,1,1,1,1,1,0
3687876,1,1,1,1,1,1,0
3687989,1,1,1,1,1,1,0
3688013,1,1,1,1,1,1,0
3688151,1,1,1,1,1,1,0
3688264,1,1,1,1,1,1,0
3688598,1,1,1,1,1,1,0
3688737,1,1,1,1,1,1,0
3688833,1,1,1,1,1,1,0
3688875,1,1,1,1,1,1,0
3689228,1,1,1,1,1,1,0
3689322,1,1,1,1,1,1,0
3689324,1,1,1,1,1,1,0
3689533,1,1,1,1,1,1,0
3689575,1,1,1,1,1,1,0
3690052,1,1,1,1,1,1,0
3690070,1,1,1,1,1,1,0
3690261,1,1,1,1,1,1,0
3690279,1,1,1,1,1,1,0
3690754,1,1,1,1,1,1,0
3690756,1,1,1,1,1,1,0
3690840,1,1,1,1,1,1,0
3690959,1,1,1,1,1,1,0
3690981,1,1,1,1,1,1,0
3691575,1,0,0,0,0,0,1
3691640,1,1,1,1,1,1,0
3691689,1,1,1,1,1,1,0
3691730,1,1,1,1,1,1,0
3692303,1,1,1,1,1,1,0
3692469,1,1,1,1,1,1,0
3692628,1,1,1,1,1,1,0
3692674,1,1,1,1,1,1,0
3693055,1,1,1,1,1,1,0
3693245,1,1,1,1,1,1,0
3693308,1,1,1,1,1,1,0
3693402,1,1,1,1,1,1,0
3693759,1,1,1,1,1,1,0
3693949,1,1,1,1,1,1,0
3694012,1,1,1,1,1,1,0
3694274,1,1,1,1,1,1,0
3694487,1,1,1,1,1,1,0
3694677,1,1,1,1,1,1,0
3695246,1,1,1,1,1,1,0
3695264,1,0,0,0,0,0,1
3695359,1,1,1,1,1,1,0
3695573,1,1,1,1,1,1,0
3695805,1,1,1,0,0,1,0
3695968,1,1,1,1,1,1,0
3696281,1,1,1,1,1,1,0
3696513,1,1,1,1,1,1,0
3696724,1,1,1,1,1,1,0
3696768,0,0,0,0,0,0,1
3697848,1,0,0,0,0,0,0
3698059,1,1,1,1,1,1,0
3698536,1,1,1,1,1,1,0
3698648,1,1,1,1,1,1,0
3699412,1,1,1,1,1,1,0
3699484,1,1,1,1,1,1,0
3699959,1,1,1,1,1,1,0
3700120,1,1,1,1,1,1,0
3700216,1,1,1,1,1,1,0
3700787,1,1,1,1,1,1,0
3700804,1,1,1,1,1,1,0
3700972,1,1,1,1,0,0,1
3701495,1,1,1,1,1,1,0
3701656,1,1,1,1,1,1,0
3701703,0,0,0,0,0,0,1
3701892,1,1,1,1,1,1,0
3702366,1,1,1,1,0,0,0
3702459,1,1,1,1,1,1,0
3702596,1,1,1,1,1,1,0
3702860,1,1,1,1,1,1,0
3703118,1,1,1,1,1,1,0
3703211,1,1,1,1,1,1,0
3703252,1,1,1,1,1,1,0
3703397,1,1,1,0,0,1,0
3703460,0,0,0,0,0,0,1
3703556,1,1,1,1,1,1,0
3703621,1,1,1,0,0,1,0
3703907,1,1,1,1,1,1,0
3704022,1,1,1,1,1,1,0
3704093,1,1,1,1,1,1,0
3704204,1,1,1,1,1,1,0
3704345,1,1,1,1,1,1,0
3704348,1,1,1,1,1,1,0
3704627,1,1,1,1,1,1,0
3704742,1,1,1,1,1,1,0
3704789,1,1,1,1,1,1,0
3704996,1,1,1,1,1,1,0
3705089,1,1,1,1,1,1,0
3705112,1,1,1,1,1,1,0
3705683,1,1,1,1,1,1,0
3705702,1,1,1,1,1,1,0
3705744,1,1,1,1,1,1,0
3705789,1,1,1,1,1,1,0
3706434,1,1,1,1,1,1,0
3706476,1,1,1,1,1,1,0
3706545,1,1,1,1,1,1,0
3706547,1,1,1,1,1,1,0
3707138,1,1,1,1,1,1,0
3707204,1,1,1,1,1,1,0
3707393,1,1,1,1,1,1,0
3707439,1,1,1,1,1,1,0
3708129,1,1,1,1,1,1,0
3708319,1,0,0,0,0,0,1
3708581,1,1,1,1,0,0,1
3708644,1,1,1,1,1,1,0
3708715,0,0,0,0,0,0,1
3708805,1,1,1,1,1,1,0
3708900,1,1,1,1,0,0,1
3709300,1,1,1,1,1,1,0
3709421,1,1,1,1,1,1,0
3709560,1,1,1,1,1,1,0
3709699,1,1,1,1,1,1,0
3709717,1,1,1,1,1,1,0
3710149,1,1,1,1,1,1,0
3710193,0,0,0,0,0,0,1
3710499,1,1,1,1,1,1,0
3710544,1,1,1,1,1,1,0
3710609,1,1,1,1,1,1,0
3710916,1,0,0,0,0,0,1
3710989,1,1,1,1,1,1,0
3711223,1,1,1,1,1,1,0
3711244,1,1,1,1,1,1,0
3711309,1,1,1,1,1,1,0
3711616,1,1,1,1,1,1,0
3711689,1,1,1,1,1,1,0
3711733,0,0,0,0,0,0,1
3711943,1,1,1,1,1,1,0
3712129,1,1,1,1,1,1,0
3712176,1,1,1,1,1,1,0
3712605,1,1,1,1,1,1,0
3712620,1,1,1,1,1,1,0
3712884,1,1,1,1,1,1,0
3713093,1,1,1,1,1,1,0
3713309,1,1,1,1,1,1,0
3713808,1,1,1,1,0,1,1
3713969,1,1,1,1,1,1,0
3714017,1,1,1,1,1,1,0
3714202,1,1,1,0,0,1,0
3714508,1,1,1,0,0,0,1
3714532,1,1,1,1,1,1,0
3714621,1,1,1,1,1,1,0
3715146,1,1,1,1,1,1,0
3715212,1,1,1,1,1,1,0
3715308,1,1,1,1,1,1,0
3715445,1,1,1,1,1,1,0
3715896,1,0,0,0,0,0,1
3716016,1,1,1,1,1,1,0
3716177,1,1,1,1,1,1,0
3716628,1,1,1,1,1,1,0
3716772,1,1,1,1,1,1,0
3716932,0,0,0,0,0,0,1
3717001,1,1,1,1,1,1,0
3717528,1,1,1,1,1,1,0
3717760,1,1,1,1,1,1,0
3717805,1,1,1,1,1,1,0
3718284,1,1,1,1,1,1,0
3718540,1,1,1,1,1,1,0
3718633,1,1,1,1,1,1,0
3719015,1,1,1,1,1,1,0
3719036,1,1,1,1,1,1,0
3719316,1,1,1,1,1,1,0
3719409,1,1,1,1,1,1,0
3720052,1,1,1,1,1,1,0
3720096,0,0,0,0,0,0,1
3720429,1,1,1,1,1,1,0
3720952,1,1,1,1,1,1,0
3721121,0,0,0,0,0,0,0
3721140,1,1,1,1,1,1,0
3721181,1,1,1,1,1,1,0
3721704,1,1,1,1,1,1,0
3721896,1,1,1,1,1,1,0
3721897,1,1,1,1,1,1,0
3721957,1,1,1,1,1,1,0
3722242,1,1,1,1,0,0,0
3722428,1,1,1,1,1,1,0
3722740,1,1,1,1,1,1,0
3722805,1,1,1,1,1,1,0
3722949,1,1,1,1,1,1,0
3722966,1,1,1,1,1,1,0
3723059,1,1,1,0,0,1,1
3723196,1,1,1,1,1,1,0
3723434,1,0,0,0,0,0,1
3723672,1,1,1,1,1,1,0
3723765,1,0,0,0,0,0,1
3724044,1,1,1,1,1,1,0
3724067,1,1,1,1,1,1,0
3724374,1,1,1,1,0,0,1
3724588,1,1,1,1,1,1,0
3724796,1,1,1,1,1,1,0
3725106,1,1,1,1,1,1,0
3725392,1,1,1,1,1,1,0
3725672,1,1,1,1,1,1,0
3726296,1,1,1,1,1,1,0
3726408,1,1,1,1,1,1,0
3726527,1,1,1,1,1,1,0
3727076,1,1,1,1,1,1,0
3727092,1,1,1,1,1,1,0
3727403,1,1,1,1,1,1,0
3727784,1,1,1,1,1,1,0
3727800,1,1,1,1,1,1,0
3728135,1,1,1,1,1,1,0
3728468,1,1,1,1,1,1,0
3728724,1,1,1,1,1,1,0
3729228,1,1,1,1,1,1,0
3729271,1,1,1,1,1,1,0
3729672,1,1,1,1,1,1,0
3729909,1,1,1,0,0,1,0
3730003,1,1,1,1,1,1,0
3730168,1,1,1,1,1,1,0
3730520,1,1,1,1,1,1,0
3730711,1,1,1,1,1,1,0
3730801,1,1,1,1,1,1,0
3730872,1,1,1,1,1,1,0
3730873,1,1,1,0,0,0,0
3731268,1,1,1,1,1,1,0
3731411,1,1,1,1,1,1,0
3731600,1,1,1,1,1,1,0
3731601,1,1,1,1,1,1,0
3731733,1,1,1,1,1,1,0
3732139,1,1,1,1,1,1,0
3732156,1,1,1,1,1,1,0
3732202,1,1,1,0,0,1,0
3732297,1,1,1,1,1,1,0
3732388,1,1,1,1,1,1,0
3732645,1,1,1,1,1,1,0
3732883,1,1,1,1,1,1,0
3732902,1,1,1,1,1,1,0
3732973,1,1,1,1,1,1,0
3732988,1,1,1,1,1,1,0
3733204,1,1,1,1,1,1,0
3733317,1,1,1,1,1,1,0
3733557,1,0,0,0,0,0,1
3733575,1,1,1,1,1,1,0
3733712,1,1,1,1,1,1,0
3733854,1,1,1,1,1,1,0
3734209,1,1,1,1,1,1,0
3734401,1,1,1,1,1,1,0
3734467,1,1,1,1,1,1,0
3734488,1,1,1,1,1,1,0
3734648,1,1,1,1,1,1,0
3734790,1,1,1,1,1,1,0
3735125,1,1,1,1,1,1,0
3735357,1,1,1,1,1,1,0
3735376,1,1,1,1,1,1,0
3735518,1,1,1,1,1,1,0
3736069,1,1,1,1,1,1,0
3736277,1,1,1,1,1,1,0
3736278,1,1,1,1,1,1,0
3736316,1,1,1,1,1,1,0
3736317,0,0,0,0,0,0,1
3736357,0,0,0,0,0,0,1
3736643,1,1,1,1,1,1,0
3737022,1,1,1,1,1,1,0
3737161,1,1,1,1,1,1,0
3737204,1,1,1,1,1,1,0
3737731,1,1,1,1,1,1,0
3737917,1,1,1,1,1,1,0
3737961,0,0,0,0,0,0,1
3738148,1,1,1,1,1,1,0
3738293,1,1,1,0,0,1,1
3738312,1,1,1,1,1,1,0
3738667,1,1,1,1,1,1,0
3738853,1,1,1,1,0,0,1
3738872,1,1,1,1,1,1,0
3739184,1,1,1,1,1,1,0
3739185,1,1,1,1,1,1,0
3739391,1,1,1,1,1,1,0
3739435,0,0,0,0,0,0,1
3739572,1,1,1,1,1,1,0
3739641,1,1,1,1,1,1,0
3739905,1,1,1,1,1,1,0
3740068,1,1,1,1,1,1,0
3740519,1,1,1,1,0,0,1
3740752,1,1,1,1,1,1,0
3740849,1,1,1,1,1,1,0
3740868,1,1,1,1,1,1,0
3741343,1,1,1,1,1,1,0
3741456,1,1,1,1,1,1,0
3741840,1,1,1,1,1,1,0
3742120,1,0,0,0,0,0,1
3742123,1,1,1,1,1,1,0
3742405,1,1,1,1,1,1,0
3742879,1,1,1,1,1,1,0
3743064,1,1,1,1,1,1,0
3743185,1,0,0,0,0,0,1
3743635,1,1,1,1,1,1,0
3743772,1,1,1,1,1,1,0
3744013,1,1,1,1,1,1,0
3744053,1,1,1,1,1,1,0
3744098,0,0,0,0,0,0,0
3744335,1,1,1,1,1,1,0
3744616,1,1,1,1,1,1,0
3744830,1,1,1,1,1,1,0
3744925,1,1,1,1,1,1,0
3744941,1,1,1,1,1,1,0
3745275,1,1,1,1,1,1,0
3745316,1,1,1,1,1,1,0
3745554,1,1,1,1,1,1,0
3745625,1,1,1,1,1,1,0
3745905,1,1,1,1,1,1,0
3745951,1,1,1,1,1,1,0
3746016,1,1,1,1,1,1,0
3746254,1,1,1,1,1,1,0
3746445,1,1,1,1,1,1,0
3746631,1,1,1,1,1,1,0
3746720,1,1,1,1,1,1,0
3747006,1,1,1,1,1,1,0
3747341,1,1,1,1,1,1,0
3747359,1,1,1,1,1,1,0
3747568,1,1,1,1,1,1,0
3747998,1,1,1,1,1,1,0
3748091,1,1,1,1,1,1,0
3748276,1,1,1,1,1,1,0
3748898,1,1,1,1,1,1,0
3748920,1,1,1,0,0,1,0
3749131,1,1,1,1,1,1,0
3749652,1,1,1,1,0,0,1
3749696,0,0,0,0,0,0,1
3749840,1,1,1,1,1,1,0
3749882,1,1,1,1,1,1,0
3749903,1,1,1,1,1,1,0
3750668,1,1,1,1,1,1,0
3750974,1,0,0,0,0,0,1
3750975,1,1,1,1,1,1,0
3751276,1,1,1,1,1,1,0
3751372,1,1,1,1,1,1,0
3751702,1,1,1,1,1,1,0
3751723,1,1,1,1,1,1,0
3752004,1,1,1,1,1,1,0
3752148,1,1,1,1,1,1,0
3752406,1,1,1,1,1,1,0
3752475,1,1,1,1,1,1,0
3752852,1,1,1,1,1,1,0
3752993,1,0,0,0,0,0,0
3753158,1,1,1,1,1,1,0
3753203,1,1,1,1,1,1,0
3753556,1,1,1,1,1,1,0
3753745,1,1,1,1,1,1,0
3753862,1,1,1,1,1,1,0
3753931,1,1,1,1,1,1,0
3754260,1,1,1,1,1,1,0
3754429,1,1,1,0,0,1,0
3754613,1,1,1,1,1,1,0
3754635,1,1,1,1,1,1,0
3754750,1,1,1,1,1,1,0
3754893,0,0,0,0,0,0,1
3755316,1,1,1,1,1,1,0
3755505,1,1,1,1,1,1,0
3755673,1,1,1,1,1,1,0
3755787,1,1,1,1,1,1,0
3756405,1,1,1,1,1,1,0
3756409,1,1,1,1,1,1,0
3756519,1,1,1,1,1,1,0
3757137,1,1,1,1,1,1,0
3757233,1,1,1,1,1,1,0
3757323,1,1,1,1,1,1,0
3757965,1,1,1,1,1,1,0
3757989,1,1,1,1,1,1,0
3758484,1,1,1,0,0,1,1
3758649,1,1,1,1,1,1,0
3758697,1,1,1,1,1,1,0
3758883,1,1,1,1,1,1,0
3759212,1,1,1,1,1,1,0
3759236,1,1,1,1,0,1,0
3759449,1,1,1,1,1,1,0
3759635,1,1,1,1,1,1,0
3760084,1,1,1,1,1,1,0
3760108,1,1,1,1,1,1,0
3760249,1,1,1,1,1,1,0
3760699,1,1,1,1,1,1,0
3760860,1,1,1,1,1,1,0
3760864,1,1,1,1,1,1,0
3760977,1,1,1,1,1,1,0
3761474,1,1,1,1,0,1,1
3761475,1,1,1,1,1,1,0
3761584,1,1,1,1,1,1,0
3761825,1,1,1,1,1,1,0
3762036,1,1,1,1,1,1,0
3762388,1,1,1,1,1,1,0
3762482,1,1,1,1,1,1,0
3762553,1,1,1,1,1,1,0
3762856,1,0,0,0,0,0,1
3762975,1,1,1,1,1,1,0
3763309,1,1,1,1,1,1,0
3763564,1,1,1,1,1,1,0
3763608,0,0,0,0,0,0,1
3763680,1,1,1,0,0,1,1
3763867,1,1,1,1,1,1,0
3763886,1,0,0,0,0,0,1
3763981,1,1,1,1,1,1,0
3764428,1,1,1,1,1,1,0
3764547,1,1,1,1,1,1,0
3764614,1,1,1,1,1,1,0
3764658,0,0,0,0,0,0,1
3764660,1,0,0,0,0,0,1
3764701,1,1,1,1,1,1,0
3765268,1,1,1,1,1,1,0
3765339,1,1,1,1,1,1,0
3765358,1,1,1,1,1,1,0
3765380,1,1,1,1,1,1,0
3765424,0,0,0,0,0,0,1
3765425,1,1,1,1,1,1,0
3765701,1,1,1,0,0,1,0
3765960,1,1,1,1,1,1,0
3766007,1,1,1,1,1,1,0
3766122,1,1,1,1,1,1,0
3766124,1,1,1,1,1,1,0
3766125,1,1,1,1,1,1,0
3766421,1,1,1,1,1,1,0
3766704,1,1,1,1,1,1,0
3766751,1,1,1,1,1,1,0
3766797,1,1,1,1,1,1,0
3766862,1,1,1,1,1,1,0
3766932,1,1,1,1,1,1,0
3767141,1,1,1,1,1,1,0
3767448,1,1,1,1,1,1,0
3767471,1,1,1,1,1,1,0
3767517,1,1,1,1,1,1,0
3767582,1,1,1,1,1,1,0
3767724,1,1,1,1,1,1,0
3767933,1,1,1,1,1,1,0
3768195,1,1,1,1,1,1,0
3768241,1,1,1,1,1,1,0
3768282,1,1,1,1,1,1,0
3768324,1,1,1,1,1,1,0
3768444,1,1,1,1,1,1,0
3768943,1,1,1,1,1,1,0
3768989,1,1,1,1,1,1,0
3769102,1,1,1,1,1,1,0
3769144,1,1,1,1,1,1,0
3769697,1,1,1,1,1,1,0
3769739,1,1,1,1,1,1,0
3769782,1,1,1,1,1,1,0
3769783,0,0,0,0,0,0,1
3769868,1,1,1,1,1,1,0
3770490,1,1,1,1,1,1,0
3770537,1,1,1,1,1,1,0
3771036,1,1,1,1,1,1,0
3771150,1,1,1,1,1,1,0
3771221,1,1,1,1,1,1,0
3771792,1,1,1,1,1,1,0
3771882,1,1,1,1,1,1,0
3771905,1,1,1,1,1,1,0
3772404,1,0,0,0,0,0,1
3772737,1,1,1,1,1,1,0
3773018,1,1,1,1,1,1,0
3773208,1,1,1,1,1,1,0
3773493,1,1,1,1,1,1,0
3773702,1,1,1,1,1,1,0
3774036,1,1,1,1,1,1,0
3774417,1,1,1,1,1,1,0
3774650,1,1,1,1,1,1,0
3774744,1,1,1,1,1,1,0
3775025,1,1,1,0,0,1,0
3775361,1,1,1,1,1,1,0
3775450,1,1,1,1,1,1,0
3775472,1,1,1,1,1,1,0
3775729,1,1,1,1,1,1,0
3776182,1,1,1,1,1,1,0
3776348,1,1,1,1,1,1,0
3776367,1,1,1,0,0,1,1
3776505,1,1,1,1,1,1,0
3776577,1,1,1,1,1,1,0
3776621,0,0,0,0,0,0,1
3776972,1,1,1,1,0,0,0
3777043,1,1,1,1,1,1,0
3777088,1,1,1,1,1,1,0
3777106,1,1,1,1,1,1,0
3777221,1,1,1,1,1,1,0
3777653,1,1,1,1,1,1,0
3777668,1,1,1,1,1,1,0
3777788,1,1,1,1,1,1,0
3777877,1,1,1,1,1,1,0
3777971,1,1,1,1,1,1,0
3778158,1,1,1,1,0,0,1
3778392,1,1,1,1,1,1,0
3778397,1,1,1,1,1,1,0
3778460,1,1,1,1,1,1,0
3778671,1,1,1,1,0,0,1
3778785,1,1,1,0,0,0,1
3778902,1,1,1,1,0,0,1
3779333,1,1,1,0,0,0,1
3779375,1,1,1,1,1,1,0
3779512,1,1,1,1,1,1,0
3779605,1,1,1,1,1,1,0
3779794,1,0,0,0,0,0,1
3779796,1,1,1,1,1,1,0
3780125,1,1,1,1,1,1,0
3780236,1,1,1,1,1,1,0
3780425,1,1,1,1,1,1,0
3780494,1,1,1,1,1,1,0
3780496,1,1,1,1,1,1,0
3780993,1,1,1,1,1,1,0
3781276,1,1,1,1,1,1,0
3781413,1,1,1,1,1,1,0
3781482,1,1,1,1,1,1,0
3781721,1,1,1,1,1,1,0
3781980,1,1,1,1,1,1,0
3782141,1,1,1,1,1,1,0
3782282,1,1,1,1,1,1,0
3782612,1,1,1,1,1,1,0
3782733,1,1,1,1,1,1,0
3782869,1,1,1,1,1,1,0
3783012,1,1,1,1,1,1,0
3783102,1,1,1,1,1,1,0
3783408,1,1,1,1,1,1,0
3783553,1,1,1,1,1,1,0
3783785,1,1,1,1,0,0,1
3783902,1,1,1,1,1,1,0
3784160,1,1,1,1,1,1,0
3784590,1,1,1,1,1,1,0
3784593,1,1,1,1,1,1,0
3784773,1,1,1,1,1,1,0
3784864,1,1,1,1,1,1,0
3785009,1,0,0,0,0,0,1
3785648,1,1,1,1,1,1,0
3785672,1,1,1,1,1,1,0
3785689,1,1,1,1,1,1,0
3785737,1,1,1,1,1,1,0
3786352,1,1,1,1,1,1,0
3786424,1,1,1,1,1,1,0
3786425,1,1,1,1,1,1,0
3786439,1,1,1,0,0,1,0
3786577,1,1,1,1,1,1,0
3787172,1,1,1,1,1,1,0
3787460,1,1,1,1,1,1,0
3787479,1,1,1,1,1,1,0
3787521,1,1,1,1,1,1,0
3788097,1,1,1,1,1,1,0
3788377,1,1,1,1,1,1,0
3788468,1,1,1,1,1,1,0
3788925,1,1,1,1,1,1,0
3789015,1,1,1,1,1,1,0
3789081,1,1,1,1,1,1,0
3789460,1,1,1,1,1,1,0
3789701,1,1,1,1,1,1,0
3789719,1,1,1,1,1,1,0
3790073,1,1,1,1,1,1,0
3790236,1,1,1,1,0,0,1
3790451,1,1,1,1,1,1,0
3790757,1,1,1,1,1,1,0
3790944,1,1,1,1,1,1,0
3791160,1,1,1,1,1,1,0
3791299,1,1,1,1,1,1,0
3791609,1,1,1,1,1,1,0
3791674,1,1,1,0,0,1,0
3791864,1,1,1,1,1,1,0
3791976,1,1,1,1,1,1,0
3792071,1,1,1,1,1,1,0
3792378,1,1,1,1,1,1,0
3792688,1,1,1,1,1,1,0
3792896,1,1,1,0,0,0,1
3792921,1,1,1,1,1,1,0
3793059,1,1,1,1,1,1,0
3793222,1,1,1,1,1,1,0
3793364,1,1,1,1,1,1,0
3793620,1,1,1,1,1,1,0
3794052,1,1,1,1,1,1,0
3794166,1,1,1,1,1,1,0
3794189,1,1,1,1,0,0,1
3794708,1,1,1,1,1,1,0
3794712,1,1,1,1,1,1,0
3794822,1,0,0,0,0,0,1
3794917,1,1,1,1,1,1,0
3795412,1,1,1,1,1,1,0
3795626,1,1,1,1,1,1,0
3795672,1,1,1,1,1,1,0
3795789,1,1,1,1,1,1,0
3796332,1,1,1,1,1,1,0
3796476,1,1,1,1,1,1,0
3796542,1,1,1,1,1,1,0
3796613,1,1,1,1,1,1,0
3796988,1,1,1,1,1,1,0
3797250,1,1,1,1,1,1,0
3797489,1,1,1,1,1,1,0
3797508,1,1,1,1,1,1,0
3797837,1,1,1,0,0,1,0
3797952,1,1,1,1,1,1,0
3798166,1,1,1,1,1,1,0
3798189,1,1,1,1,1,1,0
3798208,1,1,1,1,1,1,0
3798513,1,1,1,0,0,0,1
3798849,1,1,1,1,1,1,0
3798893,0,0,0,0,0,0,1
3798958,1,1,1,1,1,1,0
3798976,1,1,1,1,1,1,0
3799096,1,1,1,1,1,1,0
3799257,1,1,1,1,1,1,0
3799780,1,1,1,1,1,1,0
3799802,1,1,1,1,1,1,0
3800109,1,1,1,1,1,1,0
3800131,1,1,1,0,0,1,0
3800724,1,1,1,1,1,1,0
3800728,1,1,1,1,1,1,0
3800742,1,1,1,1,1,1,0
3800905,1,1,1,1,1,1,0
3801504,1,1,1,1,1,1,0
3801739,1,1,1,1,1,1,0
3802212,1,1,1,1,1,1,0
3802380,1,1,1,1,1,1,0
3802495,1,1,1,1,1,1,0
3802753,1,1,1,1,1,1,0
3803012,1,1,1,1,1,1,0
3803056,0,0,0,0,0,0,1
3803200,1,1,1,1,1,1,0
3803387,1,1,1,1,1,1,0
3803597,1,1,1,1,1,1,0
3803808,1,1,1,1,1,1,0
3804096,1,1,1,1,1,1,0
3804139,1,1,1,1,1,1,0
3804493,1,1,1,1,1,1,0
3804608,1,1,1,1,1,1,0
3805063,1,1,1,1,1,1,0
3805064,1,1,1,1,1,1,0
3805413,1,1,1,1,1,1,0
3805528,1,1,1,1,1,1,0
3805839,1,1,1,1,1,1,0
3805980,1,1,1,1,1,1,0
3805981,1,1,1,0,0,0,0
3806305,1,1,1,1,1,1,0
3806324,1,0,0,0,0,0,1
3806347,1,0,0,0,0,0,1
3806872,1,1,1,1,1,1,0
3806873,1,1,1,1,1,1,0
3807052,1,1,1,1,1,1,0
3807075,1,1,1,1,1,1,0
3807237,1,1,1,1,1,1,0
3807668,1,1,1,1,1,1,0
3807712,0,0,0,0,0,0,1
3807826,1,1,1,1,0,0,0
3807847,1,1,1,1,1,1,0
3807849,1,1,1,1,1,1,0
3808196,1,1,1,1,1,1,0
3808240,0,0,0,0,0,0,1
3808456,1,1,1,1,1,1,0
3808500,0,0,0,0,0,0,1
3808590,1,1,1,1,1,1,0
3808593,1,1,1,1,1,1,0
3809353,1,1,1,1,1,1,0
3809370,1,1,1,1,1,1,0
3809749,1,1,1,0,0,1,1
3810082,1,1,1,1,1,1,0
3810225,1,1,1,1,1,1,0
3810505,1,1,1,1,1,1,0
3811389,1,1,1,1,1,1,0
3812129,1,1,1,1,1,1,0
3813397,1,1,1,1,1,1,0
3814161,1,1,1,1,1,1,0
3814857,1,1,1,0,0,1,1
3814995,1,1,1,0,0,1,0
3815157,1,1,1,1,1,1,0
3815392,1,1,1,0,0,1,0
3815656,1,1,1,0,0,0,0
3815915,1,1,1,1,1,1,0
3816100,1,1,1,1,1,1,0
3816508,1,1,1,1,1,1,0
3816695,1,1,1,1,1,1,0
3817219,1,0,0,0,0,0,1
3817238,1,1,1,0,0,1,0
3817240,1,1,1,1,1,1,0
3817735,1,0,0,0,0,0,1
3817970,1,1,1,1,1,1,0
3818208,1,1,1,1,0,0,1
3818802,1,1,1,1,1,1,0
3818944,1,1,1,1,1,1,0
3818987,1,1,1,1,1,1,0
3820783,1,1,1,1,1,1,0
3822005,1,0,0,0,0,0,0
3822215,1,1,1,1,1,1,0
3822305,1,1,1,0,0,1,0
3822880,1,1,1,1,1,1,0
3822923,1,1,1,1,0,0,1
3822945,1,1,1,1,1,1,0
3823177,1,1,1,1,1,1,0
3823244,1,0,0,0,0,0,0
3823627,1,1,1,1,1,1,0
3823745,1,1,1,1,0,0,1
3823808,1,0,0,0,0,0,1
3824045,1,1,1,1,1,1,0
3824307,1,1,1,1,1,1,0
3824684,1,1,1,1,1,1,0
3824733,1,1,1,1,1,1,0
3824773,1,1,1,1,1,1,0
3825227,1,1,1,1,1,1,0
3825321,1,0,0,0,0,0,1
3825528,1,1,1,1,1,1,0
3825573,1,1,1,1,1,1,0
3825883,1,1,1,1,1,1,0
3825926,1,1,1,0,0,1,0
3826141,1,1,1,1,1,1,0
3826181,0,0,0,0,0,0,1
3826488,1,1,1,1,1,1,0
3826654,1,1,1,1,1,1,0
3826771,1,1,1,1,1,1,0
3826861,1,1,1,1,1,1,0
3826885,1,1,1,1,1,1,0
3826929,0,0,0,0,0,0,1
3827184,1,1,1,1,1,1,0
3827687,1,1,1,1,1,1,0
3827730,1,1,1,1,1,1,0
3827869,1,1,1,1,1,1,0
3827888,1,1,1,1,1,1,0
3827893,1,1,1,1,1,1,0
3828339,1,1,1,1,1,1,0
3828601,1,1,1,1,1,1,0
3828618,1,1,1,1,1,1,0
3828661,1,1,1,1,0,0,1
3828872,1,1,1,1,1,1,0
3829087,1,1,1,1,1,1,0
3829370,1,1,1,1,1,1,0
3829437,1,1,1,1,1,1,0
3829629,1,1,1,1,1,1,0
3829936,1,1,1,0,0,1,0
3830075,1,1,1,1,1,1,0
3830213,1,1,1,1,1,1,0
3830573,1,1,1,1,1,1,0
3830708,1,1,1,1,0,1,1
3831017,1,0,0,0,0,0,1
3831063,1,1,1,1,1,1,0
3831488,1,1,1,1,1,1,0
3831537,1,1,1,1,1,1,0
3832033,1,1,1,1,1,1,0
3832055,1,1,1,1,1,1,0
3832216,1,1,1,1,1,1,0
3832789,1,1,1,1,1,1,0
3832952,1,1,1,1,1,1,0
3833525,1,1,1,1,1,1,0
3834048,1,1,1,1,1,1,0
3834092,0,0,0,0,0,0,1
3834257,1,1,1,1,1,1,0
3834828,1,1,1,1,1,1,0
3835017,1,1,1,1,1,1,0
3835805,1,1,1,1,1,1,0
3835848,1,1,1,1,1,1,0
3836494,1,1,1,0,0,1,0
3836537,1,1,1,1,1,1,0
3836556,1,1,1,1,1,1,0
3837060,1,1,1,0,0,0,0
3837222,1,1,1,1,1,1,0
3837289,1,1,1,1,1,1,0
3837332,1,1,1,1,1,1,0
3838072,1,1,1,1,1,1,0
3838096,1,1,1,1,1,1,0
3838137,1,1,1,1,1,1,0
3838398,1,1,1,1,1,1,0
3838661,1,1,1,0,0,1,0
3838796,1,1,1,1,1,1,0
3838889,1,1,1,1,1,1,0
3839175,1,1,0,0,0,0,0
3839242,1,1,1,1,1,1,0
3839288,1,1,1,1,1,1,0
3839453,1,1,1,1,1,1,0
3839757,1,1,1,1,1,1,0
3839947,1,1,1,1,1,1,0
3840132,1,1,1,1,1,1,0
3840205,1,1,1,1,1,1,0
3840294,1,1,1,1,1,1,0
3840457,1,1,1,1,1,1,0
3840743,1,1,1,1,1,1,0
3840957,1,1,1,1,1,1,0
3841001,0,0,0,0,0,0,1
3841185,1,1,1,1,1,1,0
3841470,1,1,1,1,1,1,0
3841563,1,1,1,1,1,1,0
3841945,1,1,1,1,1,1,0
3842178,1,1,1,1,1,1,0
3842222,0,0,0,0,0,0,1
3842289,1,1,1,1,0,0,1
3842311,1,1,1,1,1,1,0
3842978,1,1,1,1,1,1,0
3842981,1,1,1,1,1,1,0
3843139,1,1,1,1,1,1,0
3843157,1,1,1,1,1,1,0
3843709,1,1,1,1,1,1,0
3843822,1,1,1,1,1,1,0
3843913,1,1,1,1,1,1,0
3844199,1,1,1,1,1,1,0
3844485,1,1,1,1,1,1,0
3844550,1,1,1,1,1,1,0
3844641,1,1,1,1,1,1,0
3844879,1,1,1,1,1,1,0
3845237,1,1,1,1,1,1,0
3845350,1,1,1,1,1,1,0
3845635,1,1,1,1,1,1,0
3845701,1,1,1,1,1,1,0
3846109,1,1,1,1,1,1,0
3846174,1,1,1,1,1,1,0
3846363,1,1,1,1,1,1,0
3846364,1,1,0,0,0,0,0
3846425,1,1,1,1,1,1,0
3847001,1,1,1,1,1,1,0
3847042,1,1,1,1,1,1,0
3847181,1,1,1,1,1,1,0
3847200,1,1,1,0,0,0,0
3847224,1,1,1,1,1,1,0
3847339,1,1,1,1,1,1,0
3847697,1,1,1,1,1,1,0
3847904,1,1,1,1,1,1,0
3847905,1,1,1,1,1,1,0
3848044,1,1,1,1,1,1,0
3848158,1,1,1,1,1,1,0
3848469,1,1,1,1,1,1,0
3848513,0,0,0,0,0,0,1
3848601,1,1,1,1,1,1,0
3848716,1,1,1,1,1,1,0
3848884,1,1,1,1,1,1,0
3848950,1,1,1,1,1,1,0
3849424,1,1,1,1,1,1,0
3849589,1,1,1,1,1,1,0
3849658,1,1,1,1,1,1,0
3849824,1,1,1,1,1,1,0
3850344,1,1,1,1,1,1,0
3850366,1,1,1,1,1,1,0
3850385,1,1,1,1,1,1,0
3850624,1,1,1,1,1,1,0
3851048,1,1,1,1,1,1,0
3851214,1,1,1,1,1,1,0
3851521,1,1,1,1,1,1,0
3851568,1,1,1,1,1,1,0
3851946,1,1,1,1,1,1,0
3852304,1,1,1,1,1,1,0
3852489,1,1,1,1,1,1,0
3852654,1,1,1,1,1,1,0
3853012,1,1,1,1,1,1,0
3853221,1,1,1,1,1,1,0
3854443,1,1,1,0,0,1,0
3855159,1,1,1,1,1,1,0
3855637,1,1,0,0,0,0,0
3856329,1,1,1,1,1,1,0
3856373,0,0,0,0,0,0,1
3857065,1,1,1,1,1,1,0
3858208,1,1,1,0,0,1,0
3858807,1,1,1,1,1,1,0
3858920,1,1,1,1,1,1,0
3859519,1,1,1,1,1,1,0
3859656,1,1,1,1,1,1,0
3859822,1,1,1,0,0,1,0
3860180,1,1,1,0,0,1,0
3860199,1,1,1,1,1,1,0
3860336,1,1,1,1,1,1,0
3860381,1,1,1,0,0,1,0
3860570,1,1,1,1,1,1,0
3861116,1,1,1,1,1,1,0
3861618,1,1,1,0,0,1,1
3861996,1,1,1,1,1,1,0
3862450,1,1,1,1,1,1,0
3862545,1,1,1,1,1,1,0
3862704,1,1,1,1,1,1,0
3863420,1,1,1,1,1,1,0
3863490,1,1,1,1,1,1,0
3863585,1,1,1,1,1,1,0
3863962,1,0,0,0,0,0,1
3864100,1,1,1,1,1,1,0
3864269,1,1,1,1,1,1,0
3864670,1,1,1,1,1,1,0
3864784,1,1,1,1,1,1,0
3864977,1,1,1,1,1,1,0
3865378,1,1,1,1,1,1,0
3865516,1,1,1,1,1,1,0
3865685,1,1,1,1,1,1,0
3866086,1,1,1,1,1,1,0
3866248,1,1,1,1,1,1,0
3866369,1,1,1,1,1,1,0
3866818,1,1,1,1,1,1,0
3866908,1,1,1,1,1,1,0
3867292,0,0,0,0,0,0,0
3867311,1,1,0,0,0,0,0
3867497,1,1,1,0,0,1,0
3867566,1,1,1,1,1,1,0
3867632,1,1,1,1,1,1,0
3867966,1,0,0,0,0,0,1
3868059,1,1,1,1,1,1,0
3868060,1,1,1,1,1,1,0
3868480,1,1,1,1,1,1,0
3868742,1,1,1,1,1,1,0
3868743,1,1,1,1,1,1,0
3868880,1,1,1,1,1,1,0
3869160,1,1,1,1,1,1,0
3869400,1,0,0,0,0,0,1
3869490,1,1,1,1,1,1,0
3869491,1,1,1,1,1,1,0
3869912,1,1,1,1,1,1,0
3870152,1,1,1,1,1,1,0
3870170,1,1,1,1,1,1,0
3870191,1,1,1,1,1,1,0
3870210,0,0,0,0,0,0,1
3870636,1,1,1,1,1,1,0
3870900,1,1,1,1,1,1,0
3871182,1,1,1,1,1,1,0
3871344,1,1,1,1,1,1,0
3871656,1,1,1,1,1,1,0
3871914,1,1,1,1,1,1,0
3872028,1,1,1,1,1,1,0
3872364,1,1,1,1,1,1,0
3872884,1,1,1,1,1,1,0
3873148,1,1,1,1,1,1,0
3873457,1,1,1,0,0,1,0
3873616,1,1,1,1,1,1,0
3873952,1,1,1,1,1,1,0
3874304,0,0,0,0,0,0,1
3874589,1,1,1,0,0,1,0
3875040,1,1,1,1,1,1,0
3875397,1,1,1,1,1,1,0
3875776,1,1,1,1,1,1,0
3876301,1,1,1,1,1,1,0
3876584,1,1,1,1,1,1,0
3876752,1,1,1,1,1,1,0
3877129,1,1,1,1,1,1,0
3877319,1,1,1,0,0,1,0
3877556,1,1,1,1,1,1,0
3877692,1,1,1,1,1,1,0
3877857,1,1,1,1,1,1,0
3878167,1,1,1,1,1,1,0
3878332,1,1,1,1,1,1,0
3878540,1,1,1,1,1,1,0
3878705,1,1,1,1,1,1,0
3878847,1,1,1,1,1,1,0
3879034,1,1,1,0,0,1,0
3879128,1,1,1,1,1,1,0
3879312,1,1,1,1,1,1,0
3879525,1,1,1,1,1,1,0
3879595,1,1,1,1,1,1,0
3879734,1,1,1,1,1,1,0
3879876,1,1,1,1,1,1,0
3880012,1,1,1,1,1,1,0
3880225,1,1,1,1,1,1,0
3880246,1,0,0,0,0,0,1
3880363,1,1,1,1,1,1,0
3880553,1,1,1,0,0,1,0
3880644,1,1,1,1,1,1,0
3880684,1,1,1,1,1,1,0
3880897,1,1,1,1,1,1,0
3880966,1,1,1,1,1,1,0
3881059,1,1,1,1,1,1,0
3881225,1,1,1,1,1,1,0
3881316,1,1,1,1,1,1,0
3881380,1,1,1,1,1,1,0
3881689,1,1,1,1,1,1,0
3881830,1,0,0,0,0,0,1
3881923,1,1,1,1,1,1,0
3881992,1,1,1,1,1,1,0
3882056,1,0,0,0,0,0,1
3882061,1,1,1,1,1,1,0
3882409,1,1,1,1,1,1,0
3882574,1,1,1,1,1,1,0
3882643,1,1,1,1,1,1,0
3882804,1,1,1,1,1,1,0
3882853,1,1,1,1,1,1,0
3883109,1,1,1,1,1,1,0
3883274,1,1,1,1,1,1,0
3883343,1,1,1,1,1,1,0
3883508,1,1,1,1,1,1,0
3883524,1,1,1,1,1,1,0
3883645,1,1,1,1,1,1,0
3883781,1,1,1,1,1,1,0
3884018,1,1,1,1,1,1,0
3884087,1,1,1,1,1,1,0
3884296,1,1,1,1,1,1,0
3884393,1,1,1,1,1,1,0
3884481,1,1,1,1,1,1,0
3884764,0,0,0,0,0,0,1
3884766,1,1,1,1,1,1,0
3884831,1,1,1,1,1,1,0
3884875,0,0,0,0,0,0,1
3885137,1,1,1,1,1,1,0
3885177,1,1,1,1,1,1,0
3885582,1,1,1,1,1,1,0
3885821,1,1,1,1,1,1,0
3885909,1,1,1,1,1,1,0
3886048,1,1,1,1,1,1,0
3886334,1,1,1,1,1,1,0
3886449,1,0,0,0,0,0,1
3886593,1,1,1,1,1,1,0
3886752,1,1,1,1,1,1,0
3886920,1,1,1,1,1,1,0
3887082,1,1,1,1,1,1,0
3887173,1,1,1,1,1,1,0
3887480,1,1,1,1,1,1,0
3887624,1,1,1,1,1,1,0
3887668,0,0,0,0,0,0,1
3887782,1,1,1,1,1,1,0
3887849,1,1,1,1,0,0,1
3888156,1,1,1,1,1,1,0
3888372,1,1,1,1,1,1,0
3888533,1,1,1,1,1,1,0
3888554,1,1,1,1,1,1,0
3888860,1,1,1,1,1,1,0
3889052,1,1,1,1,1,1,0
3889237,1,1,1,1,1,1,0
3889238,1,1,1,1,1,1,0
3889540,1,1,1,1,1,1,0
3889900,1,1,1,1,1,1,0
3889918,1,1,1,1,1,1,0
3890488,1,1,1,1,0,0,1
3890608,1,1,1,1,1,1,0
3890769,1,1,1,1,1,1,0
3890958,1,1,1,1,0,0,1
3891288,1,1,1,1,1,1,0
3891360,1,1,1,1,1,1,0
3891545,1,1,1,1,1,1,0
3891734,1,1,1,1,1,1,0
3891947,1,1,1,0,0,1,0
3892012,1,1,1,1,1,1,0
3892060,1,1,1,1,1,1,0
3892197,1,1,1,1,1,1,0
3892410,1,1,1,1,1,1,0
3892599,1,1,1,1,1,1,0
3892760,1,1,1,1,1,1,0
3892804,0,0,0,0,0,0,1
3893090,1,1,1,1,1,1,0
3893303,1,1,1,1,1,1,0
3893636,1,1,1,1,1,1,0
3893657,1,1,1,0,0,1,0
3893768,1,1,1,1,1,1,0
3893790,1,1,1,1,1,1,0
3893955,1,1,1,1,1,1,0
3894337,1,1,1,1,1,1,0
3894356,1,1,1,1,1,1,0
3894518,1,1,1,1,1,1,0
3894560,1,1,1,1,1,1,0
3894679,1,1,1,1,1,1,0
3895036,1,1,1,1,1,1,0
3895124,1,0,0,0,0,0,1
3895363,1,1,1,1,1,1,0
3895407,0,0,0,0,0,0,1
3895764,1,1,1,1,1,1,0
3895852,1,1,1,1,1,1,0
3896331,1,1,1,0,0,1,1
3896472,1,1,1,1,1,1,0
3896536,1,1,1,1,1,1,0
3897232,1,1,1,1,1,1,0
3897251,1,1,1,0,0,1,1
3897268,1,1,1,1,1,1,0
3897960,1,1,1,1,1,1,0
3897984,1,1,1,1,1,1,0
3898051,1,1,1,1,1,1,0
3898720,1,1,1,1,1,1,0
3898739,1,1,1,1,1,1,0
3898756,1,1,1,1,0,0,1
3899281,1,0,0,0,0,0,0
3899423,1,1,1,1,1,1,0
3899424,1,1,1,1,1,1,0
3899484,1,1,1,1,1,1,0
3899985,1,1,1,1,1,1,0
3900104,1,1,1,1,1,1,0
3900317,1,1,1,1,1,1,0
3900717,1,1,1,1,1,1,0
3900836,1,1,1,1,1,1,0
3900876,1,1,1,1,1,1,0
3900997,1,1,1,1,1,1,0
3901373,0,0,0,0,0,0,1
3901560,1,1,1,1,1,1,0
3901606,1,1,1,1,0,0,0
3901608,1,1,1,1,1,1,0
3901673,1,1,1,1,1,1,0
3902025,1,1,1,1,1,1,0
3902332,1,1,1,1,1,1,0
3902380,1,1,1,1,1,1,0
3902521,1,1,1,1,0,0,1
3902754,1,1,1,1,1,1,0
3903012,1,1,1,1,0,0,1
3903132,1,1,1,1,1,1,0
3903225,1,1,1,1,1,1,0
3903792,1,1,1,1,1,1,0
3903984,1,1,1,1,1,1,0
3904028,0,0,0,0,0,0,1
3904385,1,1,1,0,0,1,1
3904568,1,1,1,1,1,1,0
3905048,1,1,1,1,1,1,0
3905141,1,1,1,1,1,1,0
3905228,1,1,1,1,0,0,1
3905756,1,1,1,1,1,1,0
3905800,0,0,0,0,0,0,1
3905801,1,1,1,1,1,1,0
3906196,1,1,1,1,1,1,0
3906507,1,1,1,0,0,1,0
3906576,1,1,1,1,1,1,0
3906693,1,1,1,1,1,1,0
3907192,1,1,1,1,0,0,1
3907211,1,1,1,1,1,1,0
3907377,1,1,1,1,1,1,0
3907924,1,1,1,1,1,1,0
3907943,1,1,1,1,1,1,0
3908061,1,1,1,1,1,1,0
3908680,1,1,1,1,1,1,0
3908843,1,1,1,1,1,1,0
3909105,1,1,1,1,1,1,0
3909121,1,1,1,0,0,1,0
3909408,1,1,1,1,1,1,0
3909691,1,1,1,1,1,1,0
3909829,1,1,1,1,0,0,1
3909850,1,1,1,0,0,1,0
3910518,1,1,1,1,1,1,0
3910540,1,1,1,1,1,1,0
3913340,1,1,1,1,0,0,0
3914056,1,1,1,1,1,1,0
3914748,1,1,1,1,1,1,0
3916285,1,1,1,0,0,1,0
3916879,1,1,1,0,0,1,0
3917017,1,1,1,0,0,1,0
3917425,1,1,1,1,1,1,0
3917706,1,1,1,0,0,1,0
3917728,1,1,1,0,0,1,0
3917889,1,1,1,1,0,0,1
3917983,1,1,1,1,1,1,0
3918173,1,1,1,1,1,1,0
3918454,1,1,1,1,1,1,0
3918569,1,1,1,1,1,1,0
3918639,1,1,1,1,1,1,0
3918876,1,1,1,1,1,1,0
3919257,1,1,1,0,0,0,1
3919323,1,1,1,1,1,1,0
3919846,1,1,1,1,1,1,0
3920033,1,1,1,0,0,1,1
3920037,1,1,1,1,1,1,0
3920147,1,1,1,1,1,1,0
3920669,1,1,1,1,1,1,0
3920789,1,1,1,1,1,1,0
3920831,1,1,1,1,1,1,0
3921112,1,1,1,0,0,1,1
3921134,1,0,0,0,0,0,1
3921493,1,1,1,1,1,1,0
3921820,1,1,1,1,1,1,0
3921890,1,1,1,1,1,1,0
3921934,0,0,0,0,0,0,1
3922197,1,1,1,1,1,1,0
3922524,1,1,1,1,1,1,0
3922618,1,1,1,1,1,1,0
3922881,1,1,1,1,1,1,0
3923282,1,1,1,1,1,1,0
3923589,1,1,1,1,1,1,0
3923593,1,1,1,1,1,1,0
3923700,1,1,1,1,1,1,0
3923867,1,1,1,0,0,1,1
3924030,1,1,1,1,1,1,0
3924384,1,1,1,1,1,1,0
3924385,1,1,1,1,1,1,0
3924595,1,1,1,1,1,1,0
3924597,1,1,1,1,1,1,0
3924778,1,1,1,1,1,1,0
3925085,1,1,1,1,1,1,0
3925301,1,1,1,1,1,1,0
3925391,1,1,1,1,1,1,0
3925408,1,1,1,1,1,1,0
3925598,1,1,1,1,1,1,0
3925929,1,1,1,1,0,0,1
3925952,1,1,1,0,0,1,0
3926064,1,1,1,1,1,1,0
3926067,1,1,1,1,1,1,0
3926469,1,1,1,1,1,1,0
3926486,1,1,1,1,1,1,0
3926601,1,1,1,1,1,1,0
3926740,1,1,1,1,1,1,0
3926764,1,1,1,1,1,1,0
3927190,1,1,1,1,1,1,0
3927191,1,1,1,1,0,0,1
3927193,1,1,1,1,1,1,0
3927345,1,1,1,1,1,1,0
3927436,1,1,1,1,1,1,0
3927440,1,1,1,1,1,1,0
3927865,1,1,1,1,1,1,0
3927882,1,1,1,1,1,1,0
3928021,1,1,1,1,1,1,0
3928112,1,1,1,1,1,1,0
3928232,1,1,1,1,1,1,0
3928565,1,1,1,1,1,1,0
3928582,1,1,1,1,1,1,0
3928626,0,0,0,0,0,0,1
3928717,1,1,1,1,1,1,0
3928808,1,1,1,1,1,1,0
3928904,1,1,1,1,1,1,0
3929285,1,1,1,1,1,1,0
3929421,1,1,1,1,1,1,0
3929422,1,1,1,1,1,1,0
3929436,1,0,0,0,0,0,1
3929628,1,1,1,1,1,1,0
3930057,1,1,1,1,1,1,0
3930170,1,1,1,1,1,1,0
3930236,1,1,1,1,1,1,0
3930257,1,1,1,1,1,1,0
3930280,1,1,1,1,1,1,0
3930733,1,1,1,1,1,1,0
3930846,1,1,1,1,1,1,0
3930912,1,1,1,1,1,1,0
3930957,1,1,1,1,1,1,0
3931004,1,1,1,1,1,1,0
3931696,1,1,1,1,1,1,0
3931713,1,1,1,1,1,1,0
3931852,1,1,1,1,1,1,0
3931874,1,1,1,0,0,1,1
3932445,1,1,1,1,1,1,0
3932564,1,1,1,1,1,1,0
3932604,1,1,1,1,1,1,0
3932650,1,1,1,1,1,1,0
3933221,1,1,1,1,1,1,0
3933268,1,1,1,1,1,1,0
3933478,1,1,1,1,1,1,0
3933808,1,1,1,0,0,0,1
3933877,1,1,1,1,1,1,0
3933924,1,1,1,1,1,1,0
3933925,1,1,1,1,1,1,0
3934227,1,1,1,0,0,1,0
3934318,1,1,1,1,1,1,0
3934552,1,1,1,1,1,1,0
3934557,1,1,1,1,0,0,1
3934596,1,1,1,1,1,1,0
3934709,1,1,1,1,1,1,0
3934923,1,1,1,1,1,1,0
3934990,1,1,1,1,1,1,0
3935224,1,1,1,1,1,1,0
3935296,1,1,1,1,1,1,0
3935365,1,1,1,1,1,1,0
3935573,1,1,1,1,1,1,0
3935714,1,1,1,1,1,1,0
3935831,1,1,1,1,1,1,0
3935972,1,1,1,1,1,1,0
3936012,1,1,1,1,1,1,0
3936417,1,1,1,1,1,1,0
3936418,1,1,1,1,1,1,0
3936579,1,1,1,1,1,1,0
3936648,1,1,1,1,1,1,0
3936688,1,1,1,1,1,1,0
3937094,1,1,1,1,1,1,0
3937113,1,1,1,1,1,1,0
3937279,1,1,1,1,1,1,0
3937348,1,1,1,1,1,1,0
3937364,1,1,1,1,1,1,0
3937794,1,1,1,1,1,1,0
3937837,1,1,1,1,1,1,0
3937881,0,0,0,0,0,0,1
3937977,1,1,1,1,0,0,1
3938044,1,1,1,1,1,1,0
3938084,1,1,1,1,1,1,0
3938585,1,1,1,1,1,1,0
3938679,1,1,1,1,1,1,0
3938722,1,1,1,1,1,1,0
3938724,1,1,1,1,1,1,0
3938725,1,1,1,1,1,1,0
3938852,1,1,1,1,1,1,0
3939233,1,1,1,1,1,1,0
3939327,1,1,1,1,1,1,0
3939370,1,1,1,1,1,1,0
3939373,1,1,1,1,1,1,0
3939388,1,1,1,1,1,1,0
3939548,1,1,1,1,1,1,0
3940025,1,1,1,1,1,1,0
3940046,1,1,1,1,1,1,0
3940049,1,1,1,1,1,1,0
3940061,0,0,0,0,0,0,1
3940083,1,1,1,1,1,1,0
3940084,1,1,1,1,1,1,0
3940216,1,1,1,1,1,1,0
3940814,1,1,1,1,1,1,0
3940833,1,1,1,1,1,1,0
3940836,1,1,1,1,1,1,0
3940851,1,1,1,1,1,1,0
3940964,1,1,1,1,1,1,0
3941418,1,0,0,0,0,0,1
3941557,1,1,1,1,1,1,0
3941579,1,1,1,1,1,1,0
3941720,1,1,1,1,0,0,1
3941856,1,1,1,1,1,1,0
3942190,1,1,1,1,1,1,0
3942281,1,1,1,1,1,1,0
3942423,1,1,1,1,1,1,0
3942848,1,1,1,1,1,1,0
3942896,1,1,1,1,1,1,0
3943155,1,1,1,1,1,1,0
3943222,1,1,1,1,1,1,0
3943289,1,1,1,1,1,1,0
3943500,1,1,1,1,1,1,0
3943908,1,1,1,1,1,1,0
3944045,1,1,1,1,1,1,0
3944067,1,1,1,1,1,1,0
3944086,1,1,1,1,1,1,0
3944107,0,0,0,0,0,0,1
3944268,1,1,1,1,1,1,0
3944748,1,1,1,1,0,0,1
3944790,1,1,1,1,1,1,0
3944907,1,1,1,1,1,1,0
3945165,1,1,1,1,1,1,0
3945232,1,1,1,1,1,1,0
3945640,1,1,1,1,1,1,0
3945755,1,1,1,1,1,1,0
3945821,1,1,1,1,1,1,0
3945866,1,1,1,1,1,1,0
3946344,1,1,1,1,1,1,0
3946554,1,1,1,1,1,1,0
3947105,1,1,1,1,0,0,0
3947314,1,1,1,1,0,0,1
3947456,1,1,1,1,0,0,1
3947957,1,1,1,1,1,1,0
3948214,1,1,1,1,1,1,0
3948356,1,1,1,1,1,1,0
3948400,0,0,0,0,0,0,1
3948733,1,1,1,1,1,1,0
3948942,1,1,1,1,1,1,0
3949105,1,1,1,1,1,1,0
3949368,1,1,1,1,0,0,1
3949653,1,1,1,1,1,1,0
3949766,1,1,1,1,1,1,0
3949809,1,1,1,1,1,1,0
3950336,1,1,1,1,1,1,0
3950378,1,0,0,0,0,0,1
3950569,1,1,1,1,1,1,0
3950632,1,1,1,0,0,1,1
3950725,1,1,1,1,1,1,0
3951036,1,1,1,1,1,1,0
3951150,1,1,1,1,1,1,0
3951480,1,1,1,1,1,1,0
3951505,1,1,1,1,1,1,0
3951545,1,1,1,1,1,1,0
3951830,1,1,1,1,1,1,0
3952160,1,1,1,1,1,1,0
3952185,1,1,1,1,1,1,0
3952204,1,1,1,1,1,1,0
3952221,1,1,1,1,1,1,0
3952626,1,1,1,1,1,1,0
3952839,1,1,1,1,0,0,0
3952885,1,1,1,1,1,1,0
3952928,1,1,1,1,1,1,0
3952944,1,1,1,1,1,1,0
3952989,1,1,1,1,1,1,0
3953298,1,1,1,1,1,1,0
3953677,1,1,1,1,1,1,0
3953681,1,1,1,1,1,1,0
3953696,1,1,1,1,1,1,0
3954050,1,1,1,1,1,1,0
3954068,1,1,1,1,1,1,0
3954380,1,1,1,1,1,1,0
3954425,1,1,1,1,1,1,0
3954776,1,1,1,1,1,1,0
3954870,1,1,1,1,1,1,0
3954985,1,1,1,1,1,1,0
3955105,1,1,1,1,1,1,0
3955124,1,1,1,1,1,1,0
3955428,1,1,1,1,1,1,0
3955546,1,1,1,1,1,1,0
3955637,1,1,1,1,1,1,0
3955949,1,1,1,1,1,1,0
3956108,1,1,1,1,1,1,0
3956178,1,1,1,1,1,1,0
3956392,1,1,1,1,1,1,0
3956677,1,1,1,1,1,1,0
3956908,1,1,1,1,1,1,0
3957196,1,1,1,1,1,1,0
3957405,1,1,1,1,1,1,0
3957429,1,1,1,1,1,1,0
3957446,1,1,1,1,1,1,0
3957608,1,1,1,1,1,1,0
3957920,1,1,1,1,1,1,0
3958081,1,1,1,1,1,1,0
3958316,1,1,1,1,1,1,0
3958509,1,1,1,1,1,1,0
3959148,1,1,1,1,1,1,0
3959341,1,1,1,1,0,0,1
3959812,1,0,0,0,0,0,1
3959907,1,1,1,1,0,0,0
3960596,1,1,1,1,1,1,0
3960715,1,1,1,1,1,1,0
3960757,1,1,1,0,0,1,1
3961355,1,0,0,0,0,0,1
3961589,1,1,1,1,1,1,0
3961633,0,0,0,0,0,0,1
3961868,1,1,1,1,1,1,0
3962011,1,1,1,1,1,1,0
3962580,1,1,1,1,1,1,0
3962699,1,1,1,1,1,1,0
3962813,1,1,1,1,1,1,0
3963312,1,1,1,1,1,1,0
3963336,1,1,1,1,1,1,0
3963475,1,1,1,1,1,1,0
3963541,1,1,1,1,1,1,0
3964044,1,1,1,1,1,1,0
3964110,1,1,1,1,0,0,1
3964176,1,1,1,1,1,1,0
3964179,1,1,1,1,1,1,0
3964361,1,1,1,1,1,1,0
3964840,1,1,1,1,1,1,0
3964859,1,1,1,1,1,1,0
3964876,1,1,1,1,1,1,0
3964878,1,1,1,1,1,1,0
3965157,1,1,1,1,1,1,0
3965536,1,1,1,1,1,1,0
3965558,1,1,1,1,1,1,0
3965560,1,1,1,1,1,1,0
3965837,1,1,1,1,1,1,0
3966171,1,1,1,1,0,0,1
3966188,1,1,1,1,1,1,0
3966236,1,1,1,1,1,1,0
3966302,1,1,1,1,1,1,0
3966421,1,1,1,0,0,1,0
3966844,1,1,1,1,1,1,0
3966889,1,1,1,1,1,1,0
3966912,1,1,1,1,1,1,0
3967003,1,1,1,1,1,1,0
3967121,1,1,1,1,1,1,0
3967138,1,1,1,1,1,1,0
3967564,1,1,1,1,1,1,0
3967708,1,1,1,1,1,1,0
3967751,1,1,1,1,1,1,0
3967938,1,1,1,1,1,1,0
3967961,1,1,1,1,1,1,0
3968288,1,1,1,1,1,1,0
3968407,1,1,1,1,1,1,0
3968452,1,1,1,1,1,1,0
3968641,1,1,1,1,1,1,0
3968754,1,1,1,1,1,1,0
3968965,1,1,1,0,0,1,1
3969104,1,1,1,1,1,1,0
3969108,1,1,1,1,1,1,0
3969293,1,1,1,1,1,1,0
3969478,1,1,1,1,1,1,0
3969665,1,1,1,1,1,1,0
3969804,1,1,1,1,1,1,0
3969876,1,1,1,1,1,1,0
3970089,1,1,1,1,1,1,0
3970178,1,1,1,1,1,1,0
3970461,1,1,1,1,1,1,0
3970480,1,1,1,1,1,1,0
3970672,1,1,1,1,1,1,0
3970834,1,1,1,1,1,1,0
3970929,1,1,1,1,1,1,0
3971137,1,1,1,1,1,1,0
3971252,1,1,1,1,1,1,0
3971348,1,1,1,1,1,1,0
3971606,1,1,1,1,1,1,0
3971609,1,1,1,1,1,1,0
3971933,1,1,1,1,1,1,0
3971976,1,1,1,1,1,1,0
3972120,1,1,1,1,1,1,0
3972306,1,1,1,1,1,1,0
3972329,1,1,1,1,1,1,0
3972681,1,1,1,1,1,1,0
3972844,1,1,1,1,1,1,0
3973034,1,1,1,1,1,1,0
3973153,1,1,1,1,1,1,0
3973505,1,1,1,1,1,1,0
3973524,1,1,1,1,1,1,0
3973762,1,1,1,1,1,1,0
3973857,1,1,1,1,1,1,0
3974209,1,1,1,1,1,1,0
3974212,1,1,1,1,1,1,0
3974565,1,1,1,1,1,1,0
3974628,1,1,1,1,1,1,0
3974889,1,1,1,1,1,1,0
3974892,1,1,1,1,1,1,0
3975360,1,1,1,1,1,1,0
3975365,1,1,1,1,1,1,0
3975451,1,1,1,1,0,0,0
3975616,1,1,1,1,1,1,0
3975657,1,1,1,1,1,1,0
3976060,1,1,1,1,1,1,0
3976085,1,1,1,1,1,1,0
3976175,1,1,1,1,1,1,0
3976340,1,1,1,1,1,1,0
3976453,1,1,1,1,1,1,0
3976856,1,1,1,1,1,1,0
3976859,1,1,1,1,1,1,0
3976877,1,1,1,1,1,1,0
3977112,1,1,1,1,1,1,0
3977608,1,1,1,1,1,1,0
3977613,1,1,1,1,1,1,0
3977964,1,1,1,1,1,1,0
3978297,1,1,1,1,1,1,0
3978432,1,1,1,1,0,0,1
3978960,1,1,1,1,0,0,1
3979216,1,1,1,1,1,1,0
3979888,1,1,1,1,1,1,0
3980048,1,1,1,1,1,1,0
3980265,1,1,1,1,1,1,0
3980692,1,1,1,1,1,1,0
3980804,1,1,1,1,0,0,1
3980850,1,1,1,1,0,0,0
3980969,1,1,1,1,1,1,0
3981443,1,1,1,0,0,1,1
3981444,1,1,1,1,1,1,0
3981504,1,1,1,1,1,1,0
3981697,1,1,1,1,1,1,0
3981714,1,1,1,1,1,1,0
3982167,1,1,1,1,1,1,0
3982212,1,1,1,1,1,1,0
3982276,1,1,1,1,1,1,0
3982445,1,1,1,1,1,1,0
3982895,1,1,1,1,1,1,0
3982916,1,1,1,1,1,1,0
3983004,1,1,1,1,1,1,0
3983197,1,1,1,1,1,1,0
3983549,1,1,1,0,0,1,0
3983643,1,1,1,1,1,1,0
3983664,1,1,1,1,1,1,0
3983973,1,1,1,1,1,1,0
3984253,1,1,1,1,1,1,0
3984296,1,1,1,1,1,1,0
3984343,1,1,1,1,1,1,0
3984556,1,1,1,1,1,1,0
3984697,1,1,1,1,1,1,0
3985000,1,1,1,1,1,1,0
3985001,1,1,1,1,1,1,0
3985043,1,0,0,0,0,0,1
3985328,1,1,1,1,1,1,0
3985637,1,1,1,1,1,1,0
3985725,1,1,1,1,1,1,0
3985771,1,1,1,1,1,1,0
3985860,1,1,1,1,1,1,0
3986052,1,1,1,1,1,1,0
3986429,1,1,1,1,1,1,0
3986431,1,1,1,1,1,1,0
3986540,1,1,1,1,1,1,0
3986732,1,1,1,1,1,1,0
3987229,1,1,1,1,1,1,0
3987231,1,1,1,1,1,1,0
3987364,1,1,1,1,1,1,0
3987508,1,1,1,1,1,1,0
3987959,1,1,1,1,1,1,0
3988096,1,1,1,1,1,1,0
3988264,1,1,1,1,1,1,0
3988739,1,1,1,1,1,1,0
3988782,1,1,1,0,0,0,0
3988896,1,1,1,1,1,1,0
3988968,1,1,1,1,1,1,0
3989491,1,1,1,1,1,1,0
3989510,1,1,1,1,1,1,0
3989576,1,1,1,1,1,1,0
3990246,1,1,1,1,1,1,0
3990312,1,1,1,1,1,1,0
3990316,1,1,1,1,1,1,0
3990355,1,1,1,1,1,1,0
3990996,1,1,1,1,1,1,0
3991162,1,1,1,1,1,1,0
3991208,1,1,1,1,1,1,0
3991395,1,1,1,1,1,1,0
3991868,1,1,1,0,0,1,1
3991916,1,1,1,1,1,1,0
3991958,1,1,1,1,1,1,0
3992099,1,1,1,1,1,1,0
3992694,1,1,1,1,1,1,0
3992716,1,1,1,1,1,1,0
3992717,1,1,1,1,0,0,0
3992756,0,0,0,0,0,0,1
3992799,1,1,1,1,1,1,0
3992888,1,0,0,0,0,0,1
3993440,1,1,1,1,1,1,0
3993557,1,1,1,1,1,1,0
3993596,1,1,1,1,1,1,0
3993715,1,1,1,1,1,1,0
3994216,1,1,1,1,1,1,0
3994304,1,1,1,1,1,1,0
3994305,1,1,1,0,0,1,0
3994325,1,1,1,1,1,1,0
3994391,1,1,1,1,1,1,0
3994435,0,0,0,0,0,0,1
3994936,1,1,1,1,1,1,0
3995048,1,1,1,1,1,1,0
3995053,1,1,1,1,1,1,0
3995065,1,1,1,1,1,1,0
3995255,1,1,1,1,1,1,0
3995612,1,1,1,1,1,1,0
3995753,1,1,1,1,1,1,0
3995768,1,1,1,1,1,1,0
3996320,1,1,1,1,1,1,0
3996435,1,1,1,1,1,1,0
3996452,1,1,1,1,1,1,0
3997195,1,1,1,1,1,1,0
3997212,1,1,1,1,1,1,0
3997952,1,1,1,1,1,1,0
3998024,1,1,1,1,1,1,0
3998547,1,1,1,1,1,1,0
3998660,1,1,1,1,1,1,0
3999355,1,1,1,1,1,1,0
3999420,1,1,1,1,1,1,0
3999444,1,1,1,1,1,1,0
3999774,1,1,1,0,0,1,0
4000011,1,1,1,1,1,1,0
