step,picked,placed_v2,farside,slide_event,home,nested_v2,tipped
4396,0,0,0,0,0,0,1
5397,0,0,0,0,0,0,1
7192,0,0,0,0,0,0,0
7194,0,0,0,0,0,0,0
7195,0,0,0,0,0,0,0
7197,0,0,0,0,0,0,0
11596,0,0,0,0,0,0,0
12597,0,0,0,0,0,0,0
14392,0,0,0,0,0,0,0
14394,0,0,0,0,0,0,0
14395,0,0,0,0,0,0,0
14397,0,0,0,0,0,0,0
18796,0,0,0,0,0,0,0
19797,0,0,0,0,0,0,0
21592,0,0,0,0,0,0,0
21594,0,0,0,0,0,0,0
21595,0,0,0,0,0,0,0
21597,0,0,0,0,0,0,0
23064,0,0,0,0,0,0,1
25992,0,0,0,0,0,0,0
26993,0,0,0,0,0,0,0
27301,0,0,0,0,0,0,1
28786,0,0,0,0,0,0,0
28787,0,0,0,0,0,0,0
28789,0,0,0,0,0,0,0
30260,0,0,0,0,0,0,0
32445,1,0,0,0,0,0,1
33184,0,0,0,0,0,0,0
34497,0,0,0,0,0,0,0
35982,0,0,0,0,0,0,0
35983,0,0,0,0,0,0,0
37460,0,0,0,0,0,0,0
39645,0,0,0,0,0,0,0
40384,0,0,0,0,0,0,0
41530,0,0,0,0,0,0,1
41693,0,0,0,0,0,0,0
43179,0,0,0,0,0,0,0
43894,0,0,0,0,0,0,1
44611,0,0,0,0,0,0,1
44652,0,0,0,0,0,0,0
44989,0,0,0,0,0,0,1
47576,0,0,0,0,0,0,0
48889,0,0,0,0,0,0,0
51094,0,0,0,0,0,0,0
51811,0,0,0,0,0,0,0
51852,0,0,0,0,0,0,0
52189,0,0,0,0,0,0,0
54776,0,0,0,0,0,0,0
56089,0,0,0,0,0,0,0
58294,0,0,0,0,0,0,0
59011,0,0,0,0,0,0,0
59052,0,0,0,0,0,0,0
59389,0,0,0,0,0,0,0
61976,0,0,0,0,0,0,0
63289,0,0,0,0,0,0,0
65494,0,0,0,0,0,0,0
66211,0,0,0,0,0,0,0
66252,0,0,0,0,0,0,0
66589,0,0,0,0,0,0,0
69176,0,0,0,0,0,0,0
70489,0,0,0,0,0,0,0
72694,0,0,0,0,0,0,0
73411,0,0,0,0,0,0,0
73452,0,0,0,0,0,0,0
73455,0,0,0,0,0,0,1
73785,0,0,0,0,0,0,0
76372,0,0,0,0,0,0,0
77160,0,0,0,0,0,0,1
77681,0,0,0,0,0,0,0
79886,0,0,0,0,0,0,0
80648,0,0,0,0,0,0,0
80651,0,0,0,0,0,0,0
80981,0,0,0,0,0,0,0
84360,0,0,0,0,0,0,0
84881,0,0,0,0,0,0,0
85144,1,0,0,0,0,0,1
87082,1,0,0,0,0,0,0
87844,0,0,0,0,0,0,0
87847,0,0,0,0,0,0,0
88177,0,0,0,0,0,0,0
92081,0,0,0,0,0,0,0
92344,0,0,0,0,0,0,0
94282,1,0,0,0,0,0,0
95044,0,0,0,0,0,0,0
95047,0,0,0,0,0,0,0
95377,0,0,0,0,0,0,0
99281,0,0,0,0,0,0,0
99544,0,0,0,0,0,0,0
99588,0,0,0,0,0,0,1
101478,0,0,0,0,0,0,0
102240,0,0,0,0,0,0,0
102243,0,0,0,0,0,0,0
102573,0,0,0,0,0,0,0
106477,0,0,0,0,0,0,0
106788,0,0,0,0,0,0,0
108678,1,0,0,0,0,0,0
109440,0,0,0,0,0,0,0
109443,0,0,0,0,0,0,0
109773,0,0,0,0,0,0,0
113677,0,0,0,0,0,0,0
113988,0,0,0,0,0,0,0
115878,0,0,0,0,0,0,0
116640,0,0,0,0,0,0,0
116643,0,0,0,0,0,0,0
116973,0,0,0,0,0,0,0
118524,1,0,0,0,0,0,1
119579,0,0,0,0,0,0,1
120869,0,0,0,0,0,0,0
121180,0,0,0,0,0,0,0
123070,0,0,0,0,0,0,0
124173,0,0,0,0,0,0,0
125724,0,0,0,0,0,0,0
126779,0,0,0,0,0,0,0
128069,0,0,0,0,0,0,0
128380,0,0,0,0,0,0,0
130270,0,0,0,0,0,0,0
131373,0,0,0,0,0,0,0
131846,0,0,0,0,0,0,1
132920,0,0,0,0,0,0,0
133975,0,0,0,0,0,0,0
135265,0,0,0,0,0,0,0
135576,0,0,0,0,0,0,0
138573,0,0,0,0,0,0,0
139046,0,0,0,0,0,0,0
140120,0,0,0,0,0,0,0
141175,0,0,0,0,0,0,0
142465,0,0,0,0,0,0,0
142776,0,0,0,0,0,0,0
145773,0,0,0,0,0,0,0
146246,0,0,0,0,0,0,0
147320,0,0,0,0,0,0,0
148375,0,0,0,0,0,0,0
149665,1,0,0,0,0,0,0
149976,0,0,0,0,0,0,0
152973,0,0,0,0,0,0,0
153446,0,0,0,0,0,0,0
154520,0,0,0,0,0,0,0
155575,0,0,0,0,0,0,0
156865,0,0,0,0,0,0,0
157176,0,0,0,0,0,0,0
160149,0,0,0,0,0,0,1
160646,0,0,0,0,0,0,0
161720,0,0,0,0,0,0,0
162775,0,0,0,0,0,0,0
163562,0,0,0,0,0,0,1
164061,0,0,0,0,0,0,0
164372,0,0,0,0,0,0,0
165735,1,0,0,0,0,0,1
166497,1,0,0,0,0,0,1
167337,0,0,0,0,0,0,0
168624,0,0,0,0,0,0,1
170758,0,0,0,0,0,0,0
171572,0,0,0,0,0,0,0
172935,0,0,0,0,0,0,0
173697,0,0,0,0,0,0,0
174537,0,0,0,0,0,0,0
175824,0,0,0,0,0,0,0
177958,0,0,0,0,0,0,0
178772,0,0,0,0,0,0,0
179824,0,0,0,0,0,0,1
180131,0,0,0,0,0,0,0
180752,0,0,0,0,0,0,1
180889,0,0,0,0,0,0,0
181729,1,0,0,0,0,0,0
183016,0,0,0,0,0,0,0
183927,1,0,0,0,0,0,1
184784,1,0,0,0,0,0,1
185142,0,0,0,0,0,0,0
186434,1,0,0,0,0,0,1
187535,0,0,0,0,0,0,1
187940,0,0,0,0,0,0,0
188077,0,0,0,0,0,0,0
188917,0,0,0,0,0,0,0
189608,0,0,0,0,0,0,1
189989,1,0,0,0,0,0,1
191972,0,0,0,0,0,0,0
193051,0,0,0,0,0,0,1
193548,1,0,0,0,0,0,1
193618,0,0,0,0,0,0,0
195269,0,0,0,0,0,0,0
196804,0,0,0,0,0,0,0
197185,0,0,0,0,0,0,0
200251,0,0,0,0,0,0,0
200748,0,0,0,0,0,0,0
200818,0,0,0,0,0,0,0
202447,1,0,0,0,0,0,1
202465,0,0,0,0,0,0,0
204000,0,0,0,0,0,0,0
204381,0,0,0,0,0,0,0
204425,0,0,0,0,0,0,1
205834,0,0,0,0,0,0,1
207297,1,0,0,0,0,0,1
207936,0,0,0,0,0,0,0
209639,0,0,0,0,0,0,0
209657,0,0,0,0,0,0,0
211192,0,0,0,0,0,0,0
213034,0,0,0,0,0,0,0
214013,1,0,0,0,0,0,1
214493,0,0,0,0,0,0,0
215132,0,0,0,0,0,0,0
216835,0,0,0,0,0,0,0
217142,0,0,0,0,0,0,1
218388,0,0,0,0,0,0,0
221213,0,0,0,0,0,0,0
221693,1,0,0,0,0,0,0
222332,0,0,0,0,0,0,0
223121,0,0,0,0,0,0,1
224031,0,0,0,0,0,0,0
224338,0,0,0,0,0,0,0
225584,0,0,0,0,0,0,0
228893,0,0,0,0,0,0,0
229532,0,0,0,0,0,0,0
230321,0,0,0,0,0,0,0
231231,0,0,0,0,0,0,0
231538,0,0,0,0,0,0,0
232784,0,0,0,0,0,0,0
236093,0,0,0,0,0,0,0
236732,0,0,0,0,0,0,0
237521,0,0,0,0,0,0,0
238431,0,0,0,0,0,0,0
238448,1,0,0,0,0,0,1
238734,0,0,0,0,0,0,0
239980,0,0,0,0,0,0,0
240789,1,0,0,0,0,0,1
243285,0,0,0,0,0,0,0
244812,0,0,0,0,0,0,1
245243,0,0,0,0,0,0,1
245934,0,0,0,0,0,0,0
246532,0,0,0,0,0,0,1
247293,0,0,0,0,0,0,1
249211,1,0,0,0,0,0,1
249541,1,0,0,0,0,0,1
250477,0,0,0,0,0,0,0
252004,0,0,0,0,0,0,0
252793,1,0,0,0,0,0,1
252837,0,0,0,0,0,0,1
252840,1,0,0,0,0,0,1
252929,1,0,0,0,0,0,1
253114,0,0,0,0,0,0,0
253231,0,0,0,0,0,0,1
254760,1,0,0,0,0,0,1
255000,0,0,0,0,0,0,1
256936,1,0,0,0,0,0,1
257225,0,0,0,0,0,0,1
257556,1,0,0,0,0,0,1
258728,0,0,0,0,0,0,1
258773,1,0,0,0,0,0,1
259441,0,0,0,0,0,0,1
260009,0,0,0,0,0,0,0
260294,0,0,0,0,0,0,0
260411,0,0,0,0,0,0,0
261102,0,0,0,0,0,0,1
262469,0,0,0,0,0,0,1
262773,0,0,0,0,0,0,1
263083,1,0,0,0,0,0,1
264108,0,0,0,0,0,0,0
265069,0,0,0,0,0,0,1
265108,0,0,0,0,0,0,1
265900,0,0,0,0,0,0,0
267670,0,0,0,0,0,0,1
267714,0,0,0,0,0,0,1
268720,0,0,0,0,0,0,1
269961,0,0,0,0,0,0,0
270271,0,0,0,0,0,0,0
271154,0,0,0,0,0,0,1
271268,1,0,0,0,0,0,1
272253,0,0,0,0,0,0,0
275920,0,0,0,0,0,0,0
277161,0,0,0,0,0,0,0
277471,0,0,0,0,0,0,0
278354,0,0,0,0,0,0,0
278468,0,0,0,0,0,0,0
278489,0,0,0,0,0,0,1
279449,0,0,0,0,0,0,0
279515,0,0,0,0,0,0,1
283112,0,0,0,0,0,0,0
285554,0,0,0,0,0,0,0
285668,0,0,0,0,0,0,0
285689,0,0,0,0,0,0,0
286649,0,0,0,0,0,0,0
286715,0,0,0,0,0,0,0
287985,1,0,0,0,0,0,1
288552,1,0,0,0,0,0,1
290304,0,0,0,0,0,0,0
292746,0,0,0,0,0,0,0
292885,0,0,0,0,0,0,0
293915,0,0,0,0,0,0,0
294460,0,0,0,0,0,0,1
294914,1,0,0,0,0,0,1
295177,0,0,0,0,0,0,0
296685,0,0,0,0,0,0,1
296702,1,0,0,0,0,0,1
297492,0,0,0,0,0,0,0
298302,0,0,0,0,0,0,1
300073,0,0,0,0,0,0,0
301103,0,0,0,0,0,0,0
301648,0,0,0,0,0,0,0
302847,0,0,0,0,0,0,1
303877,0,0,0,0,0,0,0
304688,0,0,0,0,0,0,0
305498,0,0,0,0,0,0,0
307269,0,0,0,0,0,0,0
307532,1,0,0,0,0,0,1
308844,0,0,0,0,0,0,0
310043,0,0,0,0,0,0,0
311073,0,0,0,0,0,0,0
311520,0,0,0,0,0,0,1
312694,0,0,0,0,0,0,0
314465,0,0,0,0,0,0,0
314728,0,0,0,0,0,0,0
317243,0,0,0,0,0,0,0
318273,0,0,0,0,0,0,0
318720,0,0,0,0,0,0,0
319894,0,0,0,0,0,0,0
320008,0,0,0,0,0,0,1
321661,0,0,0,0,0,0,0
321924,0,0,0,0,0,0,0
323981,1,0,0,0,0,0,1
324435,0,0,0,0,0,0,0
325465,0,0,0,0,0,0,0
326080,0,0,0,0,0,0,1
326317,0,0,0,0,0,0,1
326820,0,0,0,0,0,0,1
327078,0,0,0,0,0,0,0
327557,0,0,0,0,0,0,1
327576,0,0,0,0,0,0,1
331554,0,0,0,0,0,0,1
331623,0,0,0,0,0,0,0
332409,0,0,0,0,0,0,1
333004,0,0,0,0,0,0,1
334757,0,0,0,0,0,0,0
334776,0,0,0,0,0,0,0
335636,0,0,0,0,0,0,1
338750,0,0,0,0,0,0,0
338819,0,0,0,0,0,0,0
339605,0,0,0,0,0,0,0
340200,0,0,0,0,0,0,0
340415,0,0,0,0,0,0,1
341949,0,0,0,0,0,0,0
342832,0,0,0,0,0,0,0
345946,0,0,0,0,0,0,0
346805,0,0,0,0,0,0,0
347400,0,0,0,0,0,0,0
347615,0,0,0,0,0,0,0
349075,0,0,0,0,0,0,1
349145,1,0,0,0,0,0,0
350028,1,0,0,0,0,0,0
350477,0,0,0,0,0,0,1
352252,1,0,0,0,0,0,1
352292,1,0,0,0,0,0,1
352580,0,0,0,0,0,0,1
353126,0,0,0,0,0,0,0
353195,0,0,0,0,0,0,1
353863,0,0,0,0,0,0,1
354002,0,0,0,0,0,0,1
356329,0,0,0,0,0,0,0
356347,0,0,0,0,0,0,1
356534,0,0,0,0,0,0,1
357323,0,0,0,0,0,0,1
357653,0,0,0,0,0,0,0
359472,0,0,0,0,0,0,0
359760,1,0,0,0,0,0,0
360908,0,0,0,0,0,0,1
362796,1,0,0,0,0,0,1
363517,0,0,0,0,0,0,0
363726,0,0,0,0,0,0,0
364515,0,0,0,0,0,0,0
364845,0,0,0,0,0,0,0
365538,0,0,0,0,0,0,1
366061,0,0,0,0,0,0,1
367451,0,0,0,0,0,0,1
367470,0,0,0,0,0,0,1
368092,0,0,0,0,0,0,0
369646,0,0,0,0,0,0,1
369976,0,0,0,0,0,0,0
370697,0,0,0,0,0,0,0
371962,0,0,0,0,0,0,1
372846,0,0,0,0,0,0,1
373249,0,0,0,0,0,0,0
374639,0,0,0,0,0,0,0
375284,0,0,0,0,0,0,0
377172,0,0,0,0,0,0,0
377893,0,0,0,0,0,0,0
378031,1,0,0,0,0,0,1
379036,0,0,0,0,0,0,1
379221,0,0,0,0,0,0,1
380034,0,0,0,0,0,0,0
380149,0,0,0,0,0,0,1
380269,0,0,0,0,0,0,1
380622,0,0,0,0,0,0,1
382469,1,0,0,0,0,0,1
382513,0,0,0,0,0,0,1
383661,0,0,0,0,0,0,1
384348,0,0,0,0,0,0,0
385211,0,0,0,0,0,0,0
385903,0,0,0,0,0,0,1
386021,1,0,0,0,0,0,1
386208,0,0,0,0,0,0,0
386491,0,0,0,0,0,0,1
387325,0,0,0,0,0,0,0
387420,0,0,0,0,0,0,1
387421,1,0,0,0,0,0,1
387794,0,0,0,0,0,0,0
388801,1,0,0,0,0,0,1
389060,1,0,0,0,0,0,1
391409,1,0,0,0,0,0,1
391520,0,0,0,0,0,0,0
393679,0,0,0,0,0,0,0
394513,0,0,0,0,0,0,0
394990,0,0,0,0,0,0,0
396260,0,0,0,0,0,0,0
398609,0,0,0,0,0,0,0
398720,0,0,0,0,0,0,0
398721,1,0,0,0,0,0,1
399530,0,0,0,0,0,0,1
399574,0,0,0,0,0,0,1
400481,1,0,0,0,0,0,1
400863,0,0,0,0,0,0,0
402393,1,0,0,0,0,0,1
402657,0,0,0,0,0,0,1
403444,0,0,0,0,0,0,0
404207,0,0,0,0,0,0,1
405426,1,0,0,0,0,0,1
405900,0,0,0,0,0,0,0
408276,0,0,0,0,0,0,1
409589,0,0,0,0,0,0,0
409853,0,0,0,0,0,0,0
411407,0,0,0,0,0,0,0
412216,0,0,0,0,0,0,1
412622,0,0,0,0,0,0,0
415476,0,0,0,0,0,0,0
416165,0,0,0,0,0,0,1
416280,0,0,0,0,0,0,1
417049,0,0,0,0,0,0,0
417426,0,0,0,0,0,0,1
417427,0,0,0,0,0,0,1
417467,0,0,0,0,0,0,1
419025,0,0,0,0,0,0,1
422668,0,0,0,0,0,0,0
423357,0,0,0,0,0,0,0
423472,0,0,0,0,0,0,0
424213,0,0,0,0,0,0,1
424594,0,0,0,0,0,0,1
424663,0,0,0,0,0,0,0
424969,0,0,0,0,0,0,1
425709,0,0,0,0,0,0,1
425947,0,0,0,0,0,0,1
426209,0,0,0,0,0,0,0
426465,0,0,0,0,0,0,1
426775,0,0,0,0,0,0,1
427013,0,0,0,0,0,0,1
427221,0,0,0,0,0,0,1
427339,0,0,0,0,0,0,1
427789,0,0,0,0,0,0,1
427861,0,0,0,0,0,0,1
428841,0,0,0,0,0,0,1
429533,0,0,0,0,0,0,1
429816,0,0,0,0,0,0,0
429929,0,0,0,0,0,0,1
430193,0,0,0,0,0,0,1
430521,0,0,0,0,0,0,1
430612,0,0,0,0,0,0,0
430685,0,0,0,0,0,0,1
431180,0,0,0,0,0,0,1
431730,0,0,0,0,0,0,0
431774,0,0,0,0,0,0,1
432970,0,0,0,0,0,0,1
433183,0,0,0,0,0,0,1
436034,0,0,0,0,0,0,1
436992,0,0,0,0,0,0,0
437705,0,0,0,0,0,0,0
437873,0,0,0,0,0,0,0
438368,0,0,0,0,0,0,0
439088,0,0,0,0,0,0,1
439589,1,0,0,0,0,0,1
440375,0,0,0,0,0,0,0
441092,1,0,0,0,0,0,1
441326,0,0,0,0,0,0,1
441636,0,0,0,0,0,0,1
441680,0,0,0,0,0,0,1
442636,0,0,0,0,0,0,1
443664,0,0,0,0,0,0,1
444881,0,0,0,0,0,0,0
445548,0,0,0,0,0,0,0
445592,0,0,0,0,0,0,1
446769,0,0,0,0,0,0,0
447555,0,0,0,0,0,0,0
448510,0,0,0,0,0,0,0
449923,0,0,0,0,0,0,1
450856,0,0,0,0,0,0,0
451596,0,0,0,0,0,0,1
452069,0,0,0,0,0,0,0
452784,0,0,0,0,0,0,0
453961,0,0,0,0,0,0,0
455706,0,0,0,0,0,0,0
457119,0,0,0,0,0,0,0
458796,0,0,0,0,0,0,0
459269,0,0,0,0,0,0,0
459984,0,0,0,0,0,0,0
461161,0,0,0,0,0,0,0
462906,0,0,0,0,0,0,0
464319,0,0,0,0,0,0,0
465996,0,0,0,0,0,0,0
466469,0,0,0,0,0,0,0
467184,0,0,0,0,0,0,0
468361,0,0,0,0,0,0,0
470106,0,0,0,0,0,0,0
471519,0,0,0,0,0,0,0
473196,0,0,0,0,0,0,0
473669,0,0,0,0,0,0,0
474384,0,0,0,0,0,0,0
475561,0,0,0,0,0,0,0
475721,0,0,0,0,0,0,1
477302,0,0,0,0,0,0,0
478715,0,0,0,0,0,0,0
480392,0,0,0,0,0,0,0
481250,1,0,0,0,0,0,1
481294,0,0,0,0,0,0,1
481576,0,0,0,0,0,0,0
482753,0,0,0,0,0,0,0
482913,0,0,0,0,0,0,0
484444,1,0,0,0,0,0,1
485549,1,0,0,0,0,0,1
485903,0,0,0,0,0,0,0
486834,0,0,0,0,0,0,1
487576,0,0,0,0,0,0,0
489659,1,0,0,0,0,0,1
490038,0,0,0,0,0,0,1
490105,0,0,0,0,0,0,0
491636,0,0,0,0,0,0,0
492741,0,0,0,0,0,0,0
494412,1,0,0,0,0,0,1
494772,0,0,0,0,0,0,0
496855,0,0,0,0,0,0,0
496968,0,0,0,0,0,0,1
496973,1,0,0,0,0,0,1
497226,0,0,0,0,0,0,0
497293,0,0,0,0,0,0,0
501923,1,0,0,0,0,0,1
501968,0,0,0,0,0,0,0
503668,0,0,0,0,0,0,1
504164,0,0,0,0,0,0,0
504169,0,0,0,0,0,0,0
504422,0,0,0,0,0,0,0
504489,0,0,0,0,0,0,0
507462,0,0,0,0,0,0,1
509115,0,0,0,0,0,0,0
510864,0,0,0,0,0,0,0
510880,0,0,0,0,0,0,1
511361,0,0,0,0,0,0,0
511689,0,0,0,0,0,0,0
513128,0,0,0,0,0,0,1
513578,1,0,0,0,0,0,1
513596,0,0,0,0,0,0,1
515802,0,0,0,0,0,0,1
516180,0,0,0,0,0,0,1
516299,0,0,0,0,0,0,0
516417,1,0,0,0,0,0,1
518881,0,0,0,0,0,0,0
519310,0,0,0,0,0,0,1
519833,0,0,0,0,0,0,1
520312,0,0,0,0,0,0,0
523376,0,0,0,0,0,0,0
523495,0,0,0,0,0,0,0
523613,0,0,0,0,0,0,0
526510,0,0,0,0,0,0,0
527033,0,0,0,0,0,0,0
527512,0,0,0,0,0,0,0
528251,0,0,0,0,0,0,1
528653,0,0,0,0,0,0,1
529010,0,0,0,0,0,0,1
529988,0,0,0,0,0,0,1
529991,0,0,0,0,0,0,1
530801,0,0,0,0,0,0,0
531392,0,0,0,0,0,0,1
534704,0,0,0,0,0,0,0
534845,0,0,0,0,0,0,1
535484,0,0,0,0,0,0,1
535508,0,0,0,0,0,0,1
535837,0,0,0,0,0,0,0
536194,0,0,0,0,0,0,0
537175,0,0,0,0,0,0,0
542045,0,0,0,0,0,0,0
542684,0,0,0,0,0,0,0
542708,0,0,0,0,0,0,0
543037,0,0,0,0,0,0,0
543394,0,0,0,0,0,0,0
543438,0,0,0,0,0,0,1
543701,1,0,0,0,0,0,1
544172,1,0,0,0,0,0,1
544363,0,0,0,0,0,0,0
544624,1,0,0,0,0,0,1
550233,0,0,0,0,0,0,0
550638,0,0,0,0,0,0,0
550901,0,0,0,0,0,0,0
551372,0,0,0,0,0,0,0
551563,0,0,0,0,0,0,0
551824,0,0,0,0,0,0,0
552536,0,0,0,0,0,0,1
557429,0,0,0,0,0,0,0
557834,0,0,0,0,0,0,0
558097,0,0,0,0,0,0,0
558763,0,0,0,0,0,0,0
559024,0,0,0,0,0,0,0
559736,0,0,0,0,0,0,0
564629,0,0,0,0,0,0,0
565034,0,0,0,0,0,0,0
565297,0,0,0,0,0,0,0
565963,0,0,0,0,0,0,0
566224,0,0,0,0,0,0,0
566936,0,0,0,0,0,0,0
567054,0,0,0,0,0,0,1
570364,0,0,0,0,0,0,1
571821,0,0,0,0,0,0,0
572493,0,0,0,0,0,0,0
573159,0,0,0,0,0,0,0
574136,0,0,0,0,0,0,0
574254,0,0,0,0,0,0,0
577564,0,0,0,0,0,0,0
579021,0,0,0,0,0,0,0
579693,0,0,0,0,0,0,0
580359,0,0,0,0,0,0,0
581336,0,0,0,0,0,0,0
581454,0,0,0,0,0,0,0
584764,0,0,0,0,0,0,0
586221,0,0,0,0,0,0,0
586893,0,0,0,0,0,0,0
587559,0,0,0,0,0,0,0
588536,0,0,0,0,0,0,0
588654,0,0,0,0,0,0,0
591964,0,0,0,0,0,0,0
593421,0,0,0,0,0,0,0
594093,0,0,0,0,0,0,0
594759,0,0,0,0,0,0,0
595736,0,0,0,0,0,0,0
595780,0,0,0,0,0,0,1
595850,0,0,0,0,0,0,0
597284,0,0,0,0,0,0,1
599156,0,0,0,0,0,0,0
600613,0,0,0,0,0,0,0
601285,0,0,0,0,0,0,0
601951,0,0,0,0,0,0,0
603050,0,0,0,0,0,0,0
603068,1,1,1,1,0,0,1
606356,0,0,0,0,0,0,0
607813,0,0,0,0,0,0,0
608485,0,0,0,0,0,0,0
609151,0,0,0,0,0,0,0
610250,1,1,0,0,0,0,0
610268,0,0,0,0,0,0,0
611490,0,0,0,0,0,0,1
613552,1,1,1,0,0,0,0
615009,0,0,0,0,0,0,0
615681,0,0,0,0,0,0,0
616347,0,0,0,0,0,0,0
616605,0,0,0,0,0,0,1
617464,0,0,0,0,0,0,0
618229,0,0,0,0,0,0,1
618682,0,0,0,0,0,0,0
620382,0,0,0,0,0,0,1
620740,0,0,0,0,0,0,0
622873,0,0,0,0,0,0,0
623492,0,0,0,0,0,0,1
623535,0,0,0,0,0,0,0
624656,0,0,0,0,0,0,0
625421,0,0,0,0,0,0,0
627576,1,0,0,0,0,0,1
627578,0,0,0,0,0,0,0
630069,0,0,0,0,0,0,0
630688,0,0,0,0,0,0,0
630731,0,0,0,0,0,0,0
632190,1,0,0,0,0,0,1
632617,0,0,0,0,0,0,0
634772,0,0,0,0,0,0,0
634985,0,0,0,0,0,0,1
637189,0,0,0,0,0,0,1
637261,0,0,0,0,0,0,0
637880,0,0,0,0,0,0,0
637923,0,0,0,0,0,0,0
638109,0,0,0,0,0,0,1
639378,0,0,0,0,0,0,0
639641,1,0,0,0,0,0,1
641219,0,0,0,0,0,0,1
641956,0,0,0,0,0,0,0
642097,0,0,0,0,0,0,1
645072,0,0,0,0,0,0,0
645425,0,0,0,0,0,0,1
646142,1,0,0,0,0,0,1
646837,0,0,0,0,0,0,0
648030,0,0,0,0,0,0,1
648411,0,0,0,0,0,0,0
649148,0,0,0,0,0,0,0
651811,0,0,0,0,0,0,1
652264,0,0,0,0,0,0,0
652617,0,0,0,0,0,0,0
654033,0,0,0,0,0,0,0
655226,0,0,0,0,0,0,0
655825,1,0,0,0,0,0,1
656344,0,0,0,0,0,0,0
659007,0,0,0,0,0,0,0
659460,0,0,0,0,0,0,0
659813,0,0,0,0,0,0,0
659857,0,0,0,0,0,0,1
662422,0,0,0,0,0,0,0
663021,0,0,0,0,0,0,0
663540,0,0,0,0,0,0,0
663589,0,0,0,0,0,0,1
666199,0,0,0,0,0,0,0
666652,0,0,0,0,0,0,0
667053,0,0,0,0,0,0,0
669618,0,0,0,0,0,0,0
670740,0,0,0,0,0,0,0
670789,0,0,0,0,0,0,0
673399,0,0,0,0,0,0,0
673852,0,0,0,0,0,0,0
674253,0,0,0,0,0,0,0
674754,0,0,0,0,0,0,1
675231,0,0,0,0,0,0,1
675275,0,0,0,0,0,0,1
677932,0,0,0,0,0,0,0
677981,0,0,0,0,0,0,0
679941,0,0,0,0,0,0,1
680248,0,0,0,0,0,0,1
681040,0,0,0,0,0,0,0
681946,0,0,0,0,0,0,0
682471,0,0,0,0,0,0,0
682561,0,0,0,0,0,0,1
685177,0,0,0,0,0,0,0
687448,0,0,0,0,0,0,0
688240,0,0,0,0,0,0,0
688597,1,0,0,0,0,0,1
689142,0,0,0,0,0,0,0
689667,0,0,0,0,0,0,0
689757,0,0,0,0,0,0,0
690304,1,0,0,0,0,0,1
691166,0,0,0,0,0,0,1
691616,0,0,0,0,0,0,1
692047,1,0,0,0,0,0,1
695428,0,0,0,0,0,0,0
695785,0,0,0,0,0,0,0
696953,0,0,0,0,0,0,0
698366,0,0,0,0,0,0,0
698816,0,0,0,0,0,0,0
699247,0,0,0,0,0,0,0
702628,0,0,0,0,0,0,0
702985,0,0,0,0,0,0,0
704153,0,0,0,0,0,0,0
705566,0,0,0,0,0,0,0
706016,0,0,0,0,0,0,0
706447,0,0,0,0,0,0,0
709828,0,0,0,0,0,0,0
710185,0,0,0,0,0,0,0
711353,0,0,0,0,0,0,0
711688,0,0,0,0,0,0,1
711777,0,0,0,0,0,0,1
712280,0,0,0,0,0,0,1
712754,0,0,0,0,0,0,0
713204,0,0,0,0,0,0,0
713635,0,0,0,0,0,0,0
717377,0,0,0,0,0,0,0
718977,0,0,0,0,0,0,0
719480,0,0,0,0,0,0,0
719954,0,0,0,0,0,0,0
720404,0,0,0,0,0,0,0
720620,0,0,0,0,0,0,1
720831,0,0,0,0,0,0,0
721763,0,0,0,0,0,0,1
724569,0,0,0,0,0,0,0
726169,0,0,0,0,0,0,0
727150,0,0,0,0,0,0,0
727600,0,0,0,0,0,0,0
727816,0,0,0,0,0,0,0
727906,0,0,0,0,0,0,1
727973,0,0,0,0,0,0,1
728040,0,0,0,0,0,0,1
728951,0,0,0,0,0,0,0
729739,0,0,0,0,0,0,1
729881,0,0,0,0,0,0,1
730113,0,0,0,0,0,0,1
730276,0,0,0,0,0,0,1
730897,0,0,0,0,0,0,1
731060,0,0,0,0,0,0,1
731920,0,0,0,0,0,0,1
734992,0,0,0,0,0,0,0
735082,0,0,0,0,0,0,0
736520,0,0,0,0,0,0,1
736923,0,0,0,0,0,0,0
737065,0,0,0,0,0,0,0
737973,0,0,0,0,0,0,1
738085,0,0,0,0,0,0,0
738901,0,0,0,0,0,0,1
738945,0,0,0,0,0,0,1
738989,0,0,0,0,0,0,1
739100,0,0,0,0,0,0,0
739412,0,0,0,0,0,0,1
740153,0,0,0,0,0,0,1
742069,1,0,0,0,0,0,1
742254,0,0,0,0,0,0,0
742733,0,0,0,0,0,0,1
742894,0,0,0,0,0,0,1
744091,0,0,0,0,0,0,0
745261,0,0,0,0,0,0,0
746288,0,0,0,0,0,0,0
746600,0,0,0,0,0,0,0
748416,0,0,0,0,0,0,1
749929,0,0,0,0,0,0,0
750090,0,0,0,0,0,0,0
751287,0,0,0,0,0,0,0
751309,0,0,0,0,0,0,1
751327,0,0,0,0,0,0,1
752449,0,0,0,0,0,0,0
753792,0,0,0,0,0,0,0
755608,0,0,0,0,0,0,0
757286,0,0,0,0,0,0,0
758509,0,0,0,0,0,0,0
758527,0,0,0,0,0,0,0
759173,0,0,0,0,0,0,1
759645,0,0,0,0,0,0,0
759813,0,0,0,0,0,0,1
760984,0,0,0,0,0,0,0
761193,0,0,0,0,0,0,1
761454,0,0,0,0,0,0,1
762792,0,0,0,0,0,0,0
762933,0,0,0,0,0,0,1
763288,0,0,0,0,0,0,1
765711,0,0,0,0,0,0,0
767005,0,0,0,0,0,0,0
768176,0,0,0,0,0,0,0
768650,0,0,0,0,0,0,0
770133,0,0,0,0,0,0,0
770488,0,0,0,0,0,0,0
771876,0,0,0,0,0,0,1
772907,0,0,0,0,0,0,0
774201,0,0,0,0,0,0,0
775372,0,0,0,0,0,0,0
775846,0,0,0,0,0,0,0
775865,0,0,0,0,0,0,1
778262,0,0,0,0,0,0,1
779072,0,0,0,0,0,0,0
779574,0,0,0,0,0,0,1
780099,0,0,0,0,0,0,0
781393,0,0,0,0,0,0,0
782564,0,0,0,0,0,0,0
783061,0,0,0,0,0,0,0
786224,0,0,0,0,0,0,1
786774,0,0,0,0,0,0,0
787299,0,0,0,0,0,0,0
788113,1,0,0,0,0,0,1
789764,0,0,0,0,0,0,0
790261,0,0,0,0,0,0,0
790496,0,0,0,0,0,0,1
793974,0,0,0,0,0,0,0
794499,0,0,0,0,0,0,0
795313,0,0,0,0,0,0,0
796794,0,0,0,0,0,0,1
796960,0,0,0,0,0,0,0
797457,0,0,0,0,0,0,0
797692,0,0,0,0,0,0,0
801699,0,0,0,0,0,0,0
802513,0,0,0,0,0,0,0
803994,0,0,0,0,0,0,0
804160,0,0,0,0,0,0,0
804657,1,1,0,0,0,0,0
804822,0,0,0,0,0,0,1
804825,0,0,0,0,0,0,1
804884,0,0,0,0,0,0,0
805912,0,0,0,0,0,0,1
805982,1,0,0,0,0,0,1
806005,1,0,0,0,0,0,1
806480,1,0,0,0,0,0,1
808875,0,0,0,0,0,0,0
809134,1,1,1,0,0,0,1
809493,0,0,0,0,0,0,1
810015,0,0,0,0,0,0,1
811833,0,0,0,0,0,0,0
813100,0,0,0,0,0,0,0
813676,0,0,0,0,0,0,0
816334,0,0,0,0,0,0,0
816378,0,0,0,0,0,0,1
816689,0,0,0,0,0,0,0
817211,0,0,0,0,0,0,0
819029,0,0,0,0,0,0,0
820296,0,0,0,0,0,0,0
820872,0,0,0,0,0,0,0
823578,0,0,0,0,0,0,0
823889,0,0,0,0,0,0,0
824411,0,0,0,0,0,0,0
826229,0,0,0,0,0,0,0
827496,0,0,0,0,0,0,0
828072,0,0,0,0,0,0,0
830012,0,0,0,0,0,0,1
830031,0,0,0,0,0,0,1
830770,0,0,0,0,0,0,0
831081,0,0,0,0,0,0,0
832613,1,0,0,0,0,0,1
833183,0,0,0,0,0,0,1
833417,0,0,0,0,0,0,0
834684,0,0,0,0,0,0,0
837204,0,0,0,0,0,0,0
837966,0,0,0,0,0,0,0
839813,0,0,0,0,0,0,0
840383,0,0,0,0,0,0,0
840617,0,0,0,0,0,0,0
841884,0,0,0,0,0,0,0
844404,0,0,0,0,0,0,0
845166,0,0,0,0,0,0,0
847013,0,0,0,0,0,0,0
847583,0,0,0,0,0,0,0
847817,0,0,0,0,0,0,0
849084,0,0,0,0,0,0,0
851604,0,0,0,0,0,0,0
852366,0,0,0,0,0,0,0
854213,0,0,0,0,0,0,0
854783,0,0,0,0,0,0,0
855017,0,0,0,0,0,0,0
856284,0,0,0,0,0,0,0
858804,0,0,0,0,0,0,0
859566,0,0,0,0,0,0,0
861340,1,0,0,0,0,0,1
861409,0,0,0,0,0,0,0
861979,0,0,0,0,0,0,0
862213,0,0,0,0,0,0,0
863480,0,0,0,0,0,0,0
863937,1,0,0,0,0,0,1
866762,0,0,0,0,0,0,0
868052,0,0,0,0,0,0,1
868173,0,0,0,0,0,0,1
868528,1,0,0,0,0,0,0
869171,1,0,0,0,0,0,0
869405,0,0,0,0,0,0,0
869449,0,0,0,0,0,0,1
873524,1,0,0,0,0,0,1
873954,0,0,0,0,0,0,0
875369,0,0,0,0,0,0,0
875724,0,0,0,0,0,0,0
876367,0,0,0,0,0,0,0
876649,0,0,0,0,0,0,0
880724,0,0,0,0,0,0,0
881154,0,0,0,0,0,0,0
882569,0,0,0,0,0,0,0
882924,0,0,0,0,0,0,0
883567,0,0,0,0,0,0,0
883849,0,0,0,0,0,0,0
887924,0,0,0,0,0,0,0
888354,0,0,0,0,0,0,0
889769,0,0,0,0,0,0,0
890124,0,0,0,0,0,0,0
890767,0,0,0,0,0,0,0
891049,0,0,0,0,0,0,0
892006,0,0,0,0,0,0,1
895120,0,0,0,0,0,0,0
895143,0,0,0,0,0,0,1
896363,0,0,0,0,0,0,1
896961,0,0,0,0,0,0,0
897316,0,0,0,0,0,0,0
898245,0,0,0,0,0,0,0
899202,0,0,0,0,0,0,0
902316,0,0,0,0,0,0,0
903563,0,0,0,0,0,0,0
904161,0,0,0,0,0,0,0
904516,0,0,0,0,0,0,0
905445,0,0,0,0,0,0,0
906402,0,0,0,0,0,0,0
908632,0,0,0,0,0,0,1
909512,0,0,0,0,0,0,0
910759,0,0,0,0,0,0,0
911357,0,0,0,0,0,0,0
912645,0,0,0,0,0,0,0
913411,0,0,0,0,0,0,1
913598,0,0,0,0,0,0,0
915828,0,0,0,0,0,0,0
916708,0,0,0,0,0,0,0
918557,0,0,0,0,0,0,0
919845,0,0,0,0,0,0,0
920611,0,0,0,0,0,0,0
920798,0,0,0,0,0,0,0
923028,0,0,0,0,0,0,0
923908,0,0,0,0,0,0,0
925757,0,0,0,0,0,0,0
927045,0,0,0,0,0,0,0
927329,0,0,0,0,0,0,1
927807,0,0,0,0,0,0,0
927994,0,0,0,0,0,0,0
928783,0,0,0,0,0,0,1
930220,0,0,0,0,0,0,0
931100,0,0,0,0,0,0,0
932949,0,0,0,0,0,0,0
934525,0,0,0,0,0,0,0
935194,0,0,0,0,0,0,0
935983,0,0,0,0,0,0,0
937420,0,0,0,0,0,0,0
938300,0,0,0,0,0,0,0
940149,0,0,0,0,0,0,0
941725,0,0,0,0,0,0,0
942394,0,0,0,0,0,0,0
943183,0,0,0,0,0,0,0
944620,0,0,0,0,0,0,0
945500,0,0,0,0,0,0,0
947349,0,0,0,0,0,0,0
948925,0,0,0,0,0,0,0
949594,0,0,0,0,0,0,0
950383,0,0,0,0,0,0,0
951820,0,0,0,0,0,0,0
952700,0,0,0,0,0,0,0
954549,0,0,0,0,0,0,0
956125,0,0,0,0,0,0,0
956169,0,0,0,0,0,0,1
956790,0,0,0,0,0,0,0
957579,0,0,0,0,0,0,0
957622,0,0,0,0,0,0,1
957761,0,0,0,0,0,0,1
958118,0,0,0,0,0,0,1
958570,0,0,0,0,0,0,1
958685,1,0,0,0,0,0,1
958996,0,0,0,0,0,0,0
959756,0,0,0,0,0,0,1
961725,0,0,0,0,0,0,0
964767,0,0,0,0,0,0,0
965770,0,0,0,0,0,0,0
965885,0,0,0,0,0,0,0
966196,0,0,0,0,0,0,0
966792,0,0,0,0,0,0,1
966952,0,0,0,0,0,0,0
966996,0,0,0,0,0,0,1
968917,0,0,0,0,0,0,0
971959,0,0,0,0,0,0,0
972962,0,0,0,0,0,0,0
973077,0,0,0,0,0,0,0
973988,0,0,0,0,0,0,0
974196,0,0,0,0,0,0,0
976117,0,0,0,0,0,0,0
979159,0,0,0,0,0,0,0
980162,0,0,0,0,0,0,0
980277,0,0,0,0,0,0,0
980562,0,0,0,0,0,0,1
981184,0,0,0,0,0,0,0
981392,0,0,0,0,0,0,0
983121,0,0,0,0,0,0,1
984195,0,0,0,0,0,0,1
985223,0,0,0,0,0,0,1
985819,0,0,0,0,0,0,1
986369,0,0,0,0,0,0,1
987465,0,0,0,0,0,0,0
987657,0,0,0,0,0,0,1
987746,0,0,0,0,0,0,0
988269,0,0,0,0,0,0,1
988364,0,0,0,0,0,0,0
988572,0,0,0,0,0,0,0
993011,0,0,0,0,0,0,0
994831,1,0,0,0,0,0,1
994853,0,0,0,0,0,0,0
994942,0,0,0,0,0,0,0
995465,0,0,0,0,0,0,0
995560,0,0,0,0,0,0,0
995768,0,0,0,0,0,0,0
996368,0,0,0,0,0,0,1
996721,0,0,0,0,0,0,1
996788,0,0,0,0,0,0,1
997388,0,0,0,0,0,0,1
997432,0,0,0,0,0,0,1
997448,0,0,0,0,0,0,1
997710,0,0,0,0,0,0,1
998136,0,0,0,0,0,0,1
998397,1,0,0,0,0,0,1
1001900,0,0,0,0,0,0,1
1001991,0,0,0,0,0,0,0
1002013,0,0,0,0,0,0,0
1002246,1,0,0,0,0,0,1
1002484,0,0,0,0,0,0,1
1003943,0,0,0,0,0,0,1
1005328,0,0,0,0,0,0,0
1005589,0,0,0,0,0,0,0
1006328,0,0,0,0,0,0,1
1007644,0,0,0,0,0,0,1
1009104,0,0,0,0,0,0,1
1009201,0,0,0,0,0,0,0
1009434,0,0,0,0,0,0,0
1009672,0,0,0,0,0,0,0
1011131,0,0,0,0,0,0,0
1012781,0,0,0,0,0,0,0
1015708,0,0,0,0,0,0,1
1016300,0,0,0,0,0,0,0
1016397,0,0,0,0,0,0,0
1016630,0,0,0,0,0,0,0
1018331,0,0,0,0,0,0,0
1019981,0,0,0,0,0,0,0
1022908,0,0,0,0,0,0,0
1023500,0,0,0,0,0,0,0
1023597,0,0,0,0,0,0,0
1023830,0,0,0,0,0,0,0
1025531,0,0,0,0,0,0,0
1027181,0,0,0,0,0,0,0
1030108,0,0,0,0,0,0,0
1030700,0,0,0,0,0,0,0
1030797,0,0,0,0,0,0,0
1031030,0,0,0,0,0,0,0
1032731,0,0,0,0,0,0,0
1034381,0,0,0,0,0,0,0
1037308,0,0,0,0,0,0,0
1037900,0,0,0,0,0,0,0
1037997,0,0,0,0,0,0,0
1038230,0,0,0,0,0,0,0
1038589,0,0,0,0,0,0,1
1038870,0,0,0,0,0,0,1
1039320,0,0,0,0,0,0,1
1039364,0,0,0,0,0,0,1
1039434,0,0,0,0,0,0,1
1039911,0,0,0,0,0,0,0
1039976,0,0,0,0,0,0,1
1040620,0,0,0,0,0,0,1
1041553,0,0,0,0,0,0,0
1044480,0,0,0,0,0,0,0
1045773,0,0,0,0,0,0,0
1046008,0,0,0,0,0,0,1
1046626,0,0,0,0,0,0,0
1047103,0,0,0,0,0,0,0
1047770,0,0,0,0,0,0,1
1047812,0,0,0,0,0,0,0
1048745,0,0,0,0,0,0,0
1049415,0,0,0,0,0,0,1
1050467,0,0,0,0,0,0,1
1050629,0,0,0,0,0,0,1
1052957,0,0,0,0,0,0,0
1053119,0,0,0,0,0,0,1
1053188,0,0,0,0,0,0,0
1053951,0,0,0,0,0,0,1
1054954,0,0,0,0,0,0,0
1054996,0,0,0,0,0,0,0
1056722,0,0,0,0,0,0,1
1057700,0,0,0,0,0,0,1
1057817,0,0,0,0,0,0,0
1058557,0,0,0,0,0,0,1
1058600,0,0,0,0,0,0,1
1060137,0,0,0,0,0,0,0
1060372,0,0,0,0,0,0,0
1061135,0,0,0,0,0,0,0
1061373,0,0,0,0,0,0,1
1061389,0,0,0,0,0,0,1
1062061,0,0,0,0,0,0,1
1063902,0,0,0,0,0,0,0
1064237,0,0,0,0,0,0,1
1065385,0,0,0,0,0,0,1
1065784,0,0,0,0,0,0,0
1067560,0,0,0,0,0,0,0
1068323,0,0,0,0,0,0,0
1068581,0,0,0,0,0,0,0
1071098,0,0,0,0,0,0,0
1072585,0,0,0,0,0,0,0
1072984,0,0,0,0,0,0,0
1074760,0,0,0,0,0,0,0
1075523,0,0,0,0,0,0,0
1075567,0,0,0,0,0,0,1
1075612,0,0,0,0,0,0,1
1075773,0,0,0,0,0,0,0
1078290,0,0,0,0,0,0,0
1079777,0,0,0,0,0,0,0
1080176,0,0,0,0,0,0,0
1082767,0,0,0,0,0,0,0
1082812,0,0,0,0,0,0,0
1082973,0,0,0,0,0,0,0
1085490,1,0,0,0,0,0,0
1085942,0,0,0,0,0,0,1
1086756,1,0,0,0,0,0,1
1086772,0,0,0,0,0,0,1
1086965,0,0,0,0,0,0,0
1087076,0,0,0,0,0,0,1
1087339,1,0,0,0,0,0,1
1087383,0,0,0,0,0,0,1
1087691,0,0,0,0,0,0,1
1087949,1,0,0,0,0,0,1
1088403,0,0,0,0,0,0,1
1088424,1,0,0,0,0,0,1
1088537,0,0,0,0,0,0,1
1088556,1,0,0,0,0,0,1
1089202,1,0,0,0,0,0,1
1093949,1,0,0,0,0,0,1
1094141,0,0,0,0,0,0,0
1095599,0,0,0,0,0,0,0
1095620,1,0,0,0,0,0,0
1095756,1,0,0,0,0,0,0
1096041,0,0,0,0,0,0,1
1096398,0,0,0,0,0,0,0
1098072,0,0,0,0,0,0,1
1098409,0,0,0,0,0,0,1
1098908,1,0,0,0,0,0,1
1101448,0,0,0,0,0,0,1
1102474,1,0,0,0,0,0,1
1102783,0,0,0,0,0,0,0
1103233,0,0,0,0,0,0,0
1104407,0,0,0,0,0,0,1
1104956,0,0,0,0,0,0,1
1105260,0,0,0,0,0,0,0
1105597,0,0,0,0,0,0,0
1109670,0,0,0,0,0,0,0
1110433,0,0,0,0,0,0,0
1111607,0,0,0,0,0,0,0
1112156,0,0,0,0,0,0,0
1112319,0,0,0,0,0,0,1
1112456,0,0,0,0,0,0,0
1112792,0,0,0,0,0,0,1
1112793,0,0,0,0,0,0,0
1112951,0,0,0,0,0,0,1
1113088,0,0,0,0,0,0,1
1116854,0,0,0,0,0,0,0
1117617,0,0,0,0,0,0,0
1117950,0,0,0,0,0,0,1
1119988,0,0,0,0,0,0,0
1119989,0,0,0,0,0,0,0
1120147,0,0,0,0,0,0,0
1120284,0,0,0,0,0,0,0
1121507,0,0,0,0,0,0,1
1124813,0,0,0,0,0,0,0
1125146,0,0,0,0,0,0,0
1127184,0,0,0,0,0,0,0
1127185,0,0,0,0,0,0,0
1127484,0,0,0,0,0,0,0
1128707,0,0,0,0,0,0,0
1129951,0,0,0,0,0,0,1
1130762,0,0,0,0,0,0,1
1130829,0,0,0,0,0,0,1
1134380,0,0,0,0,0,0,0
1134381,0,0,0,0,0,0,0
1134420,0,0,0,0,0,0,1
1134676,0,0,0,0,0,0,0
1136620,0,0,0,0,0,0,1
1136664,0,0,0,0,0,0,1
1137139,0,0,0,0,0,0,0
1137950,1,1,1,0,0,1,0
1138017,0,0,0,0,0,0,0
1138183,0,0,0,0,0,0,1
1138656,0,0,0,0,0,0,1
1138751,0,0,0,0,0,0,1
1141557,0,0,0,0,0,0,0
1143856,0,0,0,0,0,0,0
1145146,0,0,0,0,0,0,0
1145213,0,0,0,0,0,0,0
1145856,0,0,0,0,0,0,0
1145951,0,0,0,0,0,0,0
1148107,0,0,0,0,0,0,1
1148753,0,0,0,0,0,0,0
1148986,0,0,0,0,0,0,1
1150230,0,0,0,0,0,0,1
1151044,0,0,0,0,0,0,0
1152405,1,0,0,0,0,0,0
1152856,0,0,0,0,0,0,1
1155303,0,0,0,0,0,0,0
1155347,0,0,0,0,0,0,1
1155945,0,0,0,0,0,0,0
1157426,0,0,0,0,0,0,0
1158240,0,0,0,0,0,0,0
1159076,0,0,0,0,0,0,1
1159597,0,0,0,0,0,0,0
1160048,0,0,0,0,0,0,0
1161729,1,0,0,0,0,0,1
1162539,0,0,0,0,0,0,0
1164622,1,1,1,0,0,1,0
1166252,0,0,0,0,0,0,1
1166318,0,0,0,0,0,0,1
1166576,0,0,0,0,0,0,1
1166743,1,1,1,1,1,1,0
1166785,0,0,0,0,0,0,0
1167335,0,0,0,0,0,0,1
1167497,0,0,0,0,0,0,1
1168886,1,0,0,0,0,0,1
1168909,1,0,0,0,0,0,0
1170126,0,0,0,0,0,0,1
1171272,0,0,0,0,0,0,1
1173432,0,0,0,0,0,0,0
1174531,0,0,0,0,0,0,0
1174693,0,0,0,0,0,0,0
1176109,0,0,0,0,0,0,0
1177326,0,0,0,0,0,0,0
1178472,0,0,0,0,0,0,0
1180364,1,0,0,0,0,0,1
1180628,0,0,0,0,0,0,0
1181512,0,0,0,0,0,0,1
1181723,0,0,0,0,0,0,0
1181885,0,0,0,0,0,0,0
1182529,0,0,0,0,0,0,1
1183297,0,0,0,0,0,0,0
1184514,0,0,0,0,0,0,0
1184753,0,0,0,0,0,0,1
1184797,0,0,0,0,0,0,1
1187548,0,0,0,0,0,0,0
1188700,0,0,0,0,0,0,0
1188911,0,0,0,0,0,0,0
1189196,0,0,0,0,0,0,1
1189717,0,0,0,0,0,0,0
1191706,0,0,0,0,0,0,0
1191993,0,0,0,0,0,0,0
1192036,0,0,0,0,0,0,1
1194740,0,0,0,0,0,0,0
1196107,0,0,0,0,0,0,0
1196917,0,0,0,0,0,0,0
1198906,0,0,0,0,0,0,0
1199193,0,0,0,0,0,0,0
1199236,0,0,0,0,0,0,0
1199280,0,0,0,0,0,0,1
1201936,0,0,0,0,0,0,0
1203303,0,0,0,0,0,0,0
1204113,0,0,0,0,0,0,0
1206102,0,0,0,0,0,0,0
1206389,0,0,0,0,0,0,0
1206480,0,0,0,0,0,0,0
1209136,0,0,0,0,0,0,0
1210503,0,0,0,0,0,0,0
1211313,0,0,0,0,0,0,0
1213302,0,0,0,0,0,0,0
1213589,0,0,0,0,0,0,0
1213680,0,0,0,0,0,0,0
1216336,0,0,0,0,0,0,0
1217703,0,0,0,0,0,0,0
1218513,0,0,0,0,0,0,0
1220502,0,0,0,0,0,0,0
1220789,0,0,0,0,0,0,0
1220880,0,0,0,0,0,0,0
1223536,0,0,0,0,0,0,0
1224903,0,0,0,0,0,0,0
1224947,0,0,0,0,0,0,1
1225231,0,0,0,0,0,0,1
1225705,0,0,0,0,0,0,0
1227694,0,0,0,0,0,0,0
1227981,0,0,0,0,0,0,0
1228072,0,0,0,0,0,0,0
1230728,0,0,0,0,0,0,0
1232431,0,0,0,0,0,0,0
1232905,0,0,0,0,0,0,0
1232924,0,0,0,0,0,0,1
1233449,0,0,0,0,0,0,1
1233804,0,0,0,0,0,0,1
1234882,0,0,0,0,0,0,0
1235144,0,0,0,0,0,0,1
1235165,0,0,0,0,0,0,0
1235976,0,0,0,0,0,0,1
1236188,0,0,0,0,0,0,1
1238393,0,0,0,0,0,0,1
1239611,0,0,0,0,0,0,0
1239655,0,0,0,0,0,0,1
1239891,0,0,0,0,0,0,1
1240629,0,0,0,0,0,0,0
1240984,0,0,0,0,0,0,0
1241125,0,0,0,0,0,0,1
1241192,0,0,0,0,0,0,1
1241429,0,0,0,0,0,0,1
1241544,0,0,0,0,0,0,1
1242046,0,0,0,0,0,0,0
1243364,0,0,0,0,0,0,0
1244680,1,0,0,0,0,0,1
1245565,0,0,0,0,0,0,0
1246016,1,0,0,0,0,0,1
1246085,0,0,0,0,0,0,1
1246632,0,0,0,0,0,0,1
1247059,0,0,0,0,0,0,0
1248613,0,0,0,0,0,0,0
1248728,0,0,0,0,0,0,0
1249230,0,0,0,0,0,0,0
1249657,1,0,0,0,0,0,1
1250182,1,0,0,0,0,0,1
1253277,0,0,0,0,0,0,0
1253824,0,0,0,0,0,0,0
1254251,0,0,0,0,0,0,0
1255924,0,0,0,0,0,0,0
1256857,0,0,0,0,0,0,0
1257382,0,0,0,0,0,0,0
1260477,0,0,0,0,0,0,0
1260519,0,0,0,0,0,0,1
1261020,0,0,0,0,0,0,0
1263124,0,0,0,0,0,0,0
1264057,0,0,0,0,0,0,0
1264582,0,0,0,0,0,0,0
1264890,0,0,0,0,0,0,1
1265222,0,0,0,0,0,0,1
1267669,0,0,0,0,0,0,0
1267711,0,0,0,0,0,0,0
1268212,0,0,0,0,0,0,0
1270316,0,0,0,0,0,0,0
1271249,0,0,0,0,0,0,0
1272422,0,0,0,0,0,0,0
1274869,0,0,0,0,0,0,0
1274911,0,0,0,0,0,0,0
1275412,0,0,0,0,0,0,0
1277516,0,0,0,0,0,0,0
1278040,0,0,0,0,0,0,1
1278445,0,0,0,0,0,0,0
1279618,0,0,0,0,0,0,0
1282065,0,0,0,0,0,0,0
1282107,0,0,0,0,0,0,0
1282607,0,0,0,0,0,0,1
1282608,0,0,0,0,0,0,0
1283104,0,0,0,0,0,0,1
1285232,0,0,0,0,0,0,0
1285637,0,0,0,0,0,0,0
1286211,0,0,0,0,0,0,1
1286806,0,0,0,0,0,0,0
1286897,1,0,0,0,0,0,1
1287590,1,0,0,0,0,0,1
1288402,1,0,0,0,0,0,1
1288952,0,0,0,0,0,0,1
1289042,0,0,0,0,0,0,1
1289233,0,0,0,0,0,0,0
1289925,0,0,0,0,0,0,1
1290012,1,0,0,0,0,0,1
1291357,1,0,0,0,0,0,1
1292284,1,0,0,0,0,0,1
1292736,0,0,0,0,0,0,1
1293383,0,0,0,0,0,0,0
1294073,0,0,0,0,0,0,0
1296136,0,0,0,0,0,0,0
1296226,0,0,0,0,0,0,0
1296749,0,0,0,0,0,0,1
1296890,0,0,0,0,0,0,1
1297273,0,0,0,0,0,0,1
1297457,0,0,0,0,0,0,1
1297458,0,0,0,0,0,0,1
1297498,0,0,0,0,0,0,1
1299916,0,0,0,0,0,0,0
1299917,1,0,0,0,0,0,1
1300464,0,0,0,0,0,0,1
1300555,0,0,0,0,0,0,0
1300599,0,0,0,0,0,0,1
1301912,1,0,0,0,0,0,1
1301956,0,0,0,0,0,0,1
1302027,1,0,0,0,0,0,1
1302740,0,0,0,0,0,0,1
1302881,1,0,0,0,0,0,1
1304441,0,0,0,0,0,0,0
1304674,1,0,0,0,0,0,0
1305079,0,0,0,0,0,0,1
1307644,0,0,0,0,0,0,0
1308289,0,0,0,0,0,0,1
1309458,0,0,0,0,0,0,1
1309932,0,0,0,0,0,0,0
1310073,0,0,0,0,0,0,0
1310836,0,0,0,0,0,0,1
1311552,0,0,0,0,0,0,1
1312271,0,0,0,0,0,0,0
1312864,0,0,0,0,0,0,1
1314108,0,0,0,0,0,0,1
1314828,0,0,0,0,0,0,0
1315473,0,0,0,0,0,0,0
1316642,0,0,0,0,0,0,0
1317238,0,0,0,0,0,0,1
1317257,0,0,0,0,0,0,0
1318165,0,0,0,0,0,0,1
1319459,0,0,0,0,0,0,0
1320753,1,0,0,0,0,0,1
1321296,0,0,0,0,0,0,0
1322016,0,0,0,0,0,0,0
1324434,0,0,0,0,0,0,0
1325365,1,0,0,0,0,0,0
1326659,0,0,0,0,0,0,0
1327953,0,0,0,0,0,0,0
1328496,0,0,0,0,0,0,0
1329216,0,0,0,0,0,0,0
1331132,0,0,0,0,0,0,1
1331630,0,0,0,0,0,0,0
1332561,0,0,0,0,0,0,0
1333636,0,0,0,0,0,0,1
1333851,0,0,0,0,0,0,0
1333942,0,0,0,0,0,0,1
1334537,1,0,0,0,0,0,1
1335137,0,0,0,0,0,0,0
1336282,0,0,0,0,0,0,1
1336445,0,0,0,0,0,0,1
1338316,0,0,0,0,0,0,0
1338862,1,0,0,0,0,0,1
1340824,0,0,0,0,0,0,0
1341039,0,0,0,0,0,0,0
1342333,1,0,0,0,0,0,0
1342348,0,0,0,0,0,0,1
1343641,0,0,0,0,0,0,0
1345512,0,0,0,0,0,0,0
1346058,0,0,0,0,0,0,0
1348239,0,0,0,0,0,0,0
1349533,0,0,0,0,0,0,0
1349548,0,0,0,0,0,0,0
1350841,0,0,0,0,0,0,0
1352712,0,0,0,0,0,0,0
1353258,0,0,0,0,0,0,0
1355439,0,0,0,0,0,0,0
1356733,0,0,0,0,0,0,0
1356748,0,0,0,0,0,0,0
1356773,0,0,0,0,0,0,1
1358037,0,0,0,0,0,0,0
1359908,0,0,0,0,0,0,0
1360454,0,0,0,0,0,0,0
1362635,0,0,0,0,0,0,0
1363948,0,0,0,0,0,0,0
1363973,0,0,0,0,0,0,0
1363988,0,0,0,0,0,0,1
1365233,0,0,0,0,0,0,0
1367104,0,0,0,0,0,0,0
1367650,0,0,0,0,0,0,0
1369831,0,0,0,0,0,0,0
1371173,0,0,0,0,0,0,0
1371188,0,0,0,0,0,0,0
1372433,0,0,0,0,0,0,0
1374304,0,0,0,0,0,0,0
1374850,0,0,0,0,0,0,0
1377031,0,0,0,0,0,0,0
1378373,0,0,0,0,0,0,0
1378388,0,0,0,0,0,0,0
1379633,0,0,0,0,0,0,0
1381504,0,0,0,0,0,0,0
1382050,0,0,0,0,0,0,0
1384231,0,0,0,0,0,0,0
1385573,0,0,0,0,0,0,0
1385588,0,0,0,0,0,0,0
1386833,0,0,0,0,0,0,0
1388704,0,0,0,0,0,0,0
1389250,0,0,0,0,0,0,0
1391431,0,0,0,0,0,0,0
1392773,0,0,0,0,0,0,0
1392788,0,0,0,0,0,0,0
1393101,0,0,0,0,0,0,1
1394029,0,0,0,0,0,0,0
1395900,0,0,0,0,0,0,0
1396446,0,0,0,0,0,0,0
1398627,0,0,0,0,0,0,0
1399988,0,0,0,0,0,0,0
1400301,0,0,0,0,0,0,0
1401229,0,0,0,0,0,0,0
1403100,0,0,0,0,0,0,0
1403646,0,0,0,0,0,0,0
1405827,0,0,0,0,0,0,0
1407188,0,0,0,0,0,0,0
1407501,0,0,0,0,0,0,0
1408429,0,0,0,0,0,0,0
1410300,0,0,0,0,0,0,0
1410846,0,0,0,0,0,0,0
1411226,0,0,0,0,0,0,1
1413023,0,0,0,0,0,0,0
1414384,0,0,0,0,0,0,0
1414647,0,0,0,0,0,0,1
1414693,0,0,0,0,0,0,0
1415621,0,0,0,0,0,0,0
1417492,0,0,0,0,0,0,0
1418422,0,0,0,0,0,0,0
1418539,1,1,0,0,0,0,1
1419328,1,0,0,0,0,0,1
1419347,1,0,0,0,0,0,1
1421572,0,0,0,0,0,0,0
1421885,0,0,0,0,0,0,0
1422813,1,0,0,0,0,0,0
1423193,0,0,0,0,0,0,1
1425614,1,0,0,0,0,0,0
1426524,0,0,0,0,0,0,0
1426543,0,0,0,0,0,0,0
1428768,1,0,0,0,0,0,0
1429081,0,0,0,0,0,0,0
1430393,0,0,0,0,0,0,0
1430825,1,0,0,0,0,0,1
1431056,0,0,0,0,0,0,1
1431872,1,0,0,0,0,0,1
1432058,1,0,0,0,0,0,1
1432273,1,0,0,0,0,0,1
1432313,1,0,0,0,0,0,1
1432718,0,0,0,0,0,0,1
1433723,0,0,0,0,0,0,0
1434704,1,0,0,0,0,0,1
1438248,0,0,0,0,0,0,0
1439473,0,0,0,0,0,0,0
1439513,0,0,0,0,0,0,0
1439918,0,0,0,0,0,0,0
1440320,1,0,0,0,0,0,1
1440413,1,0,0,0,0,0,1
1440915,0,0,0,0,0,0,0
1440959,0,0,0,0,0,0,1
1441892,0,0,0,0,0,0,0
1441958,1,0,0,0,0,0,1
1446661,0,0,0,0,0,0,0
1447516,0,0,0,0,0,0,0
1447609,0,0,0,0,0,0,0
1448159,0,0,0,0,0,0,0
1449043,1,0,0,0,0,0,1
1449088,0,0,0,0,0,0,0
1449132,0,0,0,0,0,0,1
1449150,0,0,0,0,0,0,0
1449360,1,0,0,0,0,0,1
1449649,0,0,0,0,0,0,1
1450052,1,0,0,0,0,0,1
1450118,1,0,0,0,0,0,1
1450544,1,0,0,0,0,0,1
1450686,0,0,0,0,0,0,1
1453416,1,0,0,0,0,0,1
1454276,1,0,0,0,0,0,1
1454777,0,0,0,0,0,0,0
1454940,1,0,0,0,0,0,1
1456211,0,0,0,0,0,0,0
1456833,0,0,0,0,0,0,0
1456923,0,0,0,0,0,0,1
1457232,0,0,0,0,0,0,0
1457440,1,0,0,0,0,0,1
1457870,1,0,0,0,0,0,0
1460388,0,0,0,0,0,0,1
1460768,0,0,0,0,0,0,1
1461409,0,0,0,0,0,0,1
1462388,0,0,0,0,0,0,1
1462746,0,0,0,0,0,0,1
1464017,0,0,0,0,0,0,0
1464107,0,0,0,0,0,0,0
1465471,0,0,0,0,0,0,1
1466235,1,0,0,0,0,0,1
1466927,1,0,0,0,0,0,1
1467355,0,0,0,0,0,0,1
1467952,0,0,0,0,0,0,0
1468593,0,0,0,0,0,0,0
1468736,1,0,0,0,0,0,1
1469497,0,0,0,0,0,0,1
1469564,0,0,0,0,0,0,0
1469756,0,0,0,0,0,0,1
1469918,1,0,0,0,0,0,0
1470035,0,0,0,0,0,0,1
1470822,1,0,0,0,0,0,1
1471181,0,0,0,0,0,0,0
1471846,0,0,0,0,0,0,1
1476689,1,0,0,0,0,0,0
1476756,0,0,0,0,0,0,0
1476948,0,0,0,0,0,0,0
1477231,0,0,0,0,0,0,0
1478380,0,0,0,0,0,0,1
1478381,1,0,0,0,0,0,0
1479042,1,0,0,0,0,0,0
1479208,1,0,0,0,0,0,1
1479299,0,0,0,0,0,0,1
1479393,1,0,0,0,0,0,1
1479528,0,0,0,0,0,0,1
1479813,0,0,0,0,0,0,1
1480195,1,0,0,0,0,0,1
1480529,1,0,0,0,0,0,1
1481312,1,0,0,0,0,0,1
1482969,1,0,0,0,0,0,1
1483320,1,0,0,0,0,0,1
1484520,1,0,0,0,0,0,1
1486028,0,0,0,0,0,0,1
1486214,1,0,0,0,0,0,0
1487001,0,0,0,0,0,0,0
1487383,0,0,0,0,0,0,0
1488362,0,0,0,0,0,0,1
1488791,1,0,0,0,0,0,1
1489626,0,0,0,0,0,0,1
1490153,1,0,0,0,0,0,0
1490504,1,0,0,0,0,0,0
1490509,0,0,0,0,0,0,1
1491077,0,0,0,0,0,0,1
1491361,0,0,0,0,0,0,1
1491933,0,0,0,0,0,0,1
1492625,0,0,0,0,0,0,1
1493196,0,0,0,0,0,0,0
1494173,0,0,0,0,0,0,0
1495971,0,0,0,0,0,0,0
1496806,0,0,0,0,0,0,0
1497688,0,0,0,0,0,0,0
1499825,0,0,0,0,0,0,0
1500396,0,0,0,0,0,0,0
1501373,0,0,0,0,0,0,0
1503171,0,0,0,0,0,0,0
1504006,0,0,0,0,0,0,0
1504888,0,0,0,0,0,0,0
1507025,0,0,0,0,0,0,0
1507596,0,0,0,0,0,0,0
1507597,0,0,0,0,0,0,1
1507637,0,0,0,0,0,0,1
1508565,0,0,0,0,0,0,0
1509645,1,0,0,0,0,0,1
1510359,0,0,0,0,0,0,0
1510931,0,0,0,0,0,0,1
1511190,0,0,0,0,0,0,0
1511907,0,0,0,0,0,0,1
1512068,0,0,0,0,0,0,0
1512093,1,0,0,0,0,0,1
1512807,1,0,0,0,0,0,1
1513496,0,0,0,0,0,0,1
1514383,1,0,0,0,0,0,1
1514501,0,0,0,0,0,0,1
1514760,0,0,0,0,0,0,0
1515737,0,0,0,0,0,0,0
1518374,0,0,0,0,0,0,0
1518612,1,0,0,0,0,0,1
1518919,0,0,0,0,0,0,1
1518963,0,0,0,0,0,0,1
1520255,1,0,0,0,0,0,1
1520561,1,0,0,0,0,0,1
1520676,0,0,0,0,0,0,0
1520699,0,0,0,0,0,0,1
1521244,0,0,0,0,0,0,1
1521600,0,0,0,0,0,0,1
1521673,0,0,0,0,0,0,0
1522315,1,0,0,0,0,0,1
1522428,0,0,0,0,0,0,1
1525546,0,0,0,0,0,0,0
1525784,0,0,0,0,0,0,0
1526356,0,0,0,0,0,0,1
1527382,0,0,0,0,0,0,1
1527737,1,0,0,0,0,0,0
1528334,0,0,0,0,0,0,1
1528740,1,0,0,0,0,0,1
1528805,1,0,0,0,0,0,1
1528853,0,0,0,0,0,0,0
1529495,0,0,0,0,0,0,0
1529608,0,0,0,0,0,0,0
1529613,0,0,0,0,0,0,1
1530108,1,0,0,0,0,0,1
1531665,0,0,0,0,0,0,1
1535522,1,0,0,0,0,0,0
1535997,0,0,0,0,0,0,0
1536521,0,0,0,0,0,0,1
1536687,0,0,0,0,0,0,0
1536800,0,0,0,0,0,0,0
1537159,0,0,0,0,0,0,1
1537300,0,0,0,0,0,0,0
1537776,0,0,0,0,0,0,1
1538635,0,0,0,0,0,0,1
1538849,1,0,0,0,0,0,0
1539059,0,0,0,0,0,0,1
1539918,0,0,0,0,0,0,1
1540610,0,0,0,0,0,0,1
1541256,0,0,0,0,0,0,1
1543172,0,0,0,0,0,0,1
1543693,0,0,0,0,0,0,0
1543976,0,0,0,0,0,0,0
1544120,0,0,0,0,0,0,1
1544164,0,0,0,0,0,0,1
1544230,0,0,0,0,0,0,1
1544516,0,0,0,0,0,0,1
1546025,0,0,0,0,0,0,0
1546235,0,0,0,0,0,0,0
1546735,0,0,0,0,0,0,1
1548938,0,0,0,0,0,0,1
1549153,0,0,0,0,0,0,1
1549626,0,0,0,0,0,0,1
1550869,0,0,0,0,0,0,0
1551152,0,0,0,0,0,0,0
1551196,0,0,0,0,0,0,1
1551700,0,0,0,0,0,0,0
1552269,0,0,0,0,0,0,1
1552362,0,0,0,0,0,0,1
1552670,0,0,0,0,0,0,1
1552833,0,0,0,0,0,0,1
1553837,0,0,0,0,0,0,1
1553907,0,0,0,0,0,0,0
1555294,0,0,0,0,0,0,1
1556325,0,0,0,0,0,0,0
1558021,1,0,0,0,0,0,1
1558376,0,0,0,0,0,0,0
1558880,0,0,0,0,0,0,0
1559498,0,0,0,0,0,0,1
1559519,0,0,0,0,0,0,1
1560256,1,0,0,0,0,0,1
1562584,0,0,0,0,0,0,1
1563517,0,0,0,0,0,0,0
1564156,1,0,0,0,0,0,1
1564850,1,0,0,0,0,0,1
1565205,0,0,0,0,0,0,0
1565539,0,0,0,0,0,0,1
1565822,0,0,0,0,0,0,1
1565961,0,0,0,0,0,0,1
1566052,1,0,0,0,0,0,1
1567129,1,0,0,0,0,0,1
1567676,0,0,0,0,0,0,1
1568128,0,0,0,0,0,0,1
1568724,0,0,0,0,0,0,1
1569756,0,0,0,0,0,0,0
1570689,0,0,0,0,0,0,0
1571137,1,0,0,0,0,0,1
1572000,1,0,0,0,0,0,1
1572402,1,0,0,0,0,0,1
1572711,1,0,0,0,0,0,0
1573525,1,0,0,0,0,0,1
1574165,1,0,0,0,0,0,1
1574617,0,0,0,0,0,0,1
1574620,0,0,0,0,0,0,1
1574660,0,0,0,0,0,0,1
1575060,0,0,0,0,0,0,1
1577097,0,0,0,0,0,0,1
1579590,0,0,0,0,0,0,0
1579899,1,0,0,0,0,0,0
1580713,0,0,0,0,0,0,0
1581860,0,0,0,0,0,0,0
1582260,0,0,0,0,0,0,0
1584297,0,0,0,0,0,0,0
1586790,0,0,0,0,0,0,0
1587099,0,0,0,0,0,0,0
1587913,0,0,0,0,0,0,0
1589060,0,0,0,0,0,0,0
1589460,0,0,0,0,0,0,0
1591497,0,0,0,0,0,0,0
1593990,0,0,0,0,0,0,0
1594299,0,0,0,0,0,0,0
1594631,0,0,0,0,0,0,1
1595109,0,0,0,0,0,0,0
1596256,0,0,0,0,0,0,0
1596656,0,0,0,0,0,0,0
1598693,0,0,0,0,0,0,0
1601186,0,0,0,0,0,0,0
1601831,0,0,0,0,0,0,0
1602309,0,0,0,0,0,0,0
1603456,0,0,0,0,0,0,0
1603856,0,0,0,0,0,0,0
1605893,0,0,0,0,0,0,0
1608386,0,0,0,0,0,0,0
1609031,0,0,0,0,0,0,0
1609509,0,0,0,0,0,0,0
1610656,0,0,0,0,0,0,0
1611056,0,0,0,0,0,0,0
1613093,0,0,0,0,0,0,0
1615586,0,0,0,0,0,0,0
1616134,0,0,0,0,0,0,1
1616227,0,0,0,0,0,0,0
1616705,0,0,0,0,0,0,0
1617852,0,0,0,0,0,0,0
1618252,0,0,0,0,0,0,0
1620289,0,0,0,0,0,0,0
1623334,0,0,0,0,0,0,0
1623427,0,0,0,0,0,0,0
1623905,0,0,0,0,0,0,0
1625052,0,0,0,0,0,0,0
1625452,0,0,0,0,0,0,0
1627489,0,0,0,0,0,0,0
1630534,0,0,0,0,0,0,0
1630627,0,0,0,0,0,0,0
1631105,0,0,0,0,0,0,0
1632252,0,0,0,0,0,0,0
1632652,0,0,0,0,0,0,0
1634689,0,0,0,0,0,0,0
1637734,0,0,0,0,0,0,0
1637827,0,0,0,0,0,0,0
1638305,0,0,0,0,0,0,0
1639452,0,0,0,0,0,0,0
1639852,0,0,0,0,0,0,0
1641889,0,0,0,0,0,0,0
1644934,0,0,0,0,0,0,0
1645027,0,0,0,0,0,0,0
1645505,0,0,0,0,0,0,0
1646652,0,0,0,0,0,0,0
1647052,0,0,0,0,0,0,0
1649089,0,0,0,0,0,0,0
1652134,0,0,0,0,0,0,0
1652227,0,0,0,0,0,0,0
1652366,0,0,0,0,0,0,1
1652626,0,0,0,0,0,0,1
1652697,0,0,0,0,0,0,0
1653844,0,0,0,0,0,0,0
1654244,0,0,0,0,0,0,0
1654699,1,0,0,0,0,0,1
1656277,0,0,0,0,0,0,0
1659826,0,0,0,0,0,0,0
1659897,0,0,0,0,0,0,0
1661044,0,0,0,0,0,0,0
1661444,0,0,0,0,0,0,0
1661708,0,0,0,0,0,0,1
1661895,0,0,0,0,0,0,0
1663473,0,0,0,0,0,0,0
1663568,0,0,0,0,0,0,1
1664621,0,0,0,0,0,0,1
1665237,1,0,0,0,0,0,1
1667010,0,0,0,0,0,0,0
1668636,0,0,0,0,0,0,0
1669091,0,0,0,0,0,0,0
1670768,0,0,0,0,0,0,0
1671821,0,0,0,0,0,0,0
1672437,0,0,0,0,0,0,0
1672601,0,0,0,0,0,0,1
1674206,0,0,0,0,0,0,0
1674682,0,0,0,0,0,0,1
1675828,0,0,0,0,0,0,0
1676283,0,0,0,0,0,0,0
1677960,0,0,0,0,0,0,0
1679013,0,0,0,0,0,0,0
1679295,1,0,0,0,0,0,1
1679793,0,0,0,0,0,0,0
1681878,0,0,0,0,0,0,0
1683024,0,0,0,0,0,0,0
1685160,0,0,0,0,0,0,0
1686213,0,0,0,0,0,0,0
1686495,0,0,0,0,0,0,0
1686993,0,0,0,0,0,0,0
1687999,0,0,0,0,0,0,1
1689074,0,0,0,0,0,0,0
1690220,0,0,0,0,0,0,0
1690625,1,1,1,0,0,0,1
1691124,0,0,0,0,0,0,1
1691432,0,0,0,0,0,0,1
1691767,0,0,0,0,0,0,1
1691833,0,0,0,0,0,0,1
1692309,0,0,0,0,0,0,1
1692332,0,0,0,0,0,0,0
1693072,0,0,0,0,0,0,1
1693161,0,0,0,0,0,0,1
1693327,1,0,0,0,0,0,1
1693373,1,0,0,0,0,0,0
1693796,1,0,0,0,0,0,1
1694369,0,0,0,0,0,0,1
1695060,0,0,0,0,0,0,1
1695563,0,0,0,0,0,0,1
1695653,0,0,0,0,0,0,1
1696226,1,0,0,0,0,0,0
1696823,1,0,0,0,0,0,1
1697369,0,0,0,0,0,0,1
1698016,0,0,0,0,0,0,1
1698344,1,0,0,0,0,0,1
1698725,0,0,0,0,0,0,1
1699755,1,0,0,0,0,0,1
1699825,1,0,0,0,0,0,1
1699866,1,0,0,0,0,0,1
1701973,0,0,0,0,0,0,1
1702260,1,0,0,0,0,0,1
1702375,1,0,0,0,0,0,1
1702730,1,0,0,0,0,0,1
1703589,1,0,0,0,0,0,1
1703924,1,0,0,0,0,0,1
1704376,0,0,0,0,0,0,1
1705520,1,0,0,0,0,0,0
1706644,0,0,0,0,0,0,1
1707005,1,0,0,0,0,0,0
1707380,0,0,0,0,0,0,1
1707384,0,0,0,0,0,0,1
1707590,0,0,0,0,0,0,1
1707829,0,0,0,0,0,0,1
1707844,0,0,0,0,0,0,1
1708083,0,0,0,0,0,0,1
1708149,1,0,0,0,0,0,1
1708816,1,0,0,0,0,0,1
1710350,1,0,0,0,0,0,1
1710372,1,0,0,0,0,0,1
1710561,1,0,0,0,0,0,1
1715283,0,0,0,0,0,0,0
1715349,0,0,0,0,0,0,0
1716016,0,0,0,0,0,0,0
1716541,0,0,0,0,0,0,1
1716659,0,0,0,0,0,0,1
1717085,0,0,0,0,0,0,1
1717538,0,0,0,0,0,0,0
1717560,0,0,0,0,0,0,0
1717749,0,0,0,0,0,0,0
1723212,0,0,0,0,0,0,0
1723859,0,0,0,0,0,0,0
1724285,0,0,0,0,0,0,0
1724738,0,0,0,0,0,0,0
1724760,0,0,0,0,0,0,0
1724949,0,0,0,0,0,0,0
1730412,0,0,0,0,0,0,0
1731059,0,0,0,0,0,0,0
1731485,0,0,0,0,0,0,0
1731552,0,0,0,0,0,0,1
1731934,0,0,0,0,0,0,0
1731956,0,0,0,0,0,0,0
1732145,0,0,0,0,0,0,0
1732645,0,0,0,0,0,0,1
1738255,0,0,0,0,0,0,0
1738681,0,0,0,0,0,0,0
1738748,0,0,0,0,0,0,0
1738792,0,0,0,0,0,0,1
1739126,0,0,0,0,0,0,0
1739148,0,0,0,0,0,0,0
1739841,0,0,0,0,0,0,0
1740865,0,0,0,0,0,0,1
1745447,0,0,0,0,0,0,0
1745992,0,0,0,0,0,0,0
1746326,0,0,0,0,0,0,0
1746348,0,0,0,0,0,0,0
1746968,0,0,0,0,0,0,1
1747037,0,0,0,0,0,0,0
1747726,0,0,0,0,0,0,1
1748057,0,0,0,0,0,0,0
1749856,0,0,0,0,0,0,1
1752324,0,0,0,0,0,0,1
1752582,0,0,0,0,0,0,1
1752627,0,0,0,0,0,0,0
1753172,0,0,0,0,0,0,0
1754229,0,0,0,0,0,0,0
1754364,1,0,0,0,0,0,1
1755249,0,0,0,0,0,0,0
1756616,0,0,0,0,0,0,1
1758027,0,0,0,0,0,0,1
1758285,1,0,0,0,0,0,1
1759770,0,0,0,0,0,0,0
1759933,0,0,0,0,0,0,1
1760386,0,0,0,0,0,0,1
1761417,0,0,0,0,0,0,0
1761552,0,0,0,0,0,0,0
1761839,0,0,0,0,0,0,1
1762100,0,0,0,0,0,0,1
1763031,0,0,0,0,0,0,1
1764492,0,0,0,0,0,0,1
1765257,0,0,0,0,0,0,1
1766333,0,0,0,0,0,0,1
1766880,0,0,0,0,0,0,1
1767113,0,0,0,0,0,0,0
1767566,0,0,0,0,0,0,0
1767875,0,0,0,0,0,0,1
1768497,1,0,0,0,0,0,1
1768728,0,0,0,0,0,0,0
1769566,1,0,0,0,0,0,1
1772922,0,0,0,0,0,0,1
1773348,0,0,0,0,0,0,1
1774068,0,0,0,0,0,0,0
1774301,0,0,0,0,0,0,0
1775067,0,0,0,0,0,0,0
1775689,0,0,0,0,0,0,0
1776020,0,0,0,0,0,0,1
1776159,1,0,0,0,0,0,1
1777428,1,0,0,0,0,0,1
1778480,1,0,0,0,0,0,1
1780106,0,0,0,0,0,0,0
1780532,0,0,0,0,0,0,0
1781489,1,0,0,0,0,0,0
1782881,0,0,0,0,0,0,0
1783355,0,0,0,0,0,0,0
1785680,0,0,0,0,0,0,0
1787306,0,0,0,0,0,0,0
1787732,0,0,0,0,0,0,0
1788689,0,0,0,0,0,0,0
1790081,0,0,0,0,0,0,0
1790555,0,0,0,0,0,0,0
1792880,0,0,0,0,0,0,0
1794506,0,0,0,0,0,0,0
1794932,0,0,0,0,0,0,0
1795889,0,0,0,0,0,0,0
1797281,0,0,0,0,0,0,0
1797755,0,0,0,0,0,0,0
1800080,0,0,0,0,0,0,0
1801706,0,0,0,0,0,0,0
1802132,0,0,0,0,0,0,0
1802586,0,0,0,0,0,0,1
1802628,0,0,0,0,0,0,1
1802630,0,0,0,0,0,0,1
1803077,0,0,0,0,0,0,0
1804469,0,0,0,0,0,0,0
1804943,0,0,0,0,0,0,0
1806861,0,0,0,0,0,0,1
1807264,0,0,0,0,0,0,0
1807283,1,0,0,0,0,0,1
1808289,0,0,0,0,0,0,1
1808885,0,0,0,0,0,0,1
1809812,0,0,0,0,0,0,0
1809814,0,0,0,0,0,0,0
1810167,0,0,0,0,0,0,1
1810257,0,0,0,0,0,0,0
1810420,0,0,0,0,0,0,1
1813082,0,0,0,0,0,0,1
1814448,0,0,0,0,0,0,0
1815212,0,0,0,0,0,0,1
1816073,0,0,0,0,0,0,0
1816092,0,0,0,0,0,0,1
1817359,0,0,0,0,0,0,0
1817449,0,0,0,0,0,0,0
1817612,0,0,0,0,0,0,0
1820274,0,0,0,0,0,0,0
1820990,0,0,0,0,0,0,1
1823269,0,0,0,0,0,0,0
1823288,0,0,0,0,0,0,0
1824555,1,0,0,0,0,0,0
1824645,1,0,0,0,0,0,0
1824808,0,0,0,0,0,0,0
1826081,0,0,0,0,0,0,1
1827180,0,0,0,0,0,0,1
1828160,1,0,0,0,0,0,1
1828178,0,0,0,0,0,0,0
1830260,0,0,0,0,0,0,1
1831024,0,0,0,0,0,0,1
1831743,0,0,0,0,0,0,0
1831833,0,0,0,0,0,0,0
1833128,1,0,0,0,0,0,1
1833269,0,0,0,0,0,0,0
1834081,1,0,0,0,0,0,1
1834797,0,0,0,0,0,0,1
1835366,0,0,0,0,0,0,0
1835653,0,0,0,0,0,0,1
1837040,1,0,0,0,0,0,1
1838208,1,0,0,0,0,0,0
1838927,0,0,0,0,0,0,0
1839017,0,0,0,0,0,0,0
1839061,0,0,0,0,0,0,1
1839324,0,0,0,0,0,0,1
1839583,0,0,0,0,0,0,1
1840129,0,0,0,0,0,0,1
1840343,0,0,0,0,0,0,1
1841181,1,0,0,0,0,0,1
1842373,1,0,0,0,0,0,1
1842538,0,0,0,0,0,0,0
1845388,0,0,0,0,0,0,0
1846516,0,0,0,0,0,0,0
1847543,0,0,0,0,0,0,0
1848116,0,0,0,0,0,0,1
1848377,1,1,1,0,0,1,0
1849569,0,0,0,0,0,0,0
1849734,0,0,0,0,0,0,0
1850333,0,0,0,0,0,0,1
1852559,0,0,0,0,0,0,1
1852576,0,0,0,0,0,0,0
1855312,1,0,0,0,0,0,0
1856388,0,0,0,0,0,0,1
1856765,0,0,0,0,0,0,0
1856930,1,0,0,0,0,0,0
1857529,0,0,0,0,0,0,0
1857573,0,0,0,0,0,0,1
1858838,0,0,0,0,0,0,1
1859747,0,0,0,0,0,0,0
1859764,0,0,0,0,0,0,0
1860268,0,0,0,0,0,0,1
1860716,0,0,0,0,0,0,1
1861340,0,0,0,0,0,0,1
1861524,0,0,0,0,0,0,1
1862098,0,0,0,0,0,0,1
1862142,0,0,0,0,0,0,1
1863937,0,0,0,0,0,0,0
1864753,0,0,0,0,0,0,0
1866931,0,0,0,0,0,0,0
1868536,0,0,0,0,0,0,0
1868720,0,0,0,0,0,0,0
1869342,0,0,0,0,0,0,0
1869386,0,0,0,0,0,0,1
1869456,0,0,0,0,0,0,1
1871129,0,0,0,0,0,0,0
1871677,0,0,0,0,0,0,1
1871941,0,0,0,0,0,0,0
1872465,0,0,0,0,0,0,1
1872601,0,0,0,0,0,0,1
1873153,1,0,0,0,0,0,1
1873989,1,0,0,0,0,0,1
1874103,0,0,0,0,0,0,0
1874194,0,0,0,0,0,0,1
1875223,1,0,0,0,0,0,1
1875888,0,0,0,0,0,0,0
1876632,0,0,0,0,0,0,0
1877825,0,0,0,0,0,0,1
1879525,0,0,0,0,0,0,1
1881181,1,0,0,0,0,0,0
1881390,1,0,0,0,0,0,0
1881629,0,0,0,0,0,0,1
1882415,0,0,0,0,0,0,0
1883080,0,0,0,0,0,0,0
1883824,0,0,0,0,0,0,0
1884228,0,0,0,0,0,0,1
1886717,0,0,0,0,0,0,0
1888586,0,0,0,0,0,0,0
1888825,1,0,0,0,0,0,0
1889226,0,0,0,0,0,0,1
1889607,0,0,0,0,0,0,0
1890272,0,0,0,0,0,0,0
1891424,0,0,0,0,0,0,0
1893913,0,0,0,0,0,0,0
1896025,0,0,0,0,0,0,0
1896426,0,0,0,0,0,0,0
1896807,0,0,0,0,0,0,0
1897472,0,0,0,0,0,0,0
1898624,0,0,0,0,0,0,0
1901113,0,0,0,0,0,0,0
1903225,0,0,0,0,0,0,0
1903626,0,0,0,0,0,0,0
1904007,0,0,0,0,0,0,0
1904672,0,0,0,0,0,0,0
1905797,1,0,0,0,0,0,1
1905820,0,0,0,0,0,0,0
1905821,1,0,0,0,0,0,1
1907660,1,0,0,0,0,0,1
1909145,0,0,0,0,0,0,1
1910457,1,0,0,0,0,0,1
1910814,0,0,0,0,0,0,0
1911145,0,0,0,0,0,0,1
1911191,0,0,0,0,0,0,0
1911856,0,0,0,0,0,0,0
1911859,0,0,0,0,0,0,1
1912114,1,0,0,0,0,0,1
1912303,0,0,0,0,0,0,1
1912512,0,0,0,0,0,0,1
1913876,1,0,0,0,0,0,1
1914836,0,0,0,0,0,0,0
1915239,0,0,0,0,0,0,1
1915330,0,0,0,0,0,0,1
1915372,1,0,0,0,0,0,1
1916309,1,0,0,0,0,0,0
1918317,0,0,0,0,0,0,0
1918600,0,0,0,0,0,0,1
1921933,0,0,0,0,0,0,1
1922028,0,0,0,0,0,0,0
1922431,0,0,0,0,0,0,0
1922473,0,0,0,0,0,0,1
1922518,0,0,0,0,0,0,0
1923501,0,0,0,0,0,0,0
1923732,0,0,0,0,0,0,1
1924544,0,0,0,0,0,0,1
1924616,0,0,0,0,0,0,1
1924637,0,0,0,0,0,0,1
1925088,0,0,0,0,0,0,1
1925200,0,0,0,0,0,0,1
1925824,0,0,0,0,0,0,1
1929611,1,0,0,0,0,0,0
1929653,0,0,0,0,0,0,0
1929698,0,0,0,0,0,0,0
1930056,0,0,0,0,0,0,1
1930289,0,0,0,0,0,0,1
1931825,0,0,0,0,0,0,0
1931985,0,0,0,0,0,0,1
1932318,0,0,0,0,0,0,1
1932364,0,0,0,0,0,0,1
1932380,0,0,0,0,0,0,0
1932429,0,0,0,0,0,0,1
1932925,1,0,0,0,0,0,1
1932996,0,0,0,0,0,0,1
1933041,0,0,0,0,0,0,1
1934549,0,0,0,0,0,0,1
1936775,0,0,0,0,0,0,0
1937683,0,0,0,0,0,0,1
1939502,1,0,0,0,0,0,0
1939568,0,0,0,0,0,0,0
1940117,0,0,0,0,0,0,0
1940188,0,0,0,0,0,0,0
1941745,0,0,0,0,0,0,0
1941785,0,0,0,0,0,0,1
1942693,0,0,0,0,0,0,1
1944250,0,0,0,0,0,0,1
1944871,0,0,0,0,0,0,0
1945276,0,0,0,0,0,0,1
1946256,0,0,0,0,0,0,1
1946752,1,0,0,0,0,0,0
1947064,0,0,0,0,0,0,1
1948933,1,0,0,0,0,0,0
1949577,0,0,0,0,0,0,1
1949881,0,0,0,0,0,0,0
1950477,0,0,0,0,0,0,1
1951434,1,0,0,0,0,0,0
1952055,0,0,0,0,0,0,0
1953517,0,0,0,0,0,0,1
1953940,0,0,0,0,0,0,0
1954252,0,0,0,0,0,0,0
1954609,0,0,0,0,0,0,1
1955056,0,0,0,0,0,0,1
1955060,1,0,0,0,0,0,1
1957665,0,0,0,0,0,0,0
1957856,0,0,0,0,0,0,1
1958618,0,0,0,0,0,0,0
1959192,0,0,0,0,0,0,1
1959235,1,0,0,0,0,0,0
1959734,0,0,0,0,0,0,1
1959828,0,0,0,0,0,0,1
1959919,0,0,0,0,0,0,1
1960322,0,0,0,0,0,0,1
1960559,0,0,0,0,0,0,1
1961781,1,0,0,0,0,0,0
1962228,0,0,0,0,0,0,0
1964841,0,0,0,0,0,0,0
1965681,1,0,0,0,0,0,1
1967020,0,0,0,0,0,0,0
1967518,0,0,0,0,0,0,0
1967755,0,0,0,0,0,0,0
1969428,0,0,0,0,0,0,0
1969811,0,0,0,0,0,0,1
1969857,0,0,0,0,0,0,1
1971168,1,0,0,0,0,0,1
1971361,0,0,0,0,0,0,1
1972025,0,0,0,0,0,0,0
1972695,1,0,0,0,0,0,1
1974204,1,0,0,0,0,0,0
1974702,1,1,0,0,0,0,0
1975226,0,0,0,0,0,0,1
1975679,1,0,0,0,0,0,1
1977472,1,0,0,0,0,0,1
1978548,1,0,0,0,0,0,1
1978553,0,0,0,0,0,0,0
1979068,0,0,0,0,0,0,1
1979209,0,0,0,0,0,0,0
1979281,0,0,0,0,0,0,1
1980621,0,0,0,0,0,0,1
1980756,0,0,0,0,0,0,1
1980993,0,0,0,0,0,0,1
1981376,0,0,0,0,0,0,0
1981969,0,0,0,0,0,0,1
1982398,0,0,0,0,0,0,0
1982633,0,0,0,0,0,0,1
1982847,0,0,0,0,0,0,0
1983034,0,0,0,0,0,0,1
1983128,0,0,0,0,0,0,1
1983192,0,0,0,0,0,0,1
1983383,0,0,0,0,0,0,1
1984243,0,0,0,0,0,0,1
1984740,0,0,0,0,0,0,1
1985265,0,0,0,0,0,0,1
1985383,0,0,0,0,0,0,1
1985787,0,0,0,0,0,0,1
1987175,0,0,0,0,0,0,1
1987773,0,0,0,0,0,0,0
1987887,0,0,0,0,0,0,1
1988893,0,0,0,0,0,0,1
1989825,0,0,0,0,0,0,1
1990202,0,0,0,0,0,0,0
1990296,0,0,0,0,0,0,0
1991324,0,0,0,0,0,0,1
1991916,0,0,0,0,0,0,0
1992441,0,0,0,0,0,0,0
1995079,0,0,0,0,0,0,0
1997021,0,0,0,0,0,0,0
1997398,0,0,0,0,0,0,0
1997826,0,0,0,0,0,0,1
1998520,0,0,0,0,0,0,0
1999112,0,0,0,0,0,0,0
1999637,0,0,0,0,0,0,0
1999968,1,0,0,0,0,0,1
2002271,0,0,0,0,0,0,0
2003755,1,0,0,0,0,0,1
2003799,0,0,0,0,0,0,1
2004205,0,0,0,0,0,0,0
2005014,0,0,0,0,0,0,0
2005706,1,0,0,0,0,0,1
2005708,0,0,0,0,0,0,0
2006825,0,0,0,0,0,0,0
2007156,0,0,0,0,0,0,0
2007202,1,0,0,0,0,0,1
2008300,1,0,0,0,0,0,1
2010987,0,0,0,0,0,0,0
2011393,0,0,0,0,0,0,0
2012900,0,0,0,0,0,0,0
2014021,0,0,0,0,0,0,0
2014402,0,0,0,0,0,0,0
2015500,0,0,0,0,0,0,0
2018187,0,0,0,0,0,0,0
2018593,0,0,0,0,0,0,0
2020100,0,0,0,0,0,0,0
2021221,0,0,0,0,0,0,0
2021602,0,0,0,0,0,0,0
2022700,0,0,0,0,0,0,0
2025387,0,0,0,0,0,0,0
2025793,0,0,0,0,0,0,0
2027300,0,0,0,0,0,0,0
2028421,0,0,0,0,0,0,0
2028802,0,0,0,0,0,0,0
2029900,0,0,0,0,0,0,0
2032587,0,0,0,0,0,0,0
2032993,0,0,0,0,0,0,0
2034500,0,0,0,0,0,0,0
2035621,0,0,0,0,0,0,0
2036002,0,0,0,0,0,0,0
2037100,0,0,0,0,0,0,0
2039787,0,0,0,0,0,0,0
2040193,0,0,0,0,0,0,0
2041700,0,0,0,0,0,0,0
2042821,0,0,0,0,0,0,0
2043202,0,0,0,0,0,0,0
2044300,0,0,0,0,0,0,0
2046987,0,0,0,0,0,0,0
2047393,0,0,0,0,0,0,0
2048900,0,0,0,0,0,0,0
2050021,0,0,0,0,0,0,0
2050402,0,0,0,0,0,0,0
2051500,0,0,0,0,0,0,0
2054187,0,0,0,0,0,0,0
2054593,0,0,0,0,0,0,0
2056100,0,0,0,0,0,0,0
2057221,0,0,0,0,0,0,0
2057602,0,0,0,0,0,0,0
2058700,0,0,0,0,0,0,0
2061387,0,0,0,0,0,0,0
2061793,0,0,0,0,0,0,0
2061837,0,0,0,0,0,0,1
2063296,0,0,0,0,0,0,0
2064417,0,0,0,0,0,0,0
2064798,0,0,0,0,0,0,0
2065896,0,0,0,0,0,0,0
2068583,0,0,0,0,0,0,0
2069037,0,0,0,0,0,0,0
2070496,0,0,0,0,0,0,0
2071617,0,0,0,0,0,0,0
2071998,0,0,0,0,0,0,0
2072330,0,0,0,0,0,0,1
2072544,0,0,0,0,0,0,1
2073088,0,0,0,0,0,0,0
2074188,0,0,0,0,0,0,1
2075771,0,0,0,0,0,0,0
2076225,0,0,0,0,0,0,0
2076267,0,0,0,0,0,0,1
2076311,0,0,0,0,0,0,1
2078801,0,0,0,0,0,0,0
2079518,0,0,0,0,0,0,0
2079732,0,0,0,0,0,0,0
2080182,0,0,0,0,0,0,1
2080825,0,0,0,0,0,0,1
2081372,0,0,0,0,0,0,0
2083413,0,0,0,0,0,0,0
2083503,0,0,0,0,0,0,1
2084411,0,0,0,0,0,0,1
2084455,0,0,0,0,0,0,1
2084785,0,0,0,0,0,0,1
2085429,0,0,0,0,0,0,1
2086221,0,0,0,0,0,0,1
2086912,0,0,0,0,0,0,0
2087217,0,0,0,0,0,0,1
2087313,0,0,0,0,0,0,1
2087354,0,0,0,0,0,0,0
2088548,0,0,0,0,0,0,0
2088786,0,0,0,0,0,0,1
2088830,0,0,0,0,0,0,1
2089328,0,0,0,0,0,0,1
2090092,0,0,0,0,0,0,1
2090405,0,0,0,0,0,0,1
2091623,0,0,0,0,0,0,0
2094092,0,0,0,0,0,0,0
2094397,0,0,0,0,0,0,0
2095308,0,0,0,0,0,0,1
2095420,0,0,0,0,0,0,1
2096018,0,0,0,0,0,0,0
2097601,0,0,0,0,0,0,0
2098819,0,0,0,0,0,0,0
2101597,0,0,0,0,0,0,0
2102508,0,0,0,0,0,0,0
2102573,0,0,0,0,0,0,1
2102616,0,0,0,0,0,0,0
2103214,0,0,0,0,0,0,0
2104410,1,0,0,0,0,0,1
2104480,0,0,0,0,0,0,1
2104789,0,0,0,0,0,0,0
2105168,0,0,0,0,0,0,1
2105689,0,0,0,0,0,0,1
2105999,0,0,0,0,0,0,0
2108780,0,0,0,0,0,0,1
2109804,0,0,0,0,0,0,0
2111602,0,0,0,0,0,0,0
2111985,0,0,0,0,0,0,0
2112674,0,0,0,0,0,0,1
2112885,0,0,0,0,0,0,0
2113195,0,0,0,0,0,0,0
2114748,0,0,0,0,0,0,1
2115971,0,0,0,0,0,0,1
2115972,0,0,0,0,0,0,0
2118388,0,0,0,0,0,0,1
2119177,0,0,0,0,0,0,0
2119866,0,0,0,0,0,0,0
2120077,0,0,0,0,0,0,0
2120386,0,0,0,0,0,0,1
2121940,0,0,0,0,0,0,0
2122512,0,0,0,0,0,0,1
2123159,0,0,0,0,0,0,0
2125580,0,0,0,0,0,0,0
2126104,0,0,0,0,0,0,1
2126365,0,0,0,0,0,0,0
2127269,0,0,0,0,0,0,0
2127578,0,0,0,0,0,0,0
2127792,0,0,0,0,0,0,1
2127857,0,0,0,0,0,0,1
2127929,0,0,0,0,0,0,1
2128473,0,0,0,0,0,0,1
2128661,0,0,0,0,0,0,1
2128901,0,0,0,0,0,0,1
2129016,0,0,0,0,0,0,1
2129060,0,0,0,0,0,0,1
2129077,0,0,0,0,0,0,1
2129672,0,0,0,0,0,0,0
2130319,0,0,0,0,0,0,0
2130867,0,0,0,0,0,0,1
2134750,0,0,0,0,0,0,0
2136093,0,0,0,0,0,0,0
2136256,0,0,0,0,0,0,0
2136273,0,0,0,0,0,0,0
2136868,0,0,0,0,0,0,0
2137108,0,0,0,0,0,0,1
2137772,0,0,0,0,0,0,1
2138059,0,0,0,0,0,0,0
2141942,0,0,0,0,0,0,0
2141986,0,0,0,0,0,0,1
2143281,0,0,0,0,0,0,0
2143465,0,0,0,0,0,0,0
2144304,0,0,0,0,0,0,0
2144968,0,0,0,0,0,0,0
2145255,0,0,0,0,0,0,0
2149186,0,0,0,0,0,0,0
2150481,0,0,0,0,0,0,0
2150665,0,0,0,0,0,0,0
2150669,0,0,0,0,0,0,1
2151500,0,0,0,0,0,0,0
2151713,0,0,0,0,0,0,1
2152160,0,0,0,0,0,0,0
2152257,0,0,0,0,0,0,1
2152443,0,0,0,0,0,0,0
2156374,0,0,0,0,0,0,0
2157498,0,0,0,0,0,0,1
2157853,0,0,0,0,0,0,0
2158692,0,0,0,0,0,0,0
2159356,0,0,0,0,0,0,0
2159380,0,0,0,0,0,0,1
2159449,0,0,0,0,0,0,0
2159635,0,0,0,0,0,0,0
2160519,0,0,0,0,0,0,1
2163728,0,0,0,0,0,0,1
2164686,0,0,0,0,0,0,0
2165041,0,0,0,0,0,0,0
2165541,0,0,0,0,0,0,1
2166401,0,0,0,0,0,0,1
2166568,0,0,0,0,0,0,0
2166637,0,0,0,0,0,0,0
2167685,0,0,0,0,0,0,1
2167707,0,0,0,0,0,0,0
2167725,0,0,0,0,0,0,1
2167842,0,0,0,0,0,0,1
2168032,0,0,0,0,0,0,1
2168291,0,0,0,0,0,0,1
2168552,0,0,0,0,0,0,1
2168689,0,0,0,0,0,0,1
2168927,0,0,0,0,0,0,1
2169907,0,0,0,0,0,0,1
2170884,0,0,0,0,0,0,0
2171744,0,0,0,0,0,0,1
2172388,0,0,0,0,0,0,1
2173805,0,0,0,0,0,0,0
2174372,0,0,0,0,0,0,1
2174541,0,0,0,0,0,0,1
2175014,0,0,0,0,0,0,0
2175732,0,0,0,0,0,0,0
2175845,0,0,0,0,0,0,1
2177091,0,0,0,0,0,0,0
2180880,0,0,0,0,0,0,1
2180901,0,0,0,0,0,0,1
2181564,0,0,0,0,0,0,0
2181733,0,0,0,0,0,0,1
2182206,0,0,0,0,0,0,0
2182656,0,0,0,0,0,0,1
2182750,0,0,0,0,0,0,1
2182989,0,0,0,0,0,0,1
2183029,0,0,0,0,0,0,0
2183096,0,0,0,0,0,0,1
2183456,0,0,0,0,0,0,1
2183784,0,0,0,0,0,0,1
2184263,0,0,0,0,0,0,0
2184906,0,0,0,0,0,0,1
2186078,0,0,0,0,0,0,1
2186626,0,0,0,0,0,0,1
2187076,0,0,0,0,0,0,1
2187340,0,0,0,0,0,0,1
2187384,0,0,0,0,0,0,1
2187956,0,0,0,0,0,0,1
2190161,0,0,0,0,0,0,0
2190201,0,0,0,0,0,0,0
2191447,0,0,0,0,0,0,0
2192954,0,0,0,0,0,0,1
2193884,0,0,0,0,0,0,1
2195156,0,0,0,0,0,0,0
2195438,0,0,0,0,0,0,1
2196272,0,0,0,0,0,0,1
2196317,0,0,0,0,0,0,1
2196672,0,0,0,0,0,0,1
2196745,0,0,0,0,0,0,1
2197149,0,0,0,0,0,0,1
2198436,0,0,0,0,0,0,1
2198627,0,0,0,0,0,0,0
2202344,0,0,0,0,0,0,0
2202626,0,0,0,0,0,0,0
2203509,0,0,0,0,0,0,0
2204349,0,0,0,0,0,0,0
2205636,0,0,0,0,0,0,0
2205827,0,0,0,0,0,0,0
2206780,0,0,0,0,0,0,1
2208844,1,0,0,0,0,0,1
2209822,0,0,0,0,0,0,0
2210705,0,0,0,0,0,0,0
2211545,0,0,0,0,0,0,0
2211875,0,0,0,0,0,0,1
2211921,0,0,0,0,0,0,1
2212010,0,0,0,0,0,0,1
2212056,0,0,0,0,0,0,1
2212195,0,0,0,0,0,0,1
2212718,0,0,0,0,0,0,1
2213173,0,0,0,0,0,0,1
2213577,0,0,0,0,0,0,1
2213764,0,0,0,0,0,0,1
2213948,0,0,0,0,0,0,0
2214212,0,0,0,0,0,0,1
2217877,0,0,0,0,0,0,0
2219387,0,0,0,0,0,0,0
2219910,0,0,0,0,0,0,0
2220773,0,0,0,0,0,0,0
2221148,0,0,0,0,0,0,0
2221412,0,0,0,0,0,0,0
2221816,0,0,0,0,0,0,1
2222000,0,0,0,0,0,0,1
2223436,0,0,0,0,0,0,1
2225065,0,0,0,0,0,0,0
2225445,0,0,0,0,0,0,1
2225536,0,0,0,0,0,0,1
2226567,0,0,0,0,0,0,0
2226971,0,0,0,0,0,0,1
2227086,0,0,0,0,0,0,0
2227949,0,0,0,0,0,0,0
2229000,0,0,0,0,0,0,0
2230005,0,0,0,0,0,0,1
2230141,0,0,0,0,0,0,1
2230379,0,0,0,0,0,0,1
2230757,0,0,0,0,0,0,1
2230804,0,0,0,0,0,0,1
2231063,0,0,0,0,0,0,1
2232189,0,0,0,0,0,0,1
2232205,0,0,0,0,0,0,1
2232249,0,0,0,0,0,0,1
2232631,0,0,0,0,0,0,1
2232696,0,0,0,0,0,0,0
2232837,0,0,0,0,0,0,1
2233528,0,0,0,0,0,0,1
2233815,0,0,0,0,0,0,1
2234242,0,0,0,0,0,0,0
2234550,0,0,0,0,0,0,1
2235197,0,0,0,0,0,0,1
2236273,0,0,0,0,0,0,1
2236434,0,0,0,0,0,0,1
2237269,0,0,0,0,0,0,1
2237576,0,0,0,0,0,0,1
2237960,0,0,0,0,0,0,0
2238001,0,0,0,0,0,0,1
2238005,0,0,0,0,0,0,1
2238597,0,0,0,0,0,0,1
2238929,0,0,0,0,0,0,1
2239376,0,0,0,0,0,0,1
2240980,0,0,0,0,0,0,1
2240983,0,0,0,0,0,0,0
2241097,0,0,0,0,0,0,1
2243610,0,0,0,0,0,0,0
2245144,0,0,0,0,0,0,0
2245185,0,0,0,0,0,0,0
2248180,0,0,0,0,0,0,0
2248183,0,0,0,0,0,0,0
2248297,0,0,0,0,0,0,0
2250810,0,0,0,0,0,0,0
2252344,0,0,0,0,0,0,0
2252385,0,0,0,0,0,0,0
2255380,0,0,0,0,0,0,0
2255383,0,0,0,0,0,0,0
2255497,0,0,0,0,0,0,0
2257147,0,0,0,0,0,0,1
2258006,0,0,0,0,0,0,0
2259349,0,0,0,0,0,0,1
2259536,0,0,0,0,0,0,0
2259577,0,0,0,0,0,0,0
2262572,0,0,0,0,0,0,0
2262979,0,0,0,0,0,0,1
2263431,0,0,0,0,0,0,1
2264027,1,0,0,0,0,0,1
2264601,0,0,0,0,0,0,1
2265194,0,0,0,0,0,0,0
2265263,1,0,0,0,0,0,1
2265645,1,0,0,0,0,0,1
2266337,0,0,0,0,0,0,1
2266714,1,0,0,0,0,0,1
2266716,0,0,0,0,0,0,0
2266753,0,0,0,0,0,0,0
2267806,0,0,0,0,0,0,1
2268333,1,0,0,0,0,0,1
2268757,0,0,0,0,0,0,1
2269736,0,0,0,0,0,0,0
2271917,0,0,0,0,0,0,1
2272443,0,0,0,0,0,0,0
2273831,0,0,0,0,0,0,1
2273900,0,0,0,0,0,0,0
2274998,0,0,0,0,0,0,0
2275525,0,0,0,0,0,0,0
2275975,0,0,0,0,0,0,1
2276928,1,0,0,0,0,0,0
2276951,0,0,0,0,0,0,1
2279105,0,0,0,0,0,0,0
2279415,0,0,0,0,0,0,1
2281092,0,0,0,0,0,0,0
2282072,0,0,0,0,0,0,1
2282186,0,0,0,0,0,0,0
2282205,0,0,0,0,0,0,1
2282709,1,0,0,0,0,0,0
2282799,0,0,0,0,0,0,1
2283036,1,0,0,0,0,0,1
2283342,1,0,0,0,0,0,1
2283384,0,0,0,0,0,0,1
2283860,0,0,0,0,0,0,1
2284100,1,0,0,0,0,0,1
2284884,1,0,0,0,0,0,1
2284928,0,0,0,0,0,0,1
2286676,0,0,0,0,0,0,1
2286720,0,0,0,0,0,0,1
2287508,1,0,0,0,0,0,1
2288320,1,0,0,0,0,0,1
2289373,1,0,0,0,0,0,0
2289877,1,0,0,0,0,0,0
2289967,0,0,0,0,0,0,0
2290297,1,0,0,0,0,0,1
2290510,0,0,0,0,0,0,0
2291276,0,0,0,0,0,0,0
2295516,1,0,0,0,0,0,0
2297077,0,0,0,0,0,0,0
2297167,1,0,0,0,0,0,0
2297497,1,0,0,0,0,0,0
2297710,1,0,0,0,0,0,0
2298476,0,0,0,0,0,0,0
2298497,0,0,0,0,0,0,1
2300890,0,0,0,0,0,0,1
2302708,0,0,0,0,0,0,0
2304363,0,0,0,0,0,0,0
2304385,0,0,0,0,0,0,1
2304689,0,0,0,0,0,0,0
2305672,0,0,0,0,0,0,0
2308090,0,0,0,0,0,0,0
2309908,0,0,0,0,0,0,0
2311563,0,0,0,0,0,0,0
2311585,1,0,0,0,0,0,0
2311792,1,0,0,0,0,0,1
2311885,0,0,0,0,0,0,0
2312098,1,0,0,0,0,0,1
2312548,0,0,0,0,0,0,1
2312860,0,0,0,0,0,0,0
2313573,1,0,0,0,0,0,1
2313618,1,0,0,0,0,0,1
2313974,0,0,0,0,0,0,1
2314016,1,0,0,0,0,0,1
2315886,1,0,0,0,0,0,1
2316145,1,0,0,0,0,0,1
2316385,1,0,0,0,0,0,1
2317793,0,0,0,0,0,0,1
2318727,0,0,0,0,0,0,0
2320044,1,0,0,0,0,0,0
2321212,1,0,0,0,0,0,0
2322316,0,0,0,0,0,0,1
2323078,0,0,0,0,0,0,0
2323581,0,0,0,0,0,0,0
2323599,1,0,0,0,0,0,1
2324985,1,0,0,0,0,0,0
2326014,0,0,0,0,0,0,1
2326897,0,0,0,0,0,0,1
2326968,1,0,0,0,0,0,1
2328212,1,1,0,0,0,0,1
2328396,0,0,0,0,0,0,0
2328609,0,0,0,0,0,0,1
2328653,0,0,0,0,0,0,1
2329368,1,0,0,0,0,0,1
2330761,0,0,0,0,0,0,0
2330779,1,1,1,0,0,1,0
2331209,0,0,0,0,0,0,1
2331251,0,0,0,0,0,0,1
2331252,0,0,0,0,0,0,1
2331291,0,0,0,0,0,0,1
2331428,0,0,0,0,0,0,1
2331789,0,0,0,0,0,0,1
2332116,0,0,0,0,0,0,1
2333170,1,1,1,0,0,0,0
2335302,0,0,0,0,0,0,1
2335825,0,0,0,0,0,0,0
2338440,0,0,0,0,0,0,0
2338483,0,0,0,0,0,0,0
2338985,0,0,0,0,0,0,0
2339312,0,0,0,0,0,0,0
2340488,0,0,0,0,0,0,1
2342498,0,0,0,0,0,0,0
2342711,0,0,0,0,0,0,1
2343017,1,0,0,0,0,0,0
2346185,0,0,0,0,0,0,0
2346512,0,0,0,0,0,0,0
2347688,0,0,0,0,0,0,0
2349698,0,0,0,0,0,0,0
2349911,0,0,0,0,0,0,0
2350217,1,0,0,0,0,0,0
2353385,0,0,0,0,0,0,0
2353712,0,0,0,0,0,0,0
2354888,0,0,0,0,0,0,0
2356898,0,0,0,0,0,0,0
2357111,0,0,0,0,0,0,0
2357417,0,0,0,0,0,0,0
2360585,0,0,0,0,0,0,0
2360912,0,0,0,0,0,0,0
2362088,0,0,0,0,0,0,0
2363164,0,0,0,0,0,0,1
2364094,0,0,0,0,0,0,0
2364307,0,0,0,0,0,0,0
2364613,0,0,0,0,0,0,0
2364923,0,0,0,0,0,0,1
2364967,0,0,0,0,0,0,1
2367773,0,0,0,0,0,0,0
2368100,0,0,0,0,0,0,0
2370356,0,0,0,0,0,0,0
2371286,0,0,0,0,0,0,0
2371809,0,0,0,0,0,0,0
2372167,0,0,0,0,0,0,0
2372787,0,0,0,0,0,0,1
2374749,0,0,0,0,0,0,1
2374965,0,0,0,0,0,0,0
2375292,0,0,0,0,0,0,0
2377548,0,0,0,0,0,0,0
2378478,0,0,0,0,0,0,0
2379987,0,0,0,0,0,0,0
2380609,0,0,0,0,0,0,1
2380816,0,0,0,0,0,0,1
2381079,0,0,0,0,0,0,1
2381219,0,0,0,0,0,0,1
2381575,0,0,0,0,0,0,1
2381929,0,0,0,0,0,0,0
2384736,0,0,0,0,0,0,0
2385666,0,0,0,0,0,0,0
2387608,0,0,0,0,0,0,1
2387797,0,0,0,0,0,0,0
2388004,0,0,0,0,0,0,0
2388771,0,0,0,0,0,0,0
2389125,0,0,0,0,0,0,0
2389243,0,0,0,0,0,0,1
2392862,0,0,0,0,0,0,0
2394804,0,0,0,0,0,0,0
2394993,0,0,0,0,0,0,0
2395200,0,0,0,0,0,0,0
2396325,0,0,0,0,0,0,0
2396443,0,0,0,0,0,0,0
2400062,0,0,0,0,0,0,0
2402004,0,0,0,0,0,0,0
2402193,0,0,0,0,0,0,0
2402400,0,0,0,0,0,0,0
2403525,0,0,0,0,0,0,0
2403643,0,0,0,0,0,0,0
2407262,0,0,0,0,0,0,0
2409204,0,0,0,0,0,0,0
2409393,0,0,0,0,0,0,0
2409600,0,0,0,0,0,0,0
2410725,0,0,0,0,0,0,0
2410843,0,0,0,0,0,0,0
2414462,0,0,0,0,0,0,0
2416404,0,0,0,0,0,0,0
2416593,0,0,0,0,0,0,0
2416800,0,0,0,0,0,0,0
2417925,0,0,0,0,0,0,0
2418043,0,0,0,0,0,0,0
2421662,0,0,0,0,0,0,0
2423604,0,0,0,0,0,0,0
2423793,0,0,0,0,0,0,0
2424000,0,0,0,0,0,0,0
2425125,0,0,0,0,0,0,0
2425243,0,0,0,0,0,0,0
2428862,0,0,0,0,0,0,0
2430804,0,0,0,0,0,0,0
2430993,0,0,0,0,0,0,0
2431200,0,0,0,0,0,0,0
2432325,0,0,0,0,0,0,0
2432443,0,0,0,0,0,0,0
2436062,0,0,0,0,0,0,0
2438004,0,0,0,0,0,0,0
2438193,0,0,0,0,0,0,0
2438400,0,0,0,0,0,0,0
2438444,0,0,0,0,0,0,1
2439521,0,0,0,0,0,0,0
2439639,0,0,0,0,0,0,0
2443258,0,0,0,0,0,0,0
2445200,0,0,0,0,0,0,0
2445389,0,0,0,0,0,0,0
2445644,0,0,0,0,0,0,0
2446721,0,0,0,0,0,0,0
2446765,0,0,0,0,0,0,1
2446835,0,0,0,0,0,0,0
2450454,0,0,0,0,0,0,0
2452396,0,0,0,0,0,0,0
2452585,0,0,0,0,0,0,0
2452840,0,0,0,0,0,0,0
2453965,0,0,0,0,0,0,0
2454035,0,0,0,0,0,0,0
2457654,0,0,0,0,0,0,0
2457698,0,0,0,0,0,0,1
2457838,0,0,0,0,0,0,1
2459588,0,0,0,0,0,0,0
2459777,0,0,0,0,0,0,0
2460032,0,0,0,0,0,0,0
2461157,0,0,0,0,0,0,0
2461227,0,0,0,0,0,0,0
2465038,0,0,0,0,0,0,0
2466788,0,0,0,0,0,0,0
2466976,0,0,0,0,0,0,1
2466977,0,0,0,0,0,0,0
2467228,0,0,0,0,0,0,0
2468353,0,0,0,0,0,0,0
2468423,0,0,0,0,0,0,0
2472234,0,0,0,0,0,0,0
2474176,0,0,0,0,0,0,0
2474177,0,0,0,0,0,0,0
2474217,0,0,0,0,0,0,1
2474405,0,0,0,0,0,0,1
2474420,0,0,0,0,0,0,0
2475545,0,0,0,0,0,0,0
2475615,0,0,0,0,0,0,0
2479426,0,0,0,0,0,0,0
2481368,0,0,0,0,0,0,0
2481605,0,0,0,0,0,0,0
2481620,0,0,0,0,0,0,0
2481664,0,0,0,0,0,0,1
2482741,0,0,0,0,0,0,0
2482811,0,0,0,0,0,0,0
2486622,0,0,0,0,0,0,0
2488152,0,0,0,0,0,0,1
2488560,0,0,0,0,0,0,0
2488797,0,0,0,0,0,0,0
2488910,0,0,0,0,0,0,1
2489937,0,0,0,0,0,0,0
2490007,0,0,0,0,0,0,0
2495352,0,0,0,0,0,0,0
2495760,0,0,0,0,0,0,0
2495997,0,0,0,0,0,0,0
2496110,0,0,0,0,0,0,0
2497137,0,0,0,0,0,0,0
2497207,0,0,0,0,0,0,0
2502552,0,0,0,0,0,0,0
2502960,0,0,0,0,0,0,0
2503197,0,0,0,0,0,0,0
2503310,0,0,0,0,0,0,0
2504337,0,0,0,0,0,0,0
2504407,0,0,0,0,0,0,0
2509752,0,0,0,0,0,0,0
2510160,0,0,0,0,0,0,0
2510397,0,0,0,0,0,0,0
2510510,0,0,0,0,0,0,0
2511537,0,0,0,0,0,0,0
2511607,0,0,0,0,0,0,0
2516952,0,0,0,0,0,0,0
2517236,0,0,0,0,0,0,1
2517356,0,0,0,0,0,0,0
2517593,0,0,0,0,0,0,0
2517706,0,0,0,0,0,0,0
2518110,0,0,0,0,0,0,1
2518729,0,0,0,0,0,0,0
2518799,0,0,0,0,0,0,0
2519179,0,0,0,0,0,0,1
2524428,0,0,0,0,0,0,0
2524548,0,0,0,0,0,0,0
2524785,0,0,0,0,0,0,0
2524828,0,0,0,0,0,0,1
2525302,0,0,0,0,0,0,0
2525730,0,0,0,0,0,0,1
2525917,0,0,0,0,0,0,0
2526371,0,0,0,0,0,0,0
2526412,0,0,0,0,0,0,1
2527276,0,0,0,0,0,0,1
2528281,0,0,0,0,0,0,1
2532930,0,0,0,0,0,0,0
2533117,0,0,0,0,0,0,0
2533449,0,0,0,0,0,0,1
2533567,0,0,0,0,0,0,0
2533608,0,0,0,0,0,0,0
2533845,0,0,0,0,0,0,1
2533866,0,0,0,0,0,0,1
2533983,0,0,0,0,0,0,1
2534027,0,0,0,0,0,0,1
2534456,0,0,0,0,0,0,0
2534473,0,0,0,0,0,0,1
2534517,0,0,0,0,0,0,1
2534561,0,0,0,0,0,0,1
2534752,0,0,0,0,0,0,1
2535010,0,0,0,0,0,0,1
2535080,0,0,0,0,0,0,1
2535195,0,0,0,0,0,0,1
2535433,0,0,0,0,0,0,0
2535596,0,0,0,0,0,0,1
2535614,0,0,0,0,0,0,1
2535632,0,0,0,0,0,0,1
2536086,0,0,0,0,0,0,1
2536104,0,0,0,0,0,0,1
2536365,0,0,0,0,0,0,1
2536696,0,0,0,0,0,0,1
2536840,0,0,0,0,0,0,1
2537388,0,0,0,0,0,0,1
2537841,0,0,0,0,0,0,1
2539301,0,0,0,0,0,0,1
2539537,0,0,0,0,0,0,1
2539699,0,0,0,0,0,0,1
2540007,0,0,0,0,0,0,1
2541396,0,0,0,0,0,0,1
2541968,0,0,0,0,0,0,1
2543258,0,0,0,0,0,0,0
2543541,0,0,0,0,0,0,0
2543872,0,0,0,0,0,0,0
2543917,0,0,0,0,0,0,1
2543918,0,0,0,0,0,0,1
2544486,0,0,0,0,0,0,1
2546717,0,0,0,0,0,0,0
2547191,0,0,0,0,0,0,0
2547763,0,0,0,0,0,0,1
2549152,0,0,0,0,0,0,0
2551064,0,0,0,0,0,0,0
2551109,0,0,0,0,0,0,0
2551297,0,0,0,0,0,0,1
2551508,0,0,0,0,0,0,1
2551674,0,0,0,0,0,0,0
2551982,0,0,0,0,0,0,1
2552172,0,0,0,0,0,0,1
2552528,0,0,0,0,0,0,1
2553076,0,0,0,0,0,0,1
2553861,0,0,0,0,0,0,1
2553885,0,0,0,0,0,0,0
2554097,0,0,0,0,0,0,1
2554931,0,0,0,0,0,0,0
2556344,0,0,0,0,0,0,1
2558688,0,0,0,0,0,0,0
2559166,0,0,0,0,0,0,0
2561057,0,0,0,0,0,0,0
2561297,0,0,0,0,0,0,0
2562131,0,0,0,0,0,0,0
2563544,0,0,0,0,0,0,0
2565888,0,0,0,0,0,0,0
2566366,0,0,0,0,0,0,0
2568257,0,0,0,0,0,0,0
2568497,0,0,0,0,0,0,0
2569331,0,0,0,0,0,0,0
2570744,0,0,0,0,0,0,0
2573088,0,0,0,0,0,0,0
2573566,0,0,0,0,0,0,0
2575457,0,0,0,0,0,0,0
2575697,0,0,0,0,0,0,0
2576531,0,0,0,0,0,0,0
2577944,0,0,0,0,0,0,0
2580288,0,0,0,0,0,0,0
2580766,0,0,0,0,0,0,0
2582657,0,0,0,0,0,0,0
2582897,0,0,0,0,0,0,0
2583731,0,0,0,0,0,0,0
2585144,0,0,0,0,0,0,0
2587488,0,0,0,0,0,0,0
2587966,0,0,0,0,0,0,0
2589857,0,0,0,0,0,0,0
2590097,0,0,0,0,0,0,0
2590141,0,0,0,0,0,0,1
2590927,0,0,0,0,0,0,0
2592340,0,0,0,0,0,0,0
2594684,0,0,0,0,0,0,0
2595162,0,0,0,0,0,0,0
2597053,0,0,0,0,0,0,0
2597341,0,0,0,0,0,0,0
2597385,0,0,0,0,0,0,1
2598123,0,0,0,0,0,0,0
2599536,0,0,0,0,0,0,0
2601880,0,0,0,0,0,0,0
2602358,0,0,0,0,0,0,0
2604249,0,0,0,0,0,0,0
2604585,0,0,0,0,0,0,0
2605323,0,0,0,0,0,0,0
2606736,0,0,0,0,0,0,0
2609080,0,0,0,0,0,0,0
2609558,0,0,0,0,0,0,0
2611449,0,0,0,0,0,0,0
2611785,0,0,0,0,0,0,0
2612523,0,0,0,0,0,0,0
2613936,0,0,0,0,0,0,0
2616280,0,0,0,0,0,0,0
2616758,0,0,0,0,0,0,0
2618649,0,0,0,0,0,0,0
2618985,0,0,0,0,0,0,0
2619723,0,0,0,0,0,0,0
2621136,0,0,0,0,0,0,0
2623480,0,0,0,0,0,0,0
2623958,0,0,0,0,0,0,0
2625849,0,0,0,0,0,0,0
2626185,0,0,0,0,0,0,0
2626923,0,0,0,0,0,0,0
2628336,0,0,0,0,0,0,0
2630680,0,0,0,0,0,0,0
2631158,0,0,0,0,0,0,0
2633049,0,0,0,0,0,0,0
2633385,0,0,0,0,0,0,0
2634123,0,0,0,0,0,0,0
2635536,0,0,0,0,0,0,0
2637880,0,0,0,0,0,0,0
2638092,0,0,0,0,0,0,1
2638354,0,0,0,0,0,0,0
2638398,0,0,0,0,0,0,1
2640241,0,0,0,0,0,0,0
2640577,0,0,0,0,0,0,0
2641315,0,0,0,0,0,0,0
2642728,0,0,0,0,0,0,0
2645288,0,0,0,0,0,0,0
2645598,0,0,0,0,0,0,0
2647441,0,0,0,0,0,0,0
2647777,0,0,0,0,0,0,0
2648515,0,0,0,0,0,0,0
2649928,0,0,0,0,0,0,0
2652488,0,0,0,0,0,0,0
2652798,0,0,0,0,0,0,0
2654641,0,0,0,0,0,0,0
2654977,0,0,0,0,0,0,0
2655715,0,0,0,0,0,0,0
2657128,0,0,0,0,0,0,0
2659688,0,0,0,0,0,0,0
2659998,0,0,0,0,0,0,0
2661841,0,0,0,0,0,0,0
2662177,0,0,0,0,0,0,0
2662915,0,0,0,0,0,0,0
2664328,0,0,0,0,0,0,0
2666888,0,0,0,0,0,0,0
2667198,0,0,0,0,0,0,0
2669041,0,0,0,0,0,0,0
2669377,0,0,0,0,0,0,0
2670115,0,0,0,0,0,0,0
2671528,0,0,0,0,0,0,0
2674088,0,0,0,0,0,0,0
2674398,0,0,0,0,0,0,0
2676241,0,0,0,0,0,0,0
2676577,0,0,0,0,0,0,0
2677315,0,0,0,0,0,0,0
2678728,0,0,0,0,0,0,0
2681288,0,0,0,0,0,0,0
2681598,0,0,0,0,0,0,0
2683441,0,0,0,0,0,0,0
2683777,0,0,0,0,0,0,0
2684515,0,0,0,0,0,0,0
2685928,0,0,0,0,0,0,0
2688488,0,0,0,0,0,0,0
2688798,0,0,0,0,0,0,0
2690641,0,0,0,0,0,0,0
2690977,0,0,0,0,0,0,0
2691021,0,0,0,0,0,0,1
2691711,0,0,0,0,0,0,0
2693124,0,0,0,0,0,0,0
2695684,0,0,0,0,0,0,0
2695896,0,0,0,0,0,0,1
2695990,0,0,0,0,0,0,0
2697833,0,0,0,0,0,0,0
2698217,0,0,0,0,0,0,0
2698693,0,0,0,0,0,0,1
2698903,0,0,0,0,0,0,0
2700316,0,0,0,0,0,0,0
2703092,0,0,0,0,0,0,0
2703186,0,0,0,0,0,0,0
2703422,0,0,0,0,0,0,1
2705025,0,0,0,0,0,0,0
2705889,0,0,0,0,0,0,0
2706099,0,0,0,0,0,0,0
2707512,0,0,0,0,0,0,0
2710288,0,0,0,0,0,0,0
2710622,0,0,0,0,0,0,0
2712225,0,0,0,0,0,0,0
2713089,0,0,0,0,0,0,0
2713299,0,0,0,0,0,0,0
2714712,0,0,0,0,0,0,0
2717488,0,0,0,0,0,0,0
2717822,0,0,0,0,0,0,0
2719425,0,0,0,0,0,0,0
2720289,0,0,0,0,0,0,0
2720499,0,0,0,0,0,0,0
2721912,0,0,0,0,0,0,0
2724688,0,0,0,0,0,0,0
2725022,0,0,0,0,0,0,0
2726625,0,0,0,0,0,0,0
2727489,0,0,0,0,0,0,0
2727699,0,0,0,0,0,0,0
2729112,0,0,0,0,0,0,0
2731888,0,0,0,0,0,0,0
2732222,0,0,0,0,0,0,0
2733825,0,0,0,0,0,0,0
2733869,0,0,0,0,0,0,1
2734685,0,0,0,0,0,0,0
2734895,0,0,0,0,0,0,0
2736308,0,0,0,0,0,0,0
2739084,0,0,0,0,0,0,0
2739418,0,0,0,0,0,0,0
2741069,0,0,0,0,0,0,0
2741885,0,0,0,0,0,0,0
2742095,0,0,0,0,0,0,0
2743508,0,0,0,0,0,0,0
2746284,0,0,0,0,0,0,0
2746618,0,0,0,0,0,0,0
2748269,0,0,0,0,0,0,0
2749085,0,0,0,0,0,0,0
2749295,0,0,0,0,0,0,0
2750708,0,0,0,0,0,0,0
2753484,0,0,0,0,0,0,0
2753818,0,0,0,0,0,0,0
2755469,0,0,0,0,0,0,0
2756285,0,0,0,0,0,0,0
2756495,0,0,0,0,0,0,0
2757908,0,0,0,0,0,0,0
2760684,0,0,0,0,0,0,0
2761018,0,0,0,0,0,0,0
2762669,0,0,0,0,0,0,0
2763485,0,0,0,0,0,0,0
2763695,0,0,0,0,0,0,0
2765108,0,0,0,0,0,0,0
2767884,0,0,0,0,0,0,0
2768218,0,0,0,0,0,0,0
2769869,0,0,0,0,0,0,0
2770685,0,0,0,0,0,0,0
2770895,0,0,0,0,0,0,0
2772308,0,0,0,0,0,0,0
2775084,0,0,0,0,0,0,0
2775418,0,0,0,0,0,0,0
2775846,0,0,0,0,0,0,1
2777065,0,0,0,0,0,0,0
2777881,0,0,0,0,0,0,0
2778091,0,0,0,0,0,0,0
2779504,0,0,0,0,0,0,0
2782280,0,0,0,0,0,0,0
2783046,0,0,0,0,0,0,0
2784265,0,0,0,0,0,0,0
2785081,0,0,0,0,0,0,0
2785291,0,0,0,0,0,0,0
2786704,0,0,0,0,0,0,0
2789480,0,0,0,0,0,0,0
2790246,0,0,0,0,0,0,0
2791465,0,0,0,0,0,0,0
2791773,0,0,0,0,0,0,1
2792277,0,0,0,0,0,0,0
2792487,0,0,0,0,0,0,0
2793900,0,0,0,0,0,0,0
2796676,0,0,0,0,0,0,0
2797442,0,0,0,0,0,0,0
2798973,0,0,0,0,0,0,0
2799477,0,0,0,0,0,0,0
2799687,0,0,0,0,0,0,0
2801100,0,0,0,0,0,0,0
2801144,0,0,0,0,0,0,1
2803872,0,0,0,0,0,0,0
2804638,0,0,0,0,0,0,0
2806169,0,0,0,0,0,0,0
2806673,0,0,0,0,0,0,0
2806883,0,0,0,0,0,0,0
2808344,0,0,0,0,0,0,0
2811072,0,0,0,0,0,0,0
2811838,0,0,0,0,0,0,0
2813369,0,0,0,0,0,0,0
2813873,0,0,0,0,0,0,0
2813917,0,0,0,0,0,0,1
2814079,0,0,0,0,0,0,0
2815540,0,0,0,0,0,0,0
2818268,0,0,0,0,0,0,0
2819034,0,0,0,0,0,0,0
2820565,0,0,0,0,0,0,0
2821117,0,0,0,0,0,0,0
2821279,0,0,0,0,0,0,0
2821421,0,0,0,0,0,0,1
2822736,0,0,0,0,0,0,0
2825464,0,0,0,0,0,0,0
2826230,0,0,0,0,0,0,0
2827761,0,0,0,0,0,0,0
2828479,0,0,0,0,0,0,0
2828621,0,0,0,0,0,0,0
2829936,0,0,0,0,0,0,0
2832664,0,0,0,0,0,0,0
2833430,0,0,0,0,0,0,0
2834961,0,0,0,0,0,0,0
2835679,0,0,0,0,0,0,0
2835821,0,0,0,0,0,0,0
2837136,0,0,0,0,0,0,0
2839864,0,0,0,0,0,0,0
2840630,0,0,0,0,0,0,0
2842161,0,0,0,0,0,0,0
2842879,0,0,0,0,0,0,0
2843021,0,0,0,0,0,0,0
2844336,0,0,0,0,0,0,0
2847064,0,0,0,0,0,0,0
2847830,0,0,0,0,0,0,0
2849361,0,0,0,0,0,0,0
2850079,0,0,0,0,0,0,0
2850221,0,0,0,0,0,0,0
2851536,0,0,0,0,0,0,0
2853213,0,0,0,0,0,0,1
2854260,0,0,0,0,0,0,0
2855026,0,0,0,0,0,0,0
2855837,0,0,0,0,0,0,1
2856097,0,0,0,0,0,0,1
2856501,0,0,0,0,0,0,1
2856713,0,0,0,0,0,0,1
2857165,0,0,0,0,0,0,1
2857259,0,0,0,0,0,0,0
2857951,0,0,0,0,0,0,1
2858089,0,0,0,0,0,0,1
2858712,0,0,0,0,0,0,0
2858945,0,0,0,0,0,0,1
2859253,0,0,0,0,0,0,1
2860381,0,0,0,0,0,0,0
2860733,0,0,0,0,0,0,1
2861209,0,0,0,0,0,0,1
2861420,0,0,0,0,0,0,0
2861729,0,0,0,0,0,0,1
2861796,0,0,0,0,0,0,1
2862178,0,0,0,0,0,0,0
2863085,0,0,0,0,0,0,1
2863561,0,0,0,0,0,0,1
2865119,0,0,0,0,0,0,0
2865619,0,0,0,0,0,0,1
2865880,0,0,0,0,0,0,0
2865971,0,0,0,0,0,0,1
2866328,0,0,0,0,0,0,1
2867184,0,0,0,0,0,0,1
2867545,0,0,0,0,0,0,0
2869269,0,0,0,0,0,0,1
2869358,0,0,0,0,0,0,0
2870125,0,0,0,0,0,0,1
2870142,0,0,0,0,0,0,1
2870737,0,0,0,0,0,0,0
2870761,0,0,0,0,0,0,1
2871261,0,0,0,0,0,0,1
2872529,0,0,0,0,0,0,1
2873147,0,0,0,0,0,0,0
2873504,0,0,0,0,0,0,0
2873859,0,0,0,0,0,0,1
2873951,0,0,0,0,0,0,1
2874352,0,0,0,0,0,0,0
2874495,0,0,0,0,0,0,1
2874661,0,0,0,0,0,0,1
2875017,0,0,0,0,0,0,1
2875325,0,0,0,0,0,0,1
2877310,0,0,0,0,0,0,0
2877762,0,0,0,0,0,0,1
2877901,0,0,0,0,0,0,0
2878690,0,0,0,0,0,0,1
2880412,0,0,0,0,0,0,1
2880676,0,0,0,0,0,0,0
2880814,0,0,0,0,0,0,1
2881052,0,0,0,0,0,0,1
2881310,0,0,0,0,0,0,1
2881667,0,0,0,0,0,0,0
2881878,0,0,0,0,0,0,1
2882067,0,0,0,0,0,0,1
2882111,0,0,0,0,0,0,1
2882250,0,0,0,0,0,0,1
2882489,0,0,0,0,0,0,0
2882770,0,0,0,0,0,0,1
2882771,0,0,0,0,0,0,1
2883050,0,0,0,0,0,0,1
2883167,0,0,0,0,0,0,1
2884482,0,0,0,0,0,0,1
2884526,0,0,0,0,0,0,1
2885049,0,0,0,0,0,0,0
2885118,0,0,0,0,0,0,1
2887058,0,0,0,0,0,0,1
2887222,0,0,0,0,0,0,1
2887385,0,0,0,0,0,0,1
2887548,0,0,0,0,0,0,0
2887834,0,0,0,0,0,0,1
2887900,0,0,0,0,0,0,1
2888188,0,0,0,0,0,0,0
2888324,0,0,0,0,0,0,1
2888393,0,0,0,0,0,0,1
2888414,0,0,0,0,0,0,1
2888721,0,0,0,0,0,0,1
2889557,0,0,0,0,0,0,1
2889629,0,0,0,0,0,0,0
2890273,0,0,0,0,0,0,1
2890315,0,0,0,0,0,0,0
2890985,1,0,0,0,0,0,1
2891195,0,0,0,0,0,0,1
2891359,0,0,0,0,0,0,1
2895364,0,0,0,0,0,0,0
2895500,0,0,0,0,0,0,0
2895594,0,0,0,0,0,0,0
2896476,0,0,0,0,0,0,1
2896714,0,0,0,0,0,0,1
2896733,0,0,0,0,0,0,0
2896968,0,0,0,0,0,0,1
2898145,0,0,0,0,0,0,1
2898160,0,0,0,0,0,0,1
2898543,0,0,0,0,0,0,0
2899549,0,0,0,0,0,0,1
2900505,0,0,0,0,0,0,1
2902540,0,0,0,0,0,0,0
2902848,0,0,0,0,0,0,1
2903636,0,0,0,0,0,0,1
2903894,0,0,0,0,0,0,0
2903913,0,0,0,0,0,0,0
2905348,0,0,0,0,0,0,0
2905731,0,0,0,0,0,0,0
2905989,0,0,0,0,0,0,1
2906344,0,0,0,0,0,0,1
2906653,0,0,0,0,0,0,1
2906720,0,0,0,0,0,0,1
2907343,0,0,0,0,0,0,1
2907408,0,0,0,0,0,0,1
2907673,0,0,0,0,0,0,0
2908077,0,0,0,0,0,0,1
2908716,0,0,0,0,0,0,1
2910804,0,0,0,0,0,0,0
2911062,0,0,0,0,0,0,0
2913841,0,0,0,0,0,0,0
2914535,0,0,0,0,0,0,0
2915277,0,0,0,0,0,0,0
2915916,0,0,0,0,0,0,0
2918004,0,0,0,0,0,0,0
2918262,0,0,0,0,0,0,0
2921041,0,0,0,0,0,0,0
2921735,0,0,0,0,0,0,0
2922477,0,0,0,0,0,0,0
2923116,0,0,0,0,0,0,0
2925204,0,0,0,0,0,0,0
2925462,0,0,0,0,0,0,0
2928241,0,0,0,0,0,0,0
2928935,0,0,0,0,0,0,0
2929677,0,0,0,0,0,0,0
2930316,0,0,0,0,0,0,0
2930696,0,0,0,0,0,0,1
2932400,0,0,0,0,0,0,0
2932658,0,0,0,0,0,0,0
2932990,0,0,0,0,0,0,1
2935433,0,0,0,0,0,0,0
2936127,0,0,0,0,0,0,0
2936459,0,0,0,0,0,0,1
2936865,0,0,0,0,0,0,0
2936907,0,0,0,0,0,0,1
2937884,0,0,0,0,0,0,0
2939588,0,0,0,0,0,0,0
2940112,0,0,0,0,0,0,1
2940178,0,0,0,0,0,0,0
2942621,0,0,0,0,0,0,0
2944061,0,0,0,0,0,0,0
2944103,0,0,0,0,0,0,0
2945080,0,0,0,0,0,0,0
2947312,0,0,0,0,0,0,0
2947356,0,0,0,0,0,0,1
2947374,0,0,0,0,0,0,0
2949817,0,0,0,0,0,0,0
2951257,0,0,0,0,0,0,0
2951299,0,0,0,0,0,0,0
2951561,0,0,0,0,0,0,1
2952272,0,0,0,0,0,0,0
2952316,0,0,0,0,0,0,1
2954548,0,0,0,0,0,0,0
2954566,0,0,0,0,0,0,0
2957009,0,0,0,0,0,0,0
2958495,0,0,0,0,0,0,0
2958757,0,0,0,0,0,0,0
2959516,0,0,0,0,0,0,0
2961748,0,0,0,0,0,0,0
2961766,0,0,0,0,0,0,0
2964209,0,0,0,0,0,0,0
2965695,0,0,0,0,0,0,0
2965957,0,0,0,0,0,0,0
2966716,0,0,0,0,0,0,0
2968948,0,0,0,0,0,0,0
2968966,0,0,0,0,0,0,0
2971409,0,0,0,0,0,0,0
2972895,0,0,0,0,0,0,0
2973157,0,0,0,0,0,0,0
2973916,0,0,0,0,0,0,0
2976148,0,0,0,0,0,0,0
2976166,0,0,0,0,0,0,0
2976714,0,0,0,0,0,0,1
2978605,0,0,0,0,0,0,0
2978937,0,0,0,0,0,0,1
2979965,1,0,0,0,0,0,1
2980083,0,0,0,0,0,0,0
2980345,0,0,0,0,0,0,0
2981013,1,0,0,0,0,0,1
2981100,0,0,0,0,0,0,0
2982301,1,0,0,0,0,0,1
2982633,0,0,0,0,0,0,1
2983324,0,0,0,0,0,0,0
2983894,0,0,0,0,0,0,0
2987153,0,0,0,0,0,0,0
2987271,0,0,0,0,0,0,0
2987483,0,0,0,0,0,0,1
2988247,0,0,0,0,0,0,1
2988288,0,0,0,0,0,0,0
2989825,0,0,0,0,0,0,0
2990516,0,0,0,0,0,0,0
2991086,0,0,0,0,0,0,0
2991468,0,0,0,0,0,0,1
2992206,0,0,0,0,0,0,1
2994337,0,0,0,0,0,0,0
2995439,0,0,0,0,0,0,0
2995480,0,0,0,0,0,0,0
2997017,0,0,0,0,0,0,0
2998668,0,0,0,0,0,0,0
2999406,0,0,0,0,0,0,0
3001537,0,0,0,0,0,0,0
3002639,0,0,0,0,0,0,0
3002680,0,0,0,0,0,0,0
3004217,0,0,0,0,0,0,0
3005868,0,0,0,0,0,0,0
3006606,0,0,0,0,0,0,0
3008737,0,0,0,0,0,0,0
3009839,0,0,0,0,0,0,0
3009880,0,0,0,0,0,0,0
3011417,0,0,0,0,0,0,0
3013068,0,0,0,0,0,0,0
3013806,0,0,0,0,0,0,0
3015937,0,0,0,0,0,0,0
3017039,0,0,0,0,0,0,0
3017080,0,0,0,0,0,0,0
3018617,0,0,0,0,0,0,0
3020268,0,0,0,0,0,0,0
3021006,0,0,0,0,0,0,0
3023137,0,0,0,0,0,0,0
3024239,0,0,0,0,0,0,0
3024280,0,0,0,0,0,0,0
3025817,0,0,0,0,0,0,0
3027468,0,0,0,0,0,0,0
3028206,0,0,0,0,0,0,0
3029427,0,0,0,0,0,0,1
3030333,0,0,0,0,0,0,0
3031480,0,0,0,0,0,0,0
3033017,0,0,0,0,0,0,0
3034668,0,0,0,0,0,0,0
3035406,0,0,0,0,0,0,0
3036627,0,0,0,0,0,0,0
3037533,0,0,0,0,0,0,0
3038680,0,0,0,0,0,0,0
3040217,0,0,0,0,0,0,0
3041868,0,0,0,0,0,0,0
3042606,0,0,0,0,0,0,0
3043827,0,0,0,0,0,0,0
3044733,0,0,0,0,0,0,0
3045880,0,0,0,0,0,0,0
3047417,0,0,0,0,0,0,0
3049068,0,0,0,0,0,0,0
3049806,0,0,0,0,0,0,0
3051027,0,0,0,0,0,0,0
3051933,0,0,0,0,0,0,0
3053080,0,0,0,0,0,0,0
3054617,0,0,0,0,0,0,0
3056268,0,0,0,0,0,0,0
3057006,0,0,0,0,0,0,0
3058227,0,0,0,0,0,0,0
3059133,0,0,0,0,0,0,0
3060280,0,0,0,0,0,0,0
3061817,0,0,0,0,0,0,0
3063468,0,0,0,0,0,0,0
3064206,0,0,0,0,0,0,0
3065427,0,0,0,0,0,0,0
3066333,0,0,0,0,0,0,0
3067480,0,0,0,0,0,0,0
3069017,0,0,0,0,0,0,0
3070237,0,0,0,0,0,0,1
3070664,0,0,0,0,0,0,0
3071212,0,0,0,0,0,0,1
3071398,0,0,0,0,0,0,0
3071971,0,0,0,0,0,0,1
3072038,0,0,0,0,0,0,1
3072637,0,0,0,0,0,0,1
3072775,0,0,0,0,0,0,1
3073466,0,0,0,0,0,0,1
3073509,0,0,0,0,0,0,0
3074656,0,0,0,0,0,0,0
3078400,0,0,0,0,0,0,0
3079837,0,0,0,0,0,0,0
3079975,0,0,0,0,0,0,0
3080666,0,0,0,0,0,0,0
3080709,0,0,0,0,0,0,0
3081856,0,0,0,0,0,0,0
3085600,0,0,0,0,0,0,0
3087037,0,0,0,0,0,0,0
3087175,0,0,0,0,0,0,0
3087866,0,0,0,0,0,0,0
3087909,0,0,0,0,0,0,0
3087952,0,0,0,0,0,0,1
3089341,0,0,0,0,0,0,1
3089385,0,0,0,0,0,0,1
3089597,0,0,0,0,0,0,1
3092788,0,0,0,0,0,0,0
3094225,0,0,0,0,0,0,0
3094363,0,0,0,0,0,0,0
3095054,0,0,0,0,0,0,0
3095144,0,0,0,0,0,0,0
3095670,0,0,0,0,0,0,1
3096793,0,0,0,0,0,0,0
3099984,0,0,0,0,0,0,0
3101421,0,0,0,0,0,0,0
3101559,0,0,0,0,0,0,0
3102344,0,0,0,0,0,0,0
3102870,0,0,0,0,0,0,0
3103993,0,0,0,0,0,0,0
3107184,0,0,0,0,0,0,0
3108621,0,0,0,0,0,0,0
3108759,0,0,0,0,0,0,0
3109544,0,0,0,0,0,0,0
3110070,0,0,0,0,0,0,0
3111193,0,0,0,0,0,0,0
3112388,0,0,0,0,0,0,1
3114380,0,0,0,0,0,0,0
3115817,0,0,0,0,0,0,0
3115955,0,0,0,0,0,0,0
3117270,0,0,0,0,0,0,0
3118393,0,0,0,0,0,0,0
3119588,0,0,0,0,0,0,0
3121580,0,0,0,0,0,0,0
3123017,0,0,0,0,0,0,0
3123155,0,0,0,0,0,0,0
3124470,0,0,0,0,0,0,0
3125592,0,0,0,0,0,0,1
3125593,0,0,0,0,0,0,0
3128780,0,0,0,0,0,0,0
3130217,0,0,0,0,0,0,0
3130355,0,0,0,0,0,0,0
3131670,0,0,0,0,0,0,0
3132557,0,0,0,0,0,0,1
3132788,0,0,0,0,0,0,0
3132789,0,0,0,0,0,0,0
3135400,0,0,0,0,0,0,1
3135898,0,0,0,0,0,0,1
3137551,0,0,0,0,0,0,0
3138027,0,0,0,0,0,0,1
3138574,0,0,0,0,0,0,1
3138811,0,0,0,0,0,0,1
3138974,0,0,0,0,0,0,1
3139259,0,0,0,0,0,0,1
3139613,0,0,0,0,0,0,1
3139635,0,0,0,0,0,0,1
3139729,0,0,0,0,0,0,0
3139890,0,0,0,0,0,0,1
3139956,0,0,0,0,0,0,0
3140099,0,0,0,0,0,0,1
3140121,0,0,0,0,0,0,1
3140813,0,0,0,0,0,0,1
3141504,0,0,0,0,0,0,1
3142341,0,0,0,0,0,0,1
3143704,0,0,0,0,0,0,1
3144012,0,0,0,0,0,0,1
3145087,0,0,0,0,0,0,1
3145467,0,0,0,0,0,0,1
3145632,0,0,0,0,0,0,1
3146777,0,0,0,0,0,0,0
3147062,0,0,0,0,0,0,0
3147128,0,0,0,0,0,0,0
3147149,0,0,0,0,0,0,1
3149525,0,0,0,0,0,0,0
3149781,0,0,0,0,0,0,1
3150618,0,0,0,0,0,0,1
3150641,0,0,0,0,0,0,1
3150997,0,0,0,0,0,0,1
3152647,0,0,0,0,0,0,0
3152812,0,0,0,0,0,0,0
3154316,0,0,0,0,0,0,0
3156977,0,0,0,0,0,0,0
3157814,0,0,0,0,0,0,0
3157858,0,0,0,0,0,0,1
3158193,0,0,0,0,0,0,0
3159843,0,0,0,0,0,0,0
3160008,0,0,0,0,0,0,0
3161512,0,0,0,0,0,0,0
3164173,0,0,0,0,0,0,0
3164267,0,0,0,0,0,0,1
3165054,0,0,0,0,0,0,0
3165389,0,0,0,0,0,0,0
3167208,0,0,0,0,0,0,0
3168712,0,0,0,0,0,0,0
3171373,0,0,0,0,0,0,0
3171467,0,0,0,0,0,0,0
3172254,0,0,0,0,0,0,0
3172589,0,0,0,0,0,0,0
3174408,0,0,0,0,0,0,0
3175912,0,0,0,0,0,0,0
3178573,0,0,0,0,0,0,0
3178667,0,0,0,0,0,0,0
3179454,0,0,0,0,0,0,0
3179789,0,0,0,0,0,0,0
3180623,0,0,0,0,0,0,1
3181604,0,0,0,0,0,0,0
3183108,0,0,0,0,0,0,0
3185769,0,0,0,0,0,0,0
3186654,0,0,0,0,0,0,0
3186842,0,0,0,0,0,0,1
3186985,0,0,0,0,0,0,0
3187819,0,0,0,0,0,0,0
3188800,0,0,0,0,0,0,0
3190304,0,0,0,0,0,0,0
3192965,0,0,0,0,0,0,0
3194042,0,0,0,0,0,0,0
3194185,0,0,0,0,0,0,0
3195019,0,0,0,0,0,0,0
3196000,0,0,0,0,0,0,0
3197504,0,0,0,0,0,0,0
3200165,0,0,0,0,0,0,0
3201242,0,0,0,0,0,0,0
3201385,0,0,0,0,0,0,0
3202219,0,0,0,0,0,0,0
3203200,0,0,0,0,0,0,0
3204704,0,0,0,0,0,0,0
3207365,0,0,0,0,0,0,0
3208442,0,0,0,0,0,0,0
3208585,0,0,0,0,0,0,0
3209419,0,0,0,0,0,0,0
3210400,0,0,0,0,0,0,0
3210732,0,0,0,0,0,0,1
3211900,0,0,0,0,0,0,0
3214561,0,0,0,0,0,0,0
3214797,0,0,0,0,0,0,1
3215177,0,0,0,0,0,0,1
3215581,0,0,0,0,0,0,1
3215626,0,0,0,0,0,0,0
3215769,0,0,0,0,0,0,0
3216603,0,0,0,0,0,0,0
3217053,0,0,0,0,0,0,1
3217577,0,0,0,0,0,0,1
3217912,0,0,0,0,0,0,0
3219060,0,0,0,0,0,0,1
3219076,0,0,0,0,0,0,0
3222818,0,0,0,0,0,0,0
3222961,0,0,0,0,0,0,0
3223341,0,0,0,0,0,0,1
3223791,0,0,0,0,0,0,0
3223813,0,0,0,0,0,0,1
3224169,0,0,0,0,0,0,1
3224213,0,0,0,0,0,0,1
3224757,0,0,0,0,0,0,0
3224803,0,0,0,0,0,0,1
3226240,0,0,0,0,0,0,0
3226256,0,0,0,0,0,0,0
3226828,0,0,0,0,0,0,1
3228408,0,0,0,0,0,0,1
3229990,0,0,0,0,0,0,0
3230466,0,0,0,0,0,0,1
3231401,0,0,0,0,0,0,0
3231945,0,0,0,0,0,0,0
3231991,0,0,0,0,0,0,0
3232227,0,0,0,0,0,0,1
3232273,0,0,0,0,0,0,1
3233420,0,0,0,0,0,0,0
3234279,0,0,0,0,0,0,1
3235592,0,0,0,0,0,0,0
3236119,0,0,0,0,0,0,1
3237650,0,0,0,0,0,0,0
3238054,0,0,0,0,0,0,1
3238890,0,0,0,0,0,0,1
3239125,0,0,0,0,0,0,0
3239433,0,0,0,0,0,0,1
3239457,0,0,0,0,0,0,0
3240604,0,0,0,0,0,0,0
3242086,0,0,0,0,0,0,1
3242776,0,0,0,0,0,0,0
3243303,0,0,0,0,0,0,0
3243922,0,0,0,0,0,0,1
3244518,0,0,0,0,0,0,1
3246625,0,0,0,0,0,0,0
3246649,0,0,0,0,0,0,0
3247796,0,0,0,0,0,0,0
3249972,0,0,0,0,0,0,0
3250499,0,0,0,0,0,0,0
3251265,0,0,0,0,0,0,1
3251714,0,0,0,0,0,0,0
3253821,0,0,0,0,0,0,0
3254996,0,0,0,0,0,0,0
3257172,0,0,0,0,0,0,0
3257699,0,0,0,0,0,0,0
3258465,0,0,0,0,0,0,0
3258914,0,0,0,0,0,0,0
3259273,0,0,0,0,0,0,1
3259699,0,0,0,0,0,0,1
3261013,0,0,0,0,0,0,0
3262188,0,0,0,0,0,0,0
3264364,0,0,0,0,0,0,0
3265155,0,0,0,0,0,0,1
3266108,0,0,0,0,0,0,1
3266110,0,0,0,0,0,0,0
3266465,0,0,0,0,0,0,0
3266552,0,0,0,0,0,0,1
3266837,0,0,0,0,0,0,1
3267098,0,0,0,0,0,0,1
3267716,0,0,0,0,0,0,1
3269372,0,0,0,0,0,0,0
3272343,0,0,0,0,0,0,0
3273109,0,0,0,0,0,0,1
3274037,0,0,0,0,0,0,0
3274298,0,0,0,0,0,0,0
3274916,0,0,0,0,0,0,0
3275850,0,0,0,0,0,0,1
3276085,0,0,0,0,0,0,1
3276564,0,0,0,0,0,0,0
3279535,0,0,0,0,0,0,0
3280301,0,0,0,0,0,0,0
3282116,0,0,0,0,0,0,0
3283050,0,0,0,0,0,0,0
3283285,0,0,0,0,0,0,0
3283737,0,0,0,0,0,0,1
3283760,0,0,0,0,0,0,0
3285072,0,0,0,0,0,0,1
3286727,0,0,0,0,0,0,0
3287493,0,0,0,0,0,0,0
3287777,0,0,0,0,0,0,1
3288441,0,0,0,0,0,0,1
3289017,0,0,0,0,0,0,1
3289729,0,0,0,0,0,0,1
3290230,0,0,0,0,0,0,0
3290297,0,0,0,0,0,0,1
3290944,0,0,0,0,0,0,0
3292256,0,0,0,0,0,0,0
3293404,0,0,0,0,0,0,1
3293907,0,0,0,0,0,0,0
3294308,0,0,0,0,0,0,1
3296205,0,0,0,0,0,0,0
3297422,0,0,0,0,0,0,0
3297489,0,0,0,0,0,0,0
3298136,0,0,0,0,0,0,0
3301107,0,0,0,0,0,0,0
3301508,0,0,0,0,0,0,0
3303405,0,0,0,0,0,0,0
3304622,0,0,0,0,0,0,0
3304666,0,0,0,0,0,0,1
3304685,0,0,0,0,0,0,0
3305332,0,0,0,0,0,0,0
3308303,0,0,0,0,0,0,0
3308704,0,0,0,0,0,0,0
3310601,0,0,0,0,0,0,0
3311866,0,0,0,0,0,0,0
3311885,0,0,0,0,0,0,0
3312532,0,0,0,0,0,0,0
3315503,0,0,0,0,0,0,0
3315904,0,0,0,0,0,0,0
3317801,0,0,0,0,0,0,0
3319066,0,0,0,0,0,0,0
3319085,0,0,0,0,0,0,0
3319732,0,0,0,0,0,0,0
3322703,0,0,0,0,0,0,0
3323104,0,0,0,0,0,0,0
3325001,0,0,0,0,0,0,0
3326266,0,0,0,0,0,0,0
3326285,0,0,0,0,0,0,0
3326932,0,0,0,0,0,0,0
3329903,0,0,0,0,0,0,0
3330304,0,0,0,0,0,0,0
3332201,0,0,0,0,0,0,0
3333466,0,0,0,0,0,0,0
3333485,0,0,0,0,0,0,0
3334132,0,0,0,0,0,0,0
3337103,0,0,0,0,0,0,0
3337504,0,0,0,0,0,0,0
3338414,0,0,0,0,0,0,1
3339397,0,0,0,0,0,0,0
3340685,0,0,0,0,0,0,0
3341332,0,0,0,0,0,0,0
3341376,0,0,0,0,0,0,1
3344299,0,0,0,0,0,0,0
3344700,0,0,0,0,0,0,0
3345610,0,0,0,0,0,0,0
3346593,0,0,0,0,0,0,0
3347881,0,0,0,0,0,0,0
3348576,0,0,0,0,0,0,0
3351499,0,0,0,0,0,0,0
3351900,0,0,0,0,0,0,0
3352810,0,0,0,0,0,0,0
3353793,0,0,0,0,0,0,0
3355081,0,0,0,0,0,0,0
3355776,0,0,0,0,0,0,0
3357693,0,0,0,0,0,0,1
3358695,0,0,0,0,0,0,0
3359096,0,0,0,0,0,0,0
3360006,0,0,0,0,0,0,0
3360050,0,0,0,0,0,0,1
3361151,0,0,0,0,0,0,1
3362273,0,0,0,0,0,0,0
3362968,0,0,0,0,0,0,0
3364885,0,0,0,0,0,0,0
3366292,0,0,0,0,0,0,0
3367250,0,0,0,0,0,0,0
3368351,0,0,0,0,0,0,0
3369473,0,0,0,0,0,0,0
3369517,0,0,0,0,0,0,1
3370164,0,0,0,0,0,0,0
3372081,0,0,0,0,0,0,0
3373488,0,0,0,0,0,0,0
3374446,0,0,0,0,0,0,0
3375547,0,0,0,0,0,0,0
3376214,0,0,0,0,0,0,1
3376572,0,0,0,0,0,0,1
3376593,0,0,0,0,0,0,1
3376705,0,0,0,0,0,0,0
3380684,0,0,0,0,0,0,0
3382747,0,0,0,0,0,0,0
3383414,0,0,0,0,0,0,0
3383772,0,0,0,0,0,0,0
3383793,0,0,0,0,0,0,0
3383905,0,0,0,0,0,0,0
3387884,0,0,0,0,0,0,0
3389947,0,0,0,0,0,0,0
3390614,0,0,0,0,0,0,0
3390972,0,0,0,0,0,0,0
3390993,0,0,0,0,0,0,0
3391105,0,0,0,0,0,0,0
3395084,0,0,0,0,0,0,0
3397147,0,0,0,0,0,0,0
3397814,0,0,0,0,0,0,0
3398172,0,0,0,0,0,0,0
3398193,0,0,0,0,0,0,0
3398305,0,0,0,0,0,0,0
3402284,0,0,0,0,0,0,0
3404347,0,0,0,0,0,0,0
3405014,0,0,0,0,0,0,0
3405372,0,0,0,0,0,0,0
3405393,0,0,0,0,0,0,0
3405505,0,0,0,0,0,0,0
3409484,0,0,0,0,0,0,0
3411547,0,0,0,0,0,0,0
3412214,0,0,0,0,0,0,0
3412572,0,0,0,0,0,0,0
3412593,0,0,0,0,0,0,0
3412705,0,0,0,0,0,0,0
3416684,0,0,0,0,0,0,0
3418747,0,0,0,0,0,0,0
3419414,0,0,0,0,0,0,0
3419772,0,0,0,0,0,0,0
3419793,0,0,0,0,0,0,0
3419905,0,0,0,0,0,0,0
3423884,0,0,0,0,0,0,0
3425947,0,0,0,0,0,0,0
3426614,0,0,0,0,0,0,0
3426658,0,0,0,0,0,0,1
3426968,0,0,0,0,0,0,0
3426989,0,0,0,0,0,0,0
3427101,0,0,0,0,0,0,0
3431080,0,0,0,0,0,0,0
3433143,0,0,0,0,0,0,0
3433858,0,0,0,0,0,0,0
3434168,0,0,0,0,0,0,0
3434189,0,0,0,0,0,0,0
3434301,0,0,0,0,0,0,0
3438280,0,0,0,0,0,0,0
3440343,0,0,0,0,0,0,0
3441058,0,0,0,0,0,0,0
3441368,0,0,0,0,0,0,0
3441389,0,0,0,0,0,0,0
3441501,0,0,0,0,0,0,0
3445480,0,0,0,0,0,0,0
3447543,0,0,0,0,0,0,0
3448258,0,0,0,0,0,0,0
3448568,0,0,0,0,0,0,0
3448589,0,0,0,0,0,0,0
3448701,0,0,0,0,0,0,0
3452680,0,0,0,0,0,0,0
3454743,0,0,0,0,0,0,0
3455458,0,0,0,0,0,0,0
3455768,0,0,0,0,0,0,0
3455789,0,0,0,0,0,0,0
3455901,0,0,0,0,0,0,0
3459880,0,0,0,0,0,0,0
3461943,0,0,0,0,0,0,0
3462658,0,0,0,0,0,0,0
3462968,0,0,0,0,0,0,0
3462989,0,0,0,0,0,0,0
3463101,0,0,0,0,0,0,0
3467080,0,0,0,0,0,0,0
3469143,0,0,0,0,0,0,0
3469858,0,0,0,0,0,0,0
3470168,0,0,0,0,0,0,0
3470189,0,0,0,0,0,0,0
3470301,0,0,0,0,0,0,0
3474280,0,0,0,0,0,0,0
3476343,0,0,0,0,0,0,0
3477058,0,0,0,0,0,0,0
3477368,0,0,0,0,0,0,0
3477389,0,0,0,0,0,0,0
3477501,0,0,0,0,0,0,0
3481480,0,0,0,0,0,0,0
3483543,0,0,0,0,0,0,0
3484258,0,0,0,0,0,0,0
3484568,0,0,0,0,0,0,0
3484589,0,0,0,0,0,0,0
3484701,0,0,0,0,0,0,0
3488680,0,0,0,0,0,0,0
3490743,0,0,0,0,0,0,0
3491458,0,0,0,0,0,0,0
3491768,0,0,0,0,0,0,0
3491789,0,0,0,0,0,0,0
3491901,0,0,0,0,0,0,0
3495880,0,0,0,0,0,0,0
3497943,0,0,0,0,0,0,0
3498658,0,0,0,0,0,0,0
3498968,0,0,0,0,0,0,0
3498989,0,0,0,0,0,0,0
3499101,0,0,0,0,0,0,0
3503080,0,0,0,0,0,0,0
3505143,0,0,0,0,0,0,0
3505858,0,0,0,0,0,0,0
3506168,0,0,0,0,0,0,0
3506189,0,0,0,0,0,0,0
3506301,0,0,0,0,0,0,0
3510280,0,0,0,0,0,0,0
3512343,0,0,0,0,0,0,0
3512627,0,0,0,0,0,0,1
3513054,0,0,0,0,0,0,0
3513364,0,0,0,0,0,0,0
3513385,0,0,0,0,0,0,0
3513497,0,0,0,0,0,0,0
3517476,0,0,0,0,0,0,0
3517477,0,0,0,0,0,0,1
3519823,0,0,0,0,0,0,0
3520226,0,0,0,0,0,0,1
3520537,0,0,0,0,0,0,1
3520556,0,0,0,0,0,0,0
3520622,0,0,0,0,0,0,1
3521580,0,0,0,0,0,0,1
3523041,0,0,0,0,0,0,1
3523968,0,0,0,0,0,0,1
3524661,0,0,0,0,0,0,0
3524709,0,0,0,0,0,0,1
3527007,0,0,0,0,0,0,0
3527818,0,0,0,0,0,0,0
3528776,0,0,0,0,0,0,0
3531168,0,0,0,0,0,0,0
3531861,0,0,0,0,0,0,0
3531909,0,0,0,0,0,0,0
3534207,0,0,0,0,0,0,0
3535018,0,0,0,0,0,0,0
3535976,0,0,0,0,0,0,0
3538368,0,0,0,0,0,0,0
3539061,0,0,0,0,0,0,0
3539109,0,0,0,0,0,0,0
3541407,0,0,0,0,0,0,0
3542218,0,0,0,0,0,0,0
3543176,0,0,0,0,0,0,0
3545568,0,0,0,0,0,0,0
3546261,0,0,0,0,0,0,0
3546309,0,0,0,0,0,0,0
3548607,0,0,0,0,0,0,0
3549418,0,0,0,0,0,0,0
3550376,0,0,0,0,0,0,0
3552768,0,0,0,0,0,0,0
3553461,0,0,0,0,0,0,0
3553509,0,0,0,0,0,0,0
3553553,0,0,0,0,0,0,1
3555803,0,0,0,0,0,0,0
3556614,0,0,0,0,0,0,0
3557572,0,0,0,0,0,0,0
3559964,0,0,0,0,0,0,0
3560657,0,0,0,0,0,0,0
3560753,0,0,0,0,0,0,0
3563003,0,0,0,0,0,0,0
3563814,0,0,0,0,0,0,0
3564772,0,0,0,0,0,0,0
3565437,0,0,0,0,0,0,1
3565749,0,0,0,0,0,0,1
3566294,0,0,0,0,0,0,1
3566603,0,0,0,0,0,0,1
3567148,0,0,0,0,0,0,0
3567219,0,0,0,0,0,0,1
3567428,0,0,0,0,0,0,1
3567547,0,0,0,0,0,0,1
3567780,0,0,0,0,0,0,1
3568163,0,0,0,0,0,0,1
3571709,0,0,0,0,0,0,1
3571948,0,0,0,0,0,0,0
3572929,0,0,0,0,0,0,0
3573474,0,0,0,0,0,0,0
3574478,0,0,0,0,0,0,1
3574976,0,0,0,0,0,0,0
3575359,0,0,0,0,0,0,0
3578905,0,0,0,0,0,0,0
3579144,0,0,0,0,0,0,0
3580125,0,0,0,0,0,0,0
3581678,0,0,0,0,0,0,0
3582176,0,0,0,0,0,0,0
3582559,0,0,0,0,0,0,0
3586105,0,0,0,0,0,0,0
3586344,0,0,0,0,0,0,0
3587325,0,0,0,0,0,0,0
3588878,0,0,0,0,0,0,0
3589376,0,0,0,0,0,0,0
3589759,0,0,0,0,0,0,0
3593305,0,0,0,0,0,0,0
3593544,0,0,0,0,0,0,0
3594525,0,0,0,0,0,0,0
3596078,0,0,0,0,0,0,0
3596576,0,0,0,0,0,0,0
3596959,0,0,0,0,0,0,0
3600505,0,0,0,0,0,0,0
3600744,0,0,0,0,0,0,0
3601725,0,0,0,0,0,0,0
3603278,0,0,0,0,0,0,0
3603776,0,0,0,0,0,0,0
3603820,0,0,0,0,0,0,1
3604155,0,0,0,0,0,0,0
3607701,0,0,0,0,0,0,0
3607940,0,0,0,0,0,0,0
3608921,0,0,0,0,0,0,0
3610474,0,0,0,0,0,0,0
3611020,0,0,0,0,0,0,0
3611355,0,0,0,0,0,0,0
3614901,0,0,0,0,0,0,0
3615140,0,0,0,0,0,0,0
3616121,0,0,0,0,0,0,0
3617674,0,0,0,0,0,0,0
3618220,0,0,0,0,0,0,0
3618555,0,0,0,0,0,0,0
3622101,0,0,0,0,0,0,0
3622340,0,0,0,0,0,0,0
3623321,0,0,0,0,0,0,0
3624874,0,0,0,0,0,0,0
3625420,0,0,0,0,0,0,0
3625755,0,0,0,0,0,0,0
3629301,0,0,0,0,0,0,0
3629540,0,0,0,0,0,0,0
3630521,0,0,0,0,0,0,0
3632074,0,0,0,0,0,0,0
3632620,0,0,0,0,0,0,0
3632955,0,0,0,0,0,0,0
3636501,0,0,0,0,0,0,0
3636740,0,0,0,0,0,0,0
3637721,0,0,0,0,0,0,0
3639274,0,0,0,0,0,0,0
3639820,0,0,0,0,0,0,0
3640155,0,0,0,0,0,0,0
3643701,0,0,0,0,0,0,0
3643940,0,0,0,0,0,0,0
3644921,0,0,0,0,0,0,0
3646474,0,0,0,0,0,0,0
3647020,0,0,0,0,0,0,0
3647064,0,0,0,0,0,0,1
3647351,0,0,0,0,0,0,0
3650897,0,0,0,0,0,0,0
3651136,0,0,0,0,0,0,0
3652117,0,0,0,0,0,0,0
3653670,0,0,0,0,0,0,0
3653858,0,0,0,0,0,0,1
3654260,0,0,0,0,0,0,0
3654547,0,0,0,0,0,0,0
3658093,0,0,0,0,0,0,0
3658332,0,0,0,0,0,0,0
3658376,0,0,0,0,0,0,1
3659309,0,0,0,0,0,0,0
3661054,0,0,0,0,0,0,0
3661456,0,0,0,0,0,0,0
3661743,0,0,0,0,0,0,0
3665289,0,0,0,0,0,0,0
3665576,0,0,0,0,0,0,0
3666509,0,0,0,0,0,0,0
3668254,0,0,0,0,0,0,0
3668656,0,0,0,0,0,0,0
3668943,0,0,0,0,0,0,0
3672489,0,0,0,0,0,0,0
3672776,0,0,0,0,0,0,0
3673709,0,0,0,0,0,0,0
3675454,0,0,0,0,0,0,0
3675856,0,0,0,0,0,0,0
3676143,0,0,0,0,0,0,0
3679689,0,0,0,0,0,0,0
3679976,0,0,0,0,0,0,0
3680909,0,0,0,0,0,0,0
3682654,0,0,0,0,0,0,0
3683056,0,0,0,0,0,0,0
3683343,0,0,0,0,0,0,0
3686889,0,0,0,0,0,0,0
3687176,0,0,0,0,0,0,0
3688109,0,0,0,0,0,0,0
3689854,0,0,0,0,0,0,0
3690256,0,0,0,0,0,0,0
3690543,0,0,0,0,0,0,0
3694089,0,0,0,0,0,0,0
3694376,0,0,0,0,0,0,0
3695309,0,0,0,0,0,0,0
3697054,0,0,0,0,0,0,0
3697456,0,0,0,0,0,0,0
3697743,0,0,0,0,0,0,0
3701289,0,0,0,0,0,0,0
3701576,0,0,0,0,0,0,0
3702509,0,0,0,0,0,0,0
3704254,0,0,0,0,0,0,0
3704656,0,0,0,0,0,0,0
3704943,0,0,0,0,0,0,0
3708489,0,0,0,0,0,0,0
3708776,0,0,0,0,0,0,0
3709709,0,0,0,0,0,0,0
3711454,0,0,0,0,0,0,0
3711856,0,0,0,0,0,0,0
3712143,0,0,0,0,0,0,0
3715689,0,0,0,0,0,0,0
3715976,0,0,0,0,0,0,0
3716909,0,0,0,0,0,0,0
3718654,0,0,0,0,0,0,0
3719056,0,0,0,0,0,0,0
3719343,0,0,0,0,0,0,0
3722889,0,0,0,0,0,0,0
3723176,0,0,0,0,0,0,0
3723220,0,0,0,0,0,0,1
3724105,0,0,0,0,0,0,0
3725850,0,0,0,0,0,0,0
3726252,0,0,0,0,0,0,0
3726539,0,0,0,0,0,0,0
3730085,0,0,0,0,0,0,0
3730420,0,0,0,0,0,0,0
3731305,0,0,0,0,0,0,0
3732953,0,0,0,0,0,0,1
3733046,0,0,0,0,0,0,0
3733448,0,0,0,0,0,0,0
3733735,0,0,0,0,0,0,0
3734499,0,0,0,0,0,0,1
3737616,0,0,0,0,0,0,0
3737972,0,0,0,0,0,0,1
3738497,0,0,0,0,0,0,0
3740145,0,0,0,0,0,0,0
3740238,0,0,0,0,0,0,0
3740640,0,0,0,0,0,0,0
3741695,0,0,0,0,0,0,0
3745172,0,0,0,0,0,0,0
3745697,0,0,0,0,0,0,0
3747345,0,0,0,0,0,0,0
3747438,0,0,0,0,0,0,0
3747840,0,0,0,0,0,0,0
3748076,0,0,0,0,0,0,1
3748891,0,0,0,0,0,0,0
3750828,0,0,0,0,0,0,1
3752364,0,0,0,0,0,0,0
3752889,0,0,0,0,0,0,0
3754537,0,0,0,0,0,0,0
3754630,0,0,0,0,0,0,0
3756091,0,0,0,0,0,0,0
3758028,0,0,0,0,0,0,0
3759564,0,0,0,0,0,0,0
3760089,0,0,0,0,0,0,0
3761737,0,0,0,0,0,0,0
3761830,0,0,0,0,0,0,0
3763291,0,0,0,0,0,0,0
3765228,0,0,0,0,0,0,0
3766764,0,0,0,0,0,0,0
3767289,0,0,0,0,0,0,0
3768937,0,0,0,0,0,0,0
3769030,0,0,0,0,0,0,0
3770491,0,0,0,0,0,0,0
3772428,0,0,0,0,0,0,0
3773964,0,0,0,0,0,0,0
3774489,0,0,0,0,0,0,0
3776137,0,0,0,0,0,0,0
3776230,0,0,0,0,0,0,0
3777691,0,0,0,0,0,0,0
3779628,0,0,0,0,0,0,0
3781164,0,0,0,0,0,0,0
3781689,0,0,0,0,0,0,0
3783337,0,0,0,0,0,0,0
3783430,0,0,0,0,0,0,0
3784891,0,0,0,0,0,0,0
3786828,0,0,0,0,0,0,0
3788364,0,0,0,0,0,0,0
3788889,0,0,0,0,0,0,0
3790537,0,0,0,0,0,0,0
3790630,0,0,0,0,0,0,0
3791680,0,0,0,0,0,0,1
3792087,0,0,0,0,0,0,0
3795564,0,0,0,0,0,0,0
3796089,0,0,0,0,0,0,0
3797737,0,0,0,0,0,0,0
3797830,0,0,0,0,0,0,0
3798545,0,0,0,0,0,0,1
3798876,0,0,0,0,0,0,0
3799283,0,0,0,0,0,0,0
3799639,0,0,0,0,0,0,1
3802058,0,0,0,0,0,0,1
3802152,0,0,0,0,0,0,1
3803060,0,0,0,0,0,0,1
3803273,0,0,0,0,0,0,0
3805328,0,0,0,0,0,0,1
3805565,0,0,0,0,0,0,1
3805752,0,0,0,0,0,0,1
3806108,0,0,0,0,0,0,1
3806827,0,0,0,0,0,0,0
3807204,0,0,0,0,0,0,1
3807248,0,0,0,0,0,0,1
3808135,0,0,0,0,0,0,1
3809234,0,0,0,0,0,0,0
3810240,0,0,0,0,0,0,0
3810453,0,0,0,0,0,0,0
3812749,0,0,0,0,0,0,0
3812793,0,0,0,0,0,0,1
3814444,0,0,0,0,0,0,0
3815331,0,0,0,0,0,0,0
3816430,0,0,0,0,0,0,0
3817436,0,0,0,0,0,0,0
3817649,0,0,0,0,0,0,0
3818435,0,0,0,0,0,0,1
3818839,0,0,0,0,0,0,1
3818857,0,0,0,0,0,0,1
3821636,0,0,0,0,0,0,0
3823626,0,0,0,0,0,0,0
3824076,0,0,0,0,0,0,1
3824628,0,0,0,0,0,0,0
3824841,0,0,0,0,0,0,0
3825532,0,0,0,0,0,0,1
3825936,0,0,0,0,0,0,1
3826027,0,0,0,0,0,0,0
3826045,0,0,0,0,0,0,0
3826089,0,0,0,0,0,0,1
3826133,0,0,0,0,0,0,1
3826561,0,0,0,0,0,0,1
3830806,0,0,0,0,0,0,0
3831256,0,0,0,0,0,0,0
3832025,0,0,0,0,0,0,0
3832405,0,0,0,0,0,0,1
3832977,0,0,0,0,0,0,1
3833116,0,0,0,0,0,0,0
3833207,0,0,0,0,0,0,0
3833277,0,0,0,0,0,0,1
3833749,0,0,0,0,0,0,0
3834204,0,0,0,0,0,0,1
3834341,0,0,0,0,0,0,1
3834532,0,0,0,0,0,0,1
3835032,0,0,0,0,0,0,1
3835337,0,0,0,0,0,0,1
3837974,0,0,0,0,0,0,0
3838424,0,0,0,0,0,0,0
3839116,0,0,0,0,0,0,1
3839856,0,0,0,0,0,0,1
3840383,0,0,0,0,0,0,0
3840453,0,0,0,0,0,0,0
3842129,0,0,0,0,0,0,1
3842220,0,0,0,0,0,0,0
3842525,0,0,0,0,0,0,0
3842597,0,0,0,0,0,0,1
3842929,0,0,0,0,0,0,1
3844939,0,0,0,0,0,0,1
3845150,0,0,0,0,0,0,0
3845194,0,0,0,0,0,0,1
3845622,0,0,0,0,0,0,1
3845641,0,0,0,0,0,0,1
3846118,0,0,0,0,0,0,1
3846689,0,0,0,0,0,0,1
3847020,0,0,0,0,0,0,0
3847304,0,0,0,0,0,0,1
3847470,0,0,0,0,0,0,1
3847778,0,0,0,0,0,0,1
3847872,0,0,0,0,0,0,1
3848130,0,0,0,0,0,0,1
3848488,0,0,0,0,0,0,1
3848554,0,0,0,0,0,0,1
3848936,0,0,0,0,0,0,1
3849101,0,0,0,0,0,0,1
3849744,0,0,0,0,0,0,1
3852091,0,0,0,0,0,0,0
3853861,0,0,0,0,0,0,0
3854480,0,0,0,0,0,0,0
3855750,0,0,0,0,0,0,0
3856301,0,0,0,0,0,0,0
3856944,0,0,0,0,0,0,0
3859291,0,0,0,0,0,0,0
3861061,0,0,0,0,0,0,0
3861680,0,0,0,0,0,0,0
3862950,0,0,0,0,0,0,0
3863501,0,0,0,0,0,0,0
3864144,0,0,0,0,0,0,0
3866491,0,0,0,0,0,0,0
3868261,0,0,0,0,0,0,0
3868305,0,0,0,0,0,0,1
3868876,0,0,0,0,0,0,0
3870146,0,0,0,0,0,0,0
3870697,0,0,0,0,0,0,0
3871340,0,0,0,0,0,0,0
3873687,0,0,0,0,0,0,0
3875505,0,0,0,0,0,0,0
3876076,0,0,0,0,0,0,0
3877346,0,0,0,0,0,0,0
3877897,0,0,0,0,0,0,0
3878540,0,0,0,0,0,0,0
3880887,0,0,0,0,0,0,0
3882705,0,0,0,0,0,0,0
3883276,0,0,0,0,0,0,0
3884546,0,0,0,0,0,0,0
3885097,0,0,0,0,0,0,0
3885740,0,0,0,0,0,0,0
3888087,0,0,0,0,0,0,0
3889905,0,0,0,0,0,0,0
3890476,0,0,0,0,0,0,0
3891746,0,0,0,0,0,0,0
3891790,0,0,0,0,0,0,1
3892293,0,0,0,0,0,0,0
3892936,0,0,0,0,0,0,0
3895283,0,0,0,0,0,0,0
3897101,0,0,0,0,0,0,0
3897672,0,0,0,0,0,0,0
3898990,0,0,0,0,0,0,0
3899493,0,0,0,0,0,0,0
3900136,0,0,0,0,0,0,0
3902483,0,0,0,0,0,0,0
3904301,0,0,0,0,0,0,0
3904872,0,0,0,0,0,0,0
3906190,0,0,0,0,0,0,0
3906693,0,0,0,0,0,0,0
3907336,0,0,0,0,0,0,0
3909683,0,0,0,0,0,0,0
3911501,0,0,0,0,0,0,0
3912072,0,0,0,0,0,0,0
3913390,0,0,0,0,0,0,0
3913893,0,0,0,0,0,0,0
3914536,0,0,0,0,0,0,0
3916883,0,0,0,0,0,0,0
3918701,0,0,0,0,0,0,0
3919272,0,0,0,0,0,0,0
3920590,0,0,0,0,0,0,0
3921093,0,0,0,0,0,0,0
3921736,0,0,0,0,0,0,0
3924083,0,0,0,0,0,0,0
3925901,0,0,0,0,0,0,0
3926472,0,0,0,0,0,0,0
3927790,0,0,0,0,0,0,0
3928293,0,0,0,0,0,0,0
3928936,0,0,0,0,0,0,0
3931283,0,0,0,0,0,0,0
3933101,0,0,0,0,0,0,0
3933672,0,0,0,0,0,0,0
3934990,0,0,0,0,0,0,0
3935493,0,0,0,0,0,0,0
3936136,0,0,0,0,0,0,0
3938483,0,0,0,0,0,0,0
3940301,0,0,0,0,0,0,0
3940872,0,0,0,0,0,0,0
3940916,0,0,0,0,0,0,1
3942186,0,0,0,0,0,0,0
3942689,0,0,0,0,0,0,0
3943332,0,0,0,0,0,0,0
3945679,0,0,0,0,0,0,0
3947497,0,0,0,0,0,0,0
3948116,0,0,0,0,0,0,0
3948522,0,0,0,0,0,0,1
3949889,0,0,0,0,0,0,0
3950532,0,0,0,0,0,0,0
3952879,0,0,0,0,0,0,0
3954697,0,0,0,0,0,0,0
3955316,0,0,0,0,0,0,0
3955722,0,0,0,0,0,0,0
3957089,0,0,0,0,0,0,0
3957732,0,0,0,0,0,0,0
3960079,0,0,0,0,0,0,0
3961897,0,0,0,0,0,0,0
3962516,0,0,0,0,0,0,0
3962922,0,0,0,0,0,0,0
3964289,0,0,0,0,0,0,0
3964932,0,0,0,0,0,0,0
3967279,0,0,0,0,0,0,0
3969097,0,0,0,0,0,0,0
3969716,0,0,0,0,0,0,0
3970072,0,0,0,0,0,0,1
3970118,0,0,0,0,0,0,0
3971485,0,0,0,0,0,0,0
3972128,0,0,0,0,0,0,0
3974475,0,0,0,0,0,0,0
3976293,0,0,0,0,0,0,0
3977272,0,0,0,0,0,0,0
3977318,0,0,0,0,0,0,0
3978685,0,0,0,0,0,0,0
3979328,0,0,0,0,0,0,0
3981675,0,0,0,0,0,0,0
3983493,0,0,0,0,0,0,0
3983537,0,0,0,0,0,0,1
3984468,0,0,0,0,0,0,0
3984514,0,0,0,0,0,0,0
3985881,0,0,0,0,0,0,0
3986524,0,0,0,0,0,0,0
3988871,0,0,0,0,0,0,0
3990737,0,0,0,0,0,0,0
3991668,0,0,0,0,0,0,0
3991714,0,0,0,0,0,0,0
3991948,0,0,0,0,0,0,1
3993077,0,0,0,0,0,0,0
3993720,0,0,0,0,0,0,0
3996067,0,0,0,0,0,0,0
3997933,0,0,0,0,0,0,0
3998914,0,0,0,0,0,0,0
3999148,0,0,0,0,0,0,0
