step,picked,placed_v2,farside,slide_event,home,nested_v2,tipped
267,0,0,0,0,0,0,1
1633,0,0,0,0,0,0,1
7192,0,0,0,0,0,0,0
7193,0,0,0,0,0,0,0
7194,0,0,0,0,0,0,0
7196,0,0,0,0,0,0,0
7467,0,0,0,0,0,0,0
8833,0,0,0,0,0,0,0
14392,0,0,0,0,0,0,0
14393,0,0,0,0,0,0,0
14394,0,0,0,0,0,0,0
14396,0,0,0,0,0,0,0
14667,0,0,0,0,0,0,0
14880,0,0,0,0,0,0,1
16029,0,0,0,0,0,0,0
16336,0,0,0,0,0,0,1
21584,0,0,0,0,0,0,0
21585,0,0,0,0,0,0,0
21586,0,0,0,0,0,0,0
21863,0,0,0,0,0,0,0
23229,0,0,0,0,0,0,0
23536,0,0,0,0,0,0,0
28784,0,0,0,0,0,0,0
28785,0,0,0,0,0,0,0
28786,0,0,0,0,0,0,0
29063,0,0,0,0,0,0,0
30429,0,0,0,0,0,0,0
30736,0,0,0,0,0,0,0
33781,0,0,0,0,0,0,1
34134,1,0,0,0,0,0,1
34778,0,0,0,0,0,0,1
35972,0,0,0,0,0,0,0
35973,0,0,0,0,0,0,0
36038,1,0,0,0,0,0,1
36251,0,0,0,0,0,0,0
37928,0,0,0,0,0,0,0
40973,0,0,0,0,0,0,0
43172,0,0,0,0,0,0,0
43173,0,0,0,0,0,0,0
43238,0,0,0,0,0,0,0
43451,0,0,0,0,0,0,0
44094,1,0,0,0,0,0,1
45124,0,0,0,0,0,0,0
48169,0,0,0,0,0,0,0
50368,0,0,0,0,0,0,0
50369,0,0,0,0,0,0,0
50651,0,0,0,0,0,0,0
51294,0,0,0,0,0,0,0
52324,0,0,0,0,0,0,0
55369,0,0,0,0,0,0,0
57568,0,0,0,0,0,0,0
57569,0,0,0,0,0,0,0
57851,0,0,0,0,0,0,0
58494,0,0,0,0,0,0,0
59524,0,0,0,0,0,0,0
61270,1,0,0,0,0,0,1
62565,0,0,0,0,0,0,0
64764,0,0,0,0,0,0,0
64765,0,0,0,0,0,0,0
65047,0,0,0,0,0,0,0
66724,0,0,0,0,0,0,0
68470,0,0,0,0,0,0,0
69765,0,0,0,0,0,0,0
71964,0,0,0,0,0,0,0
71965,0,0,0,0,0,0,0
72247,0,0,0,0,0,0,0
73924,0,0,0,0,0,0,0
75670,0,0,0,0,0,0,0
76965,0,0,0,0,0,0,0
77030,0,0,0,0,0,0,1
78397,0,0,0,0,0,0,1
79041,0,0,0,0,0,0,1
79152,0,0,0,0,0,0,0
79153,0,0,0,0,0,0,0
79435,0,0,0,0,0,0,0
79793,0,0,0,0,0,0,1
80336,0,0,0,0,0,0,1
80432,0,0,0,0,0,0,1
84218,0,0,0,0,0,0,0
86349,0,0,0,0,0,0,0
86635,0,0,0,0,0,0,0
86993,0,0,0,0,0,0,0
87536,0,0,0,0,0,0,0
87632,0,0,0,0,0,0,0
88780,0,0,0,0,0,0,1
88988,0,0,0,0,0,0,1
91410,0,0,0,0,0,0,0
91432,0,0,0,0,0,0,1
92364,0,0,0,0,0,0,1
93533,0,0,0,0,0,0,0
93819,0,0,0,0,0,0,0
94103,0,0,0,0,0,0,1
94173,0,0,0,0,0,0,0
94357,0,0,0,0,0,0,1
96176,0,0,0,0,0,0,0
98598,0,0,0,0,0,0,0
99556,0,0,0,0,0,0,0
101303,0,0,0,0,0,0,0
101373,0,0,0,0,0,0,0
101557,0,0,0,0,0,0,0
102729,0,0,0,0,0,0,1
103113,0,0,0,0,0,0,1
103368,0,0,0,0,0,0,0
105790,0,0,0,0,0,0,0
106748,0,0,0,0,0,0,0
108473,1,0,0,0,0,0,1
108491,0,0,0,0,0,0,0
109925,0,0,0,0,0,0,0
109969,0,0,0,0,0,0,1
110013,0,0,0,0,0,0,1
110057,0,0,0,0,0,0,1
110556,0,0,0,0,0,0,0
112978,0,0,0,0,0,0,0
113936,0,0,0,0,0,0,0
115661,0,0,0,0,0,0,0
115679,0,0,0,0,0,0,0
117257,0,0,0,0,0,0,0
117278,0,0,0,0,0,0,1
117752,0,0,0,0,0,0,0
118948,0,0,0,0,0,0,1
120672,1,0,0,0,0,0,1
121128,0,0,0,0,0,0,0
122853,0,0,0,0,0,0,0
122871,0,0,0,0,0,0,0
123467,0,0,0,0,0,0,1
124445,0,0,0,0,0,0,0
124466,0,0,0,0,0,0,0
124821,0,0,0,0,0,0,1
127864,0,0,0,0,0,0,0
128320,0,0,0,0,0,0,0
130045,0,0,0,0,0,0,0
130663,0,0,0,0,0,0,0
131666,0,0,0,0,0,0,0
132021,0,0,0,0,0,0,0
133004,0,0,0,0,0,0,1
135060,0,0,0,0,0,0,0
137245,0,0,0,0,0,0,0
137863,0,0,0,0,0,0,0
138866,0,0,0,0,0,0,0
139221,0,0,0,0,0,0,0
140204,0,0,0,0,0,0,0
142260,0,0,0,0,0,0,0
144445,0,0,0,0,0,0,0
145063,0,0,0,0,0,0,0
146066,0,0,0,0,0,0,0
146421,0,0,0,0,0,0,0
147404,0,0,0,0,0,0,0
149460,0,0,0,0,0,0,0
151645,0,0,0,0,0,0,0
152263,0,0,0,0,0,0,0
153266,0,0,0,0,0,0,0
153621,0,0,0,0,0,0,0
154604,0,0,0,0,0,0,0
156280,0,0,0,0,0,0,1
156656,0,0,0,0,0,0,0
158476,1,0,0,0,0,0,1
158837,0,0,0,0,0,0,0
159455,0,0,0,0,0,0,0
160458,0,0,0,0,0,0,0
160813,0,0,0,0,0,0,0
161672,0,0,0,0,0,0,1
163472,0,0,0,0,0,0,0
166037,0,0,0,0,0,0,0
166246,0,0,0,0,0,0,1
166651,0,0,0,0,0,0,0
168013,0,0,0,0,0,0,0
168637,0,0,0,0,0,0,1
168868,0,0,0,0,0,0,0
170668,0,0,0,0,0,0,0
171596,1,0,0,0,0,0,1
171714,0,0,0,0,0,0,1
172215,1,0,0,0,0,0,1
172737,0,0,0,0,0,0,1
173236,0,0,0,0,0,0,1
173380,1,0,0,0,0,0,1
175148,1,0,0,0,0,0,1
175458,1,0,0,0,0,0,1
175817,0,0,0,0,0,0,0
176266,0,0,0,0,0,0,1
178086,0,0,0,0,0,0,1
179403,0,0,0,0,0,0,0
179925,0,0,0,0,0,0,0
180572,0,0,0,0,0,0,0
181911,0,0,0,0,0,0,1
182336,0,0,0,0,0,0,0
183009,0,0,0,0,0,0,0
185282,0,0,0,0,0,0,0
187125,0,0,0,0,0,0,0
187772,1,1,1,0,0,0,0
189111,0,0,0,0,0,0,0
189536,0,0,0,0,0,0,0
190209,0,0,0,0,0,0,0
192482,0,0,0,0,0,0,0
194325,0,0,0,0,0,0,0
194972,0,0,0,0,0,0,0
196311,0,0,0,0,0,0,0
196736,0,0,0,0,0,0,0
197409,0,0,0,0,0,0,0
199682,0,0,0,0,0,0,0
201525,0,0,0,0,0,0,0
202172,0,0,0,0,0,0,0
203511,0,0,0,0,0,0,0
203936,0,0,0,0,0,0,0
204320,1,0,0,0,0,0,1
204336,0,0,0,0,0,0,1
204337,0,0,0,0,0,0,1
204597,0,0,0,0,0,0,0
206870,0,0,0,0,0,0,0
210707,0,0,0,0,0,0,0
211520,0,0,0,0,0,0,0
211536,0,0,0,0,0,0,0
211537,0,0,0,0,0,0,0
211797,0,0,0,0,0,0,0
212729,0,0,0,0,0,0,1
214066,0,0,0,0,0,0,0
217903,0,0,0,0,0,0,0
218716,0,0,0,0,0,0,0
218732,0,0,0,0,0,0,0
218733,0,0,0,0,0,0,0
219929,0,0,0,0,0,0,0
221266,0,0,0,0,0,0,0
225103,0,0,0,0,0,0,0
225916,0,0,0,0,0,0,0
225932,0,0,0,0,0,0,0
225933,0,0,0,0,0,0,0
227129,0,0,0,0,0,0,0
228466,0,0,0,0,0,0,0
229209,0,0,0,0,0,0,1
229707,1,0,0,0,0,0,1
233112,0,0,0,0,0,0,0
233128,0,0,0,0,0,0,0
233129,0,0,0,0,0,0,0
233480,0,0,0,0,0,0,1
235662,0,0,0,0,0,0,0
236405,0,0,0,0,0,0,0
236903,0,0,0,0,0,0,0
240308,0,0,0,0,0,0,0
240325,0,0,0,0,0,0,0
240348,0,0,0,0,0,0,1
240676,0,0,0,0,0,0,0
242858,0,0,0,0,0,0,0
243141,0,0,0,0,0,0,1
243497,0,0,0,0,0,0,1
243593,0,0,0,0,0,0,0
244091,0,0,0,0,0,0,0
247544,0,0,0,0,0,0,0
247872,0,0,0,0,0,0,0
250054,0,0,0,0,0,0,0
250697,0,0,0,0,0,0,0
250793,0,0,0,0,0,0,0
250837,0,0,0,0,0,0,1
251287,0,0,0,0,0,0,0
252315,0,0,0,0,0,0,1
254736,0,0,0,0,0,0,0
255064,0,0,0,0,0,0,0
256935,0,0,0,0,0,0,1
257242,0,0,0,0,0,0,0
257885,0,0,0,0,0,0,0
258029,0,0,0,0,0,0,0
259369,0,0,0,0,0,0,1
260997,0,0,0,0,0,0,1
261353,0,0,0,0,0,0,1
261512,0,0,0,0,0,0,1
261920,0,0,0,0,0,0,0
262056,0,0,0,0,0,0,1
263566,0,0,0,0,0,0,1
263610,0,0,0,0,0,0,1
264111,0,0,0,0,0,0,0
264154,0,0,0,0,0,0,1
265061,0,0,0,0,0,0,0
267482,0,0,0,0,0,0,1
268414,0,0,0,0,0,0,1
268533,0,0,0,0,0,0,0
269104,0,0,0,0,0,0,0
269240,0,0,0,0,0,0,0
269529,0,0,0,0,0,0,1
269976,0,0,0,0,0,0,1
271295,0,0,0,0,0,0,0
271436,0,0,0,0,0,0,1
272245,0,0,0,0,0,0,0
272841,0,0,0,0,0,0,1
275598,0,0,0,0,0,0,0
276725,0,0,0,0,0,0,0
277172,0,0,0,0,0,0,0
277697,0,0,0,0,0,0,1
278487,0,0,0,0,0,0,0
278628,0,0,0,0,0,0,0
282798,0,0,0,0,0,0,0
282842,0,0,0,0,0,0,1
283655,0,0,0,0,0,0,1
283700,0,0,0,0,0,0,1
283913,0,0,0,0,0,0,0
284146,0,0,0,0,0,0,1
284356,0,0,0,0,0,0,0
284881,0,0,0,0,0,0,0
285287,0,0,0,0,0,0,1
285736,0,0,0,0,0,0,1
285806,0,0,0,0,0,0,1
286547,1,0,0,0,0,0,1
286807,0,0,0,0,0,0,1
290884,0,0,0,0,0,0,0
291097,0,0,0,0,0,0,0
292073,0,0,0,0,0,0,0
292932,0,0,0,0,0,0,0
293002,0,0,0,0,0,0,0
294007,0,0,0,0,0,0,0
297409,0,0,0,0,0,0,1
298080,0,0,0,0,0,0,0
298293,0,0,0,0,0,0,0
299464,0,0,0,0,0,0,1
299701,1,0,0,0,0,0,1
300124,0,0,0,0,0,0,0
300194,0,0,0,0,0,0,0
301199,0,0,0,0,0,0,0
304601,0,0,0,0,0,0,0
306664,0,0,0,0,0,0,0
306901,0,0,0,0,0,0,0
307324,0,0,0,0,0,0,0
307394,0,0,0,0,0,0,0
308061,0,0,0,0,0,0,1
308395,0,0,0,0,0,0,0
309544,1,0,0,0,0,0,1
311099,0,0,0,0,0,0,1
314097,0,0,0,0,0,0,0
314520,0,0,0,0,0,0,0
314590,0,0,0,0,0,0,0
314705,0,0,0,0,0,0,1
316025,0,0,0,0,0,0,1
316740,0,0,0,0,0,0,0
317673,0,0,0,0,0,0,1
318291,0,0,0,0,0,0,0
318409,0,0,0,0,0,0,1
319677,0,0,0,0,0,0,1
321708,0,0,0,0,0,0,0
321778,0,0,0,0,0,0,0
321893,0,0,0,0,0,0,0
322181,1,0,0,0,0,0,1
323685,0,0,0,0,0,0,1
323924,0,0,0,0,0,0,0
325333,1,0,0,0,0,0,1
325475,0,0,0,0,0,0,0
327533,0,0,0,0,0,0,1
328417,0,0,0,0,0,0,1
328656,1,0,0,0,0,0,1
328888,0,0,0,0,0,0,0
328958,0,0,0,0,0,0,0
329365,0,0,0,0,0,0,0
332093,0,0,0,0,0,0,1
332667,0,0,0,0,0,0,0
335856,0,0,0,0,0,0,0
336088,0,0,0,0,0,0,0
336158,0,0,0,0,0,0,0
336202,0,0,0,0,0,0,1
336561,0,0,0,0,0,0,0
339289,1,0,0,0,0,0,0
339863,0,0,0,0,0,0,0
340052,0,0,0,0,0,0,1
343284,0,0,0,0,0,0,0
343402,0,0,0,0,0,0,0
343761,0,0,0,0,0,0,0
344184,0,0,0,0,0,0,1
345502,0,0,0,0,0,0,1
346003,1,0,0,0,0,0,1
346477,0,0,0,0,0,0,0
346738,0,0,0,0,0,0,1
347240,0,0,0,0,0,0,0
348626,0,0,0,0,0,0,1
350953,0,0,0,0,0,0,0
351376,0,0,0,0,0,0,0
353199,0,0,0,0,0,0,0
353673,1,0,0,0,0,0,0
354440,0,0,0,0,0,0,0
354457,0,0,0,0,0,0,1
354767,1,0,0,0,0,0,1
355818,0,0,0,0,0,0,0
358145,0,0,0,0,0,0,0
358568,0,0,0,0,0,0,0
358612,0,0,0,0,0,0,1
360051,0,0,0,0,0,0,1
360094,1,0,0,0,0,0,1
360572,0,0,0,0,0,0,1
361645,0,0,0,0,0,0,0
362867,0,0,0,0,0,0,1
363557,1,0,0,0,0,0,1
364609,0,0,0,0,0,0,1
365329,0,0,0,0,0,0,0
365800,0,0,0,0,0,0,0
366041,0,0,0,0,0,0,1
367282,0,0,0,0,0,0,0
367760,0,0,0,0,0,0,0
370059,0,0,0,0,0,0,0
371805,0,0,0,0,0,0,0
373000,0,0,0,0,0,0,0
373241,0,0,0,0,0,0,0
374073,0,0,0,0,0,0,1
374478,0,0,0,0,0,0,0
374956,0,0,0,0,0,0,0
375164,1,0,0,0,0,0,1
376336,0,0,0,0,0,0,1
376384,0,0,0,0,0,0,1
376401,0,0,0,0,0,0,1
377239,0,0,0,0,0,0,0
380429,0,0,0,0,0,0,0
381670,0,0,0,0,0,0,0
383536,0,0,0,0,0,0,0
383584,0,0,0,0,0,0,0
383601,0,0,0,0,0,0,0
384439,0,0,0,0,0,0,0
387629,0,0,0,0,0,0,0
387673,0,0,0,0,0,0,1
388866,0,0,0,0,0,0,0
390732,0,0,0,0,0,0,0
390780,0,0,0,0,0,0,0
390797,0,0,0,0,0,0,0
391635,0,0,0,0,0,0,0
394873,0,0,0,0,0,0,0
396066,0,0,0,0,0,0,0
397932,0,0,0,0,0,0,0
397980,0,0,0,0,0,0,0
397997,0,0,0,0,0,0,0
398835,0,0,0,0,0,0,0
402073,0,0,0,0,0,0,0
402787,0,0,0,0,0,0,1
403262,0,0,0,0,0,0,0
404675,0,0,0,0,0,0,1
405124,0,0,0,0,0,0,0
405172,0,0,0,0,0,0,0
405189,0,0,0,0,0,0,0
409244,0,0,0,0,0,0,1
409265,0,0,0,0,0,0,0
409280,0,0,0,0,0,0,1
409423,1,0,0,0,0,0,1
410450,0,0,0,0,0,0,0
410901,1,0,0,0,0,0,1
416444,0,0,0,0,0,0,0
416465,0,0,0,0,0,0,0
416480,0,0,0,0,0,0,0
416623,0,0,0,0,0,0,0
417650,0,0,0,0,0,0,0
418101,0,0,0,0,0,0,0
419296,1,0,0,0,0,0,1
420929,1,0,0,0,0,0,1
420973,0,0,0,0,0,0,1
423632,0,0,0,0,0,0,0
423819,0,0,0,0,0,0,0
424846,0,0,0,0,0,0,0
425297,0,0,0,0,0,0,0
426492,0,0,0,0,0,0,0
426539,1,1,0,0,0,0,1
427015,1,0,0,0,0,0,1
427059,0,0,0,0,0,0,1
428161,0,0,0,0,0,0,0
428851,1,0,0,0,0,0,1
430816,0,0,0,0,0,0,0
432034,0,0,0,0,0,0,0
432485,0,0,0,0,0,0,0
433680,0,0,0,0,0,0,0
435361,0,0,0,0,0,0,0
436051,0,0,0,0,0,0,0
436980,1,0,0,0,0,0,1
438012,0,0,0,0,0,0,0
439230,0,0,0,0,0,0,0
439681,0,0,0,0,0,0,0
440085,0,0,0,0,0,0,1
442244,0,0,0,0,0,0,1
442479,1,1,1,0,0,0,1
442549,0,0,0,0,0,0,0
444056,1,0,0,0,0,0,1
444168,0,0,0,0,0,0,0
446422,0,0,0,0,0,0,0
447281,0,0,0,0,0,0,0
449679,0,0,0,0,0,0,0
449749,0,0,0,0,0,0,0
450533,0,0,0,0,0,0,1
450699,0,0,0,0,0,0,1
450745,0,0,0,0,0,0,1
451244,1,0,0,0,0,0,0
451356,1,0,0,0,0,0,0
453610,0,0,0,0,0,0,0
454348,1,0,0,0,0,0,1
456413,0,0,0,0,0,0,1
456934,0,0,0,0,0,0,1
457721,0,0,0,0,0,0,0
457887,0,0,0,0,0,0,0
458436,0,0,0,0,0,0,0
460564,0,0,0,0,0,0,1
463613,0,0,0,0,0,0,0
464134,0,0,0,0,0,0,0
464921,0,0,0,0,0,0,0
465087,0,0,0,0,0,0,0
465636,0,0,0,0,0,0,0
467764,0,0,0,0,0,0,0
470544,0,0,0,0,0,0,1
470809,1,0,0,0,0,0,0
471092,1,1,0,0,0,0,1
471326,0,0,0,0,0,0,0
472113,0,0,0,0,0,0,0
472279,0,0,0,0,0,0,0
473234,1,0,0,0,0,0,1
474428,1,0,0,0,0,0,1
474693,1,0,0,0,0,0,1
474737,0,0,0,0,0,0,1
475257,1,0,0,0,0,0,1
476503,1,0,0,0,0,0,1
477100,0,0,0,0,0,0,1
478941,1,0,0,0,0,0,1
479011,1,0,0,0,0,0,1
480422,0,0,0,0,0,0,0
481616,0,0,0,0,0,0,0
481929,0,0,0,0,0,0,0
484300,0,0,0,0,0,0,0
486141,0,0,0,0,0,0,0
486211,0,0,0,0,0,0,0
487332,0,0,0,0,0,0,1
487428,0,0,0,0,0,0,1
487614,0,0,0,0,0,0,0
488212,0,0,0,0,0,0,1
488687,0,0,0,0,0,0,1
489117,1,0,0,0,0,0,0
491390,1,0,0,0,0,0,1
493329,0,0,0,0,0,0,0
494524,0,0,0,0,0,0,0
495412,0,0,0,0,0,0,0
495887,0,0,0,0,0,0,0
496317,0,0,0,0,0,0,0
498133,1,0,0,0,0,0,1
498586,0,0,0,0,0,0,0
501724,0,0,0,0,0,0,0
502612,0,0,0,0,0,0,0
503087,0,0,0,0,0,0,0
503517,1,0,0,0,0,0,0
504493,0,0,0,0,0,0,1
505786,0,0,0,0,0,0,0
508256,0,0,0,0,0,0,1
508920,0,0,0,0,0,0,0
508964,0,0,0,0,0,0,1
510283,0,0,0,0,0,0,0
510713,0,0,0,0,0,0,0
511689,0,0,0,0,0,0,0
511690,0,0,0,0,0,0,1
511896,1,0,0,0,0,0,1
512136,1,0,0,0,0,0,1
515781,0,0,0,0,0,0,1
517479,0,0,0,0,0,0,0
518341,1,0,0,0,0,0,1
518885,0,0,0,0,0,0,0
518886,0,0,0,0,0,0,0
519092,0,0,0,0,0,0,0
519136,0,0,0,0,0,0,1
519328,0,0,0,0,0,0,0
524675,0,0,0,0,0,0,0
524694,0,0,0,0,0,0,1
524761,0,0,0,0,0,0,1
525240,0,0,0,0,0,0,1
525378,0,0,0,0,0,0,1
525521,0,0,0,0,0,0,0
526328,1,0,0,0,0,0,0
527189,1,0,0,0,0,0,1
527211,1,0,0,0,0,0,1
530543,0,0,0,0,0,0,1
532436,0,0,0,0,0,0,0
532574,0,0,0,0,0,0,0
532717,0,0,0,0,0,0,0
533524,0,0,0,0,0,0,0
533931,0,0,0,0,0,0,1
534381,0,0,0,0,0,0,0
539636,0,0,0,0,0,0,0
539774,0,0,0,0,0,0,0
539917,0,0,0,0,0,0,0
540724,0,0,0,0,0,0,0
541131,0,0,0,0,0,0,0
541581,0,0,0,0,0,0,0
546836,0,0,0,0,0,0,0
546974,0,0,0,0,0,0,0
547117,0,0,0,0,0,0,0
547924,0,0,0,0,0,0,0
548331,0,0,0,0,0,0,0
548781,0,0,0,0,0,0,0
554036,0,0,0,0,0,0,0
554174,0,0,0,0,0,0,0
554317,0,0,0,0,0,0,0
554361,0,0,0,0,0,0,1
555120,0,0,0,0,0,0,0
555527,0,0,0,0,0,0,0
555977,0,0,0,0,0,0,0
561232,0,0,0,0,0,0,0
561370,0,0,0,0,0,0,0
561561,0,0,0,0,0,0,0
562320,0,0,0,0,0,0,0
562727,0,0,0,0,0,0,0
563177,0,0,0,0,0,0,0
568432,0,0,0,0,0,0,0
568570,0,0,0,0,0,0,0
568761,0,0,0,0,0,0,0
569520,0,0,0,0,0,0,0
569927,0,0,0,0,0,0,0
570377,0,0,0,0,0,0,0
575632,0,0,0,0,0,0,0
575770,0,0,0,0,0,0,0
575961,1,0,0,0,0,0,0
576720,0,0,0,0,0,0,0
577127,0,0,0,0,0,0,0
577577,0,0,0,0,0,0,0
582832,0,0,0,0,0,0,0
582970,0,0,0,0,0,0,0
583113,1,0,0,0,0,0,1
583920,0,0,0,0,0,0,0
584327,0,0,0,0,0,0,0
584371,0,0,0,0,0,0,1
584773,1,0,0,0,0,0,0
586114,0,0,0,0,0,0,1
587453,1,0,0,0,0,0,1
587738,0,0,0,0,0,0,1
590016,0,0,0,0,0,0,0
590152,0,0,0,0,0,0,1
590245,0,0,0,0,0,0,1
590293,0,0,0,0,0,0,0
591559,0,0,0,0,0,0,0
591796,0,0,0,0,0,0,1
594934,0,0,0,0,0,0,0
597352,0,0,0,0,0,0,0
597445,0,0,0,0,0,0,0
597493,0,0,0,0,0,0,0
598759,0,0,0,0,0,0,0
598996,0,0,0,0,0,0,0
600357,1,0,0,0,0,0,1
602130,0,0,0,0,0,0,0
603638,0,0,0,0,0,0,1
604544,0,0,0,0,0,0,0
604689,0,0,0,0,0,0,0
605955,0,0,0,0,0,0,0
606192,0,0,0,0,0,0,0
606786,1,0,0,0,0,0,1
606948,1,0,0,0,0,0,1
607309,1,0,0,0,0,0,1
607541,0,0,0,0,0,0,0
612941,0,0,0,0,0,0,1
613151,0,0,0,0,0,0,0
613388,0,0,0,0,0,0,0
613453,0,0,0,0,0,0,1
613977,0,0,0,0,0,0,1
613978,0,0,0,0,0,0,0
614136,0,0,0,0,0,0,0
614925,0,0,0,0,0,0,1
616483,1,0,0,0,0,0,1
620129,0,0,0,0,0,0,0
620580,0,0,0,0,0,0,0
621174,0,0,0,0,0,0,0
621336,0,0,0,0,0,0,0
622125,0,0,0,0,0,0,0
623564,0,0,0,0,0,0,1
623679,0,0,0,0,0,0,0
624681,1,0,0,0,0,0,1
624872,1,0,0,0,0,0,1
625323,1,0,0,0,0,0,1
626471,0,0,0,0,0,0,1
627309,0,0,0,0,0,0,0
628310,0,0,0,0,0,0,1
628520,0,0,0,0,0,0,0
628997,0,0,0,0,0,0,1
629833,0,0,0,0,0,0,1
630428,1,0,0,0,0,0,1
631456,0,0,0,0,0,0,1
632056,0,0,0,0,0,0,0
633659,0,0,0,0,0,0,0
634497,0,0,0,0,0,0,0
635498,0,0,0,0,0,0,0
637029,0,0,0,0,0,0,0
638656,0,0,0,0,0,0,0
639256,0,0,0,0,0,0,0
640788,1,0,0,0,0,0,1
640855,0,0,0,0,0,0,0
641693,0,0,0,0,0,0,0
642143,1,0,0,0,0,0,1
642352,1,0,0,0,0,0,1
642613,0,0,0,0,0,0,1
642682,0,0,0,0,0,0,0
643327,1,0,0,0,0,0,1
644737,1,0,0,0,0,0,1
645070,1,0,0,0,0,0,1
645573,1,0,0,0,0,0,1
645760,0,0,0,0,0,0,1
646617,1,0,0,0,0,0,1
648245,1,0,0,0,0,0,1
648557,1,0,0,0,0,0,1
648862,1,0,0,0,0,0,1
649027,0,0,0,0,0,0,1
649524,0,0,0,0,0,0,0
650077,1,0,0,0,0,0,1
650430,1,0,0,0,0,0,1
652948,0,0,0,0,0,0,0
655437,0,0,0,0,0,0,0
655460,0,0,0,0,0,0,1
656223,0,0,0,0,0,0,0
656720,0,0,0,0,0,0,0
657273,0,0,0,0,0,0,0
657626,0,0,0,0,0,0,0
659756,1,0,0,0,0,0,1
660909,1,0,0,0,0,0,1
660974,1,0,0,0,0,0,1
662173,0,0,0,0,0,0,1
662572,1,0,0,0,0,0,1
662617,0,0,0,0,0,0,0
662640,0,0,0,0,0,0,0
663403,0,0,0,0,0,0,0
663688,0,0,0,0,0,0,1
663733,0,0,0,0,0,0,1
663844,0,0,0,0,0,0,1
665909,0,0,0,0,0,0,1
666144,1,0,0,0,0,0,1
667096,1,0,0,0,0,0,1
668150,0,0,0,0,0,0,0
669801,0,0,0,0,0,0,0
670591,0,0,0,0,0,0,0
673109,0,0,0,0,0,0,0
673344,0,0,0,0,0,0,0
674296,0,0,0,0,0,0,0
675350,0,0,0,0,0,0,0
677001,0,0,0,0,0,0,0
677791,1,0,0,0,0,0,0
680309,0,0,0,0,0,0,0
680544,0,0,0,0,0,0,0
681496,1,1,1,0,0,0,0
682048,1,0,0,0,0,0,1
682330,1,0,0,0,0,0,1
682809,1,0,0,0,0,0,1
684145,0,0,0,0,0,0,1
684312,1,0,0,0,0,0,1
684811,0,0,0,0,0,0,1
685671,0,0,0,0,0,0,1
688688,0,0,0,0,0,0,0
689526,0,0,0,0,0,0,0
690005,0,0,0,0,0,0,0
691102,0,0,0,0,0,0,1
691337,0,0,0,0,0,0,0
691504,0,0,0,0,0,0,0
691548,0,0,0,0,0,0,1
692863,1,0,0,0,0,0,0
693581,1,0,0,0,0,0,1
694248,1,0,0,0,0,0,1
694576,0,0,0,0,0,0,1
694863,0,0,0,0,0,0,1
697620,1,0,0,0,0,0,1
698118,1,0,0,0,0,0,1
698521,0,0,0,0,0,0,0
700777,0,0,0,0,0,0,0
701776,0,0,0,0,0,0,0
702063,1,0,0,0,0,0,0
704820,0,0,0,0,0,0,0
705318,0,0,0,0,0,0,0
705721,0,0,0,0,0,0,0
707494,0,0,0,0,0,0,1
707973,0,0,0,0,0,0,0
708972,0,0,0,0,0,0,0
709259,0,0,0,0,0,0,0
710265,1,0,0,0,0,0,1
710521,1,0,0,0,0,0,1
710564,0,0,0,0,0,0,1
711163,1,0,0,0,0,0,1
712000,0,0,0,0,0,0,0
713121,1,0,0,0,0,0,1
714678,0,0,0,0,0,0,0
717461,0,0,0,0,0,0,0
717764,0,0,0,0,0,0,0
718363,0,0,0,0,0,0,0
719200,0,0,0,0,0,0,0
720321,0,0,0,0,0,0,0
721878,0,0,0,0,0,0,0
722425,1,0,0,0,0,0,1
724485,1,0,0,0,0,0,1
724653,0,0,0,0,0,0,0
724956,0,0,0,0,0,0,0
725555,0,0,0,0,0,0,0
726392,0,0,0,0,0,0,0
726936,0,0,0,0,0,0,1
728109,0,0,0,0,0,0,1
728181,1,0,0,0,0,0,1
728561,0,0,0,0,0,0,1
729058,0,0,0,0,0,0,0
729703,1,0,0,0,0,0,1
729769,1,0,0,0,0,0,1
730176,1,0,0,0,0,0,1
730197,1,0,0,0,0,0,1
730766,1,0,0,0,0,0,1
731553,1,0,0,0,0,0,1
731647,1,0,0,0,0,0,1
731692,1,0,0,0,0,0,1
731977,1,0,0,0,0,0,1
732210,1,0,0,0,0,0,1
734100,0,0,0,0,0,0,0
735517,0,0,0,0,0,0,1
736951,0,0,0,0,0,0,1
738362,1,0,0,0,0,0,1
738741,1,1,1,0,0,0,0
738884,0,0,0,0,0,0,0
739861,0,0,0,0,0,0,1
741296,0,0,0,0,0,0,0
741896,0,0,0,0,0,0,1
742709,0,0,0,0,0,0,0
743085,1,0,0,0,0,0,1
744139,1,0,0,0,0,0,0
745020,1,0,0,0,0,0,1
745546,0,0,0,0,0,0,0
746337,1,0,0,0,0,0,1
746808,0,0,0,0,0,0,1
747334,1,0,0,0,0,0,1
747545,0,0,0,0,0,0,1
747636,0,0,0,0,0,0,1
748909,1,0,0,0,0,0,1
749072,0,0,0,0,0,0,0
751323,0,0,0,0,0,0,0
751724,0,0,0,0,0,0,1
752373,0,0,0,0,0,0,1
752460,0,0,0,0,0,0,1
754522,0,0,0,0,0,0,0
754733,0,0,0,0,0,0,0
755379,1,0,0,0,0,0,1
755736,0,0,0,0,0,0,1
755873,1,0,0,0,0,0,1
755874,0,0,0,0,0,0,1
755941,1,0,0,0,0,0,1
757709,1,0,0,0,0,0,1
757874,1,0,0,0,0,0,1
758519,1,0,0,0,0,0,1
758540,1,0,0,0,0,0,1
759349,1,0,0,0,0,0,1
759632,0,0,0,0,0,0,0
760782,1,0,0,0,0,0,1
761572,1,0,0,0,0,0,1
763129,0,0,0,0,0,0,0
763458,1,0,0,0,0,0,1
763504,1,0,0,0,0,0,1
763856,1,0,0,0,0,0,1
764025,0,0,0,0,0,0,1
765699,1,0,0,0,0,0,0
766533,0,0,0,0,0,0,0
768904,1,0,0,0,0,0,1
769888,1,0,0,0,0,0,1
770650,0,0,0,0,0,0,0
771225,0,0,0,0,0,0,0
771988,0,0,0,0,0,0,1
772895,1,0,0,0,0,0,0
773372,0,0,0,0,0,0,1
773725,1,0,0,0,0,0,0
773938,1,0,0,0,0,0,1
776092,0,0,0,0,0,0,0
776929,0,0,0,0,0,0,1
778004,0,0,0,0,0,0,1
778413,0,0,0,0,0,0,0
779652,1,0,0,0,0,0,1
779841,1,0,0,0,0,0,1
780079,1,0,0,0,0,0,0
780556,0,0,0,0,0,0,0
781126,0,0,0,0,0,0,0
781481,0,0,0,0,0,0,1
782009,0,0,0,0,0,0,1
782388,1,0,0,0,0,0,1
783753,1,0,0,0,0,0,1
783844,0,0,0,0,0,0,1
784005,1,0,0,0,0,0,1
785129,1,0,0,0,0,0,1
786828,1,0,0,0,0,0,0
787259,0,0,0,0,0,0,0
787377,1,0,0,0,0,0,1
787537,1,0,0,0,0,0,1
787560,1,0,0,0,0,0,1
788298,1,0,0,0,0,0,0
788725,1,0,0,0,0,0,1
789224,1,0,0,0,0,0,1
790448,1,0,0,0,0,0,1
790777,1,0,0,0,0,0,1
791303,1,0,0,0,0,0,1
791876,0,0,0,0,0,0,1
792879,1,0,0,0,0,0,1
792924,1,0,0,0,0,0,1
793253,1,0,0,0,0,0,1
793297,0,0,0,0,0,0,1
793748,1,0,0,0,0,0,1
794155,1,0,0,0,0,0,1
794200,1,0,0,0,0,0,1
794533,0,0,0,0,0,0,0
794577,0,0,0,0,0,0,1
795025,1,0,0,0,0,0,1
795263,1,0,0,0,0,0,1
795450,0,0,0,0,0,0,0
796428,1,0,0,0,0,0,1
796669,0,0,0,0,0,0,1
796781,0,0,0,0,0,0,1
797643,1,0,0,0,0,0,1
798308,1,0,0,0,0,0,1
799050,1,0,0,0,0,0,1
799912,1,0,0,0,0,0,1
800557,1,0,0,0,0,0,1
803141,1,0,0,0,0,0,1
803525,1,0,0,0,0,0,1
804168,1,0,0,0,0,0,1
804835,0,0,0,0,0,0,0
804857,1,0,0,0,0,0,1
805496,1,0,0,0,0,0,0
806238,1,0,0,0,0,0,0
806260,1,0,0,0,0,0,1
807577,1,0,0,0,0,0,1
808075,1,0,0,0,0,0,1
810325,0,0,0,0,0,0,0
812696,0,0,0,0,0,0,0
812740,0,0,0,0,0,0,1
812784,0,0,0,0,0,0,1
813430,0,0,0,0,0,0,0
813452,0,0,0,0,0,0,0
813470,0,0,0,0,0,0,1
814765,0,0,0,0,0,0,0
815240,0,0,0,0,0,0,1
815259,0,0,0,0,0,0,0
815589,0,0,0,0,0,0,1
815850,1,0,0,0,0,0,1
816854,1,0,0,0,0,0,1
816973,1,0,0,0,0,0,1
817613,1,0,0,0,0,0,1
818331,1,0,0,0,0,0,1
818833,1,0,0,0,0,0,1
819594,1,0,0,0,0,0,1
819948,0,0,0,0,0,0,0
822420,0,0,0,0,0,0,0
823038,1,0,0,0,0,0,1
823732,1,0,0,0,0,0,1
823871,1,0,0,0,0,0,1
824801,1,1,1,0,0,0,0
825136,1,0,0,0,0,0,1
825249,0,0,0,0,0,0,1
825967,1,0,0,0,0,0,1
826013,0,0,0,0,0,0,0
826488,1,0,0,0,0,0,1
826532,0,0,0,0,0,0,1
827124,0,0,0,0,0,0,0
827340,0,0,0,0,0,0,1
829544,1,0,0,0,0,0,1
830210,0,0,0,0,0,0,0
830996,0,0,0,0,0,0,1
831092,0,0,0,0,0,0,1
831109,0,0,0,0,0,0,1
831659,1,0,0,0,0,0,1
832304,1,1,0,0,0,0,1
832467,1,0,0,0,0,0,1
832777,1,0,0,0,0,0,1
832866,1,0,0,0,0,0,1
834401,1,0,0,0,0,0,1
834515,1,0,0,0,0,0,1
835086,1,0,0,0,0,0,1
835393,1,0,0,0,0,0,1
836231,1,0,0,0,0,0,1
836873,1,0,0,0,0,0,1
837113,1,0,0,0,0,0,1
837923,1,0,0,0,0,0,1
838156,1,0,0,0,0,0,0
838157,1,0,0,0,0,0,1
838701,0,0,0,0,0,0,1
838792,0,0,0,0,0,0,1
839030,0,0,0,0,0,0,1
839031,1,0,0,0,0,0,1
839456,0,0,0,0,0,0,0
839907,1,0,0,0,0,0,1
840552,1,0,0,0,0,0,1
841147,1,0,0,0,0,0,1
842317,0,0,0,0,0,0,1
842626,1,0,0,0,0,0,1
843341,1,0,0,0,0,0,1
844277,0,0,0,0,0,0,0
844389,1,0,0,0,0,0,1
844628,0,0,0,0,0,0,1
845749,1,0,0,0,0,0,1
845940,0,0,0,0,0,0,1
845956,1,0,0,0,0,0,0
847397,1,0,0,0,0,0,1
848327,0,0,0,0,0,0,0
849810,1,0,0,0,0,0,0
851367,1,0,0,0,0,0,1
851460,1,0,0,0,0,0,1
851596,1,0,0,0,0,0,1
852628,1,0,0,0,0,0,1
852933,1,0,0,0,0,0,0
854589,0,0,0,0,0,0,0
854800,1,0,0,0,0,0,1
855588,0,0,0,0,0,0,1
856400,1,0,0,0,0,0,1
856444,0,0,0,0,0,0,1
856990,0,0,0,0,0,0,0
857660,1,0,0,0,0,0,1
858543,1,1,1,0,0,0,0
858776,0,0,0,0,0,0,0
858945,1,0,0,0,0,0,1
858962,1,0,0,0,0,0,1
859053,1,0,0,0,0,0,1
859484,1,0,0,0,0,0,1
859886,1,0,0,0,0,0,1
860005,1,0,0,0,0,0,1
860021,1,0,0,0,0,0,1
862514,1,0,0,0,0,0,1
865727,1,0,0,0,0,0,0
865960,1,1,1,0,0,0,0
866080,1,0,0,0,0,0,1
866769,1,1,0,0,0,0,1
867201,1,1,0,0,0,1,0
867291,1,0,0,0,0,0,1
869710,0,0,0,0,0,0,0
869754,0,0,0,0,0,0,1
869940,1,1,1,0,0,0,1
870301,1,0,0,0,0,0,1
870993,1,0,0,0,0,0,1
871178,1,0,0,0,0,0,1
871460,1,0,0,0,0,0,1
873260,0,0,0,0,0,0,0
873949,0,0,0,0,0,0,0
874475,0,0,0,0,0,0,0
875021,1,1,1,0,0,0,1
875164,1,0,0,0,0,0,1
875495,0,0,0,0,0,0,1
875539,0,0,0,0,0,0,1
875702,1,0,0,0,0,0,1
875792,0,0,0,0,0,0,1
876799,1,0,0,0,0,0,1
877873,1,0,0,0,0,0,1
878161,0,0,0,0,0,0,0
878419,1,0,0,0,0,0,1
878488,1,0,0,0,0,0,1
879228,1,0,0,0,0,0,1
879412,1,0,0,0,0,0,1
879820,0,0,0,0,0,0,1
880608,0,0,0,0,0,0,1
881824,1,0,0,0,0,0,1
882878,0,0,0,0,0,0,0
884482,1,0,0,0,0,0,1
885053,1,0,0,0,0,0,0
885341,1,1,0,0,0,0,0
885599,1,0,0,0,0,0,0
886292,1,0,0,0,0,0,1
886549,1,0,0,0,0,0,1
887168,1,0,0,0,0,0,1
889060,1,0,0,0,0,0,1
889082,1,0,0,0,0,0,1
891022,1,0,0,0,0,0,1
892458,1,0,0,0,0,0,1
892529,1,0,0,0,0,0,0
892787,0,0,0,0,0,0,0
893073,0,0,0,0,0,0,1
893476,1,0,0,0,0,0,0
893733,1,0,0,0,0,0,0
894330,1,0,0,0,0,0,1
896244,1,1,1,0,0,0,0
897272,1,0,0,0,0,0,1
897316,0,0,0,0,0,0,1
898277,1,0,0,0,0,0,1
899975,1,0,0,0,0,0,0
900668,0,0,0,0,0,0,0
900925,1,0,0,0,0,0,0
901045,1,0,0,0,0,0,1
901208,0,0,0,0,0,0,1
901514,1,0,0,0,0,0,0
902039,1,0,0,0,0,0,1
902849,0,0,0,0,0,0,1
904286,0,0,0,0,0,0,1
904496,1,0,0,0,0,0,0
905045,1,0,0,0,0,0,1
905046,0,0,0,0,0,0,1
906572,1,0,0,0,0,0,1
908181,1,0,0,0,0,0,1
908392,0,0,0,0,0,0,0
909227,0,0,0,0,0,0,0
909969,1,0,0,0,0,0,1
910611,1,1,1,1,0,0,1
912097,1,0,0,0,0,0,1
912233,0,0,0,0,0,0,0
912234,0,0,0,0,0,0,0
912274,0,0,0,0,0,0,1
912965,0,0,0,0,0,0,1
913442,1,0,0,0,0,0,1
913748,0,0,0,0,0,0,0
913792,0,0,0,0,0,0,1
913816,0,0,0,0,0,0,1
914243,1,1,1,0,0,0,1
914405,0,0,0,0,0,0,1
914597,1,1,0,0,0,0,1
914976,1,0,0,0,0,0,1
919913,0,0,0,0,0,0,1
920630,1,0,0,0,0,0,0
920984,1,0,0,0,0,0,0
921439,0,0,0,0,0,0,0
921797,0,0,0,0,0,0,0
922176,0,0,0,0,0,0,0
922818,1,0,0,0,0,0,1
923129,1,0,0,0,0,0,1
923624,1,0,0,0,0,0,1
923984,1,0,0,0,0,0,1
925320,1,0,0,0,0,0,1
925488,1,0,0,0,0,0,1
927089,1,0,0,0,0,0,0
928501,1,0,0,0,0,0,1
928619,1,0,0,0,0,0,0
928684,1,0,0,0,0,0,1
929616,1,0,0,0,0,0,1
929998,0,0,0,0,0,0,0
930309,1,1,1,0,0,0,0
931913,1,0,0,0,0,0,1
932073,1,0,0,0,0,0,1
932672,0,0,0,0,0,0,0
932760,1,0,0,0,0,0,1
934008,1,0,0,0,0,0,1
934245,1,1,0,0,0,0,1
934716,1,0,0,0,0,0,1
934763,1,1,1,0,0,0,1
935552,1,1,0,0,0,0,1
935693,1,0,0,0,0,0,1
936836,1,0,0,0,0,0,1
937170,1,0,0,0,0,0,0
937743,1,0,0,0,0,0,1
939105,0,0,0,0,0,0,1
939680,1,0,0,0,0,0,1
940203,1,1,1,0,0,0,1
941112,1,1,0,0,0,0,1
941227,1,0,0,0,0,0,1
941652,1,0,0,0,0,0,1
941985,1,1,0,0,0,0,1
942177,1,1,1,0,0,0,1
943058,1,0,0,0,0,0,1
943533,1,0,0,0,0,0,1
944516,1,0,0,0,0,0,1
945038,1,0,0,0,0,0,1
945129,1,1,0,0,0,0,1
946565,1,0,0,0,0,0,1
947738,1,1,1,0,0,0,1
948407,0,0,0,0,0,0,0
948451,0,0,0,0,0,0,1
948828,1,0,0,0,0,0,0
949357,1,0,0,0,0,0,0
949374,1,0,0,0,0,0,1
950089,0,0,0,0,0,0,1
950447,1,0,0,0,0,0,1
950728,1,0,0,0,0,0,1
951254,1,0,0,0,0,0,1
951684,1,0,0,0,0,0,0
951844,1,0,0,0,0,0,1
952395,1,0,0,0,0,0,1
952724,0,0,0,0,0,0,1
952748,1,0,0,0,0,0,1
953033,1,0,0,0,0,0,1
954058,1,0,0,0,0,0,1
954196,1,0,0,0,0,0,1
954485,1,1,0,0,0,0,1
954838,1,0,0,0,0,0,1
954980,1,1,0,0,0,0,1
955596,1,0,0,0,0,0,1
955836,0,0,0,0,0,0,1
957245,1,0,0,0,0,0,0
959042,1,1,0,0,0,0,1
959301,1,0,0,0,0,0,1
959304,0,0,0,0,0,0,1
959559,1,1,0,0,0,0,0
960153,1,0,0,0,0,0,1
961233,1,0,0,0,0,0,1
961251,1,1,0,0,0,0,1
961728,1,1,1,0,0,0,1
962776,0,0,0,0,0,0,0
963013,1,0,0,0,0,0,1
963253,1,0,0,0,0,0,1
964685,1,1,1,0,0,0,1
965381,1,0,0,0,0,0,1
966214,1,1,1,0,0,0,0
966329,1,1,0,0,0,0,1
966737,1,1,0,0,0,0,1
967929,1,1,0,0,0,0,1
968001,1,1,0,0,0,0,1
968114,1,1,0,0,0,0,1
968423,1,1,1,0,0,0,0
968900,1,1,1,0,0,0,0
969948,1,1,1,0,0,0,0
970043,1,0,0,0,0,0,1
970829,1,0,0,0,0,0,1
970920,1,0,0,0,0,0,1
971207,1,0,0,0,0,0,1
971803,0,0,0,0,0,0,1
971892,1,0,0,0,0,0,1
972754,1,1,1,0,0,0,1
974022,1,0,0,0,0,0,1
975173,1,1,1,0,0,0,0
975597,1,0,0,0,0,0,1
976076,1,0,0,0,0,0,0
976573,1,0,0,0,0,0,1
977433,1,0,0,0,0,0,1
978392,1,0,0,0,0,0,1
978987,0,0,0,0,0,0,0
979076,1,1,1,0,0,0,0
979625,1,0,0,0,0,0,1
980248,1,0,0,0,0,0,1
980913,1,0,0,0,0,0,1
980937,1,0,0,0,0,0,1
981194,1,0,0,0,0,0,0
983252,1,0,0,0,0,0,1
983394,1,1,0,0,0,0,1
985169,1,1,1,0,0,0,1
985234,1,0,0,0,0,0,1
986167,1,1,1,1,0,0,0
986258,0,0,0,0,0,0,1
987289,1,0,0,0,0,0,1
987428,1,1,1,0,0,0,0
988093,1,1,1,0,0,0,0
988667,1,0,0,0,0,0,1
990249,1,0,0,0,0,0,1
990268,1,0,0,0,0,0,1
990334,1,0,0,0,0,0,1
990424,1,1,1,0,0,0,0
990567,1,0,0,0,0,0,1
992170,1,0,0,0,0,0,1
992719,1,0,0,0,0,0,1
993120,1,0,0,0,0,0,1
995014,0,0,0,0,0,0,1
995179,1,0,0,0,0,0,1
995269,1,0,0,0,0,0,0
995313,0,0,0,0,0,0,1
997425,1,0,0,0,0,0,0
997444,1,0,0,0,0,0,0
999214,1,0,0,0,0,0,1
1000312,0,0,0,0,0,0,0
1000314,1,0,0,0,0,0,1
1001149,1,0,0,0,0,0,1
1002367,1,1,0,0,0,0,0
1002505,0,0,0,0,0,0,0
1004640,1,0,0,0,0,0,0
1004682,1,0,0,0,0,0,1
1004701,0,0,0,0,0,0,1
1005277,1,0,0,0,0,0,1
1005440,0,0,0,0,0,0,1
1007496,1,1,1,0,0,0,0
1007641,1,0,0,0,0,0,1
1008856,1,0,0,0,0,0,1
1009502,1,0,0,0,0,0,1
1009547,1,0,0,0,0,0,0
1009881,1,0,0,0,0,0,1
1010283,1,0,0,0,0,0,1
1010760,0,0,0,0,0,0,1
1011067,0,0,0,0,0,0,1
1011877,1,0,0,0,0,0,0
1012258,1,0,0,0,0,0,1
1016044,1,0,0,0,0,0,0
1016234,1,0,0,0,0,0,1
1016543,1,0,0,0,0,0,1
1017069,1,0,0,0,0,0,0
1017109,0,0,0,0,0,0,1
1017344,1,0,0,0,0,0,1
1017534,1,0,0,0,0,0,1
1017940,0,0,0,0,0,0,0
1018513,1,0,0,0,0,0,1
1019444,1,0,0,0,0,0,1
1019700,1,0,0,0,0,0,1
1020492,1,0,0,0,0,0,1
1021276,1,0,0,0,0,0,1
1022880,1,0,0,0,0,0,1
1023024,1,0,0,0,0,0,1
1023618,1,0,0,0,0,0,1
1023711,1,0,0,0,0,0,0
1024281,0,0,0,0,0,0,0
1024687,1,0,0,0,0,0,1
1025596,1,0,0,0,0,0,1
1025689,1,0,0,0,0,0,0
1026810,1,1,1,0,0,0,1
1027045,1,0,0,0,0,0,1
1027160,1,0,0,0,0,0,1
1027255,1,0,0,0,0,0,1
1027516,1,0,0,0,0,0,1
1028327,0,0,0,0,0,0,1
1029425,1,0,0,0,0,0,1
1029544,1,0,0,0,0,0,1
1029827,1,0,0,0,0,0,1
1030278,1,0,0,0,0,0,1
1030612,1,0,0,0,0,0,1
1030942,0,0,0,0,0,0,1
1032018,1,0,0,0,0,0,1
1032065,1,0,0,0,0,0,1
1032204,1,0,0,0,0,0,1
1033037,1,0,0,0,0,0,1
1033082,0,0,0,0,0,0,1
1033126,0,0,0,0,0,0,1
1034320,1,0,0,0,0,0,0
1034921,0,0,0,0,0,0,1
1034961,1,0,0,0,0,0,1
1035294,1,0,0,0,0,0,1
1035843,1,0,0,0,0,0,1
1036582,1,0,0,0,0,0,1
1037513,1,0,0,0,0,0,1
1037945,1,0,0,0,0,0,1
1039380,1,0,0,0,0,0,0
1040000,0,0,0,0,0,0,1
1041028,1,0,0,0,0,0,1
1041500,1,0,0,0,0,0,0
1042339,1,0,0,0,0,0,1
1043244,1,0,0,0,0,0,1
1043770,1,0,0,0,0,0,0
1044701,1,0,0,0,0,0,0
1044912,1,0,0,0,0,0,1
1045031,1,0,0,0,0,0,1
1045125,0,0,0,0,0,0,0
1045432,1,0,0,0,0,0,1
1045857,1,0,0,0,0,0,1
1047248,1,0,0,0,0,0,1
1047577,1,0,0,0,0,0,1
1047742,1,0,0,0,0,0,1
1048220,1,0,0,0,0,0,1
1049246,1,0,0,0,0,0,1
1052074,1,0,0,0,0,0,1
1052092,1,0,0,0,0,0,0
1052211,1,1,1,0,0,0,0
1052305,1,0,0,0,0,0,0
1052824,1,0,0,0,0,0,1
1053640,1,0,0,0,0,0,1
1054018,1,0,0,0,0,0,1
1054757,1,1,1,0,0,0,0
1055380,1,0,0,0,0,0,1
1056093,0,0,0,0,0,0,1
1056208,1,0,0,0,0,0,1
1056327,1,0,0,0,0,0,1
1057330,1,0,0,0,0,0,1
1057853,1,0,0,0,0,0,1
1058112,1,0,0,0,0,0,1
1058520,1,0,0,0,0,0,1
1058944,0,0,0,0,0,0,1
1059473,1,0,0,0,0,0,0
1059633,1,0,0,0,0,0,1
1059677,0,0,0,0,0,0,1
1060729,1,0,0,0,0,0,1
1062984,1,0,0,0,0,0,1
1063507,1,1,1,0,0,0,0
1063597,1,0,0,0,0,0,1
1064506,1,0,0,0,0,0,0
1065077,1,0,0,0,0,0,1
1065890,1,0,0,0,0,0,1
1066124,1,1,1,0,0,0,0
1066653,0,0,0,0,0,0,0
1066790,1,0,0,0,0,0,1
1067216,1,0,0,0,0,0,1
1067529,1,0,0,0,0,0,1
1067858,1,0,0,0,0,0,1
1068404,1,0,0,0,0,0,1
1069936,1,0,0,0,0,0,1
1070152,1,1,1,0,0,0,0
1070624,0,0,0,0,0,0,1
1070671,1,1,1,0,0,0,0
1072249,1,0,0,0,0,0,0
1072393,1,1,1,0,0,0,1
1073203,1,0,0,0,0,0,1
1073700,1,1,1,0,0,0,1
1074467,1,0,0,0,0,0,1
1075038,1,1,0,0,0,0,0
1076138,1,0,0,0,0,0,1
1076612,1,0,0,0,0,0,1
1076709,1,0,0,0,0,0,1
1077328,0,0,0,0,0,0,0
1077421,1,0,0,0,0,0,1
1077460,0,0,0,0,0,0,1
1078488,1,0,0,0,0,0,1
1078728,1,0,0,0,0,0,1
1078821,1,0,0,0,0,0,1
1079413,1,1,1,0,0,0,0
1079725,1,0,0,0,0,0,1
1080125,1,0,0,0,0,0,1
1080169,0,0,0,0,0,0,1
1080289,0,0,0,0,0,0,1
1080476,0,0,0,0,0,0,1
1081333,1,0,0,0,0,0,1
1081619,1,1,1,0,0,0,0
1082909,1,0,0,0,0,0,1
1083290,1,1,1,0,0,0,0
1083885,1,0,0,0,0,0,1
1085656,1,1,1,0,0,0,0
1085797,1,1,1,0,0,0,1
1086560,1,0,0,0,0,0,1
1087300,1,0,0,0,0,0,1
1087469,1,1,1,0,0,0,0
1087656,1,1,1,0,0,0,0
1088181,1,0,0,0,0,0,1
1088196,1,0,0,0,0,0,1
1088484,1,0,0,0,0,0,1
1088791,1,1,1,0,0,0,0
1089000,1,0,0,0,0,0,1
1089409,1,0,0,0,0,0,1
1089476,1,0,0,0,0,0,1
1090192,0,0,0,0,0,0,1
1090357,1,1,0,0,0,0,1
1090399,1,0,0,0,0,0,1
1090442,1,1,1,0,0,0,0
1091398,1,0,0,0,0,0,1
1091399,1,0,0,0,0,0,1
1092041,1,0,0,0,0,0,1
1092394,1,0,0,0,0,0,1
1092464,1,0,0,0,0,0,1
1092555,1,0,0,0,0,0,1
1092933,1,0,0,0,0,0,0
1093653,1,1,1,0,0,0,1
1094893,0,0,0,0,0,0,1
1095777,1,0,0,0,0,0,1
1096156,1,1,1,0,0,0,0
1097064,1,0,0,0,0,0,1
1097900,1,0,0,0,0,0,1
1099578,1,1,1,0,0,1,0
1099648,1,1,1,0,0,0,0
1099739,1,1,0,0,0,0,0
1099756,1,0,0,0,0,0,1
1100498,1,0,0,0,0,0,1
1100833,1,1,1,0,0,0,0
1101570,1,0,0,0,0,0,1
1102957,1,1,1,0,0,0,0
1106844,1,1,1,0,0,1,0
1106935,1,1,1,0,0,1,0
1106952,1,1,1,0,0,0,0
1106996,0,0,0,0,0,0,1
1107688,1,0,0,0,0,0,1
1108025,1,1,1,0,0,0,0
1108596,1,1,0,0,0,0,1
1108758,1,1,1,0,0,0,0
1109525,1,1,0,0,0,0,1
1109756,1,1,1,0,0,1,1
1110137,1,1,1,1,0,0,0
1110324,0,0,0,0,0,0,1
1110368,0,0,0,0,0,0,1
1110657,1,0,0,0,0,0,1
1111637,1,1,1,0,0,0,1
1112689,1,1,0,0,0,0,1
1114099,1,1,1,0,0,0,0
1115561,1,0,0,0,0,0,1
1115772,1,1,1,0,0,0,0
1115934,0,0,0,0,0,0,0
1117321,1,1,1,0,0,0,0
1117556,1,1,1,0,0,1,0
1118177,1,0,0,0,0,0,1
1121295,1,0,0,0,0,0,0
1121457,1,1,1,0,0,0,1
1122511,1,1,0,0,0,0,1
1122749,1,1,1,0,0,0,0
1122960,1,1,1,0,0,0,0
1123122,1,1,1,0,0,0,0
1123957,1,1,0,0,0,0,1
1124218,1,0,0,0,0,0,1
1124740,1,1,1,0,0,0,0
1125458,1,1,0,0,0,0,1
1127853,1,0,0,0,0,0,1
1129699,1,1,0,0,0,0,0
1129937,0,0,0,0,0,0,0
1130148,1,1,1,0,0,1,0
1130285,1,1,0,0,0,0,1
1130715,0,0,0,0,0,0,1
1131144,1,1,0,0,0,0,1
1131741,1,1,0,0,0,0,1
1131924,1,1,0,0,0,0,0
1132642,1,1,1,0,0,0,0
1133769,1,0,0,0,0,0,1
1133813,0,0,0,0,0,0,1
1133902,1,1,0,0,0,0,1
1135677,1,1,0,0,0,0,1
1136801,1,1,0,0,0,0,1
1137465,1,1,0,0,0,0,0
1137895,0,0,0,0,0,0,0
1138324,1,1,0,0,0,0,0
1139108,1,1,0,0,0,0,0
1139517,1,1,0,0,0,0,1
1140568,1,1,0,0,0,0,1
1141090,1,1,0,0,0,0,0
1142092,1,1,0,0,0,0,1
1142906,1,0,0,0,0,0,1
1143073,1,1,0,0,0,0,1
1144649,1,1,0,0,0,0,0
1144913,1,0,0,0,0,0,1
1145075,1,1,0,0,0,1,0
1145092,1,1,0,0,0,0,1
1146243,1,1,0,0,0,0,1
1146573,1,1,0,0,0,0,1
1146765,1,1,0,0,0,0,1
1146999,1,0,0,0,0,0,1
1147040,1,1,0,0,0,0,1
1147736,1,1,0,0,0,0,0
1147925,1,1,0,0,0,0,1
1148038,1,0,0,0,0,0,1
1148104,1,1,0,0,0,0,1
1148679,1,0,0,0,0,0,1
1148940,1,1,0,0,0,0,1
1149799,1,1,0,0,0,0,1
1150372,1,1,1,0,0,0,1
1150561,1,0,0,0,0,0,1
1151156,1,0,0,0,0,0,1
1151297,1,0,0,0,0,0,1
1151965,1,0,0,0,0,0,1
1152320,1,1,0,0,0,0,1
1153684,1,0,0,0,0,0,1
1153725,0,0,0,0,0,0,0
1154657,1,0,0,0,0,0,1
1155206,1,1,1,0,0,0,0
1155272,0,0,0,0,0,0,0
1156112,1,1,0,0,0,0,1
1156730,1,0,0,0,0,0,1
1156967,1,1,0,0,0,0,0
1157011,0,0,0,0,0,0,1
1157029,1,0,0,0,0,0,1
1157506,1,0,0,0,0,0,1
1158847,1,1,0,0,0,0,1
1159133,0,0,0,0,0,0,0
1159438,1,0,0,0,0,0,1
1160013,1,0,0,0,0,0,1
1160798,1,0,0,0,0,0,1
1160961,1,1,0,0,0,0,1
1161605,1,0,0,0,0,0,1
1161627,1,0,0,0,0,0,1
1161862,1,1,0,0,0,0,1
1162432,1,1,0,0,0,0,0
1163272,1,1,1,0,0,0,0
1163435,1,1,0,0,0,0,1
1163668,1,1,1,0,0,0,1
1164844,1,1,0,0,0,0,1
1164911,1,1,0,0,0,0,1
1165240,1,1,0,0,0,0,1
1165935,1,1,0,0,0,0,1
1166312,1,0,0,0,0,0,1
1167104,1,0,0,0,0,0,1
1167173,1,1,1,0,0,0,0
1167912,0,0,0,0,0,0,1
1168317,1,0,0,0,0,0,1
1168576,1,0,0,0,0,0,1
1168761,1,1,0,0,0,0,0
1168972,1,0,0,0,0,0,1
1169018,1,1,0,0,0,0,0
1169159,1,0,0,0,0,0,1
1169636,1,0,0,0,0,0,1
1170303,1,1,0,0,0,0,1
1172121,1,1,1,0,0,0,1
1172432,1,0,0,0,0,0,1
1172976,1,0,0,0,0,0,1
1173073,1,0,0,0,0,0,1
1173524,1,1,0,0,0,0,1
1174045,1,1,0,0,0,0,1
1174188,1,0,0,0,0,0,1
1175356,1,1,1,0,0,0,1
1175594,1,0,0,0,0,0,1
1176117,1,0,0,0,0,0,1
1177194,1,0,0,0,0,0,1
1177479,1,1,1,1,0,0,0
1178050,1,0,0,0,0,0,1
1180257,0,0,0,0,0,0,0
1181380,1,0,0,0,0,0,0
1182240,1,0,0,0,0,0,1
1182544,1,1,1,0,0,0,0
1183309,0,0,0,0,0,0,0
1184673,1,1,0,0,0,0,1
1184675,1,1,1,0,0,0,0
1185219,0,0,0,0,0,0,1
1185238,0,0,0,0,0,0,0
1185857,1,1,1,0,0,0,1
1186357,1,0,0,0,0,0,1
1186693,0,0,0,0,0,0,1
1189424,1,1,1,0,0,0,0
1189728,1,1,1,0,0,0,0
1190830,1,1,1,0,0,0,1
1192411,1,1,1,0,0,0,0
1193439,0,0,0,0,0,0,1
1193553,1,1,1,0,0,0,0
1193889,1,1,1,0,0,0,0
1194605,1,0,0,0,0,0,1
1196569,1,0,0,0,0,0,1
1196612,1,1,1,0,0,0,0
1196916,1,1,1,0,0,0,0
1197872,1,0,0,0,0,0,1
1198014,0,0,0,0,0,0,0
1198636,1,0,0,0,0,0,1
1198918,0,0,0,0,0,0,1
1199177,0,0,0,0,0,0,1
1199700,1,1,0,0,0,0,1
1199721,1,0,0,0,0,0,1
1200607,0,0,0,0,0,0,0
1202163,1,1,1,0,0,0,1
1202207,0,0,0,0,0,0,1
1202608,1,0,0,0,0,0,1
1202991,1,0,0,0,0,0,1
1203321,1,0,0,0,0,0,1
1203729,1,1,1,0,0,1,0
1204971,1,0,0,0,0,0,1
1205808,1,1,1,0,0,0,0
1206090,1,1,1,0,0,0,0
1209804,1,1,1,0,0,0,0
1210521,1,1,1,0,0,0,0
1210540,0,0,0,0,0,0,1
1210925,1,1,0,0,0,0,0
1211517,0,0,0,0,0,0,1
1211853,0,0,0,0,0,0,1
1212159,1,1,1,0,0,0,0
1212489,1,0,0,0,0,0,1
1212992,1,1,1,0,0,0,0
1213274,1,1,0,0,0,0,0
1213511,1,0,0,0,0,0,1
1214322,1,0,0,0,0,0,1
1215734,1,0,0,0,0,0,1
1217506,1,1,1,0,0,0,1
1217716,0,0,0,0,0,0,0
1219037,1,1,0,0,0,1,0
1219677,1,1,1,0,0,0,0
1220180,1,1,1,0,0,0,0
1220703,1,1,1,0,0,0,0
1221516,1,0,0,0,0,0,1
1221799,1,0,0,0,0,0,1
1224698,1,1,1,0,0,0,0
1224908,1,1,1,0,0,0,0
1225624,1,0,0,0,0,0,1
1226225,1,1,1,0,0,0,0
1226865,1,1,1,0,0,0,0
1226937,1,0,0,0,0,0,1
1228708,1,1,1,0,0,0,0
1228991,1,1,1,0,0,0,0
1229752,1,0,0,0,0,0,1
1230372,1,0,0,0,0,0,1
1230709,1,0,0,0,0,0,1
1231444,1,0,0,0,0,0,1
1231874,1,1,1,0,0,0,0
1234053,1,1,0,0,0,0,0
1234649,1,0,0,0,0,0,1
1235896,1,1,0,0,0,0,0
1236179,1,1,1,0,0,0,0
1237255,1,0,0,0,0,0,1
1237901,1,1,1,0,0,0,0
1238636,1,1,1,0,0,0,0
1239066,1,1,1,0,0,0,0
1241845,1,1,1,0,0,0,0
1241987,1,0,0,0,0,0,1
1243088,1,1,1,0,0,0,0
1243299,1,1,0,0,0,0,1
1243968,1,0,0,0,0,0,1
1245093,1,1,0,0,0,0,0
1245828,1,1,1,0,0,0,0
1246044,1,1,0,0,0,0,1
1246254,1,1,1,0,0,0,0
1246704,1,0,0,0,0,0,1
1247016,1,0,0,0,0,0,1
1247201,1,0,0,0,0,0,1
1248208,1,0,0,0,0,0,1
1249188,1,0,0,0,0,0,1
1249350,1,0,0,0,0,0,1
1249924,1,0,0,0,0,0,1
1250471,1,0,0,0,0,0,0
1250682,1,0,0,0,0,0,1
1251807,1,0,0,0,0,0,1
1252113,1,0,0,0,0,0,1
1252158,1,0,0,0,0,0,1
1252253,0,0,0,0,0,0,0
1252751,0,0,0,0,0,0,1
1252962,1,0,0,0,0,0,1
1253413,1,0,0,0,0,0,1
1253723,1,1,0,0,0,0,1
1253860,1,1,1,0,0,0,0
1254005,1,1,0,0,0,0,1
1254142,1,0,0,0,0,0,1
1254233,1,0,0,0,0,0,1
1254640,1,0,0,0,0,0,1
1255165,1,0,0,0,0,0,1
1255253,1,0,0,0,0,0,1
1255586,0,0,0,0,0,0,1
1255821,1,0,0,0,0,0,1
1256756,1,0,0,0,0,0,1
1257445,1,0,0,0,0,0,1
1257538,1,0,0,0,0,0,1
1258256,1,1,0,0,0,0,1
1258277,1,1,1,0,0,0,1
1258340,0,0,0,0,0,0,1
1258341,1,0,0,0,0,0,1
1258574,1,0,0,0,0,0,1
1259124,1,1,0,0,0,0,1
1259381,1,1,1,0,0,0,1
1260121,1,0,0,0,0,0,1
1260457,1,1,0,0,0,0,1
1260522,1,1,0,0,0,0,1
1260855,1,1,0,0,0,0,0
1265528,1,1,1,1,0,0,0
1266320,1,1,0,0,0,0,0
1266432,1,0,0,0,0,0,1
1267317,1,1,1,0,0,0,0
1267653,1,1,1,0,0,0,0
1267718,1,1,1,0,0,0,0
1268051,1,1,0,0,0,0,0
1268669,1,1,0,0,0,0,1
1269051,1,0,0,0,0,0,1
1269289,1,1,1,0,0,0,1
1269763,1,0,0,0,0,0,1
1270647,0,0,0,0,0,0,1
1271989,1,1,1,0,0,0,1
1273183,1,1,0,0,0,0,1
1273492,1,1,1,0,0,0,0
1273604,1,1,0,0,0,0,0
1274469,1,0,0,0,0,0,1
1274892,1,0,0,0,0,0,1
1274894,1,1,1,0,0,0,0
1275343,1,1,1,0,0,0,1
1275629,1,1,0,0,0,0,1
1275837,1,1,1,0,0,0,0
1276122,1,0,0,0,0,0,1
1276793,1,0,0,0,0,0,1
1279186,1,0,0,0,0,0,1
1279230,0,0,0,0,0,0,1
1280668,1,1,1,0,0,0,0
1282076,1,0,0,0,0,0,0
1282531,1,1,1,0,0,0,0
1283029,1,0,0,0,0,0,0
1283458,1,0,0,0,0,0,1
1283985,1,1,0,0,0,0,0
1287721,1,0,0,0,0,0,1
1287864,1,0,0,0,0,0,0
1288361,0,0,0,0,0,0,1
1288957,0,0,0,0,0,0,1
1289194,1,0,0,0,0,0,1
1289260,1,0,0,0,0,0,0
1289617,1,0,0,0,0,0,1
1289711,1,0,0,0,0,0,0
1289920,0,0,0,0,0,0,1
1290567,1,0,0,0,0,0,1
1290608,1,0,0,0,0,0,1
1291135,0,0,0,0,0,0,1
1291157,1,0,0,0,0,0,0
1291220,0,0,0,0,0,0,1
1291316,1,0,0,0,0,0,1
1294817,1,0,0,0,0,0,1
1294980,1,0,0,0,0,0,1
1295598,1,0,0,0,0,0,1
1295932,1,0,0,0,0,0,1
1296215,1,0,0,0,0,0,1
1296785,0,0,0,0,0,0,0
1297620,0,0,0,0,0,0,1
1298341,1,0,0,0,0,0,1
1298357,1,1,1,0,0,0,1
1299292,0,0,0,0,0,0,1
1299937,1,0,0,0,0,0,1
1300001,1,0,0,0,0,0,1
1300168,1,0,0,0,0,0,1
1301913,1,0,0,0,0,0,1
1302321,1,0,0,0,0,0,1
1302770,1,1,1,0,0,0,0
1303391,0,0,0,0,0,0,0
1303677,1,0,0,0,0,0,1
1303838,1,0,0,0,0,0,1
1304581,1,0,0,0,0,0,1
1304694,1,0,0,0,0,0,1
1304784,1,1,0,0,0,0,0
1306585,1,1,1,1,0,0,1
1306795,1,0,0,0,0,0,1
1306864,1,0,0,0,0,0,1
1307532,1,0,0,0,0,0,1
1307718,1,0,0,0,0,0,1
1308388,1,0,0,0,0,0,1
1309077,1,0,0,0,0,0,0
1311597,1,0,0,0,0,0,1
1311972,1,1,1,0,0,0,0
1312017,1,0,0,0,0,0,1
1312569,1,0,0,0,0,0,1
1312994,1,0,0,0,0,0,1
1313928,1,0,0,0,0,0,1
1313971,1,1,1,0,0,0,0
1315239,1,1,0,0,0,0,1
1315546,1,1,1,0,0,0,1
1316479,1,0,0,0,0,0,1
1316930,1,0,0,0,0,0,1
1318079,1,1,0,0,0,0,1
1318434,1,0,0,0,0,0,1
1319148,1,1,0,0,0,0,0
1319193,1,1,0,0,0,0,0
1319745,1,1,1,0,0,0,0
1320195,1,1,1,0,0,0,1
1320884,1,1,1,0,0,0,1
1321100,1,1,1,0,0,0,0
1321529,1,1,1,0,0,0,1
1322144,1,0,0,0,0,0,1
1323128,1,1,1,0,0,0,1
1324660,1,1,1,0,0,0,1
1325614,1,1,1,0,0,0,0
1325658,0,0,0,0,0,0,1
1325825,1,1,1,0,0,0,1
1326369,1,0,0,0,0,0,0
1327375,1,1,1,0,0,0,0
1328808,1,1,1,0,0,0,1
1329119,1,1,1,0,0,0,1
1330048,1,1,1,0,0,0,1
1331848,1,0,0,0,0,0,0
1332850,1,1,1,1,0,0,0
1333017,1,1,1,0,0,0,0
1333561,1,1,1,0,0,0,0
1334158,1,0,0,0,0,0,1
1334297,1,0,0,0,0,0,1
1336311,1,1,1,0,0,0,0
1336785,1,1,1,0,0,0,1
1337236,1,1,1,0,0,0,0
1338361,1,0,0,0,0,0,1
1339032,1,1,1,0,0,0,0
1339842,1,1,1,0,0,0,1
1340201,1,1,1,0,0,0,0
1343507,1,1,0,0,0,0,0
1343551,0,0,0,0,0,0,1
1344432,1,1,1,0,0,0,0
1345557,1,1,1,0,0,0,0
1346228,1,1,0,0,0,0,0
1346677,1,0,0,0,0,0,1
1347034,1,1,1,0,0,0,0
1347393,1,1,1,0,0,0,0
1348418,1,1,1,0,0,0,1
1348561,1,1,1,0,0,0,1
1349396,1,1,1,0,0,0,1
1350568,0,0,0,0,0,0,1
1350731,1,1,1,1,0,0,0
1351280,1,0,0,0,0,0,1
1351608,1,1,1,0,0,0,0
1353860,1,1,0,0,0,0,1
1353861,1,1,1,0,0,0,0
1355606,0,0,0,0,0,0,0
1355749,0,0,0,0,0,0,0
1357808,1,0,0,0,0,0,1
1357923,1,1,1,0,0,0,0
1361060,0,0,0,0,0,0,0
1361061,1,1,1,0,0,0,0
1362806,1,1,0,0,0,0,0
1362949,1,1,1,0,0,0,0
1364622,1,0,0,0,0,0,1
1365004,1,1,1,0,0,0,0
1365119,1,1,1,0,0,0,0
1366556,1,0,0,0,0,0,1
1368184,1,0,0,0,0,0,1
1368248,1,1,1,0,0,0,0
1368249,1,1,1,0,0,0,0
1369922,1,1,1,0,0,0,1
1370137,1,1,1,0,0,0,0
1370272,1,1,1,0,0,0,1
1372311,1,1,1,0,0,0,0
1372736,1,0,0,0,0,0,1
1374124,1,0,0,0,0,0,1
1375372,1,1,1,1,0,0,0
1375437,1,1,1,0,0,0,0
1376993,1,1,1,0,0,0,1
1377110,1,1,1,0,0,0,0
1377325,1,1,1,0,0,0,0
1378565,1,0,0,0,0,0,1
1378632,1,1,1,0,0,0,1
1379137,1,1,1,0,0,0,1
1379491,1,1,1,0,0,0,0
1379941,1,0,0,0,0,0,1
1380106,1,1,1,0,0,0,1
1380532,1,1,1,0,0,0,1
1380605,1,1,1,0,0,0,1
1380671,1,1,1,0,0,0,1
1382540,0,0,0,0,0,0,0
1382541,1,1,1,0,0,0,1
1382673,1,1,1,0,0,0,1
1387302,1,0,0,0,0,0,0
1387728,1,1,1,0,0,0,0
1387871,1,1,1,0,0,0,0
1388466,1,0,0,0,0,0,1
1389518,1,0,0,0,0,0,1
1389732,1,1,1,0,0,0,0
1389733,1,1,1,0,0,0,0
1389865,1,1,1,0,0,0,0
1391181,1,1,1,0,0,0,1
1391802,1,1,1,0,0,0,1
1393862,1,1,1,0,0,0,1
1394890,1,0,0,0,0,0,1
1394908,1,1,1,0,0,0,0
1395051,1,1,1,0,0,0,0
1395884,1,1,1,0,0,0,1
1396362,1,1,1,0,0,0,1
1396500,0,0,0,0,0,0,1
1396908,1,1,1,0,0,1,0
1396909,1,1,0,0,0,0,0
1397043,1,0,0,0,0,0,1
1397133,1,1,1,0,0,0,1
1398381,0,0,0,0,0,0,1
1398758,0,0,0,0,0,0,1
1403696,0,0,0,0,0,0,0
1404077,0,0,0,0,0,0,1
1404100,0,0,0,0,0,0,0
1404239,0,0,0,0,0,0,0
1404884,1,1,1,0,0,0,1
1405577,1,1,0,0,0,0,0
1405954,1,1,0,0,0,0,0
1406217,1,0,0,0,0,0,1
1406568,1,1,1,0,0,0,1
1406687,1,1,1,0,0,0,1
1407880,1,0,0,0,0,0,1
1408143,1,0,0,0,0,0,1
1409144,1,1,1,0,0,0,1
1410271,1,1,1,0,0,0,1
1411249,0,0,0,0,0,0,0
1412064,1,1,1,0,0,0,0
1412873,1,0,0,0,0,0,1
1413134,0,0,0,0,0,0,0
1413136,1,0,0,0,0,0,1
1413393,1,1,0,0,0,0,0
1413745,1,0,0,0,0,0,1
1414126,1,1,0,0,0,0,1
1414893,1,1,1,0,0,0,1
1415078,1,0,0,0,0,0,1
1415938,1,0,0,0,0,0,1
1416316,1,1,1,0,0,0,0
1416533,1,1,0,0,0,0,1
1416982,1,0,0,0,0,0,1
1417435,1,1,1,0,0,0,0
1418009,1,1,1,0,0,0,1
1418603,1,0,0,0,0,0,1
1419943,1,0,0,0,0,0,1
1420300,0,0,0,0,0,0,0
1420917,0,0,0,0,0,0,0
1422763,1,1,1,0,0,0,1
1423479,0,0,0,0,0,0,1
1423496,1,1,1,0,0,0,0
1424166,1,1,1,0,0,0,0
1425197,1,1,0,0,0,0,0
1426921,1,1,0,0,0,0,1
1427492,0,0,0,0,0,0,0
1428039,0,0,0,0,0,0,1
1428105,0,0,0,0,0,0,0
1428606,0,0,0,0,0,0,1
1429565,0,0,0,0,0,0,1
1430206,1,0,0,0,0,0,1
1430680,0,0,0,0,0,0,0
1431924,1,0,0,0,0,0,1
1431927,1,1,1,0,0,0,1
1433190,1,1,1,1,0,0,1
1434029,1,1,1,1,0,0,1
1434672,0,0,0,0,0,0,0
1435289,1,1,1,0,0,0,0
1435933,0,0,0,0,0,0,1
1439120,1,1,0,0,0,0,0
1439123,1,1,0,0,0,0,0
1440386,1,1,0,0,0,0,0
1441225,1,1,0,0,0,0,0
1441674,1,0,0,0,0,0,1
1441864,1,1,1,0,0,0,0
1443129,1,1,1,0,0,0,0
1445742,0,0,0,0,0,0,1
1446312,1,1,0,0,0,0,0
1446315,0,0,0,0,0,0,0
1447436,1,0,0,0,0,0,1
1448417,0,0,0,0,0,0,0
1449347,1,1,1,0,0,0,1
1449705,1,0,0,0,0,0,1
1450321,1,1,0,0,0,0,0
1450323,1,1,1,1,0,0,1
1451061,1,0,0,0,0,0,1
1451849,1,0,0,0,0,0,1
1452324,1,1,1,1,1,1,0
1452441,1,0,0,0,0,0,1
1452914,1,1,0,0,0,0,0
1453438,1,0,0,0,0,0,1
1453480,1,1,1,0,0,0,0
1453816,1,1,1,1,0,0,1
1453885,1,1,1,1,0,0,1
1454070,1,0,0,0,0,0,1
1454450,0,0,0,0,0,0,1
1457493,1,1,1,0,0,0,0
1457495,1,1,1,0,0,0,0
1458495,1,1,1,0,0,0,1
1460672,1,1,1,1,0,0,0
1460719,1,1,1,0,0,0,1
1461004,1,1,1,0,0,0,0
1461073,1,1,0,0,0,0,0
1461642,1,1,1,1,0,0,0
1462049,1,1,1,1,0,0,1
1462762,1,1,1,0,0,0,1
1463598,1,0,0,0,0,0,1
1464673,1,1,1,0,0,0,0
1464958,1,0,0,0,0,0,1
1465003,0,0,0,0,0,0,1
1465935,1,1,1,0,0,0,1
1467011,1,1,1,0,0,0,1
1467844,1,1,1,1,0,0,0
1468180,1,1,1,0,0,0,0
1469233,1,1,1,0,0,0,0
1470381,1,0,0,0,0,0,1
1471241,1,0,0,0,0,0,1
1471857,0,0,0,0,0,0,0
1472142,1,1,1,0,0,0,0
1472905,1,1,1,0,0,0,1
1473214,1,0,0,0,0,0,1
1474195,1,1,1,0,0,0,0
1474406,1,1,1,0,0,0,1
1474450,0,0,0,0,0,0,1
1474852,1,0,0,0,0,0,1
1475356,1,1,0,0,0,0,0
1475735,1,0,0,0,0,0,1
1476280,1,1,1,0,0,0,1
1476927,1,0,0,0,0,0,1
1478171,1,0,0,0,0,0,1
1478409,0,0,0,0,0,0,0
1478763,1,0,0,0,0,0,1
1479500,0,0,0,0,0,0,1
1479693,1,0,0,0,0,0,1
1480069,1,1,0,0,0,0,0
1480856,1,1,0,0,0,0,1
1481189,1,1,0,0,0,0,1
1481618,1,1,1,0,0,0,0
1481948,1,0,0,0,0,0,1
1482425,1,1,1,0,0,0,1
1482520,1,1,1,0,0,0,0
1482970,1,1,1,0,0,0,1
1483181,1,0,0,0,0,0,1
1483492,1,1,1,0,0,0,1
1484664,1,1,1,0,0,0,1
1485788,1,0,0,0,0,0,1
1485927,1,1,1,0,0,0,0
1486524,1,0,0,0,0,0,1
1486857,1,1,1,0,0,0,0
1486971,1,1,0,0,0,0,1
1487352,1,1,1,0,0,0,1
1488213,1,1,1,0,0,0,1
1489116,1,1,1,0,0,0,0
1489645,1,1,1,1,1,1,0
1490116,1,1,0,0,0,0,1
1490138,1,1,1,1,0,0,0
1490349,1,1,1,1,0,0,0
1490445,1,1,0,0,0,0,1
1490700,1,0,0,0,0,0,1
1491154,1,0,0,0,0,0,1
1491388,0,0,0,0,0,0,1
1491577,1,0,0,0,0,0,1
1492318,1,1,1,0,0,0,1
1492530,0,0,0,0,0,0,1
1493438,1,1,1,0,0,0,1
1493989,1,1,1,0,0,0,1
1494078,1,0,0,0,0,0,1
1494123,1,1,1,0,0,0,0
1494504,1,1,1,0,0,0,0
1495026,1,1,1,1,0,0,1
1495120,0,0,0,0,0,0,1
1495930,1,1,1,1,0,0,1
1498564,1,1,1,0,0,0,0
1498753,1,1,1,0,0,0,0
1499253,1,0,0,0,0,0,1
1500593,1,0,0,0,0,0,1
1501169,1,1,1,0,0,0,0
1501281,1,0,0,0,0,0,1
1501303,1,1,1,0,0,0,0
1501347,0,0,0,0,0,0,1
1502113,1,1,0,0,0,0,1
1502300,1,1,1,0,0,0,0
1502823,1,1,0,0,0,0,1
1503010,0,0,0,0,0,0,1
1503245,1,1,0,0,0,0,1
1503649,0,0,0,0,0,0,1
1503670,0,0,0,0,0,0,1
1503907,1,1,1,1,0,0,1
1504094,1,0,0,0,0,0,1
1505720,1,1,1,0,0,0,0
1506508,1,0,0,0,0,0,1
1506723,1,0,0,0,0,0,1
1507700,1,0,0,0,0,0,1
1509285,1,1,1,0,0,0,0
1509329,0,0,0,0,0,0,1
1509468,1,1,1,0,0,0,0
1509512,0,0,0,0,0,0,1
1509576,1,0,0,0,0,0,1
1510105,1,0,0,0,0,0,1
1510817,1,1,1,0,0,0,0
1511176,1,0,0,0,0,0,1
1511266,1,1,0,0,0,0,0
1512341,1,0,0,0,0,0,1
1513490,1,1,0,0,0,0,1
1513895,1,1,0,0,0,0,0
1514778,1,1,0,0,0,0,1
1515135,1,0,0,0,0,0,1
1516306,1,1,1,0,0,0,1
1516756,1,1,1,0,0,0,0
1516758,0,0,0,0,0,0,1
1517132,0,0,0,0,0,0,1
1517277,0,0,0,0,0,0,0
1517940,1,0,0,0,0,0,1
1517984,0,0,0,0,0,0,1
1518344,1,1,0,0,0,0,0
1518936,1,0,0,0,0,0,1
1519509,1,1,1,0,0,0,0
1519744,1,0,0,0,0,0,1
1520700,1,0,0,0,0,0,1
1520746,1,1,1,1,0,0,1
1521797,1,0,0,0,0,0,1
1522299,1,1,1,0,0,0,0
1522918,1,1,0,0,0,0,1
1523441,1,0,0,0,0,0,1
1524135,1,0,0,0,0,0,1
1524445,1,1,1,1,0,0,0
1525520,1,1,1,0,0,0,0
1525589,1,0,0,0,0,0,1
1526256,1,0,0,0,0,0,1
1527788,1,1,0,0,0,0,1
1527876,1,1,1,0,0,1,0
1528836,1,0,0,0,0,0,1
1530102,0,0,0,0,0,0,0
1530625,1,0,0,0,0,0,0
1531319,1,1,0,0,0,0,0
1532057,1,1,0,0,0,0,1
1532127,1,0,0,0,0,0,1
1532773,1,1,1,0,0,0,0
1533224,1,0,0,0,0,0,1
1533293,0,0,0,0,0,0,1
1535060,1,1,1,0,0,0,0
1535637,1,0,0,0,0,0,1
1536737,1,0,0,0,0,0,1
1537282,1,1,0,0,0,0,0
1537545,1,0,0,0,0,0,1
1538045,0,0,0,0,0,0,1
1538446,1,0,0,0,0,0,1
1538636,1,1,1,0,0,0,1
1539229,1,1,0,0,0,1,0
1539299,1,0,0,0,0,0,0
1539849,1,0,0,0,0,0,1
1539893,0,0,0,0,0,0,1
1540317,1,0,0,0,0,0,1
1541396,1,0,0,0,0,0,1
1542013,1,1,0,0,0,0,1
1542224,0,0,0,0,0,0,0
1542992,1,1,0,0,0,0,1
1543804,1,0,0,0,0,0,1
1545168,1,0,0,0,0,0,1
1545400,1,1,1,0,0,0,1
1545614,1,1,1,0,0,0,0
1546475,1,1,1,1,0,0,0
1546713,0,0,0,0,0,0,1
1546757,0,0,0,0,0,0,1
1547184,1,0,0,0,0,0,1
1547922,1,1,1,0,0,0,1
1548710,0,0,0,0,0,0,1
1549185,1,1,0,0,0,0,0
1552588,1,1,1,0,0,0,0
1553667,1,1,1,0,0,0,0
1553953,1,1,1,1,0,0,0
1554380,1,1,1,1,0,0,0
1554422,1,1,1,0,0,0,1
1555093,1,0,0,0,0,0,1
1555160,1,0,0,0,0,0,1
1555418,1,1,1,0,0,0,1
1555581,1,0,0,0,0,0,1
1555773,1,0,0,0,0,0,1
1556078,1,0,0,0,0,0,1
1556433,1,1,1,0,0,0,1
1556477,0,0,0,0,0,0,1
1556788,1,0,0,0,0,0,1
1557095,1,1,1,0,0,0,1
1557452,1,0,0,0,0,0,1
1557638,1,0,0,0,0,0,1
1557829,1,0,0,0,0,0,1
1558279,1,1,0,0,0,0,1
1558441,1,1,1,0,0,0,1
1558442,0,0,0,0,0,0,1
1558508,1,0,0,0,0,0,1
1559724,1,1,1,0,0,0,0
1561617,1,0,0,0,0,0,1
1561903,0,0,0,0,0,0,1
1562256,1,0,0,0,0,0,1
1562304,1,0,0,0,0,0,1
1562705,1,0,0,0,0,0,1
1563156,1,0,0,0,0,0,1
1563685,1,0,0,0,0,0,1
1564593,1,1,1,1,0,0,1
1564777,1,1,1,0,0,0,1
1565614,0,0,0,0,0,0,0
1565777,1,1,0,0,0,0,1
1565849,1,0,0,0,0,0,1
1566633,1,1,1,0,0,0,1
1567137,1,1,1,0,0,0,1
1567345,1,0,0,0,0,0,1
1567346,1,1,1,0,0,0,1
1568297,1,0,0,0,0,0,1
1568345,1,1,1,0,0,0,1
1568722,1,1,1,0,0,0,1
1568766,0,0,0,0,0,0,1
1569001,1,0,0,0,0,0,1
1569045,0,0,0,0,0,0,1
1569047,1,1,1,0,0,0,0
1569448,1,0,0,0,0,0,0
1569657,1,0,0,0,0,0,1
1569894,1,1,1,0,0,0,1
1569939,1,1,1,0,0,0,1
1570224,1,0,0,0,0,0,1
1570288,1,1,1,1,0,0,0
1570910,1,1,1,1,0,0,1
1571291,1,1,1,0,0,0,1
1571576,1,1,1,0,0,0,1
1571736,1,1,1,0,0,0,1
1572240,1,0,0,0,0,0,1
1572523,1,1,1,0,0,0,1
1572757,1,1,1,1,0,0,1
1574722,1,1,1,1,0,0,1
1575125,1,1,1,0,0,0,1
1575459,1,1,1,1,0,0,1
1575481,1,1,1,0,0,0,0
1575714,1,1,1,1,0,0,1
1576407,1,0,0,0,0,0,1
1576477,1,0,0,0,0,0,1
1576494,1,0,0,0,0,0,1
1577501,1,1,1,1,0,0,1
1578908,1,1,1,0,0,0,0
1579412,1,1,1,0,0,0,0
1579836,1,0,0,0,0,0,1
1580029,1,1,1,1,0,0,1
1580672,1,1,1,1,0,0,1
1580784,1,1,1,0,0,0,1
1581404,1,0,0,0,0,0,1
1581933,1,1,1,1,0,0,1
1582285,1,1,1,0,0,0,0
1582592,1,0,0,0,0,0,1
1582833,1,1,1,0,0,0,1
1582873,0,0,0,0,0,0,1
1583567,1,1,1,1,0,0,0
1583658,1,1,1,0,0,0,0
1583676,1,1,1,0,0,0,1
1583720,0,0,0,0,0,0,1
1583769,1,1,1,0,0,0,1
1583857,1,1,1,0,0,0,1
1586085,1,0,0,0,0,0,1
1586321,0,0,0,0,0,0,1
1586583,1,0,0,0,0,0,1
1586773,1,1,1,0,0,0,1
1587607,1,1,1,1,0,0,1
1587649,1,1,1,0,0,0,1
1587816,1,1,1,0,0,0,0
1588125,1,0,0,0,0,0,1
1588669,1,0,0,0,0,0,1
1589144,1,1,1,1,0,0,1
1589621,1,1,1,0,0,0,1
1590100,1,0,0,0,0,0,1
1590814,1,1,0,0,0,0,0
1590955,1,0,0,0,0,0,1
1591168,1,0,0,0,0,0,1
1591618,1,0,0,0,0,0,1
1592263,1,1,1,0,0,0,1
1592474,1,0,0,0,0,0,1
1593289,1,1,1,0,0,0,1
1594362,1,1,1,0,0,0,1
1594409,1,1,1,0,0,0,1
1595290,1,1,1,0,0,0,1
1596316,1,1,0,0,0,0,0
1596362,1,0,0,0,0,0,1
1596789,1,1,1,0,0,0,0
1598348,1,1,1,0,0,0,0
1598508,1,0,0,0,0,0,1
1598745,1,1,1,1,0,0,1
1598836,0,0,0,0,0,0,1
1599144,0,0,0,0,0,0,1
1599431,1,1,1,1,0,0,0
1600096,1,0,0,0,0,0,1
1600100,1,0,0,0,0,0,1
1600281,1,0,0,0,0,0,1
1600519,1,1,1,1,0,0,1
1601573,1,1,0,0,0,0,0
1601612,1,1,1,0,0,0,1
1602092,1,0,0,0,0,0,1
1602301,1,1,0,0,0,0,1
1602560,1,0,0,0,0,0,1
1603517,1,1,1,1,0,0,1
1603518,1,1,0,0,0,0,0
1604253,1,0,0,0,0,0,1
1604490,1,0,0,0,0,0,1
1605829,1,1,1,0,0,0,1
1606476,1,1,1,1,0,0,1
1607695,1,1,1,0,0,0,0
1608749,1,1,1,0,0,0,0
1609369,0,0,0,0,0,0,1
1609744,1,1,0,0,0,0,0
1609908,0,0,0,0,0,0,1
1610773,1,1,1,0,0,0,1
1611678,1,1,1,0,0,0,0
1612061,1,0,0,0,0,0,1
1613013,0,0,0,0,0,0,0
1613660,1,1,1,0,0,0,0
1613821,0,0,0,0,0,0,1
1614348,0,0,0,0,0,0,1
1614871,1,1,1,1,0,0,0
1615516,1,0,0,0,0,0,1
1616015,1,0,0,0,0,0,1
1616297,1,1,1,0,0,0,1
1617084,1,1,1,0,0,0,0
1617776,0,0,0,0,0,0,1
1618854,1,1,1,0,0,0,0
1619237,1,1,1,0,0,0,0
1619612,1,1,1,0,0,0,1
1619923,1,1,1,0,0,0,1
1620543,1,0,0,0,0,0,1
1621021,1,1,1,1,0,0,1
1622166,1,1,1,0,0,0,1
1622688,1,0,0,0,0,0,1
1622692,1,1,1,0,0,0,0
1623473,1,1,1,0,0,0,0
1623592,1,0,0,0,0,0,1
1626443,1,1,0,0,0,0,1
1626966,1,1,1,0,0,0,1
1627344,1,1,1,0,0,0,1
1628209,1,1,1,0,0,0,0
1628347,1,1,1,1,0,0,1
1629348,1,1,1,0,0,0,1
1629419,1,0,0,0,0,0,1
1630161,1,0,0,0,0,0,1
1630464,1,0,0,0,0,0,1
1630583,1,0,0,0,0,0,1
1630649,1,1,1,0,0,0,0
1630720,1,1,1,0,0,0,1
1630837,0,0,0,0,0,0,1
1631909,1,0,0,0,0,0,1
1632053,1,0,0,0,0,0,1
1632548,1,0,0,0,0,0,1
1633101,1,0,0,0,0,0,1
1633888,1,1,1,0,0,0,1
1634122,0,0,0,0,0,0,0
1634285,1,0,0,0,0,0,1
1634929,1,0,0,0,0,0,1
1636245,1,0,0,0,0,0,1
1637635,1,1,0,0,0,0,1
1639740,1,1,1,0,0,0,0
1640293,1,0,0,0,0,0,0
1640788,1,0,0,0,0,0,1
1641074,1,1,1,0,0,0,1
1641076,1,0,0,0,0,0,0
1642048,1,0,0,0,0,0,1
1643245,1,1,1,0,0,0,1
1643677,1,1,1,0,0,0,1
1644057,0,0,0,0,0,0,1
1644122,1,0,0,0,0,0,1
1644455,1,0,0,0,0,0,1
1644474,0,0,0,0,0,0,1
1644592,1,0,0,0,0,0,1
1644896,1,0,0,0,0,0,1
1646095,1,0,0,0,0,0,1
1646616,1,1,0,0,0,0,1
1647143,1,0,0,0,0,0,1
1647810,1,1,1,1,0,0,1
1648237,1,1,1,0,0,0,1
1650105,1,1,0,0,0,0,1
1650487,1,1,0,0,0,0,1
1650624,1,1,0,0,0,0,1
1650718,1,1,0,0,0,0,1
1651221,1,0,0,0,0,0,0
1651768,1,0,0,0,0,0,0
1652024,1,0,0,0,0,0,1
1652454,1,0,0,0,0,0,1
1652500,1,0,0,0,0,0,1
1652996,1,0,0,0,0,0,1
1653211,1,0,0,0,0,0,1
1653232,0,0,0,0,0,0,1
1654042,1,0,0,0,0,0,1
1654065,1,1,0,0,0,0,1
1654464,1,1,1,0,0,0,1
1654558,0,0,0,0,0,0,1
1655397,1,0,0,0,0,0,1
1655608,1,0,0,0,0,0,1
1656152,1,0,0,0,0,0,1
1656846,1,1,1,0,0,0,1
1656937,1,0,0,0,0,0,1
1656983,1,1,1,0,0,0,1
1657124,1,1,1,0,0,0,1
1657909,1,0,0,0,0,0,1
1658048,1,1,1,0,0,0,1
1658504,1,1,1,0,0,0,1
1658573,1,1,1,0,0,0,1
1658855,1,1,1,0,0,0,1
1659138,1,1,1,0,0,0,1
1659256,1,0,0,0,0,0,1
1659301,1,1,1,0,0,0,1
1659316,1,1,0,0,0,0,1
1659988,1,0,0,0,0,0,1
1660029,1,1,1,1,0,0,1
1660098,1,1,1,1,0,0,1
1660099,1,1,1,1,0,0,1
1660285,0,0,0,0,0,0,1
1660684,0,0,0,0,0,0,1
1661809,1,1,1,1,0,0,1
1661811,1,1,1,0,0,0,1
1661900,1,1,1,0,0,0,1
1662230,1,1,1,0,0,0,1
1662560,1,1,1,1,0,0,1
1663112,1,1,1,0,0,0,1
1663442,1,1,1,0,0,0,1
1663752,1,0,0,0,0,0,1
1664444,0,0,0,0,0,0,1
1664559,1,1,1,1,0,0,1
1665300,1,1,1,0,0,0,1
1665655,1,0,0,0,0,0,1
1665961,1,1,1,0,0,0,1
1666872,1,1,1,0,0,0,1
1667445,0,0,0,0,0,0,0
1667608,1,1,1,0,0,0,1
1667771,1,1,1,0,0,0,1
1668341,1,1,1,0,0,0,1
1668365,1,0,0,0,0,0,1
1668409,0,0,0,0,0,0,1
1668451,1,0,0,0,0,0,1
1668952,1,1,1,1,0,0,1
1669355,1,0,0,0,0,0,1
1669397,1,1,1,0,0,0,1
1669704,1,1,1,0,0,0,0
1670352,1,1,1,0,0,0,1
1670586,1,1,1,0,0,0,0
1670823,1,0,0,0,0,0,1
1670864,0,0,0,0,0,0,1
1671318,1,0,0,0,0,0,1
1671626,0,0,0,0,0,0,1
1672269,1,1,1,0,0,0,1
1672459,1,1,1,0,0,0,1
1672460,1,1,1,0,0,0,1
1673339,1,0,0,0,0,0,1
1673792,1,1,1,0,0,0,1
1674098,1,0,0,0,0,0,1
1674236,1,1,1,0,0,0,1
1674237,1,1,1,1,0,0,1
1674879,1,1,1,0,0,0,1
1674897,0,0,0,0,0,0,1
1675545,1,1,1,0,0,0,0
1676067,1,0,0,0,0,0,1
1676425,1,0,0,0,0,0,1
1677092,1,1,1,0,0,0,1
1677519,1,1,1,0,0,0,1
1677825,1,1,1,0,0,0,1
1678233,1,1,1,0,0,0,1
1678275,1,1,1,1,0,0,1
1678294,1,1,1,1,0,0,1
1678724,1,1,1,0,0,0,1
1678789,1,1,1,0,0,0,1
1679338,0,0,0,0,0,0,1
1679549,1,0,0,0,0,0,1
1679595,0,0,0,0,0,0,1
1680024,1,1,1,0,0,0,1
1680427,1,0,0,0,0,0,1
1681380,1,1,1,1,0,0,0
1681739,1,1,1,1,0,0,1
1682479,1,0,0,0,0,0,1
1683048,1,1,1,1,0,0,1
1684604,1,0,0,0,0,0,1
1685249,1,1,1,0,0,0,1
1685393,0,0,0,0,0,0,0
1686514,1,1,1,0,0,0,0
1686629,1,0,0,0,0,0,1
1686648,1,1,1,0,0,0,1
1687173,1,0,0,0,0,0,1
1687196,0,0,0,0,0,0,0
1687380,1,0,0,0,0,0,1
1687693,1,0,0,0,0,0,1
1688601,1,0,0,0,0,0,1
1688857,1,0,0,0,0,0,1
1689096,1,0,0,0,0,0,1
1689330,1,1,1,0,0,0,1
1689639,1,1,1,0,0,0,0
1689921,1,0,0,0,0,0,1
1690327,1,0,0,0,0,0,1
1690633,0,0,0,0,0,0,1
1690636,1,1,1,0,0,0,1
1690698,1,1,1,0,0,0,1
1690793,1,1,1,0,0,0,1
1691240,1,1,1,0,0,0,1
1691309,1,0,0,0,0,0,1
1691644,1,0,0,0,0,0,1
1691758,1,0,0,0,0,0,1
1691761,1,0,0,0,0,0,1
1692300,1,0,0,0,0,0,1
1692393,1,0,0,0,0,0,1
1692632,1,0,0,0,0,0,1
1693324,1,0,0,0,0,0,1
1693413,1,1,1,0,0,0,1
1693458,1,1,1,0,0,0,1
1694129,1,1,1,0,0,0,1
1694409,1,0,0,0,0,0,1
1694430,1,0,0,0,0,0,1
1695769,1,0,0,0,0,0,1
1696033,0,0,0,0,0,0,1
1696077,0,0,0,0,0,0,1
1697463,1,0,0,0,0,0,0
1698564,1,1,1,0,0,0,1
1699468,1,1,1,0,0,0,0
1699562,1,1,1,0,0,0,1
1699703,1,1,1,0,0,0,1
1699893,1,1,1,0,0,0,1
1700340,1,0,0,0,0,0,1
1700459,1,0,0,0,0,0,1
1700672,1,1,1,0,0,0,1
1700765,1,0,0,0,0,0,1
1701143,0,0,0,0,0,0,1
1701644,1,0,0,0,0,0,1
1701688,0,0,0,0,0,0,1
1702237,1,1,0,0,0,0,1
1702732,1,1,0,0,0,0,1
1702921,1,1,0,0,0,0,0
1705296,1,1,1,0,0,0,1
1706730,1,1,1,0,0,0,0
1707422,1,0,0,0,0,0,1
1707972,1,1,1,0,0,0,1
1708327,1,1,1,0,0,0,0
1709429,1,1,1,0,0,0,0
1709471,1,1,0,0,0,0,1
1709900,1,1,1,0,0,0,1
1709916,1,1,1,0,0,0,0
1710105,1,1,1,0,0,0,0
1710153,1,0,0,0,0,0,1
1710195,1,0,0,0,0,0,1
1711244,1,1,1,0,0,0,1
1711721,1,1,1,1,0,0,1
1712388,1,0,0,0,0,0,1
1713129,1,0,0,0,0,0,1
1714109,1,0,0,0,0,0,1
1714586,1,1,1,0,0,0,0
1715494,1,1,0,0,0,0,1
1715800,1,1,1,0,0,0,1
1715869,1,1,1,1,0,0,1
1716321,0,0,0,0,0,0,1
1717064,1,1,1,0,0,0,0
1717325,1,1,1,0,0,0,0
1717367,1,1,1,0,0,0,0
1717841,1,1,1,0,0,0,1
1717932,1,1,0,0,0,0,1
1717980,1,0,0,0,0,0,1
1718047,1,0,0,0,0,0,1
1718185,0,0,0,0,0,0,1
1718281,1,1,1,0,0,0,1
1718584,1,0,0,0,0,0,1
1718606,1,1,1,0,0,1,1
1719729,1,0,0,0,0,0,1
1719799,1,1,0,0,0,0,1
1720349,1,1,0,0,0,0,1
1720582,1,1,0,0,0,0,1
1720649,1,1,0,0,0,0,1
1720767,1,0,0,0,0,0,1
1720784,1,1,1,0,0,0,1
1721429,1,0,0,0,0,0,1
1721523,1,0,0,0,0,0,1
1721525,1,1,0,0,0,0,1
1722352,1,1,1,0,0,0,1
1722354,1,1,1,0,0,1,1
1722373,1,1,1,1,0,0,1
1723159,1,1,0,0,0,0,1
1723995,1,0,0,0,0,0,1
1724184,1,1,1,0,0,0,1
1724536,1,0,0,0,0,0,1
1724969,1,1,1,0,0,0,1
1725080,0,0,0,0,0,0,1
1725487,1,0,0,0,0,0,1
1726275,1,0,0,0,0,0,1
1727927,1,1,0,0,0,0,1
1727972,1,0,0,0,0,0,1
1728185,1,1,0,0,0,0,1
1728585,1,1,1,0,0,1,0
1728728,1,0,0,0,0,0,1
1729349,1,0,0,0,0,0,1
1729510,1,1,0,0,0,0,0
1729553,1,0,0,0,0,0,1
1732260,0,0,0,0,0,0,0
1732929,1,1,1,0,0,0,1
1733909,1,0,0,0,0,0,1
1734360,1,1,0,0,0,0,1
1734812,1,0,0,0,0,0,1
1735074,1,1,1,0,0,0,1
1735095,1,1,0,0,0,0,0
1735881,1,1,0,0,0,0,1
1735904,1,1,1,0,0,0,0
1736525,1,1,0,0,0,1,0
1736905,1,0,0,0,0,0,1
1737161,1,0,0,0,0,0,1
1737207,1,1,0,0,0,0,1
1737228,1,0,0,0,0,0,1
1737609,1,0,0,0,0,0,1
1738061,0,0,0,0,0,0,1
1738220,1,1,1,0,0,0,1
1738816,1,0,0,0,0,0,1
1739248,1,0,0,0,0,0,1
1739290,1,1,0,0,0,0,1
1740416,1,0,0,0,0,0,1
1740746,0,0,0,0,0,0,1
1741582,1,0,0,0,0,0,1
1742056,1,1,0,0,0,0,1
1742100,0,0,0,0,0,0,1
1744329,1,1,1,0,0,0,0
1744375,1,1,1,0,0,1,0
1745139,1,0,0,0,0,0,1
1745233,1,1,1,0,0,0,0
1745947,1,0,0,0,0,0,1
1747600,1,1,1,0,0,0,0
1747644,0,0,0,0,0,0,1
1747997,1,1,1,1,0,0,1
1748645,1,0,0,0,0,0,1
1748758,1,1,1,0,0,0,0
1749211,1,1,1,0,0,0,1
1749212,1,1,1,0,0,0,1
1749272,1,1,1,0,0,0,0
1750085,1,1,1,0,0,0,1
1750108,1,1,1,0,0,0,1
1750247,1,1,1,0,0,0,1
1750385,1,0,0,0,0,0,1
1750526,1,0,0,0,0,0,1
1752084,1,1,1,0,0,0,1
1752439,1,1,1,0,0,0,1
1752626,1,1,1,0,0,0,1
1753294,1,0,0,0,0,0,1
1755163,1,1,1,0,0,0,1
1755809,1,1,1,0,0,0,0
1756309,1,0,0,0,0,0,1
1756444,1,1,1,0,0,0,0
1757569,1,1,1,0,0,0,0
1758167,1,1,1,1,0,0,1
1758880,1,1,1,0,0,0,1
1759264,0,0,0,0,0,0,0
1759640,1,0,0,0,0,0,1
1760288,1,1,1,0,0,0,1
1760474,1,1,1,0,0,0,0
1760829,1,1,1,0,0,0,1
1760970,1,0,0,0,0,0,1
1761470,0,0,0,0,0,0,1
1761472,1,1,1,0,0,0,1
1761990,1,0,0,0,0,0,1
1762129,1,1,1,1,0,0,1
1762148,1,1,1,0,0,0,1
1762986,1,1,1,0,0,0,1
1763465,1,1,1,1,0,0,0
1763532,1,1,1,0,0,0,1
1763548,1,1,1,0,0,0,1
1763594,1,0,0,0,0,0,1
1764237,1,1,1,0,0,0,1
1764813,1,1,1,1,0,0,1
1765311,1,1,1,0,0,0,0
1765544,1,1,1,0,0,0,1
1765614,1,1,1,0,0,0,1
1765633,1,1,1,1,0,0,1
1766207,1,1,1,0,0,0,1
1766274,1,0,0,0,0,0,1
1766321,1,1,1,1,0,0,1
1767081,1,1,1,0,0,0,1
1767964,1,1,1,1,0,0,1
1767967,1,1,1,1,0,0,1
1768297,1,1,1,1,0,0,1
1768530,1,1,1,1,0,0,1
1768860,1,0,0,0,0,0,1
1769265,0,0,0,0,0,0,1
1769479,1,1,1,0,0,0,1
1770579,1,1,1,1,0,0,1
1770620,1,1,1,0,0,0,1
1770668,1,1,1,0,0,0,0
1771500,1,1,1,0,0,0,1
1772123,1,1,1,0,0,0,1
1772236,1,0,0,0,0,0,1
1772788,1,1,1,0,0,0,1
1773384,1,0,0,0,0,0,1
1774555,1,0,0,0,0,0,1
1775465,0,0,0,0,0,0,0
1775698,1,1,0,0,0,0,0
1775839,1,1,1,0,0,0,1
1776077,1,0,0,0,0,0,1
1776429,1,1,1,0,0,0,0
1776547,1,1,1,1,0,0,1
1777359,1,0,0,0,0,0,1
1777452,1,1,1,1,0,0,1
1777997,1,1,1,0,0,0,1
1778041,0,0,0,0,0,0,1
1778256,1,0,0,0,0,0,1
1778323,0,0,0,0,0,0,1
1778414,1,0,0,0,0,0,1
1778964,1,0,0,0,0,0,1
1779033,1,1,1,0,0,0,1
1779313,1,0,0,0,0,0,1
1779380,1,1,1,0,0,0,0
1779498,1,1,1,0,0,0,1
1779517,0,0,0,0,0,0,1
1779563,1,1,1,1,0,0,1
1779680,1,1,1,1,0,0,1
1779941,1,0,0,0,0,0,1
1780148,1,0,0,0,0,0,1
1780219,1,1,1,1,0,0,1
1780884,1,0,0,0,0,0,1
1781075,1,1,1,0,0,0,1
1781193,1,1,1,0,0,0,1
1781645,0,0,0,0,0,0,1
1781900,1,0,0,0,0,0,1
1781945,1,1,1,0,0,0,1
1782233,0,0,0,0,0,0,1
1782565,1,0,0,0,0,0,1
1783132,1,0,0,0,0,0,1
1783441,1,0,0,0,0,0,1
1783585,1,1,1,1,0,0,1
1784033,1,0,0,0,0,0,1
1784172,1,1,1,1,0,0,1
1784960,1,0,0,0,0,0,1
1784981,1,0,0,0,0,0,1
1785793,1,0,0,0,0,0,1
1785797,1,1,1,0,0,0,1
1785808,1,0,0,0,0,0,1
1786553,1,1,1,0,0,0,1
1786616,1,1,1,1,0,0,1
1786618,1,1,1,0,0,0,0
1786804,1,1,1,0,0,0,0
1787545,1,0,0,0,0,0,1
1787658,1,1,1,0,0,0,1
1788012,1,1,1,0,0,0,1
1788203,1,1,1,0,0,0,0
1788342,1,0,0,0,0,0,1
1788652,1,1,1,0,0,0,1
1788767,1,0,0,0,0,0,1
1789196,1,0,0,0,0,0,1
1789716,1,1,1,1,0,0,1
1789741,1,1,1,0,0,0,1
1789758,1,1,1,0,0,0,1
1789875,1,1,1,0,0,0,1
1790444,1,1,1,0,0,0,1
1791376,1,0,0,0,0,0,1
1791660,0,0,0,0,0,0,1
1792042,1,1,1,0,0,0,1
1792732,1,1,1,0,0,0,1
1792921,1,1,1,0,0,0,0
1793325,1,0,0,0,0,0,1
1793514,0,0,0,0,0,0,1
1793700,1,1,1,0,0,0,1
1794297,1,1,1,1,0,0,1
1794845,1,0,0,0,0,0,1
1795488,1,1,1,1,0,0,1
1796182,1,0,0,0,0,0,1
1796344,1,0,0,0,0,0,1
1796348,1,1,1,1,0,0,0
1796361,1,1,1,0,0,0,1
1796889,1,1,1,1,0,0,0
1797027,0,0,0,0,0,0,0
1797478,1,0,0,0,0,0,1
1797643,1,0,0,0,0,0,1
1797736,1,1,1,0,0,0,1
1797992,1,1,1,1,0,0,1
1797997,1,1,1,0,0,0,1
1798345,1,0,0,0,0,0,1
1798388,0,0,0,0,0,0,1
1798914,1,1,1,1,0,0,1
1799655,1,1,1,0,0,0,1
1799938,1,0,0,0,0,0,1
1799957,1,0,0,0,0,0,1
1800001,0,0,0,0,0,0,1
1800116,1,1,1,0,0,0,1
1800139,1,0,0,0,0,0,1
1800613,1,0,0,0,0,0,1
1800706,1,0,0,0,0,0,1
1800727,1,0,0,0,0,0,1
1801536,1,0,0,0,0,0,1
1801629,1,0,0,0,0,0,1
1801819,1,0,0,0,0,0,1
1802439,1,0,0,0,0,0,1
1802456,1,0,0,0,0,0,1
1802479,0,0,0,0,0,0,1
1803480,1,1,1,0,0,0,1
1804103,1,1,1,0,0,0,1
1804147,0,0,0,0,0,0,1
1804452,1,0,0,0,0,0,1
1804860,1,1,1,1,0,0,0
1804903,1,0,0,0,0,0,1
1805117,1,1,1,0,0,0,0
1805420,1,0,0,0,0,0,1
1806307,1,0,0,0,0,0,1
1806396,1,0,0,0,0,0,1
1807020,1,0,0,0,0,0,1
1807041,1,1,1,0,0,0,1
1807104,1,0,0,0,0,0,1
1807148,0,0,0,0,0,0,1
1807723,1,1,1,0,0,0,1
1807838,1,1,1,0,0,0,0
1808725,1,1,1,1,0,0,1
1808765,1,0,0,0,0,0,0
1808883,1,1,0,0,0,0,1
1809118,1,1,1,1,0,0,1
1809256,1,0,0,0,0,0,1
1809709,1,0,0,0,0,0,1
1809713,0,0,0,0,0,0,1
1809751,1,1,1,0,0,0,1
1810130,1,0,0,0,0,0,1
1810176,1,1,1,1,0,0,1
1810220,0,0,0,0,0,0,1
1810308,1,1,1,0,0,0,1
1810547,1,1,1,1,0,0,1
1811145,1,1,1,1,0,0,1
1811307,1,0,0,0,0,0,1
1811665,1,0,0,0,0,0,1
1811730,1,1,1,0,0,0,1
1811991,1,0,0,0,0,0,1
1812682,1,1,1,0,0,0,1
1812775,1,0,0,0,0,0,1
1813560,1,1,1,0,0,0,1
1813608,1,1,1,0,0,0,1
1813653,1,1,1,1,0,0,1
1814892,1,1,1,1,0,0,1
1814938,1,1,1,0,0,0,1
1816853,1,1,1,0,0,0,0
1817333,1,1,1,1,0,0,1
1818265,1,1,1,0,0,0,1
1818329,1,1,1,0,0,0,1
1818540,1,1,0,0,0,0,1
1818921,1,0,0,0,0,0,1
1819951,1,1,1,0,0,0,0
1820064,1,0,0,0,0,0,1
1820784,1,0,0,0,0,0,0
1821040,1,1,1,0,0,0,1
1822023,1,1,1,1,0,0,1
1822114,1,1,1,0,0,0,0
1822349,1,1,1,0,0,0,1
1822732,1,1,1,1,0,0,1
1824956,1,1,1,0,0,0,1
1825437,1,0,0,0,0,0,0
1826892,1,1,1,0,0,0,1
1826940,1,1,1,1,0,0,1
1827030,1,0,0,0,0,0,1
1828131,1,1,1,0,0,0,1
1828486,0,0,0,0,0,0,1
1828797,1,0,0,0,0,0,1
1829533,1,1,1,0,0,0,0
1829602,1,1,1,1,0,0,1
1830153,1,1,1,0,0,0,1
1831296,1,1,1,1,0,0,1
1831897,1,0,0,0,0,0,1
1832369,1,1,1,1,0,0,1
1832944,1,1,1,1,0,0,1
1833488,1,1,1,0,0,0,1
1833681,1,1,1,1,0,0,1
1835043,1,1,1,0,0,0,1
1835521,1,0,0,0,0,0,1
1835851,1,0,0,0,0,0,1
1836473,1,0,0,0,0,0,1
1836778,1,1,1,0,0,0,0
1837449,1,1,1,1,0,0,1
1837851,1,1,1,0,0,0,1
1837918,1,1,1,0,0,0,1
1838853,1,1,1,1,0,0,1
1839541,1,1,1,0,0,0,0
1839658,1,1,1,0,0,0,1
1839849,1,1,1,0,0,0,1
1840108,1,1,1,1,0,0,0
1840652,1,1,1,1,0,0,0
1840700,1,0,0,0,0,0,1
1840788,0,0,0,0,0,0,1
1842658,1,1,1,1,0,0,1
1842676,1,1,1,1,0,0,1
1842844,1,1,1,1,0,0,1
1843244,1,0,0,0,0,0,1
1844756,1,1,1,0,0,0,1
1845015,1,1,1,1,0,0,0
1845056,1,0,0,0,0,0,1
1845799,1,0,0,0,0,0,1
1846274,1,1,1,0,0,0,1
1846318,0,0,0,0,0,0,1
1846697,1,1,1,0,0,0,0
1846718,0,0,0,0,0,0,1
1847005,1,1,1,0,0,0,0
1847049,0,0,0,0,0,0,1
1847212,1,1,1,0,0,0,1
1847421,1,0,0,0,0,0,1
1847563,1,0,0,0,0,0,1
1847920,1,0,0,0,0,0,1
1848129,1,0,0,0,0,0,1
1848417,1,0,0,0,0,0,1
1848938,1,1,1,0,0,0,1
1849173,1,1,0,0,0,0,1
1849291,1,1,0,0,0,0,1
1849696,1,0,0,0,0,0,1
1849809,1,0,0,0,0,0,1
1849857,1,0,0,0,0,0,1
1850330,1,1,1,0,0,0,1
1850471,1,1,1,0,0,0,1
1850540,1,0,0,0,0,0,1
1851133,1,1,1,0,0,0,1
1851397,1,1,1,0,0,0,1
1851750,1,1,1,0,0,0,1
1852061,1,0,0,0,0,0,1
1852172,1,1,1,0,0,0,0
1852889,1,1,1,1,0,0,1
1852934,1,0,0,0,0,0,1
1853076,1,0,0,0,0,0,1
1853430,0,0,0,0,0,0,1
1854456,1,1,1,0,0,0,1
1854840,1,1,1,1,0,0,1
1854978,1,0,0,0,0,0,1
1855790,1,0,0,0,0,0,1
1856672,1,1,1,0,0,0,1
1857244,1,0,0,0,0,0,1
1857556,0,0,0,0,0,0,1
1857623,1,1,1,0,0,0,0
1857979,0,0,0,0,0,0,1
1858716,1,0,0,0,0,0,1
1858764,1,0,0,0,0,0,1
1858808,0,0,0,0,0,0,1
1859213,1,1,1,0,0,0,0
1859232,1,0,0,0,0,0,1
1860041,1,1,1,0,0,0,0
1860276,1,0,0,0,0,0,1
1860972,1,1,1,0,0,0,1
1861997,1,0,0,0,0,0,1
1862092,1,0,0,0,0,0,1
1862950,1,1,1,0,0,0,0
1862952,1,0,0,0,0,0,1
1863400,0,0,0,0,0,0,1
1863441,1,1,1,0,0,0,1
1863892,1,1,1,0,0,0,1
1864082,1,0,0,0,0,0,1
1864797,1,1,1,0,0,0,1
1865131,1,0,0,0,0,0,0
1865609,1,1,1,0,0,0,1
1865624,1,1,1,0,0,0,1
1865814,1,1,1,0,0,0,1
1866866,1,1,1,0,0,0,1
1867535,1,1,1,1,0,0,1
1868970,1,1,1,0,0,0,1
1869089,1,0,0,0,0,0,1
1870283,1,1,1,0,0,0,1
1870568,1,1,1,0,0,0,0
1870922,1,1,1,0,0,0,1
1871567,1,1,1,0,0,0,1
1871969,1,1,1,0,0,0,0
1872231,1,0,0,0,0,0,1
1872658,1,1,1,0,0,0,1
1872796,1,1,1,0,0,0,0
1873634,1,1,1,0,0,0,1
1874470,1,1,1,1,0,0,1
1874923,1,1,1,0,0,0,1
1874967,0,0,0,0,0,0,1
1875613,1,1,1,0,0,0,1
1875870,1,0,0,0,0,0,1
1875987,1,1,1,0,0,0,1
1876321,1,0,0,0,0,0,1
1877732,1,1,1,0,0,0,0
1878400,1,0,0,0,0,0,1
1879065,1,0,0,0,0,0,1
1879952,1,1,0,0,0,0,1
1879968,1,1,1,1,0,0,0
1880469,1,0,0,0,0,0,1
1880584,1,0,0,0,0,0,1
1880872,1,0,0,0,0,0,1
1881009,0,0,0,0,0,0,1
1882112,0,0,0,0,0,0,1
1883042,1,1,1,1,0,0,0
1883159,1,1,1,1,0,0,0
1883372,0,0,0,0,0,0,1
1883489,1,1,1,0,0,0,0
1883794,1,1,1,1,0,0,1
1883813,1,1,1,0,0,0,1
1883979,1,0,0,0,0,0,1
1884287,0,0,0,0,0,0,1
1885268,0,0,0,0,0,0,1
1885407,1,1,1,0,0,0,1
1886003,0,0,0,0,0,0,1
1886047,0,0,0,0,0,0,1
1886308,1,1,1,0,0,0,1
1887310,1,1,1,1,0,0,1
1887736,1,0,0,0,0,0,0
1887782,0,0,0,0,0,0,1
1889048,1,1,1,1,0,0,1
1890657,1,1,1,0,0,0,0
1890840,1,0,0,0,0,0,1
1890981,0,0,0,0,0,0,0
1891437,1,1,1,1,0,0,1
1891865,0,0,0,0,0,0,1
1892605,1,1,0,0,0,0,1
1893223,1,1,1,1,0,0,0
1893484,0,0,0,0,0,0,0
1893528,0,0,0,0,0,0,1
1893547,0,0,0,0,0,0,1
1893568,0,0,0,0,0,0,1
1894617,1,1,1,1,0,0,1
1894950,1,1,1,1,0,0,0
1895139,1,0,0,0,0,0,1
1895542,0,0,0,0,0,0,1
1895948,1,0,0,0,0,0,1
1896493,1,1,1,0,0,0,1
1897403,0,0,0,0,0,0,1
1897996,0,0,0,0,0,0,0
1898378,1,1,1,0,0,0,1
1898879,1,1,0,0,0,0,1
1898972,0,0,0,0,0,0,1
1899348,1,0,0,0,0,0,1
1899372,0,0,0,0,0,0,1
1899753,1,1,1,0,0,0,0
1901546,0,0,0,0,0,0,1
1901615,1,1,1,1,0,0,1
1903673,1,1,1,1,0,0,0
1904101,0,0,0,0,0,0,1
1904388,1,1,1,0,0,0,1
1905105,1,1,1,1,0,0,1
1905121,1,1,1,0,0,0,1
1905477,0,0,0,0,0,0,1
1905521,0,0,0,0,0,0,1
1905568,1,1,1,1,0,0,1
1905829,1,0,0,0,0,0,1
1905872,0,0,0,0,0,0,1
1906512,1,1,1,1,0,0,0
1907036,1,0,0,0,0,0,1
1907512,0,0,0,0,0,0,1
1908710,1,1,1,0,0,0,0
1908779,1,1,1,1,0,0,0
1909113,1,1,1,1,0,0,1
1909152,1,1,1,0,0,0,1
1909537,0,0,0,0,0,0,1
1909554,0,0,0,0,0,0,1
1909863,0,0,0,0,0,0,1
1910629,1,0,0,0,0,0,1
1911799,1,1,1,1,0,0,1
1912611,1,0,0,0,0,0,1
1912677,0,0,0,0,0,0,0
1912963,0,0,0,0,0,0,1
1913032,1,1,1,0,0,0,0
1913317,1,0,0,0,0,0,1
1913504,0,0,0,0,0,0,1
1914100,0,0,0,0,0,0,1
1914600,0,0,0,0,0,0,1
1914763,1,1,1,0,0,0,1
1915165,1,1,1,0,0,0,1
1915309,1,0,0,0,0,0,1
1916308,1,1,0,0,0,0,0
1916669,1,0,0,0,0,0,1
1916710,0,0,0,0,0,0,0
1917141,0,0,0,0,0,0,1
1917638,0,0,0,0,0,0,1
1917800,1,0,0,0,0,0,1
1917897,1,0,0,0,0,0,1
1918033,1,1,1,0,0,0,1
1918415,1,1,1,0,0,0,1
1918461,0,0,0,0,0,0,1
1918526,1,0,0,0,0,0,1
1919051,1,0,0,0,0,0,1
1919116,1,1,1,0,0,0,1
1919160,0,0,0,0,0,0,1
1919204,0,0,0,0,0,0,1
1919562,1,0,0,0,0,0,1
1919657,0,0,0,0,0,0,1
1919699,1,1,1,0,0,0,1
1920129,0,0,0,0,0,0,1
1920461,0,0,0,0,0,0,1
1921728,0,0,0,0,0,0,0
1922541,1,1,1,0,0,0,1
1923256,1,0,0,0,0,0,1
1924189,1,1,1,0,0,0,1
1924520,0,0,0,0,0,0,1
1924852,0,0,0,0,0,0,1
1925181,1,1,1,1,0,0,0
1925492,1,0,0,0,0,0,1
1926372,1,1,1,1,0,0,0
1926442,1,1,1,0,0,0,1
1926584,1,1,1,1,0,0,1
1926867,0,0,0,0,0,0,0
1926868,0,0,0,0,0,0,1
1927002,0,0,0,0,0,0,1
1927240,1,0,0,0,0,0,1
1927378,0,0,0,0,0,0,1
1928140,1,0,0,0,0,0,1
1928234,1,0,0,0,0,0,1
1928516,0,0,0,0,0,0,1
1928992,0,0,0,0,0,0,1
1929876,1,0,0,0,0,0,1
1931096,1,1,1,1,0,0,1
1931337,1,1,1,1,0,0,0
1932288,1,1,1,0,0,0,1
1932333,1,1,1,1,0,0,0
1933289,1,0,0,0,0,0,1
1933476,1,0,0,0,0,0,1
1934027,1,1,1,0,0,0,0
1934408,0,0,0,0,0,0,0
1935360,1,1,1,0,0,0,1
1935404,0,0,0,0,0,0,1
1935406,1,1,1,1,0,0,0
1935567,1,1,1,0,0,0,1
1936691,1,1,1,0,0,0,1
1936804,1,1,1,0,0,0,1
1936805,1,1,1,1,0,0,1
1937735,1,0,0,0,0,0,1
1938016,1,1,1,1,0,0,1
1938497,1,0,0,0,0,0,0
1938656,0,0,0,0,0,0,1
1939325,1,1,1,0,0,0,1
1939373,1,1,1,0,0,0,1
1939436,1,1,1,0,0,0,1
1940465,1,1,1,0,0,0,1
1940748,1,1,1,0,0,0,1
1941564,1,1,1,0,0,0,0
1942566,1,1,1,0,0,1,0
1942568,1,0,0,0,0,0,1
1943013,1,1,1,0,0,0,1
1943392,0,0,0,0,0,0,1
1943630,1,1,1,1,0,0,1
1944610,1,0,0,0,0,0,1
1944797,1,1,1,0,0,0,1
1944891,1,1,1,1,0,0,0
1944960,1,1,1,0,0,0,1
1945987,1,1,1,0,0,0,1
1946200,1,1,1,0,0,0,1
1946533,1,1,1,0,0,1,0
1946577,0,0,0,0,0,0,1
1946640,1,1,1,0,0,0,1
1946879,1,0,0,0,0,0,1
1947138,1,1,1,1,0,0,1
1947401,1,1,1,1,0,0,1
1947996,1,1,1,0,0,0,1
1948254,1,1,1,1,0,0,1
1948393,1,0,0,0,0,0,1
1948704,1,1,1,0,0,0,1
1948845,1,1,1,0,0,0,1
1949463,1,1,1,0,0,0,1
1949720,1,1,1,0,0,0,1
1950293,1,1,1,0,0,0,1
1950436,1,1,1,0,0,0,1
1950983,0,0,0,0,0,0,1
1951266,1,1,1,0,0,0,1
1951332,1,1,1,0,0,0,1
1951477,1,1,1,0,0,0,1
1951613,1,0,0,0,0,0,1
1951616,1,1,1,1,0,0,1
1951822,1,0,0,0,0,0,1
1952177,1,0,0,0,0,0,1
1952316,1,0,0,0,0,0,1
1952412,1,0,0,0,0,0,1
1952433,1,1,1,1,0,0,1
1952906,1,1,1,0,0,0,1
1953241,1,0,0,0,0,0,1
1953548,1,0,0,0,0,0,1
1953732,1,1,1,1,0,0,1
1953776,0,0,0,0,0,0,1
1954281,1,1,0,0,0,0,1
1955045,1,1,1,0,0,0,1
1955088,1,0,0,0,0,0,1
1956452,1,1,0,0,0,0,1
1956496,0,0,0,0,0,0,1
1958123,1,1,1,1,0,0,0
1959103,1,1,1,1,0,0,1
1959337,1,1,1,1,0,0,0
1959479,1,0,0,0,0,0,1
1959808,1,1,1,1,0,0,1
1959901,0,0,0,0,0,0,1
1960066,1,1,1,0,0,0,0
1960373,1,0,0,0,0,0,1
1960512,0,0,0,0,0,0,1
1960774,1,1,1,1,0,0,1
1960795,1,0,0,0,0,0,1
1961484,1,1,1,0,0,0,1
1961867,1,1,1,1,0,0,1
1962201,1,1,1,1,0,0,0
1962505,1,1,1,1,0,0,1
1963009,1,0,0,0,0,0,1
1963243,1,1,1,1,0,0,1
1963597,1,1,1,1,0,0,1
1963644,1,0,0,0,0,0,0
1964312,1,0,0,0,0,0,1
1964523,1,0,0,0,0,0,1
1964927,0,0,0,0,0,0,1
1964996,0,0,0,0,0,0,1
1965113,1,1,1,0,0,0,1
1965273,0,0,0,0,0,0,1
1965436,1,0,0,0,0,0,1
1965441,0,0,0,0,0,0,1
1965576,1,0,0,0,0,0,1
1965835,1,1,1,0,0,0,1
1966236,1,1,1,0,0,0,1
1967149,1,1,1,0,0,0,1
1967910,1,1,1,1,0,0,0
1968385,1,0,0,0,0,0,1
1968649,0,0,0,0,0,0,1
1968667,1,1,1,0,0,0,1
1968830,1,1,1,1,0,0,1
1969573,1,1,1,1,0,0,1
1969733,1,1,1,0,0,0,1
1969777,0,0,0,0,0,0,1
1970324,0,0,0,0,0,0,1
1970369,1,0,0,0,0,0,1
1970511,1,1,1,1,0,0,1
1970746,1,0,0,0,0,0,1
1970790,0,0,0,0,0,0,1
1971149,1,1,1,1,0,0,1
1971500,1,0,0,0,0,0,1
1971595,1,1,1,0,0,0,1
1971689,0,0,0,0,0,0,1
1972019,0,0,0,0,0,0,1
1972712,0,0,0,0,0,0,0
1972778,1,1,1,0,0,0,1
1973977,1,1,1,0,0,0,1
1974140,1,1,1,0,0,0,1
1974207,1,1,1,0,0,0,1
1974397,1,0,0,0,0,0,1
1975398,1,1,1,1,0,0,1
1975589,0,0,0,0,0,0,1
1976278,1,1,1,0,0,0,1
1976850,1,0,0,0,0,0,1
1977230,1,0,0,0,0,0,1
1977421,1,1,1,0,0,0,1
1977509,1,1,1,0,0,0,0
1977725,0,0,0,0,0,0,1
1977813,0,0,0,0,0,0,1
1977882,1,1,1,1,0,0,1
1977926,0,0,0,0,0,0,1
1978640,0,0,0,0,0,0,0
1978709,1,0,0,0,0,0,1
1978922,0,0,0,0,0,0,1
1979085,0,0,0,0,0,0,1
1979392,1,0,0,0,0,0,1
1979394,1,0,0,0,0,0,1
1979744,0,0,0,0,0,0,1
1980124,0,0,0,0,0,0,1
1980816,1,1,1,1,0,0,1
1981272,1,1,1,1,0,0,0
1981339,1,1,1,0,0,0,0
1981743,0,0,0,0,0,0,1
1982556,0,0,0,0,0,0,1
1982936,0,0,0,0,0,0,1
1983243,1,1,1,0,0,0,1
1983429,1,1,1,1,0,0,1
1983592,1,1,1,0,0,0,1
1983976,0,0,0,0,0,0,1
1984667,1,1,1,0,0,0,1
1984857,1,1,1,0,0,0,0
1985064,1,1,1,0,0,0,1
1985973,1,0,0,0,0,0,1
1986091,1,1,1,1,0,0,1
1986542,1,1,1,0,0,0,0
1986948,1,0,0,0,0,0,1
1987207,1,1,1,0,0,0,1
1987995,1,0,0,0,0,0,1
1988304,1,1,1,0,0,0,1
1988706,1,0,0,0,0,0,1
1989470,1,0,0,0,0,0,1
1990138,1,1,1,1,0,0,1
1991478,1,1,1,0,0,0,1
1991740,1,0,0,0,0,0,1
1991974,0,0,0,0,0,0,1
1992021,1,1,1,0,0,0,0
1992228,1,1,1,1,0,0,0
1992276,0,0,0,0,0,0,1
1992607,1,1,1,0,0,0,1
1992629,0,0,0,0,0,0,1
1992983,0,0,0,0,0,0,1
1993121,1,1,1,1,0,0,0
1993356,1,1,1,1,0,0,1
1993475,1,0,0,0,0,0,1
1994070,1,1,1,0,0,1,1
1994232,1,1,1,1,0,0,1
1994617,1,1,1,0,0,0,1
1994705,1,1,1,0,0,0,1
1994870,1,1,0,0,0,0,1
1994912,1,0,0,0,0,0,1
1995221,1,0,0,0,0,0,1
1995456,0,0,0,0,0,0,1
1995577,1,0,0,0,0,0,1
1995644,1,0,0,0,0,0,1
1996285,1,1,1,0,0,0,1
1996549,1,1,1,0,0,0,1
1996805,0,0,0,0,0,0,1
1996852,0,0,0,0,0,0,1
1997997,0,0,0,0,0,0,1
1998237,1,1,1,0,0,0,1
1999193,1,1,1,0,0,0,1
1999330,1,1,1,1,0,0,1
1999737,0,0,0,0,0,0,1
1999993,1,1,0,0,0,0,1
2000565,1,0,0,0,0,0,1
2000611,1,1,1,0,0,1,0
2001301,1,1,1,1,0,0,1
2002065,1,0,0,0,0,0,1
2002612,1,1,1,1,0,0,0
2003280,1,0,0,0,0,0,1
2004024,1,1,1,0,0,0,0
2005052,1,1,1,1,0,0,1
2005740,1,1,1,0,0,0,1
2006316,1,0,0,0,0,0,1
2006502,1,1,1,1,0,0,0
2006640,1,0,0,0,0,0,1
2006905,1,1,1,0,0,0,0
2007784,1,0,0,0,0,0,1
2007787,1,1,1,1,0,0,0
2009101,1,1,1,0,0,0,1
2009237,1,1,1,1,0,0,0
2009809,1,0,0,0,0,0,1
2009926,1,0,0,0,0,0,1
2010401,0,0,0,0,0,0,1
2010709,0,0,0,0,0,0,1
2011473,1,1,1,1,0,0,1
2012046,1,1,1,0,0,0,1
2012524,0,0,0,0,0,0,1
2013070,1,1,1,1,0,0,1
2013380,1,0,0,0,0,0,1
2013734,1,0,0,0,0,0,1
2014188,1,1,1,1,0,0,1
2014470,1,1,1,1,0,0,1
2014944,1,0,0,0,0,0,0
2014947,1,1,1,0,0,0,0
2015272,0,0,0,0,0,0,1
2015415,1,0,0,0,0,0,1
2015506,1,1,1,1,0,0,1
2015744,1,1,1,1,0,0,1
2016245,1,1,1,1,0,0,0
2016887,1,1,1,0,0,0,1
2017000,1,0,0,0,0,0,1
2017048,1,0,0,0,0,0,1
2017049,1,0,0,0,0,0,1
2017372,0,0,0,0,0,0,1
2017469,0,0,0,0,0,0,1
2017871,1,1,1,1,0,0,1
2017890,1,0,0,0,0,0,1
2018005,1,1,1,0,0,0,1
2018626,1,0,0,0,0,0,1
2018889,1,0,0,0,0,0,1
2019169,1,0,0,0,0,0,1
2019505,0,0,0,0,0,0,1
2019713,1,0,0,0,0,0,1
2020432,1,1,1,1,0,0,1
2020834,1,1,1,0,0,0,1
2021623,1,0,0,0,0,0,1
2021644,0,0,0,0,0,0,1
2021977,1,1,1,1,0,0,1
2022546,1,1,1,0,0,0,1
2022759,1,0,0,0,0,0,1
2023189,1,1,1,1,0,0,1
2023303,0,0,0,0,0,0,1
2023420,1,0,0,0,0,0,1
2023534,0,0,0,0,0,0,1
2023795,0,0,0,0,0,0,1
2023958,0,0,0,0,0,0,1
2024412,1,1,1,0,0,0,1
2024500,1,0,0,0,0,0,0
2024741,1,1,1,1,0,0,1
2025240,1,0,0,0,0,0,1
2025283,1,1,1,0,0,0,1
2025353,1,0,0,0,0,0,1
2025416,1,1,1,0,0,0,1
2025752,0,0,0,0,0,0,1
2025797,0,0,0,0,0,0,1
2026632,1,0,0,0,0,0,1
2026841,1,1,1,1,0,0,0
2027392,1,0,0,0,0,0,1
2027893,1,1,1,0,0,0,1
2027981,1,1,1,0,0,0,1
2028292,0,0,0,0,0,0,1
2028433,1,0,0,0,0,0,1
2028544,1,1,1,0,0,0,1
2028545,0,0,0,0,0,0,1
2028780,0,0,0,0,0,0,1
2028895,1,1,1,0,0,0,1
2029225,0,0,0,0,0,0,1
2029297,1,0,0,0,0,0,1
2029341,0,0,0,0,0,0,1
2029432,0,0,0,0,0,0,1
2029499,1,0,0,0,0,0,1
2029901,1,0,0,0,0,0,1
2030329,0,0,0,0,0,0,1
2030420,1,1,1,1,0,0,1
2030464,0,0,0,0,0,0,1
2030585,1,1,1,0,0,0,1
2031011,1,1,1,0,0,0,1
2031054,1,1,1,1,0,0,0
2031217,1,0,0,0,0,0,1
2031865,1,0,0,0,0,0,1
2032171,1,0,0,0,0,0,1
2032789,1,1,1,1,0,0,1
2032858,1,1,1,0,0,0,1
2034460,1,1,1,0,0,0,1
2034509,1,1,1,0,0,0,1
2035581,1,0,0,0,0,0,1
2035648,1,1,1,0,0,0,1
2036196,0,0,0,0,0,0,1
2036457,0,0,0,0,0,0,1
2036576,1,1,1,0,0,0,0
2037266,1,1,1,0,0,0,1
2037332,1,0,0,0,0,0,1
2037618,0,0,0,0,0,0,1
2038241,1,0,0,0,0,0,1
2038592,1,0,0,0,0,0,1
2038854,1,0,0,0,0,0,1
2039331,0,0,0,0,0,0,0
2039545,1,0,0,0,0,0,1
2040233,1,1,1,0,0,0,1
2040588,1,1,1,0,0,0,1
2040944,0,0,0,0,0,0,1
2041039,1,1,1,0,0,0,1
2041133,1,1,1,0,0,0,1
2041270,0,0,0,0,0,0,1
2041433,1,1,1,0,0,0,1
2041911,1,0,0,0,0,0,1
2042120,1,1,1,1,0,0,1
2042165,1,1,1,1,0,0,1
2042237,1,1,1,0,0,0,1
2042713,1,0,0,0,0,0,1
2042969,1,0,0,0,0,0,1
2043182,1,1,1,1,0,0,1
2043325,1,0,0,0,0,0,1
2043365,0,0,0,0,0,0,1
2043555,1,1,1,0,0,0,1
2043696,1,1,1,0,0,0,0
2044173,0,0,0,0,0,0,1
2044237,1,1,1,0,0,0,1
2044476,1,0,0,0,0,0,1
2044661,0,0,0,0,0,0,1
2044663,1,1,1,0,0,0,1
2045229,1,0,0,0,0,0,1
2045397,0,0,0,0,0,0,1
2046061,0,0,0,0,0,0,1
2046105,0,0,0,0,0,0,1
2046271,0,0,0,0,0,0,1
2046677,0,0,0,0,0,0,1
2046768,1,0,0,0,0,0,1
2046907,1,0,0,0,0,0,1
2047264,1,0,0,0,0,0,1
2047328,1,1,1,0,0,0,1
2047569,1,1,1,0,0,0,1
2048141,1,0,0,0,0,0,1
2048564,1,1,1,0,0,0,1
2048608,0,0,0,0,0,0,1
2048657,1,0,0,0,0,0,1
2050306,0,0,0,0,0,0,0
2050448,1,1,1,0,0,0,1
2050992,1,1,1,0,0,0,1
2051876,1,1,1,0,0,0,1
2051970,1,1,1,0,0,0,1
2052208,1,0,0,0,0,0,1
2052900,1,1,1,0,0,0,1
2053132,1,1,1,0,0,0,1
2053249,0,0,0,0,0,0,0
2053797,1,0,0,0,0,0,1
2053840,0,0,0,0,0,0,1
2053884,0,0,0,0,0,0,1
2054051,1,1,1,0,0,0,0
2054288,1,1,1,0,0,0,1
2055049,1,1,1,0,0,0,1
2055144,1,0,0,0,0,0,1
2055331,1,1,1,0,0,0,1
2055809,1,0,0,0,0,0,0
2056019,1,0,0,0,0,0,1
2056589,1,1,1,0,0,0,1
2056661,1,1,1,0,0,0,1
2057253,0,0,0,0,0,0,1
2057611,1,1,1,0,0,0,1
2058013,1,0,0,0,0,0,1
2058057,0,0,0,0,0,0,1
2058080,1,0,0,0,0,0,1
2058579,1,1,1,0,0,0,1
2058984,1,1,1,0,0,0,1
2059098,1,1,1,0,0,0,0
2059335,1,0,0,0,0,0,1
2059835,0,0,0,0,0,0,1
2060142,1,0,0,0,0,0,1
2061024,0,0,0,0,0,0,0
2061046,1,0,0,0,0,0,1
2061428,1,0,0,0,0,0,1
2061952,1,0,0,0,0,0,1
2062908,1,1,1,1,0,0,1
2063817,1,1,1,0,0,0,0
2064580,1,1,1,0,0,0,1
2065221,1,1,1,0,0,0,0
2065509,1,1,1,1,0,0,1
2065573,0,0,0,0,0,0,1
2065740,1,1,1,1,0,0,1
2066504,1,1,1,0,0,0,1
2066761,1,1,1,1,0,0,1
2066809,1,1,1,1,0,0,1
2066995,1,1,1,0,0,0,0
2067303,0,0,0,0,0,0,1
2068184,1,1,1,1,0,0,0
2068206,1,0,0,0,0,0,0
2068443,0,0,0,0,0,0,1
2068892,1,1,1,0,0,0,1
2068961,1,1,1,1,1,1,0
2069199,1,1,1,1,0,0,1
2070369,1,0,0,0,0,0,1
2072597,1,0,0,0,0,0,1
2073676,0,0,0,0,0,0,0
2073813,1,1,1,0,0,0,1
2073981,1,1,1,0,0,0,0
2074213,0,0,0,0,0,0,1
2074737,0,0,0,0,0,0,1
2074880,1,1,1,1,0,0,1
2075113,0,0,0,0,0,0,1
2075374,0,0,0,0,0,0,0
2075418,0,0,0,0,0,0,1
2075485,0,0,0,0,0,0,1
2075772,0,0,0,0,0,0,1
2075934,0,0,0,0,0,0,1
2076048,0,0,0,0,0,0,0
2076359,1,1,1,1,0,0,0
2076403,0,0,0,0,0,0,1
2076733,1,1,1,1,1,1,0
2076756,1,0,0,0,0,0,1
2077014,1,0,0,0,0,0,1
2077587,1,0,0,0,0,0,1
2077870,1,0,0,0,0,0,1
2078011,0,0,0,0,0,0,1
2078438,1,0,0,0,0,0,1
2078505,0,0,0,0,0,0,1
2078599,1,0,0,0,0,0,1
2078812,1,1,1,1,0,0,1
2078997,1,0,0,0,0,0,1
2079284,1,0,0,0,0,0,1
2079565,1,0,0,0,0,0,1
2079899,1,1,1,1,0,0,1
2080037,0,0,0,0,0,0,1
2080347,0,0,0,0,0,0,1
2080533,0,0,0,0,0,0,1
2080604,1,1,1,1,0,0,1
2080646,1,1,1,1,0,0,1
2081077,0,0,0,0,0,0,0
2081117,1,0,0,0,0,0,1
2082097,1,0,0,0,0,0,1
2082217,1,0,0,0,0,0,1
2082786,1,1,1,0,0,0,1
2083001,1,0,0,0,0,0,1
2083160,0,0,0,0,0,0,0
2083350,1,0,0,0,0,0,1
2084401,1,1,1,0,0,0,1
2084540,1,1,1,0,0,0,1
2084875,1,1,1,0,0,0,1
2084941,0,0,0,0,0,0,1
2085608,1,1,1,0,0,0,1
2085847,1,0,0,0,0,0,1
2086009,1,1,1,1,0,0,1
2086273,1,1,1,0,0,0,1
2086312,1,0,0,0,0,0,1
2086550,1,1,1,1,1,1,0
2086811,1,1,1,1,1,1,0
2087001,1,0,0,0,0,0,1
2087160,1,1,0,0,0,0,1
2087229,1,0,0,0,0,0,1
2087732,1,1,1,1,0,0,0
2087965,0,0,0,0,0,0,1
2088009,0,0,0,0,0,0,1
2088319,1,0,0,0,0,0,1
2088410,1,1,1,0,0,0,1
2088553,1,1,1,1,0,0,1
2088640,1,1,1,1,0,0,1
2088784,1,1,1,1,1,1,0
2089285,1,0,0,0,0,0,1
2089468,1,0,0,0,0,0,1
2089537,1,1,1,1,0,0,1
2089680,1,1,1,0,0,0,1
2090128,1,0,0,0,0,0,1
2090152,0,0,0,0,0,0,1
2090676,1,0,0,0,0,0,1
2090983,1,1,0,0,0,0,1
2091365,1,1,1,1,0,0,1
2091380,1,0,0,0,0,0,1
2091499,0,0,0,0,0,0,1
2091780,0,0,0,0,0,0,1
2092069,0,0,0,0,0,0,1
2092300,0,0,0,0,0,0,1
2092397,0,0,0,0,0,0,1
2092584,1,1,1,0,0,0,1
2092940,0,0,0,0,0,0,1
2093177,0,0,0,0,0,0,1
2093697,1,1,1,1,0,0,1
2093720,1,0,0,0,0,0,1
2094384,1,1,1,1,0,0,1
2095196,1,0,0,0,0,0,1
2095292,1,1,1,1,0,0,1
2095336,0,0,0,0,0,0,1
2095522,1,1,1,1,0,0,0
2095972,1,0,0,0,0,0,1
2096189,1,1,1,0,0,1,1
2096688,1,1,1,1,0,0,1
2096704,1,0,0,0,0,0,1
2096870,1,1,1,1,0,0,1
2097705,1,1,1,0,0,0,1
2097726,1,1,1,0,0,0,1
2097749,1,1,1,1,0,0,1
2098631,1,1,1,1,0,0,0
2099205,1,1,1,0,0,0,1
2099270,1,0,0,0,0,0,1
2099651,1,1,1,1,0,0,1
2099720,0,0,0,0,0,0,1
2099976,1,1,1,1,0,0,1
2100241,1,1,1,1,0,0,1
2100475,1,1,1,1,0,0,1
2100589,1,1,1,1,0,0,1
2101184,1,1,1,0,0,0,1
2101496,1,1,1,1,0,0,1
2101777,1,1,1,0,0,0,1
2101847,1,1,1,0,0,0,1
2101960,1,0,0,0,0,0,1
2102462,1,1,1,0,0,0,1
2102485,1,0,0,0,0,0,1
2102936,1,1,1,1,0,0,1
2103122,1,0,0,0,0,0,1
2103284,1,1,1,1,0,0,1
2103287,1,1,1,1,1,1,0
2103289,1,1,1,1,0,0,1
2103996,1,0,0,0,0,0,1
2104161,1,1,0,0,0,0,1
2104225,1,1,1,0,0,0,1
2104460,1,1,0,0,0,0,1
2104937,0,0,0,0,0,0,1
2105104,1,0,0,0,0,0,1
2105314,1,1,1,0,0,0,1
2105335,1,1,1,0,0,0,1
2105572,0,0,0,0,0,0,1
2105641,0,0,0,0,0,0,1
2105656,1,1,0,0,0,0,1
2105893,1,0,0,0,0,0,1
2106492,1,0,0,0,0,0,1
2107400,1,0,0,0,0,0,1
2108117,1,1,1,0,0,0,1
2108399,0,0,0,0,0,0,1
2109160,0,0,0,0,0,0,1
2109163,1,1,1,1,0,0,1
2109229,1,1,1,1,0,0,1
2110327,1,1,1,1,0,0,1
2110805,1,1,1,1,1,1,0
2110820,1,1,1,0,0,0,1
2111323,1,1,1,0,0,0,1
2111441,0,0,0,0,0,0,1
2111600,1,1,1,1,0,0,1
2112462,1,1,1,1,0,0,0
2112506,0,0,0,0,0,0,1
2112527,1,1,1,0,0,0,1
2112979,1,0,0,0,0,0,1
2113045,1,1,1,1,0,0,0
2113379,0,0,0,0,0,0,1
2113734,1,1,1,1,0,0,1
2114089,1,0,0,0,0,0,1
2114544,1,1,1,1,0,0,0
2114901,1,1,1,0,0,0,1
2114942,1,0,0,0,0,0,1
2115320,1,1,1,0,0,0,1
2115681,1,1,1,0,0,0,1
2115816,1,0,0,0,0,0,1
2116341,1,1,1,0,0,0,1
2116677,1,1,1,0,0,0,1
2116840,1,1,1,0,0,0,1
2116930,1,1,1,0,0,0,1
2117433,1,0,0,0,0,0,1
2117521,1,1,1,1,0,0,1
2117565,0,0,0,0,0,0,1
2119365,1,1,1,1,0,0,1
2119408,1,1,1,0,0,0,1
2119689,1,1,1,0,0,0,1
2119974,1,0,0,0,0,0,1
2120116,1,0,0,0,0,0,1
2120229,1,0,0,0,0,0,1
2120515,1,1,1,0,0,0,0
2120845,1,0,0,0,0,0,1
2120846,1,1,1,0,0,0,1
2120849,1,1,1,0,0,0,1
2121100,1,1,1,0,0,0,1
2121236,1,1,1,1,0,0,1
2121617,1,1,1,0,0,0,1
2122116,1,1,1,0,0,0,1
2122281,1,0,0,0,0,0,1
2122303,1,1,1,0,0,0,1
2122682,1,1,1,0,0,0,1
2123398,1,0,0,0,0,0,1
2123584,1,1,1,0,0,0,1
2123751,1,1,1,0,0,0,1
2124036,1,1,1,1,0,0,1
2124365,1,1,1,1,0,0,1
2124437,1,1,1,0,0,0,1
2124548,1,1,1,0,0,0,1
2124837,1,0,0,0,0,0,1
2124876,0,0,0,0,0,0,1
2124881,0,0,0,0,0,0,1
2125062,1,1,1,0,0,0,1
2125541,1,0,0,0,0,0,1
2125796,1,1,1,0,0,0,1
2126685,1,1,1,0,0,0,1
2126942,1,1,1,0,0,0,1
2127754,1,1,1,0,0,0,1
2128809,1,1,1,1,0,0,1
2129208,1,1,1,1,0,0,1
2129281,0,0,0,0,0,0,1
2130042,1,1,0,0,0,0,1
2130185,1,1,1,1,0,0,1
2130490,0,0,0,0,0,0,1
2130895,1,1,1,0,0,0,0
2131109,1,1,1,1,0,0,1
2131176,1,1,1,0,0,0,0
2131505,1,1,1,0,0,0,0
2131981,0,0,0,0,0,0,1
2132122,1,0,0,0,0,0,1
2132193,0,0,0,0,0,0,1
2132451,0,0,0,0,0,0,1
2132684,1,1,0,0,0,0,1
2132993,1,0,0,0,0,0,1
2133329,1,1,0,0,0,0,1
2133490,0,0,0,0,0,0,1
2134013,1,0,0,0,0,0,1
2134035,1,1,0,0,0,0,1
2134390,1,1,0,0,0,0,1
2134432,1,1,0,0,0,0,1
2134599,1,0,0,0,0,0,1
2134738,0,0,0,0,0,0,1
2135358,0,0,0,0,0,0,1
2135405,1,0,0,0,0,0,1
2136286,1,1,0,0,0,0,1
2136331,1,0,0,0,0,0,1
2136401,1,1,0,0,0,0,1
2137261,1,0,0,0,0,0,1
2137494,1,1,1,1,0,0,1
2137851,1,1,0,0,0,0,1
2138041,1,1,0,0,0,0,1
2138300,0,0,0,0,0,0,0
2138321,0,0,0,0,0,0,1
2138387,1,0,0,0,0,0,1
2138670,1,1,0,0,0,0,1
2138692,1,0,0,0,0,0,1
2139191,1,0,0,0,0,0,1
2139237,1,0,0,0,0,0,1
2139593,0,0,0,0,0,0,1
2139636,1,0,0,0,0,0,1
2141119,1,1,0,0,0,0,1
2141137,0,0,0,0,0,0,0
2141541,0,0,0,0,0,0,1
2141560,0,0,0,0,0,0,0
2141654,1,1,1,0,0,0,1
2141676,1,1,1,0,0,0,1
2141836,0,0,0,0,0,0,1
2141837,0,0,0,0,0,0,1
2141879,1,0,0,0,0,0,1
2141901,1,1,0,0,0,0,1
2141942,0,0,0,0,0,0,1
2142298,0,0,0,0,0,0,1
2142392,1,0,0,0,0,0,1
2142528,1,0,0,0,0,0,1
2142531,1,1,0,0,0,0,1
2142716,0,0,0,0,0,0,1
2142878,1,0,0,0,0,0,1
2143137,1,1,1,1,0,0,1
2143326,0,0,0,0,0,0,1
2143395,1,1,1,0,0,0,1
2143508,1,1,0,0,0,0,1
2143700,1,1,1,1,0,0,1
2144004,0,0,0,0,0,0,1
2144125,1,0,0,0,0,0,1
2144549,1,1,1,1,0,0,1
2144692,1,1,1,0,0,0,1
2144735,1,1,1,0,0,0,1
2144754,0,0,0,0,0,0,1
2144757,0,0,0,0,0,0,1
2145152,0,0,0,0,0,0,1
2145174,0,0,0,0,0,0,1
2145341,0,0,0,0,0,0,1
2145720,1,1,1,0,0,0,1
2145721,0,0,0,0,0,0,1
2145782,0,0,0,0,0,0,1
2146258,0,0,0,0,0,0,1
2146304,0,0,0,0,0,0,1
2146392,1,1,0,0,0,0,1
2146461,1,1,1,1,0,0,1
2146603,1,1,1,0,0,0,1
2146694,0,0,0,0,0,0,1
2147144,1,1,1,0,0,0,1
2147621,1,1,1,0,0,0,1
2147623,1,1,1,0,0,0,1
2147624,0,0,0,0,0,0,1
2148089,0,0,0,0,0,0,1
2148160,1,0,0,0,0,0,1
2148179,1,0,0,0,0,0,1
2148366,1,1,1,1,0,0,1
2148624,1,1,1,0,0,0,1
2148625,0,0,0,0,0,0,1
2148738,0,0,0,0,0,0,1
2148760,0,0,0,0,0,0,1
2149474,1,1,1,1,0,0,1
2149589,1,1,1,0,0,0,1
2149680,1,1,1,0,0,0,1
2149968,1,1,1,0,0,0,1
2150129,1,0,0,0,0,0,1
2150174,1,1,1,1,0,0,1
2150219,1,1,1,0,0,0,1
2150644,1,1,0,0,0,0,1
2151217,1,1,1,0,0,0,1
2151382,1,1,1,1,0,0,1
2151764,1,1,1,0,0,0,1
2151828,1,1,0,0,0,0,1
2152233,1,1,1,0,0,0,1
2152326,1,1,1,0,0,0,1
2152512,1,0,0,0,0,0,1
2152801,1,1,1,0,0,0,0
2152865,1,0,0,0,0,0,1
2153126,1,0,0,0,0,0,1
2153216,1,0,0,0,0,0,1
2153837,1,1,1,1,0,0,1
2153881,0,0,0,0,0,0,1
2154693,1,0,0,0,0,0,1
2154697,1,1,1,0,0,0,1
2154710,1,1,1,1,0,0,1
2155260,1,1,0,0,0,0,1
2155641,1,1,1,1,0,0,1
2156090,1,0,0,0,0,0,1
2156304,1,1,1,1,0,0,1
2156949,1,1,1,1,0,0,1
2157351,1,1,1,1,0,0,0
2157396,1,1,0,0,0,0,1
2158111,1,0,0,0,0,0,1
2159067,1,0,0,0,0,0,1
2159521,1,1,1,1,0,0,1
2160376,1,1,1,0,0,1,0
2160495,1,1,0,0,0,0,1
2160829,1,1,1,1,0,0,1
2160940,1,0,0,0,0,0,1
2161849,1,1,1,0,0,0,0
2161991,1,1,1,1,0,0,1
2162421,1,1,1,0,0,0,1
2162823,1,0,0,0,0,0,1
2163250,1,1,1,0,0,0,0
2163253,1,1,1,1,0,0,1
2163293,0,0,0,0,0,0,1
2163862,1,0,0,0,0,0,1
2164169,1,1,0,0,0,0,1
2164265,1,1,1,1,1,1,0
2164427,1,1,1,1,0,0,1
2164544,1,1,1,1,0,0,0
2164778,1,1,1,1,0,0,1
2165089,1,0,0,0,0,0,1
2165273,1,1,1,1,0,0,1
2165536,1,1,1,1,0,0,1
2165627,1,1,1,0,0,0,1
2166607,1,1,1,1,0,0,1
2166701,1,1,0,0,0,0,1
2167151,0,0,0,0,0,0,1
2167244,1,1,1,0,0,0,1
2167381,1,1,1,1,0,0,1
2168072,1,1,1,1,0,0,0
2168116,0,0,0,0,0,0,1
2168120,1,0,0,0,0,0,1
2168497,1,1,1,1,0,0,1
2168704,0,0,0,0,0,0,1
2168894,1,1,1,0,0,0,1
2169348,1,1,0,0,0,0,1
2169535,1,1,1,0,0,0,1
2169842,1,0,0,0,0,0,1
2169937,1,1,1,1,0,0,1
2170269,0,0,0,0,0,0,1
2170407,1,1,1,1,0,0,1
2170787,0,0,0,0,0,0,1
2170830,1,0,0,0,0,0,1
2171045,1,1,1,1,0,0,1
2171352,0,0,0,0,0,0,1
2171848,1,1,1,1,0,0,1
2172326,1,1,1,1,0,0,1
2172752,1,1,1,1,0,0,1
2172920,1,1,1,1,0,0,1
2174521,1,1,1,1,0,0,0
2174878,1,1,1,0,0,0,1
2174880,1,1,1,0,0,0,1
2175305,1,1,1,1,0,0,1
2175349,0,0,0,0,0,0,1
2175416,1,0,0,0,0,0,1
2176344,1,1,1,0,0,0,1
2176464,1,0,0,0,0,0,1
2176602,1,1,1,0,0,0,1
2176605,1,1,1,0,0,0,1
2177241,1,1,1,0,0,0,1
2177262,1,0,0,0,0,0,1
2177931,1,1,1,1,0,0,0
2178141,1,0,0,0,0,0,1
2178378,1,1,1,0,0,0,1
2178924,1,1,1,0,0,0,1
2178973,1,1,1,1,0,0,1
2179182,1,0,0,0,0,0,1
2179440,0,0,0,0,0,0,1
2179441,1,0,0,0,0,0,1
2179675,1,1,1,0,0,0,1
2180101,0,0,0,0,0,0,1
2180528,1,1,1,0,0,0,1
2181343,1,1,1,0,0,0,1
2181552,1,1,1,0,0,0,1
2182009,1,1,1,0,0,0,1
2182241,0,0,0,0,0,0,1
2182288,1,1,1,0,0,0,1
2182716,0,0,0,0,0,0,1
2183191,1,1,1,0,0,0,1
2184313,1,1,1,0,0,0,1
2184332,1,1,1,0,0,0,1
2184453,1,1,1,0,0,0,1
2184520,1,1,1,0,0,0,1
2185259,1,1,1,0,0,0,1
2185807,1,0,0,0,0,0,1
2185920,1,1,1,0,0,0,1
2186157,1,1,1,0,0,0,1
2186322,1,1,1,0,0,0,0
2186439,0,0,0,0,0,0,1
2186504,0,0,0,0,0,0,1
2186508,1,1,1,0,0,0,1
2187361,1,0,0,0,0,0,1
2187553,1,1,1,0,0,0,1
2187884,1,1,1,0,0,0,1
2188143,1,1,1,0,0,0,1
2188786,1,1,1,1,0,0,1
2189192,1,1,1,1,0,0,1
2189427,1,1,1,0,0,0,1
2189516,1,1,1,0,0,0,1
2189757,0,0,0,0,0,0,1
2190110,1,1,1,0,0,0,1
2190227,1,1,1,0,0,0,1
2190392,1,1,1,1,0,0,1
2190436,0,0,0,0,0,0,1
2190790,0,0,0,0,0,0,1
2191244,0,0,0,0,0,0,1
2191721,1,1,1,0,0,0,1
2191882,1,1,1,0,0,0,1
2192044,1,1,1,0,0,0,1
2192643,1,1,1,0,0,0,1
2192660,1,0,0,0,0,0,1
2192706,1,1,1,0,0,0,1
2193016,1,1,1,0,0,0,1
2193061,1,1,1,1,0,0,1
2193775,1,1,1,1,0,0,1
2193866,1,1,1,1,1,1,0
2193888,1,1,1,1,0,0,1
2194481,1,1,1,0,0,0,0
2194670,1,1,1,1,0,0,1
2194741,1,1,1,1,0,0,1
2194804,1,1,1,1,0,0,1
2194900,1,1,1,1,0,0,1
2195279,1,1,1,1,0,0,1
2195345,1,1,1,1,0,0,1
2196087,1,1,1,1,0,0,1
2196274,1,0,0,0,0,0,1
2196561,1,1,1,0,0,0,1
2196605,0,0,0,0,0,0,1
2196620,1,1,1,1,0,0,1
2196644,1,1,1,1,0,0,1
2197405,1,1,1,1,0,0,1
2197544,1,1,1,0,0,0,1
2197904,1,0,0,0,0,0,1
2198379,1,1,1,0,0,0,1
2198425,1,1,1,1,0,0,1
2198636,1,0,0,0,0,0,1
2198678,1,1,1,0,0,0,1
2199301,1,1,1,1,0,0,1
2199510,1,1,1,0,0,0,1
2199937,1,1,1,0,0,0,1
2200463,1,1,1,1,0,0,1
2200484,1,1,0,0,0,0,1
2200577,1,1,1,1,1,1,0
2200977,1,1,0,0,0,0,1
2201144,0,0,0,0,0,0,1
2201331,1,1,0,0,0,0,1
2201425,1,1,1,1,0,0,1
2202092,1,1,1,0,0,0,1
2202110,1,1,1,1,0,0,1
2202753,1,1,1,1,1,1,0
2202798,1,0,0,0,0,0,1
2203445,1,1,1,1,0,0,1
2203556,1,1,1,0,0,0,1
2203579,1,1,1,1,0,0,1
2204389,1,1,1,0,0,0,1
2204504,1,1,1,1,0,0,1
2204864,1,1,1,1,0,0,1
2204952,0,0,0,0,0,0,1
2205142,1,1,1,0,0,0,1
2205186,0,0,0,0,0,0,1
2205785,1,1,1,0,0,0,1
2206041,1,1,1,0,0,0,1
2206043,1,1,1,1,0,0,1
2206180,1,1,1,1,0,0,1
2206342,1,1,1,0,0,0,1
2206386,0,0,0,0,0,0,1
2206913,1,1,1,1,0,0,1
2206980,1,0,0,0,0,0,1
2207262,1,1,1,1,0,0,1
2207306,0,0,0,0,0,0,1
2207372,1,0,0,0,0,0,1
2207613,1,1,0,0,0,0,1
2207631,1,1,1,1,0,0,1
2207817,1,1,1,1,1,1,0
2208056,1,0,0,0,0,0,1
2208360,1,1,1,1,1,1,0
2208527,1,1,1,0,0,0,1
2209457,1,1,1,1,0,0,1
2209860,1,1,1,1,0,0,1
2209930,1,1,1,0,0,0,1
2210625,1,1,1,1,1,1,0
2210667,1,1,1,1,0,0,1
2210780,1,1,0,0,0,0,1
2211236,1,1,0,0,0,0,1
2211828,1,1,1,0,0,0,1
2212621,1,1,1,0,0,0,1
2212832,1,1,0,0,0,0,1
2213355,1,1,1,1,0,0,1
2213593,1,1,0,0,0,0,1
2214040,1,1,1,0,0,0,1
2214782,1,1,1,1,0,0,1
2215139,1,1,0,0,0,0,1
2215228,1,1,0,0,0,0,1
2215445,1,1,0,0,0,0,1
2215896,1,1,1,0,0,0,1
2216609,1,1,1,0,0,0,0
2216653,0,0,0,0,0,0,1
2216816,1,0,0,0,0,0,1
2216839,1,1,1,0,0,0,1
2216858,1,1,0,0,0,0,1
2217503,1,1,0,0,0,0,1
2217857,1,1,0,0,0,0,1
2218095,1,1,1,0,0,0,1
2218357,1,1,1,1,1,1,0
2218660,1,1,0,0,0,0,1
2219501,1,1,0,0,0,0,1
2219684,1,1,0,0,0,0,1
2219995,1,1,1,0,0,0,1
2220300,1,0,0,0,0,0,1
2220804,1,1,1,0,0,0,1
2220918,1,1,0,0,0,0,1
2221850,1,1,1,0,0,0,1
2222281,1,1,1,0,0,0,1
2222440,1,1,1,0,0,0,1
2222823,1,1,1,0,0,0,1
2223322,1,1,0,0,0,0,1
2223389,1,1,0,0,0,0,1
2224416,1,1,1,1,0,0,1
2225061,1,1,1,0,0,0,1
2225132,1,1,1,0,0,0,1
2225196,1,1,1,0,0,0,1
2225842,1,1,0,0,0,1,1
2225909,1,0,0,0,0,0,1
2226024,1,1,1,0,0,0,1
2226288,1,1,0,0,0,0,1
2227317,1,1,1,0,0,0,1
2227696,1,1,1,0,0,0,1
2228053,1,0,0,0,0,0,1
2228166,1,1,1,0,0,0,1
2229554,1,1,1,0,0,0,1
2229696,1,1,1,0,0,0,1
2229933,1,1,1,0,0,0,1
2229975,1,1,1,0,0,1,0
2230836,1,1,0,0,0,0,1
2231816,1,0,0,0,0,0,1
2232411,1,1,1,0,0,0,1
2233077,1,1,1,0,0,0,0
2233192,1,1,1,0,0,0,0
2234247,1,1,1,1,0,0,1
2234484,1,1,1,1,0,0,1
2235535,1,1,0,0,0,0,1
2236417,1,1,0,0,0,0,1
2236726,1,1,1,1,0,0,0
2237109,1,1,1,0,0,0,0
2237560,1,1,1,0,0,0,1
2237913,1,1,1,0,0,0,1
2238344,1,1,1,1,0,0,1
2239493,1,1,1,0,0,0,1
2240161,1,1,0,0,0,0,1
2240368,1,1,1,0,0,0,0
2240965,1,1,1,0,0,0,1
2241276,1,1,1,0,0,0,1
2241388,1,1,1,0,0,0,1
2241393,1,1,1,0,0,0,1
2242196,1,1,1,1,0,0,1
2242484,1,0,0,0,0,0,1
2242695,1,1,1,0,0,0,0
2243890,1,1,1,1,0,0,0
2243932,1,1,1,0,0,0,1
2244288,0,0,0,0,0,0,1
2244357,1,1,1,1,0,0,1
2245196,1,1,1,0,0,0,1
2245197,1,1,1,0,0,0,1
2245235,1,1,1,0,0,0,1
2245804,1,1,1,0,0,0,1
2246593,1,1,0,0,0,0,1
2246688,1,1,1,1,0,0,1
2246689,1,1,1,0,0,0,1
2247303,1,1,1,0,0,0,1
2247325,1,1,1,1,0,0,1
2248012,1,1,1,1,0,0,1
2248108,1,1,1,0,0,0,1
2248221,1,1,1,0,0,0,1
2249156,1,0,0,0,0,0,1
2249221,1,1,1,0,0,0,1
2249792,1,1,0,0,0,0,1
2249817,1,1,1,0,0,0,1
2250291,1,1,1,0,0,0,1
2250792,1,1,1,1,0,0,1
2250881,1,1,1,1,0,0,1
2251020,1,1,0,0,0,0,1
2251022,1,1,0,0,0,0,0
2251760,1,1,1,1,0,0,1
2251778,1,1,1,1,0,0,1
2251797,1,1,1,1,0,0,1
2251843,1,1,1,1,0,0,1
2252343,1,0,0,0,0,0,1
2252649,1,1,1,1,0,0,1
2252764,1,1,1,1,0,0,1
2253435,1,1,1,1,0,0,1
2253480,1,1,1,1,0,0,1
2254553,1,1,1,1,0,0,1
2254936,1,1,1,1,0,0,1
2254981,1,1,1,1,0,0,1
2255814,1,1,1,0,0,0,1
2255932,1,1,1,1,0,0,1
2256289,1,1,1,0,0,0,1
2256355,1,1,1,1,0,0,1
2256901,1,1,1,1,0,0,1
2257019,1,0,0,0,0,0,1
2257160,1,1,1,1,0,0,1
2257825,1,1,1,1,0,0,1
2257872,1,1,1,1,0,0,1
2258085,1,1,1,0,0,0,1
2258198,1,1,1,1,0,0,1
2258505,1,0,0,0,0,0,1
2258817,1,1,1,1,0,0,1
2258908,1,0,0,0,0,0,1
2259141,1,0,0,0,0,0,1
2259904,1,1,1,0,0,0,0
2259906,1,1,1,1,0,0,1
2260041,1,1,1,1,0,0,1
2260328,1,1,1,1,0,0,1
2260848,1,1,1,1,0,0,1
2261208,1,1,1,0,0,0,1
2261682,1,1,1,1,0,0,1
2262136,1,1,1,1,0,0,1
2263861,1,1,1,1,0,0,1
2263878,1,1,1,1,0,0,1
2264163,1,1,1,0,0,0,0
2264207,0,0,0,0,0,0,1
2264875,1,0,0,0,0,0,1
2266407,1,1,1,0,0,0,1
2266450,1,1,1,0,0,0,1
2267213,1,1,1,1,0,0,0
2267618,1,1,1,0,0,0,1
2268020,1,1,1,1,0,0,0
2269316,1,1,1,0,0,0,0
2269692,1,1,1,1,1,1,0
2270916,1,1,1,0,0,0,1
2271033,1,1,1,1,0,0,0
2272060,1,1,1,1,0,0,1
2272537,1,1,1,0,0,0,1
2272578,1,1,1,0,0,0,1
2273172,1,1,1,1,0,0,1
2273579,1,1,1,1,0,0,0
2273744,1,1,1,1,0,0,1
2274026,1,1,1,1,0,0,1
2274381,1,1,1,0,0,0,0
2275004,1,1,1,1,0,0,1
2275428,1,1,1,1,0,0,1
2275621,1,1,1,1,0,0,1
2276357,1,1,1,0,0,0,1
2276741,1,1,1,0,0,0,1
2276972,1,1,1,1,0,0,1
2277065,1,0,0,0,0,0,1
2277230,1,1,1,1,0,0,1
2278835,1,1,1,0,0,0,1
2279193,1,1,1,1,1,1,0
2279260,1,1,1,1,0,0,1
2279492,1,1,1,0,0,0,1
2279562,1,1,1,0,0,0,1
2279849,1,1,1,0,0,0,1
2280226,1,1,1,1,0,0,1
2280487,1,1,1,1,0,0,1
2280529,1,1,1,1,1,1,0
2281101,0,0,0,0,0,0,1
2281243,1,1,1,0,0,0,1
2281287,0,0,0,0,0,0,1
2281381,1,1,1,1,0,0,1
2282048,1,1,1,0,0,0,1
2282905,1,1,1,0,0,0,1
2282952,1,1,1,0,0,0,1
2283641,1,1,1,0,0,0,1
2284405,1,1,1,0,0,0,1
2286656,1,1,1,0,0,0,0
2287372,1,0,0,0,0,0,1
2287394,1,1,1,0,0,1,0
2288012,1,1,0,0,0,0,1
2288467,1,1,1,0,0,1,0
2288561,1,1,1,0,0,0,0
2289515,1,0,0,0,0,0,1
2290136,1,1,1,0,0,1,0
2291208,1,1,1,1,0,0,1
2291400,1,1,1,0,0,0,1
2291585,1,1,1,1,0,0,0
2291751,1,1,1,1,0,0,1
2292348,1,1,1,0,0,0,1
2292439,1,1,0,0,0,0,1
2292673,1,1,0,0,0,0,1
2292956,1,1,1,1,0,0,1
2293218,1,1,1,0,0,0,1
2293501,1,1,1,1,0,0,1
2293955,1,1,1,0,0,1,1
2294383,1,0,0,0,0,0,1
2294425,1,1,1,1,0,0,1
2295240,1,1,1,1,0,0,1
2295691,1,1,0,0,0,0,1
2295713,1,1,1,0,0,0,0
2295754,1,1,1,1,0,0,1
2296277,1,1,1,1,0,0,1
2296493,1,1,0,0,0,0,1
2297328,1,1,1,1,0,0,1
2297514,1,1,1,0,0,0,1
2297609,1,1,1,0,0,0,1
2298057,1,1,1,0,0,0,1
2298848,1,1,1,1,0,0,1
2299106,1,1,1,1,1,1,0
2299752,1,1,1,0,0,0,1
2300104,1,1,1,0,0,0,0
2300437,1,1,1,1,0,0,1
2300939,1,1,1,1,0,0,1
2301028,1,1,1,0,0,0,1
2301338,1,1,1,0,0,0,1
2302297,1,1,1,1,0,0,1
2302360,1,1,1,1,0,0,1
2302364,1,1,1,0,0,0,1
2303029,1,1,1,0,0,0,1
2303166,1,1,1,1,0,0,1
2304050,1,1,1,1,0,0,1
2304769,1,1,1,0,0,0,1
2304788,1,1,1,0,0,0,1
2304876,1,1,1,0,0,0,1
2305093,0,0,0,0,0,0,1
2305566,1,1,1,1,0,0,1
2305632,1,1,1,0,0,0,1
2306326,1,0,0,0,0,0,1
2306372,1,1,1,0,0,0,1
2306417,1,1,1,0,0,0,1
2306651,1,1,1,1,0,0,1
2306841,1,0,0,0,0,0,1
2306928,1,1,1,0,0,0,1
2307216,1,1,1,0,0,0,1
2307569,1,1,1,1,0,0,0
2307593,1,1,1,1,0,0,1
2307992,1,1,1,1,0,0,1
2307996,1,1,1,1,0,0,1
2308036,0,0,0,0,0,0,1
2308389,1,1,1,1,0,0,1
2308480,1,0,0,0,0,0,1
2309054,1,1,1,1,0,0,1
2309267,1,1,1,1,0,0,1
2309504,1,1,1,0,0,0,1
2309689,1,1,1,1,1,1,0
2309828,1,1,1,1,1,1,0
2310019,1,1,1,0,0,0,1
2310038,1,1,1,0,0,0,1
2310512,1,1,1,0,0,0,1
2310774,1,1,1,0,0,0,1
2310865,1,1,1,0,0,0,1
2311676,1,1,1,1,0,0,1
2312131,1,1,1,1,0,0,1
2312533,1,1,1,1,0,0,1
2312651,1,1,0,0,0,0,1
2312913,1,1,1,1,0,0,1
2313122,1,1,1,1,0,0,1
2313407,1,1,1,1,0,0,1
2313689,1,1,1,1,0,0,1
2313949,0,0,0,0,0,0,1
2314304,1,1,1,1,0,0,1
2314565,1,0,0,0,0,0,1
2314730,1,1,1,0,0,0,1
2315135,1,1,1,0,0,0,1
2315154,1,0,0,0,0,0,1
2315172,1,1,1,1,0,0,1
2315265,1,1,1,1,0,0,1
2315337,1,1,1,1,0,0,1
2315764,1,1,1,0,0,0,1
2315808,0,0,0,0,0,0,1
2315852,0,0,0,0,0,0,1
2315916,1,1,1,1,0,0,1
2316708,1,1,1,0,0,0,1
2316729,1,1,1,1,0,0,1
2317226,1,1,1,1,0,0,1
2317609,1,1,1,0,0,0,1
2317696,1,1,1,1,0,0,1
2318297,1,0,0,0,0,0,1
2318748,1,1,1,1,0,0,1
2319176,1,0,0,0,0,0,1
2319912,1,1,1,0,0,0,1
2320389,1,1,1,0,0,0,1
2320509,1,1,1,0,0,0,1
2320959,1,1,1,1,0,0,1
2321458,1,1,1,0,0,0,1
2321524,1,1,1,1,0,0,1
2322076,1,1,1,0,0,0,1
2322214,1,1,0,0,0,0,1
2322258,0,0,0,0,0,0,1
2322261,1,1,1,1,0,0,1
2322298,0,0,0,0,0,0,1
2322413,1,1,0,0,0,0,1
2322459,1,1,1,0,0,0,1
2323198,1,1,1,1,0,0,1
2323336,1,1,1,1,0,0,1
2324222,1,0,0,0,0,0,1
2325416,1,1,1,0,0,0,1
2326588,1,1,1,1,0,0,1
2327784,1,1,1,1,0,0,1
2328860,1,1,1,1,1,1,0
2329244,1,1,1,1,0,0,0
2329433,1,1,1,0,0,0,0
2329593,1,1,1,1,0,0,0
2329639,1,1,1,1,0,0,0
2330837,1,1,1,1,0,0,1
2331406,1,1,1,1,0,0,0
2331932,1,1,1,0,0,0,1
2332025,1,1,1,1,0,0,1
2332619,1,1,1,1,0,0,1
2332621,1,0,0,0,0,0,1
2333643,1,1,1,1,0,0,1
2334213,1,1,1,1,0,0,1
2334976,1,1,1,1,0,0,1
2335020,0,0,0,0,0,0,1
2335069,1,1,1,0,0,0,1
2335565,1,1,1,0,0,0,1
2336451,1,1,1,0,0,0,1
2336857,1,1,1,1,0,0,1
2336901,0,0,0,0,0,0,1
2337612,1,1,1,0,0,0,1
2338354,1,1,1,0,0,0,1
2338783,1,1,1,0,0,0,1
2339092,1,1,1,0,0,0,0
2339257,1,1,0,0,0,0,1
2339441,1,1,1,1,0,0,1
2339750,1,1,0,0,0,0,1
2339868,1,0,0,0,0,0,1
2340005,0,0,0,0,0,0,1
2340653,1,1,0,0,0,0,1
2340695,1,1,1,0,0,0,1
2340808,1,1,1,1,0,0,1
2340877,1,1,0,0,0,0,1
2341546,1,1,1,1,0,0,1
2342380,1,1,0,0,0,0,1
2342525,1,1,1,0,0,0,1
2343407,1,1,1,1,0,0,1
2343594,1,1,1,0,0,0,1
2344309,1,1,1,0,0,0,1
2344931,1,1,1,1,1,1,0
2345380,1,1,1,0,0,0,1
2345545,1,1,0,0,0,0,1
2346094,1,1,1,0,0,0,1
2346355,1,0,0,0,0,0,1
2346588,1,1,1,0,0,0,1
2346804,1,1,1,0,0,0,1
2346945,1,1,1,0,0,0,1
2347393,1,1,1,0,0,0,1
2348737,1,1,1,0,0,0,1
2348755,1,1,1,0,0,0,1
2348776,1,1,1,0,0,0,1
2348795,0,0,0,0,0,0,1
2348816,0,0,0,0,0,0,1
2349265,1,1,1,0,0,0,1
2349932,1,1,1,1,0,0,1
2350384,1,0,0,0,0,0,1
2350454,1,1,1,0,0,0,1
2350979,1,1,1,0,0,0,1
2351046,1,0,0,0,0,0,1
2351522,0,0,0,0,0,0,1
2351660,1,1,1,0,0,0,1
2351804,1,1,1,0,0,0,1
2351989,1,1,1,0,0,0,1
2352176,1,0,0,0,0,0,1
2352581,1,0,0,0,0,0,1
2352626,1,1,1,0,0,0,1
2353102,1,0,0,0,0,0,1
2353149,1,1,1,1,1,1,0
2353452,1,1,1,1,0,0,1
2353857,1,1,1,0,0,0,1
2354045,0,0,0,0,0,0,1
2354569,1,0,0,0,0,0,1
2354588,1,1,1,0,0,0,1
2354683,1,1,1,0,0,0,1
2354800,1,1,1,0,0,0,1
2355536,1,1,0,0,0,0,1
2355797,1,1,1,0,0,0,1
2356060,1,1,1,1,0,0,1
2356150,1,1,1,0,0,0,1
2356555,1,1,1,1,0,0,1
2357004,1,1,0,0,0,0,1
2357434,1,1,0,0,0,0,1
2357480,1,1,0,0,0,0,1
2357641,1,1,1,1,0,0,1
2357905,1,1,1,0,0,1,1
2358281,1,0,0,0,0,0,1
2358304,1,1,1,0,0,0,1
2358874,1,0,0,0,0,0,1
2358944,1,0,0,0,0,0,1
2359584,1,1,1,0,0,0,1
2359943,1,1,1,0,0,0,1
2360300,1,1,1,1,0,0,1
2360700,1,1,1,0,0,0,1
2360794,1,1,1,0,0,0,1
2361125,1,1,1,1,0,0,1
2361387,1,0,0,0,0,0,1
2361958,1,1,1,1,0,0,1
2362457,1,1,1,1,0,0,1
2362476,1,1,1,0,0,0,1
2362500,1,1,1,0,0,0,1
2362903,1,1,1,0,0,0,1
2363617,1,1,1,0,0,0,1
2363927,1,1,0,0,0,0,1
2363946,1,1,1,0,0,0,1
2363988,1,1,0,0,0,0,1
2364445,1,1,1,0,0,0,1
2365449,1,1,1,1,0,0,1
2365729,1,1,1,1,0,0,1
2366206,1,1,0,0,0,0,1
2366251,1,1,1,0,0,0,1
2366388,1,1,0,0,0,0,1
2366578,0,0,0,0,0,0,1
2367393,1,1,1,1,0,0,1
2368253,1,1,0,0,0,0,1
2368703,1,1,1,1,0,0,1
2368889,1,1,1,1,0,0,1
2369150,1,1,1,0,0,0,1
2369216,1,1,1,1,0,0,1
2369287,1,1,0,0,0,0,1
2369644,1,1,1,0,0,0,0
2369713,1,1,1,0,0,0,1
2369757,0,0,0,0,0,0,1
2370229,1,1,1,0,0,0,1
2370232,1,0,0,0,0,0,1
2370941,1,0,0,0,0,0,1
2370962,1,1,1,0,0,0,1
2371103,1,1,1,0,0,0,1
2371196,1,1,1,0,0,0,1
2371385,1,1,1,0,0,0,1
2371544,1,1,1,1,0,0,1
2371588,0,0,0,0,0,0,1
2371660,1,0,0,0,0,0,1
2371678,1,1,1,1,0,0,1
2372420,1,0,0,0,0,0,1
2372893,1,1,1,0,0,0,1
2372963,1,1,1,1,0,0,1
2373534,1,1,1,1,0,0,1
2373725,1,1,1,1,0,0,1
2373933,1,1,1,0,0,0,1
2374816,1,1,1,0,0,0,1
2374861,1,1,1,1,0,0,1
2375386,1,0,0,0,0,0,1
2376609,1,1,1,0,0,0,1
2376986,1,1,1,1,0,0,1
2377273,0,0,0,0,0,0,1
2377818,1,1,1,0,0,0,1
2378485,1,1,1,1,0,0,1
2379465,1,1,1,0,0,0,1
2379584,1,1,1,0,0,0,0
2380131,1,1,1,0,0,0,0
2381254,1,1,1,1,0,0,1
2381372,1,1,1,0,0,0,1
2381413,1,1,1,1,0,0,1
2381891,1,1,1,0,0,0,1
2381980,1,1,1,1,0,0,0
2381982,1,1,1,1,0,0,1
2382192,1,1,1,0,0,0,1
2382236,0,0,0,0,0,0,1
2382589,1,1,0,0,0,0,1
2382608,1,0,0,0,0,0,1
2382774,1,1,0,0,0,0,1
2382776,1,1,0,0,0,0,1
2382863,1,1,1,1,0,0,1
2383220,0,0,0,0,0,0,1
2383407,1,1,0,0,0,0,1
2383520,1,1,1,0,0,0,1
2383757,1,1,1,0,0,0,1
2384020,1,1,0,0,0,0,1
2384327,1,1,1,0,0,0,1
2384397,1,1,1,0,0,0,0
2384510,1,1,1,1,0,0,1
2384529,1,1,0,0,0,0,1
2384768,1,1,1,0,0,0,1
2384955,1,1,0,0,0,0,1
2385045,0,0,0,0,0,0,1
2385092,0,0,0,0,0,0,1
2385185,1,1,1,0,0,0,1
2385202,1,1,1,0,0,0,1
2385605,1,0,0,0,0,0,1
2385890,1,0,0,0,0,0,1
2385936,1,1,1,0,0,0,1
2386147,1,1,1,1,0,0,1
2387390,1,1,1,0,0,0,1
2388155,1,1,1,0,0,0,1
2388919,1,0,0,0,0,0,1
2389081,1,1,1,0,0,0,1
2389607,1,1,0,0,0,0,1
2389651,0,0,0,0,0,0,1
2390245,1,1,1,0,0,0,1
2390648,1,1,1,0,0,0,0
2390789,1,0,0,0,0,0,1
2391216,1,0,0,0,0,0,1
2391333,1,1,0,0,0,0,1
2392341,1,1,0,0,0,0,0
2392740,1,1,1,0,0,0,1
2393100,1,1,1,0,0,1,0
2393525,1,1,1,0,0,0,1
2393645,1,1,1,1,0,0,1
2393808,1,0,0,0,0,0,1
2393995,1,1,1,1,0,0,1
2394061,1,0,0,0,0,0,1
2394248,1,1,1,0,0,0,1
2394534,1,1,1,0,0,0,0
2394581,1,1,1,0,0,0,1
2394648,1,1,1,0,0,0,1
2394930,1,0,0,0,0,0,1
2394974,0,0,0,0,0,0,1
2395403,1,1,1,0,0,0,1
2395951,1,1,0,0,0,0,1
2396907,1,1,1,1,0,0,1
2396948,1,1,1,0,0,0,1
2396953,1,1,1,0,0,0,1
2397494,1,1,1,0,0,0,1
2397516,1,1,1,1,0,0,1
2397560,0,0,0,0,0,0,1
2398249,1,1,1,1,0,0,1
2398511,1,1,1,0,0,0,1
2399371,1,1,1,0,0,0,1
2399581,1,1,1,1,0,0,1
2401043,1,1,1,0,0,0,1
2401045,1,1,1,1,0,0,1
2401467,0,0,0,0,0,0,1
2401561,0,0,0,0,0,0,1
2401676,1,1,1,0,0,0,1
2402221,1,1,1,0,0,0,1
2403587,1,1,1,0,0,0,1
2403749,1,1,1,0,0,0,1
2403915,0,0,0,0,0,0,1
2403917,1,1,1,0,0,0,1
2404096,1,1,1,1,0,0,0
2404646,1,1,1,0,0,0,0
2404649,1,1,0,0,0,0,1
2404660,1,0,0,0,0,0,1
2404707,1,0,0,0,0,0,1
2404776,1,1,1,0,0,0,1
2404938,0,0,0,0,0,0,1
2405197,1,1,1,0,0,0,1
2405242,0,0,0,0,0,0,1
2405380,1,0,0,0,0,0,1
2405549,1,0,0,0,0,0,1
2405566,0,0,0,0,0,0,1
2405801,1,0,0,0,0,0,1
2406180,1,0,0,0,0,0,1
2406754,1,1,1,1,0,0,1
2407566,1,1,1,0,0,0,1
2408091,1,1,1,0,0,0,1
2408158,1,0,0,0,0,0,1
2409691,1,1,1,0,0,0,1
2411103,1,1,1,0,0,0,1
2411120,1,1,1,0,0,0,1
2411934,1,1,1,0,0,0,1
2411936,1,1,1,0,0,0,0
2412334,0,0,0,0,0,0,1
2412568,1,1,1,0,0,1,1
2412713,1,1,1,0,0,0,0
2412876,1,0,0,0,0,0,1
2412916,0,0,0,0,0,0,1
2412961,1,1,1,1,0,0,0
2413201,0,0,0,0,0,0,1
2413264,0,0,0,0,0,0,1
2413285,0,0,0,0,0,0,1
2413304,0,0,0,0,0,0,1
2413518,1,1,0,0,0,0,1
2413656,0,0,0,0,0,0,1
2413968,1,1,0,0,0,0,1
2414104,1,0,0,0,0,0,1
2414319,1,1,0,0,0,0,1
2414700,0,0,0,0,0,0,1
2414889,1,1,0,0,0,0,1
2415002,1,1,0,0,0,0,1
2415263,1,1,0,0,0,0,1
2415306,0,0,0,0,0,0,1
2415309,1,0,0,0,0,0,1
2415875,0,0,0,0,0,0,1
2416229,1,1,1,0,0,1,1
2416299,1,0,0,0,0,0,1
2416342,1,0,0,0,0,0,1
2416651,0,0,0,0,0,0,1
2416693,0,0,0,0,0,0,1
2416714,0,0,0,0,0,0,1
2417289,1,1,1,0,0,0,1
2417307,0,0,0,0,0,0,1
2417759,0,0,0,0,0,0,1
2417781,0,0,0,0,0,0,1
2417896,1,1,0,0,0,0,1
2417960,1,1,1,1,0,0,1
2418005,1,1,1,0,0,0,1
2418554,1,1,1,0,0,0,1
2418555,1,1,0,0,0,0,1
2419052,0,0,0,0,0,0,1
2419526,1,1,1,1,0,0,1
2419593,1,1,0,0,0,0,1
2419612,1,1,1,0,0,0,1
2419683,1,1,1,0,0,0,1
2420037,1,0,0,0,0,0,1
2420059,1,0,0,0,0,0,1
2420148,1,0,0,0,0,0,1
2420269,1,1,1,0,0,0,1
2420504,1,1,0,0,0,0,1
2420784,1,0,0,0,0,0,1
2420927,1,1,0,0,0,0,1
2420996,1,0,0,0,0,0,1
2421348,1,0,0,0,0,0,1
2421516,1,0,0,0,0,0,1
2421517,1,1,1,0,0,0,1
2421892,0,0,0,0,0,0,1
2422196,1,1,0,0,0,0,1
2422528,0,0,0,0,0,0,1
2422597,1,1,1,0,0,0,1
2422692,1,0,0,0,0,0,1
2422852,0,0,0,0,0,0,1
2422945,0,0,0,0,0,0,1
2423017,1,1,0,0,0,0,1
2423130,1,1,1,0,0,0,1
2423364,1,0,0,0,0,0,1
2423389,0,0,0,0,0,0,1
2423576,1,1,1,0,0,0,1
2423837,0,0,0,0,0,0,1
2423853,1,1,1,0,0,0,1
2424404,0,0,0,0,0,0,1
2424518,1,1,1,0,0,0,1
2424589,1,0,0,0,0,0,1
2424749,1,1,1,0,0,0,1
2425132,1,0,0,0,0,0,1
2425222,1,0,0,0,0,0,1
2425605,1,0,0,0,0,0,1
2425765,1,1,0,0,0,0,1
2425788,1,0,0,0,0,0,1
2426142,1,1,0,0,0,0,1
2426717,1,0,0,0,0,0,1
2427718,1,1,1,0,0,0,1
2427720,1,1,1,0,0,0,1
2428023,1,1,1,0,0,0,0
2428260,1,0,0,0,0,0,1
2428470,1,1,1,0,0,0,1
2429306,1,0,0,0,0,0,1
2429350,0,0,0,0,0,0,1
2429612,1,1,0,0,0,0,1
2429679,1,1,1,0,0,0,1
2429793,1,0,0,0,0,0,1
2429886,1,0,0,0,0,0,1
2430196,1,0,0,0,0,0,1
2430263,1,0,0,0,0,0,1
2430472,0,0,0,0,0,0,0
2430542,1,0,0,0,0,0,1
2430705,1,1,0,0,0,0,1
2430824,1,0,0,0,0,0,1
2430843,1,1,0,0,0,0,1
2431198,1,0,0,0,0,0,1
2431363,1,0,0,0,0,0,1
2431407,0,0,0,0,0,0,1
2432097,1,1,0,0,0,0,1
2432215,1,1,0,0,0,0,1
2432596,1,1,0,0,0,0,1
2432732,1,1,1,0,0,0,1
2432922,1,1,0,0,0,0,1
2433351,1,0,0,0,0,0,1
2433656,1,1,0,0,0,0,1
2433825,1,1,1,0,0,0,0
2433868,1,1,1,0,0,0,1
2433983,1,1,0,0,0,0,1
2434313,1,1,1,1,0,0,1
2434601,1,1,1,0,0,0,1
2434928,1,1,1,0,0,0,1
2435432,1,1,1,0,0,0,1
2435785,1,1,0,0,0,0,1
2435902,1,0,0,0,0,0,1
2436237,1,1,1,0,0,0,1
2436253,1,0,0,0,0,0,1
2436634,1,1,0,0,0,0,1
2436656,1,1,1,0,0,0,1
2436821,1,1,0,0,0,0,1
2437029,1,1,0,0,0,0,1
2437533,1,1,0,0,0,0,1
2437622,1,1,0,0,0,0,1
2438053,1,0,0,0,0,0,1
2438213,1,1,0,0,0,0,1
2439601,1,1,0,0,0,0,1
2439840,1,1,0,0,0,0,1
2440077,1,1,1,0,0,0,1
2440500,1,1,0,0,0,0,1
2440544,0,0,0,0,0,0,1
2440761,1,0,0,0,0,0,1
2440801,1,1,0,0,0,0,1
2440803,1,1,1,0,0,0,1
2441321,0,0,0,0,0,0,1
2441340,1,0,0,0,0,0,1
2441343,0,0,0,0,0,0,1
2441502,1,1,1,0,0,0,1
2441856,1,0,0,0,0,0,1
2441903,1,0,0,0,0,0,1
2442162,1,0,0,0,0,0,1
2442613,1,1,1,0,0,0,1
2442684,1,1,1,0,0,0,1
2443012,1,0,0,0,0,0,1
2443085,1,1,1,0,0,0,1
2443558,1,0,0,0,0,0,1
2444104,0,0,0,0,0,0,1
2444199,1,1,1,0,0,0,1
2444313,1,1,0,0,0,0,1
2444814,1,1,0,0,0,0,1
2444880,1,1,0,0,0,0,1
2444881,1,0,0,0,0,0,1
2445520,0,0,0,0,0,0,1
2445525,1,1,1,0,0,0,1
2445657,0,0,0,0,0,0,1
2445726,1,0,0,0,0,0,1
2445771,1,1,1,0,0,0,1
2446129,1,0,0,0,0,0,1
2446265,0,0,0,0,0,0,1
2446334,0,0,0,0,0,0,1
2446547,0,0,0,0,0,0,1
2446641,0,0,0,0,0,0,1
2446681,0,0,0,0,0,0,1
2446750,0,0,0,0,0,0,1
2446984,1,1,1,0,0,0,1
2447150,0,0,0,0,0,0,1
2447195,0,0,0,0,0,0,1
2447623,1,0,0,0,0,0,1
2447689,1,1,0,0,0,0,1
2447926,1,1,1,0,0,0,1
2448213,1,0,0,0,0,0,1
2448375,1,1,0,0,0,0,1
2448561,1,1,1,0,0,0,1
2448798,1,0,0,0,0,0,1
2448960,1,1,1,0,0,0,1
2449004,0,0,0,0,0,0,1
2449530,1,0,0,0,0,0,1
2449531,1,0,0,0,0,0,1
2449764,0,0,0,0,0,0,0
2449765,1,1,1,0,0,0,1
2449922,0,0,0,0,0,0,1
2449965,1,1,1,0,0,0,1
2450515,1,0,0,0,0,0,1
2450944,0,0,0,0,0,0,1
2450986,1,1,1,0,0,0,1
2450989,1,1,1,0,0,0,1
2451072,1,0,0,0,0,0,1
2451285,1,1,1,0,0,0,1
2451287,1,0,0,0,0,0,1
2451448,1,0,0,0,0,0,1
2451464,0,0,0,0,0,0,1
2451486,0,0,0,0,0,0,1
2451817,1,0,0,0,0,0,1
2451983,1,1,0,0,0,0,1
2452245,1,0,0,0,0,0,1
2452285,1,0,0,0,0,0,1
2453458,1,0,0,0,0,0,1
2453477,0,0,0,0,0,0,1
2453523,1,0,0,0,0,0,1
2453545,1,0,0,0,0,0,1
2453876,1,0,0,0,0,0,1
2453917,1,0,0,0,0,0,1
2453961,0,0,0,0,0,0,1
2454102,1,0,0,0,0,0,1
2454103,1,0,0,0,0,0,1
2454145,0,0,0,0,0,0,1
2454667,1,0,0,0,0,0,1
2454708,1,1,1,0,0,0,1
2454781,0,0,0,0,0,0,1
2455159,0,0,0,0,0,0,1
2455925,0,0,0,0,0,0,1
2456087,1,0,0,0,0,0,1
2456444,1,0,0,0,0,0,1
2456918,1,1,1,0,0,0,1
2457299,0,0,0,0,0,0,1
2457366,0,0,0,0,0,0,1
2457649,1,0,0,0,0,0,1
2457745,1,0,0,0,0,0,1
2458147,1,0,0,0,0,0,1
2458216,1,1,1,1,0,0,1
2458304,1,0,0,0,0,0,1
2458309,1,0,0,0,0,0,1
2458370,1,1,1,0,0,0,1
2458680,1,0,0,0,0,0,1
2458864,1,0,0,0,0,0,1
2458886,1,0,0,0,0,0,1
2459601,1,0,0,0,0,0,1
2459767,1,1,1,0,0,0,1
2460314,1,1,1,0,0,0,1
2461149,1,0,0,0,0,0,1
2461341,1,1,1,0,0,0,1
2461478,0,0,0,0,0,0,1
2461548,1,1,1,0,0,0,1
2461925,1,1,1,0,0,0,1
2462642,1,1,1,0,0,0,1
2463409,1,1,1,0,0,0,1
2464125,1,0,0,0,0,0,1
2464264,1,1,1,0,0,0,1
2464378,1,1,1,0,0,0,1
2465452,1,1,1,0,0,0,1
2465496,0,0,0,0,0,0,1
2465589,1,1,1,0,0,0,1
2465636,1,1,1,0,0,0,1
2465940,0,0,0,0,0,0,1
2465989,1,1,1,1,0,0,1
2466919,1,1,1,1,0,0,0
2467181,1,1,1,1,0,0,1
2467825,1,0,0,0,0,0,1
2468754,1,1,1,0,0,1,1
2469036,1,1,1,0,0,0,1
2469229,1,1,1,0,0,0,1
2469341,1,1,1,0,0,0,1
2469555,1,1,1,1,0,0,1
2469646,1,0,0,0,0,0,1
2469861,1,1,1,0,0,0,1
2470094,1,0,0,0,0,0,1
2470139,1,0,0,0,0,0,1
2470232,1,1,1,1,0,0,1
2470369,1,1,1,0,0,0,1
2470895,1,0,0,0,0,0,1
2471708,1,1,1,0,0,0,1
2472158,1,1,1,1,0,0,1
2472608,1,1,1,0,0,0,1
2472613,1,1,1,0,0,0,1
2472769,1,1,1,0,0,0,1
2472814,1,1,1,0,0,0,1
2472815,1,1,1,0,0,0,1
2473384,1,0,0,0,0,0,1
2473811,1,1,1,0,0,0,1
2474261,1,1,1,0,0,0,1
2474717,1,1,1,0,0,0,1
2475596,1,1,1,1,0,0,1
2475689,1,0,0,0,0,0,1
2475881,1,1,1,0,0,0,1
2475971,1,1,1,0,0,0,1
2476184,1,1,1,0,0,0,1
2476656,1,1,1,0,0,0,1
2476968,1,1,1,1,0,0,1
2477083,1,1,1,0,0,0,1
2477485,1,1,1,0,0,0,1
2477533,1,1,1,1,0,0,1
2479084,1,1,1,0,0,1,1
2479705,1,1,1,0,0,0,1
2479728,1,1,1,0,0,1,1
2479962,1,1,1,0,0,0,0
2480057,1,1,1,1,0,0,1
2480267,1,1,1,1,0,0,1
2480428,1,1,1,0,0,0,1
2480690,1,1,1,0,0,0,1
2481213,1,1,1,0,0,0,1
2482221,1,1,1,0,0,0,1
2482740,1,1,1,0,0,0,1
2483771,1,1,1,1,0,0,1
2483961,1,1,1,0,0,0,1
2484651,1,1,1,0,0,0,1
2484670,1,1,1,1,0,0,1
2484904,1,1,1,0,0,0,1
2485841,1,1,1,0,0,0,1
2486892,1,1,1,0,0,1,0
2487247,1,1,1,0,0,0,1
2487529,1,1,1,0,0,0,1
2488201,1,1,1,1,0,0,1
2488364,1,1,1,1,0,0,1
2488526,1,1,1,1,0,0,1
2489292,1,1,1,0,0,0,1
2489597,1,1,1,0,0,0,1
2490529,1,1,1,0,0,0,1
2490767,1,1,1,1,0,0,1
2490788,1,1,1,0,0,0,1
2491577,1,1,1,1,0,0,1
2491785,1,1,1,0,0,0,1
2492068,1,1,1,0,0,0,0
2492546,1,1,1,0,0,0,1
2492641,1,1,1,1,0,0,1
2492851,1,1,1,1,0,0,1
2493205,1,1,1,0,0,0,1
2493346,1,1,1,1,0,0,1
2493484,1,1,1,1,0,0,1
2493651,1,1,1,1,0,0,1
2493672,1,1,1,0,0,0,1
2493738,0,0,0,0,0,0,1
2494193,1,1,1,0,0,0,1
2494475,1,1,1,0,0,0,1
2494592,1,1,1,0,0,0,1
2494733,1,0,0,0,0,0,1
2494845,1,1,1,1,0,0,1
2495104,1,1,1,1,0,0,1
2495486,1,1,1,0,0,0,1
2495725,1,1,1,1,1,1,0
2495740,1,1,0,0,0,0,1
2495882,0,0,0,0,0,0,1
2496264,1,1,1,0,0,0,1
2496304,1,0,0,0,0,0,1
2496879,1,0,0,0,0,0,1
2496924,1,0,0,0,0,0,1
2497593,1,1,0,0,0,0,1
2497873,1,1,1,1,0,0,1
2498349,1,0,0,0,0,0,1
2498560,1,1,1,1,0,0,1
2498777,1,1,1,1,0,0,1
2498984,1,0,0,0,0,0,1
2499031,1,1,1,1,0,0,1
2499217,0,0,0,0,0,0,1
2499310,1,1,1,0,0,0,1
2499595,1,0,0,0,0,0,1
2499904,1,1,1,0,0,0,1
2500209,1,1,1,0,0,0,1
2500614,1,1,1,1,0,0,1
2500615,1,1,1,1,0,0,1
2501542,1,0,0,0,0,0,1
2501563,1,1,1,1,0,0,1
2501701,1,1,1,1,0,0,1
2501724,1,1,1,0,0,0,1
2501980,1,1,1,1,0,0,1
2502293,1,1,1,0,0,0,1
2502720,1,1,1,1,0,0,1
2502882,1,1,1,0,0,0,1
2503404,1,1,1,0,0,0,1
2503548,1,1,1,1,0,0,1
2504527,1,1,1,0,0,0,1
2505100,1,1,1,0,0,0,1
2505741,1,1,1,0,0,0,1
2505885,1,1,1,1,0,0,1
2506620,1,1,1,1,0,0,1
2506882,1,1,1,1,0,0,1
2507216,1,1,1,0,0,0,1
2507592,1,0,0,0,0,0,1
2507953,1,1,1,0,0,0,1
2508090,1,0,0,0,0,0,1
2508108,1,0,0,0,0,0,1
2508276,1,1,1,1,0,0,1
2509423,1,1,1,1,0,0,1
2509442,1,1,1,1,0,0,1
2509680,1,1,1,0,0,0,1
2510345,1,1,1,1,0,0,1
2510630,1,1,1,0,0,0,1
2511081,1,1,1,0,0,0,1
2511246,1,1,1,0,0,0,1
2511317,1,1,1,1,0,0,1
2511336,1,1,1,0,0,0,1
2511499,1,1,1,1,0,0,1
2511781,1,1,1,1,0,0,1
2512112,1,1,1,0,0,0,1
2513213,1,1,1,1,0,0,1
2513235,1,1,1,1,0,0,1
2513372,1,1,1,1,0,0,1
2513562,1,1,1,1,0,0,1
2513753,1,1,1,0,0,0,1
2513797,0,0,0,0,0,0,1
2513980,1,0,0,0,0,0,1
2514169,1,1,1,0,0,0,1
2514551,1,0,0,0,0,0,1
2514645,1,1,1,1,0,0,1
2514950,1,1,1,0,0,0,1
2515092,1,1,1,1,0,0,1
2515108,1,1,1,0,0,0,1
2515227,1,0,0,0,0,0,1
2515748,1,1,0,0,0,0,1
2515890,1,1,1,0,0,0,1
2515936,1,1,1,0,0,0,1
2516049,1,1,1,1,0,0,1
2516215,1,1,1,1,0,0,1
2516618,1,1,1,0,0,0,1
2516904,1,1,1,0,0,0,1
2516969,1,1,1,0,0,0,1
2516991,1,1,1,0,0,0,1
2517056,1,1,1,0,0,0,1
2517100,0,0,0,0,0,0,1
2517509,1,1,1,0,0,0,1
2517792,1,1,1,0,0,0,1
2517809,1,1,1,1,0,0,1
2518504,1,1,1,0,0,0,1
2518545,1,1,1,1,0,0,1
2518567,1,1,1,1,0,0,1
2518569,1,1,1,1,0,0,1
2518609,0,0,0,0,0,0,1
2518650,1,1,1,1,0,0,1
2518908,1,1,1,1,0,0,1
2519217,1,1,1,0,0,0,1
2519220,1,1,1,0,0,0,1
2519571,1,1,1,1,0,0,1
2519950,1,1,1,0,0,0,1
2520188,1,1,1,0,0,0,1
2520207,1,1,1,0,0,0,1
2520272,1,1,1,0,0,0,1
2520630,1,1,1,0,0,0,1
2520891,1,1,1,0,0,0,1
2520984,1,1,1,0,0,0,1
2521024,1,1,1,0,0,0,1
2521983,1,1,1,0,0,0,1
2522048,1,1,1,0,0,0,1
2522286,1,1,1,1,0,0,1
2522288,1,1,1,1,0,0,1
2522759,1,1,1,0,0,0,1
2523165,1,1,1,1,0,0,1
2523567,1,1,1,0,0,0,1
2523708,1,1,1,1,0,0,1
2524471,1,1,1,0,0,0,1
2524472,1,1,1,0,0,0,1
2525112,1,0,0,0,0,0,1
2525541,1,1,1,0,0,0,1
2525724,1,1,1,1,0,0,1
2526345,1,1,1,0,0,1,0
2526654,1,1,1,0,0,0,1
2526768,1,1,1,1,0,0,1
2526812,0,0,0,0,0,0,1
2526835,1,1,1,1,0,0,1
2527214,1,1,0,0,0,0,1
2527428,1,1,1,1,0,0,1
2527612,1,1,1,0,0,0,1
2528018,1,1,1,1,0,0,1
2528041,1,1,1,1,0,0,1
2528058,0,0,0,0,0,0,1
2528081,0,0,0,0,0,0,1
2528316,1,1,1,1,0,0,1
2528476,1,1,1,0,0,0,1
2528479,1,1,1,1,0,0,1
2529071,1,1,1,0,0,0,1
2529073,1,1,1,0,0,0,1
2529446,1,1,1,1,0,0,1
2529704,1,1,1,1,0,0,1
2529729,1,1,1,0,0,0,1
2530012,1,1,1,0,0,0,1
2530247,1,1,1,1,0,0,1
2530552,1,1,1,0,0,0,1
2530598,1,1,1,1,0,0,1
2531218,1,0,0,0,0,0,1
2531380,1,1,1,0,0,0,1
2531811,1,1,1,0,0,0,1
2532404,1,1,1,1,0,0,1
2532475,1,1,1,0,0,0,1
2532904,1,1,1,0,0,0,1
2533040,1,0,0,0,0,0,1
2533305,1,1,1,1,0,0,1
2533441,1,1,1,0,0,0,0
2534036,1,1,1,0,0,0,1
2534325,1,1,1,0,0,0,1
2535326,1,1,1,0,0,0,1
2535445,1,1,1,1,0,0,1
2535774,1,0,0,0,0,0,1
2536993,1,1,1,1,0,0,1
2537300,1,1,1,1,0,0,1
2537874,1,1,0,0,0,0,1
2538037,1,1,1,0,0,0,1
2538301,1,1,1,1,0,0,1
2538729,1,0,0,0,0,0,1
2539152,1,1,1,0,0,0,1
2539196,0,0,0,0,0,0,1
2539627,1,1,1,0,0,0,0
2540052,1,1,1,0,0,0,1
2540056,1,1,1,0,0,0,0
2540121,1,1,1,0,0,0,1
2541264,1,1,1,1,0,0,1
2541361,1,1,1,0,0,0,1
2541715,1,1,1,1,0,0,1
2541760,1,1,1,1,0,0,1
2541824,1,1,0,0,0,0,1
2542735,1,1,1,0,0,0,1
2542754,1,1,1,1,0,0,1
2543088,1,1,1,1,0,0,1
2543491,1,1,1,0,0,0,1
2543558,1,1,1,0,0,0,1
2543696,1,1,1,1,0,0,1
2544320,1,1,1,0,0,0,1
2544480,1,1,1,0,0,0,1
2545124,1,0,0,0,0,0,1
2545169,1,1,1,0,0,1,0
2545504,1,1,1,0,0,0,1
2545762,1,1,1,1,0,0,1
2546140,1,1,0,0,0,0,1
2546211,1,1,1,0,0,0,1
2546329,1,1,1,1,0,0,1
2547018,1,1,1,1,0,0,1
2547060,1,1,1,0,0,0,1
2547104,0,0,0,0,0,0,1
2547175,1,1,1,1,0,0,1
2547177,1,1,1,0,0,0,1
2547408,1,1,1,0,0,0,1
2547688,1,1,1,0,0,0,1
2547758,1,0,0,0,0,0,1
2548164,1,1,1,1,0,0,1
2548519,1,1,1,1,0,0,1
2548921,1,1,1,1,0,0,1
2549113,1,1,1,1,0,0,1
2549227,1,1,1,1,0,0,1
2549245,0,0,0,0,0,0,1
2549725,1,1,1,0,0,0,1
2550005,1,1,0,0,0,0,1
2550315,1,1,0,0,0,0,1
2550697,1,1,1,0,0,0,1
2552057,1,1,1,0,0,0,1
2552292,1,1,1,1,0,0,1
2552844,1,1,1,1,0,0,1
2553151,1,1,1,1,0,0,1
2553408,1,1,1,1,0,0,1
2554078,1,1,1,1,1,1,0
2555248,1,1,1,1,0,0,1
2555271,1,1,1,1,0,0,1
2555315,0,0,0,0,0,0,1
2555361,1,1,1,1,0,0,1
2555405,0,0,0,0,0,0,1
2556189,1,1,1,1,0,0,1
2556499,1,1,1,0,0,0,1
2557119,1,1,0,0,0,0,1
2557354,1,1,1,1,0,0,1
2557758,1,0,0,0,0,0,1
2558330,1,0,0,0,0,0,1
2558567,1,1,1,0,0,0,1
2558609,1,1,1,1,0,0,1
2558772,1,1,1,1,0,0,1
2559274,1,1,1,1,0,0,1
2559364,1,1,0,0,0,0,1
2559673,1,1,1,0,0,0,1
2559743,1,1,1,0,0,0,1
2559980,1,1,1,1,0,0,0
2560190,1,1,0,0,0,0,1
2560400,1,1,1,1,0,0,1
2560567,0,0,0,0,0,0,1
2560948,1,1,1,1,0,0,1
2561156,1,1,0,0,0,0,1
2561538,1,1,1,0,0,0,1
2562545,1,1,1,1,0,0,0
2562827,1,1,1,1,0,0,1
2563780,1,1,1,0,0,0,1
2564980,1,1,1,0,0,0,1
2565073,1,1,1,0,0,0,1
2565501,1,0,0,0,0,0,1
2565760,0,0,0,0,0,0,1
2566328,1,1,1,1,0,0,1
2566400,1,0,0,0,0,0,1
2566825,1,1,1,1,0,0,0
2566988,1,1,0,0,0,0,1
2567301,1,1,1,0,0,0,1
2567633,0,0,0,0,0,0,1
2568033,1,1,1,0,0,0,1
2568441,1,1,1,0,0,0,1
2568698,1,1,1,0,0,0,0
2569436,1,1,1,0,0,0,1
2569438,1,1,1,0,0,0,1
2569648,1,1,1,1,0,0,1
2569979,0,0,0,0,0,0,0
2570094,1,1,0,0,0,0,1
2570160,1,1,1,0,0,0,1
2570854,1,1,1,1,0,0,1
2571381,1,1,1,1,0,0,1
2571688,1,1,1,1,0,0,1
2572568,1,1,1,0,0,0,1
2572593,0,0,0,0,0,0,1
2573018,1,1,1,0,0,0,1
2573062,0,0,0,0,0,0,1
2573276,1,1,1,1,0,0,1
2573681,1,1,1,0,0,0,1
2575185,1,1,1,1,0,0,0
2575230,1,1,1,1,0,0,1
2575253,1,1,1,0,0,0,1
2575630,0,0,0,0,0,0,1
2575963,1,1,1,1,0,0,1
2576892,1,1,1,1,0,0,1
2576989,1,1,1,1,0,0,1
2577125,1,1,1,1,0,0,1
2577913,1,1,1,0,0,0,1
2577984,1,1,1,0,0,0,1
2578484,1,0,0,0,0,0,1
2578716,1,1,1,0,0,0,1
2579459,1,1,1,1,0,0,1
2579549,1,1,1,0,0,0,1
2580193,1,0,0,0,0,0,1
2580214,1,1,1,1,0,0,1
2580333,1,1,1,1,0,0,1
2580878,1,1,0,0,0,0,1
2581764,1,1,1,1,0,0,1
2581780,1,1,1,1,0,0,1
2581945,1,1,1,1,0,0,1
2581991,1,1,1,0,0,0,1
2582013,1,1,1,0,0,0,1
2582292,1,0,0,0,0,0,1
2582434,1,1,1,1,0,0,1
2582621,1,1,0,0,0,0,1
2582668,1,1,1,0,0,0,1
2582855,0,0,0,0,0,0,1
2582949,1,0,0,0,0,0,1
2583109,1,0,0,0,0,0,1
2583156,1,0,0,0,0,0,1
2583270,0,0,0,0,0,0,1
2583389,1,0,0,0,0,0,1
2583433,0,0,0,0,0,0,1
2583547,1,1,1,0,0,0,1
2583566,1,0,0,0,0,0,1
2583850,0,0,0,0,0,0,1
2584160,1,1,1,0,0,0,1
2584253,0,0,0,0,0,0,1
2584440,0,0,0,0,0,0,1
2584576,1,1,1,0,0,0,1
2584743,1,1,1,0,0,0,1
2585001,1,1,1,0,0,0,1
2585045,0,0,0,0,0,0,1
2585048,0,0,0,0,0,0,1
2585588,1,1,1,0,0,0,1
2585780,1,1,1,0,0,0,1
2585964,1,0,0,0,0,0,1
2585967,1,1,1,1,0,0,1
2586007,0,0,0,0,0,0,1
2586077,1,1,1,1,0,0,1
2586309,1,1,1,0,0,0,1
2586448,1,0,0,0,0,0,1
2586709,1,0,0,0,0,0,1
2586732,1,1,1,0,0,0,1
2587375,1,1,1,0,0,0,1
2587516,1,1,1,0,0,0,1
2587653,1,0,0,0,0,0,1
2588277,1,1,1,0,0,0,1
2589279,1,1,1,1,0,0,1
2589373,1,1,1,0,0,0,1
2589655,0,0,0,0,0,0,1
2590008,1,1,1,0,0,0,1
2590248,1,1,1,1,0,0,1
2590435,1,1,1,0,0,0,1
2590452,1,0,0,0,0,0,1
2590740,1,0,0,0,0,0,1
2590741,1,1,1,0,0,0,1
2590946,0,0,0,0,0,0,0
2591253,1,1,1,0,0,0,1
2591900,1,1,1,0,0,0,1
2592374,1,1,1,0,0,0,1
2592753,1,1,1,0,0,0,1
2592796,1,1,1,0,0,0,1
2593227,1,1,1,0,0,0,1
2593246,1,1,1,0,0,0,1
2593268,1,1,1,0,0,0,1
2593452,1,0,0,0,0,0,1
2593477,1,1,1,0,0,0,1
2593542,0,0,0,0,0,0,1
2593588,0,0,0,0,0,0,1
2593701,1,1,1,0,0,0,1
2594008,1,0,0,0,0,0,1
2594318,1,1,1,0,0,0,1
2594339,1,1,1,0,0,0,1
2594504,1,1,0,0,0,0,1
2594568,1,0,0,0,0,0,1
2595333,1,1,1,1,0,0,1
2595334,1,1,1,0,0,0,1
2595544,1,1,1,0,0,0,1
2595707,1,1,1,0,0,0,1
2595724,1,1,1,0,0,0,1
2595892,0,0,0,0,0,0,1
2595913,1,1,1,0,0,0,1
2596361,1,1,1,0,0,0,1
2596527,1,1,1,0,0,0,1
2597076,1,1,1,0,0,0,1
2597430,1,1,1,0,0,0,1
2597501,1,1,1,1,0,0,1
2597733,1,0,0,0,0,0,1
2597824,1,1,1,1,0,0,1
2597897,1,0,0,0,0,0,1
2597938,1,0,0,0,0,0,1
2598246,0,0,0,0,0,0,1
2598528,1,1,1,0,0,0,1
2598741,1,1,1,0,0,0,1
2598931,1,1,1,0,0,0,1
2599116,1,0,0,0,0,0,1
2599165,1,1,1,0,0,0,1
2599279,0,0,0,0,0,0,1
2599489,1,0,0,0,0,0,1
2599801,1,0,0,0,0,0,1
2599843,1,0,0,0,0,0,1
2600391,1,0,0,0,0,0,1
2600629,1,1,1,0,0,0,1
2600959,1,0,0,0,0,0,1
2601096,1,1,1,1,0,0,1
2601361,1,1,1,0,0,0,1
2601715,1,1,1,0,0,0,1
2602743,1,1,1,0,0,0,1
2603915,1,1,1,0,0,0,1
2604081,1,1,1,1,0,0,1
2604196,1,1,1,0,0,0,0
2604361,0,0,0,0,0,0,1
2604376,1,1,1,0,0,0,1
2604379,1,0,0,0,0,0,1
2604781,0,0,0,0,0,0,1
2605374,1,1,1,1,0,0,0
2605397,1,0,0,0,0,0,1
2605414,0,0,0,0,0,0,1
2605484,1,1,1,0,0,0,1
2605817,0,0,0,0,0,0,1
2606195,1,1,1,1,0,0,1
2606196,0,0,0,0,0,0,1
2606328,1,1,1,0,0,0,1
2606613,1,1,1,0,0,0,0
2606896,1,0,0,0,0,0,1
2606898,1,1,1,0,0,0,1
2606938,0,0,0,0,0,0,1
2606939,1,0,0,0,0,0,1
2607100,1,1,1,0,0,0,1
2607188,0,0,0,0,0,0,1
2607234,0,0,0,0,0,0,1
2607255,0,0,0,0,0,0,1
2607612,1,0,0,0,0,0,1
2607870,1,1,0,0,0,0,1
2608180,1,0,0,0,0,0,1
2608485,1,1,1,0,0,0,1
2608552,1,1,1,0,0,0,1
2609100,0,0,0,0,0,0,1
2609266,1,1,1,0,0,0,1
2610222,1,1,1,0,0,0,1
2610241,1,1,1,0,0,0,1
2610244,1,1,1,1,0,0,1
2610496,1,1,1,0,0,0,1
2610856,1,1,0,0,0,0,1
2611352,1,1,0,0,0,0,1
2611445,1,1,1,0,0,0,1
2612352,1,1,1,0,0,0,1
2612929,1,1,1,0,0,0,0
2613016,1,0,0,0,0,0,1
2613253,1,1,1,0,0,0,1
2613493,1,0,0,0,0,0,1
2613728,1,1,1,0,0,0,1
2613912,1,1,0,0,0,0,1
2614081,1,0,0,0,0,0,1
2614387,1,1,1,0,0,0,0
2614908,1,1,1,0,0,0,1
2614912,1,1,1,0,0,0,1
2615213,1,1,1,0,0,0,1
2615280,0,0,0,0,0,0,1
2615903,1,1,1,0,0,0,1
2616332,1,1,1,0,0,0,1
2616976,1,0,0,0,0,0,1
2617189,1,1,1,1,0,0,1
2617350,1,1,1,0,0,0,0
2617637,0,0,0,0,0,0,1
2617917,1,1,1,0,0,0,1
2618321,0,0,0,0,0,0,1
2618751,1,1,1,1,0,0,1
2619058,1,1,1,0,0,0,1
2620017,0,0,0,0,0,0,1
2620993,1,1,1,1,0,0,1
2621566,1,1,1,1,0,0,1
2622448,1,1,1,0,0,0,0
2622879,1,1,1,1,0,0,1
2623282,1,1,1,0,0,0,1
2623300,1,1,0,0,0,0,1
2624140,1,1,1,1,0,0,0
2624444,1,1,1,0,0,0,1
2626029,1,1,1,1,0,0,1
2626335,1,1,1,1,0,0,1
2626380,1,1,1,1,0,0,1
2627480,1,1,1,0,0,0,1
2627664,1,1,1,1,0,0,1
2628023,1,1,1,0,0,0,1
2628161,1,1,1,1,0,0,0
2628641,1,1,1,1,0,0,1
2628728,1,1,1,1,0,0,1
2629472,1,1,1,1,0,0,1
2629800,1,1,1,1,0,0,1
2629897,1,1,1,1,0,0,1
2629987,1,1,1,1,0,0,1
2630438,1,1,1,1,0,0,0
2630916,1,1,1,1,0,0,1
2631269,1,1,1,1,0,0,1
2631483,1,1,1,1,0,0,1
2631644,1,1,1,0,0,0,1
2631765,1,1,1,1,0,0,1
2632285,1,1,1,1,0,0,1
2632380,1,1,1,1,0,0,1
2632614,1,1,1,0,0,0,1
2632897,1,1,0,0,0,0,1
2633252,1,1,1,1,0,0,1
2633513,1,1,0,0,0,0,1
2633585,1,1,1,1,0,0,1
2634369,1,0,0,0,0,0,1
2634370,1,1,1,0,0,0,1
2634627,1,1,1,1,0,0,1
2635056,1,1,1,0,0,0,1
2635700,0,0,0,0,0,0,1
2635743,1,1,1,0,0,0,1
2636025,1,1,1,1,0,0,1
2636865,1,1,1,1,0,0,1
2637171,1,1,1,1,0,0,1
2638727,1,1,1,1,0,0,1
2638913,1,1,1,1,0,0,1
2640420,1,1,1,1,0,0,0
2641237,1,1,1,1,0,0,1
2641470,1,1,1,1,0,0,1
2642068,1,1,1,1,0,0,1
2642279,0,0,0,0,0,0,1
2643160,1,1,1,1,0,0,1
2643950,1,1,1,1,0,0,1
2643972,1,1,1,1,0,0,1
2644593,1,1,1,1,0,0,1
2644949,0,0,0,0,0,0,1
2645132,1,1,1,0,0,0,1
2645251,1,1,1,1,0,0,1
2645321,0,0,0,0,0,0,1
2646081,1,1,1,1,0,0,0
2646343,1,0,0,0,0,0,1
2647538,1,1,1,1,0,0,1
2648928,1,1,1,1,0,0,1
2649472,1,1,1,1,0,0,1
2649593,1,1,1,1,0,0,1
2651000,1,1,1,1,0,0,1
2651025,1,1,1,1,0,0,1
2651091,1,1,1,1,0,0,1
2651831,1,0,0,0,0,0,1
2652040,1,1,1,1,1,1,0
2652544,1,1,1,1,0,0,1
2653021,1,1,1,1,0,0,1
2653253,1,1,1,1,0,0,0
2653755,1,1,1,1,0,0,1
2653849,1,1,1,1,0,0,1
2654369,1,1,1,1,0,0,1
2654702,1,1,1,1,0,0,0
2654771,1,1,1,1,0,0,1
2654984,1,1,1,1,0,0,1
2656033,1,1,1,1,0,0,1
2656249,1,1,1,1,0,0,1
2656913,1,1,1,1,0,0,1
2657702,1,1,1,1,0,0,1
2657865,1,1,1,1,0,0,1
2659204,1,1,1,1,0,0,0
2660188,1,1,1,1,0,0,1
2661816,1,1,1,1,0,0,1
2661955,1,1,1,1,0,0,0
2662479,1,0,0,0,0,0,1
2663169,1,1,1,1,0,0,1
2663380,1,1,1,1,0,0,1
2663429,1,1,1,1,0,0,0
2663592,1,1,1,1,0,0,1
2664403,1,1,1,1,1,1,0
2664425,1,1,1,1,0,0,1
2664705,1,1,1,1,0,0,1
2664870,1,1,1,1,0,0,0
2665228,1,1,1,1,1,1,0
2665271,1,1,1,1,0,0,1
2666104,1,1,1,1,0,0,1
2666246,1,1,1,1,0,0,1
2666864,1,1,1,0,0,0,1
2666983,1,1,1,1,0,0,1
2668178,1,1,1,1,0,0,1
2668965,1,1,1,1,0,0,1
2669492,1,1,1,1,0,0,1
2669868,1,1,1,1,0,0,1
2670224,0,0,0,0,0,0,1
2670536,1,1,1,1,0,0,1
2670580,0,0,0,0,0,0,1
2671392,1,1,1,1,0,0,1
2671504,1,1,1,1,0,0,1
2671577,1,1,1,1,0,0,0
2672028,1,0,0,0,0,0,1
2672289,1,1,1,0,0,0,1
2672568,1,1,1,1,0,0,1
2672856,1,1,1,1,0,0,1
2673280,1,0,0,0,0,0,1
2673473,1,1,1,1,0,0,1
2674021,0,0,0,0,0,0,1
2674135,1,1,1,1,0,0,0
2674565,1,0,0,0,0,0,1
2674916,1,1,1,1,0,0,1
2674964,1,1,1,1,0,0,1
2675318,1,1,1,1,0,0,0
2676105,1,1,1,1,0,0,0
2676127,1,1,1,1,0,0,1
2676340,1,1,1,1,0,0,1
2676980,1,1,1,1,0,0,1
2677125,1,1,1,1,0,0,1
2677625,0,0,0,0,0,0,1
2677665,1,1,1,1,0,0,1
2678263,1,1,1,1,0,0,1
2678858,1,1,1,1,0,0,1
2679337,1,1,1,1,0,0,1
2679523,1,1,1,1,0,0,1
2679544,1,1,1,1,0,0,1
2680472,1,1,1,0,0,0,1
2680496,1,1,1,1,0,0,1
2680802,1,1,1,1,0,0,1
2681401,1,1,1,1,1,1,0
2681488,1,1,1,1,0,0,1
2681822,1,1,1,1,0,0,1
2682995,1,1,1,1,0,0,1
2683734,1,1,1,1,0,0,1
2684136,1,1,1,1,0,0,1
2684518,1,1,1,1,0,0,1
2684825,0,0,0,0,0,0,0
2684943,1,1,1,1,0,0,1
2685109,1,1,1,1,0,0,1
2685751,1,1,1,1,0,0,1
2686345,1,1,1,1,0,0,1
2686657,1,1,1,1,0,0,1
2687323,1,1,1,1,0,0,1
2687342,1,1,1,1,0,0,1
2687480,1,1,1,1,0,0,1
2687648,1,1,1,1,0,0,0
2688816,1,1,1,1,0,0,1
2689654,1,1,1,1,0,0,1
2689769,1,1,1,1,0,0,1
2690532,1,1,1,0,0,0,1
2690841,1,1,1,1,0,0,1
2691057,1,1,1,1,0,0,1
2691290,1,1,1,1,0,0,1
2691765,1,1,1,1,0,0,1
2692365,1,1,1,1,0,0,1
2693461,1,1,1,1,0,0,1
2694469,1,1,1,1,1,1,0
2694487,1,1,1,0,0,0,0
2694820,1,1,1,1,0,0,0
2695774,1,1,1,1,0,0,1
2697163,1,1,1,1,0,0,1
2697444,1,1,1,1,1,1,0
2698329,1,1,1,1,1,1,0
2698708,1,1,1,1,0,0,1
2699161,1,1,1,1,0,0,1
2699972,1,1,1,1,0,0,1
2701289,1,1,1,1,0,0,1
2701649,1,1,1,1,0,0,0
2702000,1,1,1,1,0,0,1
2702004,1,1,1,1,0,0,0
2702954,1,1,1,1,0,0,0
2703021,1,1,1,1,0,0,1
2703952,1,1,1,0,0,0,1
2704335,1,1,1,0,0,0,0
2705027,1,0,0,0,0,0,1
2705405,1,1,1,1,0,0,1
2705787,1,0,0,0,0,0,1
2706048,1,1,1,1,0,0,1
2706235,0,0,0,0,0,0,1
2706446,1,1,1,1,0,0,1
2706537,1,1,1,1,0,0,1
2707137,1,1,1,1,0,0,1
2708906,1,1,1,1,0,0,1
2709001,1,1,1,1,0,0,1
2709979,1,1,1,1,0,0,1
2710262,1,1,1,1,0,0,1
2710692,1,1,1,1,0,0,1
2710833,1,1,1,1,0,0,1
2711112,1,1,1,1,0,0,0
2711160,1,0,0,0,0,0,1
2711680,1,0,0,0,0,0,1
2712207,1,1,1,1,0,0,1
2713211,1,1,1,1,0,0,1
2713664,1,1,1,1,0,0,1
2713705,1,1,1,1,0,0,0
2715169,1,1,1,1,0,0,1
2715210,1,1,1,1,0,0,1
2715809,1,0,0,0,0,0,1
2715850,1,0,0,0,0,0,1
2715965,1,1,1,1,0,0,1
2716900,1,1,1,1,0,0,1
2718192,1,1,1,1,0,0,1
2718644,1,0,0,0,0,0,1
2718852,1,1,1,1,0,0,0
2719212,1,0,0,0,0,0,1
2719833,1,1,1,1,0,0,1
2720379,1,1,1,1,0,0,0
2720612,1,1,1,1,0,0,1
2721572,1,1,1,0,0,0,1
2721588,1,1,1,1,0,0,1
2722280,1,0,0,0,0,0,1
2722615,1,1,0,0,0,0,1
2723018,1,1,1,1,0,0,0
2723133,1,1,1,1,0,0,0
2723229,1,1,1,1,0,0,1
2723268,1,1,1,1,0,0,1
2724373,1,1,1,1,0,0,1
2724989,1,1,1,1,0,0,1
2725133,1,1,1,0,0,0,1
2725198,1,1,1,1,0,0,1
2725336,1,1,1,1,1,1,0
2725717,1,0,0,0,0,0,1
2725784,1,0,0,0,0,0,1
2725879,1,1,1,1,0,0,1
2726690,1,1,1,1,0,0,1
2726857,1,1,1,1,0,0,1
2727837,1,0,0,0,0,0,1
2727997,1,1,1,1,0,0,1
2728405,1,0,0,0,0,0,1
2728712,1,1,1,1,0,0,0
2729380,1,0,0,0,0,0,1
2730070,1,1,1,1,0,0,1
2730428,1,1,1,1,0,0,1
2730829,1,1,1,1,0,0,1
2730920,1,1,1,1,0,0,1
2730945,1,1,1,1,0,0,1
2730964,1,0,0,0,0,0,1
2731485,1,0,0,0,0,0,1
2731600,1,1,1,1,0,0,1
2731644,0,0,0,0,0,0,1
2731787,1,1,1,1,0,0,1
2732552,1,1,1,1,0,0,1
2733125,1,1,1,1,0,0,1
2733169,0,0,0,0,0,0,1
2733403,1,1,1,1,0,0,1
2733424,1,1,1,1,0,0,1
2734453,1,1,1,1,0,0,1
2734616,1,1,1,1,0,0,1
2735093,1,0,0,0,0,0,1
2736022,1,1,1,1,0,0,1
2736764,1,1,1,1,0,0,1
2737264,1,0,0,0,0,0,1
2737861,1,1,1,1,0,0,1
2738645,1,1,1,1,0,0,0
2738808,1,1,1,1,0,0,0
2740008,1,1,1,1,0,0,1
2740120,1,1,1,1,0,0,1
2740527,1,1,1,1,0,0,1
2740738,1,1,1,1,0,0,1
2740857,1,1,1,1,0,0,1
2741501,1,0,0,0,0,0,1
2741901,1,1,1,1,0,0,1
2742112,1,1,1,1,0,0,1
2742304,1,1,1,1,0,0,1
2742417,1,0,0,0,0,0,1
2742945,1,1,1,0,0,0,1
2743344,1,0,0,0,0,0,1
2743485,1,1,1,1,0,0,1
2743624,0,0,0,0,0,0,1
2743766,1,1,1,1,0,0,1
2744004,1,1,1,1,0,0,1
2744358,1,0,0,0,0,0,1
2745025,1,1,1,0,0,0,1
2745528,1,1,1,1,0,0,1
2746024,1,1,1,1,0,0,1
2746141,1,1,1,1,0,0,1
2747675,1,1,1,1,0,0,0
2750121,1,1,1,1,0,0,0
2750136,1,1,1,1,0,0,1
2750879,1,1,1,1,0,0,1
2750948,1,1,1,1,0,0,1
2751108,1,1,1,1,0,0,1
2751538,1,1,1,1,0,0,0
2752205,1,1,1,1,0,0,1
2752610,1,1,1,1,0,0,1
2752700,1,1,1,1,0,0,1
2752701,1,0,0,0,0,0,1
2753681,1,1,1,1,0,0,1
2754059,1,1,1,1,0,0,1
2754873,1,1,1,1,0,0,1
2755537,1,1,1,1,0,0,1
2756445,1,1,1,1,0,0,1
2756562,1,1,1,0,0,0,1
2757254,1,1,1,1,0,0,1
2757540,1,1,1,1,0,0,1
2757557,1,1,1,1,0,0,1
2757749,1,1,1,1,0,0,1
2759545,1,1,1,1,0,0,1
2759872,1,1,1,0,0,0,0
2761121,1,1,1,0,0,0,1
2761235,1,1,1,1,0,0,0
2761276,1,1,1,1,0,0,1
2761445,0,0,0,0,0,0,1
2762301,1,1,1,1,0,0,1
2764073,1,1,1,1,0,0,1
2764430,1,1,1,1,0,0,0
2764716,1,1,1,1,0,0,0
2764927,1,1,1,1,0,0,1
2766412,1,1,1,1,1,1,0
2766742,1,1,1,1,0,0,1
2767988,1,1,1,1,0,0,1
2768004,1,1,1,1,0,0,1
2768629,1,1,1,1,0,0,0
2769005,1,1,1,1,0,0,1
2769483,1,1,1,1,0,0,1
2770437,1,0,0,0,0,0,1
2770438,1,1,1,1,0,0,1
2770721,1,1,1,1,0,0,1
2771795,1,1,1,1,0,0,1
2772198,1,1,1,1,0,0,1
2772387,0,0,0,0,0,0,1
2773512,1,1,1,1,0,0,1
2774539,1,1,1,1,0,0,1
2774632,1,0,0,0,0,0,1
2774916,0,0,0,0,0,0,1
2774933,1,1,1,1,0,0,1
2775026,1,1,1,1,0,0,1
2775164,1,1,1,1,0,0,0
2775691,1,1,1,1,0,0,1
2777897,1,1,1,1,0,0,0
2778512,1,1,1,1,0,0,1
2779564,1,1,1,1,0,0,1
2780261,1,1,1,1,0,0,1
2781143,1,1,1,1,0,0,1
2782100,1,1,1,0,0,0,0
2782117,0,0,0,0,0,0,0
2782210,1,1,1,1,0,0,0
2783000,1,1,1,1,0,0,1
2783376,1,1,1,1,0,0,1
2784188,1,1,1,1,0,0,1
2785725,1,1,1,1,0,0,1
2785911,1,1,1,1,0,0,1
2785912,1,1,1,1,0,0,1
2786313,1,0,0,0,0,0,1
2786832,1,1,1,1,0,0,1
2786973,1,1,1,1,0,0,1
2787378,1,1,1,1,0,0,1
2787544,1,1,1,1,0,0,1
2787731,1,1,1,1,0,0,1
2787988,1,1,1,1,0,0,1
2788130,0,0,0,0,0,0,1
2788580,1,0,0,0,0,0,1
2789248,1,0,0,0,0,0,1
2789798,1,1,1,0,0,0,1
2790226,1,0,0,0,0,0,1
2790249,1,1,1,1,0,0,1
2790600,1,1,1,1,0,0,1
2791152,0,0,0,0,0,0,1
2793333,1,1,1,1,0,0,1
2793782,1,1,1,1,0,0,1
2793971,1,1,1,1,0,0,1
2794133,1,1,1,0,0,0,0
2795333,1,1,1,1,0,0,1
2796529,1,1,1,1,0,0,1
2797002,1,1,1,1,0,0,1
2797742,1,1,1,1,0,0,1
2797784,1,1,1,1,0,0,0
2798336,1,1,1,1,0,0,0
2798427,1,1,1,1,0,0,1
2798497,1,1,1,1,0,0,1
2798634,1,0,0,0,0,0,1
2798896,1,0,0,0,0,0,1
2799397,1,1,1,1,0,0,1
2799438,1,0,0,0,0,0,1
2799795,1,1,1,1,0,0,1
2799812,1,1,1,1,1,1,0
2800891,1,1,1,1,0,0,1
2800932,1,0,0,0,0,0,1
2800980,1,1,1,0,0,0,1
2801285,1,1,1,0,0,0,0
2801763,1,0,0,0,0,0,1
2801784,1,1,1,1,0,0,1
2801949,1,1,1,1,0,0,1
2802158,1,1,1,0,0,0,1
2802321,1,1,1,1,0,0,1
2802585,1,1,1,1,0,0,1
2802912,1,1,1,1,0,0,1
2802984,1,1,1,1,0,0,1
2803481,1,1,1,1,0,0,1
2803721,1,1,1,1,0,0,1
2804484,1,1,1,1,0,0,1
2804598,1,1,1,0,0,0,1
2804883,1,1,1,1,0,0,1
2805646,1,1,1,1,0,0,1
2806627,1,1,1,0,0,0,1
2807198,1,1,1,1,0,0,1
2807244,1,1,1,0,0,0,1
2808464,1,1,1,1,0,0,1
2809227,1,1,1,0,0,0,1
2809245,1,1,1,1,0,0,1
2809362,1,1,1,1,0,0,1
2809836,1,1,1,1,1,1,0
2809857,1,0,0,0,0,0,1
2810308,1,0,0,0,0,0,1
2810352,0,0,0,0,0,0,1
2810354,1,1,1,1,0,0,1
2810492,1,1,1,0,0,0,1
2810727,1,1,1,1,0,0,1
2810771,0,0,0,0,0,0,1
2810814,1,0,0,0,0,0,1
2810861,1,1,1,1,0,0,0
2811623,1,0,0,0,0,0,1
2812149,1,1,0,0,0,0,1
2813056,1,1,1,0,0,0,1
2813509,1,1,1,1,0,0,1
2814076,1,1,1,1,0,0,1
2814697,1,1,1,1,0,0,1
2814701,1,1,1,1,0,0,1
2814788,1,1,1,1,0,0,1
2814902,1,1,1,0,0,0,1
2815597,1,0,0,0,0,0,1
2815832,1,1,1,1,0,0,1
2815993,1,1,1,1,0,0,1
2816158,1,1,1,1,0,0,1
2816803,1,1,1,1,0,0,1
2816920,1,1,1,1,0,0,1
2817083,1,0,0,0,0,0,1
2817512,0,0,0,0,0,0,1
2819188,1,1,1,1,0,0,1
2819301,1,1,1,1,0,0,1
2819467,1,1,1,1,0,0,1
2819869,0,0,0,0,0,0,1
2820201,1,0,0,0,0,0,1
2820366,1,1,1,1,0,0,1
2820605,1,1,1,1,0,0,1
2821149,1,1,1,0,0,0,1
2821216,1,1,1,1,0,0,0
2821334,1,1,1,1,0,0,1
2821571,1,1,1,1,0,0,1
2822025,1,1,1,1,0,0,1
2822208,1,0,0,0,0,0,1
2823527,1,0,0,0,0,0,1
2823572,1,1,1,1,0,0,1
2823641,1,1,1,1,0,0,1
2824306,1,1,1,1,0,0,1
2825313,1,1,1,1,0,0,1
2825594,1,0,0,0,0,0,1
2826670,1,1,1,1,0,0,1
2826693,1,1,1,1,0,0,1
2826711,1,1,1,1,0,0,1
2827379,1,0,0,0,0,0,1
2827637,1,1,1,1,0,0,1
2827661,1,1,1,0,0,0,1
2827824,1,1,1,1,0,0,1
2828202,1,1,1,1,0,0,1
2828561,1,1,1,1,0,0,1
2828627,1,1,1,1,0,0,1
2828792,1,1,1,0,0,0,1
2829337,1,1,1,1,0,0,1
2829356,1,1,1,1,0,0,0
2829549,1,1,1,1,0,0,1
2830481,1,1,1,0,0,0,1
2830594,1,1,1,1,0,0,1
2830877,1,1,1,1,0,0,1
2830920,1,1,1,1,0,0,1
2831423,1,1,1,1,0,0,1
2831994,1,1,1,1,0,0,1
2832639,1,0,0,0,0,0,1
2833641,1,1,1,1,0,0,1
2833686,1,1,1,1,0,0,1
2834525,1,1,1,1,0,0,1
2834784,1,1,1,1,0,0,1
2835163,1,1,1,0,0,0,1
2835877,1,1,1,1,0,0,1
2836572,1,1,1,1,0,0,1
2837309,1,0,0,0,0,0,1
2837501,1,1,1,1,0,0,1
2838092,1,1,1,1,0,0,0
2838136,0,0,0,0,0,0,1
2839262,1,1,1,1,0,0,1
2839597,1,1,1,1,0,0,1
2840143,1,1,1,1,0,0,1
2840860,1,1,1,0,0,0,1
2841788,1,1,1,1,0,0,1
2841811,1,1,1,1,0,0,1
2842236,1,0,0,0,0,0,1
2842929,1,1,1,0,0,0,1
2843452,1,1,1,1,0,0,1
2844387,1,1,1,1,0,0,1
2844668,1,1,1,1,0,0,1
2845123,1,1,1,1,0,0,1
2845404,1,0,0,0,0,0,1
2846221,1,1,1,1,0,0,1
2846430,1,1,1,1,0,0,0
2846643,1,1,1,1,0,0,1
2847097,1,1,1,0,0,0,1
2847448,1,1,1,1,0,0,1
2848024,1,1,1,1,0,0,1
2848640,1,1,1,1,0,0,1
2848687,1,1,1,1,0,0,1
2848729,1,1,1,1,0,0,1
2849111,1,0,0,0,0,0,1
2850137,1,1,1,1,0,0,1
2850782,1,1,1,0,0,0,1
2850875,1,1,1,1,0,0,1
2851156,1,1,1,1,0,0,1
2851493,1,1,1,1,0,0,1
2851608,1,1,1,1,0,0,1
2852251,1,1,1,1,0,0,1
2852461,1,1,1,0,0,0,1
2852485,1,1,1,1,0,0,1
2853128,1,1,1,1,0,0,1
2853267,1,1,1,1,0,0,1
2853409,1,0,0,0,0,0,1
2853473,1,1,1,1,0,0,1
2853614,1,1,1,1,0,0,1
2854234,1,0,0,0,0,0,1
2854855,1,1,1,1,0,0,1
2854872,1,1,1,1,0,0,1
2854942,1,0,0,0,0,0,1
2854985,1,1,1,1,0,0,1
2855681,1,1,1,1,0,0,1
2855913,1,1,1,1,0,0,1
2856484,1,1,1,1,0,0,1
2856722,1,1,1,1,0,0,1
2857653,1,1,1,1,0,0,1
2857965,1,1,1,1,0,0,1
2858316,1,1,1,0,0,0,1
2858507,1,1,1,1,0,0,1
2858837,1,1,1,0,0,0,1
2858933,1,1,1,1,0,0,1
2859000,1,1,1,1,0,0,1
2859184,1,1,1,1,0,0,1
2859495,1,1,1,1,0,0,1
2859539,0,0,0,0,0,0,1
2859797,1,0,0,0,0,0,1
2859888,1,1,1,1,0,0,1
2859937,1,1,1,1,0,0,1
2860004,1,1,0,0,0,0,1
2860692,1,1,1,1,0,0,1
2860981,1,1,1,0,0,0,1
2861168,1,1,1,1,0,0,1
2861813,1,1,1,1,0,0,1
2861831,1,1,1,1,0,0,1
2861832,1,1,1,0,0,0,1
2862036,1,1,1,0,0,0,1
2862203,0,0,0,0,0,0,1
2862221,1,1,1,1,0,0,1
2862792,1,0,0,0,0,0,1
2862937,1,1,1,1,0,0,1
2863364,1,1,1,1,0,0,1
2863597,1,1,1,1,0,0,1
2863789,1,1,1,1,0,0,1
2863830,1,1,1,1,0,0,0
2864260,1,1,1,0,0,0,1
2864495,1,1,1,1,0,0,1
2864826,1,1,1,1,0,0,1
2865185,1,1,1,1,0,0,1
2865251,1,1,1,0,0,0,1
2865943,1,1,1,1,0,0,1
2865962,1,1,1,1,0,0,1
2866272,1,1,1,1,0,0,1
2866629,1,1,1,1,0,0,1
2866814,1,1,1,1,0,0,1
2866977,1,1,1,0,0,0,1
2867670,1,1,0,0,0,0,1
2867933,1,1,1,1,0,0,1
2868983,1,1,1,1,0,0,1
2869701,1,1,1,1,0,0,1
2869932,1,1,1,0,0,0,0
2870674,1,1,1,1,0,0,1
2870764,1,1,1,1,0,0,1
2871052,1,1,1,1,0,0,1
2871145,1,1,1,1,0,0,1
2871328,1,0,0,0,0,0,1
2871470,1,1,1,1,0,0,1
2871872,1,0,0,0,0,0,1
2872232,1,1,1,1,0,0,1
2872320,0,0,0,0,0,0,1
2872391,1,1,1,1,0,0,1
2872746,1,1,1,1,0,0,1
2873028,1,1,1,1,0,0,1
2873124,1,1,1,1,0,0,1
2873125,1,1,1,1,0,0,1
2873164,0,0,0,0,0,0,1
2873617,1,0,0,0,0,0,1
2873803,1,1,1,1,0,0,1
2873964,1,1,1,0,0,0,1
2874037,1,0,0,0,0,0,1
2874078,1,1,1,1,0,0,1
2874097,1,1,0,0,0,0,0
2874456,1,1,1,1,0,0,1
2874738,1,1,1,1,0,0,1
2874880,1,0,0,0,0,0,1
2875184,1,1,1,1,0,0,1
2875327,1,1,1,1,0,0,1
2875588,1,1,1,1,0,0,1
2875678,1,1,1,1,0,0,1
2875912,1,1,1,1,0,0,1
2876223,1,1,1,1,0,0,1
2876341,1,1,1,1,0,0,1
2876622,1,1,1,0,0,0,1
2876760,1,1,1,1,0,0,1
2876975,1,1,1,1,0,0,1
2877498,1,1,1,1,0,0,1
2878092,1,1,1,1,0,0,1
2879101,1,1,1,1,0,0,1
2879672,1,1,1,1,0,0,1
2880122,1,1,1,1,0,0,1
2880140,1,1,1,0,0,0,1
2880379,1,1,1,1,0,0,1
2880568,1,1,1,1,0,0,1
2881018,1,1,1,0,0,0,1
2881229,1,1,1,1,0,0,0
2881657,1,0,0,0,0,0,1
2882088,1,1,1,1,1,1,0
2882132,0,0,0,0,0,0,1
2882222,1,1,1,1,0,0,1
2883010,1,1,1,1,0,0,1
2883511,1,1,1,1,0,0,1
2883557,1,1,1,1,0,0,1
2883644,1,1,1,1,0,0,1
2883884,1,1,1,1,0,0,1
2884313,1,1,1,1,0,0,1
2884933,1,0,0,0,0,0,1
2884973,1,1,1,1,0,0,1
2886146,1,1,1,1,0,0,1
2887124,1,1,1,1,0,0,1
2887148,1,1,1,1,0,0,1
2887670,1,1,1,1,0,0,1
2887976,1,1,1,0,0,0,1
2888189,1,1,1,1,0,0,1
2888233,0,0,0,0,0,0,1
2888640,1,1,0,0,0,0,1
2889045,1,1,1,1,0,0,1
2889424,1,1,1,0,0,0,1
2889513,1,1,1,1,0,0,1
2889892,1,1,1,1,0,0,1
2890659,1,1,1,1,0,0,0
2891012,1,1,1,1,0,0,1
2891058,1,1,1,1,0,0,1
2891389,1,1,1,1,0,0,1
2891720,1,1,1,0,0,0,1
2891815,1,1,1,1,0,0,1
2892149,1,1,1,0,0,0,1
2892309,1,1,1,0,0,0,1
2892378,1,1,1,0,0,0,1
2892592,1,1,1,0,0,0,1
2893354,1,1,1,1,0,0,1
2893420,1,1,1,0,0,0,1
2893585,1,1,1,1,0,0,1
2894110,1,1,1,0,0,0,1
2894613,1,1,1,0,0,0,1
2894776,1,1,1,1,0,0,1
2894891,1,1,1,1,0,0,1
2894957,1,1,1,1,0,0,1
2895265,0,0,0,0,0,0,1
2895358,1,1,1,1,0,0,1
2895784,1,1,1,1,0,0,1
2895855,1,1,1,0,0,0,1
2895948,1,1,1,1,0,0,1
2896277,1,1,1,1,0,0,1
2896278,1,1,1,1,0,0,1
2896532,1,1,1,1,0,0,1
2896961,1,1,1,0,0,0,1
2897052,0,0,0,0,0,0,1
2897171,0,0,0,0,0,0,1
2898105,1,1,1,0,0,0,1
2898268,1,1,1,1,0,0,1
2898308,1,1,1,1,0,0,1
2898352,0,0,0,0,0,0,1
2898497,1,0,0,0,0,0,1
2898802,1,1,1,1,0,0,1
2899228,1,1,1,0,0,0,1
2899232,1,1,1,1,0,0,1
2899233,0,0,0,0,0,0,1
2899505,1,1,1,1,0,0,1
2899862,1,0,0,0,0,0,1
2899865,1,0,0,0,0,0,1
2901153,1,1,1,1,0,0,1
2901172,1,1,1,0,0,0,1
2901239,0,0,0,0,0,0,1
2901354,1,1,0,0,0,0,1
2901420,1,1,1,1,0,0,1
2901587,1,0,0,0,0,0,1
2901992,1,1,1,0,0,0,1
2902013,1,1,1,1,0,0,1
2902057,0,0,0,0,0,0,1
2902314,1,0,0,0,0,0,1
2902741,1,1,1,1,0,0,1
2902933,1,1,1,1,0,0,1
2903480,1,1,1,1,0,0,1
2903713,1,1,1,1,0,0,1
2903900,1,1,1,1,0,0,1
2904067,1,1,1,1,0,0,1
2904136,1,1,1,0,0,0,1
2904205,1,1,1,0,0,0,1
2904605,1,1,1,0,0,0,1
2904720,1,1,1,0,0,0,1
2905724,1,1,1,0,0,0,1
2906013,1,1,1,1,0,0,1
2906416,1,1,1,0,0,0,1
2906577,1,1,1,1,0,0,1
2906646,1,1,1,1,0,0,1
2907195,1,1,1,1,0,0,1
2907745,1,1,1,1,0,0,1
2908361,1,1,1,1,0,0,1
2908668,1,1,1,1,0,0,1
2908786,1,1,1,0,0,0,1
2909189,1,1,1,1,0,0,1
2910074,1,1,1,1,0,0,1
2910116,1,1,1,1,0,0,1
2910160,0,0,0,0,0,0,1
2910615,1,1,1,0,0,0,1
2911354,1,1,1,1,0,0,1
2911565,1,1,1,1,0,0,1
2911709,1,1,1,0,0,0,1
2911798,1,0,0,0,0,0,1
2912945,1,1,1,1,0,0,1
2913207,1,1,1,1,0,0,1
2913516,1,1,1,1,0,0,1
2914565,1,1,1,1,0,0,1
2914684,1,1,1,1,0,0,1
2915013,1,0,0,0,0,0,1
2915491,1,0,0,0,0,0,1
2915532,1,1,1,1,0,0,1
2915677,1,1,1,1,0,0,1
2916032,1,1,1,1,0,0,1
2916361,1,1,1,1,0,0,1
2916500,1,1,1,0,0,0,1
2917457,1,1,1,0,0,0,1
2918653,1,1,1,1,0,0,1
2918914,1,1,1,1,0,0,1
2919052,1,1,1,1,0,0,1
2919797,1,1,1,1,0,0,1
2919814,1,1,1,1,0,0,1
2920388,1,1,1,0,0,0,1
2920527,1,1,1,1,1,1,0
2922347,1,1,1,1,0,0,1
2922872,1,1,1,1,0,0,1
2922962,1,1,1,1,0,0,1
2923556,1,1,1,1,1,1,0
2923962,1,1,1,1,0,0,1
2924316,1,1,1,1,0,0,1
2924579,1,1,1,1,0,0,1
2925028,1,0,0,0,0,0,1
2925072,0,0,0,0,0,0,1
2925672,1,1,1,1,0,0,1
2925809,1,1,1,1,0,0,0
2925996,0,0,0,0,0,0,1
2926258,1,1,1,1,0,0,1
2926953,1,1,1,1,0,0,0
2927068,1,1,1,1,0,0,1
2927112,0,0,0,0,0,0,1
2927298,1,1,1,1,0,0,1
2927556,1,1,1,1,0,0,1
2927649,1,1,1,1,0,0,1
2928100,1,0,0,0,0,0,1
2928172,1,1,1,1,0,0,1
2928553,1,1,1,1,0,0,1
2928714,1,1,1,1,0,0,1
2929021,1,1,1,1,0,0,1
2929572,1,1,1,1,0,0,1
2930644,1,1,1,1,0,0,1
2931413,1,1,1,1,0,0,1
2931719,1,1,1,1,0,0,0
2931788,1,1,1,1,0,0,1
2932743,1,1,1,1,0,0,1
2933339,1,0,0,0,0,0,1
2933528,1,1,1,1,0,0,1
2933741,1,1,1,1,0,0,1
2935894,1,1,1,1,0,0,0
2936201,1,1,1,1,0,0,0
2936297,1,1,1,1,0,0,1
2936744,1,1,1,1,0,0,1
2936814,1,1,1,1,1,1,0
2936817,1,0,0,0,0,0,1
2937045,1,1,1,0,0,0,1
2937089,0,0,0,0,0,0,1
2937184,1,1,1,1,0,0,1
2937685,1,1,1,1,0,0,1
2937724,1,1,1,0,0,0,1
2937892,1,1,1,1,0,0,1
2938053,1,1,1,1,0,0,1
2938677,1,1,1,1,0,0,1
2939391,1,1,1,1,0,0,1
2939818,1,1,1,1,0,0,1
2940368,1,1,1,1,0,0,1
2940434,1,0,0,0,0,0,1
2940435,1,1,1,1,0,0,1
2940881,1,1,1,1,0,0,1
2941097,1,1,1,1,0,0,1
2941160,1,1,1,1,0,0,1
2941256,1,1,1,1,0,0,1
2941442,1,1,1,1,0,0,1
2941583,1,1,1,1,0,0,1
2942109,1,1,1,1,0,0,1
2942127,1,0,0,0,0,0,1
2942218,1,1,1,0,0,0,1
2943030,1,1,1,0,0,0,1
2943048,1,1,1,1,0,0,1
2943671,1,1,1,1,0,0,1
2944384,1,1,1,1,0,0,1
2944526,1,1,1,1,0,0,1
2944811,1,1,1,1,0,0,1
2945168,1,1,1,1,0,0,1
2945643,1,1,1,1,0,0,1
2946048,1,1,1,1,0,0,1
2946304,1,1,1,1,0,0,1
2946976,1,1,1,1,0,0,1
2947573,1,1,1,1,0,0,1
2947783,1,1,1,1,0,0,1
2948017,1,1,1,1,0,0,0
2948372,1,1,1,1,0,0,1
2948636,1,1,1,1,0,0,1
2948945,1,1,1,1,0,0,1
2949416,1,1,1,1,0,0,1
2949510,1,1,1,1,0,0,1
2949915,1,1,1,1,0,0,1
2950105,1,1,1,1,0,0,1
2950650,1,1,1,1,0,0,1
2950696,1,1,1,1,0,0,1
2951121,1,1,1,1,0,0,1
2951406,1,1,1,1,0,0,1
2951500,1,1,1,1,0,0,1
2951661,1,1,0,0,0,0,1
2952234,1,1,1,1,0,0,1
2952276,1,1,1,0,0,0,1
2952421,1,1,1,1,0,0,1
2952821,1,1,1,1,0,0,1
2952916,1,1,1,1,0,0,1
2953244,1,1,1,1,0,0,1
2953386,1,1,1,1,0,0,1
2953813,1,1,1,1,0,0,1
2953954,1,0,0,0,0,0,1
2954336,1,1,1,1,0,0,1
2954426,1,0,0,0,0,0,1
2954471,1,1,1,1,0,0,1
2954488,1,1,1,1,0,0,1
2954677,1,1,1,0,0,0,1
2955492,1,1,1,1,0,0,1
2955700,1,1,1,1,0,0,1
2956081,1,1,1,1,0,0,1
2956751,1,1,1,1,0,0,1
2956795,0,0,0,0,0,0,1
2957244,1,1,1,1,0,0,1
2958132,1,1,1,1,0,0,1
2959545,1,1,1,1,0,0,1
2961101,1,1,1,1,0,0,1
2961433,0,0,0,0,0,0,1
2961594,1,1,1,1,0,0,0
2961876,1,1,1,1,0,0,1
2961877,1,1,1,1,0,0,1
2962232,1,1,1,1,0,0,1
2962321,1,0,0,0,0,0,1
2962609,1,1,1,1,0,0,1
2962720,1,1,1,1,0,0,1
2963509,1,1,1,1,0,0,1
2963771,1,1,1,1,0,0,1
2963773,1,1,1,1,0,0,1
2964217,1,1,0,0,0,0,1
2964356,1,1,1,1,0,0,1
2964596,1,1,1,1,0,0,1
2965121,1,1,1,0,0,0,1
2965163,1,1,1,1,0,0,1
2965421,1,0,0,0,0,0,1
2965752,1,1,1,1,0,0,1
2966233,1,1,1,0,0,0,1
2966828,1,1,1,0,0,0,1
2967421,1,1,1,1,0,0,1
2967422,1,1,1,1,0,0,1
2968565,1,1,1,0,0,0,1
2968752,1,1,1,0,0,0,1
2969328,1,1,1,0,0,0,1
2969395,1,1,1,1,0,0,1
2969726,1,1,1,1,1,1,0
2969984,1,1,1,0,0,0,1
2970845,1,1,1,1,1,1,0
2971369,1,0,0,0,0,0,1
2971632,1,1,1,1,0,0,1
2971747,1,1,1,0,0,0,1
2972125,1,1,1,1,0,0,1
2972674,1,1,1,1,1,1,0
2972764,1,1,1,1,0,0,1
2972907,1,1,1,1,0,0,1
2973093,1,1,1,1,0,0,1
2973381,1,1,1,0,0,1,0
2973616,1,1,1,1,0,0,1
2974400,1,1,1,1,0,0,1
2974472,1,0,0,0,0,0,1
2974992,1,0,0,0,0,0,1
2975110,1,1,1,1,0,0,1
2976331,1,1,1,1,0,0,1
2976376,1,1,1,1,0,0,1
2977112,1,1,1,1,0,0,1
2977448,1,1,1,1,0,0,1
2977632,1,0,0,0,0,0,1
2977681,1,1,1,1,0,0,1
2978084,1,0,0,0,0,0,1
2978247,1,1,1,1,0,0,1
2978936,1,1,1,1,0,0,1
2979344,1,1,1,1,0,0,1
2979941,1,1,1,1,0,0,1
2980220,1,1,1,1,0,0,1
2980223,1,1,1,1,0,0,1
2980237,1,1,1,1,0,0,0
2981481,1,1,1,1,0,0,1
2981936,1,1,1,1,0,0,1
2982266,1,1,1,1,0,0,0
2982408,0,0,0,0,0,0,1
2983195,1,1,1,1,0,0,1
2983646,1,1,1,1,0,0,1
2984793,1,1,1,1,0,0,1
2986470,1,1,1,1,0,0,1
2987019,1,1,1,1,0,0,1
2987060,1,1,1,1,0,0,1
2987109,1,1,1,1,0,0,0
2987510,1,1,0,0,0,0,1
2987773,1,0,0,0,0,0,1
2988031,1,1,1,1,0,0,1
2988480,1,1,1,1,0,0,1
2988597,1,1,1,1,0,0,1
2988599,1,0,0,0,0,0,1
2988951,0,0,0,0,0,0,1
2989572,1,1,1,0,0,0,0
2990721,1,1,1,1,0,0,1
2991336,1,1,1,1,0,0,1
2991525,1,1,1,1,0,0,1
2991688,0,0,0,0,0,0,1
2992359,1,1,1,1,0,0,1
2993936,1,1,1,1,0,0,1
2994055,1,1,1,1,0,0,1
2994149,1,1,1,1,0,0,1
2994670,1,1,1,1,0,0,0
2994955,1,0,0,0,0,0,1
2996486,1,1,1,1,0,0,1
2996699,1,1,1,1,0,0,1
2996744,1,1,1,1,0,0,0
2998109,1,1,1,1,0,0,1
2998293,1,1,1,1,0,0,1
2999464,1,1,1,1,0,0,1
3000468,1,1,1,1,0,0,1
3000781,1,1,1,1,0,0,1
3001230,1,1,1,1,0,0,1
3002261,1,1,1,0,0,0,1
3003429,1,1,1,1,0,0,1
3003568,1,1,1,1,0,0,1
3003879,1,1,1,1,0,0,0
3003924,1,1,1,1,0,0,0
3004061,1,1,1,1,0,0,1
3004085,1,1,1,1,0,0,1
3005281,1,1,1,1,0,0,1
3005896,1,1,1,0,0,0,1
3006926,1,1,1,1,0,0,1
3007017,1,1,1,1,0,0,1
3007231,1,1,1,1,0,0,1
3008165,1,1,1,1,0,0,1
3008181,1,1,1,1,0,0,1
3008298,1,1,1,1,0,0,1
3008820,1,1,1,1,0,0,1
3009034,1,1,1,0,0,0,1
3009655,1,1,1,0,0,0,1
3009797,1,1,1,1,0,0,1
3009984,1,1,1,1,0,0,1
3010555,1,1,1,0,0,0,1
3010556,1,0,0,0,0,0,1
3010741,1,1,1,1,0,0,1
3011167,1,1,1,1,0,0,1
3011597,1,1,1,1,0,0,1
3012045,1,1,1,0,0,0,1
3012860,1,1,1,1,0,0,1
3013814,1,1,1,1,0,0,1
3014195,1,1,1,0,0,0,1
3014433,1,1,1,1,0,0,1
3015029,1,0,0,0,0,0,1
3015192,1,1,1,1,0,0,1
3015594,1,1,1,1,0,0,1
3015855,1,1,1,1,0,0,1
3015968,1,1,1,1,0,0,0
3016373,1,1,1,1,0,0,1
3016849,1,0,0,0,0,0,1
3017016,1,1,1,0,0,0,1
3017034,1,1,1,0,0,0,1
3017057,1,1,1,1,0,0,1
3017072,1,1,1,1,0,0,1
3017765,1,1,1,1,0,0,1
3017768,1,1,1,1,0,0,1
3018142,1,1,1,1,0,0,1
3018524,1,1,1,1,0,0,1
3018564,1,1,1,1,0,0,1
3018873,1,1,1,1,0,0,1
3019207,1,1,1,1,0,0,1
3019274,1,1,1,1,0,0,1
3019364,1,1,1,1,0,0,1
3019436,1,1,1,1,0,0,1
3019549,1,1,1,1,0,0,1
3020240,1,1,1,1,0,0,1
3020501,1,1,1,1,0,0,1
3020668,1,1,1,1,0,0,1
3021020,1,1,1,1,0,0,1
3021163,1,1,1,1,0,0,1
3021181,1,1,1,1,0,0,1
3021298,1,1,1,1,0,0,1
3021392,1,1,1,1,0,0,1
3021843,1,1,1,1,0,0,1
3022052,1,1,1,1,0,0,1
3022172,1,1,1,1,0,0,1
3022671,1,1,1,1,0,0,1
3023340,1,1,1,1,0,0,1
3023431,1,1,1,1,0,0,1
3024173,1,1,1,1,0,0,0
3024599,1,1,1,1,0,0,1
3024885,1,1,1,0,0,0,1
3025575,1,1,1,1,0,0,1
3027803,1,1,1,1,0,0,1
3028349,1,1,1,0,0,0,0
3028466,1,1,1,1,0,0,0
3028535,1,1,1,1,0,0,1
3029081,1,1,1,1,0,0,1
3029220,1,1,1,1,0,0,0
3029291,1,1,1,1,0,0,1
3029981,1,1,1,1,0,0,1
3030096,1,1,1,0,0,0,1
3030359,1,1,1,1,0,0,1
3030500,1,1,1,1,0,0,0
3030542,1,1,1,1,0,0,1
3030873,1,1,1,1,0,0,1
3030940,1,1,1,1,0,0,1
3031131,1,1,1,1,0,0,1
3031822,1,1,1,1,0,0,1
3032037,1,1,1,1,0,0,0
3032101,1,1,1,0,0,0,1
3032554,1,1,1,1,0,0,1
3032769,1,1,1,1,0,0,1
3035261,1,1,1,1,0,0,1
3036169,1,1,1,0,0,0,1
3037125,1,1,1,1,0,0,1
3037672,1,1,1,1,0,0,0
3037933,1,1,1,1,0,0,1
3038116,1,1,1,1,0,0,0
3038307,1,1,1,1,0,0,0
3038544,1,1,1,1,0,0,1
3039141,1,1,1,1,0,0,1
3039277,1,1,1,1,0,0,0
3039392,1,0,0,0,0,0,1
3039726,1,1,1,1,0,0,0
3039940,1,1,1,1,0,0,1
3040607,1,1,1,1,0,0,1
3040888,1,1,1,1,0,0,1
3042233,1,1,1,1,0,0,1
3043354,1,1,1,1,0,0,1
3043357,1,1,1,1,0,0,1
3043584,1,1,1,1,0,0,1
3043824,1,1,1,1,0,0,1
3043843,1,1,1,1,0,0,1
3044967,1,1,1,1,0,0,1
3044969,1,1,1,0,0,0,1
3045318,1,1,1,1,0,0,1
3045579,1,0,0,0,0,0,1
3045932,1,1,1,1,0,0,1
3046149,1,1,1,1,0,0,1
3046429,1,1,1,1,0,0,0
3046812,1,1,1,1,0,0,1
3047236,0,0,0,0,0,0,1
3047569,1,1,1,0,0,0,1
3047806,1,1,1,1,0,0,1
3048285,1,1,1,1,0,0,1
3048640,1,1,1,1,0,0,1
3048728,1,1,1,0,0,0,1
3048823,1,1,1,1,0,0,1
3049010,1,1,1,1,0,0,1
3049177,1,1,1,0,0,0,1
3049361,1,1,1,0,0,0,1
3049527,1,1,1,0,0,0,1
3050097,1,1,1,1,0,0,1
3050765,1,1,0,0,0,0,1
3051413,1,1,1,0,0,0,1
3051837,1,1,1,1,0,0,1
3052005,0,0,0,0,0,0,1
3052432,1,1,1,1,0,0,1
3052859,1,1,1,0,0,0,1
3052877,1,1,1,1,0,0,1
3052898,1,1,1,0,0,0,1
3053735,1,1,1,1,0,0,1
3053969,1,1,1,1,0,0,1
3054060,1,1,1,1,0,0,1
3055088,1,1,1,1,0,0,1
3056164,1,1,1,1,0,0,1
3058901,1,1,1,1,0,0,1
3059159,1,1,1,0,0,0,1
3059489,1,1,1,1,0,0,1
3059608,1,1,1,1,0,0,0
3059986,1,1,1,0,0,0,1
3060007,1,1,1,1,0,0,1
3061921,1,1,1,1,0,0,1
3063263,1,1,1,1,0,0,1
3063352,1,1,1,1,0,0,0
3063686,1,1,1,1,0,0,1
3064498,1,1,1,0,0,0,1
3065407,1,1,1,0,0,0,1
3066077,1,1,1,1,0,0,0
3066191,1,1,1,1,0,0,1
3066788,1,1,1,1,0,0,0
3067525,1,1,1,0,0,0,1
3067739,1,1,1,1,0,0,1
3067783,0,0,0,0,0,0,1
3067949,1,1,1,1,1,1,0
3068256,1,1,1,1,0,0,1
3069113,1,1,1,1,0,0,1
3069209,1,1,1,1,0,0,1
3069253,0,0,0,0,0,0,1
3069268,1,1,1,1,0,0,1
3069387,1,1,1,1,0,0,1
3069431,0,0,0,0,0,0,1
3069932,1,1,1,1,0,0,1
3070001,1,1,1,1,0,0,1
3070112,1,1,1,1,0,0,1
3071361,1,1,1,1,0,0,1
3071642,1,1,1,1,0,0,0
3071901,0,0,0,0,0,0,1
3072569,1,1,1,1,0,0,1
3073405,1,1,1,1,0,0,1
3073408,1,1,1,1,0,0,1
3074216,1,1,1,1,0,0,1
3074521,1,1,1,1,0,0,1
3075502,1,1,1,1,0,0,1
3075980,1,1,1,1,0,0,1
3076599,1,1,1,1,0,0,0
3077288,1,1,1,1,0,0,0
3077528,1,1,1,1,0,0,1
3077617,1,1,1,1,0,0,1
3078020,1,1,1,0,0,0,1
3078525,1,1,1,1,0,0,0
3079284,1,1,1,1,0,0,1
3080317,1,1,1,1,0,0,1
3080645,1,1,1,1,0,0,1
3080714,1,1,1,1,0,0,1
3080924,1,1,1,0,0,0,1
3081667,1,1,1,1,0,0,1
3083007,1,1,1,0,0,0,1
3083458,1,1,1,1,0,0,1
3083577,1,1,1,1,0,0,1
3083616,1,1,1,1,0,0,1
3083660,0,0,0,0,0,0,1
3084597,1,1,1,0,0,0,1
3084687,1,1,1,1,0,0,1
3084688,1,1,1,1,0,0,0
3084727,0,0,0,0,0,0,1
3086380,1,1,1,1,0,0,1
3087694,1,1,1,1,0,0,1
3087784,1,1,1,1,0,0,1
3087805,1,1,1,1,0,0,0
3088760,1,1,1,0,0,0,1
3088927,1,1,1,1,0,0,1
3089164,1,1,1,1,0,0,1
3089182,1,1,1,1,0,0,1
3089373,1,1,1,1,0,0,1
3089417,0,0,0,0,0,0,1
3089937,1,1,1,1,0,0,1
3091612,1,1,1,1,0,0,1
3092762,1,1,1,0,0,0,1
3093311,1,1,1,1,0,0,1
3093329,1,1,1,0,0,0,1
3093372,1,1,1,1,0,0,1
3093780,1,1,1,1,0,0,1
3094013,1,1,1,1,0,0,1
3094157,1,1,1,1,0,0,1
3094437,1,0,0,0,0,0,1
3094914,1,1,1,1,0,0,1
3095293,1,1,1,1,0,0,1
3095963,1,1,1,0,0,0,1
3097206,1,1,1,1,0,0,1
3097373,1,1,1,1,0,0,1
3099240,1,1,1,1,0,0,1
3099713,1,1,1,0,0,0,1
3099734,1,1,1,1,0,0,1
3099778,0,0,0,0,0,0,1
3100540,1,1,1,1,0,0,0
3101236,1,1,1,1,0,0,1
3101377,1,1,1,1,0,0,1
3102088,1,1,1,1,0,0,1
3102181,1,1,1,1,0,0,1
3102225,0,0,0,0,0,0,1
3102990,1,1,1,1,0,0,1
3103131,1,1,1,1,0,0,0
3103176,1,1,1,1,0,0,1
3103177,1,1,1,1,0,0,1
3104009,1,1,1,1,0,0,1
3104120,1,1,1,1,0,0,1
3104553,1,0,0,0,0,0,1
3104835,1,1,1,1,0,0,1
3105068,1,1,1,0,0,0,1
3105210,1,1,1,1,0,0,1
3107485,1,1,1,1,0,0,1
3107533,1,1,1,1,0,0,1
3107692,1,1,1,1,0,0,1
3107740,1,1,1,1,0,0,1
3107830,1,1,1,1,0,0,1
3108760,1,1,1,1,0,0,1
3108854,1,1,1,1,0,0,1
3108897,1,1,1,1,0,0,1
3108901,1,1,1,1,0,0,1
3109898,1,1,1,1,0,0,1
3110089,1,1,1,1,0,0,1
3110177,1,1,1,1,0,0,1
3110941,1,1,1,1,0,0,1
3111059,1,1,1,1,0,0,1
3112088,1,1,1,1,0,0,1
3112089,1,1,1,1,0,0,1
3112606,1,1,1,1,0,0,1
3112912,1,1,1,1,0,0,1
3113129,1,1,1,1,0,0,1
3113338,1,1,1,1,0,0,1
3113340,1,1,1,1,0,0,1
3114221,1,1,1,1,0,0,1
3114262,1,1,1,1,0,0,1
3114928,1,1,1,1,0,0,1
3115145,1,1,1,1,0,0,1
3115258,1,1,1,1,0,0,1
3116069,1,1,1,1,0,0,1
3116328,1,1,1,1,0,0,1
3116616,1,1,1,1,0,0,1
3116634,1,1,1,1,0,0,1
3116657,1,1,1,1,0,0,1
3117368,1,1,1,0,0,0,1
3117606,1,1,1,1,0,0,1
3117844,1,1,1,1,0,0,1
3118199,1,1,1,0,0,0,0
3118218,1,1,1,1,0,0,1
3118289,1,1,1,1,0,0,1
3118353,1,1,1,1,0,0,1
3118568,1,1,1,0,0,0,1
3118778,1,1,1,1,0,0,1
3118965,1,1,1,1,0,0,1
3119128,1,1,1,1,0,0,1
3119608,1,1,1,1,0,0,1
3119819,1,1,1,1,0,0,1
3120105,1,1,1,1,0,0,1
3120552,1,1,1,0,0,0,1
3120693,1,1,1,1,0,0,1
3121123,1,1,1,1,0,0,1
3121167,0,0,0,0,0,0,1
3121186,1,1,1,0,0,0,1
3121424,1,1,1,1,0,0,1
3121560,1,1,1,1,0,0,1
3121581,1,1,1,1,0,0,1
3121795,1,0,0,0,0,0,1
3122081,1,1,1,1,0,0,1
3122098,1,0,0,0,0,0,1
3122788,1,1,1,1,0,0,1
3123077,1,1,1,0,0,0,1
3123311,1,1,1,1,0,0,1
3123500,1,1,1,1,0,0,1
3123853,1,1,1,0,0,0,1
3123897,0,0,0,0,0,0,1
3124041,1,1,1,1,0,0,1
3124443,1,1,1,0,0,0,1
3124680,1,1,1,1,0,0,1
3124744,1,1,1,1,0,0,1
3124958,1,1,1,1,0,0,1
3125149,1,1,1,0,0,0,1
3125285,1,1,1,1,0,0,1
3125594,1,1,1,1,0,0,1
3125924,1,1,1,0,0,0,1
3126259,1,1,1,1,0,0,1
3126449,1,1,1,1,0,0,1
3126492,1,1,1,0,0,0,1
3127183,1,1,1,1,0,0,1
3127296,1,1,1,1,0,0,1
3128061,1,1,1,1,0,0,1
3128348,1,1,1,1,0,0,1
3128801,1,1,1,1,0,0,1
3129154,1,1,1,1,0,0,1
3129679,1,1,1,0,0,0,1
3130373,1,1,1,0,0,0,1
3130413,1,1,1,1,0,0,1
3130648,1,1,1,1,0,0,1
3130815,1,1,1,0,0,0,1
3131004,1,1,1,1,0,0,1
3131142,1,1,1,0,0,0,1
3131717,1,1,1,1,0,0,1
3132045,1,1,1,0,0,0,1
3132307,1,1,1,0,0,0,1
3132568,1,1,1,0,0,0,1
3132685,1,1,1,0,0,0,1
3132702,1,1,1,0,0,0,1
3132843,1,0,0,0,0,0,1
3132887,0,0,0,0,0,0,1
3133698,1,1,1,0,0,0,1
3133980,1,1,1,0,0,0,1
3134217,1,1,1,0,0,0,1
3134551,1,1,1,0,0,0,1
3135413,1,1,1,1,0,0,1
3136053,1,1,1,1,0,0,1
3136432,1,1,1,0,0,0,1
3136625,1,1,1,1,0,0,1
3136689,1,1,1,0,0,0,1
3136855,1,1,1,0,0,0,1
3137068,1,1,1,1,0,0,1
3137401,1,1,1,0,0,0,1
3137489,1,1,1,0,0,0,1
3137604,1,1,1,0,0,0,1
3138082,1,1,1,1,0,0,1
3138296,1,1,1,0,0,0,1
3138435,1,1,1,1,0,0,1
3138577,1,1,1,0,0,0,1
3138952,1,1,1,0,0,0,1
3139143,1,1,1,1,0,0,1
3139524,1,1,1,0,0,0,1
3139665,1,1,1,1,0,0,1
3140476,1,1,1,0,0,0,1
3140516,1,1,1,1,0,0,1
3140562,1,1,1,0,0,0,1
3140800,0,0,0,0,0,0,1
3140936,0,0,0,0,0,0,1
3141057,1,1,1,0,0,0,1
3141362,1,0,0,0,0,0,1
3141741,1,1,1,1,0,0,1
3141956,1,1,1,1,0,0,1
3141996,1,1,1,0,0,0,1
3142114,1,1,1,0,0,0,1
3142712,1,1,1,1,0,0,1
3142756,0,0,0,0,0,0,1
3142777,1,1,1,1,0,0,1
3143104,1,1,1,0,0,0,1
3143704,1,1,1,1,0,0,1
3144201,1,1,1,0,0,0,1
3144345,1,1,1,1,0,0,1
3144867,1,1,1,0,0,0,1
3144936,1,1,1,1,0,0,1
3145101,1,1,1,0,0,0,1
3146104,1,1,1,0,0,0,1
3146148,0,0,0,0,0,0,1
3146309,1,1,1,1,0,0,1
3146403,1,1,1,1,0,0,1
3147000,1,1,1,1,0,0,1
3147233,1,1,1,1,0,0,1
3149009,1,1,1,1,0,0,1
3149073,1,1,1,0,0,0,1
3149262,1,1,1,0,0,0,0
3149595,1,1,1,0,0,0,1
3149832,1,1,1,1,0,0,1
3149973,1,0,0,0,0,0,1
3150252,1,1,1,1,0,0,0
3151041,1,1,1,0,0,0,1
3151044,1,1,1,1,0,0,1
3151045,1,1,1,1,0,0,1
3151220,1,1,1,0,0,0,1
3151749,1,1,1,0,0,0,1
3152582,1,1,1,1,0,0,1
3153204,1,1,1,0,0,0,1
3153532,1,1,1,1,0,0,1
3153745,1,1,1,1,1,1,0
3154033,1,1,1,1,0,0,1
3155491,1,1,1,0,0,0,1
3155493,1,1,1,1,0,0,1
3155533,0,0,0,0,0,0,1
3155596,1,1,1,0,0,0,1
3155665,1,1,1,1,0,0,1
3156024,1,1,1,1,0,0,1
3158010,1,1,1,1,0,0,1
3158077,1,1,1,1,0,0,1
3158245,1,1,1,1,0,0,1
3158431,1,1,1,1,0,0,1
3159001,1,0,0,0,0,0,1
3159045,0,0,0,0,0,0,1
3159235,1,1,1,0,0,0,1
3159518,1,1,1,1,0,0,1
3160356,1,1,1,1,0,0,1
3160401,1,1,1,1,0,0,1
3160445,0,0,0,0,0,0,1
3160821,1,1,1,1,0,0,1
3161393,1,0,0,0,0,0,1
3162756,1,1,1,1,0,0,0
3162800,0,0,0,0,0,0,1
3163833,1,1,1,1,0,0,1
3164377,1,1,1,1,0,0,1
3165140,1,1,1,1,0,0,1
3165163,1,1,1,1,0,0,1
3166476,1,1,1,0,0,0,1
3166690,1,1,1,1,0,0,0
3167336,1,1,1,0,0,0,1
3167617,1,1,1,0,0,0,1
3167713,1,1,1,1,0,0,1
3168018,1,1,1,1,0,0,1
3168804,1,1,1,1,0,0,1
3168947,1,1,1,1,0,0,1
3169352,1,1,1,1,0,0,1
3169730,1,1,1,1,0,0,1
3170184,1,1,1,1,0,0,1
3172912,1,1,1,0,0,0,1
3173676,1,1,1,1,0,0,1
3173914,1,1,1,1,0,0,1
3174053,1,1,1,1,0,0,1
3174436,1,1,1,0,0,0,1
3174889,1,1,1,1,0,0,0
3176131,1,1,1,0,0,0,0
3176484,1,1,1,1,0,0,1
3177464,1,1,1,1,0,0,1
3178924,1,1,1,1,0,0,1
3180146,1,1,1,1,0,0,1
3180572,1,1,1,1,0,0,1
3181241,1,1,1,0,0,0,0
3181624,1,1,1,1,0,0,0
3182077,1,1,1,0,0,0,0
3182548,1,1,1,1,0,0,1
3182643,1,1,1,1,0,0,1
3185133,1,1,1,0,0,0,1
3185733,1,1,1,0,0,0,1
3185776,1,1,1,1,0,0,1
3185793,1,0,0,0,0,0,1
3187326,1,1,1,0,0,0,0
3187732,1,1,1,0,0,0,1
3188831,1,1,1,0,0,0,1
3188925,1,1,1,0,0,0,1
3189348,1,1,1,1,0,0,1
3190189,1,1,0,0,0,0,1
3191479,1,1,1,1,0,0,1
3192508,1,1,1,0,0,0,1
3192981,1,1,1,1,0,0,0
3193721,1,0,0,0,0,0,1
3194437,1,0,0,0,0,0,1
3194506,1,1,1,1,0,0,0
3194647,1,1,1,1,0,0,1
3195168,1,1,1,1,0,0,1
3195289,1,1,1,0,0,0,1
3195378,1,0,0,0,0,0,1
3195733,1,1,0,0,0,0,1
3195752,1,0,0,0,0,0,1
3195823,1,1,1,1,0,0,1
3195916,1,1,1,1,0,0,1
3196057,1,0,0,0,0,0,1
3196436,1,0,0,0,0,0,1
3196697,1,0,0,0,0,0,1
3196714,1,1,1,1,0,0,1
3197045,1,1,1,1,0,0,1
3197402,1,0,0,0,0,0,1
3197544,1,1,1,1,0,0,1
3197851,1,1,1,1,0,0,1
3197897,1,0,0,0,0,0,1
3198108,1,0,0,0,0,0,1
3198341,1,1,1,1,0,0,1
3199204,1,1,0,0,0,0,1
3199244,1,1,1,1,0,0,1
3199317,1,1,1,0,0,0,1
3199791,1,1,1,1,0,0,1
3199881,1,1,1,1,0,0,1
3199902,1,1,1,1,0,0,1
3200667,1,1,0,0,0,0,1
3200757,1,1,0,0,0,0,1
3201426,1,1,1,1,0,0,1
3201469,1,0,0,0,0,0,1
3202090,1,0,0,0,0,0,1
3202134,0,0,0,0,0,0,1
3202203,0,0,0,0,0,0,1
3202461,1,1,1,1,0,0,1
3203009,1,0,0,0,0,0,1
3203028,1,1,1,1,0,0,1
3203457,1,0,0,0,0,0,1
3203671,1,1,1,1,0,0,1
3204341,1,1,1,1,0,0,1
3204840,1,1,1,1,0,0,1
3204881,1,1,1,1,0,0,1
3205312,1,0,0,0,0,0,1
3205356,0,0,0,0,0,0,1
3205373,1,0,0,0,0,0,1
3205776,1,1,1,1,0,0,1
3206183,1,1,1,1,0,0,1
3206632,1,1,1,1,0,0,1
3207807,1,1,1,1,0,0,1
3208259,1,0,0,0,0,0,1
3208470,1,1,1,1,0,0,1
3208972,1,1,1,1,0,0,1
3209449,1,1,1,1,0,0,1
3209754,1,1,1,1,0,0,1
3210084,1,1,1,1,0,0,1
3210274,1,0,0,0,0,0,1
3210849,1,1,1,1,0,0,1
3211180,1,1,1,1,0,0,1
3212328,1,1,1,0,0,0,1
3212537,1,1,1,0,0,0,0
3212558,1,1,1,1,0,0,1
3212938,1,0,0,0,0,0,1
3213057,1,1,1,0,0,0,1
3213096,1,1,1,1,0,0,1
3214126,1,1,1,1,0,0,1
3214504,1,1,1,1,0,0,1
3214886,1,1,1,1,0,0,1
3215148,1,1,1,1,0,0,1
3215407,1,1,1,1,0,0,0
3215472,1,1,1,1,0,0,1
3215929,1,1,1,1,0,0,1
3216329,1,1,1,1,0,0,1
3217983,1,1,1,1,0,0,1
3218050,1,1,1,1,0,0,1
3218265,1,1,1,1,0,0,1
3218309,0,0,0,0,0,0,1
3218660,1,1,1,1,0,0,1
3219569,1,1,1,1,0,0,1
3219617,1,1,1,1,0,0,1
3219997,1,0,0,0,0,0,1
3220062,1,1,1,1,0,0,1
3220300,1,1,1,1,0,0,1
3220604,1,1,1,1,0,0,1
3220891,1,1,1,1,0,0,1
3221318,1,1,1,1,0,0,1
3221772,1,1,1,1,0,0,1
3221789,1,1,1,1,0,0,1
3222216,1,1,1,1,0,0,1
3222432,1,1,1,1,0,0,1
3222449,1,1,1,1,0,0,1
3222662,1,1,1,1,0,0,1
3222824,1,0,0,0,0,0,1
3223183,1,1,1,1,0,0,1
3223372,1,1,1,1,0,0,1
3223750,1,1,1,0,0,0,1
3223912,1,1,1,0,0,0,1
3224245,1,1,1,1,0,0,1
3224460,1,1,1,1,0,0,1
3224718,1,1,1,1,0,0,1
3224741,1,1,1,0,0,0,1
3224831,1,1,1,1,0,0,1
3224920,1,1,1,1,0,0,1
3225061,1,1,1,0,0,0,1
3225709,1,1,1,1,0,0,1
3225848,1,1,1,1,0,0,1
3226418,1,1,1,0,0,0,1
3226436,1,1,1,0,0,0,1
3226843,1,1,1,0,0,0,1
3226984,1,1,1,1,0,0,1
3227001,1,1,1,0,0,0,1
3227193,1,1,1,1,0,0,1
3227784,1,1,1,1,0,0,1
3227806,1,1,1,1,0,0,1
3227824,0,0,0,0,0,0,1
3228327,1,1,1,0,0,0,1
3228708,1,1,1,1,0,0,1
3228753,1,1,1,1,0,0,1
3228770,1,1,1,1,0,0,1
3229197,1,1,1,0,0,0,1
3229389,1,1,1,1,0,0,1
3229456,1,1,1,1,0,0,1
3229568,1,1,1,1,0,0,1
3230332,1,1,1,1,0,0,1
3230353,1,1,1,1,0,0,1
3230497,1,1,1,1,0,0,1
3230539,1,1,1,1,0,0,1
3231036,1,1,1,1,0,0,1
3231252,1,1,1,1,0,0,1
3231318,1,1,1,1,0,0,1
3231675,1,1,1,1,0,0,1
3231740,1,1,1,1,0,0,1
3231789,1,1,1,1,0,0,1
3231997,1,1,1,1,0,0,1
3232018,1,1,1,0,0,0,1
3232376,1,1,1,1,0,0,1
3232491,1,1,1,1,0,0,1
3232964,1,1,1,1,0,0,1
3233201,1,1,1,1,0,0,1
3233440,1,1,1,1,0,0,1
3233626,1,1,1,0,0,0,1
3233648,0,0,0,0,0,0,1
3233667,1,1,1,1,0,0,1
3234262,1,1,1,0,0,0,1
3234449,1,0,0,0,0,0,1
3234452,1,1,1,1,0,0,1
3235043,1,0,0,0,0,0,1
3235113,1,1,1,1,0,0,1
3235156,1,1,1,1,0,0,1
3235557,1,1,1,1,0,0,1
3236416,1,1,1,1,0,0,1
3236487,1,1,1,1,0,0,1
3236770,1,1,1,1,0,0,1
3237005,1,1,1,1,0,0,1
3237048,1,1,1,1,0,0,1
3237624,1,1,1,1,0,0,1
3238528,1,1,1,1,0,0,1
3238909,1,1,1,1,0,0,1
3239004,1,1,1,1,0,0,1
3239025,1,1,1,1,0,0,1
3240024,1,1,1,0,0,0,1
3240093,1,1,1,1,0,0,1
3240140,1,1,1,1,0,0,1
3240785,1,1,1,1,0,0,1
3240849,1,1,1,1,0,0,1
3241158,1,1,1,1,0,0,1
3241202,0,0,0,0,0,0,1
3241773,1,1,1,1,0,0,1
3241795,1,1,1,1,0,0,1
3242129,1,1,1,0,0,0,1
3242290,1,1,1,1,0,0,1
3242384,1,1,1,1,0,0,1
3242448,1,1,1,0,0,0,1
3243287,1,1,1,1,0,0,1
3243618,1,1,1,1,0,0,1
3244096,1,1,1,0,0,0,1
3244140,0,0,0,0,0,0,1
3244184,0,0,0,0,0,0,1
3244369,1,1,1,1,0,0,1
3244556,1,1,1,1,0,0,1
3245560,1,1,1,0,0,0,1
3246543,1,1,1,1,0,0,1
3246610,1,1,1,1,0,0,1
3246992,1,1,1,1,0,0,1
3247249,1,1,1,1,0,0,1
3247942,1,1,1,1,0,0,1
3248828,1,1,1,0,0,0,1
3249013,1,1,1,1,0,0,1
3249015,1,1,1,1,0,0,1
3249273,1,1,1,1,0,0,0
3250203,1,1,1,1,0,0,1
3250558,1,1,1,1,0,0,1
3251296,1,1,1,1,0,0,1
3251798,1,1,1,1,0,0,1
3252300,1,1,1,1,0,0,1
3252509,1,1,1,1,0,0,1
3252528,1,1,1,0,0,0,1
3252598,1,1,1,1,0,0,1
3253005,1,1,1,0,0,0,1
3253790,1,1,1,0,0,0,1
3253957,1,1,0,0,0,0,1
3254001,0,0,0,0,0,0,1
3257261,1,1,1,1,0,0,1
3257375,1,1,1,1,0,0,0
3257562,1,1,1,0,0,0,1
3259212,1,1,1,1,0,0,1
3259379,1,1,1,1,0,0,1
3259472,1,1,1,0,0,0,0
3259681,1,1,1,1,0,0,0
3259799,1,0,0,0,0,0,1
3260540,1,1,1,0,0,0,1
3260749,1,1,1,1,0,0,1
3260796,0,0,0,0,0,0,1
3261921,1,1,1,1,0,0,1
3262152,1,1,1,1,0,0,1
3262156,1,1,1,1,0,0,1
3262457,1,1,1,1,0,0,1
3262501,0,0,0,0,0,0,1
3264227,1,1,1,0,0,0,1
3264413,1,1,1,1,0,0,1
3264722,1,1,1,1,0,0,0
3265799,1,1,1,1,0,0,1
3266059,0,0,0,0,0,0,1
3267302,1,1,1,1,0,0,1
3267325,1,1,1,1,0,0,1
3267677,1,1,1,1,0,0,1
3267721,0,0,0,0,0,0,1
3269277,1,1,1,1,0,0,1
3269320,1,1,1,1,0,0,0
3269324,1,1,1,1,0,0,0
3269989,1,1,1,1,0,0,1
3270056,1,1,1,1,0,0,1
3270627,1,1,1,1,0,0,1
3270864,1,1,1,1,0,0,1
3271144,1,1,1,1,0,0,1
3271407,1,1,1,1,0,0,1
3271691,0,0,0,0,0,0,1
3271712,1,1,1,1,0,0,1
3272499,1,1,1,1,0,0,1
3272520,1,1,1,1,0,0,1
3272852,1,0,0,0,0,0,1
3272896,0,0,0,0,0,0,1
3273153,1,1,1,1,0,0,1
3273270,1,1,1,1,0,0,1
3273483,0,0,0,0,0,0,1
3274224,1,1,1,1,0,0,1
3274264,1,1,1,1,0,0,1
3274524,0,0,0,0,0,0,1
3274953,1,1,1,1,0,0,1
3274997,0,0,0,0,0,0,1
3275307,1,1,1,1,0,0,1
3275756,1,1,1,1,0,0,1
3275800,0,0,0,0,0,0,1
3275965,1,1,1,1,0,0,1
3276034,1,1,1,1,0,0,1
3276896,1,1,1,1,0,0,1
3276912,1,1,1,1,0,0,1
3276915,1,1,1,1,0,0,1
3277029,1,1,1,1,0,0,1
3278198,1,1,1,0,0,0,1
3278696,1,1,1,1,0,0,1
3279079,1,1,1,1,0,0,1
3280128,1,1,1,1,0,0,1
3281328,1,1,1,1,0,0,1
3281445,1,1,1,1,0,0,1
3282998,1,1,1,1,0,0,1
3283137,1,1,1,1,0,0,0
3283161,1,1,1,1,0,0,1
3283467,1,1,1,1,0,0,1
3284209,1,1,1,1,0,0,1
3284440,1,1,1,1,0,0,1
3284559,1,1,1,1,0,0,1
3285875,1,1,1,1,0,0,1
3285942,1,1,1,1,0,0,1
3286537,1,1,1,1,0,0,1
3286604,1,1,1,1,0,0,1
3286626,1,1,1,1,0,0,1
3286958,0,0,0,0,0,0,1
3287027,1,1,1,1,0,0,1
3287285,1,1,1,1,0,0,1
3287477,1,1,1,1,0,0,1
3287732,1,1,1,1,0,0,1
3287877,1,0,0,0,0,0,1
3288472,1,1,1,1,0,0,0
3288680,1,1,1,1,0,0,1
3288821,1,1,1,1,0,0,1
3288963,1,1,1,1,0,0,1
3289057,1,1,1,1,0,0,1
3289817,1,1,1,0,0,0,1
3290340,1,1,1,1,0,0,1
3290554,1,1,1,1,0,0,1
3290791,1,1,1,1,0,0,1
3290793,1,1,1,1,0,0,1
3290904,1,1,1,0,0,0,1
3291233,1,1,1,1,0,0,1
3291543,1,1,1,1,0,0,1
3292378,1,1,1,1,0,0,1
3292422,0,0,0,0,0,0,1
3293140,1,1,1,1,0,0,1
3293255,1,1,1,0,0,0,1
3293464,1,1,1,0,0,0,1
3293702,1,1,1,1,0,0,1
3294826,1,1,1,1,0,0,1
3294919,1,1,1,1,0,0,1
3295009,1,1,1,1,0,0,1
3295102,0,0,0,0,0,0,1
3295843,1,1,1,1,0,0,1
3296009,1,1,1,1,0,0,1
3296384,1,1,1,1,0,0,1
3296527,1,1,1,1,0,0,1
3297050,1,1,1,1,0,0,1
3297188,1,1,1,1,0,0,1
3297356,1,1,1,1,0,0,1
3297804,1,1,1,1,0,0,1
3297970,1,1,1,1,0,0,1
3298159,1,1,1,1,0,0,1
3298849,1,1,1,1,0,0,1
3299014,1,1,1,1,0,0,1
3299176,1,1,1,0,0,0,1
3299557,1,1,1,1,0,0,1
3299816,1,1,1,1,0,0,1
3300079,1,1,1,1,0,0,1
3300821,1,1,1,1,0,0,1
3300836,1,1,1,1,0,0,1
3301171,1,1,1,1,0,0,1
3302033,1,1,1,1,0,0,1
3302553,1,1,1,1,0,0,1
3302646,1,1,1,1,0,0,1
3304516,1,1,1,1,0,0,0
3305636,1,1,1,1,0,0,1
3305756,1,1,1,1,0,0,1
3307455,1,1,1,1,0,0,1
3307880,1,1,1,1,0,0,1
3307884,1,1,1,1,0,0,1
3308237,1,1,1,1,0,0,1
3308348,1,0,0,0,0,0,1
3308490,1,1,1,1,1,1,0
3308605,1,1,1,1,0,0,1
3309056,1,1,1,1,0,0,1
3309461,1,1,0,0,0,0,1
3309605,1,1,1,1,1,1,0
3310030,1,1,0,0,0,0,1
3310220,1,1,1,1,0,0,1
3310261,1,1,1,1,0,0,1
3310545,0,0,0,0,0,0,1
3310614,1,1,1,1,0,0,1
3310948,1,1,1,1,0,0,1
3310990,1,0,0,0,0,0,1
3311273,1,1,1,1,0,0,1
3311462,1,0,0,0,0,0,1
3311792,1,1,1,1,0,0,1
3313156,1,1,1,1,0,0,1
3314140,1,1,1,1,0,0,1
3314420,1,1,1,1,0,0,1
3314587,1,1,0,0,0,0,0
3314678,1,1,1,1,0,0,1
3314724,1,1,1,1,0,0,1
3315823,1,1,1,1,0,0,1
3316272,1,1,1,1,1,1,0
3316630,1,1,1,1,0,0,1
3316749,1,1,1,0,0,0,0
3317199,1,1,1,1,0,0,1
3317509,1,1,1,1,0,0,1
3317816,1,1,1,1,0,0,1
3317957,1,0,0,0,0,0,1
3318143,1,1,1,1,0,0,1
3318376,1,1,1,1,0,0,1
3318421,1,1,1,1,0,0,0
3318587,1,0,0,0,0,0,1
3318631,0,0,0,0,0,0,1
3319013,1,1,1,1,0,0,1
3319245,1,1,1,1,0,0,1
3319315,1,1,1,1,0,0,1
3319548,1,1,1,0,0,0,1
3320195,1,1,1,1,0,0,1
3320505,1,1,1,1,0,0,1
3320549,0,0,0,0,0,0,1
3320591,1,0,0,0,0,0,1
3320704,1,1,1,1,0,0,1
3320966,1,1,1,1,0,0,1
3321251,1,1,1,1,0,0,1
3321340,1,1,1,1,0,0,1
3321457,1,1,1,1,0,0,1
3321601,1,1,1,1,0,0,1
3322024,1,1,1,1,0,0,1
3322457,1,1,1,1,0,0,1
3323099,1,1,1,0,0,0,1
3323101,1,1,1,1,0,0,1
3323161,1,1,1,1,0,0,1
3323734,1,1,1,1,0,0,1
3324210,1,1,0,0,0,0,1
3324211,1,1,1,0,0,0,1
3324225,1,1,1,1,0,0,1
3324321,1,1,1,0,0,0,1
3324916,1,1,1,1,0,0,0
3325321,1,1,1,1,0,0,1
3325840,1,1,1,1,0,0,1
3325865,1,0,0,0,0,0,1
3326049,1,1,1,1,0,0,1
3326093,0,0,0,0,0,0,1
3326115,1,1,1,0,0,0,1
3326280,1,1,1,0,0,0,1
3326488,1,1,1,0,0,0,1
3326583,1,0,0,0,0,0,1
3326845,1,1,1,0,0,0,1
3327148,1,1,1,0,0,0,1
3328037,1,1,1,1,0,0,1
3328341,1,1,1,0,0,0,1
3329440,1,1,1,0,0,0,1
3329750,1,1,1,1,0,0,1
3329939,1,1,1,1,0,0,1
3330009,1,1,1,0,0,0,1
3330100,1,1,1,0,0,0,1
3332662,1,1,1,1,0,0,1
3332851,1,1,1,0,0,0,1
3334405,1,1,1,1,0,0,1
3336632,1,1,1,1,0,0,0
3336871,1,1,1,0,0,0,1
3337205,1,1,1,1,0,0,0
3337296,1,1,1,0,0,0,0
3337314,1,1,1,0,0,0,1
3337911,1,1,1,0,0,0,1
3338936,1,1,1,0,0,0,1
3339654,1,1,1,0,0,0,1
3340153,1,1,1,1,0,0,1
3340584,1,1,1,1,0,0,1
3342114,1,1,1,1,0,0,1
3342184,1,1,1,1,0,0,1
3342344,1,1,1,0,0,0,1
3342389,1,1,1,1,0,0,1
3343157,1,1,1,1,0,0,1
3343343,1,1,1,1,0,0,1
3343578,1,1,1,1,0,0,1
3344104,1,1,1,1,0,0,1
3344722,1,1,1,1,0,0,1
3344861,1,1,1,1,0,0,1
3346707,1,1,1,1,0,0,1
3348097,1,1,1,1,0,0,1
3348403,1,1,1,1,0,0,1
3349524,1,1,1,1,0,0,0
3351227,1,1,1,0,0,0,1
3351296,1,1,1,1,0,0,0
3351602,1,1,1,1,0,0,1
3352053,1,1,1,1,0,0,0
3354644,1,1,1,1,0,0,1
3354709,1,1,1,1,0,0,1
3355285,1,1,1,1,0,0,0
3356455,1,1,1,1,0,0,1
3356712,1,1,1,1,0,0,0
3356998,1,1,1,1,0,0,1
3358245,1,1,1,1,0,0,1
3358694,1,1,1,1,0,0,1
3358955,1,1,1,1,0,0,1
3359260,1,1,1,1,0,0,1
3359593,1,1,1,1,0,0,1
3360023,1,1,1,1,0,0,1
3361820,1,1,1,1,0,0,0
3363135,1,1,1,1,0,0,1
3363777,1,1,1,1,0,0,1
3364136,1,1,1,1,0,0,1
3364685,1,1,1,1,0,0,1
3364729,0,0,0,0,0,0,1
3365349,1,1,1,0,0,0,1
3365870,1,1,1,1,0,0,0
3365937,1,1,1,0,0,0,1
3366436,1,1,1,1,0,0,0
3367133,1,1,1,1,0,0,1
3367177,0,0,0,0,0,0,1
3367746,1,1,1,1,0,0,1
3367885,1,1,1,0,0,0,1
3368168,1,1,1,1,0,0,1
3368215,1,1,1,0,0,0,1
3368309,1,1,1,0,0,0,1
3368566,1,1,1,0,0,0,1
3369112,1,1,1,0,0,0,1
3369229,1,1,1,0,0,0,1
3370066,1,1,1,1,0,0,1
3370612,1,1,1,1,0,0,1
3370753,1,1,1,1,0,0,1
3371208,1,1,1,1,0,0,1
3371395,1,1,1,1,0,0,1
3371700,1,1,1,1,0,0,1
3372656,1,1,1,0,0,0,1
3373206,1,1,1,1,1,1,0
3373584,1,1,1,1,0,0,1
3373749,1,1,1,1,0,0,1
3374755,1,1,1,1,0,0,1
3374772,1,1,1,0,0,0,1
3375469,1,1,1,1,0,0,0
3375676,1,1,1,0,0,0,1
3375818,1,1,1,1,0,0,1
3376293,1,1,1,1,0,0,1
3376317,1,1,1,1,0,0,1
3376528,1,1,1,0,0,0,1
3376571,1,1,1,0,0,0,1
3376686,1,1,1,1,0,0,1
3377281,1,1,1,1,0,0,1
3377303,1,1,1,0,0,0,1
3377324,1,1,1,1,0,0,1
3377510,1,1,1,1,0,0,1
3378276,1,1,1,0,0,0,1
3378585,1,1,1,1,0,0,1
3378962,1,1,1,1,0,0,1
3379942,1,1,1,1,0,0,1
3380369,1,1,1,1,0,0,1
3380988,1,1,1,1,0,0,1
3381060,1,1,1,1,0,0,1
3381129,1,1,1,1,0,0,1
3381940,1,1,1,1,0,0,1
3381980,1,1,1,1,0,0,1
3382053,1,1,1,1,0,0,1
3382118,1,1,1,1,0,0,1
3383026,1,1,1,1,0,0,1
3383673,1,1,1,1,0,0,1
3383884,1,1,1,1,0,0,1
3384455,1,1,1,1,0,0,0
3384905,1,1,1,1,0,0,1
3386152,1,1,1,1,0,0,1
3386769,1,1,1,1,0,0,1
3386887,1,1,1,1,0,0,1
3386906,1,1,1,1,0,0,1
3387073,1,1,1,1,0,0,1
3389011,1,1,1,1,0,0,1
3389148,1,1,1,1,0,0,0
3389532,1,1,1,1,0,0,1
3390269,1,1,1,1,0,0,1
3390293,1,1,1,1,0,0,1
3391248,1,1,1,1,0,0,1
3391290,1,1,1,1,0,0,1
3391937,1,1,1,1,0,0,1
3392244,1,1,1,1,0,0,1
3392381,1,1,1,1,0,0,1
3392499,1,1,1,1,0,0,1
3393380,1,1,1,1,0,0,1
3393690,1,1,1,1,0,0,1
3394380,1,1,1,1,0,0,1
3395317,1,1,1,1,0,0,1
3396534,1,1,1,1,0,0,1
3397056,1,1,1,0,0,0,1
3397129,1,1,1,1,0,0,1
3398104,1,1,1,1,0,0,1
3398513,1,1,1,1,0,0,1
3399178,1,1,1,1,0,0,1
3399416,1,1,1,1,0,0,0
3399553,1,1,1,1,0,0,0
3399671,1,1,1,1,0,0,0
3399673,1,1,1,1,0,0,1
3400572,1,1,1,1,0,0,1
3401937,1,1,1,1,0,0,1
3402608,1,1,1,1,0,0,1
3403683,1,1,1,1,0,0,1
3403990,1,1,1,0,0,0,1
3405136,1,1,1,1,0,0,1
3405375,1,1,1,1,0,0,1
3406861,1,1,1,0,0,0,0
3408244,1,1,1,1,0,0,1
3408316,1,1,1,1,0,0,1
3409125,1,1,1,1,0,0,0
3410776,1,1,1,1,0,0,1
3411038,1,1,1,1,0,0,1
3411039,1,1,1,1,0,0,1
3414057,1,1,1,1,0,0,0
3414123,1,1,1,1,0,0,1
3414385,0,0,0,0,0,0,1
3415076,1,1,1,1,0,0,1
3415120,0,0,0,0,0,0,1
3415809,1,1,1,1,0,0,1
3417244,1,1,1,1,0,0,1
3417747,1,1,1,1,0,0,1
3417865,1,1,1,0,0,0,1
3418218,1,1,1,1,0,0,0
3418453,1,1,1,1,0,0,1
3420755,1,1,1,1,0,0,1
3421280,1,1,1,1,0,0,1
3421829,1,1,1,1,0,0,1
3422637,1,1,1,1,0,0,1
3422944,1,1,1,1,0,0,1
3423014,1,1,1,1,0,0,1
3423465,1,1,1,1,0,0,1
3424255,1,1,1,1,0,0,1
3424324,1,1,1,1,0,0,1
3424705,1,1,1,1,0,0,1
3424746,1,1,1,1,0,0,1
3425273,1,0,0,0,0,0,1
3425339,1,1,1,1,0,0,1
3426489,1,1,1,1,0,0,1
3428308,1,1,1,1,0,0,1
3430124,1,1,1,1,0,0,0
3430435,1,1,1,1,0,0,1
3430645,1,1,1,0,0,0,0
3430787,0,0,0,0,0,0,1
3430900,0,0,0,0,0,0,1
3431928,1,1,1,1,0,0,1
3431930,1,1,1,1,0,0,0
3433121,1,1,1,1,0,0,1
3433124,1,1,1,1,0,0,1
3433283,1,0,0,0,0,0,1
3433518,1,1,1,1,0,0,1
3433537,1,0,0,0,0,0,1
3433657,1,1,1,1,0,0,0
3433864,1,1,1,1,0,0,1
3433888,1,1,1,1,0,0,1
3433932,0,0,0,0,0,0,1
3434045,1,0,0,0,0,0,1
3434117,1,0,0,0,0,0,1
3434471,0,0,0,0,0,0,1
3434536,1,1,1,1,0,0,1
3434654,1,1,1,1,0,0,1
3435037,1,1,1,1,0,0,1
3435127,1,1,1,1,0,0,1
3435196,1,1,1,1,0,0,1
3435212,1,1,1,1,0,0,1
3435450,1,1,1,1,0,0,1
3435709,1,1,1,1,0,0,1
3436019,1,1,1,1,0,0,1
3436112,1,1,1,1,0,0,1
3436176,1,1,1,1,0,0,1
3436799,1,1,1,1,0,0,1
3436892,1,1,1,1,0,0,1
3437268,1,1,1,1,0,0,1
3437771,1,1,1,1,0,0,1
3438246,1,1,1,0,0,0,1
3438960,1,1,1,1,0,0,1
3439777,1,1,1,1,0,0,1
3439868,1,1,1,1,0,0,1
3439934,1,1,1,0,0,0,1
3441132,1,1,1,1,0,0,1
3441220,1,1,1,1,0,0,1
3441628,1,0,0,0,0,0,1
3442340,1,1,1,1,0,0,1
3442364,1,1,1,1,0,0,1
3442861,1,1,1,1,0,0,0
3443627,1,1,1,1,0,0,1
3443766,1,1,1,1,0,0,1
3444244,1,1,1,1,0,0,1
3444385,1,1,1,1,0,0,1
3444595,1,1,1,1,0,0,1
3444639,0,0,0,0,0,0,1
3445189,1,1,1,1,0,0,1
3445228,1,1,1,1,0,0,1
3445969,1,1,1,1,0,0,1
3446780,1,1,1,1,0,0,1
3446997,1,1,1,1,0,0,1
3447517,1,1,1,1,0,0,1
3447781,1,1,1,1,0,0,1
3448280,1,1,1,1,0,0,1
3450938,1,1,1,1,0,0,0
3451823,1,1,1,1,0,0,0
3452850,1,1,1,1,0,0,1
3453972,1,1,1,1,0,0,0
3454713,1,1,1,1,0,0,0
3454977,1,1,1,1,0,0,0
3455476,1,1,1,1,0,0,0
3456649,1,1,1,1,0,0,1
3456977,1,1,1,1,0,0,1
3458176,1,1,1,1,0,0,1
3459011,1,1,1,1,0,0,0
3459030,1,1,1,1,0,0,1
3459866,1,1,1,1,0,0,1
3460248,1,1,1,1,0,0,1
3460698,1,1,1,1,0,0,1
3460841,1,1,1,1,0,0,1
3461144,1,1,1,1,0,0,0
3462749,1,1,1,1,0,0,1
3462842,1,1,1,1,0,0,1
3463676,1,1,1,1,0,0,1
3465452,1,1,1,1,0,0,1
3466191,1,1,1,1,0,0,0
3466665,1,1,1,1,0,0,1
3467096,1,1,1,1,0,0,1
3468029,1,1,1,1,0,0,0
3468360,1,1,1,1,0,0,1
3469363,1,1,1,0,0,0,1
3469526,1,1,1,1,0,0,1
3469664,1,1,1,1,0,0,1
3471488,1,1,1,1,0,0,1
3471601,1,1,1,0,0,0,1
3471793,1,1,1,1,0,0,1
3472605,1,1,1,0,0,0,1
3473008,1,1,1,0,0,0,1
3474011,1,1,1,1,0,0,1
3474630,1,1,1,0,0,0,1
3476856,1,1,1,1,0,0,0
3477166,1,1,1,0,0,0,1
3477836,1,1,1,1,0,0,1
3478789,1,1,1,1,0,0,0
3478909,1,1,1,1,0,0,1
3479572,1,1,1,1,0,0,1
3480219,1,1,1,1,0,0,1
3480745,1,1,1,1,0,0,1
3480832,1,1,1,0,0,0,1
3480949,1,1,1,0,0,0,1
3481068,1,1,1,1,0,0,1
3481900,1,1,1,0,0,0,1
3483197,1,1,1,0,0,0,1
3484296,1,1,1,1,0,0,1
3484338,1,1,1,1,0,0,0
3484668,1,1,1,1,0,0,1
3485649,1,1,1,0,0,0,1
3485651,1,1,1,1,0,0,1
3485882,1,1,1,0,0,0,1
3486216,1,1,1,1,0,0,1
3486717,1,1,1,0,0,0,1
3486761,0,0,0,0,0,0,1
3487115,1,1,1,0,0,0,1
3487472,1,1,1,0,0,0,1
3488283,1,1,1,0,0,0,1
3488589,1,1,1,0,0,0,1
3489331,1,1,1,1,1,1,0
3489352,1,1,1,1,0,0,1
3489681,1,1,1,0,0,0,1
3490397,1,1,1,0,0,0,1
3490899,1,1,1,1,0,0,1
3491160,1,1,1,0,0,0,1
3491824,1,1,1,0,0,1,0
3491968,1,1,1,0,0,0,1
3492874,1,1,1,1,0,0,1
3492988,1,1,1,1,0,0,1
3493925,1,1,1,0,0,0,0
3494110,1,1,1,1,0,0,1
3494584,1,1,1,1,0,0,1
3495305,1,1,1,0,0,0,1
3495586,1,1,1,1,0,0,1
3496327,1,1,1,1,0,0,1
3496872,1,1,1,1,0,0,1
3496874,1,1,1,1,0,0,1
3497561,1,1,1,1,0,0,0
3498185,1,1,1,1,1,1,0
3498946,1,1,1,1,0,0,1
3499136,1,1,1,1,0,0,0
3499853,1,1,1,0,0,0,1
3500013,1,1,1,1,0,0,1
3501257,1,1,1,1,0,0,1
3501261,1,1,1,1,0,0,1
3501514,1,1,1,1,0,0,1
3503503,1,1,1,1,0,0,0
3504048,1,1,1,1,0,0,0
3504070,1,1,1,1,0,0,1
3505077,1,1,1,1,0,0,1
3505910,1,1,1,1,0,0,1
3506171,1,1,1,1,0,0,1
3506312,1,1,1,1,0,0,0
3506905,1,1,1,1,0,0,1
3507143,1,1,1,1,0,0,1
3507237,1,1,1,1,0,0,1
3507616,1,1,1,1,0,0,1
3507803,1,0,0,0,0,0,1
3508377,1,1,1,1,0,0,1
3508418,1,1,1,1,0,0,1
3509518,1,1,1,1,0,0,1
3509776,1,1,1,1,0,0,1
3510713,1,1,1,1,1,1,0
3511235,1,1,1,1,0,0,1
3512021,1,1,1,1,0,0,1
3512187,1,1,1,0,0,0,1
3512857,1,1,1,0,0,0,1
3513641,1,1,1,1,0,0,1
3513685,0,0,0,0,0,0,1
3513757,1,1,1,0,0,0,1
3513801,0,0,0,0,0,0,1
3514373,1,0,0,0,0,0,1
3514417,0,0,0,0,0,0,1
3514772,1,1,1,1,0,0,0
3515561,1,1,0,0,0,0,1
3515578,1,1,1,1,0,0,1
3516487,1,1,1,1,0,0,1
3516773,1,1,0,0,0,0,1
3516932,1,1,1,0,0,0,0
3517938,1,1,1,0,0,0,1
3518532,1,1,1,0,0,0,1
3519395,1,1,1,1,0,0,1
3519630,1,1,0,0,0,0,1
3519963,1,0,0,0,0,0,1
3520388,1,1,1,1,0,0,1
3520841,1,1,1,1,0,0,0
3521004,1,0,0,0,0,0,1
3521697,1,1,1,1,0,0,1
3521743,1,1,1,1,0,0,1
3521932,1,1,1,1,0,0,0
3522429,1,1,0,0,0,0,1
3522524,1,0,0,0,0,0,1
3522734,1,1,1,1,0,0,1
3523425,1,1,1,1,0,0,1
3523496,1,1,1,1,0,0,1
3523512,1,1,1,1,1,1,0
3523846,1,1,1,1,0,0,1
3523915,1,1,1,1,0,0,1
3523917,1,1,1,1,0,0,0
3524388,1,1,1,1,0,0,1
3525316,1,1,1,1,0,0,1
3525652,1,1,1,1,0,0,1
3526440,1,1,0,0,0,0,1
3526528,1,1,1,1,0,0,1
3528854,1,1,1,1,0,0,1
3529644,1,1,1,0,0,0,1
3529688,0,0,0,0,0,0,1
3530450,1,1,0,0,0,0,1
3530567,1,1,1,1,0,0,1
3530585,1,1,1,1,0,0,0
3530609,1,1,1,1,0,0,1
3530744,1,1,1,1,0,0,1
3531510,1,0,0,0,0,0,1
3532034,1,0,0,0,0,0,1
3532077,1,1,1,1,0,0,1
3532173,1,1,1,1,0,0,1
3532548,1,1,1,1,0,0,1
3532932,1,1,1,0,0,0,1
3533165,1,1,1,0,0,0,1
3533166,1,0,0,0,0,0,1
3533348,1,0,0,0,0,0,1
3533971,1,1,1,1,0,0,1
3534085,1,1,1,1,1,1,0
3534108,1,1,0,0,0,0,1
3534177,1,1,0,0,0,0,1
3535224,1,1,1,1,0,0,1
3535633,1,1,1,1,0,0,1
3535696,1,0,0,0,0,0,1
3535814,1,1,1,0,0,0,1
3535883,1,1,1,0,0,0,1
3535925,1,1,1,1,1,1,0
3536088,0,0,0,0,0,0,1
3538417,1,1,1,0,0,0,1
3538696,1,1,1,1,0,0,1
3538697,1,1,0,0,0,0,1
3538955,1,1,1,0,0,0,1
3540676,1,1,1,1,0,0,1
3541276,1,1,1,1,0,0,0
3541508,1,1,1,1,0,0,1
3541960,1,0,0,0,0,0,1
3542775,1,1,1,1,0,0,1
3542986,1,1,1,0,0,0,0
3543320,1,1,1,1,0,0,1
3543409,1,1,1,1,0,0,1
3543864,1,0,0,0,0,0,1
3543908,0,0,0,0,0,0,1
3544551,1,1,0,0,0,0,1
3545581,1,1,1,1,0,0,0
3547233,1,1,0,0,0,0,1
3547661,1,0,0,0,0,0,1
3548567,1,1,1,1,0,0,1
3549066,1,1,1,1,0,0,1
3549132,1,1,1,1,0,0,0
3550593,1,1,1,1,0,0,0
3550929,1,1,1,0,0,0,1
3550993,1,0,0,0,0,0,1
3551088,1,1,1,1,0,0,0
3552475,1,1,1,1,0,0,1
3552566,1,1,1,0,0,0,1
3553064,1,1,1,1,0,0,1
3553520,1,1,1,0,0,0,1
3554645,1,1,1,1,0,0,1
3555430,1,1,1,1,0,0,1
3556939,1,1,1,0,0,0,1
3557056,1,1,1,1,0,0,1
3557242,1,1,1,1,0,0,1
3557577,1,1,1,1,0,0,1
3557976,1,1,1,1,0,0,1
3558118,1,1,1,1,0,0,1
3558161,1,1,1,0,0,0,0
3558712,1,1,1,0,0,0,1
3559113,1,1,1,1,0,0,1
3559377,1,1,1,1,0,0,1
3559636,1,1,1,1,0,0,1
3560350,1,1,1,1,0,0,1
3560872,1,1,1,1,0,0,1
3561904,1,1,1,1,0,0,1
3562546,1,1,1,1,0,0,1
3562590,0,0,0,0,0,0,1
3562729,1,1,0,0,0,0,1
3563327,1,1,1,1,0,0,1
3563704,1,1,1,0,0,0,1
3563824,1,1,1,1,0,0,1
3565090,1,1,1,1,0,0,1
3565665,1,1,1,1,0,0,1
3566352,1,1,1,1,0,0,1
3566760,1,1,1,1,0,0,1
3566997,1,1,1,1,0,0,1
3567974,1,1,1,1,0,0,1
3568429,1,1,1,1,0,0,1
3568492,1,1,1,1,0,0,1
3569234,1,1,1,1,0,0,1
3569353,1,1,1,1,0,0,1
3569728,1,1,1,1,0,0,1
3569893,1,1,1,1,0,0,0
3570373,1,1,1,1,1,1,0
3570437,1,0,0,0,0,0,1
3570483,1,0,0,0,0,0,0
3570768,1,1,1,1,0,0,1
3571197,1,0,0,0,0,0,1
3571361,0,0,0,0,0,0,1
3571376,1,1,1,1,0,0,1
3571377,1,1,1,1,0,0,1
3571997,1,1,0,0,0,0,1
3572184,1,1,1,1,0,0,1
3572489,1,1,1,1,0,0,1
3572508,1,1,1,1,0,0,1
3572722,1,1,1,1,0,0,1
3572959,1,1,1,1,0,0,1
3573097,1,1,0,0,0,0,1
3573356,0,0,0,0,0,0,1
3573595,1,1,0,0,0,0,1
3574048,1,1,1,1,0,0,1
3574282,1,1,1,1,0,0,1
3574473,1,1,1,1,0,0,1
3574660,1,1,0,0,0,0,1
3575470,1,1,1,1,0,0,1
3575828,1,1,1,0,0,0,1
3575844,1,1,1,1,0,0,1
3576684,1,1,1,1,0,0,1
3577592,1,1,1,1,0,0,1
3577853,1,1,1,1,0,0,1
3578996,1,1,1,1,0,0,1
3580265,1,1,1,1,0,0,0
3580644,1,1,1,0,0,0,1
3580668,1,1,1,1,0,0,1
3580759,1,1,1,1,0,0,0
3581114,1,1,1,1,0,0,1
3581205,1,1,1,1,0,0,1
3581540,1,1,1,1,0,0,1
3582829,1,1,1,1,0,0,1
3582873,0,0,0,0,0,0,1
3583159,1,1,1,1,0,0,1
3583370,1,1,1,1,0,0,1
3584641,1,1,1,1,0,0,1
3584656,1,1,1,1,0,0,1
3584894,1,1,1,1,0,0,1
3586669,1,1,1,1,0,0,1
3586998,1,1,1,1,0,0,1
3587089,1,1,1,1,0,0,1
3587399,1,1,1,1,0,0,1
3587922,1,1,1,1,0,0,1
3587989,1,1,1,1,0,0,1
3588157,1,1,1,1,0,0,1
3588247,1,1,1,0,0,0,1
3588532,1,1,1,1,0,0,1
3588718,1,1,1,1,0,0,1
3589053,1,1,1,1,0,0,1
3591828,1,1,1,1,0,0,0
3591925,1,1,1,1,0,0,1
3592639,1,1,1,0,0,0,1
3592805,1,1,1,1,0,0,1
3592917,1,1,1,1,0,0,1
3593012,1,1,1,1,0,0,1
3593030,1,1,1,1,0,0,1
3593459,1,1,1,1,0,0,1
3593816,1,1,1,1,0,0,1
3593859,1,0,0,0,0,0,1
3595033,1,1,1,1,0,0,1
3597184,1,1,1,1,0,0,1
3598022,1,1,1,1,0,0,1
3598496,1,1,1,0,0,0,1
3599816,1,1,1,1,0,0,1
3599929,1,1,1,1,0,0,1
3601055,1,1,1,1,0,0,0
3601485,1,1,1,1,0,0,1
3601550,1,1,1,1,0,0,1
3602001,1,1,1,0,0,0,1
3602332,1,1,1,0,0,0,1
3602547,1,1,1,1,0,0,1
3603524,1,1,1,1,0,0,1
3603811,1,1,1,1,0,0,1
3603853,1,1,1,1,0,0,1
3606443,1,1,1,1,0,0,1
3606992,1,1,1,1,0,0,0
3607445,1,1,1,1,0,0,1
3608734,1,1,1,0,0,0,0
3610221,1,1,1,1,0,0,1
3610716,1,1,1,1,0,0,0
3610881,1,1,1,1,0,0,1
3611334,1,1,1,0,0,0,1
3612170,1,1,1,1,0,0,1
3612289,1,1,1,1,0,0,1
3612355,1,1,1,1,0,0,1
3612998,1,1,1,1,0,0,1
3613235,1,1,1,1,0,0,1
3613805,1,1,1,1,0,0,1
3614164,1,1,1,1,0,0,0
3614326,1,1,1,1,0,0,1
3614705,1,1,1,0,0,0,1
3615062,1,1,1,1,0,0,1
3616041,1,1,1,0,0,0,1
3617884,1,1,1,1,0,0,0
3619180,1,1,1,1,0,0,1
3619465,1,1,1,1,0,0,0
3619890,1,1,1,1,0,0,1
3619936,1,1,1,1,0,0,1
3620411,1,1,1,1,0,0,0
3620455,0,0,0,0,0,0,1
3621603,1,1,1,1,0,0,1
3621836,1,1,1,1,0,0,1
3623225,1,1,1,1,0,0,0
3623965,1,1,1,1,0,0,1
3624322,1,1,1,1,0,0,1
3624677,1,1,1,0,0,0,1
3625897,1,1,1,0,0,0,1
3626641,1,1,1,1,0,0,0
3627116,1,1,1,1,0,0,0
3627758,1,1,1,1,0,0,1
3628787,1,1,1,1,0,0,0
3629020,1,1,1,1,0,0,0
3629595,1,1,1,1,0,0,1
3629712,1,1,1,0,0,0,1
3630256,1,1,1,1,0,0,1
3630496,1,1,1,1,0,0,1
3632507,1,1,1,1,0,0,1
3633077,1,1,1,1,0,0,0
3633820,1,1,1,1,0,0,1
3633821,1,1,1,1,0,0,0
3633834,1,1,1,1,0,0,1
3634647,1,1,1,1,0,0,1
3634692,1,1,1,1,0,0,1
3637444,1,1,1,1,0,0,0
3640273,1,1,1,1,0,0,0
3641017,1,1,1,1,0,0,0
3641034,1,1,1,1,0,0,0
3641847,1,1,1,1,0,0,0
3641892,1,1,1,1,0,0,0
3643280,1,1,1,1,0,0,1
3643321,1,1,1,0,0,0,1
3643893,1,0,0,0,0,0,1
3644373,1,1,1,1,0,0,1
3644533,1,0,0,0,0,0,1
3644624,1,1,1,1,0,0,0
3645056,1,1,1,1,0,0,1
3645628,1,0,0,0,0,0,1
3648214,1,1,1,1,0,0,0
3649027,1,1,1,1,0,0,0
3650102,1,1,1,1,0,0,1
3650125,1,1,1,1,0,0,1
3650788,1,1,1,0,0,0,1
3651288,1,0,0,0,0,0,1
3651717,1,1,1,1,0,0,0
3652025,0,0,0,0,0,0,1
3652816,1,1,1,1,0,0,0
3653192,1,1,1,1,0,0,1
3653597,1,1,1,1,0,0,1
3653692,0,0,0,0,0,0,1
3653948,1,1,1,1,0,0,1
3654593,1,1,1,0,0,0,1
3655094,1,1,1,1,0,0,1
3656195,1,1,1,1,0,0,0
3656644,1,1,1,1,0,0,1
3657053,1,1,1,1,0,0,1
3657697,1,0,0,0,0,0,1
3659179,1,1,1,1,0,0,1
3660277,1,1,1,1,0,0,1
3660876,1,1,1,1,0,0,0
3661184,0,0,0,0,0,0,1
3661660,0,0,0,0,0,0,1
3662278,1,1,1,1,0,0,0
3663597,1,1,1,1,0,0,1
3663828,1,1,1,1,0,0,0
3665964,1,1,1,1,0,0,1
3666249,1,1,1,1,0,0,1
3666363,1,1,1,1,0,0,0
3667461,1,1,1,1,0,0,0
3667508,1,1,1,1,0,0,1
3667744,0,0,0,0,0,0,1
3667881,1,0,0,0,0,0,1
3668697,1,1,1,1,0,0,1
3669028,1,1,1,1,0,0,1
3669454,1,0,0,0,0,0,0
3669740,1,0,0,0,0,0,1
3669903,1,1,1,0,0,0,1
3670861,1,1,1,1,0,0,1
3670975,1,1,1,1,0,0,1
3670992,1,1,1,1,0,0,0
3671830,1,1,1,1,1,1,0
3672043,1,1,1,1,0,0,1
3673767,1,1,1,0,0,0,1
3675057,1,1,1,1,0,0,0
3676230,1,1,1,1,0,0,1
3676922,1,1,1,1,0,0,1
3676924,1,1,1,1,0,0,0
3678045,1,1,1,1,0,0,0
3678180,1,1,1,1,0,0,0
3679164,1,1,1,1,0,0,1
3680886,1,1,1,1,0,0,1
3680955,1,1,1,1,0,0,0
3681073,1,1,1,1,0,0,1
3682241,1,1,1,0,0,0,0
3682244,1,1,1,1,0,0,1
3682259,1,1,1,1,0,0,1
3682758,1,1,1,1,0,0,1
3683040,1,1,1,1,0,0,1
3683902,1,1,1,1,0,0,1
3684210,0,0,0,0,0,0,1
3684881,1,1,1,1,0,0,1
3684968,1,1,1,1,0,0,1
3685208,1,1,1,1,0,0,1
3686045,1,1,1,0,0,0,1
3687644,1,1,1,1,0,0,1
3688196,1,1,1,1,0,0,1
3688457,1,1,1,1,0,0,1
3689409,1,1,1,1,0,0,0
3689431,1,1,1,1,0,0,0
3689834,1,1,1,0,0,0,1
3691988,1,1,1,0,0,0,1
3692923,1,1,1,1,0,0,1
3695392,1,1,1,1,0,0,0
3695653,1,1,1,0,0,0,0
3696605,1,1,1,1,0,0,0
3697034,1,1,1,1,0,0,0
3699188,1,1,1,1,0,0,0
3700123,1,1,1,1,0,0,0
3701556,1,1,1,1,0,0,1
3702588,1,1,1,1,0,0,0
3702849,1,1,1,1,0,0,0
3703801,1,1,1,1,0,0,0
3704085,0,0,0,0,0,0,1
3704178,1,1,1,1,0,0,1
3704773,1,0,0,0,0,0,1
3705969,1,1,1,1,0,0,1
3706733,1,1,1,1,0,0,1
3706735,1,1,1,1,0,0,1
3706800,1,1,1,0,0,0,1
3707057,1,0,0,0,0,0,1
3707080,0,0,0,0,0,0,1
3707507,1,1,1,0,0,0,1
3707668,1,1,1,1,0,0,1
3708672,1,1,1,0,0,0,1
3708720,1,1,1,0,0,0,1
3709148,1,0,0,0,0,0,1
3710009,1,1,1,1,0,0,0
3711346,1,1,1,1,0,0,0
3711894,1,0,0,0,0,0,1
3712657,1,1,1,1,0,0,1
3712893,0,0,0,0,0,0,1
3713205,1,1,1,1,0,0,1
3714687,1,1,1,0,0,0,0
3714947,0,0,0,0,0,0,1
3715852,1,1,1,1,0,0,0
3716332,1,1,1,0,0,0,0
3718175,1,1,1,1,0,0,1
3718602,1,1,1,1,0,0,1
3718744,1,1,1,1,0,0,1
3718929,1,1,1,1,0,0,1
3719217,1,1,1,1,0,0,1
3719426,1,1,1,1,0,0,1
3721008,1,1,1,1,0,0,1
3721432,1,1,1,1,0,0,1
3723206,1,1,1,1,0,0,1
3723516,1,1,1,1,0,0,1
3723969,1,1,1,1,0,0,1
3724539,1,1,1,1,0,0,1
3724772,1,1,1,1,0,0,1
3725324,1,1,1,1,0,0,1
3725390,1,1,1,1,1,1,0
3726105,1,1,1,1,0,0,0
3726512,1,1,1,1,0,0,1
3726602,0,0,0,0,0,0,1
3726793,1,1,1,1,0,0,1
3727481,1,1,1,1,0,0,1
3727765,0,0,0,0,0,0,1
3727908,1,1,1,1,0,0,1
3730232,1,1,1,1,0,0,1
3730395,1,1,1,1,0,0,1
3730537,1,1,1,1,0,0,1
3730578,1,1,1,1,0,0,1
3730693,1,1,1,1,0,0,1
3730712,1,1,1,1,0,0,1
3732100,1,1,1,1,0,0,1
3732555,1,1,1,1,0,0,1
3734087,1,1,1,0,0,0,1
3735496,1,1,1,1,0,0,1
3735760,1,1,1,1,0,0,1
3736620,1,1,1,0,0,0,1
3737121,1,1,1,1,0,0,1
3737429,0,0,0,0,0,0,1
3737758,1,1,1,1,0,0,0
3737873,0,0,0,0,0,0,0
3738327,1,1,1,1,0,0,1
3738730,1,1,1,1,0,0,1
3740312,1,1,1,1,0,0,1
3740715,1,1,1,1,0,0,1
3741575,1,1,1,1,1,1,0
3741619,0,0,0,0,0,0,1
3742237,1,1,1,1,0,0,1
3742664,1,1,1,1,0,0,0
3743145,1,1,1,1,0,0,1
3743428,1,1,1,1,0,0,1
3744020,1,1,1,1,0,0,1
3744025,1,0,0,0,0,0,1
3744902,1,1,1,1,0,0,1
3745040,1,1,1,1,0,0,1
3745497,1,1,1,1,0,0,1
3747917,1,1,1,1,0,0,1
3748799,1,1,1,1,0,0,0
3749229,1,1,1,1,0,0,1
3749413,1,1,1,1,0,0,0
3750612,1,1,1,1,0,0,0
3751351,1,1,1,1,0,0,1
3751440,1,1,1,1,0,0,1
3752086,1,1,1,1,0,0,0
3753978,1,1,1,1,0,0,1
3754646,1,0,0,0,0,0,1
3754665,1,1,1,1,0,0,1
3756148,1,1,1,1,0,0,1
3756413,1,1,1,1,0,0,0
3756980,1,1,1,1,0,0,1
3757288,0,0,0,0,0,0,1
3757792,1,1,1,1,0,0,0
3757859,1,1,1,1,0,0,1
3758238,1,1,1,1,0,0,1
3759051,1,1,1,1,0,0,1
3759092,1,1,1,1,0,0,1
3759097,1,1,1,1,0,0,1
3760576,1,1,1,1,0,0,1
3761024,1,1,1,1,0,0,1
3761625,1,1,1,1,0,0,1
3761833,1,1,1,1,0,0,0
3761904,1,1,1,1,0,0,1
3762378,1,1,1,1,0,0,1
3763432,1,1,1,1,0,0,1
3763741,1,1,1,1,0,0,1
3764261,1,1,1,1,0,0,1
3765004,1,1,1,1,0,0,1
3765769,1,1,1,1,0,0,1
3766219,1,1,1,1,0,0,0
3768204,1,1,1,1,0,0,0
3768274,1,1,1,1,0,0,1
3768489,1,1,1,1,0,0,1
3768770,1,0,0,0,0,0,1
3769509,1,1,1,1,0,0,1
3770128,1,1,1,1,0,0,1
3770557,1,1,1,1,0,0,1
3770819,1,1,1,1,0,0,1
3771392,1,1,1,1,0,0,1
3771792,1,1,1,1,0,0,1
3771912,1,0,0,0,0,0,1
3771977,1,1,1,1,0,0,1
3772529,1,1,1,1,0,0,1
3772619,1,1,1,1,0,0,1
3773073,1,0,0,0,0,0,1
3773593,1,1,1,1,0,0,1
3773855,1,1,1,1,0,0,1
3774400,1,1,1,1,0,0,1
3775167,1,1,1,0,0,0,1
3775618,1,1,1,1,0,0,1
3776936,1,1,1,1,1,1,0
3778251,1,1,1,1,0,0,1
3778273,1,1,1,1,0,0,1
3779225,1,1,1,1,0,0,1
3781214,1,1,1,1,0,0,1
3781592,1,1,1,1,0,0,0
3782502,1,1,1,0,0,0,1
3783484,1,1,1,1,0,0,1
3784534,1,1,1,1,0,0,1
3784576,1,1,1,1,0,0,1
3785439,1,1,1,1,0,0,0
3785461,1,1,1,0,0,0,0
3786413,1,0,0,0,0,0,0
3787035,1,1,1,1,0,0,1
3787533,1,1,1,0,0,0,1
3787840,1,1,1,1,0,0,1
3789589,1,1,1,1,0,0,1
3790160,1,1,1,1,0,0,1
3790664,1,1,1,1,0,0,0
3791714,1,1,1,1,0,0,0
3792649,1,1,1,1,0,0,0
3794152,1,1,1,1,0,0,1
3794223,1,1,1,1,0,0,0
3795707,1,1,1,0,0,0,1
3796781,1,1,1,1,0,0,0
3797860,1,1,1,1,0,0,0
3798863,1,1,1,1,0,0,1
3798906,1,1,1,1,0,0,0
3799841,1,1,1,0,0,0,0
3801344,1,1,1,1,0,0,0
3801585,1,1,1,0,0,0,1
3803643,1,1,1,1,0,0,1
3803973,1,1,1,1,0,0,0
3805052,1,1,1,1,0,0,0
3806102,1,1,1,1,0,0,0
3806796,1,1,1,1,0,0,1
3808540,1,1,1,1,0,0,0
3808781,1,1,1,1,0,0,0
3809132,1,0,0,0,0,0,1
3809513,1,1,1,1,0,0,1
3810087,1,1,1,1,0,0,1
3810632,1,1,1,1,0,0,1
3811228,1,0,0,0,0,0,1
3811229,1,1,1,1,0,0,1
3811345,1,1,1,1,0,0,1
3812680,1,1,1,1,0,0,1
3813063,1,1,1,1,0,0,1
3813081,1,1,1,1,0,0,1
3813177,1,1,1,0,0,0,1
3813266,1,1,1,1,0,0,0
3813599,0,0,0,0,0,0,1
3813956,1,1,1,1,0,0,0
3814145,1,1,1,0,0,0,1
3814548,1,0,0,0,0,0,1
3814974,1,1,1,1,0,0,1
3815380,1,1,1,0,0,0,1
3816957,1,1,1,1,0,0,1
3818133,1,0,0,0,0,0,1
3818438,1,1,1,1,0,0,1
3818963,1,1,1,0,0,0,1
3819100,1,1,1,1,0,0,1
3819410,1,1,1,0,0,0,1
3819454,0,0,0,0,0,0,1
3820433,1,1,1,1,0,0,1
3820865,1,1,1,0,0,0,1
3821869,1,1,1,0,0,0,1
3822560,1,1,1,1,0,0,0
3822915,1,1,1,1,0,0,1
3823245,1,1,1,1,0,0,1
3823816,1,1,1,1,0,0,1
3823935,1,1,1,0,0,0,1
3825109,1,1,1,0,0,0,1
3825608,1,1,1,0,0,0,1
3825701,1,0,0,0,0,0,1
3826149,1,1,1,1,0,0,1
3826219,1,1,1,0,0,0,1
3826622,1,1,1,1,0,0,0
3829906,1,1,1,1,0,0,1
3830357,1,1,1,1,0,0,1
3830571,1,1,1,1,0,0,1
3830996,1,1,1,1,0,0,0
3831738,1,1,1,1,0,0,1
3832792,1,1,1,1,0,0,0
3832885,1,1,1,1,0,0,0
3833934,1,1,1,0,0,0,1
3834025,1,1,1,1,0,0,1
3835485,1,1,1,0,0,0,1
3835746,1,1,1,0,0,0,1
3836296,1,1,1,1,0,0,1
3836337,1,1,1,1,0,0,1
3836572,1,1,1,1,0,0,1
3836690,1,1,1,0,0,0,1
3837166,1,0,0,0,0,0,1
3837353,1,1,1,0,0,0,1
3837615,1,1,1,0,0,0,1
3837705,0,0,0,0,0,0,1
3838254,1,1,1,0,0,0,1
3838324,1,1,1,0,0,0,1
3838893,1,1,1,1,0,0,1
3838937,0,0,0,0,0,0,1
3840041,1,1,1,0,0,0,0
3840921,1,1,1,0,0,0,1
3842260,1,1,1,1,0,0,1
3844803,1,1,1,1,0,0,0
3845446,1,1,1,1,0,0,0
3845516,1,1,1,0,0,0,0
3845607,1,1,1,1,0,0,1
3846419,1,1,1,1,0,0,1
3846752,1,1,1,0,0,0,1
3847229,1,1,1,1,0,0,0
3848109,1,1,1,0,0,0,0
3848252,1,1,1,0,0,0,1
3848294,1,1,1,1,0,0,1
3848603,1,1,1,1,0,0,1
3849390,1,1,1,1,0,0,1
3849432,1,1,1,1,0,0,0
3849455,1,1,1,0,0,0,1
3849761,1,1,1,1,0,0,1
3849783,0,0,0,0,0,0,1
3850498,1,1,1,1,0,0,1
3850877,1,1,1,1,0,0,1
3851112,1,1,1,1,0,0,1
3851160,1,1,1,1,0,0,1
3851205,1,1,1,1,0,0,1
3852449,1,1,1,1,0,0,1
3853644,1,1,1,1,0,0,1
3853781,1,1,1,1,0,0,1
3854499,1,1,1,1,0,0,1
3855381,1,1,1,1,0,0,1
3855644,1,1,1,1,0,0,1
3856456,1,0,0,0,0,0,1
3857674,1,1,1,1,0,0,0
3857676,1,1,1,0,0,0,1
3858241,1,1,1,1,0,0,1
3858284,1,1,1,1,0,0,0
3858858,1,1,1,1,0,0,1
3859625,1,1,1,1,0,0,0
3860341,1,1,1,0,0,0,1
3861389,1,1,1,1,0,0,1
3861458,1,1,1,1,0,0,1
3861671,1,1,1,1,0,0,0
3862457,1,1,1,1,0,0,1
3862840,1,1,1,1,0,0,1
3863241,1,1,1,1,0,0,1
3863769,1,1,1,1,0,0,1
3864196,1,1,1,0,0,0,1
3865101,1,1,1,1,0,0,1
3865411,1,1,1,1,0,0,1
3865452,1,1,1,1,0,0,0
3866266,1,1,1,1,0,0,1
3866669,1,1,1,0,0,0,1
3867072,1,1,1,1,0,0,1
3867553,1,1,1,1,0,0,1
3868482,1,1,1,1,0,0,1
3868621,1,1,1,1,0,0,1
3869432,1,1,1,1,0,0,1
3869741,1,1,1,1,0,0,1
3870797,1,1,1,1,0,0,1
3871128,1,1,1,1,0,0,1
3871866,1,1,1,1,0,0,1
3872293,1,1,1,0,0,0,1
3872579,1,1,1,1,0,0,0
3872961,1,1,1,1,0,0,1
3873361,1,1,1,0,0,0,1
3873552,1,1,1,1,0,0,1
3873712,1,1,1,1,0,0,1
3874527,1,1,1,1,0,0,1
3874572,1,1,1,1,0,0,1
3876031,1,1,1,1,0,0,1
3876266,1,1,1,0,0,0,1
3877101,1,1,1,1,0,0,1
3878444,1,1,1,1,0,0,1
3879180,1,1,1,1,0,0,1
3880141,1,1,1,1,0,0,0
3881574,1,1,1,1,0,0,1
3883105,1,1,1,1,0,0,1
3883223,1,1,1,1,0,0,0
3883485,1,1,1,0,0,0,1
3884343,1,1,1,1,0,0,1
3884913,1,1,1,1,0,0,1
3885585,1,1,1,0,0,0,1
3885628,1,1,1,1,0,0,0
3886364,1,1,1,1,0,0,0
3886629,1,1,1,0,0,0,1
3887704,1,1,1,0,0,0,1
3887937,1,1,1,1,0,0,1
3888750,1,1,1,1,0,0,0
3889611,1,1,1,1,0,0,1
3889653,1,1,1,0,0,0,1
3890080,1,1,1,1,0,0,1
3890085,1,1,1,1,0,0,1
3891680,1,1,1,1,0,0,1
3891969,1,1,1,1,0,0,1
3892176,1,0,0,0,0,0,1
3893061,1,1,1,1,0,0,1
3893248,1,1,1,1,0,0,1
3893417,1,1,1,1,0,0,1
3893459,1,1,1,1,0,0,1
3894725,1,1,1,0,0,0,1
3894792,1,1,1,1,0,0,1
3894864,1,1,1,0,0,0,0
3895413,1,1,1,1,0,0,1
3895910,1,1,1,1,0,0,0
3896888,1,1,1,1,0,0,1
3896936,1,1,1,1,0,0,1
3898011,1,1,1,1,0,0,1
3898129,1,1,1,1,0,0,1
3899824,1,1,1,1,0,0,1
3900017,1,1,1,1,0,0,1
3900321,1,1,1,1,0,0,1
3900968,1,1,1,0,0,0,1
3902045,1,1,1,1,0,0,1
3903094,1,1,1,1,0,0,0
3903833,1,1,1,1,0,0,1
3903975,1,1,1,1,0,0,1
3904237,1,1,1,1,0,0,1
3905095,1,1,1,0,0,0,1
3905597,1,1,1,1,0,0,1
3906287,1,1,1,1,0,0,1
3907000,1,1,1,1,0,0,0
3908152,1,1,1,1,0,0,0
3910282,1,1,1,1,0,0,0
3910328,1,1,1,1,0,0,1
3910849,1,1,1,1,0,0,1
3912793,1,1,1,1,0,0,0
3913483,1,1,1,1,0,0,0
3913790,1,1,1,1,0,0,1
3914192,1,1,1,1,0,0,0
3914718,1,1,1,1,0,0,1
3915121,1,1,1,1,0,0,1
3915191,1,1,1,1,1,1,0
3917516,1,1,1,1,0,0,0
3918204,1,1,1,1,0,0,1
3919235,1,1,1,1,0,0,1
3919977,1,1,1,1,0,0,0
3921914,1,1,1,1,0,0,0
3921958,0,0,0,0,0,0,1
3922097,1,1,1,1,0,0,1
3922264,1,1,1,1,0,0,1
3923384,1,1,1,1,0,0,1
3923527,1,1,1,1,0,0,1
3923617,1,1,1,1,0,0,1
3923686,1,1,1,1,0,0,1
3924568,1,1,1,1,0,0,1
3925649,1,1,1,1,0,0,1
3926124,1,1,1,1,0,0,1
3927508,1,1,1,1,0,0,1
3928227,1,1,1,0,0,0,1
3930073,1,1,1,1,0,0,1
3930809,1,1,1,1,0,0,0
3930832,1,1,1,1,0,0,1
3930874,1,1,0,0,0,0,0
3931087,1,1,1,1,0,0,1
3931684,1,1,1,1,0,0,1
3932711,1,1,1,1,1,1,0
3933690,1,1,1,1,0,0,1
3934692,1,1,1,1,0,0,0
3935029,1,1,1,1,0,0,1
3936609,0,0,0,0,0,0,1
3937685,1,1,1,1,1,1,0
3937989,1,1,1,1,0,0,0
3938876,1,1,1,0,0,0,0
3939229,1,1,1,0,0,0,1
3939899,1,1,1,1,0,0,0
3940878,1,1,1,1,0,0,0
3941233,1,1,1,1,0,0,1
3941876,1,1,1,0,0,0,0
3941949,1,1,1,1,0,0,1
3942014,1,1,1,1,0,0,1
3942249,1,1,1,0,0,0,1
3942968,1,1,1,1,1,1,0
3944208,1,1,1,1,1,1,0
3945982,1,1,1,1,0,0,1
3945984,1,1,1,1,0,0,1
3946167,1,1,1,1,0,0,1
3947722,1,1,1,1,0,0,1
3948416,1,1,1,1,0,0,1
3948651,1,1,1,1,0,0,1
3949129,1,1,1,1,0,0,0
3949433,1,1,1,1,0,0,0
3949814,1,1,1,1,0,0,1
3950123,1,1,1,1,1,1,0
3951079,1,1,1,1,0,0,1
3951384,1,1,1,1,0,0,0
3951837,1,1,1,1,0,0,1
3952317,1,1,1,1,0,0,1
3953220,1,1,1,1,0,0,1
3953627,1,1,1,1,0,0,1
3953765,1,1,1,1,0,0,1
3955418,1,1,1,1,1,1,0
3955584,1,1,1,1,0,0,0
3956322,1,1,1,1,1,1,0
3956364,1,1,1,1,0,0,1
3956939,1,1,1,1,0,0,1
3957177,1,1,1,1,0,0,1
3957893,1,1,1,1,1,1,0
3958388,1,1,1,1,1,1,0
3958432,0,0,0,0,0,0,1
3958959,1,1,1,1,1,1,0
3959629,1,1,1,1,0,0,1
3960941,1,1,1,1,0,0,0
3961420,1,1,1,1,0,0,1
3962065,1,1,1,0,0,0,1
3962275,1,1,1,1,0,0,1
3962942,1,1,1,1,0,0,1
3963397,1,1,1,0,0,0,1
3963704,1,1,1,1,0,0,1
3963840,1,1,1,1,0,0,1
3963863,1,1,1,1,0,0,1
3963929,1,1,1,1,1,1,0
3963930,1,1,1,1,0,0,1
3964405,1,1,1,1,0,0,1
3964664,1,1,1,1,0,0,1
3966748,1,1,1,0,0,0,1
3966793,1,1,1,1,0,0,1
3967312,1,1,1,1,0,0,1
3967358,1,1,1,1,0,0,1
3968172,1,1,1,0,0,0,1
3968668,1,1,1,1,1,1,0
3969219,1,1,1,1,0,0,1
3969552,1,1,1,1,0,0,1
3969597,1,1,1,1,0,0,1
3970286,1,1,1,1,0,0,1
3970377,1,1,1,1,0,0,1
3971144,1,1,1,0,0,0,1
3971932,1,1,1,0,0,0,1
3972790,1,1,1,1,1,1,0
3972908,1,1,1,0,0,0,1
3974320,1,1,1,1,0,0,1
3974649,1,1,1,1,0,0,1
3975153,1,1,1,1,0,0,1
3975412,1,1,1,0,0,0,1
3975836,1,1,1,1,0,0,0
3976387,1,1,1,1,0,0,0
3976431,0,0,0,0,0,0,1
3976475,0,0,0,0,0,0,1
3976977,1,1,1,1,1,1,0
3977739,1,1,1,0,0,0,1
3977904,1,1,1,1,0,0,1
3978112,1,1,1,1,0,0,1
3978327,1,0,0,0,0,0,1
3978371,0,0,0,0,0,0,1
3978969,1,1,1,1,0,0,1
3979298,1,1,1,1,0,0,1
3979439,1,1,1,1,0,0,1
3979792,1,1,1,1,0,0,1
3980319,1,1,1,1,0,0,1
3980460,1,1,1,1,0,0,1
3981631,1,1,1,1,0,0,1
3981720,1,1,1,1,0,0,1
3981769,1,1,1,1,0,0,1
3981785,1,1,1,1,0,0,0
3981809,0,0,0,0,0,0,1
3983436,1,1,1,1,0,0,1
3984030,1,1,1,1,0,0,1
3984221,1,1,1,1,0,0,1
3984884,1,1,1,1,0,0,1
3985242,1,1,1,0,0,0,1
3985433,1,1,1,0,0,0,1
3986096,1,1,1,1,0,0,1
3986165,1,1,1,1,0,0,1
3986209,0,0,0,0,0,0,1
3986593,1,1,1,1,0,0,1
3986993,1,1,1,1,0,0,1
3987060,1,1,1,0,0,0,1
3987514,1,1,1,0,0,0,1
3988686,1,1,1,1,0,0,1
3988753,1,1,1,1,0,0,1
3988775,1,1,1,1,0,0,0
3989394,1,1,1,1,0,0,1
3990592,1,1,1,1,0,0,0
3990682,1,1,1,0,0,0,1
3990700,1,1,1,1,0,0,1
3991105,1,1,1,1,0,0,1
3991870,1,1,1,1,0,0,1
3993572,1,1,1,1,0,0,1
3993761,1,1,1,1,0,0,0
3994640,1,1,1,1,0,0,1
3995959,1,1,1,1,0,0,0
3996145,1,1,1,1,0,0,1
3996406,1,1,1,1,0,0,1
3996616,1,1,1,1,0,0,1
3997213,1,1,1,1,0,0,1
3997217,1,1,1,1,0,0,1
3998142,1,1,1,1,0,0,1
3998332,1,1,1,1,0,0,1
3999069,1,1,1,1,0,0,1
3999908,1,1,1,0,0,0,1
