step,picked,placed_v2,farside,slide_event,home,nested_v2,tipped
7200,0,0,0,0,0,0,0
7201,0,0,0,0,0,0,0
7202,0,0,0,0,0,0,0
7203,0,0,0,0,0,0,0
7204,0,0,0,0,0,0,0
7205,0,0,0,0,0,0,0
7443,0,0,0,0,0,0,1
14396,0,0,0,0,0,0,0
14397,0,0,0,0,0,0,0
14398,0,0,0,0,0,0,0
14400,0,0,0,0,0,0,0
14401,0,0,0,0,0,0,0
14643,0,0,0,0,0,0,0
16056,0,0,0,0,0,0,1
21592,0,0,0,0,0,0,0
21593,0,0,0,0,0,0,0
21594,0,0,0,0,0,0,0
21597,0,0,0,0,0,0,0
21770,0,0,0,0,0,0,1
21814,0,0,0,0,0,0,1
21833,0,0,0,0,0,0,1
21835,0,0,0,0,0,0,0
22930,0,0,0,0,0,0,1
23240,0,0,0,0,0,0,0
23284,0,0,0,0,0,0,1
23377,0,0,0,0,0,0,1
28768,0,0,0,0,0,0,0
29029,0,0,0,0,0,0,0
29031,0,0,0,0,0,0,0
29069,0,0,0,0,0,0,1
30122,0,0,0,0,0,0,0
30480,0,0,0,0,0,0,0
30573,0,0,0,0,0,0,0
31649,0,0,0,0,0,0,1
32194,0,0,0,0,0,0,1
32241,0,0,0,0,0,0,1
33074,0,0,0,0,0,0,1
35903,0,0,0,0,0,0,1
35944,0,0,0,0,0,0,0
36253,0,0,0,0,0,0,0
37668,0,0,0,0,0,0,0
39441,0,0,0,0,0,0,0
40274,0,0,0,0,0,0,0
43103,0,0,0,0,0,0,0
43144,0,0,0,0,0,0,0
43453,0,0,0,0,0,0,0
44868,0,0,0,0,0,0,0
45391,1,0,0,0,0,0,1
46637,0,0,0,0,0,0,0
46823,0,0,0,0,0,0,1
47466,0,0,0,0,0,0,0
47846,0,0,0,0,0,0,1
47893,0,0,0,0,0,0,1
47911,0,0,0,0,0,0,1
48720,0,0,0,0,0,0,1
50637,0,0,0,0,0,0,0
52052,0,0,0,0,0,0,0
55046,0,0,0,0,0,0,0
55093,0,0,0,0,0,0,0
55111,0,0,0,0,0,0,0
55920,0,0,0,0,0,0,0
57837,0,0,0,0,0,0,0
58120,1,0,0,0,0,0,1
59248,0,0,0,0,0,0,0
62242,0,0,0,0,0,0,0
62289,0,0,0,0,0,0,0
62307,0,0,0,0,0,0,0
64702,1,0,0,0,0,0,1
65033,0,0,0,0,0,0,0
65223,1,0,0,0,0,0,1
65312,0,0,0,0,0,0,0
66440,0,0,0,0,0,0,0
67321,1,0,0,0,0,0,1
68925,0,0,0,0,0,0,1
68927,0,0,0,0,0,0,1
69473,0,0,0,0,0,0,0
71890,0,0,0,0,0,0,0
72508,0,0,0,0,0,0,0
73636,0,0,0,0,0,0,0
76125,0,0,0,0,0,0,0
76127,0,0,0,0,0,0,0
76167,0,0,0,0,0,0,1
76669,0,0,0,0,0,0,0
79086,0,0,0,0,0,0,0
79704,0,0,0,0,0,0,0
80832,0,0,0,0,0,0,0
83321,0,0,0,0,0,0,0
83367,0,0,0,0,0,0,0
83869,0,0,0,0,0,0,0
86286,0,0,0,0,0,0,0
86904,0,0,0,0,0,0,0
88032,0,0,0,0,0,0,0
90521,0,0,0,0,0,0,0
90567,0,0,0,0,0,0,0
91069,0,0,0,0,0,0,0
93486,0,0,0,0,0,0,0
94104,0,0,0,0,0,0,0
95232,0,0,0,0,0,0,0
97721,0,0,0,0,0,0,0
97767,0,0,0,0,0,0,0
98269,0,0,0,0,0,0,0
99244,1,0,0,0,0,0,1
100682,0,0,0,0,0,0,0
102432,0,0,0,0,0,0,0
104921,0,0,0,0,0,0,0
104967,0,0,0,0,0,0,0
105469,0,0,0,0,0,0,0
106444,0,0,0,0,0,0,0
107882,1,0,0,0,0,0,0
109149,0,0,0,0,0,0,1
109628,0,0,0,0,0,0,0
112167,0,0,0,0,0,0,0
112669,0,0,0,0,0,0,0
113644,0,0,0,0,0,0,0
115082,0,0,0,0,0,0,0
116349,0,0,0,0,0,0,0
116828,0,0,0,0,0,0,0
119367,0,0,0,0,0,0,0
119869,0,0,0,0,0,0,0
120844,0,0,0,0,0,0,0
122282,0,0,0,0,0,0,0
123549,0,0,0,0,0,0,0
124028,0,0,0,0,0,0,0
126567,0,0,0,0,0,0,0
127069,0,0,0,0,0,0,0
128044,0,0,0,0,0,0,0
129482,0,0,0,0,0,0,0
130749,0,0,0,0,0,0,0
131228,0,0,0,0,0,0,0
133767,0,0,0,0,0,0,0
134269,0,0,0,0,0,0,0
135244,0,0,0,0,0,0,0
136682,0,0,0,0,0,0,0
136964,1,0,0,0,0,0,1
137945,0,0,0,0,0,0,0
138424,0,0,0,0,0,0,0
138658,0,0,0,0,0,0,1
138702,0,0,0,0,0,0,1
138865,0,0,0,0,0,0,1
140951,0,0,0,0,0,0,0
140995,0,0,0,0,0,0,1
141449,0,0,0,0,0,0,0
144152,0,0,0,0,0,0,0
144705,1,0,0,0,0,0,1
145612,0,0,0,0,0,0,0
145894,0,0,0,0,0,0,0
146057,0,0,0,0,0,0,0
148191,0,0,0,0,0,0,0
151352,0,0,0,0,0,0,0
151905,0,0,0,0,0,0,0
152040,0,0,0,0,0,0,1
152329,0,0,0,0,0,0,1
152804,0,0,0,0,0,0,0
153086,0,0,0,0,0,0,0
153249,0,0,0,0,0,0,0
153873,1,0,0,0,0,0,1
154009,0,0,0,0,0,0,1
155375,0,0,0,0,0,0,0
155851,0,0,0,0,0,0,1
159228,0,0,0,0,0,0,0
159757,0,0,0,0,0,0,1
159992,0,0,0,0,0,0,0
160274,0,0,0,0,0,0,0
160728,0,0,0,0,0,0,1
161201,0,0,0,0,0,0,0
163047,0,0,0,0,0,0,0
164121,0,0,0,0,0,0,1
166276,0,0,0,0,0,0,1
166949,0,0,0,0,0,0,0
167470,0,0,0,0,0,0,0
167924,0,0,0,0,0,0,0
170247,0,0,0,0,0,0,0
171321,0,0,0,0,0,0,0
173476,0,0,0,0,0,0,0
173520,0,0,0,0,0,0,1
173564,0,0,0,0,0,0,1
174141,0,0,0,0,0,0,0
174662,0,0,0,0,0,0,0
175116,0,0,0,0,0,0,0
177439,0,0,0,0,0,0,0
177440,1,0,0,0,0,0,1
177480,0,0,0,0,0,0,1
178505,0,0,0,0,0,0,0
180756,0,0,0,0,0,0,0
181333,0,0,0,0,0,0,0
181854,0,0,0,0,0,0,0
184635,0,0,0,0,0,0,0
184680,0,0,0,0,0,0,0
185705,0,0,0,0,0,0,0
187956,0,0,0,0,0,0,0
188533,0,0,0,0,0,0,0
188668,0,0,0,0,0,0,1
189050,0,0,0,0,0,0,0
191831,0,0,0,0,0,0,0
191876,0,0,0,0,0,0,0
192901,0,0,0,0,0,0,0
192945,0,0,0,0,0,0,1
195729,0,0,0,0,0,0,0
195864,0,0,0,0,0,0,0
196246,0,0,0,0,0,0,0
199027,0,0,0,0,0,0,0
199072,0,0,0,0,0,0,0
200145,0,0,0,0,0,0,0
201487,0,0,0,0,0,0,1
202925,0,0,0,0,0,0,0
203060,0,0,0,0,0,0,0
203442,0,0,0,0,0,0,0
204713,1,0,0,0,0,0,1
206268,0,0,0,0,0,0,0
207341,0,0,0,0,0,0,0
208683,0,0,0,0,0,0,0
210260,0,0,0,0,0,0,0
210642,0,0,0,0,0,0,0
211913,0,0,0,0,0,0,0
213061,0,0,0,0,0,0,1
213464,0,0,0,0,0,0,0
214537,0,0,0,0,0,0,0
215879,0,0,0,0,0,0,0
217456,0,0,0,0,0,0,0
217838,0,0,0,0,0,0,0
220261,0,0,0,0,0,0,0
220664,0,0,0,0,0,0,0
221737,0,0,0,0,0,0,0
222117,0,0,0,0,0,0,1
222736,0,0,0,0,0,0,1
222780,0,0,0,0,0,0,1
223067,0,0,0,0,0,0,0
225030,0,0,0,0,0,0,0
227453,0,0,0,0,0,0,0
227856,0,0,0,0,0,0,0
229313,0,0,0,0,0,0,0
229980,0,0,0,0,0,0,0
230267,0,0,0,0,0,0,0
230864,0,0,0,0,0,0,1
231648,1,0,0,0,0,0,1
232222,0,0,0,0,0,0,0
232819,1,0,0,0,0,0,1
234641,0,0,0,0,0,0,0
236505,0,0,0,0,0,0,0
238064,0,0,0,0,0,0,0
238848,0,0,0,0,0,0,0
239422,0,0,0,0,0,0,0
239466,0,0,0,0,0,0,1
240015,0,0,0,0,0,0,0
240157,0,0,0,0,0,0,1
241276,1,0,0,0,0,0,1
241420,0,0,0,0,0,0,1
241728,0,0,0,0,0,0,1
241746,1,0,0,0,0,0,1
243685,0,0,0,0,0,0,0
247211,0,0,0,0,0,0,0
247353,0,0,0,0,0,0,0
247729,0,0,0,0,0,0,1
248468,0,0,0,0,0,0,0
248853,0,0,0,0,0,0,1
248871,0,0,0,0,0,0,1
248916,0,0,0,0,0,0,0
248934,0,0,0,0,0,0,0
254929,0,0,0,0,0,0,0
255668,0,0,0,0,0,0,0
256053,0,0,0,0,0,0,0
256071,0,0,0,0,0,0,0
256116,0,0,0,0,0,0,0
256134,0,0,0,0,0,0,0
262129,0,0,0,0,0,0,0
262868,0,0,0,0,0,0,0
262961,0,0,0,0,0,0,1
263249,0,0,0,0,0,0,0
263267,0,0,0,0,0,0,0
263289,0,0,0,0,0,0,1
263308,0,0,0,0,0,0,0
263326,0,0,0,0,0,0,0
263946,0,0,0,0,0,0,1
270060,0,0,0,0,0,0,0
270153,0,0,0,0,0,0,0
270463,0,0,0,0,0,0,0
270485,0,0,0,0,0,0,0
270504,0,0,0,0,0,0,0
271146,0,0,0,0,0,0,0
277260,0,0,0,0,0,0,0
277353,0,0,0,0,0,0,0
277663,0,0,0,0,0,0,0
277685,0,0,0,0,0,0,0
277704,0,0,0,0,0,0,0
278253,0,0,0,0,0,0,1
278342,0,0,0,0,0,0,0
280020,0,0,0,0,0,0,1
284452,0,0,0,0,0,0,0
284545,0,0,0,0,0,0,0
284855,0,0,0,0,0,0,0
285453,0,0,0,0,0,0,0
285542,0,0,0,0,0,0,0
286525,0,0,0,0,0,0,1
287216,0,0,0,0,0,0,0
291648,0,0,0,0,0,0,0
291741,0,0,0,0,0,0,0
292051,0,0,0,0,0,0,0
292693,0,0,0,0,0,0,1
292738,0,0,0,0,0,0,0
293721,0,0,0,0,0,0,0
294412,0,0,0,0,0,0,0
296856,1,0,0,0,0,0,1
298412,1,0,0,0,0,0,1
298836,0,0,0,0,0,0,0
299243,0,0,0,0,0,0,0
299864,1,0,0,0,0,0,1
299881,0,0,0,0,0,0,0
299926,0,0,0,0,0,0,0
300688,0,0,0,0,0,0,1
300905,0,0,0,0,0,0,0
303345,0,0,0,0,0,0,1
303775,0,0,0,0,0,0,1
307060,0,0,0,0,0,0,0
307126,0,0,0,0,0,0,0
307888,0,0,0,0,0,0,0
308105,0,0,0,0,0,0,0
310453,1,0,0,0,0,0,1
310541,0,0,0,0,0,0,0
310971,0,0,0,0,0,0,0
311661,0,0,0,0,0,0,1
313003,0,0,0,0,0,0,1
314248,0,0,0,0,0,0,0
314314,0,0,0,0,0,0,0
315076,0,0,0,0,0,0,0
316372,0,0,0,0,0,0,1
316580,0,0,0,0,0,0,1
316583,0,0,0,0,0,0,1
317633,0,0,0,0,0,0,0
318276,0,0,0,0,0,0,1
318729,0,0,0,0,0,0,1
318841,0,0,0,0,0,0,0
321502,0,0,0,0,0,0,0
323298,0,0,0,0,0,0,1
323772,0,0,0,0,0,0,0
323775,0,0,0,0,0,0,0
325472,0,0,0,0,0,0,0
325925,1,1,1,0,0,0,0
326037,0,0,0,0,0,0,0
330498,0,0,0,0,0,0,0
330972,0,0,0,0,0,0,0
330975,0,0,0,0,0,0,0
332308,1,0,0,0,0,0,1
332668,0,0,0,0,0,0,0
333121,0,0,0,0,0,0,0
333233,0,0,0,0,0,0,0
335869,0,0,0,0,0,0,1
337690,0,0,0,0,0,0,0
338167,0,0,0,0,0,0,0
339504,0,0,0,0,0,0,0
339864,0,0,0,0,0,0,0
340317,0,0,0,0,0,0,0
342780,0,0,0,0,0,0,1
343065,0,0,0,0,0,0,0
343067,0,0,0,0,0,0,1
344020,0,0,0,0,0,0,1
344878,0,0,0,0,0,0,0
345381,1,0,0,0,0,0,1
346216,1,0,0,0,0,0,1
346832,1,0,0,0,0,0,1
347404,0,0,0,0,0,0,1
347522,1,0,0,0,0,0,1
350253,0,0,0,0,0,0,0
350255,0,0,0,0,0,0,0
352359,0,0,0,0,0,0,1
352573,0,0,0,0,0,0,0
353408,0,0,0,0,0,0,0
354600,0,0,0,0,0,0,0
354718,0,0,0,0,0,0,0
357449,0,0,0,0,0,0,0
359559,0,0,0,0,0,0,0
359773,0,0,0,0,0,0,0
360608,0,0,0,0,0,0,0
361515,1,0,0,0,0,0,1
361796,0,0,0,0,0,0,0
361914,0,0,0,0,0,0,0
362440,0,0,0,0,0,0,1
362744,1,0,0,0,0,0,1
364637,0,0,0,0,0,0,0
365592,0,0,0,0,0,0,1
365881,0,0,0,0,0,0,1
365947,0,0,0,0,0,0,1
369110,0,0,0,0,0,0,0
369636,0,0,0,0,0,0,0
370280,0,0,0,0,0,0,1
370297,0,0,0,0,0,0,1
370872,0,0,0,0,0,0,1
371873,0,0,0,0,0,0,1
372780,0,0,0,0,0,0,0
373041,0,0,0,0,0,0,1
373065,1,1,1,0,0,0,0
373131,0,0,0,0,0,0,0
373296,1,0,0,0,0,0,1
374009,1,0,0,0,0,0,1
374896,0,0,0,0,0,0,1
375536,0,0,0,0,0,0,1
375632,0,0,0,0,0,0,1
376274,0,0,0,0,0,0,0
377684,0,0,0,0,0,0,1
380253,0,0,0,0,0,0,0
380319,0,0,0,0,0,0,0
381201,0,0,0,0,0,0,0
381797,0,0,0,0,0,0,1
381845,0,0,0,0,0,0,1
382824,0,0,0,0,0,0,0
383466,0,0,0,0,0,0,0
384876,0,0,0,0,0,0,0
385472,0,0,0,0,0,0,1
387511,0,0,0,0,0,0,0
388993,1,0,0,0,0,0,0
389041,0,0,0,0,0,0,0
389611,1,0,0,0,0,0,1
390016,0,0,0,0,0,0,0
390656,0,0,0,0,0,0,1
390658,1,0,0,0,0,0,0
390699,1,0,0,0,0,0,1
391268,0,0,0,0,0,0,1
392061,1,0,0,0,0,0,1
393181,0,0,0,0,0,0,1
393755,1,0,0,0,0,0,1
394184,1,0,0,0,0,0,1
395812,0,0,0,0,0,0,1
396696,0,0,0,0,0,0,1
397770,0,0,0,0,0,0,1
398460,0,0,0,0,0,0,0
398504,0,0,0,0,0,0,1
399249,1,0,0,0,0,0,0
399530,0,0,0,0,0,0,1
400365,0,0,0,0,0,0,0
400600,1,0,0,0,0,0,1
400935,0,0,0,0,0,0,0
401961,0,0,0,0,0,0,1
403880,0,0,0,0,0,0,0
405169,0,0,0,0,0,0,1
406441,0,0,0,0,0,0,0
406722,0,0,0,0,0,0,0
407532,0,0,0,0,0,0,1
408131,0,0,0,0,0,0,0
411080,0,0,0,0,0,0,0
412369,0,0,0,0,0,0,0
413180,1,0,0,0,0,0,1
413637,0,0,0,0,0,0,0
413918,0,0,0,0,0,0,0
413962,0,0,0,0,0,0,1
415327,0,0,0,0,0,0,0
416328,0,0,0,0,0,0,1
416999,0,0,0,0,0,0,1
417500,1,0,0,0,0,0,1
418864,1,0,0,0,0,0,1
419553,0,0,0,0,0,0,0
420200,0,0,0,0,0,0,1
420528,0,0,0,0,0,0,1
420817,0,0,0,0,0,0,0
420929,0,0,0,0,0,0,1
421142,0,0,0,0,0,0,0
421808,1,0,0,0,0,0,1
422169,1,0,0,0,0,0,1
422449,0,0,0,0,0,0,1
423092,1,0,0,0,0,0,1
424171,0,0,0,0,0,0,0
424620,1,0,0,0,0,0,1
424765,0,0,0,0,0,0,1
425263,0,0,0,0,0,0,1
426507,0,0,0,0,0,0,1
427368,0,0,0,0,0,0,0
428322,0,0,0,0,0,0,0
428844,0,0,0,0,0,0,1
429633,0,0,0,0,0,0,0
429705,0,0,0,0,0,0,1
429986,1,0,0,0,0,0,1
430560,1,0,0,0,0,0,1
430629,0,0,0,0,0,0,1
430765,1,0,0,0,0,0,1
431460,0,0,0,0,0,0,1
432318,0,0,0,0,0,0,1
432363,0,0,0,0,0,0,1
433560,1,0,0,0,0,0,1
434442,1,0,0,0,0,0,1
436020,0,0,0,0,0,0,0
436544,0,0,0,0,0,0,1
437817,1,0,0,0,0,0,0
437953,0,0,0,0,0,0,0
438527,0,0,0,0,0,0,1
439384,1,0,0,0,0,0,1
440752,0,0,0,0,0,0,0
441634,0,0,0,0,0,0,0
443095,0,0,0,0,0,0,1
444075,0,0,0,0,0,0,1
445009,0,0,0,0,0,0,0
445145,0,0,0,0,0,0,0
445432,0,0,0,0,0,0,1
445520,0,0,0,0,0,0,1
448830,0,0,0,0,0,0,0
451275,0,0,0,0,0,0,0
452209,0,0,0,0,0,0,0
452345,0,0,0,0,0,0,0
452632,0,0,0,0,0,0,0
452720,0,0,0,0,0,0,0
453295,0,0,0,0,0,0,1
453986,0,0,0,0,0,0,1
454604,0,0,0,0,0,0,1
455274,0,0,0,0,0,0,1
459209,1,0,0,0,0,0,1
459253,0,0,0,0,0,0,1
459533,0,0,0,0,0,0,0
459820,1,0,0,0,0,0,0
460487,0,0,0,0,0,0,0
461132,0,0,0,0,0,0,1
461775,1,0,0,0,0,0,1
461792,0,0,0,0,0,0,0
462297,0,0,0,0,0,0,1
462458,0,0,0,0,0,0,0
463510,0,0,0,0,0,0,1
463676,0,0,0,0,0,0,1
464489,1,0,0,0,0,0,1
464576,1,0,0,0,0,0,1
465297,0,0,0,0,0,0,1
465552,0,0,0,0,0,0,1
466270,1,0,0,0,0,0,1
466697,0,0,0,0,0,0,0
466745,0,0,0,0,0,0,1
466760,0,0,0,0,0,0,1
466785,0,0,0,0,0,0,1
467765,0,0,0,0,0,0,1
467877,0,0,0,0,0,0,1
467970,1,0,0,0,0,0,1
468228,1,0,0,0,0,0,1
468923,0,0,0,0,0,0,0
469137,0,0,0,0,0,0,1
469392,0,0,0,0,0,0,1
469657,0,0,0,0,0,0,1
469987,1,0,0,0,0,0,1
470150,0,0,0,0,0,0,1
470820,0,0,0,0,0,0,0
475061,0,0,0,0,0,0,0
476592,0,0,0,0,0,0,0
476857,0,0,0,0,0,0,0
477187,0,0,0,0,0,0,0
477350,1,0,0,0,0,0,0
478020,0,0,0,0,0,0,0
482261,0,0,0,0,0,0,0
483792,0,0,0,0,0,0,0
484057,0,0,0,0,0,0,0
484387,0,0,0,0,0,0,0
484550,0,0,0,0,0,0,0
484664,0,0,0,0,0,0,1
485216,0,0,0,0,0,0,0
489457,0,0,0,0,0,0,0
491257,0,0,0,0,0,0,0
491587,0,0,0,0,0,0,0
491750,0,0,0,0,0,0,0
491864,0,0,0,0,0,0,0
492416,0,0,0,0,0,0,0
496657,0,0,0,0,0,0,0
498457,0,0,0,0,0,0,0
498787,0,0,0,0,0,0,0
498950,0,0,0,0,0,0,0
499064,0,0,0,0,0,0,0
499616,0,0,0,0,0,0,0
501484,0,0,0,0,0,0,1
503853,0,0,0,0,0,0,0
505653,0,0,0,0,0,0,0
505983,0,0,0,0,0,0,0
506146,0,0,0,0,0,0,0
506260,0,0,0,0,0,0,0
508684,0,0,0,0,0,0,0
511053,0,0,0,0,0,0,0
512853,0,0,0,0,0,0,0
513183,0,0,0,0,0,0,0
513346,0,0,0,0,0,0,0
513460,0,0,0,0,0,0,0
515884,0,0,0,0,0,0,0
518253,0,0,0,0,0,0,0
520053,0,0,0,0,0,0,0
520383,0,0,0,0,0,0,0
520449,1,0,0,0,0,0,1
520542,0,0,0,0,0,0,0
520656,0,0,0,0,0,0,0
523080,0,0,0,0,0,0,0
526125,1,0,0,0,0,0,1
527583,0,0,0,0,0,0,0
527649,0,0,0,0,0,0,0
527742,0,0,0,0,0,0,0
527856,0,0,0,0,0,0,0
529056,0,0,0,0,0,0,1
533325,0,0,0,0,0,0,0
534783,0,0,0,0,0,0,0
534849,0,0,0,0,0,0,0
534942,0,0,0,0,0,0,0
535056,0,0,0,0,0,0,0
536256,0,0,0,0,0,0,0
537333,0,0,0,0,0,0,1
538287,0,0,0,0,0,0,1
542049,0,0,0,0,0,0,0
542142,0,0,0,0,0,0,0
542256,0,0,0,0,0,0,0
543456,0,0,0,0,0,0,0
544533,0,0,0,0,0,0,0
545487,0,0,0,0,0,0,0
547379,0,0,0,0,0,0,1
548022,0,0,0,0,0,0,1
549241,0,0,0,0,0,0,0
549452,0,0,0,0,0,0,0
550652,0,0,0,0,0,0,0
551729,1,0,0,0,0,0,0
554579,0,0,0,0,0,0,0
554840,0,0,0,0,0,0,1
555218,0,0,0,0,0,0,0
556008,0,0,0,0,0,0,1
556433,0,0,0,0,0,0,0
556644,0,0,0,0,0,0,0
557795,1,0,0,0,0,0,1
558921,0,0,0,0,0,0,0
559130,1,0,0,0,0,0,1
559344,0,0,0,0,0,0,1
559888,1,0,0,0,0,0,1
561929,0,0,0,0,0,0,1
562832,0,0,0,0,0,0,1
563621,0,0,0,0,0,0,0
564987,0,0,0,0,0,0,0
566326,0,0,0,0,0,0,0
566540,0,0,0,0,0,0,0
569129,0,0,0,0,0,0,0
570032,0,0,0,0,0,0,0
570821,0,0,0,0,0,0,0
572187,0,0,0,0,0,0,0
573526,0,0,0,0,0,0,0
573740,0,0,0,0,0,0,0
575225,0,0,0,0,0,0,1
577232,0,0,0,0,0,0,0
577276,0,0,0,0,0,0,1
577925,0,0,0,0,0,0,1
578013,0,0,0,0,0,0,0
579379,0,0,0,0,0,0,0
580718,0,0,0,0,0,0,0
580932,0,0,0,0,0,0,0
584476,0,0,0,0,0,0,0
585125,0,0,0,0,0,0,0
585213,0,0,0,0,0,0,0
586579,0,0,0,0,0,0,0
587918,0,0,0,0,0,0,0
588132,0,0,0,0,0,0,0
588845,1,0,0,0,0,0,1
589082,0,0,0,0,0,0,1
591406,1,0,0,0,0,0,1
591664,0,0,0,0,0,0,0
592313,0,0,0,0,0,0,0
593771,0,0,0,0,0,0,0
595328,0,0,0,0,0,0,0
596041,0,0,0,0,0,0,0
596616,1,0,0,0,0,0,1
598602,0,0,0,0,0,0,0
598860,0,0,0,0,0,0,0
599049,1,0,0,0,0,0,1
599505,0,0,0,0,0,0,0
600963,0,0,0,0,0,0,0
603816,0,0,0,0,0,0,0
605802,0,0,0,0,0,0,0
606060,0,0,0,0,0,0,0
606249,0,0,0,0,0,0,0
606705,0,0,0,0,0,0,0
608163,0,0,0,0,0,0,0
609889,1,0,0,0,0,0,1
611012,1,0,0,0,0,0,0
612998,0,0,0,0,0,0,0
613256,0,0,0,0,0,0,0
613445,0,0,0,0,0,0,0
614475,1,0,0,0,0,0,1
614832,0,0,0,0,0,0,1
614925,0,0,0,0,0,0,1
615518,1,0,0,0,0,0,1
615728,1,0,0,0,0,0,1
616208,1,0,0,0,0,0,1
616275,1,0,0,0,0,0,1
617541,1,0,0,0,0,0,1
617659,1,0,0,0,0,0,1
619025,0,0,0,0,0,0,1
622714,0,0,0,0,0,0,0
622924,0,0,0,0,0,0,0
623404,1,0,0,0,0,0,0
624741,0,0,0,0,0,0,0
624859,0,0,0,0,0,0,0
625740,1,0,0,0,0,0,1
626027,1,0,0,0,0,0,1
626217,0,0,0,0,0,0,0
627052,1,0,0,0,0,0,1
627167,0,0,0,0,0,0,1
628434,0,0,0,0,0,0,1
631933,0,0,0,0,0,0,0
632338,1,0,0,0,0,0,1
632932,0,0,0,0,0,0,0
633413,0,0,0,0,0,0,0
634248,0,0,0,0,0,0,0
634292,0,0,0,0,0,0,1
634359,0,0,0,0,0,0,0
635313,1,0,0,0,0,0,1
636488,0,0,0,0,0,0,1
636557,0,0,0,0,0,0,1
637436,0,0,0,0,0,0,1
637797,1,0,0,0,0,0,1
638008,1,0,0,0,0,0,1
638936,1,0,0,0,0,0,1
639510,0,0,0,0,0,0,0
639513,1,0,0,0,0,0,1
640343,1,0,0,0,0,0,1
642497,0,0,0,0,0,0,0
645208,0,0,0,0,0,0,0
646136,1,0,0,0,0,0,0
646423,1,0,0,0,0,0,1
646706,0,0,0,0,0,0,0
646709,0,0,0,0,0,0,0
649557,1,0,0,0,0,0,1
649693,0,0,0,0,0,0,0
650000,1,0,0,0,0,0,1
652400,0,0,0,0,0,0,0
653616,1,0,0,0,0,0,1
653619,0,0,0,0,0,0,0
653898,0,0,0,0,0,0,0
655311,1,0,0,0,0,0,1
655477,0,0,0,0,0,0,1
656885,0,0,0,0,0,0,0
656957,1,0,0,0,0,0,1
657839,1,0,0,0,0,0,1
658601,1,0,0,0,0,0,1
659584,0,0,0,0,0,0,0
660540,0,0,0,0,0,0,1
660796,1,0,0,0,0,0,0
661082,0,0,0,0,0,0,0
662494,1,0,0,0,0,0,1
663163,0,0,0,0,0,0,1
663207,0,0,0,0,0,0,1
663248,0,0,0,0,0,0,1
663558,0,0,0,0,0,0,1
663963,0,0,0,0,0,0,1
664129,0,0,0,0,0,0,0
664290,1,0,0,0,0,0,1
664670,0,0,0,0,0,0,1
664835,1,0,0,0,0,0,1
665765,0,0,0,0,0,0,0
665813,0,0,0,0,0,0,1
666501,1,0,0,0,0,0,1
667700,0,0,0,0,0,0,0
668488,1,0,0,0,0,0,1
669396,1,0,0,0,0,0,1
669897,0,0,0,0,0,0,1
670416,0,0,0,0,0,0,0
670441,1,0,0,0,0,0,1
671128,1,0,0,0,0,0,1
671606,1,0,0,0,0,0,1
672011,1,0,0,0,0,0,0
672148,0,0,0,0,0,0,1
672193,0,0,0,0,0,0,1
672505,0,0,0,0,0,0,1
672617,0,0,0,0,0,0,1
673214,1,0,0,0,0,0,1
674001,0,0,0,0,0,0,1
674047,0,0,0,0,0,0,1
674068,0,0,0,0,0,0,1
674281,0,0,0,0,0,0,1
674536,0,0,0,0,0,0,1
674606,1,0,0,0,0,0,1
674699,1,0,0,0,0,0,1
674700,1,0,0,0,0,0,1
674837,0,0,0,0,0,0,1
675241,0,0,0,0,0,0,1
675546,1,0,0,0,0,0,1
675663,1,0,0,0,0,0,1
675777,0,0,0,0,0,0,1
675849,0,0,0,0,0,0,1
676229,0,0,0,0,0,0,1
676416,0,0,0,0,0,0,1
676746,1,0,0,0,0,0,1
677246,0,0,0,0,0,0,1
677361,0,0,0,0,0,0,1
678054,0,0,0,0,0,0,1
678337,1,0,0,0,0,0,1
679678,0,0,0,0,0,0,1
679864,1,0,0,0,0,0,1
681516,0,0,0,0,0,0,1
682210,1,0,0,0,0,0,1
682831,0,0,0,0,0,0,0
682920,1,0,0,0,0,0,1
683401,0,0,0,0,0,0,0
683588,0,0,0,0,0,0,0
683749,0,0,0,0,0,0,1
684156,0,0,0,0,0,0,1
684703,0,0,0,0,0,0,1
685325,0,0,0,0,0,0,1
685869,0,0,0,0,0,0,1
685892,1,0,0,0,0,0,1
686009,0,0,0,0,0,0,1
686456,1,0,0,0,0,0,1
686477,0,0,0,0,0,0,1
687529,1,0,0,0,0,0,1
688076,0,0,0,0,0,0,1
688509,0,0,0,0,0,0,1
688552,0,0,0,0,0,0,1
689362,0,0,0,0,0,0,0
689720,0,0,0,0,0,0,1
689952,1,0,0,0,0,0,1
691225,1,0,0,0,0,0,1
691867,0,0,0,0,0,0,0
691884,1,0,0,0,0,0,1
694568,1,0,0,0,0,0,1
694709,0,0,0,0,0,0,0
696291,1,0,0,0,0,0,1
696550,0,0,0,0,0,0,0
696908,0,0,0,0,0,0,0
697284,1,0,0,0,0,0,1
697405,1,0,0,0,0,0,1
697589,1,0,0,0,0,0,1
697803,1,0,0,0,0,0,1
698086,1,0,0,0,0,0,1
699092,1,0,0,0,0,0,1
699447,1,0,0,0,0,0,1
699729,1,0,0,0,0,0,1
699868,1,0,0,0,0,0,1
703179,1,0,0,0,0,0,1
704593,0,0,0,0,0,0,0
704637,0,0,0,0,0,0,1
704727,1,0,0,0,0,0,1
704768,1,1,1,0,0,0,1
705270,0,0,0,0,0,0,0
705701,0,0,0,0,0,0,1
706272,1,0,0,0,0,0,0
706913,0,0,0,0,0,0,0
707076,0,0,0,0,0,0,1
707770,0,0,0,0,0,0,1
707864,1,0,0,0,0,0,1
708293,0,0,0,0,0,0,1
708500,1,0,0,0,0,0,1
708571,1,0,0,0,0,0,1
708780,0,0,0,0,0,0,1
709932,0,0,0,0,0,0,1
710812,1,0,0,0,0,0,1
710833,1,0,0,0,0,0,1
711168,0,0,0,0,0,0,1
711307,1,0,0,0,0,0,1
712527,1,0,0,0,0,0,1
712668,1,0,0,0,0,0,1
712733,1,0,0,0,0,0,1
712754,0,0,0,0,0,0,1
713133,0,0,0,0,0,0,1
713947,1,0,0,0,0,0,1
714304,1,0,0,0,0,0,1
714489,0,0,0,0,0,0,1
714944,0,0,0,0,0,0,1
715154,0,0,0,0,0,0,1
715441,0,0,0,0,0,0,0
716297,1,0,0,0,0,0,1
716705,1,0,0,0,0,0,1
717441,1,0,0,0,0,0,1
717964,0,0,0,0,0,0,0
718538,0,0,0,0,0,0,1
718724,0,0,0,0,0,0,1
719156,1,0,0,0,0,0,1
719966,1,0,0,0,0,0,1
720680,1,0,0,0,0,0,1
720752,0,0,0,0,0,0,1
721107,0,0,0,0,0,0,0
721630,0,0,0,0,0,0,1
722131,1,0,0,0,0,0,1
722152,1,0,0,0,0,0,1
723492,1,0,0,0,0,0,1
723873,0,0,0,0,0,0,0
724609,1,0,0,0,0,0,0
727868,0,0,0,0,0,0,0
728826,0,0,0,0,0,0,0
729327,1,0,0,0,0,0,0
730692,0,0,0,0,0,0,0
731073,0,0,0,0,0,0,0
731809,0,0,0,0,0,0,0
735068,0,0,0,0,0,0,0
736026,0,0,0,0,0,0,0
736527,0,0,0,0,0,0,0
737892,0,0,0,0,0,0,0
738273,0,0,0,0,0,0,0
739009,0,0,0,0,0,0,0
742268,0,0,0,0,0,0,0
743226,0,0,0,0,0,0,0
743727,0,0,0,0,0,0,0
745092,0,0,0,0,0,0,0
745473,0,0,0,0,0,0,0
746209,0,0,0,0,0,0,0
749468,0,0,0,0,0,0,0
750426,0,0,0,0,0,0,0
750927,0,0,0,0,0,0,0
752292,0,0,0,0,0,0,0
752673,0,0,0,0,0,0,0
753409,0,0,0,0,0,0,0
756668,0,0,0,0,0,0,0
757626,0,0,0,0,0,0,0
758127,0,0,0,0,0,0,0
758170,0,0,0,0,0,0,1
759488,0,0,0,0,0,0,0
759869,0,0,0,0,0,0,0
760605,0,0,0,0,0,0,0
761757,1,0,0,0,0,0,1
762665,1,0,0,0,0,0,1
763856,0,0,0,0,0,0,0
763973,1,0,0,0,0,0,1
764473,0,0,0,0,0,0,1
764829,0,0,0,0,0,0,1
765307,0,0,0,0,0,0,0
765350,0,0,0,0,0,0,0
765351,0,0,0,0,0,0,1
765388,0,0,0,0,0,0,1
766660,0,0,0,0,0,0,0
766773,0,0,0,0,0,0,1
767636,1,0,0,0,0,0,1
768424,1,0,0,0,0,0,1
769140,1,0,0,0,0,0,1
769832,1,0,0,0,0,0,1
769833,0,0,0,0,0,0,0
770449,1,0,0,0,0,0,1
770586,0,0,0,0,0,0,1
770632,1,0,0,0,0,0,1
771061,1,0,0,0,0,0,1
771078,0,0,0,0,0,0,1
771965,0,0,0,0,0,0,1
772511,0,0,0,0,0,0,0
772552,0,0,0,0,0,0,0
772622,0,0,0,0,0,0,1
773723,1,0,0,0,0,0,1
773767,0,0,0,0,0,0,1
773769,1,0,0,0,0,0,1
773925,0,0,0,0,0,0,0
773926,1,0,0,0,0,0,1
775599,1,0,0,0,0,0,1
776053,0,0,0,0,0,0,1
776093,0,0,0,0,0,0,1
776741,0,0,0,0,0,0,1
777575,0,0,0,0,0,0,1
777788,0,0,0,0,0,0,0
779724,0,0,0,0,0,0,0
780368,1,0,0,0,0,0,1
780868,0,0,0,0,0,0,1
781106,0,0,0,0,0,0,0
781846,0,0,0,0,0,0,1
783281,0,0,0,0,0,0,0
783929,0,0,0,0,0,0,0
784763,0,0,0,0,0,0,0
784976,1,0,0,0,0,0,0
785165,1,0,0,0,0,0,1
785448,0,0,0,0,0,0,1
785514,1,0,0,0,0,0,1
785943,1,0,0,0,0,0,1
786061,0,0,0,0,0,0,1
786268,1,0,0,0,0,0,1
786272,1,0,0,0,0,0,1
786334,1,0,0,0,0,0,1
786619,0,0,0,0,0,0,1
787287,0,0,0,0,0,0,1
788077,0,0,0,0,0,0,1
788841,1,0,0,0,0,0,1
789076,0,0,0,0,0,0,1
789745,1,0,0,0,0,0,1
789764,1,0,0,0,0,0,1
790429,0,0,0,0,0,0,0
790524,1,0,0,0,0,0,1
791165,0,0,0,0,0,0,1
791258,0,0,0,0,0,0,1
792070,1,0,0,0,0,0,1
792810,1,0,0,0,0,0,1
793428,0,0,0,0,0,0,0
793522,0,0,0,0,0,0,1
794455,0,0,0,0,0,0,0
794786,0,0,0,0,0,0,1
795191,0,0,0,0,0,0,1
796435,1,0,0,0,0,0,1
796913,1,0,0,0,0,0,0
797267,0,0,0,0,0,0,1
797478,1,0,0,0,0,0,1
797692,1,0,0,0,0,0,0
798333,0,0,0,0,0,0,0
799049,1,0,0,0,0,0,1
799528,1,0,0,0,0,0,1
800025,1,0,0,0,0,0,1
800596,0,0,0,0,0,0,0
803187,0,0,0,0,0,0,1
803231,0,0,0,0,0,0,1
804093,0,0,0,0,0,0,0
804662,0,0,0,0,0,0,0
804755,1,0,0,0,0,0,1
804988,0,0,0,0,0,0,1
805229,1,0,0,0,0,0,1
806302,1,1,1,0,0,0,1
806708,0,0,0,0,0,0,0
806942,1,0,0,0,0,0,1
807152,1,0,0,0,0,0,1
807175,1,1,1,0,0,0,1
807193,1,0,0,0,0,0,0
807598,1,0,0,0,0,0,1
808025,1,0,0,0,0,0,1
808358,1,1,1,0,0,0,1
808520,0,0,0,0,0,0,1
809430,1,0,0,0,0,0,1
809928,1,0,0,0,0,0,1
810406,1,0,0,0,0,0,1
811844,1,0,0,0,0,0,1
812198,1,0,0,0,0,0,1
812389,1,0,0,0,0,0,0
812937,0,0,0,0,0,0,1
812954,1,0,0,0,0,0,1
814343,0,0,0,0,0,0,0
814941,1,0,0,0,0,0,1
815197,0,0,0,0,0,0,0
816298,0,0,0,0,0,0,1
816319,1,0,0,0,0,0,1
816365,1,0,0,0,0,0,1
816477,1,0,0,0,0,0,1
816763,0,0,0,0,0,0,1
817092,0,0,0,0,0,0,0
817186,1,0,0,0,0,0,1
817207,0,0,0,0,0,0,1
817397,1,0,0,0,0,0,1
817799,0,0,0,0,0,0,1
818056,1,0,0,0,0,0,1
818992,0,0,0,0,0,0,0
819996,1,0,0,0,0,0,1
823661,1,0,0,0,0,0,0
824378,0,0,0,0,0,0,0
824593,0,0,0,0,0,0,0
824777,1,1,0,0,0,0,1
824991,0,0,0,0,0,0,0
825248,0,0,0,0,0,0,0
825873,1,0,0,0,0,0,1
827188,0,0,0,0,0,0,0
828624,1,0,0,0,0,0,1
829123,0,0,0,0,0,0,1
829937,1,0,0,0,0,0,1
830435,1,0,0,0,0,0,1
831248,1,0,0,0,0,0,1
831312,1,0,0,0,0,0,1
831550,0,0,0,0,0,0,0
831551,1,0,0,0,0,0,1
831949,0,0,0,0,0,0,0
832931,1,0,0,0,0,0,1
833166,1,0,0,0,0,0,1
833689,1,0,0,0,0,0,1
833876,1,0,0,0,0,0,1
833971,1,0,0,0,0,0,1
835021,1,0,0,0,0,0,1
836265,1,0,0,0,0,0,1
837032,0,0,0,0,0,0,1
837101,1,0,0,0,0,0,0
837236,1,0,0,0,0,0,1
837283,1,0,0,0,0,0,1
837685,1,0,0,0,0,0,1
838018,1,0,0,0,0,0,1
839097,1,0,0,0,0,0,1
839452,1,0,0,0,0,0,1
840141,0,0,0,0,0,0,1
844028,0,0,0,0,0,0,1
844428,0,0,0,0,0,0,0
844475,0,0,0,0,0,0,0
844688,0,0,0,0,0,0,1
845210,1,0,0,0,0,0,0
846289,0,0,0,0,0,0,0
847337,0,0,0,0,0,0,0
847625,1,0,0,0,0,0,1
848194,0,0,0,0,0,0,1
849417,1,0,0,0,0,0,1
851616,0,0,0,0,0,0,0
851663,0,0,0,0,0,0,0
851876,0,0,0,0,0,0,0
853428,1,0,0,0,0,0,1
854363,1,0,0,0,0,0,1
854525,1,0,0,0,0,0,0
855386,1,0,0,0,0,0,0
855597,1,0,0,0,0,0,1
856553,1,0,0,0,0,0,1
856555,1,0,0,0,0,0,1
856597,0,0,0,0,0,0,0
858293,1,1,1,0,0,0,1
858435,1,1,1,0,0,0,1
859056,0,0,0,0,0,0,0
859677,0,0,0,0,0,0,1
859693,1,0,0,0,0,0,1
859715,1,0,0,0,0,0,1
860596,0,0,0,0,0,0,0
860885,1,0,0,0,0,0,1
862558,0,0,0,0,0,0,0
862602,0,0,0,0,0,0,1
863440,1,0,0,0,0,0,1
864057,1,0,0,0,0,0,1
864364,1,1,1,0,0,0,1
864387,1,1,1,0,0,0,1
864431,0,0,0,0,0,0,1
866277,1,0,0,0,0,0,1
866776,1,1,0,0,0,0,1
866939,1,0,0,0,0,0,1
867964,1,0,0,0,0,0,1
869786,1,1,1,0,0,0,0
870431,1,0,0,0,0,0,1
871096,0,0,0,0,0,0,1
871118,1,0,0,0,0,0,1
871233,1,0,0,0,0,0,0
871424,1,0,0,0,0,0,1
873461,1,1,1,0,0,0,0
877631,0,0,0,0,0,0,0
878036,1,0,0,0,0,0,1
878292,0,0,0,0,0,0,0
878314,1,1,1,0,0,0,0
878429,0,0,0,0,0,0,0
878764,1,0,0,0,0,0,1
879190,0,0,0,0,0,0,1
879257,1,0,0,0,0,0,1
879420,1,0,0,0,0,0,1
880233,1,0,0,0,0,0,1
880326,1,0,0,0,0,0,1
880637,1,1,1,0,0,0,0
880967,1,0,0,0,0,0,1
881081,1,0,0,0,0,0,1
882089,1,0,0,0,0,0,1
882873,0,0,0,0,0,0,1
883302,1,0,0,0,0,0,1
883874,0,0,0,0,0,0,1
885669,1,0,0,0,0,0,1
885932,1,1,0,0,0,0,0
886596,0,0,0,0,0,0,0
886980,1,0,0,0,0,0,1
888151,0,0,0,0,0,0,0
888864,0,0,0,0,0,0,1
888957,0,0,0,0,0,0,1
889269,0,0,0,0,0,0,0
889431,1,0,0,0,0,0,1
890841,1,1,0,0,0,0,1
891054,1,1,0,0,0,1,0
891437,1,0,0,0,0,0,1
892225,0,0,0,0,0,0,1
892315,1,0,0,0,0,0,1
892985,0,0,0,0,0,0,1
893531,1,0,0,0,0,0,1
893793,0,0,0,0,0,0,1
894148,1,1,0,0,0,0,0
896036,0,0,0,0,0,0,0
896060,1,0,0,0,0,0,1
896439,0,0,0,0,0,0,1
896509,1,0,0,0,0,0,1
898013,0,0,0,0,0,0,0
898226,1,1,0,0,0,0,0
898463,1,0,0,0,0,0,1
901601,0,0,0,0,0,0,1
902272,1,1,0,0,0,0,1
902409,1,0,0,0,0,0,1
903151,1,1,1,0,0,0,1
903193,1,0,0,0,0,0,1
903212,1,0,0,0,0,0,0
903693,0,0,0,0,0,0,0
904241,0,0,0,0,0,0,1
905293,1,1,1,0,0,0,1
905406,1,0,0,0,0,0,0
905497,1,0,0,0,0,0,1
905783,1,0,0,0,0,0,1
906688,1,0,0,0,0,0,1
906926,1,0,0,0,0,0,1
907209,1,0,0,0,0,0,1
908092,1,0,0,0,0,0,1
908137,1,0,0,0,0,0,1
908182,1,0,0,0,0,0,1
908730,0,0,0,0,0,0,1
909037,1,0,0,0,0,0,1
909420,0,0,0,0,0,0,0
909726,1,0,0,0,0,0,1
910564,1,1,1,0,0,0,1
911136,0,0,0,0,0,0,1
912453,1,1,1,0,0,0,0
912951,0,0,0,0,0,0,0
913979,1,0,0,0,0,0,1
915268,1,1,1,0,0,0,0
915435,1,1,1,0,0,0,1
916221,1,1,1,0,0,0,0
916914,1,0,0,0,0,0,0
916956,1,1,1,0,0,0,1
917337,1,0,0,0,0,0,1
918293,1,0,0,0,0,0,1
918316,1,0,0,0,0,0,0
919293,1,0,0,0,0,0,1
919629,0,0,0,0,0,0,0
920149,1,0,0,0,0,0,1
920197,0,0,0,0,0,0,1
920553,0,0,0,0,0,0,1
921004,1,0,0,0,0,0,1
921217,1,0,0,0,0,0,1
921522,1,0,0,0,0,0,1
921616,1,0,0,0,0,0,1
921633,1,0,0,0,0,0,1
922397,0,0,0,0,0,0,1
922441,0,0,0,0,0,0,1
922489,1,0,0,0,0,0,1
922579,0,0,0,0,0,0,0
922744,1,0,0,0,0,0,1
922788,0,0,0,0,0,0,1
923145,1,0,0,0,0,0,1
923617,0,0,0,0,0,0,1
924073,1,0,0,0,0,0,1
924088,0,0,0,0,0,0,0
924759,1,1,0,0,0,0,1
924776,0,0,0,0,0,0,1
924893,1,0,0,0,0,0,1
925371,0,0,0,0,0,0,1
926181,1,0,0,0,0,0,1
926731,1,0,0,0,0,0,1
927304,0,0,0,0,0,0,1
927368,1,1,0,0,0,0,1
927581,0,0,0,0,0,0,1
928275,1,0,0,0,0,0,1
928608,1,0,0,0,0,0,1
928650,0,0,0,0,0,0,0
929125,1,0,0,0,0,0,1
929721,0,0,0,0,0,0,1
930247,1,0,0,0,0,0,1
930291,0,0,0,0,0,0,1
930453,1,0,0,0,0,0,1
930860,1,0,0,0,0,0,1
931217,0,0,0,0,0,0,0
931377,1,0,0,0,0,0,1
931544,1,0,0,0,0,0,1
932353,1,0,0,0,0,0,1
934173,1,0,0,0,0,0,1
934528,1,0,0,0,0,0,0
935822,1,1,1,0,0,0,0
935912,0,1,0,0,0,0,1
937471,0,0,0,0,0,0,0
937680,1,0,0,0,0,0,1
938401,1,0,0,0,0,0,0
938445,0,0,0,0,0,0,1
938581,1,0,0,0,0,0,1
938724,1,1,1,1,0,0,0
938815,1,0,0,0,0,0,1
938928,0,0,0,0,0,0,1
939430,1,1,1,0,0,0,1
940026,1,0,0,0,0,0,1
940029,0,0,0,0,0,0,1
940187,1,0,0,0,0,0,1
940636,1,0,0,0,0,0,1
940680,0,0,0,0,0,0,1
940965,1,0,0,0,0,0,1
941396,1,0,0,0,0,0,1
944821,0,0,0,0,0,0,1
944865,0,0,0,0,0,0,1
945272,1,0,0,0,0,0,1
945676,0,0,0,0,0,0,1
946173,1,0,0,0,0,0,1
947202,1,0,0,0,0,0,0
947205,0,0,0,0,0,0,0
947363,0,0,0,0,0,0,0
947528,1,1,0,0,0,1,1
947856,1,0,0,0,0,0,0
947998,0,0,0,0,0,0,1
948403,0,0,0,0,0,0,1
953365,0,0,0,0,0,0,0
954011,1,1,1,0,0,0,1
954393,1,1,1,0,0,0,0
954649,1,0,0,0,0,0,1
954720,0,0,0,0,0,0,0
955048,0,0,0,0,0,0,0
955190,1,0,0,0,0,0,0
956051,1,1,1,0,0,0,1
956840,1,0,0,0,0,0,1
956976,1,0,0,0,0,0,1
958272,1,0,0,0,0,0,1
958362,1,0,0,0,0,0,1
958837,1,0,0,0,0,0,1
958978,0,0,0,0,0,0,1
959096,1,0,0,0,0,0,1
959328,1,0,0,0,0,0,1
959445,0,0,0,0,0,0,1
960692,1,0,0,0,0,0,1
960852,0,0,0,0,0,0,1
961499,1,0,0,0,0,0,1
961545,1,0,0,0,0,0,0
961898,1,0,0,0,0,0,1
963671,1,0,0,0,0,0,1
964555,1,0,0,0,0,0,1
964960,0,0,0,0,0,0,1
965099,1,0,0,0,0,0,1
966629,0,0,0,0,0,0,0
968040,1,0,0,0,0,0,0
968448,1,0,0,0,0,0,1
968733,0,0,0,0,0,0,0
968871,1,0,0,0,0,0,1
969082,0,0,0,0,0,0,0
970544,1,0,0,0,0,0,1
970994,1,0,0,0,0,0,1
972145,1,0,0,0,0,0,1
972353,1,0,0,0,0,0,1
972422,1,0,0,0,0,0,1
972776,1,0,0,0,0,0,1
972968,1,1,1,0,0,0,1
973057,0,0,0,0,0,0,1
974732,1,0,0,0,0,0,1
976051,0,0,0,0,0,0,0
976337,1,1,1,0,0,0,1
976761,1,0,0,0,0,0,1
977358,0,0,0,0,0,0,1
978000,1,0,0,0,0,0,1
978119,1,0,0,0,0,0,1
979408,1,0,0,0,0,0,1
980152,0,0,0,0,0,0,0
980891,1,1,1,0,0,0,1
981585,1,0,0,0,0,0,1
982848,1,0,0,0,0,0,1
982969,0,0,0,0,0,0,1
983945,1,1,1,0,0,0,0
984063,1,0,0,0,0,0,1
984301,1,0,0,0,0,0,1
984534,0,0,0,0,0,0,0
984821,0,0,0,0,0,0,1
986109,1,0,0,0,0,0,1
986924,1,0,0,0,0,0,1
987109,0,0,0,0,0,0,1
987226,1,0,0,0,0,0,1
989216,1,0,0,0,0,0,1
990024,1,0,0,0,0,0,0
991247,1,0,0,0,0,0,0
991866,1,0,0,0,0,0,1
992009,0,0,0,0,0,0,0
992650,0,0,0,0,0,0,1
993009,1,0,0,0,0,0,1
993243,1,0,0,0,0,0,1
993552,0,0,0,0,0,0,1
993693,0,0,0,0,0,0,1
993878,0,0,0,0,0,0,1
994281,0,0,0,0,0,0,0
994327,1,0,0,0,0,0,1
995573,1,0,0,0,0,0,1
996217,0,0,0,0,0,0,1
997192,1,0,0,0,0,0,0
997287,1,0,0,0,0,0,1
997473,1,0,0,0,0,0,1
998213,1,0,0,0,0,0,1
998379,1,0,0,0,0,0,1
998804,0,0,0,0,0,0,1
999233,0,0,0,0,0,0,1
1000239,1,0,0,0,0,0,1
1000285,1,0,0,0,0,0,1
1000712,1,0,0,0,0,0,0
1001042,0,0,0,0,0,0,0
1001785,0,0,0,0,0,0,1
1001924,1,0,0,0,0,0,1
1002108,1,0,0,0,0,0,1
1002130,0,0,0,0,0,0,1
1002247,1,0,0,0,0,0,1
1002457,1,0,0,0,0,0,1
1002524,0,0,0,0,0,0,1
1004059,1,0,0,0,0,0,1
1004174,1,0,0,0,0,0,1
1004985,1,0,0,0,0,0,1
1005102,1,0,0,0,0,0,1
1005937,1,0,0,0,0,0,1
1007013,1,0,0,0,0,0,1
1007226,1,0,0,0,0,0,1
1007652,1,0,0,0,0,0,1
1008634,1,0,0,0,0,0,1
1008945,0,0,0,0,0,0,0
1009084,1,0,0,0,0,0,0
1009244,1,0,0,0,0,0,1
1009842,1,0,0,0,0,0,1
1010800,1,0,0,0,0,0,1
1011227,1,0,0,0,0,0,0
1011533,1,0,0,0,0,0,1
1012659,1,0,0,0,0,0,1
1012945,1,0,0,0,0,0,1
1013057,1,0,0,0,0,0,1
1014180,1,0,0,0,0,0,1
1014205,1,0,0,0,0,0,1
1014559,1,0,0,0,0,0,1
1014820,1,0,0,0,0,0,1
1014885,1,0,0,0,0,0,1
1015506,1,0,0,0,0,0,1
1015527,1,0,0,0,0,0,1
1016505,1,0,0,0,0,0,1
1017343,1,0,0,0,0,0,1
1017817,1,0,0,0,0,0,1
1018440,1,0,0,0,0,0,1
1019440,1,0,0,0,0,0,1
1019484,0,0,0,0,0,0,1
1019508,1,0,0,0,0,0,1
1020580,1,0,0,0,0,0,1
1020700,1,0,0,0,0,0,1
1020982,1,0,0,0,0,0,1
1021365,1,0,0,0,0,0,0
1021405,1,0,0,0,0,0,1
1021449,0,0,0,0,0,0,1
1021856,1,0,0,0,0,0,1
1022308,0,0,0,0,0,0,1
1022309,1,0,0,0,0,0,1
1023525,1,0,0,0,0,0,1
1023688,1,0,0,0,0,0,1
1023945,1,0,0,0,0,0,1
1024281,1,0,0,0,0,0,1
1024491,1,0,0,0,0,0,0
1024917,1,0,0,0,0,0,1
1025493,1,0,0,0,0,0,1
1025702,1,0,0,0,0,0,1
1026489,0,0,0,0,0,0,1
1027085,1,0,0,0,0,0,1
1027179,1,0,0,0,0,0,1
1027724,1,1,1,0,0,0,0
1027797,0,0,0,0,0,0,1
1028488,1,0,0,0,0,0,1
1028723,1,0,0,0,0,0,1
1029201,1,0,0,0,0,0,1
1029432,1,0,0,0,0,0,1
1029912,1,0,0,0,0,0,1
1030026,0,0,0,0,0,0,1
1031484,1,0,0,0,0,0,1
1031770,1,0,0,0,0,0,1
1032127,1,0,0,0,0,0,1
1032293,1,0,0,0,0,0,1
1033100,1,0,0,0,0,0,1
1033146,1,0,0,0,0,0,1
1033190,0,0,0,0,0,0,1
1033619,1,0,0,0,0,0,1
1034237,1,0,0,0,0,0,0
1034570,1,0,0,0,0,0,1
1034737,1,0,0,0,0,0,1
1034781,0,0,0,0,0,0,1
1035497,1,0,0,0,0,0,1
1035754,1,1,1,0,0,0,1
1036135,1,0,0,0,0,0,1
1037068,1,0,0,0,0,0,0
1037134,1,1,1,0,0,0,1
1037177,0,0,0,0,0,0,1
1037316,1,0,0,0,0,0,1
1038924,1,0,0,0,0,0,1
1040671,1,1,1,0,0,0,1
1041748,1,0,0,0,0,0,1
1041887,1,0,0,0,0,0,1
1042505,1,0,0,0,0,0,1
1042673,1,1,1,0,0,0,0
1042883,1,0,0,0,0,0,1
1042924,1,1,0,0,0,0,1
1043813,1,0,0,0,0,0,1
1044310,1,1,0,0,0,0,0
1044473,1,0,0,0,0,0,1
1044953,1,0,0,0,0,0,1
1045163,1,0,0,0,0,0,1
1045782,1,0,0,0,0,0,1
1046280,1,0,0,0,0,0,1
1046761,1,0,0,0,0,0,1
1047283,1,0,0,0,0,0,1
1048912,1,0,0,0,0,0,0
1048979,1,0,0,0,0,0,1
1049023,0,0,0,0,0,0,1
1050004,1,0,0,0,0,0,1
1051653,1,1,0,0,0,0,0
1052970,1,0,0,0,0,0,0
1053113,1,0,0,0,0,0,1
1053464,1,0,0,0,0,0,0
1053533,0,0,0,0,0,0,1
1054661,1,0,0,0,0,0,1
1055185,0,0,0,0,0,0,1
1056211,1,0,0,0,0,0,0
1056377,1,0,0,0,0,0,1
1057188,1,0,0,0,0,0,0
1057207,1,0,0,0,0,0,1
1059196,1,0,0,0,0,0,1
1059841,1,0,0,0,0,0,1
1060146,1,0,0,0,0,0,0
1060644,1,0,0,0,0,0,0
1060713,1,0,0,0,0,0,0
1062295,1,0,0,0,0,0,1
1064501,1,0,0,0,0,0,1
1064588,1,0,0,0,0,0,1
1065067,1,0,0,0,0,0,1
1065542,1,0,0,0,0,0,1
1065633,1,0,0,0,0,0,1
1065849,1,0,0,0,0,0,1
1066372,1,0,0,0,0,0,0
1067110,1,0,0,0,0,0,1
1067345,1,0,0,0,0,0,1
1067652,1,0,0,0,0,0,1
1068296,0,0,0,0,0,0,1
1068537,1,0,0,0,0,0,1
1068793,1,0,0,0,0,0,1
1069393,1,0,0,0,0,0,1
1069507,1,0,0,0,0,0,1
1069863,0,0,0,0,0,0,1
1072429,1,0,0,0,0,0,1
1072564,1,0,0,0,0,0,1
1072850,1,0,0,0,0,0,1
1072894,0,0,0,0,0,0,1
1073204,1,0,0,0,0,0,1
1073340,0,0,0,0,0,0,1
1073892,0,0,0,0,0,0,1
1074292,1,0,0,0,0,0,1
1075469,1,0,0,0,0,0,1
1075628,1,0,0,0,0,0,1
1075961,0,0,0,0,0,0,0
1076201,1,0,0,0,0,0,1
1076288,1,0,0,0,0,0,1
1076793,1,0,0,0,0,0,1
1077027,1,0,0,0,0,0,0
1077166,0,0,0,0,0,0,1
1077284,1,0,0,0,0,0,1
1077372,1,0,0,0,0,0,1
1077633,1,0,0,0,0,0,1
1078376,1,0,0,0,0,0,1
1078560,0,0,0,0,0,0,1
1078725,1,0,0,0,0,0,1
1079157,1,0,0,0,0,0,1
1080060,1,0,0,0,0,0,1
1081018,0,0,0,0,0,0,1
1082048,1,0,0,0,0,0,1
1083313,1,0,0,0,0,0,1
1083935,1,0,0,0,0,0,1
1084939,1,0,0,0,0,0,1
1085533,1,0,0,0,0,0,1
1085648,1,0,0,0,0,0,1
1085862,1,0,0,0,0,0,1
1086341,1,0,0,0,0,0,0
1086767,1,0,0,0,0,0,1
1088464,1,0,0,0,0,0,1
1088750,1,0,0,0,0,0,1
1088794,0,0,0,0,0,0,1
1088797,1,0,0,0,0,0,1
1089217,1,0,0,0,0,0,1
1089220,1,0,0,0,0,0,0
1090385,1,0,0,0,0,0,1
1091321,1,0,0,0,0,0,1
1091745,1,0,0,0,0,0,1
1092173,0,0,0,0,0,0,1
1093947,1,0,0,0,0,0,0
1094036,1,0,0,0,0,0,1
1095021,1,0,0,0,0,0,1
1095351,1,0,0,0,0,0,1
1095970,0,0,0,0,0,0,0
1096014,0,0,0,0,0,0,1
1096396,0,0,0,0,0,0,0
1097372,1,0,0,0,0,0,1
1097685,1,0,0,0,0,0,1
1099357,0,0,0,0,0,0,0
1099644,1,0,0,0,0,0,1
1099757,0,0,0,0,0,0,1
1101361,0,0,0,0,0,0,1
1101885,0,0,0,0,0,0,1
1102531,1,0,0,0,0,0,0
1102959,0,0,0,0,0,0,1
1103194,1,0,0,0,0,0,0
1104488,1,0,0,0,0,0,1
1104552,1,0,0,0,0,0,0
1104865,1,0,0,0,0,0,0
1106229,1,0,0,0,0,0,1
1106897,1,0,0,0,0,0,1
1107252,1,0,0,0,0,0,1
1107845,1,0,0,0,0,0,1
1107989,1,0,0,0,0,0,1
1109924,0,0,0,0,0,0,1
1110139,1,0,0,0,0,0,0
1110374,1,0,0,0,0,0,0
1112434,1,0,0,0,0,0,1
1112765,1,0,0,0,0,0,1
1112789,1,0,0,0,0,0,1
1113022,1,0,0,0,0,0,1
1113115,1,0,0,0,0,0,1
1113205,0,0,0,0,0,0,1
1114428,1,0,0,0,0,0,0
1114808,0,0,0,0,0,0,1
1115332,0,0,0,0,0,0,1
1115902,1,0,0,0,0,0,1
1115946,0,0,0,0,0,0,1
1116878,1,0,0,0,0,0,1
1116973,1,0,0,0,0,0,1
1117084,1,0,0,0,0,0,0
1117661,1,0,0,0,0,0,1
1118469,1,0,0,0,0,0,1
1119138,1,0,0,0,0,0,1
1119902,1,0,0,0,0,0,1
1120283,1,0,0,0,0,0,0
1121238,1,0,0,0,0,0,1
1121549,1,0,0,0,0,0,1
1122289,1,0,0,0,0,0,1
1122498,1,0,0,0,0,0,1
1122500,1,0,0,0,0,0,0
1122683,1,0,0,0,0,0,1
1124260,1,0,0,0,0,0,0
1124501,1,0,0,0,0,0,1
1125169,0,0,0,0,0,0,1
1125641,1,0,0,0,0,0,0
1127199,1,0,0,0,0,0,1
1128656,1,0,0,0,0,0,1
1129228,0,0,0,0,0,0,1
1129682,1,0,0,0,0,0,0
1129684,1,0,0,0,0,0,0
1130035,1,0,0,0,0,0,1
1130893,1,0,0,0,0,0,1
1131609,0,0,0,0,0,0,1
1131657,1,1,0,0,0,0,1
1132154,1,0,0,0,0,0,1
1133087,1,0,0,0,0,0,1
1133348,1,0,0,0,0,0,1
1133511,0,0,0,0,0,0,1
1133557,1,0,0,0,0,0,1
1133596,1,0,0,0,0,0,1
1133907,0,0,0,0,0,0,1
1134000,1,0,0,0,0,0,1
1134596,0,0,0,0,0,0,1
1134806,1,1,1,1,0,0,1
1135381,1,0,0,0,0,0,1
1135422,1,0,0,0,0,0,1
1135661,0,0,0,0,0,0,1
1135702,0,0,0,0,0,0,1
1136634,1,0,0,0,0,0,1
1136916,1,0,0,0,0,0,1
1136987,1,0,0,0,0,0,1
1137153,1,0,0,0,0,0,1
1137434,1,0,0,0,0,0,1
1137694,0,0,0,0,0,0,1
1138099,1,0,0,0,0,0,1
1138404,1,0,0,0,0,0,1
1138737,0,0,0,0,0,0,0
1139020,0,0,0,0,0,0,1
1139093,1,0,0,0,0,0,1
1139135,1,0,0,0,0,0,1
1139826,1,0,0,0,0,0,1
1140110,0,0,0,0,0,0,1
1141473,1,0,0,0,0,0,1
1141592,0,0,0,0,0,0,1
1141850,1,1,1,0,0,0,1
1142088,0,0,0,0,0,0,1
1142107,1,1,1,0,0,0,1
1142177,1,1,1,0,0,0,1
1142457,1,0,0,0,0,0,1
1142767,1,0,0,0,0,0,1
1142885,1,0,0,0,0,0,1
1143168,1,0,0,0,0,0,1
1143425,1,0,0,0,0,0,1
1143853,0,0,0,0,0,0,1
1144284,0,0,0,0,0,0,1
1144349,0,0,0,0,0,0,1
1145042,1,0,0,0,0,0,1
1145061,1,0,0,0,0,0,1
1145661,0,0,0,0,0,0,1
1145800,1,0,0,0,0,0,1
1146152,1,1,1,1,0,0,0
1146582,1,1,1,0,0,0,1
1146648,0,0,0,0,0,0,1
1146649,1,1,1,0,0,0,1
1146977,0,0,0,0,0,0,1
1147024,1,0,0,0,0,0,1
1147064,0,0,0,0,0,0,1
1147256,0,0,0,0,0,0,1
1147297,0,0,0,0,0,0,1
1147393,1,0,0,0,0,0,1
1147408,0,0,0,0,0,0,1
1147433,0,0,0,0,0,0,1
1147979,1,0,0,0,0,0,1
1148188,1,0,0,0,0,0,1
1148233,0,0,0,0,0,0,1
1148518,1,1,1,1,0,0,1
1148659,1,0,0,0,0,0,1
1148872,1,1,1,1,0,0,1
1148913,1,0,0,0,0,0,1
1149100,1,0,0,0,0,0,1
1149577,0,0,0,0,0,0,1
1150056,0,0,0,0,0,0,1
1150554,1,0,0,0,0,0,1
1151797,1,1,1,0,0,0,1
1152036,1,1,1,0,0,0,1
1152606,1,1,1,0,0,0,1
1153180,1,0,0,0,0,0,1
1153558,1,0,0,0,0,0,1
1154589,1,1,1,0,0,0,0
1154633,0,0,0,0,0,0,1
1155709,1,0,0,0,0,0,1
1155823,1,1,0,0,0,0,0
1156272,0,0,0,0,0,0,0
1157207,1,0,0,0,0,0,1
1158977,1,1,1,0,0,0,0
1159525,0,0,0,0,0,0,1
1159737,0,0,0,0,0,0,1
1160068,1,0,0,0,0,0,1
1160356,1,1,1,0,0,0,0
1160588,1,0,0,0,0,0,1
1160730,1,1,0,0,0,0,0
1161204,1,0,0,0,0,0,1
1161992,1,0,0,0,0,0,1
1162157,1,1,1,1,0,0,1
1162877,1,1,0,0,0,0,0
1163060,1,0,0,0,0,0,1
1163493,0,0,0,0,0,0,1
1163510,1,1,1,0,0,0,1
1164156,0,0,0,0,0,0,1
1164367,1,1,0,0,0,0,0
1164581,1,0,0,0,0,0,1
1164888,1,0,0,0,0,0,1
1165193,1,0,0,0,0,0,1
1165597,0,0,0,0,0,0,1
1165786,0,0,0,0,0,0,1
1165951,1,1,1,0,0,0,1
1166571,1,0,0,0,0,0,1
1167021,1,0,0,0,0,0,1
1167022,1,0,0,0,0,0,1
1167588,0,0,0,0,0,0,1
1168352,1,0,0,0,0,0,1
1169788,1,0,0,0,0,0,1
1170193,1,0,0,0,0,0,1
1170956,1,0,0,0,0,0,1
1171025,1,0,0,0,0,0,1
1171741,1,0,0,0,0,0,1
1171745,1,0,0,0,0,0,0
1172048,1,1,1,1,0,0,0
1172237,0,0,0,0,0,0,1
1172641,1,0,0,0,0,0,1
1172825,1,0,0,0,0,0,1
1173497,1,0,0,0,0,0,1
1173731,1,1,0,0,0,0,0
1174182,1,1,1,0,0,0,0
1174946,1,1,1,0,0,0,1
1175137,1,0,0,0,0,0,1
1175369,1,1,1,0,0,0,1
1175370,0,0,0,0,0,0,1
1175485,1,0,0,0,0,0,1
1176701,1,0,0,0,0,0,1
1176965,1,1,0,0,0,0,1
1178108,0,0,0,0,0,0,0
1178201,1,0,0,0,0,0,1
1178342,1,0,0,0,0,0,1
1178888,1,0,0,0,0,0,1
1179009,1,0,0,0,0,0,1
1179196,1,1,1,0,0,0,0
1179214,1,0,0,0,0,0,1
1179693,1,0,0,0,0,0,1
1179732,1,0,0,0,0,0,1
1180116,1,0,0,0,0,0,1
1180401,1,0,0,0,0,0,1
1180875,1,1,1,1,0,0,0
1180897,1,0,0,0,0,0,1
1181060,1,1,1,0,0,0,1
1181513,0,0,0,0,0,0,1
1181914,1,0,0,0,0,0,1
1182225,1,0,0,0,0,0,1
1182531,1,1,1,0,0,0,1
1182622,1,0,0,0,0,0,1
1182980,1,0,0,0,0,0,1
1183478,1,0,0,0,0,0,1
1184052,1,0,0,0,0,0,1
1184289,1,0,0,0,0,0,1
1184741,0,0,0,0,0,0,1
1184852,1,0,0,0,0,0,1
1184854,1,0,0,0,0,0,1
1185183,1,0,0,0,0,0,1
1185321,1,1,1,1,0,0,0
1185652,1,0,0,0,0,0,1
1186297,0,0,0,0,0,0,1
1187520,1,0,0,0,0,0,1
1187728,1,0,0,0,0,0,1
1189168,0,0,0,0,0,0,1
1189689,0,0,0,0,0,0,1
1190020,1,1,1,1,0,0,1
1191266,1,1,1,0,0,0,1
1191644,1,1,1,0,0,0,1
1191909,1,0,0,0,0,0,0
1192359,0,0,0,0,0,0,0
1192716,1,1,0,0,0,0,1
1192760,0,0,0,0,0,0,1
1192776,1,0,0,0,0,0,1
1193302,1,1,1,0,0,0,1
1193660,1,1,1,0,0,0,1
1194254,1,0,0,0,0,0,1
1194344,1,0,0,0,0,0,1
1195184,1,0,0,0,0,0,1
1195512,1,0,0,0,0,0,1
1195825,1,0,0,0,0,0,1
1196060,1,0,0,0,0,0,1
1196225,0,0,0,0,0,0,1
1196749,0,0,0,0,0,0,1
1196791,1,0,0,0,0,0,1
1196833,1,1,1,1,0,0,0
1197357,0,0,0,0,0,0,1
1198773,1,1,1,0,0,0,1
1198813,1,1,1,0,0,0,1
1199340,1,1,1,0,0,0,1
1199384,0,0,0,0,0,0,1
1199836,1,0,0,0,0,0,1
1200337,1,1,1,0,0,0,1
1200929,1,1,0,0,0,0,1
1201406,1,1,1,0,0,0,0
1202290,1,0,0,0,0,0,1
1202668,1,1,1,0,0,0,0
1203436,1,1,1,0,0,0,1
1203529,1,1,1,0,0,0,1
1203813,0,0,0,0,0,0,1
1203852,1,0,0,0,0,0,1
1203922,1,0,0,0,0,0,1
1203943,1,1,1,1,0,0,0
1204440,0,0,0,0,0,0,1
1204753,1,0,0,0,0,0,1
1204940,1,0,0,0,0,0,1
1205508,1,0,0,0,0,0,1
1205529,1,1,1,0,0,0,1
1205623,1,1,1,1,1,1,0
1205957,0,0,0,0,0,0,1
1206001,0,0,0,0,0,0,1
1206017,0,0,0,0,0,0,1
1206396,1,0,0,0,0,0,1
1207017,1,0,0,0,0,0,1
1207039,1,0,0,0,0,0,1
1207565,0,0,0,0,0,0,1
1208012,1,1,1,1,0,0,1
1208177,1,0,0,0,0,0,1
1208581,0,0,0,0,0,0,1
1208749,1,0,0,0,0,0,1
1209463,1,1,0,0,0,0,1
1209673,1,1,1,0,0,0,1
1210077,0,0,0,0,0,0,1
1210816,1,0,0,0,0,0,1
1210865,0,0,0,0,0,0,1
1210929,1,0,0,0,0,0,1
1211046,0,0,0,0,0,0,0
1211280,1,0,0,0,0,0,1
1211285,0,0,0,0,0,0,1
1211804,1,0,0,0,0,0,1
1212397,1,1,1,0,0,0,1
1213401,1,0,0,0,0,0,1
1214070,1,0,0,0,0,0,1
1214908,1,0,0,0,0,0,1
1215069,1,0,0,0,0,0,1
1215524,1,0,0,0,0,0,1
1216432,1,1,1,0,0,0,1
1216619,1,1,1,0,0,0,0
1217120,1,0,0,0,0,0,1
1217164,0,0,0,0,0,0,1
1218383,1,1,1,0,0,0,1
1218448,1,1,0,0,0,0,0
1218453,1,1,1,0,0,0,0
1219453,1,0,0,0,0,0,1
1219684,1,1,1,1,0,0,1
1221242,1,1,1,0,0,0,0
1222245,1,0,0,0,0,0,0
1222869,1,0,0,0,0,0,1
1223103,1,0,0,0,0,0,1
1223147,0,0,0,0,0,0,1
1223769,1,0,0,0,0,0,1
1224340,1,1,1,0,0,0,0
1224815,1,1,1,0,0,0,1
1224837,1,0,0,0,0,0,1
1226868,1,1,0,0,0,0,0
1228426,1,1,1,0,0,0,0
1229429,1,1,0,0,0,0,0
1231009,1,0,0,0,0,0,1
1231536,1,1,0,0,0,0,0
1232011,1,1,1,0,0,0,0
1232033,1,1,1,0,0,0,0
1233013,1,0,0,0,0,0,1
1234060,1,0,0,0,0,0,0
1234637,1,1,1,0,0,0,1
1234724,1,0,0,0,0,0,1
1235541,1,0,0,0,0,0,1
1235606,1,1,1,0,0,0,0
1235744,1,1,1,0,0,0,1
1236796,1,1,1,1,0,0,1
1237058,1,0,0,0,0,0,1
1238181,1,0,0,0,0,0,0
1238634,1,1,1,0,0,0,1
1238704,1,1,1,0,0,0,0
1238889,1,0,0,0,0,0,1
1239175,1,1,1,0,0,0,0
1239746,1,0,0,0,0,0,1
1239909,1,1,1,1,0,0,1
1241274,1,1,1,0,0,0,1
1241341,1,1,1,0,0,0,1
1242709,0,0,0,0,0,0,0
1242991,1,1,1,0,0,0,1
1243685,1,0,0,0,0,0,1
1243749,1,1,1,0,0,0,1
1243960,1,1,1,0,0,0,0
1244296,1,1,1,0,0,0,1
1244698,1,1,1,1,0,0,1
1245053,1,1,1,0,0,0,1
1245264,1,1,1,0,0,0,1
1245503,1,1,1,0,0,0,1
1246124,1,1,1,0,0,0,1
1246888,1,0,0,0,0,0,1
1246953,1,1,1,0,0,0,1
1247049,1,1,1,0,0,0,1
1247640,1,0,0,0,0,0,1
1248000,1,1,1,1,0,0,1
1248187,1,1,1,0,0,0,1
1248660,1,1,1,0,0,0,1
1248664,0,0,0,0,0,0,1
1248700,0,0,0,0,0,0,1
1248937,1,1,1,0,0,0,1
1249508,1,1,1,0,0,0,1
1249532,0,0,0,0,0,0,1
1249575,1,1,1,0,0,0,1
1249714,1,1,1,1,0,0,1
1250193,1,1,1,1,0,0,1
1250520,1,1,1,0,0,0,1
1251932,1,0,0,0,0,0,1
1252365,1,1,1,0,0,0,1
1253537,1,1,1,0,0,0,1
1253576,1,1,1,0,0,0,1
1256117,1,1,1,1,0,0,0
1256448,1,1,1,0,0,0,1
1256712,1,1,1,0,0,0,0
1256755,1,1,1,0,0,0,0
1256801,1,1,1,0,0,0,1
1256890,1,1,1,0,0,0,0
1256957,1,1,1,0,0,0,1
1257216,0,0,0,0,0,0,1
1257768,1,1,1,0,0,0,1
1257861,1,1,1,0,0,0,1
1258238,1,1,1,0,0,0,1
1258352,1,0,0,0,0,0,1
1258712,1,1,1,0,0,0,1
1258756,0,0,0,0,0,0,1
1258775,1,1,0,0,0,0,1
1259204,0,0,0,0,0,0,1
1259511,0,0,0,0,0,0,1
1260754,1,1,1,0,0,0,1
1261638,1,0,0,0,0,0,1
1261707,1,1,0,0,0,0,1
1262518,0,0,0,0,0,0,1
1264121,1,1,1,1,0,0,0
1264670,1,1,0,0,0,0,1
1265029,1,1,1,0,0,0,0
1265524,1,1,1,0,0,0,0
1266053,1,0,0,0,0,0,1
1266384,0,0,0,0,0,0,0
1267676,1,0,0,0,0,0,1
1268536,0,0,0,0,0,0,1
1268891,1,1,1,0,0,0,0
1270112,1,0,0,0,0,0,1
1271305,1,0,0,0,0,0,0
1271854,0,0,0,0,0,0,0
1271972,1,0,0,0,0,0,1
1272133,0,0,0,0,0,0,1
1272468,0,0,0,0,0,0,1
1272700,1,1,1,0,0,1,0
1273229,0,0,0,0,0,0,0
1273917,1,0,0,0,0,0,1
1273964,1,0,0,0,0,0,1
1273980,1,1,1,0,0,0,1
1273982,1,1,1,0,0,0,1
1274621,1,0,0,0,0,0,1
1274957,1,1,1,0,0,0,1
1275190,1,1,0,0,0,0,1
1276051,0,0,0,0,0,0,0
1276789,1,0,0,0,0,0,1
1276882,1,0,0,0,0,0,1
1276926,0,0,0,0,0,0,1
1276944,1,1,1,0,0,0,1
1277516,1,0,0,0,0,0,1
1278090,0,0,0,0,0,0,1
1278301,1,0,0,0,0,0,1
1279376,0,0,0,0,0,0,1
1280118,1,0,0,0,0,0,1
1280741,1,0,0,0,0,0,1
1281120,0,0,0,0,0,0,0
1281257,1,0,0,0,0,0,1
1281448,0,0,0,0,0,0,1
1282376,0,0,0,0,0,0,1
1282448,0,0,0,0,0,0,1
1283160,1,0,0,0,0,0,1
1283207,0,0,0,0,0,0,0
1283468,1,0,0,0,0,0,1
1283700,1,0,0,0,0,0,1
1284272,1,0,0,0,0,0,1
1284604,0,0,0,0,0,0,1
1284699,1,0,0,0,0,0,1
1287286,0,0,0,0,0,0,0
1287330,0,0,0,0,0,0,1
1287905,0,0,0,0,0,0,0
1288425,1,1,1,0,0,0,0
1290656,1,1,1,0,0,0,0
1290889,1,0,0,0,0,0,1
1290933,0,0,0,0,0,0,1
1291316,1,0,0,0,0,0,1
1291788,1,1,1,0,0,0,0
1291883,1,1,1,0,0,0,0
1292359,0,0,0,0,0,0,1
1293100,1,1,1,0,0,0,1
1293957,1,1,1,0,0,0,1
1294506,1,1,1,0,0,0,0
1295029,1,1,1,0,0,0,1
1295077,1,1,1,0,0,0,0
1295406,1,1,0,0,0,0,1
1295885,1,0,0,0,0,0,1
1296022,1,0,0,0,0,0,1
1296357,0,0,0,0,0,0,1
1296542,1,0,0,0,0,0,1
1296994,0,0,0,0,0,0,1
1297377,0,0,0,0,0,0,1
1297921,1,0,0,0,0,0,1
1298326,1,1,0,0,0,0,1
1298370,0,0,0,0,0,0,1
1298581,0,0,0,0,0,0,1
1298936,1,1,1,0,0,0,0
1299511,1,1,1,0,0,0,0
1299528,0,0,0,0,0,0,1
1300004,1,0,0,0,0,0,1
1300244,1,1,1,0,0,0,0
1300573,1,0,0,0,0,0,1
1300882,1,1,1,0,0,0,1
1301384,1,1,1,0,0,0,1
1301908,1,0,0,0,0,0,1
1303990,1,1,1,1,0,0,1
1304541,1,1,0,0,0,0,0
1305329,1,0,0,0,0,0,1
1305346,0,0,0,0,0,0,1
1305390,0,0,0,0,0,0,1
1306610,1,1,0,0,0,0,1
1306679,1,1,1,1,0,0,0
1307061,1,1,1,1,1,1,0
1307172,1,1,0,0,0,0,0
1307266,1,0,0,0,0,0,1
1307529,0,0,0,0,0,0,1
1307737,1,1,1,1,0,0,0
1308141,0,0,0,0,0,0,1
1308352,0,0,0,0,0,0,1
1309072,1,1,1,0,0,0,0
1309573,1,0,0,0,0,0,1
1309904,1,0,0,0,0,0,1
1310568,1,0,0,0,0,0,1
1310948,0,0,0,0,0,0,1
1311164,1,0,0,0,0,0,1
1311616,0,0,0,0,0,0,1
1312092,0,0,0,0,0,0,1
1313191,0,0,0,0,0,0,1
1313572,1,0,0,0,0,0,1
1314164,1,1,1,0,0,0,1
1314426,0,0,0,0,0,0,0
1314948,0,0,0,0,0,0,1
1315139,1,1,1,0,0,0,1
1315141,1,0,0,0,0,0,1
1315297,1,1,1,0,0,0,0
1315340,0,0,0,0,0,0,1
1315816,1,0,0,0,0,0,1
1315912,1,1,1,0,0,0,1
1316123,1,0,0,0,0,0,1
1316214,1,1,1,0,0,0,1
1316258,0,0,0,0,0,0,1
1316329,1,0,0,0,0,0,1
1316705,1,0,0,0,0,0,1
1317038,1,0,0,0,0,0,1
1317299,1,0,0,0,0,0,1
1317821,1,1,0,0,0,0,1
1317912,1,1,1,0,0,0,1
1318102,1,1,1,0,0,0,1
1318460,1,0,0,0,0,0,1
1318524,0,0,0,0,0,0,1
1318641,1,0,0,0,0,0,1
1318806,1,0,0,0,0,0,1
1319593,1,1,0,0,0,0,1
1320645,1,1,0,0,0,0,1
1321288,1,0,0,0,0,0,1
1321292,1,1,0,0,0,0,1
1321619,1,1,0,0,0,0,1
1321663,0,0,0,0,0,0,1
1322521,1,0,0,0,0,0,1
1322614,1,1,0,0,0,0,1
1322993,1,0,0,0,0,0,1
1323182,0,0,0,0,0,0,1
1323469,1,1,0,0,0,0,0
1324112,1,1,1,0,0,0,1
1324323,1,0,0,0,0,0,1
1324848,1,0,0,0,0,0,1
1324865,1,1,0,0,0,0,1
1325990,1,1,1,0,0,0,1
1326035,1,0,0,0,0,0,1
1326149,1,1,1,0,0,0,1
1327370,1,1,0,0,0,0,1
1327371,1,0,0,0,0,0,1
1327433,1,0,0,0,0,0,1
1327767,0,0,0,0,0,0,1
1328432,1,1,0,0,0,0,0
1328526,0,0,0,0,0,0,1
1328596,1,1,1,0,0,0,1
1328928,0,0,0,0,0,0,1
1329688,1,0,0,0,0,0,1
1330382,1,0,0,0,0,0,1
1330500,1,0,0,0,0,0,1
1330617,1,1,1,0,0,0,0
1331857,0,0,0,0,0,0,1
1332429,0,0,0,0,0,0,1
1332473,0,0,0,0,0,0,1
1332710,1,0,0,0,0,0,1
1332993,0,0,0,0,0,0,1
1334191,1,0,0,0,0,0,1
1334981,1,0,0,0,0,0,1
1335020,1,0,0,0,0,0,1
1337684,1,1,1,0,0,0,0
1337725,1,1,1,0,0,0,1
1337888,1,1,1,0,0,0,1
1339902,0,0,0,0,0,0,0
1340232,1,1,1,1,0,0,1
1341383,1,1,1,0,0,0,0
1341928,1,1,1,0,0,0,1
1342169,0,0,0,0,0,0,0
1344560,1,1,1,0,0,0,1
1344872,1,1,1,0,0,0,0
1344913,1,1,1,0,0,0,0
1345460,0,0,0,0,0,0,1
1346033,1,1,1,1,0,0,1
1346796,1,0,0,0,0,0,1
1346840,0,0,0,0,0,0,1
1347078,1,1,1,0,0,0,0
1347744,1,1,1,1,0,0,1
1347912,0,0,0,0,0,0,1
1347929,1,0,0,0,0,0,1
1348381,1,0,0,0,0,0,1
1348547,1,1,1,0,0,0,0
1348684,1,1,1,0,0,0,1
1348852,1,0,0,0,0,0,1
1349329,1,1,1,0,0,0,0
1349512,1,1,1,0,0,0,1
1351260,1,1,0,0,0,0,1
1352456,1,0,0,0,0,0,1
1352911,1,0,0,0,0,0,1
1353076,1,1,1,1,0,0,1
1353908,1,0,0,0,0,0,1
1354242,1,1,1,0,0,0,0
1355006,0,0,0,0,0,0,1
1355553,1,1,1,0,0,0,0
1356245,0,0,0,0,0,0,1
1356509,1,0,0,0,0,0,0
1356934,1,1,1,0,0,0,1
1357701,1,1,1,0,0,0,1
1358173,1,1,1,0,0,0,1
1359853,1,0,0,0,0,0,1
1359897,0,0,0,0,0,0,1
1360083,1,1,0,0,0,0,0
1360221,1,1,1,0,0,0,1
1360244,1,1,0,0,0,0,0
1360261,0,0,0,0,0,0,1
1360357,0,0,0,0,0,0,1
1360928,1,1,1,0,0,0,1
1360929,0,0,0,0,0,0,1
1361060,0,0,0,0,0,0,0
1361564,1,0,0,0,0,0,1
1361993,1,0,0,0,0,0,1
1362708,1,1,1,0,0,0,1
1362916,1,1,1,0,0,0,1
1363373,1,1,1,0,0,0,1
1363628,0,0,0,0,0,0,1
1363844,1,0,0,0,0,0,1
1364033,1,0,0,0,0,0,1
1364074,0,0,0,0,0,0,0
1364500,1,0,0,0,0,0,1
1364544,0,0,0,0,0,0,1
1364733,0,0,0,0,0,0,1
1365042,1,0,0,0,0,0,1
1365160,1,0,0,0,0,0,1
1366499,1,1,1,0,0,0,1
1366500,1,1,1,1,0,0,1
1366946,1,1,1,1,0,0,1
1367928,1,0,0,0,0,0,1
1368496,1,0,0,0,0,0,1
1368952,1,0,0,0,0,0,1
1370003,1,0,0,0,0,0,1
1370719,0,0,0,0,0,0,1
1371197,1,1,1,0,0,0,0
1371673,1,0,0,0,0,0,1
1371905,1,1,1,1,0,0,0
1372789,1,0,0,0,0,0,1
1373243,1,1,1,0,0,0,1
1373357,1,0,0,0,0,0,1
1374122,1,1,1,1,0,0,0
1375343,1,0,0,0,0,0,1
1375578,1,1,1,1,0,0,1
1375668,1,1,1,0,0,0,0
1376124,1,1,1,1,0,0,0
1377966,0,0,0,0,0,0,1
1378420,0,0,0,0,0,0,1
1378678,1,0,0,0,0,0,1
1378845,1,1,1,1,0,0,0
1379512,0,0,0,0,0,0,1
1380396,1,1,1,1,0,0,1
1380533,1,1,1,1,0,0,0
1381104,1,0,0,0,0,0,1
1382519,1,1,1,0,0,0,0
1385874,1,1,1,1,0,0,0
1386041,1,1,1,1,0,0,0
1386107,1,1,1,0,0,0,1
1386775,1,0,0,0,0,0,1
1387517,1,1,1,0,0,0,1
1387584,1,1,1,0,0,0,0
1387721,1,1,1,1,0,0,0
1387863,1,1,1,0,0,0,1
1388288,1,1,1,0,0,0,0
1388768,1,1,1,0,0,0,1
1388787,1,0,0,0,0,0,1
1388900,0,0,0,0,0,0,1
1388970,1,1,1,0,0,0,1
1389161,1,1,1,0,0,0,1
1389755,1,1,1,1,0,0,1
1390278,1,1,1,0,0,0,1
1390372,1,0,0,0,0,0,1
1390847,1,1,1,0,0,0,1
1390893,1,1,1,0,0,0,1
1392063,1,1,1,0,0,0,1
1392253,1,1,1,0,0,0,1
1393060,1,0,0,0,0,0,1
1393277,1,1,1,0,0,0,1
1393991,1,1,1,1,0,0,1
1394709,1,0,0,0,0,0,1
1394796,1,0,0,0,0,0,1
1394865,1,1,0,0,0,0,0
1394958,0,0,0,0,0,0,1
1395507,1,0,0,0,0,0,1
1395649,1,0,0,0,0,0,1
1396051,1,0,0,0,0,0,1
1396095,0,0,0,0,0,0,1
1396137,1,0,0,0,0,0,1
1396785,1,0,0,0,0,0,1
1397186,1,0,0,0,0,0,1
1397324,1,0,0,0,0,0,1
1397516,1,1,1,0,0,0,0
1397990,1,0,0,0,0,0,1
1398275,1,0,0,0,0,0,1
1398417,1,0,0,0,0,0,1
1398624,0,0,0,0,0,0,1
1398790,1,0,0,0,0,0,1
1399313,1,0,0,0,0,0,1
1400007,1,0,0,0,0,0,1
1400700,1,1,1,0,0,0,1
1400980,1,1,1,0,0,0,1
1401024,0,0,0,0,0,0,1
1401576,1,1,1,0,0,0,1
1401808,1,0,0,0,0,0,1
1402021,1,0,0,0,0,0,1
1402641,0,0,0,0,0,0,1
1402977,1,0,0,0,0,0,1
1403665,1,0,0,0,0,0,1
1404673,1,1,1,0,0,0,1
1405917,1,1,1,0,0,0,1
1405958,1,1,1,0,0,0,0
1407179,1,1,1,0,0,0,0
1407318,1,0,0,0,0,0,1
1407509,1,1,1,0,0,0,1
1408369,1,0,0,0,0,0,1
1408554,1,1,1,0,0,0,1
1408744,1,1,1,0,0,0,0
1408787,1,0,0,0,0,0,1
1408972,1,1,1,0,0,0,0
1409976,1,1,1,0,0,0,1
1410262,1,1,1,1,0,0,1
1410547,1,1,1,0,0,0,1
1410829,1,1,1,0,0,0,0
1411280,1,1,1,0,0,0,1
1412573,1,0,0,0,0,0,1
1412617,0,0,0,0,0,0,1
1413332,1,1,1,0,0,0,1
1413665,1,1,1,0,0,0,1
1415196,1,1,1,0,0,0,1
1415533,1,1,1,0,0,0,0
1415912,1,1,1,0,0,0,0
1416144,1,1,1,0,0,0,1
1416836,0,0,0,0,0,0,1
1417004,1,1,1,0,0,0,1
1417289,1,1,1,0,0,0,1
1417426,1,1,1,0,0,0,0
1417711,0,0,0,0,0,0,0
1420228,0,0,0,0,0,0,1
1420845,0,0,0,0,0,0,0
1421370,1,0,0,0,0,0,1
1422134,0,0,0,0,0,0,1
1423236,1,1,1,0,0,0,1
1423446,1,1,1,0,0,0,1
1424016,1,0,0,0,0,0,0
1424230,1,0,0,0,0,0,1
1424469,1,0,0,0,0,0,0
1424895,0,0,0,0,0,0,0
1425421,1,1,1,0,0,0,1
1427140,1,0,0,0,0,0,1
1427142,1,1,1,0,0,0,1
1427253,1,1,1,1,0,0,1
1427539,1,1,1,0,0,0,1
1427940,1,1,1,1,0,0,1
1428301,1,1,1,1,0,0,1
1428320,1,0,0,0,0,0,1
1428601,1,1,1,0,0,0,1
1428671,1,0,0,0,0,0,1
1429409,1,0,0,0,0,0,1
1429790,1,1,1,0,0,0,1
1429792,1,1,1,0,0,0,1
1431844,1,1,1,0,0,0,1
1432301,1,1,1,1,0,0,1
1432364,1,0,0,0,0,0,1
1432435,1,1,1,0,0,0,1
1432936,1,1,1,0,0,0,1
1433025,1,1,1,0,0,0,1
1433673,1,0,0,0,0,0,1
1433881,1,0,0,0,0,0,1
1434216,1,0,0,0,0,0,1
1434475,1,1,1,0,0,0,1
1434521,1,1,1,0,0,0,1
1435378,1,1,1,0,0,0,1
1436070,1,0,0,0,0,0,1
1437242,1,0,0,0,0,0,1
1437313,1,1,1,0,0,0,1
1438650,1,1,1,0,0,0,1
1439532,1,1,0,0,0,0,0
1439534,1,1,1,0,0,0,1
1440366,1,1,1,0,0,0,1
1440720,1,1,1,0,0,0,1
1441053,1,1,1,0,0,0,0
1441388,1,1,1,0,0,0,0
1441647,1,1,1,0,0,0,0
1441712,1,1,1,1,0,0,1
1441925,1,0,0,0,0,0,1
1441969,0,0,0,0,0,0,1
1442304,1,0,0,0,0,0,1
1442824,1,1,0,0,0,0,1
1444095,0,0,0,0,0,0,1
1444477,1,1,1,0,0,0,0
1444687,1,0,0,0,0,0,1
1445189,0,0,0,0,0,0,1
1445881,1,0,0,0,0,0,1
1446115,1,0,0,0,0,0,1
1446855,1,1,1,0,0,0,1
1447522,1,1,1,0,0,0,0
1448576,0,0,0,0,0,0,1
1449145,1,1,0,0,0,0,0
1450004,1,1,0,0,0,0,0
1450051,1,1,1,1,0,0,1
1450093,1,1,1,1,0,0,1
1450500,1,0,0,0,0,0,1
1451071,1,1,1,1,0,0,1
1452004,1,1,1,1,0,0,1
1452213,1,1,1,0,0,0,1
1452379,1,1,1,0,0,0,1
1452423,0,0,0,0,0,0,1
1453045,1,1,1,0,0,0,0
1453904,1,1,1,1,0,0,1
1454115,1,1,1,0,0,0,1
1454686,1,1,1,0,0,0,0
1455235,1,1,1,0,0,0,1
1455614,1,1,1,1,0,0,1
1456643,1,1,1,0,0,0,1
1457024,1,1,1,0,0,0,1
1457160,1,1,1,0,0,0,0
1457951,1,1,1,0,0,0,1
1458258,1,1,1,0,0,0,1
1459238,1,1,1,0,0,0,1
1459377,1,1,1,1,0,0,0
1459687,1,1,1,0,0,0,1
1460213,1,1,1,0,0,0,0
1460398,1,1,1,0,0,0,1
1461761,1,0,0,0,0,0,1
1462577,1,1,1,1,0,0,1
1463989,1,1,1,0,0,0,1
1464200,1,1,1,0,0,0,0
1464336,1,1,1,1,0,0,0
1465124,1,1,1,1,0,0,1
1465412,1,0,0,0,0,0,1
1466537,1,1,1,1,0,0,1
1466867,1,1,1,1,0,0,0
1467008,1,0,0,0,0,0,1
1467048,1,0,0,0,0,0,1
1467433,1,0,0,0,0,0,1
1467570,1,1,1,1,0,0,0
1467828,1,1,1,1,0,0,1
1468162,0,0,0,0,0,0,1
1468925,1,1,1,1,0,0,0
1469114,1,1,1,1,0,0,1
1469853,1,1,1,0,0,0,1
1470330,1,1,1,0,0,0,1
1470400,1,1,1,0,0,0,1
1470877,1,1,1,1,0,0,1
1471013,1,0,0,0,0,0,1
1471609,0,0,0,0,0,0,1
1471610,1,0,0,0,0,0,1
1472562,1,1,0,0,0,0,1
1472824,1,1,1,1,0,0,1
1473205,1,1,1,1,0,0,1
1473680,1,0,0,0,0,0,1
1473938,1,0,0,0,0,0,1
1474007,1,1,1,1,0,0,0
1474797,1,1,1,0,0,0,1
1474861,1,1,1,0,0,0,1
1474976,1,1,1,1,0,0,0
1475166,1,0,0,0,0,0,1
1475379,1,0,0,0,0,0,1
1476070,1,1,1,1,0,0,1
1476114,0,0,0,0,0,0,1
1476158,0,0,0,0,0,0,1
1476275,1,1,1,1,0,0,1
1476317,1,1,1,0,0,0,1
1477538,1,0,0,0,0,0,1
1478185,1,1,1,0,0,0,1
1478229,0,0,0,0,0,0,1
1478893,1,1,1,1,0,0,1
1478989,1,0,0,0,0,0,1
1480569,0,0,0,0,0,0,1
1480828,1,1,1,0,0,0,0
1481589,1,1,1,0,0,0,1
1482136,1,1,1,0,0,0,0
1482180,0,0,0,0,0,0,1
1482657,1,0,0,0,0,0,1
1483040,1,1,1,1,0,0,1
1483443,1,1,0,0,0,0,0
1483797,1,0,0,0,0,0,1
1484396,1,0,0,0,0,0,1
1484535,1,1,1,0,0,0,1
1484698,1,1,1,0,0,0,0
1485367,1,0,0,0,0,0,1
1486419,1,0,0,0,0,0,1
1486581,1,0,0,0,0,0,1
1487323,1,0,0,0,0,0,1
1487729,1,1,1,0,0,0,0
1488297,1,0,0,0,0,0,1
1488319,1,1,1,0,0,0,1
1488437,0,0,0,0,0,0,1
1489057,0,0,0,0,0,0,1
1489336,0,0,0,0,0,0,0
1490173,0,0,0,0,0,0,1
1490288,1,0,0,0,0,0,1
1490601,1,1,1,0,0,0,1
1491125,1,0,0,0,0,0,1
1491188,1,0,0,0,0,0,1
1491307,1,0,0,0,0,0,1
1491544,1,1,1,0,0,0,0
1491850,1,0,0,0,0,0,0
1492180,1,0,0,0,0,0,1
1492728,0,0,0,0,0,0,1
1493111,1,1,1,0,0,0,1
1493176,0,0,0,0,0,0,1
1494110,1,0,0,0,0,0,1
1494200,1,0,0,0,0,0,1
1497341,1,1,1,0,0,0,0
1498249,1,1,1,1,0,0,1
1498297,1,1,1,1,0,0,0
1498724,1,1,1,0,0,0,0
1499632,1,1,1,1,0,0,1
1499865,1,1,1,0,0,0,1
1500295,1,1,1,0,0,0,0
1500485,1,1,1,0,0,0,1
1500792,1,1,1,0,0,0,1
1501147,1,1,1,0,0,0,1
1501191,0,0,0,0,0,0,1
1501282,1,1,0,0,0,0,0
1501372,1,1,1,0,0,0,0
1501393,0,0,0,0,0,0,1
1501513,1,0,0,0,0,0,1
1502059,1,1,1,1,0,0,1
1502222,1,1,1,0,0,0,1
1502433,1,1,1,1,0,0,1
1502865,1,1,1,0,0,0,1
1503146,1,1,1,1,0,0,1
1503791,1,1,1,0,0,0,1
1503905,1,1,1,1,0,0,1
1504885,1,1,1,0,0,0,1
1504933,1,1,1,0,0,0,1
1505238,1,1,1,1,0,0,1
1506361,1,1,1,1,0,0,1
1507101,1,1,1,1,0,0,1
1507940,1,1,1,0,0,0,0
1507981,1,1,1,1,0,0,1
1507984,0,0,0,0,0,0,1
1508524,1,1,1,1,0,0,0
1510824,1,1,1,0,0,0,1
1510967,1,1,1,0,0,0,0
1511419,1,0,0,0,0,0,1
1511896,1,0,0,0,0,0,1
1512109,1,1,0,0,0,0,0
1512414,0,0,0,0,0,0,0
1513060,1,1,1,1,0,0,1
1513824,1,0,0,0,0,0,1
1513840,1,1,1,1,0,0,1
1513982,1,0,0,0,0,0,1
1515153,1,0,0,0,0,0,0
1515220,1,1,0,0,0,0,1
1515650,1,1,1,1,0,0,1
1518599,1,1,1,0,0,0,0
1519293,1,1,1,0,0,0,0
1520823,1,1,1,0,0,0,1
1520825,1,1,1,1,1,1,0
1521008,1,1,1,1,0,0,0
1521915,1,1,1,0,0,0,1
1521959,0,0,0,0,0,0,1
1522337,1,1,1,1,0,0,0
1522404,1,1,0,0,0,0,0
1522739,0,0,0,0,0,0,1
1522830,1,1,0,0,0,0,0
1523426,0,0,0,0,0,0,1
1523567,1,1,1,0,0,0,1
1524333,1,1,1,0,0,0,1
1524518,1,0,0,0,0,0,1
1524973,1,0,0,0,0,0,1
1525878,1,1,1,0,0,0,1
1525997,1,1,1,1,0,0,1
1526591,1,1,1,0,0,0,1
1527114,1,1,1,0,0,0,1
1527783,1,0,0,0,0,0,1
1528164,1,1,1,1,0,0,0
1528377,1,1,1,1,0,0,1
1529497,1,1,0,0,0,0,0
1529521,1,1,1,0,0,0,1
1529560,1,1,1,1,0,0,0
1529968,1,1,1,1,0,0,1
1530131,1,1,1,0,0,0,1
1530245,1,0,0,0,0,0,1
1530360,1,1,1,0,0,0,1
1530937,1,1,1,0,0,0,1
1531411,1,0,0,0,0,0,1
1531455,0,0,0,0,0,0,1
1531520,1,0,0,0,0,0,1
1531593,1,0,0,0,0,0,1
1532067,1,0,0,0,0,0,1
1532711,0,0,0,0,0,0,1
1532800,1,1,1,0,0,0,1
1532825,1,0,0,0,0,0,1
1534258,1,1,1,0,0,0,0
1534519,0,0,0,0,0,0,1
1534660,0,0,0,0,0,0,1
1535423,1,0,0,0,0,0,1
1536452,1,1,1,0,0,0,1
1537000,1,0,0,0,0,0,1
1537401,1,1,1,0,0,0,0
1537592,0,0,0,0,0,0,1
1537801,0,0,0,0,0,0,1
1538448,1,1,0,0,0,0,1
1538585,1,1,1,0,0,0,1
1538990,0,0,0,0,0,0,1
1539968,1,1,1,1,0,0,0
1539993,1,1,0,0,0,0,0
1540709,0,0,0,0,0,0,1
1541519,1,1,1,0,0,0,1
1542235,1,0,0,0,0,0,1
1542807,0,0,0,0,0,0,1
1544841,1,1,0,0,0,0,1
1545077,0,0,0,0,0,0,1
1545628,0,0,0,0,0,0,0
1545765,1,0,0,0,0,0,1
1546170,1,1,1,1,0,0,0
1546214,0,0,0,0,0,0,1
1546236,1,0,0,0,0,0,1
1547069,1,0,0,0,0,0,1
1547136,1,1,0,0,0,0,0
1547326,1,0,0,0,0,0,1
1547396,1,1,1,0,0,0,1
1547752,0,0,0,0,0,0,1
1547869,1,1,1,1,0,0,0
1547909,0,0,0,0,0,0,1
1548556,1,1,1,0,0,0,1
1548577,1,0,0,0,0,0,1
1548616,0,0,0,0,0,0,1
1548905,0,0,0,0,0,0,1
1549256,1,0,0,0,0,0,1
1549951,1,1,1,0,0,0,0
1550352,0,0,0,0,0,0,1
1550828,1,0,0,0,0,0,1
1551475,0,0,0,0,0,0,1
1551807,0,0,0,0,0,0,1
1552715,0,0,0,0,0,0,1
1553860,1,1,1,1,0,0,1
1554482,1,1,0,0,0,0,0
1554887,0,0,0,0,0,0,1
1555073,1,1,0,0,0,0,0
1555646,0,0,0,0,0,0,1
1555716,1,1,1,1,0,0,0
1556045,0,0,0,0,0,0,1
1556069,1,1,1,0,0,0,0
1556613,1,0,0,0,0,0,1
1557188,1,1,1,0,0,0,1
1557350,1,1,1,1,0,0,1
1558501,1,0,0,0,0,0,1
1558592,1,0,0,0,0,0,1
1560077,1,0,0,0,0,0,1
1560769,1,0,0,0,0,0,1
1561024,1,1,1,0,0,0,0
1561815,1,0,0,0,0,0,1
1562219,0,0,0,0,0,0,1
1562284,1,0,0,0,0,0,1
1563793,1,1,1,1,0,0,0
1563935,1,0,0,0,0,0,1
1564409,1,0,0,0,0,0,1
1564526,1,1,1,0,0,0,0
1564570,0,0,0,0,0,0,1
1565117,1,0,0,0,0,0,1
1565764,1,1,0,0,0,0,0
1566573,1,0,0,0,0,0,1
1566810,1,0,0,0,0,0,1
1567143,1,0,0,0,0,0,1
1567933,1,1,0,0,0,0,0
1568597,0,0,0,0,0,0,1
1569456,1,0,0,0,0,0,0
1569601,1,1,1,1,0,0,1
1570099,1,0,0,0,0,0,1
1570236,0,0,0,0,0,0,1
1570500,1,0,0,0,0,0,1
1572340,0,0,0,0,0,0,1
1573994,1,1,1,1,0,0,0
1574758,1,0,0,0,0,0,1
1575785,1,1,1,1,0,0,0
1576334,1,1,1,1,0,0,1
1576789,0,0,0,0,0,0,0
1577287,1,0,0,0,0,0,0
1577424,1,0,0,0,0,0,1
1577688,1,1,1,1,0,0,0
1577971,0,0,0,0,0,0,1
1578256,0,0,0,0,0,0,1
1579092,1,1,1,1,0,0,1
1579231,1,1,1,1,0,0,1
1580187,1,0,0,0,0,0,1
1581599,1,1,1,1,0,0,1
1582961,1,1,1,1,0,0,0
1583510,1,1,1,0,0,0,0
1583965,1,1,1,1,0,0,0
1584269,1,1,1,1,0,0,1
1584314,1,1,1,0,0,0,1
1584596,1,1,1,1,0,0,0
1584978,1,0,0,0,0,0,1
1585620,0,0,0,0,0,0,1
1585645,0,0,0,0,0,0,1
1585711,1,1,1,0,0,0,1
1585994,1,1,1,0,0,0,1
1586253,1,1,1,1,0,0,1
1586256,1,1,1,1,0,0,0
1586415,1,0,0,0,0,0,1
1586794,1,0,0,0,0,0,1
1586837,0,0,0,0,0,0,1
1587075,1,0,0,0,0,0,1
1587644,1,0,0,0,0,0,1
1588723,0,0,0,0,0,0,1
1588932,1,0,0,0,0,0,1
1589771,1,0,0,0,0,0,1
1589884,1,0,0,0,0,0,1
1592813,1,1,1,1,0,0,0
1593432,0,0,0,0,0,0,0
1593619,1,1,1,0,0,0,1
1593974,1,0,0,0,0,0,0
1594017,1,1,1,1,0,0,0
1594018,0,0,0,0,0,0,1
1594418,0,0,0,0,0,0,1
1594772,0,0,0,0,0,0,1
1595514,1,1,1,0,0,0,1
1595868,1,0,0,0,0,0,1
1596129,1,0,0,0,0,0,1
1596918,1,1,1,1,0,0,1
1597683,1,1,1,1,0,0,1
1598471,1,1,1,1,0,0,1
1599667,1,1,1,0,0,0,1
1599977,1,0,0,0,0,0,0
1600596,1,1,1,1,0,0,0
1600663,1,1,1,0,0,0,1
1603056,1,1,1,1,0,0,0
1603317,1,1,1,0,0,0,0
1603792,1,0,0,0,0,0,1
1604102,1,1,1,0,0,0,0
1604123,1,1,1,1,0,0,1
1604405,1,1,1,0,0,0,1
1605000,1,1,1,1,0,0,1
1605117,1,0,0,0,0,0,1
1605403,1,1,1,1,0,0,1
1606021,1,1,1,1,0,0,1
1606163,1,1,0,0,0,0,1
1607145,1,1,1,0,0,0,0
1607401,1,1,1,1,0,0,1
1607760,1,1,1,0,0,0,0
1608476,1,0,0,0,0,0,1
1610008,1,0,0,0,0,0,1
1610101,1,1,1,0,0,0,1
1610937,1,1,1,1,0,0,1
1611266,1,1,1,1,0,0,0
1611268,1,0,0,0,0,0,1
1611717,1,1,1,1,0,0,1
1611808,1,0,0,0,0,0,1
1612160,1,1,1,1,0,0,0
1612422,1,1,1,0,0,0,1
1612493,1,0,0,0,0,0,1
1612656,1,1,1,1,0,0,1
1613298,1,1,1,1,0,0,1
1613319,1,1,1,1,0,0,0
1613941,1,1,1,1,0,0,1
1614102,1,0,0,0,0,0,1
1614315,1,0,0,0,0,0,1
1614549,1,1,1,0,0,0,0
1614933,1,1,1,0,0,0,1
1615527,1,1,1,0,0,0,1
1615593,1,0,0,0,0,0,1
1615950,1,1,1,0,0,0,1
1616257,1,0,0,0,0,0,1
1616279,1,1,1,0,0,0,1
1617042,0,0,0,0,0,0,1
1617133,1,1,1,0,0,0,1
1618330,1,0,0,0,0,0,1
1619308,1,1,1,1,0,0,0
1619426,1,1,1,1,0,0,1
1619808,1,1,1,1,0,0,0
1620692,1,1,1,0,0,0,1
1620732,1,1,1,0,0,0,1
1621328,1,0,0,0,0,0,1
1621352,1,0,0,0,0,0,1
1622093,1,1,1,0,0,0,0
1622396,1,0,0,0,0,0,1
1623208,1,0,0,0,0,0,1
1623447,1,1,1,1,0,0,0
1623920,1,1,1,0,0,0,1
1624301,1,1,1,1,0,0,0
1624992,1,1,1,1,0,0,1
1625876,1,1,1,1,0,0,1
1626019,1,1,1,0,0,0,1
1626590,1,1,1,1,0,0,0
1628532,1,1,0,0,0,0,0
1629273,1,1,1,1,0,0,0
1630997,1,1,1,0,0,0,1
1631493,1,1,1,0,0,0,0
1632281,1,0,0,0,0,0,1
1632329,1,1,1,0,0,0,1
1633064,1,1,1,0,0,0,0
1633207,1,1,1,0,0,0,0
1633778,1,1,1,0,0,0,0
1633943,1,0,0,0,0,0,1
1633984,1,1,1,0,0,0,1
1634297,1,1,1,0,0,0,1
1635226,1,1,1,0,0,0,1
1635633,1,1,1,1,0,0,1
1635700,1,1,1,1,0,0,0
1636416,1,1,1,1,0,0,1
1636917,1,1,0,0,0,0,1
1638038,1,1,0,0,0,0,1
1638829,1,1,1,0,0,0,1
1639445,1,1,1,1,0,0,0
1641123,1,1,1,1,0,0,0
1641164,1,1,1,0,0,0,0
1641835,1,0,0,0,0,0,1
1642791,1,0,0,0,0,0,1
1643125,1,1,0,0,0,0,1
1643165,1,1,1,1,0,0,1
1643596,1,1,1,0,0,0,0
1644117,1,1,1,0,0,0,1
1644428,1,1,1,1,0,0,1
1645214,1,1,1,1,0,0,0
1645377,1,1,1,1,0,0,1
1646093,1,1,1,0,0,0,1
1646450,0,0,0,0,0,0,1
1647814,1,0,0,0,0,0,1
1648336,1,1,0,0,0,0,0
1649318,1,1,0,0,0,0,1
1649963,1,1,1,0,0,0,0
1650297,1,1,1,0,0,1,0
1650579,0,0,0,0,0,0,1
1651297,1,1,1,0,0,0,1
1651604,1,1,1,0,0,0,0
1652391,1,1,1,1,0,0,1
1652509,1,0,0,0,0,0,1
1652838,1,1,1,1,0,0,1
1652860,1,1,1,1,0,0,1
1653261,1,1,1,0,0,0,0
1653429,1,1,1,1,0,0,1
1653760,1,1,1,1,0,0,1
1654090,1,1,1,1,0,0,1
1654161,1,0,0,0,0,0,1
1654396,0,0,0,0,0,0,1
1655230,1,0,0,0,0,0,1
1655252,1,1,1,1,0,0,1
1655391,0,0,0,0,0,0,1
1655480,1,1,0,0,0,0,0
1655887,0,0,0,0,0,0,1
1656076,1,1,1,1,0,0,1
1656238,1,1,1,0,0,0,1
1656860,1,1,1,1,0,0,1
1656948,1,0,0,0,0,0,1
1657090,1,1,1,0,0,0,1
1657640,0,0,0,0,0,0,1
1657946,1,1,1,0,0,0,1
1658566,1,0,0,0,0,0,1
1659186,1,1,0,0,0,0,1
1659188,1,1,1,0,0,0,1
1659228,0,0,0,0,0,0,1
1659848,1,0,0,0,0,0,1
1659938,0,0,0,0,0,0,1
1660389,1,1,1,0,0,0,0
1661084,1,1,1,0,0,0,1
1661297,1,1,1,0,0,0,0
1661341,0,0,0,0,0,0,1
1661742,1,1,1,0,0,0,1
1662436,1,0,0,0,0,0,1
1663031,1,1,1,0,0,0,0
1663673,1,1,1,0,0,0,1
1663675,1,0,0,0,0,0,1
1664096,1,1,0,0,0,0,0
1664647,1,1,1,0,0,0,1
1664832,1,0,0,0,0,0,1
1664833,1,1,1,0,0,0,1
1665976,1,1,1,0,0,0,1
1665999,1,1,1,0,0,0,1
1667312,1,1,1,1,0,0,1
1667913,0,0,0,0,0,0,1
1668408,1,1,1,1,0,0,1
1668910,1,1,1,0,0,0,0
1669604,1,1,1,1,0,0,0
1670513,1,1,1,0,0,0,1
1671344,1,1,0,0,0,0,1
1671393,1,1,1,0,0,0,1
1671916,1,1,1,0,0,0,1
1672005,1,1,1,0,0,0,0
1672650,1,0,0,0,0,0,1
1673175,1,1,1,0,0,0,0
1673192,1,0,0,0,0,0,1
1673357,1,1,1,1,0,0,1
1673573,1,1,1,0,0,0,1
1674621,1,0,0,0,0,0,1
1674932,1,1,1,0,0,0,1
1675260,1,1,1,0,0,0,1
1676989,1,1,1,0,0,0,1
1677056,1,1,1,0,0,0,1
1678417,1,0,0,0,0,0,1
1679325,1,0,0,0,0,0,1
1679826,1,1,0,0,0,0,0
1680253,1,1,1,0,0,0,1
1680347,1,1,1,0,0,0,0
1681685,1,1,1,0,0,0,1
1682259,1,0,0,0,0,0,1
1682444,1,1,1,0,0,0,0
1683184,1,0,0,0,0,0,1
1684143,1,1,1,0,0,0,1
1684165,1,1,1,1,0,0,0
1684232,1,0,0,0,0,0,0
1684585,1,1,1,0,0,0,1
1684943,1,0,0,0,0,0,1
1685181,1,1,1,1,0,0,1
1685317,1,1,1,0,0,0,1
1686080,1,1,1,0,0,0,1
1686128,1,1,1,1,0,0,1
1686697,1,1,1,1,0,0,1
1686884,1,1,1,1,0,0,1
1686978,1,1,1,0,0,0,0
1687048,1,1,1,0,0,0,1
1687880,1,1,1,0,0,0,1
1687928,1,0,0,0,0,0,1
1688761,1,0,0,0,0,0,1
1688828,0,0,0,0,0,0,1
1689474,1,1,1,1,0,0,1
1689640,1,1,1,0,0,0,1
1689657,1,0,0,0,0,0,1
1691669,1,1,1,0,0,0,1
1692099,0,0,0,0,0,0,0
1692337,1,1,1,0,0,0,0
1692955,1,0,0,0,0,0,1
1693623,1,0,0,0,0,0,1
1694485,1,1,0,0,0,0,1
1694743,1,1,1,1,0,0,1
1695365,1,1,1,0,0,0,1
1696004,0,0,0,0,0,0,0
1696243,1,1,1,0,0,0,1
1696428,0,0,0,0,0,0,1
1696525,1,1,1,1,0,0,1
1696638,1,1,0,0,0,0,0
1696804,0,0,0,0,0,0,0
1696943,1,1,1,1,0,0,1
1697781,1,1,1,0,0,0,1
1698016,1,1,1,1,0,0,1
1698417,1,1,1,0,0,0,1
1698421,1,0,0,0,0,0,1
1698844,1,1,1,0,0,0,1
1699989,1,1,1,1,0,0,1
1700681,1,0,0,0,0,0,1
1702669,1,1,1,1,0,0,1
1703600,1,1,1,1,0,0,0
1703769,1,1,1,1,0,0,1
1703810,1,1,1,0,0,0,0
1704119,1,1,1,0,0,1,0
1704616,1,1,1,0,0,0,1
1704737,1,0,0,0,0,0,1
1705186,1,1,1,0,0,0,1
1706001,1,1,1,0,0,0,1
1706020,1,1,1,0,0,0,0
1706038,1,0,0,0,0,0,1
1706344,1,1,1,0,0,0,1
1706657,1,0,0,0,0,0,1
1707060,1,1,1,1,0,0,1
1707100,1,1,1,1,0,0,1
1707773,1,1,1,1,0,0,1
1707908,1,0,0,0,0,0,1
1708172,1,0,0,0,0,0,1
1708764,1,1,1,1,0,0,1
1709173,1,1,1,0,0,0,1
1709813,1,1,1,0,0,0,0
1710913,1,1,1,1,0,0,1
1711052,0,0,0,0,0,0,1
1711096,0,0,0,0,0,0,1
1711263,1,1,1,0,0,0,0
1711907,1,0,0,0,0,0,1
1712045,1,1,1,0,0,0,1
1712688,1,1,1,1,0,0,1
1713117,1,0,0,0,0,0,1
1713186,1,1,1,0,0,1,0
1713593,1,1,1,1,1,1,0
1714333,1,0,0,0,0,0,1
1714396,1,0,0,0,0,0,1
1714659,1,1,1,0,0,0,1
1715328,1,1,1,0,0,0,0
1715586,1,1,1,1,0,0,1
1715751,1,1,1,1,0,0,1
1715792,1,0,0,0,0,0,1
1715885,1,1,1,0,0,0,1
1716005,1,1,1,1,0,0,1
1716526,1,1,1,0,0,0,1
1716620,1,0,0,0,0,0,1
1716949,1,1,1,1,0,0,1
1717259,1,0,0,0,0,0,1
1717350,1,1,1,0,0,0,1
1717468,1,1,1,1,0,0,1
1717724,1,1,1,1,0,0,1
1717745,1,1,1,1,0,0,1
1718078,1,0,0,0,0,0,1
1718316,1,1,1,0,0,0,1
1718888,1,0,0,0,0,0,1
1719120,1,0,0,0,0,0,1
1719430,1,1,1,1,0,0,1
1719761,1,0,0,0,0,0,1
1720360,1,1,1,0,0,0,1
1720376,1,1,1,0,0,0,1
1721044,1,0,0,0,0,0,1
1721210,1,0,0,0,0,0,1
1721876,1,1,1,0,0,0,1
1721898,1,0,0,0,0,0,1
1721916,0,0,0,0,0,0,1
1723114,1,1,1,1,0,0,1
1723137,1,1,1,1,0,0,0
1723852,1,1,1,1,1,1,0
1723993,1,0,0,0,0,0,1
1724272,1,1,1,0,0,0,1
1724391,1,1,1,1,0,0,0
1724532,1,0,0,0,0,0,1
1725004,1,1,1,1,0,0,1
1725053,1,0,0,0,0,0,1
1725310,1,1,1,0,0,0,1
1725354,0,0,0,0,0,0,1
1725448,1,1,1,0,0,0,1
1725800,1,1,1,0,0,0,1
1725803,1,0,0,0,0,0,1
1726130,1,1,1,0,0,0,1
1726223,0,0,0,0,0,0,1
1726484,0,0,0,0,0,0,1
1726885,0,0,0,0,0,0,0
1726933,1,1,1,0,0,0,1
1726977,0,0,0,0,0,0,1
1727019,1,0,0,0,0,0,1
1727853,1,1,1,0,0,0,1
1728068,1,1,1,0,0,0,1
1728185,1,0,0,0,0,0,1
1728251,0,0,0,0,0,0,1
1728558,1,1,1,0,0,0,1
1728699,1,0,0,0,0,0,1
1728817,1,0,0,0,0,0,1
1729435,1,1,1,1,0,0,1
1729504,1,1,1,1,0,0,1
1729689,1,1,1,0,0,0,1
1729693,1,0,0,0,0,0,1
1729924,0,0,0,0,0,0,1
1730063,0,0,0,0,0,0,1
1730756,0,0,0,0,0,0,1
1731037,1,1,1,0,0,0,1
1731133,1,1,1,0,0,0,1
1731392,1,0,0,0,0,0,1
1731893,1,1,1,1,0,0,1
1731937,0,0,0,0,0,0,1
1732265,1,1,1,1,0,0,1
1732382,1,1,1,0,0,0,1
1732693,1,1,1,1,0,0,1
1732900,1,1,1,0,0,0,0
1733210,1,1,1,0,0,0,1
1733497,1,1,1,1,0,0,1
1733657,1,1,1,0,0,0,1
1733966,1,1,1,0,0,0,1
1734008,1,1,1,0,0,0,1
1734012,1,0,0,0,0,0,1
1734221,1,0,0,0,0,0,1
1734380,0,0,0,0,0,0,1
1734908,1,1,1,1,0,0,1
1735049,1,1,1,1,0,0,1
1735160,1,1,1,1,0,0,1
1736044,1,1,1,0,0,0,1
1737195,1,1,1,1,0,0,0
1737405,1,1,1,0,0,0,1
1737568,1,1,1,0,0,0,1
1737830,1,1,1,0,0,0,1
1737923,1,1,1,1,0,0,1
1737967,0,0,0,0,0,0,1
1738252,1,1,1,0,0,0,1
1738270,0,0,0,0,0,0,1
1738312,1,1,1,0,0,0,1
1738577,1,1,1,1,0,0,1
1738621,0,0,0,0,0,0,1
1738783,1,1,1,1,0,0,1
1738970,1,1,1,1,0,0,1
1738972,1,1,1,1,0,0,1
1739633,0,0,0,0,0,0,1
1740231,1,1,1,0,0,0,1
1740320,1,1,1,0,0,0,1
1740485,1,0,0,0,0,0,1
1740940,1,1,1,0,0,0,1
1740984,0,0,0,0,0,0,1
1741600,0,0,0,0,0,0,1
1741957,1,0,0,0,0,0,1
1742003,1,1,1,0,0,0,1
1742548,1,0,0,0,0,0,1
1742592,0,0,0,0,0,0,1
1743141,1,0,0,0,0,0,1
1743308,1,1,1,1,0,0,1
1743756,1,1,1,0,0,0,1
1743801,1,0,0,0,0,0,1
1744183,1,1,1,1,0,0,1
1744276,1,1,1,1,0,0,1
1745228,1,0,0,0,0,0,1
1745466,1,0,0,0,0,0,1
1745485,1,0,0,0,0,0,1
1745749,1,1,1,0,0,0,0
1745888,1,0,0,0,0,0,1
1746048,1,1,1,0,0,0,1
1746215,1,0,0,0,0,0,1
1746282,1,1,1,1,0,0,1
1746301,1,1,1,1,0,0,1
1746349,1,0,0,0,0,0,1
1746940,1,1,1,1,0,0,1
1747129,0,0,0,0,0,0,1
1747752,1,1,1,1,0,0,1
1748132,0,0,0,0,0,0,1
1748510,1,1,1,1,0,0,1
1748649,1,1,1,1,0,0,1
1749104,1,1,1,0,0,0,1
1749120,1,1,1,1,0,0,1
1750366,1,1,1,1,0,0,1
1751012,1,1,1,1,0,0,1
1751201,1,1,1,0,0,0,1
1751648,1,1,1,0,0,0,1
1751765,1,1,1,0,0,0,1
1751809,0,0,0,0,0,0,1
1751812,1,1,1,1,0,0,1
1751898,1,1,1,0,0,0,1
1752662,1,1,1,1,0,0,1
1752664,1,1,1,1,0,0,1
1752724,1,0,0,0,0,0,1
1752865,1,0,0,0,0,0,1
1753343,1,1,1,0,0,0,0
1753481,1,0,0,0,0,0,1
1754200,1,0,0,0,0,0,1
1754218,1,0,0,0,0,0,1
1754357,1,1,1,0,0,0,1
1754832,1,1,1,0,0,0,1
1754901,0,0,0,0,0,0,1
1755234,0,0,0,0,0,0,1
1755278,0,0,0,0,0,0,1
1755539,1,1,1,0,0,0,1
1756204,1,0,0,0,0,0,1
1756516,1,0,0,0,0,0,1
1756582,1,0,0,0,0,0,1
1756699,1,0,0,0,0,0,1
1757414,1,0,0,0,0,0,1
1757675,1,1,1,0,0,0,1
1758125,0,0,0,0,0,0,1
1758317,1,1,1,0,0,0,0
1758504,1,1,0,0,0,0,1
1758568,1,1,1,0,0,0,1
1758617,0,0,0,0,0,0,1
1759331,1,1,1,0,0,0,1
1759377,1,0,0,0,0,0,1
1759396,1,1,1,0,0,0,1
1759801,0,0,0,0,0,0,1
1759816,1,1,1,1,0,0,1
1759864,1,0,0,0,0,0,1
1760146,1,1,1,0,0,0,1
1760215,1,0,0,0,0,0,1
1760692,1,1,1,1,0,0,1
1760905,1,0,0,0,0,0,1
1761524,1,1,1,0,0,0,1
1761639,1,0,0,0,0,0,1
1762186,1,1,1,1,0,0,1
1762233,1,1,1,0,0,0,1
1763018,1,1,1,1,0,0,1
1764431,1,1,1,1,0,0,1
1764883,1,0,0,0,0,0,1
1765261,1,1,1,0,0,0,0
1765787,1,0,0,0,0,0,1
1765925,1,0,0,0,0,0,1
1766617,1,0,0,0,0,0,1
1766972,1,0,0,0,0,0,0
1767259,1,1,1,0,0,0,1
1767449,1,1,1,1,0,0,1
1767493,0,0,0,0,0,0,1
1768468,1,1,0,0,0,0,1
1768684,1,1,0,0,0,0,0
1769640,1,1,1,1,0,0,1
1770186,1,1,1,1,0,0,0
1770686,0,0,0,0,0,0,1
1770900,1,1,1,0,0,0,1
1771324,1,1,1,0,0,0,1
1771706,1,1,0,0,0,0,1
1772158,1,0,0,0,0,0,1
1773714,1,1,1,0,0,0,1
1773781,1,1,0,0,0,0,0
1774258,1,0,0,0,0,0,1
1774301,1,0,0,0,0,0,1
1774419,1,1,1,0,0,0,0
1774536,1,1,1,0,0,0,1
1774653,1,1,1,0,0,0,0
1774692,1,1,1,0,0,0,1
1775004,1,0,0,0,0,0,1
1775044,0,0,0,0,0,0,1
1775162,1,0,0,0,0,0,1
1775281,1,1,0,0,0,0,1
1775488,1,0,0,0,0,0,1
1775534,0,0,0,0,0,0,1
1775605,0,0,0,0,0,0,1
1775911,1,1,1,1,0,0,1
1776096,1,1,0,0,0,0,1
1776430,1,0,0,0,0,0,1
1776689,1,1,1,0,0,0,1
1776785,1,1,1,0,0,0,1
1777067,1,0,0,0,0,0,1
1777422,1,0,0,0,0,0,1
1777848,1,1,1,0,0,0,1
1777917,1,1,1,1,0,0,1
1778010,1,0,0,0,0,0,1
1778561,1,1,1,0,0,0,1
1778577,1,1,1,0,0,0,1
1778984,1,1,1,1,0,0,1
1779073,0,0,0,0,0,0,1
1779145,0,0,0,0,0,0,1
1779307,1,1,1,1,0,0,1
1779400,0,0,0,0,0,0,1
1779637,1,0,0,0,0,0,1
1779654,1,1,1,0,0,0,1
1780107,1,0,0,0,0,0,1
1780294,1,0,0,0,0,0,1
1781661,1,1,1,1,0,0,1
1781678,1,1,1,0,0,0,1
1781844,1,1,1,0,0,0,1
1782005,1,1,1,0,0,0,1
1782072,1,1,1,0,0,0,1
1782361,1,1,1,1,0,0,1
1782499,1,1,1,0,0,0,1
1783097,0,0,0,0,0,0,1
1783212,1,1,1,0,0,0,1
1783565,1,1,1,1,0,0,1
1783874,1,1,1,0,0,0,1
1783918,0,0,0,0,0,0,1
1784588,1,1,1,1,0,0,1
1785540,1,1,1,0,0,0,1
1785611,1,1,1,0,0,0,1
1785942,1,1,1,1,0,0,1
1785989,1,1,1,0,0,1,1
1786417,1,0,0,0,0,0,1
1786432,1,0,0,0,0,0,1
1786792,1,1,1,1,0,0,1
1787269,1,0,0,0,0,0,1
1788222,1,1,1,0,0,0,1
1788555,1,1,1,0,0,0,1
1788600,1,1,1,0,0,0,1
1788664,1,0,0,0,0,0,1
1788708,0,0,0,0,0,0,1
1789259,1,0,0,0,0,0,1
1789305,1,1,1,1,0,0,1
1790569,1,1,1,1,0,0,1
1791501,1,1,1,1,0,0,1
1791787,1,1,1,0,0,0,1
1792168,1,1,1,1,0,0,1
1793603,1,1,1,1,1,1,0
1793744,1,1,1,0,0,0,1
1794076,0,0,0,0,0,0,1
1794359,1,1,1,0,0,0,1
1794545,1,1,1,1,0,0,1
1795095,1,0,0,0,0,0,1
1795378,1,1,1,1,0,0,0
1795876,1,1,1,0,0,0,0
1796044,1,1,1,0,0,0,1
1796422,1,1,0,0,0,0,1
1796424,0,0,0,0,0,0,1
1796465,1,1,1,1,0,0,0
1797277,1,1,1,0,0,0,1
1797294,1,1,1,0,0,0,1
1798058,1,1,1,1,0,0,1
1798079,1,1,1,0,0,0,1
1798193,1,1,1,0,0,0,1
1798766,1,1,1,0,0,0,1
1798787,1,1,1,1,0,0,1
1799429,1,0,0,0,0,0,1
1800337,1,1,1,0,0,0,1
1801221,1,1,0,0,0,0,1
1801698,1,1,1,0,0,0,1
1802198,1,0,0,0,0,0,1
1802313,1,1,0,0,0,0,1
1803028,1,1,1,0,0,1,0
1803460,1,1,1,0,0,0,1
1804006,1,1,1,0,0,0,1
1804437,1,1,1,1,0,0,0
1805176,1,1,1,0,0,0,1
1805844,1,0,0,0,0,0,1
1805959,1,1,1,0,0,1,0
1807297,1,1,1,0,0,0,1
1807845,1,0,0,0,0,0,1
1808154,1,1,1,0,0,0,1
1808199,1,1,1,0,0,0,1
1808532,1,1,0,0,0,0,1
1809414,1,0,0,0,0,0,1
1809436,1,0,0,0,0,0,1
1810196,1,1,1,1,0,0,0
1810842,1,1,1,1,0,0,1
1811609,1,1,1,0,0,1,0
1811700,1,0,0,0,0,0,1
1811744,0,0,0,0,0,0,1
1812002,1,1,0,0,0,0,1
1813415,1,1,1,1,0,0,1
1813530,1,1,0,0,0,0,1
1813793,1,1,1,1,0,0,1
1814341,0,0,0,0,0,0,1
1814572,1,1,1,0,0,0,1
1814834,1,1,0,0,0,0,1
1814997,1,0,0,0,0,0,0
1815165,1,0,0,0,0,0,1
1815829,1,0,0,0,0,0,1
1816789,1,1,1,0,0,0,1
1817313,0,0,0,0,0,0,1
1817330,1,1,1,0,0,0,1
1817854,0,0,0,0,0,0,1
1817924,1,0,0,0,0,0,1
1819020,1,1,1,0,0,0,1
1819572,1,1,1,0,0,0,1
1819974,1,1,1,0,0,0,1
1820571,1,1,1,0,0,0,0
1820710,1,1,1,1,0,0,1
1820756,1,1,1,0,0,0,1
1821183,1,0,0,0,0,0,1
1821704,1,1,1,0,0,0,1
1821706,1,1,1,1,0,0,1
1821892,1,1,0,0,0,0,1
1821911,1,1,1,1,0,0,1
1822240,0,0,0,0,0,0,1
1822384,0,0,0,0,0,0,1
1822428,0,0,0,0,0,0,1
1822564,0,0,0,0,0,0,1
1822681,1,1,1,1,0,0,1
1823399,1,1,1,1,1,1,0
1823586,0,0,0,0,0,0,1
1823749,1,1,0,0,0,0,1
1824131,1,1,0,0,0,0,1
1824441,1,1,1,0,0,0,0
1825155,1,0,0,0,0,0,1
1825246,0,0,0,0,0,0,1
1825289,1,1,1,1,0,0,1
1825596,1,1,1,1,0,0,1
1825836,1,1,1,0,0,0,1
1825929,1,1,1,0,0,0,1
1826307,1,0,0,0,0,0,1
1826520,1,1,1,1,0,0,1
1826536,1,0,0,0,0,0,1
1826560,0,0,0,0,0,0,1
1826840,0,0,0,0,0,0,1
1826863,1,0,0,0,0,0,1
1827412,1,0,0,0,0,0,1
1827526,1,1,1,1,0,0,1
1828024,1,1,0,0,0,0,1
1828476,0,0,0,0,0,0,1
1828880,0,0,0,0,0,0,1
1829308,0,0,0,0,0,0,1
1829784,0,0,0,0,0,0,1
1829904,1,1,1,0,0,0,1
1830332,0,0,0,0,0,0,1
1830492,0,0,0,0,0,0,1
1830852,0,0,0,0,0,0,1
1832236,1,1,0,0,0,0,1
1832280,0,0,0,0,0,0,1
1832421,1,1,1,0,0,0,0
1832656,1,0,0,0,0,0,1
1833065,1,1,1,0,0,0,0
1833492,1,1,1,0,0,0,1
1833629,1,1,0,0,0,0,1
1834011,1,1,1,0,0,0,0
1834172,1,1,1,1,0,0,1
1834674,1,0,0,0,0,0,0
1834812,1,0,0,0,0,0,1
1835145,1,1,1,0,0,0,1
1835452,1,0,0,0,0,0,1
1835546,1,1,1,0,0,0,1
1835855,1,1,1,1,0,0,1
1836064,1,0,0,0,0,0,1
1836068,1,1,1,0,0,0,1
1836609,1,1,1,1,0,0,1
1836895,1,1,0,0,0,0,1
1836916,1,0,0,0,0,0,1
1839240,0,0,0,0,0,0,1
1839283,1,0,0,0,0,0,1
1839348,0,0,0,0,0,0,1
1839611,0,0,0,0,0,0,1
1840062,1,1,1,0,0,0,1
1840205,1,1,1,0,0,0,0
1840295,1,0,0,0,0,0,1
1840296,1,0,0,0,0,0,1
1840572,1,1,0,0,0,0,1
1841001,1,1,1,0,0,0,1
1841072,1,1,0,0,0,0,1
1841163,1,0,0,0,0,0,1
1841182,1,1,1,0,0,0,1
1841924,0,0,0,0,0,0,1
1842468,1,1,1,0,0,0,1
1842471,1,0,0,0,0,0,1
1842868,0,0,0,0,0,0,1
1842940,1,1,0,0,0,0,1
1843536,1,1,0,0,0,0,1
1844492,1,0,0,0,0,0,1
1844607,1,1,0,0,0,0,1
1844651,0,0,0,0,0,0,1
1844788,1,1,1,1,0,0,1
1845216,0,0,0,0,0,0,1
1845840,1,1,0,0,0,0,1
1846315,0,0,0,0,0,0,1
1846620,1,1,1,0,0,0,1
1846812,1,0,0,0,0,0,1
1847337,1,1,1,1,0,0,0
1847352,1,1,1,0,0,0,1
1847928,0,0,0,0,0,0,1
1847973,0,0,0,0,0,0,1
1848039,0,0,0,0,0,0,1
1848080,1,0,0,0,0,0,1
1848125,1,1,1,0,0,0,0
1848314,1,1,1,0,0,0,0
1848409,1,0,0,0,0,0,1
1848761,1,1,0,0,0,0,1
1849310,1,1,0,0,0,0,1
1849569,1,1,1,1,0,0,1
1849615,1,1,1,1,0,0,1
1849632,1,1,1,0,0,0,1
1849846,1,0,0,0,0,0,1
1850248,1,0,0,0,0,0,1
1850511,1,1,1,1,0,0,1
1850626,1,1,1,1,0,0,1
1850693,1,1,0,0,0,0,1
1851120,1,0,0,0,0,0,1
1851164,0,0,0,0,0,0,1
1851305,1,1,1,1,0,0,1
1851615,1,1,1,1,0,0,1
1851849,1,0,0,0,0,0,1
1852060,1,1,1,1,0,0,1
1852585,1,1,1,1,0,0,1
1852607,1,1,1,0,0,0,1
1852720,1,0,0,0,0,0,1
1853628,1,0,0,0,0,0,1
1853819,1,1,1,0,0,0,1
1854005,1,0,0,0,0,0,1
1855036,1,1,1,1,0,0,0
1855537,1,1,1,0,0,0,0
1855892,1,1,1,1,0,0,1
1856464,1,0,0,0,0,0,1
1857372,1,1,1,0,0,0,1
1857774,1,1,1,1,0,0,0
1857818,0,0,0,0,0,0,1
1858104,1,1,1,1,0,0,1
1858914,1,1,1,0,0,0,1
1859990,1,1,1,1,0,0,1
1860466,0,0,0,0,0,0,1
1860796,1,1,1,0,0,0,0
1860987,1,1,1,0,0,0,0
1861173,1,1,1,0,0,0,0
1861603,0,0,0,0,0,0,1
1862293,1,1,1,1,0,0,1
1862701,1,1,1,0,0,0,0
1863221,1,1,1,0,0,0,1
1863485,1,1,1,0,0,0,1
1863644,1,1,1,1,0,0,1
1864145,1,1,1,0,0,0,1
1864289,1,0,0,0,0,0,1
1864427,1,1,1,0,0,0,1
1864732,1,1,1,1,0,0,1
1864781,1,0,0,0,0,0,1
1865063,1,1,1,1,0,0,1
1865252,1,0,0,0,0,0,0
1865341,1,1,1,0,0,0,1
1865941,1,0,0,0,0,0,1
1866029,1,0,0,0,0,0,1
1866576,1,1,1,1,0,0,1
1867032,1,1,1,0,0,0,1
1867101,1,1,1,1,0,0,1
1867119,1,1,1,1,0,0,1
1867594,1,0,0,0,0,0,0
1867828,1,1,1,1,0,0,1
1868021,1,1,1,1,0,0,1
1868301,1,1,1,1,0,0,1
1868563,1,0,0,0,0,0,1
1868846,1,1,1,1,0,0,1
1869037,1,0,0,0,0,0,1
1869101,1,1,1,1,0,0,1
1869984,1,1,1,1,0,0,1
1870297,1,0,0,0,0,0,1
1871154,1,1,1,0,0,0,1
1871225,1,1,1,1,0,0,1
1872109,1,1,1,1,0,0,1
1872845,1,1,1,0,0,0,1
1873272,1,0,0,0,0,0,1
1873677,1,0,0,0,0,0,1
1874180,1,1,1,1,0,0,0
1874557,1,1,1,1,0,0,1
1875731,1,1,0,0,0,0,0
1875776,1,1,1,0,0,0,1
1877451,1,0,0,0,0,0,1
1878334,1,1,1,1,0,0,0
1878712,1,0,0,0,0,0,1
1878734,0,0,0,0,0,0,1
1879019,1,1,1,0,0,0,1
1879281,1,1,1,0,0,0,0
1879440,1,1,1,1,0,0,1
1879701,1,1,1,1,0,0,1
1880152,1,0,0,0,0,0,1
1880225,1,0,0,0,0,0,1
1880361,1,0,0,0,0,0,1
1880623,1,1,1,0,0,0,1
1881073,1,1,1,0,0,0,1
1881335,1,1,1,0,0,0,1
1882408,1,1,1,0,0,0,1
1882769,1,1,1,0,0,0,1
1882932,1,1,0,0,0,0,0
1883596,0,0,0,0,0,0,1
1883640,0,0,0,0,0,0,1
1884428,1,1,1,1,0,0,1
1884429,1,1,1,1,0,0,1
1885093,1,0,0,0,0,0,1
1885309,1,1,1,0,0,0,1
1885878,1,1,1,1,0,0,0
1885996,1,0,0,0,0,0,1
1887457,1,1,1,0,0,0,1
1887594,1,1,1,0,0,0,1
1887877,1,0,0,0,0,0,1
1887925,1,0,0,0,0,0,1
1888495,1,1,1,1,0,0,0
1888562,1,1,1,1,0,0,1
1888820,1,1,1,1,0,0,1
1889133,1,0,0,0,0,0,1
1889152,1,1,1,0,0,0,1
1889264,0,0,0,0,0,0,1
1889528,0,0,0,0,0,0,1
1889688,1,0,0,0,0,0,1
1889952,1,0,0,0,0,0,1
1890692,1,0,0,0,0,0,1
1890829,1,1,1,0,0,0,1
1891500,1,0,0,0,0,0,1
1891569,1,1,1,0,0,0,1
1892137,1,1,1,1,1,1,0
1892280,1,1,1,1,0,0,1
1892708,1,0,0,0,0,0,1
1893640,1,1,1,1,1,1,0
1894212,0,0,0,0,0,0,1
1895048,1,1,1,1,0,0,1
1895257,1,1,1,1,0,0,1
1895639,1,0,0,0,0,0,0
1895706,1,1,1,1,0,0,0
1895944,1,1,1,1,0,0,1
1896517,1,1,1,1,0,0,1
1896752,1,1,1,1,0,0,1
1896840,0,0,0,0,0,0,0
1897201,1,1,1,1,0,0,1
1897338,1,1,1,0,0,0,1
1897884,1,0,0,0,0,0,1
1897932,1,1,1,0,0,0,1
1897953,1,1,1,1,0,0,1
1898498,1,1,1,1,0,0,1
1898588,1,1,1,1,0,0,1
1898685,1,1,0,0,0,0,1
1899182,1,0,0,0,0,0,1
1899253,0,0,0,0,0,0,1
1899292,1,1,1,0,0,0,1
1900061,1,1,1,1,0,0,1
1900124,1,1,1,0,0,0,1
1900146,1,1,1,1,0,0,1
1900190,0,0,0,0,0,0,1
1901122,1,1,1,0,0,0,1
1902389,1,1,0,0,0,0,0
1902770,1,1,1,1,0,0,1
1902771,1,1,1,0,0,0,0
1903361,1,1,1,1,0,0,1
1903694,1,0,0,0,0,0,1
1904533,1,0,0,0,0,0,1
1905080,1,1,0,0,0,0,0
1905170,1,1,1,0,0,0,1
1905193,1,1,1,1,0,0,1
1905210,0,0,0,0,0,0,1
1905639,1,1,1,0,0,0,1
1905660,0,0,0,0,0,0,1
1905700,1,0,0,0,0,0,1
1906297,1,1,1,0,0,0,1
1906364,1,1,0,0,0,0,1
1906629,1,1,1,0,0,0,1
1906694,1,0,0,0,0,0,1
1906763,1,1,1,0,0,0,1
1906807,0,0,0,0,0,0,1
1906992,0,0,0,0,0,0,1
1907518,1,1,1,1,0,0,1
1907805,1,0,0,0,0,0,1
1907844,1,1,1,1,0,0,1
1908298,1,1,1,1,0,0,1
1908342,0,0,0,0,0,0,1
1908768,1,1,1,1,0,0,1
1909009,1,1,1,0,0,0,1
1909049,1,1,1,1,0,0,1
1909050,1,1,1,1,0,0,1
1909619,1,1,1,1,0,0,1
1909808,1,1,1,1,0,0,1
1910065,1,0,0,0,0,0,1
1911096,1,1,1,0,0,0,1
1911282,1,1,1,0,0,0,1
1911324,1,1,1,0,0,0,1
1911924,1,1,1,1,0,0,1
1916193,1,1,1,0,0,0,0
1916355,0,0,0,0,0,0,1
1917116,1,1,1,1,0,0,1
1917209,1,1,1,0,0,0,1
1917543,1,1,1,1,0,0,1
1917944,1,1,1,0,0,0,1
1918470,1,1,1,0,0,0,0
1918852,1,1,1,0,0,0,1
1918991,1,1,0,0,0,0,1
1919565,1,1,1,0,0,0,1
1919609,0,0,0,0,0,0,1
1919864,1,1,1,0,0,0,1
1919935,1,1,1,0,0,0,1
1919956,0,0,0,0,0,0,1
1920073,1,0,0,0,0,0,1
1920688,1,0,0,0,0,0,1
1921025,1,1,1,0,0,0,1
1921187,1,0,0,0,0,0,1
1921324,1,1,0,0,0,0,1
1921851,0,0,0,0,0,0,1
1921868,1,0,0,0,0,0,1
1922491,1,1,0,0,0,0,1
1922993,1,1,1,1,0,0,1
1924353,1,1,1,1,0,0,0
1925069,1,0,0,0,0,0,1
1925618,1,1,1,0,0,1,0
1925733,1,0,0,0,0,0,1
1926114,0,0,0,0,0,0,1
1926279,1,1,1,0,0,0,1
1926801,1,0,0,0,0,0,1
1927112,1,1,1,0,0,0,0
1927225,0,0,0,0,0,0,1
1927776,1,0,0,0,0,0,1
1928300,0,0,0,0,0,0,1
1928992,0,0,0,0,0,0,1
1929032,1,1,1,0,0,0,0
1929460,0,0,0,0,0,0,1
1929628,1,0,0,0,0,0,1
1929908,0,0,0,0,0,0,1
1929954,1,1,1,1,0,0,1
1930096,0,0,0,0,0,0,1
1930141,1,1,1,1,0,0,0
1930373,1,1,1,1,0,0,1
1930416,0,0,0,0,0,0,1
1930534,0,0,0,0,0,0,1
1930652,0,0,0,0,0,0,1
1930860,0,0,0,0,0,0,1
1930905,0,0,0,0,0,0,1
1931236,0,0,0,0,0,0,1
1931306,0,0,0,0,0,0,1
1931710,0,0,0,0,0,0,1
1931825,0,0,0,0,0,0,1
1932136,0,0,0,0,0,0,1
1932176,0,0,0,0,0,0,1
1933182,1,1,1,0,0,0,1
1933395,1,0,0,0,0,0,0
1933918,1,1,1,1,0,0,1
1933919,0,0,0,0,0,0,1
1933932,1,0,0,0,0,0,1
1934579,1,0,0,0,0,0,1
1934980,1,0,0,0,0,0,1
1936008,1,1,0,0,0,0,1
1936010,1,1,1,0,0,0,1
1936528,0,0,0,0,0,0,1
1937172,1,0,0,0,0,0,1
1937194,1,1,1,1,0,0,1
1937265,1,1,1,1,0,0,0
1937741,0,0,0,0,0,0,1
1937806,1,0,0,0,0,0,1
1937824,1,0,0,0,0,0,1
1938468,1,0,0,0,0,0,1
1938969,1,1,1,0,0,0,0
1939041,1,1,1,1,0,0,1
1939200,1,0,0,0,0,0,1
1939272,1,1,0,0,0,0,0
1939701,1,0,0,0,0,0,1
1940244,1,1,1,1,0,0,1
1940461,1,1,1,1,0,0,1
1941727,1,1,1,1,0,0,0
1941840,1,1,1,1,0,0,1
1941865,1,1,1,1,0,0,1
1942576,1,1,1,1,0,0,1
1942671,1,1,1,0,0,0,1
1943384,1,0,0,0,0,0,1
1943980,1,0,0,0,0,0,1
1944962,1,1,1,1,0,0,0
1945388,1,1,1,1,0,0,1
1945965,1,1,1,0,0,0,1
1946125,1,1,1,0,0,0,0
1946288,1,1,1,1,0,0,1
1946432,1,1,1,0,0,0,0
1947433,1,1,1,0,0,0,1
1948413,1,0,0,0,0,0,1
1949153,1,1,1,1,0,0,1
1949847,1,1,1,0,0,0,0
1950681,1,1,1,1,0,0,1
1951135,1,1,0,0,0,0,1
1951153,1,0,0,0,0,0,1
1951463,0,0,0,0,0,0,1
1951649,0,0,0,0,0,0,1
1951911,0,0,0,0,0,0,1
1951977,0,0,0,0,0,0,1
1952118,1,1,1,1,0,0,0
1952355,1,0,0,0,0,0,1
1952853,1,1,1,1,0,0,1
1952874,1,1,1,0,0,0,1
1953113,1,1,1,1,0,0,0
1953440,1,1,1,0,0,0,0
1953584,1,1,1,1,0,0,0
1953650,0,0,0,0,0,0,1
1953957,1,1,1,0,0,0,1
1954077,0,0,0,0,0,0,1
1954937,1,1,1,1,0,0,1
1955000,1,1,1,1,1,1,0
1955120,1,0,0,0,0,0,1
1955884,1,1,1,1,0,0,1
1956169,1,1,1,1,0,0,1
1956232,1,1,1,1,0,0,1
1956689,1,0,0,0,0,0,1
1957160,1,1,1,0,0,0,1
1957540,0,0,0,0,0,0,1
1959507,1,1,0,0,0,0,0
1960151,1,1,1,1,0,0,1
1960818,1,1,0,0,0,0,0
1961125,1,1,1,1,0,0,0
1961171,1,0,0,0,0,0,1
1961286,0,0,0,0,0,0,1
1963060,1,1,0,0,0,0,0
1963873,1,1,1,1,0,0,0
1964180,1,1,1,1,0,0,1
1964225,0,0,0,0,0,0,1
1964720,1,1,1,0,0,0,0
1964816,1,1,1,1,0,0,1
1965360,1,1,1,1,0,0,1
1965456,1,1,1,1,0,0,1
1965501,1,1,1,1,0,0,1
1966433,1,1,1,1,0,0,1
1967028,1,1,1,0,0,0,1
1967145,1,1,1,0,0,0,1
1967812,1,1,1,1,0,0,1
1967857,1,0,0,0,0,0,1
1968281,1,1,1,1,0,0,0
1968327,1,1,1,0,0,0,0
1968442,1,1,1,1,0,0,0
1968513,0,0,0,0,0,0,1
1968532,1,1,1,1,0,0,1
1969174,1,1,1,1,0,0,1
1969220,1,1,1,1,0,0,1
1969289,1,1,1,0,0,0,1
1970461,1,1,1,1,0,0,1
1970502,1,1,1,1,0,0,1
1971221,0,0,0,0,0,0,1
1971384,1,1,1,1,0,0,1
1971717,1,0,0,0,0,0,1
1972500,1,1,1,0,0,0,0
1972596,1,0,0,0,0,0,1
1973120,1,0,0,0,0,0,1
1973304,1,1,1,0,0,0,1
1974524,1,1,1,1,0,0,1
1974620,1,1,1,0,0,0,1
1975070,1,1,1,0,0,0,1
1975425,1,1,1,0,0,1,0
1975471,1,1,1,0,0,0,0
1975972,1,1,1,1,0,0,1
1976373,0,0,0,0,0,0,1
1977284,1,0,0,0,0,0,1
1977616,0,0,0,0,0,0,1
1978305,1,1,1,1,0,0,1
1978881,1,1,1,0,0,0,0
1979525,1,0,0,0,0,0,1
1980069,1,1,1,0,0,0,1
1980309,1,0,0,0,0,0,1
1980662,1,1,1,1,0,0,1
1981236,1,1,1,1,0,0,1
1981684,1,1,0,0,0,0,0
1981969,1,1,1,0,0,0,1
1982639,1,1,1,1,0,0,0
1982657,1,1,0,0,0,0,1
1983785,1,1,1,1,0,0,1
1983946,1,0,0,0,0,0,1
1984133,1,1,1,0,0,0,1
1984683,1,1,1,0,0,0,1
1985040,1,1,0,0,0,0,1
1985299,1,1,0,0,0,0,1
1985825,1,1,1,1,0,0,1
1986108,1,1,1,0,0,0,1
1986367,1,1,1,0,0,0,1
1987300,1,0,0,0,0,0,1
1987824,1,0,0,0,0,0,1
1988373,1,1,1,1,0,0,1
1988536,1,0,0,0,0,0,1
1988720,1,1,1,0,0,0,1
1988937,0,0,0,0,0,0,1
1989749,1,1,1,0,0,0,1
1990224,0,0,0,0,0,0,1
1990720,1,1,1,1,0,0,1
1991009,1,0,0,0,0,0,1
1991098,0,0,0,0,0,0,0
1991285,1,1,1,0,0,0,0
1991380,1,1,1,0,0,0,1
1991688,0,0,0,0,0,0,1
1991706,0,0,0,0,0,0,1
1992013,1,0,0,0,0,0,1
1992324,1,0,0,0,0,0,1
1992653,1,0,0,0,0,0,1
1992794,1,1,1,0,0,0,1
1993488,1,1,1,0,0,0,1
1993507,1,1,1,1,0,0,0
1993574,0,0,0,0,0,0,1
1993693,1,1,1,1,0,0,1
1994094,1,0,0,0,0,0,1
1994668,1,1,1,0,0,0,1
1995552,1,0,0,0,0,0,1
1996002,1,1,1,0,0,0,1
1996117,1,1,1,0,0,0,1
1996139,1,1,1,1,0,0,1
1996233,1,1,1,1,0,0,1
1996730,1,1,1,1,0,0,1
1996797,1,0,0,0,0,0,1
1997706,1,1,1,0,0,0,1
1997844,1,1,1,0,0,0,0
1998108,1,1,1,0,0,0,1
1998414,1,0,0,0,0,0,1
1998699,0,0,0,0,0,0,1
1999128,1,1,1,0,0,0,1
1999411,1,1,1,0,0,0,1
1999622,1,1,1,0,0,0,1
2000770,1,1,1,0,0,0,1
2001846,1,0,0,0,0,0,1
2002204,1,0,0,0,0,0,1
2002700,1,1,1,0,0,0,1
2002890,1,1,1,0,0,0,1
2003393,1,1,1,1,0,0,0
2003437,0,0,0,0,0,0,1
2003623,1,1,1,0,0,0,1
2003644,1,0,0,0,0,0,1
2003949,1,1,1,0,0,0,0
2004403,1,1,1,1,0,0,1
2004473,1,1,1,0,0,0,1
2005067,1,0,0,0,0,0,1
2005497,1,0,0,0,0,0,1
2006185,1,1,1,0,0,0,1
2006565,0,0,0,0,0,0,1
2007331,1,0,0,0,0,0,1
2007833,1,1,1,0,0,0,1
2008401,1,1,1,0,0,0,1
2008519,1,1,1,0,0,0,1
2008971,1,0,0,0,0,0,1
2009181,1,1,1,0,0,0,1
2009848,1,1,1,0,0,0,0
2009941,1,0,0,0,0,0,1
2010034,1,1,1,1,0,0,0
2010151,1,0,0,0,0,0,1
2010433,1,0,0,0,0,0,1
2010505,1,1,1,0,0,0,1
2010788,1,1,1,0,0,0,0
2011286,0,0,0,0,0,0,1
2011525,0,0,0,0,0,0,1
2011588,1,1,1,0,0,0,1
2011591,1,1,1,1,0,0,1
2011893,1,1,1,1,0,0,1
2012012,1,1,1,0,0,0,1
2013277,1,1,1,0,0,0,1
2018482,1,1,1,0,0,0,0
2018572,1,1,1,0,0,0,1
2018717,1,0,0,0,0,0,0
2018783,1,1,1,1,0,0,0
2019212,1,1,1,0,0,0,0
2019660,1,0,0,0,0,0,1
2019704,0,0,0,0,0,0,1
2019991,0,0,0,0,0,0,1
2020181,1,1,1,0,0,0,1
2020461,1,1,1,0,0,1,0
2020989,1,0,0,0,0,0,1
2022613,1,1,1,1,0,0,1
2022948,1,1,1,1,0,0,1
2023012,1,1,1,1,0,0,1
2024500,1,1,1,0,0,0,1
2025646,1,1,1,0,0,0,0
2026339,1,1,1,1,0,0,1
2027199,0,0,0,0,0,0,1
2027314,1,1,1,0,0,0,1
2027572,1,1,1,1,0,0,1
2027908,1,1,1,0,0,0,1
2028169,1,1,1,1,0,0,0
2028233,1,1,1,0,0,0,1
2028852,1,1,1,1,0,0,1
2028947,1,1,1,0,0,0,1
2029301,0,0,0,0,0,0,1
2030497,1,1,1,1,0,0,1
2031097,1,1,1,0,0,0,1
2031353,1,0,0,0,0,0,1
2033321,1,1,1,1,0,0,1
2034157,1,1,1,1,0,0,1
2034437,1,1,1,0,0,0,1
2034482,1,1,1,1,0,0,0
2034957,1,0,0,0,0,0,1
2035076,1,1,1,0,0,0,0
2036028,1,1,1,1,0,0,0
2036123,1,1,1,1,0,0,0
2036456,1,1,1,0,0,0,1
2039620,1,1,1,1,0,0,1
2040384,1,1,1,0,0,0,1
2041341,1,1,1,1,0,0,0
2041670,1,1,1,0,0,0,0
2042145,1,1,1,1,0,0,0
2042149,1,0,0,0,0,0,1
2042354,1,1,1,1,0,0,1
2043212,1,1,1,0,0,0,0
2043307,1,1,1,0,0,0,0
2043398,1,1,1,1,0,0,1
2043442,0,0,0,0,0,0,1
2043749,1,1,1,1,0,0,1
2043960,1,1,1,1,0,0,1
2044031,1,1,1,1,0,0,1
2044098,1,1,1,1,0,0,1
2045150,1,1,1,1,0,0,1
2045890,1,1,1,1,0,0,1
2046270,1,0,0,0,0,0,1
2047540,1,1,1,0,0,0,0
2047750,1,1,1,0,0,0,1
2048732,1,1,1,0,0,0,1
2049305,1,1,1,0,0,0,0
2050093,1,1,1,1,0,0,1
2050134,1,1,1,1,0,0,1
2050684,1,1,1,1,0,0,1
2050917,1,1,1,0,0,0,0
2051128,1,1,1,0,0,1,0
2051199,1,1,1,1,0,0,0
2051338,1,1,1,0,0,0,1
2051621,1,1,1,1,0,0,1
2052026,1,1,1,1,0,0,1
2052408,1,1,1,1,0,0,1
2052954,1,0,0,0,0,0,1
2052975,1,0,0,0,0,0,1
2053332,1,1,1,1,0,0,1
2053688,0,0,0,0,0,0,1
2053779,1,1,1,1,0,0,1
2053893,1,1,1,1,1,1,0
2054106,1,1,1,0,0,0,1
2054558,0,0,0,0,0,0,1
2054913,1,0,0,0,0,0,1
2055102,1,1,0,0,0,0,1
2055244,1,1,0,0,0,0,1
2055572,1,1,1,0,0,0,1
2055690,1,0,0,0,0,0,1
2055692,0,0,0,0,0,0,1
2055707,1,0,0,0,0,0,1
2055797,1,0,0,0,0,0,1
2056106,0,0,0,0,0,0,1
2056319,1,0,0,0,0,0,1
2056388,1,0,0,0,0,0,1
2056668,1,0,0,0,0,0,1
2056669,1,1,1,1,0,0,1
2057193,1,1,1,1,0,0,0
2057280,1,1,1,1,0,0,1
2057349,1,1,1,1,0,0,1
2058185,1,0,0,0,0,0,1
2058544,1,0,0,0,0,0,1
2058565,1,1,1,1,0,0,1
2058604,1,1,1,1,0,0,1
2058746,1,1,0,0,0,0,1
2060448,1,0,0,0,0,0,1
2060682,0,0,0,0,0,0,1
2061228,1,1,1,1,0,0,1
2061250,0,0,0,0,0,0,1
2061297,1,1,1,1,0,0,1
2062008,1,1,1,1,0,0,1
2062414,1,1,1,0,0,0,1
2062940,1,1,1,0,0,0,1
2063412,1,1,1,1,0,0,1
2063459,1,0,0,0,0,0,0
2064271,1,1,1,1,0,0,1
2064480,1,1,1,1,0,0,1
2064484,1,1,1,0,0,0,1
2065337,1,1,1,1,0,0,0
2065431,1,1,1,0,0,0,1
2065520,1,0,0,0,0,0,1
2065808,1,1,1,1,0,0,1
2065995,1,0,0,0,0,0,1
2066061,1,1,1,1,0,0,1
2066468,1,1,1,0,0,0,1
2067181,1,1,1,1,0,0,1
2067228,1,1,1,0,0,0,1
2067316,1,1,1,0,0,0,1
2068273,1,1,1,1,0,0,1
2068441,0,0,0,0,0,0,0
2069152,1,1,1,1,0,0,1
2069558,1,1,1,1,0,0,0
2069677,1,0,0,0,0,0,1
2069909,1,1,1,0,0,0,1
2070437,1,1,1,1,0,0,1
2070502,1,0,0,0,0,0,1
2071001,1,1,1,1,0,0,1
2071193,1,1,1,1,0,0,1
2071426,1,1,1,0,0,0,1
2072333,1,1,1,1,0,0,1
2072570,1,1,1,1,0,0,1
2072614,0,0,0,0,0,0,1
2072729,0,0,0,0,0,0,1
2072969,1,1,1,1,0,0,1
2073131,1,1,1,1,0,0,0
2074376,1,0,0,0,0,0,0
2074877,1,1,1,1,0,0,1
2075425,1,0,0,0,0,0,1
2075537,1,1,1,1,0,0,1
2075824,1,1,1,1,0,0,1
2075989,1,0,0,0,0,0,1
2076292,1,1,1,1,0,0,0
2076962,1,1,1,1,0,0,1
2077101,1,1,1,1,0,0,1
2077245,1,1,1,1,0,0,1
2077815,1,1,1,0,0,0,1
2077859,0,0,0,0,0,0,1
2078214,1,1,1,1,0,0,1
2078236,1,1,1,1,0,0,1
2078401,1,1,1,1,0,0,1
2078539,1,1,1,1,0,0,1
2078629,1,1,1,0,0,0,1
2078792,1,0,0,0,0,0,1
2079389,1,1,1,0,0,0,1
2079890,1,1,1,0,0,0,1
2079911,1,1,1,0,0,0,1
2080337,0,0,0,0,0,0,1
2080505,0,0,0,0,0,0,1
2080547,1,0,0,0,0,0,1
2081118,0,0,0,0,0,0,1
2081213,1,0,0,0,0,0,1
2081737,1,0,0,0,0,0,1
2082042,1,1,1,0,0,0,1
2082257,1,0,0,0,0,0,1
2082275,1,1,1,0,0,0,1
2083064,0,0,0,0,0,0,1
2083345,1,1,1,0,0,0,1
2083702,1,1,0,0,0,0,1
2083749,1,1,1,1,0,0,1
2084125,1,1,1,0,0,0,1
2084172,0,0,0,0,0,0,1
2084550,1,0,0,0,0,0,1
2084693,1,0,0,0,0,0,1
2084949,1,1,0,0,0,0,1
2085066,0,0,0,0,0,0,1
2085160,1,1,0,0,0,0,1
2085920,0,0,0,0,0,0,0
2085966,1,0,0,0,0,0,1
2086349,1,1,0,0,0,0,1
2086820,1,1,1,1,0,0,1
2087467,1,1,1,0,0,0,1
2087729,1,0,0,0,0,0,1
2087768,1,1,1,0,0,0,1
2088080,1,1,1,1,0,0,1
2088269,0,0,0,0,0,0,1
2088383,1,0,0,0,0,0,1
2088978,1,1,1,1,0,0,1
2089049,1,1,1,0,0,0,1
2089282,0,0,0,0,0,0,1
2089663,1,1,1,0,0,0,1
2090021,1,1,1,1,0,0,1
2090350,1,1,1,1,0,0,1
2090443,1,1,1,1,0,0,1
2090873,1,1,1,0,0,0,1
2091154,1,1,1,1,0,0,1
2091343,1,1,1,0,0,0,1
2091674,1,0,0,0,0,0,1
2091718,0,0,0,0,0,0,1
2092073,1,1,1,1,0,0,0
2092453,0,0,0,0,0,0,1
2092500,1,1,1,1,0,0,1
2092950,1,1,1,1,0,0,1
2093141,1,1,1,0,0,0,1
2093277,1,1,1,0,0,0,1
2093610,1,0,0,0,0,0,1
2093612,1,1,1,1,0,0,1
2093961,1,0,0,0,0,0,1
2094102,1,0,0,0,0,0,1
2094365,1,1,1,1,0,0,1
2094693,1,0,0,0,0,0,1
2094880,1,1,1,1,0,0,0
2094885,1,0,0,0,0,0,1
2095717,1,1,1,1,0,0,1
2095804,1,1,1,1,0,0,1
2096138,1,1,1,1,0,0,1
2096182,0,0,0,0,0,0,1
2096226,0,0,0,0,0,0,1
2096270,0,0,0,0,0,0,1
2096457,1,1,1,1,1,1,0
2096884,1,0,0,0,0,0,1
2097101,1,0,0,0,0,0,1
2098463,1,1,1,1,0,0,0
2098506,1,1,1,1,0,0,1
2098980,1,0,0,0,0,0,1
2099221,1,1,1,0,0,0,1
2099549,1,1,1,1,0,0,1
2100243,0,0,0,0,0,0,1
2100740,1,1,1,1,0,0,1
2100742,1,1,1,0,0,0,1
2100744,1,1,1,1,0,0,0
2100780,0,0,0,0,0,0,1
2100897,1,0,0,0,0,0,1
2100914,0,0,0,0,0,0,1
2101053,1,1,1,0,0,0,1
2101820,1,1,1,0,0,0,1
2102079,1,1,1,0,0,0,1
2102241,1,1,1,1,0,0,1
2102406,1,1,1,1,0,0,1
2102956,1,1,1,1,0,0,1
2103454,1,1,1,0,0,0,1
2103597,1,1,1,1,0,0,1
2103999,1,1,0,0,0,0,1
2104594,1,1,1,1,0,0,1
2106677,1,1,1,1,0,0,1
2107896,1,1,0,0,0,0,0
2108444,0,0,0,0,0,0,1
2108992,0,0,0,0,0,0,1
2109828,1,1,1,0,0,0,1
2110140,1,1,1,1,0,0,0
2110540,1,0,0,0,0,0,1
2110781,1,1,1,0,0,0,0
2111183,1,1,1,1,0,0,0
2111228,1,1,1,1,0,0,1
2111705,1,1,1,1,0,0,1
2111770,1,1,1,0,0,0,0
2111812,1,1,1,1,0,0,1
2111955,1,1,1,1,0,0,1
2112380,0,0,0,0,0,0,1
2112450,1,0,0,0,0,0,1
2113024,1,0,0,0,0,0,1
2113283,1,1,1,1,0,0,1
2113372,1,1,0,0,0,0,1
2113394,1,1,1,1,0,0,1
2113821,1,0,0,0,0,0,0
2114008,1,0,0,0,0,0,1
2114151,1,1,1,1,0,0,1
2114865,1,0,0,0,0,0,1
2114932,1,1,1,0,0,0,1
2115387,1,1,1,1,0,0,1
2115644,0,0,0,0,0,0,1
2116459,1,1,1,1,0,0,1
2117340,1,1,1,1,0,0,1
2117987,1,1,1,1,0,0,1
2118220,0,0,0,0,0,0,1
2118845,1,1,1,1,0,0,0
2119580,1,1,1,1,0,0,1
2120180,1,1,0,0,0,0,0
2120364,1,0,0,0,0,0,1
2120411,0,0,0,0,0,0,1
2120550,1,1,1,1,0,0,0
2121387,1,1,1,1,0,0,1
2122029,1,1,1,1,0,0,0
2122030,1,1,1,1,0,0,1
2122644,1,1,1,1,0,0,1
2122667,1,1,1,1,0,0,1
2122973,1,1,1,1,0,0,1
2123330,1,1,1,0,0,0,1
2123519,1,1,1,1,0,0,1
2123968,1,1,1,1,0,0,1
2124710,1,1,1,1,0,0,1
2124800,1,1,1,1,0,0,1
2125638,1,1,1,1,0,0,1
2125729,1,1,1,1,0,0,1
2125968,1,1,1,1,0,0,1
2125989,1,1,1,1,0,0,0
2127109,1,1,1,1,0,0,1
2127128,1,1,1,1,0,0,1
2127174,1,1,1,0,0,0,1
2127509,1,1,1,1,0,0,1
2129181,1,1,1,1,0,0,1
2129800,1,1,1,1,0,0,1
2130660,1,1,1,1,0,0,1
2130683,1,1,1,1,0,0,0
2130727,0,0,0,0,0,0,1
2131589,1,1,1,1,0,0,1
2132039,1,1,1,1,1,1,0
2132633,1,1,1,1,0,0,1
2132655,1,0,0,0,0,0,1
2133085,1,1,1,1,0,0,1
2133128,1,1,1,1,0,0,0
2133219,0,0,0,0,0,0,1
2133959,1,0,0,0,0,0,1
2134337,1,1,1,1,0,0,1
2134338,1,1,1,1,0,0,0
2134643,1,0,0,0,0,0,1
2135237,1,1,1,1,0,0,1
2135547,1,1,1,1,0,0,1
2136911,1,1,1,0,0,0,1
2136953,1,1,1,1,0,0,1
2137120,1,1,1,1,1,1,0
2137808,1,1,1,1,0,0,0
2138190,1,1,1,1,0,0,1
2138571,1,1,1,1,0,0,1
2138712,1,0,0,0,0,0,1
2139114,1,1,1,0,0,0,1
2139492,1,0,0,0,0,0,1
2139516,0,0,0,0,0,0,1
2139560,0,0,0,0,0,0,1
2139746,1,0,0,0,0,0,1
2139747,1,1,1,0,0,0,1
2139809,1,1,1,0,0,0,1
2140217,1,1,1,1,0,0,0
2140714,1,1,1,1,0,0,1
2141096,1,1,1,1,0,0,1
2141448,1,1,1,1,0,0,1
2141453,1,1,1,1,0,0,1
2141538,1,1,1,1,0,0,1
2142255,1,1,1,1,0,0,1
2142488,1,1,0,0,0,0,1
2143708,1,1,1,1,0,0,1
2143994,1,1,1,1,0,0,1
2144495,1,1,1,1,0,0,1
2144539,0,0,0,0,0,0,1
2145351,1,1,1,1,0,0,1
2146931,1,1,1,1,0,0,1
2146973,1,1,1,1,0,0,0
2147761,1,1,1,1,0,0,1
2148264,1,1,1,1,0,0,0
2148593,1,1,1,1,0,0,1
2148617,0,0,0,0,0,0,0
2148659,1,1,1,1,0,0,1
2148703,0,0,0,0,0,0,1
2148868,1,0,0,0,0,0,1
2149441,1,1,1,1,0,0,1
2149481,1,0,0,0,0,0,1
2150176,0,0,0,0,0,0,1
2150864,1,1,1,1,0,0,0
2151056,1,0,0,0,0,0,1
2151146,1,0,0,0,0,0,0
2151649,1,1,1,0,0,0,1
2151740,1,0,0,0,0,0,1
2152982,1,1,1,1,0,0,1
2152985,1,1,1,0,0,0,1
2154440,1,1,1,0,0,0,1
2154605,1,1,1,1,0,0,1
2155725,1,1,1,1,0,0,1
2155867,1,1,1,1,0,0,0
2156465,1,1,1,1,0,0,1
2157996,1,1,1,1,0,0,1
2158036,1,1,1,1,0,0,0
2160170,0,0,0,0,0,0,0
2160334,0,0,0,0,0,0,1
2161769,1,1,1,1,0,0,1
2162581,1,0,0,0,0,0,1
2163059,1,1,1,1,0,0,0
2163657,1,1,1,0,0,0,0
2164203,1,0,0,0,0,0,1
2164705,1,0,0,0,0,0,1
2165180,1,1,1,1,0,0,0
2165220,1,1,1,1,0,0,0
2165264,0,0,0,0,0,0,1
2167518,1,1,1,1,0,0,0
2168306,1,0,0,0,0,0,1
2169068,1,1,1,1,0,0,1
2169500,1,1,1,1,0,0,1
2169757,1,1,1,0,0,0,0
2171217,1,1,1,1,0,0,1
2171383,1,1,1,1,0,0,0
2171522,1,1,1,0,0,0,1
2171881,1,1,1,0,0,0,0
2172452,1,1,1,1,0,0,1
2172517,1,0,0,0,0,0,1
2172949,1,0,0,0,0,0,1
2173157,1,0,0,0,0,0,1
2173897,1,1,1,0,0,0,1
2174808,1,1,1,0,0,0,1
2174849,0,0,0,0,0,0,1
2175012,1,1,1,1,0,0,1
2175396,0,0,0,0,0,0,1
2175846,1,1,1,1,0,0,1
2175936,0,0,0,0,0,0,1
2176055,1,0,0,0,0,0,1
2176172,1,1,1,1,0,0,1
2176646,1,0,0,0,0,0,1
2176904,1,0,0,0,0,0,1
2177981,1,1,1,1,0,0,1
2178315,1,1,1,1,0,0,1
2180113,0,0,0,0,0,0,0
2180395,1,0,0,0,0,0,1
2180873,1,0,0,0,0,0,1
2180962,1,1,1,0,0,0,1
2182641,1,1,1,0,0,0,1
2182973,0,0,0,0,0,0,1
2183327,1,1,1,0,0,0,1
2183348,1,1,1,0,0,0,0
2183509,1,1,1,1,0,0,1
2183650,1,1,1,0,0,0,1
2183769,1,1,1,0,0,0,1
2184072,0,0,0,0,0,0,0
2184261,0,0,0,0,0,0,1
2184402,1,1,1,1,0,0,1
2184900,1,1,1,1,0,0,1
2185066,1,0,0,0,0,0,1
2185301,1,1,1,1,0,0,1
2185491,1,0,0,0,0,0,1
2185772,1,1,0,0,0,0,1
2186538,1,1,1,1,0,0,1
2187064,1,1,1,1,0,0,1
2187708,0,0,0,0,0,0,1
2188328,0,0,0,0,0,0,1
2188829,1,1,1,0,0,0,1
2189708,1,1,1,0,0,0,1
2190068,1,1,1,0,0,0,1
2190804,1,0,0,0,0,0,1
2191328,1,0,0,0,0,0,1
2191448,1,0,0,0,0,0,1
2191803,1,1,1,0,0,0,1
2192423,1,0,0,0,0,0,1
2192465,1,1,1,1,0,0,0
2192844,1,1,1,0,0,0,1
2192941,1,1,1,0,0,0,1
2193316,0,0,0,0,0,0,1
2193698,1,1,1,0,0,0,0
2193743,1,1,1,0,0,0,1
2194193,1,1,1,1,1,1,0
2194194,1,0,0,0,0,0,1
2194234,0,0,0,0,0,0,1
2195188,1,1,1,0,0,0,1
2195477,1,0,0,0,0,0,1
2196021,1,1,1,1,0,0,1
2197028,1,1,1,0,0,0,1
2197525,1,0,0,0,0,0,1
2198218,1,1,1,0,0,0,1
2198599,1,1,1,1,0,0,1
2198812,1,1,1,1,0,0,1
2199164,1,1,1,0,0,0,1
2199282,1,1,1,0,0,0,1
2201198,1,1,1,1,0,0,1
2201221,1,1,1,1,0,0,1
2201288,1,1,1,1,0,0,1
2201813,1,0,0,0,0,0,1
2202047,1,1,1,0,0,0,1
2202618,0,0,0,0,0,0,1
2202640,1,1,1,0,0,0,1
2202992,1,1,1,0,0,0,1
2203112,0,0,0,0,0,0,1
2204068,1,1,0,0,0,0,1
2204685,1,1,1,1,0,0,0
2204996,1,1,1,0,0,0,1
2205015,1,1,1,0,0,0,1
2205464,1,1,1,0,0,0,1
2205560,1,0,0,0,0,0,1
2206080,1,0,0,0,0,0,1
2206416,1,1,0,0,0,0,1
2207296,1,1,1,0,0,0,1
2207536,1,1,1,1,0,0,1
2207917,1,1,1,0,0,0,1
2208969,1,1,1,1,1,1,0
2209778,1,1,1,0,0,0,0
2210185,1,1,1,0,0,0,1
2211453,1,1,0,0,0,0,1
2211853,1,1,0,0,0,1,0
2211897,0,0,0,0,0,0,1
2212113,1,0,0,0,0,0,1
2212179,1,1,1,1,0,0,0
2212246,1,1,0,0,0,0,1
2212769,1,0,0,0,0,0,1
2213103,1,1,1,1,0,0,1
2213242,0,0,0,0,0,0,1
2213573,1,0,0,0,0,0,1
2214456,1,1,0,0,0,1,0
2214551,1,1,1,1,0,0,1
2214692,1,1,1,0,0,0,0
2216029,1,0,0,0,0,0,1
2216288,1,0,0,0,0,0,1
2216526,1,1,1,0,0,0,1
2217073,1,0,0,0,0,0,1
2218200,1,1,1,1,0,0,1
2218817,1,1,1,1,0,0,1
2219273,1,1,1,1,0,0,0
2219745,1,1,1,1,0,0,1
2219910,1,1,1,1,0,0,1
2220893,1,0,0,0,0,0,1
2221727,1,1,0,0,0,0,0
2222009,1,1,1,1,0,0,1
2222126,1,1,1,0,0,0,1
2222509,1,1,1,1,0,0,1
2222527,1,0,0,0,0,0,1
2222906,1,0,0,0,0,0,1
2223239,1,0,0,0,0,0,1
2223448,1,1,1,1,0,0,0
2223566,1,1,1,0,0,0,1
2223610,0,0,0,0,0,0,1
2223919,1,0,0,0,0,0,1
2225165,1,1,1,0,0,0,1
2225352,1,1,1,1,0,0,0
2226090,1,1,1,0,0,0,1
2226132,0,0,0,0,0,0,1
2226300,1,1,1,1,0,0,1
2226753,1,1,1,0,0,0,1
2227322,1,0,0,0,0,0,1
2227535,1,1,1,1,0,0,1
2228227,1,0,0,0,0,0,1
2229064,1,1,1,0,0,0,1
2229153,0,0,0,0,0,0,0
2229294,1,1,1,0,0,0,1
2229338,0,0,0,0,0,0,1
2229527,1,0,0,0,0,0,1
2230146,1,0,0,0,0,0,1
2230193,1,1,1,0,0,0,1
2232132,1,1,1,0,0,0,1
2232965,1,1,1,0,0,0,1
2233296,1,1,1,1,0,0,0
2233607,1,1,1,1,0,0,1
2234632,1,1,1,0,0,0,1
2234729,1,1,1,1,0,0,1
2234961,1,1,1,0,0,0,1
2235246,1,1,1,1,0,0,1
2235529,1,0,0,0,0,0,1
2235575,1,1,0,0,0,0,1
2235736,1,1,1,1,0,0,1
2236262,1,1,1,1,0,0,1
2236305,1,1,1,1,0,0,1
2236324,1,0,0,0,0,0,1
2236443,1,0,0,0,0,0,1
2237447,1,0,0,0,0,0,1
2237805,1,1,1,1,0,0,1
2238377,0,0,0,0,0,0,1
2238730,1,1,1,1,0,0,1
2238943,1,1,1,1,0,0,1
2239205,1,0,0,0,0,0,1
2239272,1,1,1,1,0,0,0
2239316,0,0,0,0,0,0,1
2239814,1,0,0,0,0,0,1
2240072,1,1,1,1,0,0,1
2240216,1,1,1,0,0,0,1
2240475,1,1,1,0,0,0,1
2240785,1,1,1,1,0,0,1
2241139,1,0,0,0,0,0,1
2241881,1,0,0,0,0,0,1
2241897,1,1,1,1,0,0,1
2242040,1,1,1,1,0,0,1
2243356,1,1,1,1,0,0,1
2244093,1,1,1,1,0,0,1
2244137,0,0,0,0,0,0,1
2244300,1,1,1,1,0,0,1
2244777,1,0,0,0,0,0,1
2244964,1,0,0,0,0,0,1
2245249,1,0,0,0,0,0,1
2245729,1,1,1,0,0,0,1
2245773,0,0,0,0,0,0,1
2245816,1,1,1,0,0,0,1
2246195,1,1,1,0,0,0,1
2246622,1,1,1,1,0,0,1
2247051,1,1,1,1,0,0,1
2247120,1,1,1,1,0,0,1
2248100,1,1,1,0,0,0,1
2248236,1,1,1,1,0,0,1
2248451,1,1,1,0,0,0,1
2249479,1,1,1,1,0,0,1
2249832,1,1,1,0,0,0,1
2249975,0,0,0,0,0,0,1
2249996,0,0,0,0,0,0,1
2250136,0,0,0,0,0,0,1
2250227,0,0,0,0,0,0,1
2250249,1,1,1,1,0,0,1
2250313,1,1,1,1,0,0,1
2251007,1,0,0,0,0,0,1
2251818,1,1,1,1,0,0,1
2252727,1,1,1,1,0,0,1
2253224,1,1,1,0,0,0,1
2253654,0,0,0,0,0,0,1
2254013,1,1,1,1,0,0,1
2254532,1,1,1,1,0,0,1
2254819,1,1,1,0,0,0,1
2255413,1,1,1,0,0,0,1
2255555,1,1,0,0,0,0,1
2255647,0,0,0,0,0,0,1
2256076,1,1,1,1,0,0,1
2256454,0,0,0,0,0,0,1
2256808,0,0,0,0,0,0,1
2256904,1,1,1,1,0,0,1
2257693,0,0,0,0,0,0,1
2258094,1,1,1,1,0,0,1
2258095,1,1,1,1,0,0,1
2258591,0,0,0,0,0,0,1
2258873,1,1,1,0,0,0,1
2258877,1,1,1,1,0,0,1
2259323,1,0,0,0,0,0,1
2259582,0,0,0,0,0,0,1
2259845,1,0,0,0,0,0,1
2260176,1,1,1,1,0,0,1
2260361,1,1,1,0,0,0,1
2260457,1,1,0,0,0,0,1
2260908,0,0,0,0,0,0,1
2260929,1,0,0,0,0,0,1
2261549,1,0,0,0,0,0,1
2261593,0,0,0,0,0,0,1
2261656,1,1,1,1,0,0,1
2261991,1,1,1,1,0,0,1
2262440,1,1,1,1,0,0,1
2262536,1,1,1,1,0,0,1
2262819,1,1,1,1,0,0,1
2263796,0,0,0,0,0,0,1
2264252,1,1,1,0,0,0,1
2265713,0,0,0,0,0,0,1
2266665,1,1,1,1,0,0,1
2266734,1,1,1,0,0,0,0
2266901,0,0,0,0,0,0,1
2268526,1,1,1,1,0,0,1
2269314,1,0,0,0,0,0,1
2270007,1,1,1,1,0,0,0
2270146,1,0,0,0,0,0,1
2270861,1,1,1,0,0,0,1
2270976,0,0,0,0,0,0,0
2271287,1,0,0,0,0,0,1
2271428,0,0,0,0,0,0,0
2272360,1,1,1,1,0,0,1
2272547,1,1,1,0,0,0,1
2272781,1,1,1,0,0,0,1
2273280,1,1,1,0,0,0,1
2273808,1,1,1,0,0,0,1
2274069,1,1,1,0,0,0,0
2274495,1,1,1,1,0,0,1
2275357,1,1,1,0,0,0,1
2275420,1,1,1,0,0,0,1
2275587,1,1,1,1,0,0,1
2276108,1,1,1,1,0,0,1
2276443,0,0,0,0,0,0,1
2276513,1,1,1,0,0,0,1
2277203,1,0,0,0,0,0,1
2277294,0,0,0,0,0,0,0
2278224,1,1,1,1,0,0,1
2278268,0,0,0,0,0,0,1
2278314,1,1,1,1,0,0,1
2278553,1,0,0,0,0,0,1
2278882,0,0,0,0,0,0,1
2279020,1,1,1,1,0,0,1
2279451,1,1,1,1,0,0,1
2279569,1,1,1,1,0,0,1
2279900,1,1,1,0,0,0,1
2279917,1,0,0,0,0,0,0
2280443,1,1,1,0,0,0,1
2280605,1,0,0,0,0,0,1
2281684,1,0,0,0,0,0,1
2281847,1,0,0,0,0,0,1
2282464,0,0,0,0,0,0,1
2282701,0,0,0,0,0,0,1
2283177,0,0,0,0,0,0,1
2283200,1,1,1,1,0,0,1
2283288,0,0,0,0,0,0,1
2283527,1,1,1,1,0,0,1
2284027,0,0,0,0,0,0,1
2284120,0,0,0,0,0,0,1
2284547,0,0,0,0,0,0,1
2284664,1,0,0,0,0,0,1
2285016,0,0,0,0,0,0,1
2285472,1,0,0,0,0,0,1
2285563,1,1,1,1,0,0,1
2286014,1,1,1,0,0,0,0
2286299,1,1,1,1,0,0,1
2286532,1,1,1,0,0,0,1
2286534,0,0,0,0,0,0,1
2286697,1,1,1,0,0,0,0
2287194,0,0,0,0,0,0,1
2287575,1,1,1,0,0,0,1
2287760,1,0,0,0,0,0,1
2288548,1,1,1,1,0,0,1
2289216,1,1,1,1,0,0,1
2290028,1,1,1,0,0,0,1
2290313,0,0,0,0,0,0,0
2292640,1,1,1,0,0,1,0
2293233,1,1,1,0,0,0,1
2293612,1,1,1,1,0,0,1
2293877,1,0,0,0,0,0,0
2293992,1,1,1,1,0,0,1
2294344,1,1,1,0,0,0,1
2294366,1,1,1,0,0,0,0
2294747,1,1,1,0,0,0,0
2295100,1,1,1,1,0,0,1
2295171,0,0,0,0,0,0,1
2295524,0,0,0,0,0,0,1
2295785,1,1,1,0,0,0,1
2296192,1,1,1,1,0,0,1
2296261,1,1,1,0,0,0,1
2296469,1,1,1,0,0,0,1
2296660,0,0,0,0,0,0,1
2296748,1,1,1,0,0,0,1
2296797,0,0,0,0,0,0,1
2297581,1,1,1,0,0,0,1
2298203,1,1,1,0,0,0,1
2298244,1,1,1,1,0,0,1
2298845,1,1,1,1,0,0,1
2299463,1,1,1,0,0,0,1
2299505,1,1,1,1,0,0,1
2299716,1,1,1,1,0,0,1
2300172,1,1,1,1,0,0,1
2300359,1,1,1,0,0,0,1
2300736,1,1,1,0,0,0,1
2300856,1,1,1,0,0,0,1
2301161,1,1,1,0,0,0,1
2301399,1,1,1,1,0,0,1
2301490,1,1,1,1,0,0,0
2302255,1,1,1,1,0,0,1
2302752,1,1,1,1,0,0,1
2302943,1,1,1,1,0,0,1
2302985,1,1,1,0,0,0,1
2303028,0,0,0,0,0,0,1
2303072,0,0,0,0,0,0,1
2303333,1,0,0,0,0,0,1
2303379,0,0,0,0,0,0,1
2303492,1,0,0,0,0,0,1
2303801,0,0,0,0,0,0,1
2303845,0,0,0,0,0,0,1
2304156,1,1,1,0,0,0,1
2304679,1,1,1,0,0,0,1
2304723,0,0,0,0,0,0,1
2305342,1,1,1,0,0,0,1
2305388,1,1,1,0,0,0,1
2305577,1,1,1,0,0,0,1
2305667,1,1,1,0,0,0,1
2305685,1,0,0,0,0,0,1
2305996,1,0,0,0,0,0,1
2306185,1,0,0,0,0,0,1
2306681,1,1,1,1,0,0,1
2306820,1,1,1,0,0,0,1
2306916,1,0,0,0,0,0,1
2307007,1,1,1,1,0,0,1
2307221,1,0,0,0,0,0,1
2307524,1,0,0,0,0,0,1
2308172,1,1,1,1,0,0,1
2308841,1,0,0,0,0,0,1
2308859,1,1,1,1,0,0,1
2308881,0,0,0,0,0,0,1
2308972,1,1,1,0,0,0,1
2309444,1,1,1,0,0,0,1
2309705,1,1,1,1,0,0,1
2309707,1,1,1,0,0,0,1
2309749,1,1,1,1,0,0,1
2310292,1,0,0,0,0,0,1
2310529,1,0,0,0,0,0,1
2310815,1,1,1,0,0,0,1
2310861,1,1,1,0,0,0,1
2310974,1,0,0,0,0,0,1
2311040,1,0,0,0,0,0,1
2311637,1,0,0,0,0,0,1
2311730,0,0,0,0,0,0,1
2312353,1,1,1,0,0,0,1
2312466,1,0,0,0,0,0,1
2312823,1,1,1,0,0,0,1
2312965,1,0,0,0,0,0,1
2313029,1,1,1,1,0,0,1
2313312,1,1,1,0,0,0,1
2313573,1,0,0,0,0,0,1
2313669,1,1,1,0,0,0,1
2313687,1,1,1,0,0,0,1
2313872,0,0,0,0,0,0,1
2314181,1,1,1,0,0,0,1
2314182,1,1,1,0,0,0,1
2314183,0,0,0,0,0,0,1
2314889,1,0,0,0,0,0,1
2314934,1,1,0,0,0,0,1
2315674,1,1,1,0,0,0,1
2315693,1,1,1,0,0,0,1
2316076,1,0,0,0,0,0,0
2316190,1,0,0,0,0,0,1
2316427,1,1,1,1,0,0,1
2316517,1,1,1,1,0,0,1
2316684,1,0,0,0,0,0,1
2317303,1,1,1,0,0,0,1
2317321,1,1,1,1,0,0,1
2318015,1,1,1,0,0,0,1
2318057,1,1,1,1,0,0,1
2318532,1,1,1,0,0,0,1
2318721,1,1,1,1,0,0,1
2319175,1,1,1,0,0,0,1
2319264,0,0,0,0,0,0,1
2319309,0,0,0,0,0,0,1
2320797,1,0,0,0,0,0,0
2320911,1,0,0,0,0,0,1
2321893,1,1,1,0,0,0,1
2323350,1,0,0,0,0,0,0
2323585,0,0,0,0,0,0,1
2323848,1,1,1,0,0,0,0
2324514,1,1,1,0,0,0,1
2325016,1,1,1,1,0,0,1
2325489,1,1,1,0,0,0,1
2325606,1,1,1,0,0,0,1
2325892,1,1,1,0,0,0,1
2326436,0,0,0,0,0,0,0
2326458,1,1,1,0,0,0,1
2327245,1,1,1,1,0,0,1
2327266,1,1,1,1,0,0,1
2327456,1,1,1,1,0,0,1
2327930,1,0,0,0,0,0,1
2328071,1,1,1,0,0,1,0
2328089,1,0,0,0,0,0,1
2328180,1,1,1,1,0,0,1
2328681,1,0,0,0,0,0,1
2328750,1,0,0,0,0,0,1
2329036,1,1,1,0,0,0,1
2329037,1,1,1,1,0,0,0
2329649,1,1,1,0,0,0,1
2329693,0,0,0,0,0,0,1
2329784,1,1,1,1,0,0,1
2330097,1,1,1,0,0,0,1
2330164,1,0,0,0,0,0,1
2330973,1,1,1,1,0,0,1
2331064,1,1,0,0,0,0,1
2331468,0,0,0,0,0,0,1
2331609,1,0,0,0,0,0,1
2331849,1,1,1,1,0,0,1
2332130,1,1,1,1,0,0,1
2332200,1,1,1,1,0,0,1
2332768,1,1,1,0,0,0,1
2333341,1,1,1,1,0,0,1
2333580,1,1,1,1,0,0,1
2334273,1,1,1,1,0,0,1
2334672,1,1,1,0,0,0,1
2334984,1,1,1,1,0,0,1
2335195,1,1,1,1,0,0,0
2335693,1,1,1,1,0,0,1
2335694,1,1,1,0,0,0,1
2336023,1,1,1,0,0,0,1
2336136,1,1,1,0,0,0,1
2336398,1,1,0,0,0,0,1
2336780,1,1,1,1,0,0,1
2336820,1,1,1,0,0,0,1
2336891,1,1,1,1,0,0,1
2337297,1,1,1,1,0,0,1
2337603,1,1,1,1,0,0,1
2338124,1,0,0,0,0,0,1
2339275,1,1,1,1,0,0,1
2340084,1,1,1,0,0,0,1
2340229,1,1,1,0,0,0,1
2340559,1,1,1,1,0,0,1
2340624,1,0,0,0,0,0,1
2340745,0,0,0,0,0,0,1
2341315,1,0,0,0,0,0,1
2341694,1,1,1,1,0,0,1
2341979,1,1,1,1,0,0,1
2341981,1,1,1,0,0,0,1
2342833,1,1,1,1,0,0,0
2342900,1,1,1,1,0,0,1
2343019,1,1,1,1,0,0,1
2343038,1,1,1,1,0,0,1
2343041,1,1,1,0,0,0,1
2343078,0,0,0,0,0,0,1
2343313,1,0,0,0,0,0,1
2343912,1,1,1,1,0,0,0
2344003,1,1,1,1,0,0,1
2344021,1,1,0,0,0,0,1
2344025,1,1,0,0,0,0,1
2344828,1,1,1,0,0,0,1
2345160,0,0,0,0,0,0,1
2345590,1,1,1,1,0,0,1
2345755,1,1,1,1,0,0,1
2345824,1,1,1,1,0,0,1
2346225,1,1,1,0,0,0,1
2346316,1,1,1,0,0,0,1
2346341,1,1,1,1,0,0,1
2346358,1,1,1,1,0,0,1
2346715,1,1,1,1,0,0,1
2346904,1,1,1,1,0,0,1
2346970,1,0,0,0,0,0,1
2347473,1,1,1,0,0,0,1
2348040,1,1,1,1,0,0,1
2348182,1,1,1,0,0,0,1
2348419,1,1,1,1,0,0,1
2348677,1,1,1,1,0,0,1
2349109,1,1,1,1,0,0,1
2349295,1,1,1,1,0,0,1
2349796,1,1,1,1,0,0,1
2349839,1,0,0,0,0,0,1
2349906,1,1,1,1,0,0,1
2350192,0,0,0,0,0,0,1
2350233,1,1,1,1,0,0,1
2350880,0,0,0,0,0,0,1
2351280,1,1,1,1,0,0,1
2351397,1,1,1,0,0,0,1
2351632,0,0,0,0,0,0,1
2351941,0,0,0,0,0,0,1
2351945,1,1,1,1,0,0,1
2352199,1,1,1,0,0,0,1
2353417,1,1,1,0,0,0,1
2353655,1,1,1,0,0,0,1
2354224,1,1,1,0,0,0,1
2354389,1,1,1,1,0,0,1
2354821,1,1,1,0,0,0,1
2354935,1,1,1,0,0,0,1
2355553,1,1,1,1,0,0,1
2356388,1,1,1,0,0,0,1
2356699,1,1,1,0,0,0,1
2356813,1,1,1,1,0,0,1
2356837,1,1,1,1,0,0,1
2357046,1,1,1,0,0,0,0
2357525,1,1,1,1,0,0,1
2357541,1,1,1,1,0,0,1
2357611,1,1,1,1,0,0,1
2357676,1,1,1,1,0,0,1
2358012,1,1,1,0,0,0,0
2358441,1,1,1,1,0,0,1
2358504,1,1,1,1,0,0,1
2358527,1,0,0,0,0,0,1
2359148,1,1,1,0,0,0,1
2359527,1,1,1,0,0,0,1
2359884,1,0,0,0,0,0,1
2359996,1,1,1,0,0,0,1
2360449,1,1,1,0,0,0,1
2360593,1,1,1,1,0,0,1
2361021,0,0,0,0,0,0,1
2361349,1,0,0,0,0,0,1
2361563,1,1,1,0,0,0,1
2361700,1,1,1,0,0,0,1
2361744,0,0,0,0,0,0,1
2362080,1,1,1,1,0,0,1
2362288,1,0,0,0,0,0,1
2362697,1,0,0,0,0,0,1
2362908,1,1,1,1,0,0,1
2363188,1,1,1,1,0,0,1
2363329,1,1,1,0,0,0,1
2363544,1,0,0,0,0,0,1
2364162,1,1,1,1,0,0,0
2364424,1,0,0,0,0,0,1
2364994,1,1,1,1,0,0,1
2365208,1,1,1,1,0,0,1
2365224,1,1,1,1,0,0,1
2365461,1,1,1,1,0,0,1
2365698,1,1,1,1,0,0,1
2366173,1,1,1,1,0,0,1
2366893,1,1,1,1,0,0,1
2366912,1,1,1,1,0,0,1
2367773,1,1,1,1,0,0,1
2368296,1,1,1,0,0,0,1
2368340,0,0,0,0,0,0,1
2368695,1,1,1,1,0,0,0
2368837,1,1,1,0,0,0,1
2369117,1,1,1,1,0,0,1
2369161,0,0,0,0,0,0,1
2369276,1,1,1,1,0,0,1
2369707,1,0,0,0,0,0,1
2369965,1,0,0,0,0,0,1
2370397,1,1,1,1,0,0,1
2371132,1,1,1,0,0,0,1
2371204,1,1,1,1,0,0,1
2371297,1,0,0,0,0,0,1
2371531,1,1,1,1,0,0,1
2371840,1,0,0,0,0,0,1
2372024,1,0,0,0,0,0,1
2372265,1,0,0,0,0,0,1
2372544,1,0,0,0,0,0,1
2372637,1,1,1,0,0,0,1
2372708,1,1,1,1,0,0,1
2372822,1,1,1,1,0,0,0
2373296,1,0,0,0,0,0,1
2373559,1,1,1,1,0,0,1
2373913,1,1,1,0,0,0,1
2374148,1,1,1,1,0,0,1
2374773,1,1,1,0,0,0,1
2375028,1,1,1,1,0,0,1
2375389,1,0,0,0,0,0,1
2375696,1,1,1,1,0,0,1
2375737,1,1,1,0,0,0,1
2375924,1,0,0,0,0,0,1
2376620,1,0,0,0,0,0,1
2377217,1,1,1,1,0,0,1
2378269,1,1,1,1,0,0,1
2378284,1,1,1,1,0,0,1
2378880,1,0,0,0,0,0,1
2379478,1,1,1,1,0,0,1
2379741,1,1,1,1,0,0,1
2379972,1,1,1,0,0,0,1
2379974,0,0,0,0,0,0,1
2380161,0,0,0,0,0,0,1
2380444,1,1,1,1,0,0,1
2380462,1,0,0,0,0,0,1
2380552,1,0,0,0,0,0,1
2380649,1,0,0,0,0,0,1
2380691,1,1,1,0,0,0,0
2381672,1,1,1,1,0,0,1
2381789,1,1,1,1,0,0,1
2382383,0,0,0,0,0,0,1
2382881,1,1,1,1,0,0,0
2383025,1,1,1,1,0,0,1
2383088,1,1,1,1,0,0,1
2383136,1,1,1,1,0,0,1
2383298,1,1,1,1,0,0,1
2383365,1,0,0,0,0,0,1
2383864,1,1,1,1,0,0,1
2384388,0,0,0,0,0,0,1
2384985,1,1,1,1,0,0,1
2385441,1,1,1,1,0,0,1
2385485,0,0,0,0,0,0,1
2386052,1,1,1,1,0,0,1
2386074,1,1,1,0,0,0,1
2386477,1,1,1,1,0,0,1
2386597,1,1,1,0,0,0,1
2387813,1,1,1,1,0,0,1
2389249,1,1,1,1,0,0,1
2389364,1,1,1,1,0,0,1
2389531,1,1,1,0,0,0,0
2390078,1,1,1,1,0,0,1
2390288,1,1,1,1,0,0,1
2390292,1,1,1,1,0,0,0
2390621,1,1,1,0,0,0,1
2391020,1,1,1,1,0,0,1
2391093,1,0,0,0,0,0,1
2391564,0,0,0,0,0,0,1
2392952,1,1,1,1,0,0,1
2393984,1,1,1,0,0,0,1
2394216,1,1,1,1,0,0,1
2394361,1,1,1,1,1,1,0
2394856,1,0,0,0,0,0,1
2396413,1,1,1,1,0,0,0
2396699,1,1,1,0,0,0,0
2396701,1,1,1,1,0,0,1
2397144,1,1,1,1,0,0,1
2397238,1,1,1,1,0,0,0
2397240,1,1,1,0,0,0,1
2397877,1,1,1,1,0,0,1
2397994,1,1,1,1,0,0,1
2398089,1,1,1,1,0,0,1
2398634,1,0,0,0,0,0,1
2399017,1,0,0,0,0,0,1
2399610,1,1,1,1,0,0,1
2399633,1,0,0,0,0,0,1
2399914,0,0,0,0,0,0,1
2402887,1,1,1,1,0,0,1
2404320,1,1,1,0,0,0,0
2404416,1,1,1,1,0,0,0
2404530,1,1,1,1,0,0,1
2405053,0,0,0,0,0,0,0
2405144,1,1,1,1,0,0,1
2406388,1,1,1,1,0,0,1
2406821,1,1,1,1,0,0,0
2406884,1,0,0,0,0,0,1
2406929,1,1,1,1,0,0,1
2407692,1,1,1,1,0,0,1
2408386,1,1,1,1,0,0,1
2408913,1,1,1,1,0,0,1
2409145,1,1,1,1,0,0,1
2409745,1,1,1,1,0,0,1
2410051,1,1,1,0,0,0,0
2410189,1,1,1,0,0,0,1
2410233,0,0,0,0,0,0,1
2410350,1,1,1,0,0,0,1
2411379,1,1,1,0,0,0,1
2411568,1,1,1,1,0,0,0
2411776,1,1,1,1,0,0,1
2413476,1,1,1,0,0,0,1
2413477,1,1,1,1,0,0,1
2414214,1,1,1,1,0,0,1
2414403,1,1,1,0,0,0,1
2415815,1,0,0,0,0,0,1
2416555,1,1,1,0,0,0,1
2416913,1,1,1,1,0,0,0
2417147,1,1,1,0,0,0,1
2417433,1,0,0,0,0,0,1
2418171,0,0,0,0,0,0,1
2418526,1,1,1,0,0,0,1
2418619,0,0,0,0,0,0,1
2418663,0,0,0,0,0,0,1
2418732,1,1,1,0,0,0,0
2418821,0,0,0,0,0,0,1
2419082,1,0,0,0,0,0,1
2419413,1,0,0,0,0,0,1
2419457,0,0,0,0,0,0,1
2420101,1,0,0,0,0,0,1
2420624,0,0,0,0,0,0,0
2420816,1,1,1,0,0,0,1
2421100,0,0,0,0,0,0,1
2421452,1,1,0,0,0,0,1
2421789,1,1,1,0,0,0,1
2421853,1,1,1,0,0,0,1
2422092,1,1,1,0,0,0,1
2422425,1,0,0,0,0,0,1
2423645,1,1,1,1,0,0,1
2424481,1,1,1,0,0,0,1
2424905,1,1,1,0,0,0,1
2425380,1,1,1,0,0,0,1
2425712,0,0,0,0,0,0,1
2425807,1,1,1,0,0,0,0
2426069,1,1,1,1,0,0,1
2426230,1,1,0,0,0,0,0
2426680,1,0,0,0,0,0,1
2426703,1,1,1,1,0,0,1
2426914,1,0,0,0,0,0,1
2427702,1,0,0,0,0,0,1
2427749,1,1,1,1,0,0,1
2427839,1,1,1,1,0,0,1
2428216,1,1,1,1,0,0,1
2428500,0,0,0,0,0,0,1
2428521,1,1,1,1,0,0,1
2428737,1,0,0,0,0,0,1
2428874,1,0,0,0,0,0,1
2428895,0,0,0,0,0,0,1
2429228,1,1,1,0,0,0,0
2429297,1,0,0,0,0,0,1
2429458,1,0,0,0,0,0,1
2430150,1,1,1,0,0,0,1
2430193,1,1,1,1,0,0,1
2431436,1,1,1,1,0,0,1
2431577,1,1,1,0,0,0,1
2431673,1,1,1,1,0,0,1
2431717,0,0,0,0,0,0,1
2432140,1,1,1,0,0,0,1
2432377,1,1,1,0,0,0,1
2432398,1,1,1,1,0,0,1
2433112,1,1,1,1,0,0,1
2433135,1,1,1,1,0,0,1
2433249,1,1,1,1,0,0,1
2433417,1,1,1,0,0,0,1
2433746,1,1,1,0,0,0,1
2434244,1,0,0,0,0,0,1
2434317,1,1,1,1,0,0,1
2434429,1,1,1,1,0,0,1
2435193,1,1,1,0,0,0,1
2435239,1,1,1,0,0,0,1
2436364,1,1,1,0,0,0,0
2436385,1,1,1,1,0,0,1
2436760,1,1,1,1,0,0,1
2436853,1,1,1,0,0,0,1
2437401,1,0,0,0,0,0,1
2437828,1,1,1,1,0,0,1
2437833,1,1,1,1,0,0,1
2438015,1,1,1,1,0,0,1
2438469,1,0,0,0,0,0,1
2438920,1,1,1,1,0,0,1
2439013,1,0,0,0,0,0,1
2439581,1,1,1,1,0,0,1
2440252,1,1,1,0,0,0,1
2440679,1,1,1,0,0,0,1
2440793,1,1,1,1,0,0,1
2440886,0,0,0,0,0,0,0
2441145,1,0,0,0,0,0,1
2441337,1,1,1,1,0,0,1
2441764,1,1,1,1,0,0,1
2442526,1,1,1,1,0,0,1
2443819,1,1,1,1,0,0,1
2444559,1,1,1,0,0,0,1
2444984,0,0,0,0,0,0,0
2445079,1,0,0,0,0,0,1
2445146,1,1,1,1,0,0,1
2445838,0,0,0,0,0,0,1
2446817,1,1,1,1,0,0,1
2447556,1,1,1,1,0,0,1
2448296,1,0,0,0,0,0,1
2448513,1,0,0,0,0,0,0
2448652,1,1,1,1,0,0,1
2449917,1,1,1,1,0,0,1
2449920,1,1,1,1,0,0,1
2450799,1,1,1,1,0,0,1
2450864,1,1,1,0,0,0,1
2451177,1,1,1,1,0,0,1
2451460,1,1,1,1,0,0,1
2452340,1,1,1,1,0,0,1
2452794,1,1,1,1,0,0,1
2453631,1,1,1,1,0,0,1
2454848,1,1,1,1,0,0,1
2455352,1,1,1,1,0,0,1
2456713,1,1,1,1,0,0,1
2456735,1,1,1,1,0,0,1
2458365,1,1,1,1,0,0,0
2458981,1,1,1,1,0,0,1
2459460,1,1,1,0,0,0,1
2459982,1,1,1,0,0,0,0
2460269,1,1,1,1,0,0,1
2460480,1,1,1,1,0,0,1
2460523,1,1,1,1,0,0,1
2461214,1,1,1,0,0,0,1
2461357,0,0,0,0,0,0,1
2461565,1,1,1,1,0,0,1
2461829,0,0,0,0,0,0,1
2461848,1,1,1,0,0,0,1
2462008,1,1,1,0,0,0,0
2462269,1,1,1,1,0,0,1
2462672,1,0,0,0,0,0,1
2462861,1,0,0,0,0,0,1
2463052,1,1,1,1,0,0,1
2463550,1,1,1,1,0,0,1
2464124,1,1,1,0,0,0,1
2464812,1,1,1,1,0,0,1
2465841,1,1,1,1,0,0,1
2465886,1,1,1,0,0,0,1
2467321,1,1,1,1,0,0,1
2467510,1,1,1,0,0,0,1
2467675,1,1,1,1,0,0,0
2468725,1,1,1,0,0,0,1
2468795,1,1,1,1,0,0,1
2468985,1,1,1,0,0,0,0
2469530,1,1,1,1,0,0,1
2469745,1,0,0,0,0,0,1
2470075,1,1,1,1,0,0,1
2470285,1,1,1,1,0,0,1
2470786,1,1,1,1,0,0,1
2471093,1,1,1,1,0,0,1
2471284,1,1,1,0,0,0,0
2471399,1,1,1,1,0,0,1
2471946,1,1,1,0,0,0,1
2471964,1,1,1,0,0,1,0
2472081,1,1,1,1,0,0,1
2472392,1,1,1,1,0,0,1
2472435,1,1,1,0,0,0,1
2472550,1,0,0,0,0,0,1
2472856,1,1,1,0,0,0,1
2472878,0,0,0,0,0,0,1
2473305,1,1,1,1,0,0,1
2473712,1,1,1,0,0,0,1
2473800,1,1,1,1,0,0,1
2474759,1,1,1,1,0,0,1
2475260,1,1,1,0,0,0,1
2475540,1,1,1,0,0,0,1
2476115,1,1,1,0,0,0,1
2476712,1,1,1,1,0,0,1
2476872,1,1,1,0,0,0,1
2476877,1,1,1,0,0,0,0
2477925,1,1,1,1,0,0,1
2478015,1,1,1,1,0,0,1
2478204,1,1,1,0,0,0,1
2478269,1,1,1,1,0,0,1
2478792,1,1,1,0,0,0,1
2479056,1,1,1,0,0,0,1
2479075,1,1,1,1,0,0,1
2479888,0,0,0,0,0,0,1
2480026,1,1,1,1,0,0,0
2480093,1,1,1,1,0,0,1
2480237,1,1,1,1,0,0,1
2480447,1,1,1,1,0,0,1
2480491,0,0,0,0,0,0,1
2480584,1,1,1,0,0,0,1
2480721,1,0,0,0,0,0,1
2480912,0,0,0,0,0,0,1
2482369,1,1,1,1,0,0,1
2482559,1,1,1,0,0,0,1
2482725,1,1,1,1,0,0,1
2482934,1,1,1,1,0,0,1
2482978,0,0,0,0,0,0,1
2483095,1,0,0,0,0,0,1
2484097,1,1,1,1,0,0,1
2484861,1,1,1,1,0,0,1
2484906,1,1,1,1,0,0,1
2484907,1,1,1,1,0,0,1
2485212,1,1,1,0,0,0,1
2485228,1,1,1,1,0,0,1
2485272,0,0,0,0,0,0,1
2485294,1,0,0,0,0,0,1
2485365,1,1,1,1,0,0,1
2485527,1,0,0,0,0,0,1
2486097,1,1,1,1,0,0,1
2486336,1,1,1,0,0,0,1
2486810,1,1,1,1,0,0,1
2489041,1,1,1,1,0,0,1
2489323,1,1,1,0,0,0,1
2489485,1,1,1,1,0,0,1
2490296,1,1,1,0,0,0,1
2490511,1,1,1,0,0,0,1
2491009,1,1,1,1,0,0,1
2491681,1,1,1,1,0,0,1
2491915,1,1,1,1,0,0,1
2492748,1,1,1,0,0,0,1
2493417,1,1,1,1,0,0,1
2493488,1,1,1,1,0,0,1
2493532,0,0,0,0,0,0,1
2493692,1,1,1,1,0,0,1
2493978,0,0,0,0,0,0,0
2494117,1,1,1,1,0,0,1
2494476,1,1,1,0,0,0,1
2496031,1,1,1,1,0,0,1
2497564,1,1,1,1,0,0,1
2497966,1,1,1,1,0,0,1
2498105,1,1,1,0,0,0,1
2498248,1,1,1,1,0,0,1
2498700,1,0,0,0,0,0,1
2498841,1,1,1,1,0,0,0
2499001,1,1,1,0,0,0,1
2500631,1,1,1,0,0,0,1
2500864,1,0,0,0,0,0,0
2502017,1,1,1,1,0,0,1
2503977,1,1,1,1,0,0,1
2504021,0,0,0,0,0,0,1
2504024,1,1,1,1,0,0,1
2504420,1,1,1,1,0,0,1
2504464,0,0,0,0,0,0,1
2505085,1,1,1,1,0,0,1
2505130,1,1,1,1,0,0,0
2505272,1,1,1,1,0,0,1
2506586,1,1,1,1,0,0,1
2506941,1,1,1,1,0,0,1
2507803,1,1,1,1,0,0,0
2509193,1,1,1,0,0,0,0
2509280,1,1,1,1,0,0,1
2509878,1,1,1,0,0,0,1
2510933,1,1,1,0,0,0,1
2511046,1,1,1,1,0,0,1
2511427,1,1,1,0,0,0,1
2511444,1,1,1,1,0,0,1
2512280,1,1,1,1,0,0,1
2512448,1,1,1,1,0,0,0
2513428,1,0,0,0,0,0,1
2513567,1,1,1,1,0,0,1
2513777,1,1,1,1,0,0,1
2513916,1,1,1,0,0,0,1
2514274,1,1,1,0,0,0,1
2514317,1,0,0,0,0,0,1
2514699,1,0,0,0,0,0,1
2514701,1,1,1,0,0,0,1
2515197,0,0,0,0,0,0,1
2517084,1,1,1,1,0,0,1
2517089,1,1,1,0,0,0,1
2517199,1,1,1,1,0,0,1
2518129,1,1,1,1,0,0,1
2518604,1,1,1,0,0,0,1
2519445,1,1,1,1,0,0,1
2519534,1,1,1,0,0,0,1
2519792,1,1,1,1,0,0,1
2519837,1,1,1,1,0,0,1
2520072,0,0,0,0,0,0,1
2520116,0,0,0,0,0,0,1
2520572,1,1,1,0,0,0,0
2520900,1,1,1,1,0,0,1
2520972,0,0,0,0,0,0,1
2521377,1,0,0,0,0,0,1
2522065,1,1,1,0,0,0,1
2522688,1,1,1,1,0,0,1
2522925,1,1,1,1,0,0,1
2522969,0,0,0,0,0,0,1
2523732,1,1,1,1,0,0,1
2524037,1,0,0,0,0,0,1
2524178,1,1,1,1,0,0,1
2524343,1,1,1,0,0,0,0
2524505,0,0,0,0,0,0,1
2525389,1,0,0,0,0,0,1
2526420,1,1,1,1,0,0,1
2526871,1,1,1,1,0,0,1
2526914,1,1,1,0,0,0,1
2527080,1,0,0,0,0,0,1
2528056,1,1,1,1,0,0,0
2528102,1,1,1,1,0,0,1
2529397,1,1,1,1,0,0,1
2529751,1,1,1,1,0,0,1
2529772,1,1,1,1,0,0,1
2530775,1,1,1,0,0,0,1
2530816,1,1,1,1,1,1,0
2531148,0,0,0,0,0,0,1
2531505,1,1,1,1,0,0,1
2531721,1,1,1,1,0,0,1
2532336,1,1,1,0,0,0,1
2532765,1,1,1,1,0,0,1
2534157,1,1,1,1,0,0,1
2534295,1,1,1,1,0,0,1
2534625,1,1,1,1,0,0,1
2534764,1,1,1,1,0,0,1
2535266,1,1,1,1,0,0,0
2535623,1,0,0,0,0,0,1
2535787,0,0,0,0,0,0,1
2535953,1,1,1,1,0,0,1
2536065,1,1,1,1,0,0,1
2536350,1,1,1,0,0,0,1
2536752,1,1,1,1,0,0,1
2536920,1,1,1,1,0,0,0
2537037,1,1,1,1,0,0,1
2537365,1,1,1,1,0,0,1
2537409,0,0,0,0,0,0,1
2537793,1,1,1,1,0,0,1
2537979,1,1,1,1,0,0,1
2538120,1,1,1,1,0,0,1
2538448,1,1,1,1,0,0,1
2538493,1,1,1,1,0,0,1
2539211,1,1,1,1,0,0,1
2539232,1,1,1,1,0,0,1
2539704,1,1,1,0,0,0,1
2539705,1,1,1,1,0,0,1
2539707,1,0,0,0,0,0,1
2539742,1,1,1,1,0,0,1
2540147,0,0,0,0,0,0,1
2540191,0,0,0,0,0,0,1
2540306,1,0,0,0,0,0,1
2540373,1,0,0,0,0,0,1
2540444,1,1,1,0,0,0,1
2540488,0,0,0,0,0,0,1
2541154,1,1,1,1,0,0,1
2541296,1,1,1,0,0,0,1
2541457,1,1,1,0,0,0,1
2541767,1,1,1,1,0,0,1
2541880,1,0,0,0,0,0,1
2541976,1,0,0,0,0,0,1
2542618,1,1,1,1,0,0,1
2542688,1,1,1,1,0,0,1
2542899,1,1,1,1,0,0,1
2543348,1,0,0,0,0,0,1
2544857,1,1,1,1,0,0,1
2544905,1,1,1,1,0,0,0
2545618,1,1,1,1,0,0,1
2546500,1,1,1,1,0,0,1
2547869,1,1,1,1,0,0,1
2548054,1,1,1,1,0,0,1
2548240,1,1,1,0,0,0,1
2549844,1,1,1,1,0,0,1
2549868,1,1,1,0,0,0,0
2550033,1,1,1,1,0,0,1
2550049,1,1,1,1,0,0,1
2550071,1,1,1,1,0,0,0
2550089,0,0,0,0,0,0,1
2550180,0,0,0,0,0,0,1
2550757,1,1,1,1,0,0,1
2551112,1,1,1,1,0,0,1
2551202,1,1,1,1,0,0,1
2551369,1,1,1,1,0,0,1
2551576,1,1,1,0,0,0,1
2552652,1,1,1,1,0,0,1
2553392,1,1,1,1,0,0,1
2553414,1,1,1,0,0,0,1
2553416,1,1,1,0,0,0,1
2553453,1,1,1,1,0,0,1
2554075,1,1,1,1,0,0,1
2554264,1,1,1,1,0,0,1
2554669,1,1,1,1,0,0,1
2554828,1,1,1,1,0,0,1
2555041,1,1,1,1,0,0,1
2555112,1,1,1,1,0,0,1
2556068,1,1,1,0,0,0,1
2556231,1,1,1,1,0,0,1
2556565,1,1,1,1,0,0,1
2556871,1,1,1,1,0,0,1
2557178,1,1,1,0,0,0,1
2558637,1,1,1,1,0,0,1
2559837,1,1,1,1,0,0,1
2560262,1,1,1,0,0,0,1
2560571,1,1,1,1,0,0,1
2561553,1,1,1,1,0,0,1
2562000,1,1,1,1,0,0,0
2562287,1,1,1,0,0,0,1
2562474,1,1,1,1,0,0,1
2562493,1,1,1,1,0,0,1
2562636,1,1,1,1,0,0,1
2562772,1,1,1,1,0,0,1
2563156,1,0,0,0,0,0,1
2564301,1,1,1,0,0,0,1
2566101,1,1,1,1,0,0,1
2566405,1,1,1,1,0,0,1
2566547,1,1,1,0,0,0,1
2567214,1,1,1,1,0,0,1
2567449,1,1,1,1,0,0,1
2569800,1,1,1,1,0,0,1
2569960,1,1,1,1,0,0,0
2570534,1,1,1,1,0,0,1
2573149,1,1,1,0,0,0,1
2573743,0,0,0,0,0,0,0
2573744,1,1,1,0,0,0,1
2573828,1,1,1,1,0,0,1
2574641,1,1,1,1,0,0,0
2575044,1,1,1,1,0,0,1
2576218,1,1,1,1,0,0,1
2578328,1,1,1,0,0,0,1
2578849,1,1,1,0,0,0,1
2579613,1,0,0,0,0,0,1
2580333,1,1,1,0,0,0,0
2580927,1,1,1,0,0,0,0
2581069,1,1,1,1,0,0,1
2581613,1,1,1,1,0,0,1
2582021,1,1,1,1,0,0,1
2582228,0,0,0,0,0,0,0
2582876,1,1,1,1,0,0,1
2583085,1,1,1,1,0,0,1
2583394,1,1,1,1,0,0,0
2583438,0,0,0,0,0,0,1
2583696,1,1,1,1,0,0,1
2583744,1,1,1,1,0,0,1
2584029,1,1,1,0,0,0,1
2584312,1,0,0,0,0,0,1
2584329,1,1,1,1,0,0,1
2584590,1,1,1,1,0,0,1
2585232,1,1,1,1,0,0,1
2586813,1,1,1,1,0,0,1
2587770,1,1,1,1,0,0,1
2588079,1,1,1,0,0,0,0
2588121,1,1,1,1,0,0,1
2588430,1,0,0,0,0,0,1
2588473,0,0,0,0,0,0,1
2588564,1,1,1,1,0,0,1
2588849,1,0,0,0,0,0,1
2588918,1,0,0,0,0,0,1
2589297,0,0,0,0,0,0,1
2589342,0,0,0,0,0,0,1
2589912,1,1,1,1,0,0,1
2590008,1,1,1,1,0,0,1
2590098,1,1,1,1,0,0,1
2591177,1,1,1,0,0,0,0
2591577,1,1,1,1,0,0,1
2591984,1,1,1,1,0,0,1
2592026,1,1,1,1,0,0,1
2592188,1,1,1,1,0,0,1
2592233,1,0,0,0,0,0,1
2592784,1,1,1,1,0,0,1
2593424,1,1,1,1,0,0,1
2594046,1,1,1,0,0,0,1
2594885,1,1,1,1,0,0,1
2594973,1,1,1,1,0,0,1
2595211,1,1,1,1,0,0,0
2595228,1,1,1,1,0,0,1
2595731,1,0,0,0,0,0,1
2595921,1,1,1,1,0,0,1
2595964,1,1,1,0,0,0,1
2596053,1,1,1,1,0,0,1
2596481,1,0,0,0,0,0,1
2596912,1,0,0,0,0,0,1
2599812,1,1,1,1,0,0,1
2600216,1,0,0,0,0,0,1
2601173,1,1,1,1,0,0,1
2601214,1,1,1,1,0,0,0
2601789,1,0,0,0,0,0,1
2601856,1,1,1,1,0,0,1
2602400,1,1,1,1,0,0,0
2602449,1,1,0,0,0,0,1
2602493,0,0,0,0,0,0,1
2602895,1,1,1,1,0,0,0
2603133,1,0,0,0,0,0,1
2603652,1,1,1,1,0,0,1
2603653,1,1,1,1,0,0,0
2604127,1,1,1,1,0,0,1
2604362,1,1,1,1,0,0,1
2604649,1,1,1,1,0,0,1
2604692,1,1,1,1,0,0,1
2605335,1,1,1,1,0,0,1
2605521,1,1,1,1,0,0,1
2605664,1,1,1,1,0,0,1
2605948,0,0,0,0,0,0,1
2606663,1,1,1,1,0,0,1
2607449,1,1,1,1,0,0,1
2608381,1,1,1,1,0,0,1
2608835,1,1,1,1,0,0,1
2609024,1,1,1,0,0,0,1
2609258,1,1,1,0,0,0,1
2609760,1,1,1,0,0,0,1
2610808,1,1,0,0,0,0,0
2610811,1,1,1,1,0,0,1
2610922,1,1,1,1,0,0,1
2611710,1,1,1,1,0,0,1
2611753,1,1,1,1,0,0,1
2611801,1,0,0,0,0,0,0
2612201,0,0,0,0,0,0,1
2612629,1,0,0,0,0,0,1
2612651,1,1,1,1,0,0,1
2613126,1,1,1,1,0,0,1
2613749,1,1,1,1,0,0,1
2613956,1,1,1,1,0,0,1
2614485,1,1,1,0,0,0,1
2615031,1,1,1,1,0,0,1
2615096,1,1,1,1,0,0,1
2615836,1,1,1,1,0,0,1
2615859,1,1,1,1,0,0,1
2616575,1,1,1,1,0,0,1
2616881,1,1,1,1,0,0,1
2616904,1,1,1,1,0,0,0
2617186,1,1,1,1,0,0,1
2617324,1,1,1,1,0,0,1
2617369,1,0,0,0,0,0,1
2617700,0,0,0,0,0,0,1
2617913,1,0,0,0,0,0,1
2618007,1,1,1,0,0,0,1
2618026,1,1,1,0,0,0,1
2618047,0,0,0,0,0,0,1
2618907,1,1,1,1,0,0,1
2619117,1,1,1,1,0,0,1
2620532,1,1,1,1,0,0,1
2620551,1,1,1,1,0,0,1
2620572,0,0,0,0,0,0,1
2620785,1,1,1,1,0,0,1
2620829,0,0,0,0,0,0,1
2622287,1,1,1,1,0,0,1
2622620,1,1,1,1,0,0,1
2622685,1,1,1,1,0,0,1
2623620,1,1,0,0,0,0,1
2624239,1,1,1,1,0,0,1
2624856,1,1,1,1,0,0,0
2625190,1,1,1,1,0,0,0
2625688,1,1,1,0,0,0,1
2626621,1,1,1,1,0,0,1
2626712,1,1,0,0,0,0,1
2626761,1,1,1,0,0,0,1
2627068,1,1,1,1,0,0,1
2627665,1,1,0,0,0,0,1
2628497,1,1,1,1,0,0,1
2628567,1,1,1,1,0,0,1
2629835,1,1,1,0,0,0,1
2629836,1,1,1,0,0,0,1
2629944,1,1,1,1,0,0,1
2630396,1,0,0,0,0,0,1
2630611,1,1,1,1,0,0,1
2630632,1,1,0,0,0,0,1
2630937,1,1,1,1,0,0,1
2631580,1,1,1,1,0,0,1
2632346,1,1,1,0,0,0,0
2633326,1,1,1,1,0,0,1
2633993,1,1,1,1,0,0,1
2634110,1,1,1,1,0,0,1
2634829,1,1,1,1,0,0,0
2635445,1,1,1,1,0,0,1
2635802,1,1,1,1,0,0,1
2635940,1,1,1,1,0,0,1
2636036,1,1,1,0,0,0,1
2636511,1,1,1,0,0,0,1
2637204,1,1,1,1,0,0,1
2637585,1,1,1,0,0,0,1
2637987,1,1,1,1,0,0,1
2638006,1,1,1,1,0,0,1
2638795,1,1,0,0,0,0,1
2639245,1,1,1,1,0,0,1
2639603,1,0,0,0,0,0,1
2639692,1,1,1,1,0,0,1
2639693,1,0,0,0,0,0,1
2640380,1,1,0,0,0,0,1
2640498,1,1,1,0,0,0,1
2641215,1,1,1,1,0,0,1
2641691,1,0,0,0,0,0,1
2642045,1,1,1,1,0,0,1
2642328,1,1,1,1,0,0,1
2642641,1,1,1,1,0,0,1
2642660,1,1,1,0,0,0,1
2642726,1,1,1,1,0,0,1
2643301,1,0,0,0,0,0,1
2643440,1,0,0,0,0,0,1
2643627,1,1,1,1,0,0,1
2643837,1,1,1,1,0,0,1
2643860,0,0,0,0,0,0,1
2644599,1,1,1,0,0,0,1
2644692,1,1,1,0,0,0,1
2644780,1,1,1,0,0,0,1
2645379,1,1,1,0,0,0,1
2645924,1,1,1,0,0,0,1
2646281,1,1,1,0,0,0,1
2646854,1,1,1,0,0,0,1
2647428,1,1,1,0,0,0,1
2647637,1,0,0,0,0,0,1
2647656,1,1,1,0,0,0,1
2649433,1,1,1,1,0,0,1
2649448,1,1,1,0,0,0,1
2650144,1,1,1,1,0,0,1
2650304,1,0,0,0,0,0,1
2650854,1,1,1,0,0,0,1
2651045,1,1,1,0,0,0,1
2651544,1,1,1,0,0,0,1
2651968,1,1,1,0,0,0,1
2652161,1,1,1,0,0,0,1
2652469,0,0,0,0,0,0,1
2652535,1,1,1,1,0,0,0
2652744,1,1,0,0,0,0,1
2654180,1,1,1,1,0,0,1
2654801,1,1,1,0,0,0,0
2654964,1,1,0,0,0,0,1
2655273,1,0,0,0,0,0,1
2655414,1,1,1,0,0,0,1
2655648,1,1,0,0,0,0,1
2655745,1,1,1,0,0,0,1
2656389,1,1,0,0,0,0,1
2657461,1,1,1,0,0,0,1
2657465,1,1,1,1,0,0,1
2658173,1,1,1,0,0,0,1
2658217,0,0,0,0,0,0,1
2658696,1,1,1,0,0,0,0
2658808,1,1,1,0,0,0,1
2659070,1,1,1,0,0,0,1
2659073,1,1,1,0,0,0,1
2659277,1,1,0,0,0,0,1
2659491,1,1,1,1,0,0,1
2660493,1,1,1,0,0,0,1
2661330,1,1,1,1,0,0,1
2662193,1,1,1,0,0,0,1
2662499,1,1,1,1,0,0,1
2662565,1,1,1,1,0,0,1
2662802,1,0,0,0,0,0,1
2663036,1,1,1,0,0,0,1
2663085,1,1,1,0,0,0,1
2663175,1,1,1,1,0,0,1
2663578,1,1,1,0,0,0,1
2664008,1,1,1,1,0,0,1
2664313,1,1,1,0,0,0,1
2664500,1,1,1,0,0,0,1
2665435,1,1,1,1,0,0,1
2665529,1,1,1,0,0,0,1
2665880,1,1,1,1,0,0,1
2665950,1,1,1,1,0,0,1
2666376,0,0,0,0,0,0,1
2666613,1,1,1,1,0,0,1
2668076,1,1,1,0,0,0,1
2668120,0,0,0,0,0,0,1
2668448,1,1,1,0,0,0,1
2669696,1,1,1,1,0,0,1
2669738,1,1,1,0,0,0,1
2669853,1,1,1,1,0,0,1
2670688,1,1,1,0,0,0,1
2670856,1,1,1,1,0,0,1
2670946,1,1,1,1,0,0,1
2671589,1,1,1,1,0,0,1
2671804,1,1,1,0,0,0,1
2672349,1,1,1,0,0,0,1
2672350,1,1,1,1,0,0,1
2672583,1,1,1,1,0,0,0
2672677,1,1,1,1,0,0,0
2673652,1,1,1,0,0,0,1
2674180,1,1,1,1,0,0,1
2674273,1,1,1,1,0,0,1
2674480,1,1,1,0,0,0,1
2674599,1,1,1,1,0,0,1
2674856,0,0,0,0,0,0,1
2675237,1,1,1,1,0,0,1
2675928,1,1,1,1,0,0,1
2676143,1,1,1,1,0,0,1
2677000,1,1,1,1,0,0,1
2677265,1,1,1,1,0,0,1
2678029,1,1,1,0,0,0,1
2678621,1,1,1,1,0,0,1
2678667,1,1,1,1,0,0,1
2679502,1,1,1,1,0,0,0
2679521,1,1,1,1,0,0,1
2679660,1,1,1,0,0,0,1
2680401,0,0,0,0,0,0,1
2680420,1,1,1,0,0,0,1
2680467,1,1,1,1,0,0,1
2681085,1,1,1,0,0,0,1
2681248,1,1,1,0,0,0,1
2681318,1,1,1,1,0,0,1
2681320,1,1,1,1,0,0,0
2681359,1,1,1,0,0,0,1
2682168,1,1,1,1,0,0,1
2682336,1,1,1,0,0,0,1
2682401,1,1,1,1,0,0,1
2682855,1,1,1,0,0,0,1
2683185,1,1,1,1,0,0,1
2683736,1,1,1,1,0,0,1
2683947,1,1,1,1,0,0,1
2684568,1,1,1,1,0,0,1
2684968,1,1,1,1,0,0,1
2685161,0,0,0,0,0,0,0
2685372,1,1,1,1,0,0,1
2686976,1,1,1,1,0,0,1
2688024,1,1,1,0,0,0,1
2688049,1,1,1,0,0,0,1
2688067,1,1,1,1,0,0,1
2688470,1,1,1,1,0,0,0
2688779,1,1,1,0,0,0,1
2688824,1,1,1,0,0,0,1
2689685,1,1,1,0,0,0,1
2690349,1,1,1,0,0,0,0
2690420,1,1,1,0,0,0,1
2691276,1,1,1,0,0,0,1
2692381,1,1,1,1,0,0,1
2692517,1,1,1,0,0,0,1
2694338,1,1,1,1,0,0,1
2694479,1,1,1,1,0,0,1
2694788,1,1,1,0,0,0,1
2695020,1,1,1,0,0,0,1
2695282,1,1,1,0,0,0,1
2695401,1,1,1,1,0,0,1
2695540,1,1,1,0,0,0,1
2696518,1,1,1,1,0,0,1
2697212,1,1,1,1,0,0,1
2697278,1,1,0,0,0,0,1
2698020,1,1,1,0,0,0,1
2698062,1,1,1,0,0,0,1
2698416,1,1,1,1,0,0,1
2699281,1,1,1,1,0,0,1
2699681,1,1,1,1,0,0,0
2700036,1,1,1,0,0,0,1
2700803,1,1,1,1,0,0,1
2700825,1,1,1,1,0,0,1
2701996,1,1,1,1,0,0,1
2702616,1,0,0,0,0,0,1
2702801,1,1,1,1,0,0,1
2702991,1,1,1,0,0,0,1
2703752,1,1,1,0,0,0,1
2703775,1,1,1,1,0,0,1
2704180,1,1,1,0,0,0,1
2704607,1,1,0,0,0,0,1
2705108,1,1,1,1,0,0,1
2705196,1,1,1,1,0,0,1
2705218,1,1,1,0,0,0,0
2705236,0,0,0,0,0,0,1
2705449,1,1,1,0,0,0,1
2705708,1,0,0,0,0,0,1
2705924,1,1,1,1,0,0,1
2706516,1,1,1,1,0,0,1
2706540,1,1,1,1,0,0,1
2706941,1,1,1,0,0,0,1
2706987,1,1,1,1,0,0,1
2707296,1,1,1,1,0,0,1
2707965,1,1,1,1,0,0,0
2708055,1,1,1,1,0,0,1
2708268,0,0,0,0,0,0,1
2708814,1,1,1,0,0,0,1
2708817,1,1,1,1,0,0,1
2709000,1,1,1,1,0,0,1
2709069,0,0,0,0,0,0,1
2709469,1,1,1,1,0,0,1
2709732,1,1,1,0,0,0,1
2709776,0,0,0,0,0,0,1
2709865,1,0,0,0,0,0,1
2710294,1,1,1,1,0,0,1
2710365,1,1,1,0,0,0,1
2710504,1,1,1,1,0,0,1
2711869,1,1,1,1,0,0,1
2713660,1,1,1,0,0,0,0
2714021,1,1,1,1,0,0,1
2714205,1,1,1,1,0,0,1
2715041,1,1,1,0,0,0,1
2715207,1,1,1,1,0,0,0
2715946,1,1,1,1,0,0,1
2715988,1,1,1,1,0,0,1
2716323,1,1,1,0,0,0,1
2716582,1,0,0,0,0,0,1
2716653,1,1,1,1,0,0,1
2717103,1,1,1,1,0,0,1
2717676,1,1,1,0,0,0,0
2717791,1,1,1,1,0,0,1
2717832,1,1,1,1,0,0,1
2718598,1,1,1,1,0,0,1
2718788,1,1,1,1,0,0,1
2719572,1,1,1,1,0,0,1
2719953,1,1,1,1,0,0,1
2720432,1,1,1,0,0,0,1
2720619,1,1,1,1,0,0,1
2721190,1,1,1,0,0,0,1
2721932,1,1,1,1,0,0,1
2721973,1,1,1,0,0,0,1
2722621,1,1,1,1,0,0,1
2722736,1,1,1,1,0,0,1
2722777,1,1,1,1,0,0,1
2723184,0,0,0,0,0,0,1
2723228,0,0,0,0,0,0,1
2723560,1,0,0,0,0,0,1
2724203,1,1,1,1,0,0,1
2724246,1,1,1,1,0,0,1
2724247,0,0,0,0,0,0,1
2724360,1,1,1,1,0,0,1
2724859,1,0,0,0,0,0,1
2724929,1,1,1,1,0,0,1
2724992,1,1,1,1,0,0,1
2725473,1,0,0,0,0,0,1
2725513,1,1,1,1,0,0,1
2726374,1,1,1,1,0,0,1
2727160,1,1,1,1,0,0,1
2727447,1,1,1,1,0,0,1
2728451,1,0,0,0,0,0,1
2728469,1,1,1,1,0,0,1
2728512,1,1,1,1,0,0,1
2728942,1,1,1,1,0,0,1
2729897,1,1,1,0,0,0,1
2729943,1,1,1,0,0,0,1
2730320,1,1,1,0,0,0,1
2730823,1,1,1,1,0,0,1
2731204,1,1,1,1,0,0,1
2731558,1,1,1,0,0,0,1
2731963,1,1,1,0,0,0,1
2732080,1,1,1,1,0,0,1
2732629,1,1,1,1,0,0,0
2733342,1,1,1,1,0,0,1
2733483,1,1,1,0,0,0,1
2733862,1,0,0,0,0,0,1
2733928,1,1,1,1,0,0,1
2734407,1,0,0,0,0,0,1
2734451,0,0,0,0,0,0,1
2734808,1,1,1,1,0,0,1
2734852,0,0,0,0,0,0,1
2735996,1,1,1,0,0,0,1
2736644,1,1,1,0,0,0,1
2736660,1,0,0,0,0,0,1
2737041,1,1,1,1,0,0,0
2737160,1,0,0,0,0,0,1
2737732,0,0,0,0,0,0,1
2737773,1,0,0,0,0,0,1
2737962,1,1,1,0,0,0,1
2738294,1,0,0,0,0,0,1
2739154,1,1,1,1,0,0,1
2739273,1,1,1,1,0,0,1
2739845,1,0,0,0,0,0,1
2740053,1,1,1,0,0,0,1
2740792,1,1,1,0,0,0,1
2740817,1,0,0,0,0,0,1
2740956,1,1,1,1,0,0,1
2741356,1,0,0,0,0,0,1
2741425,1,1,1,0,0,0,1
2741591,1,1,1,0,0,0,0
2742859,1,1,1,1,0,0,1
2743577,1,1,1,0,0,0,1
2743761,1,1,1,1,0,0,1
2744118,1,1,1,1,0,0,1
2744163,1,1,1,0,0,0,1
2744376,1,1,1,1,0,0,1
2744949,1,1,1,1,0,0,1
2744965,1,1,1,0,0,0,1
2745012,1,0,0,0,0,0,1
2745220,1,1,1,0,0,0,1
2746032,1,0,0,0,0,0,1
2746729,1,1,1,0,0,0,1
2747224,1,1,1,1,0,0,1
2747703,1,1,1,0,0,0,1
2747914,1,1,1,0,0,0,1
2747960,1,1,1,0,0,0,1
2748985,1,1,1,1,0,0,1
2749273,1,1,1,0,0,0,1
2749938,1,1,1,1,0,0,1
2750224,1,1,1,0,0,0,1
2750267,1,1,1,1,0,0,1
2750311,0,0,0,0,0,0,1
2750594,1,1,1,1,0,0,1
2750977,0,0,0,0,0,0,1
2751426,1,0,0,0,0,0,1
2751543,1,1,1,0,0,0,1
2751684,1,1,1,0,0,0,1
2752111,1,0,0,0,0,0,1
2752274,1,1,1,1,0,0,1
2752849,1,1,1,1,0,0,1
2753130,1,1,1,0,0,0,1
2753413,1,1,1,1,0,0,1
2754368,1,1,1,0,0,0,0
2754729,1,1,1,1,0,0,1
2756837,1,1,1,1,0,0,1
2757383,1,1,1,0,0,0,1
2758360,1,1,1,0,0,0,1
2758860,1,0,0,0,0,0,1
2758864,1,1,1,1,0,0,0
2759093,1,1,1,1,0,0,1
2759473,0,0,0,0,0,0,1
2759474,1,1,1,0,0,0,1
2759992,1,0,0,0,0,0,1
2760301,1,1,1,0,0,0,1
2760491,1,1,1,0,0,0,1
2760916,1,1,0,0,0,0,1
2762401,1,1,1,0,0,0,1
2762424,1,1,1,1,0,0,1
2762443,1,1,1,0,0,0,1
2762487,0,0,0,0,0,0,1
2762531,0,0,0,0,0,0,1
2763580,1,1,1,1,0,0,1
2763989,1,1,1,1,0,0,0
2764029,1,1,1,0,0,0,1
2764099,1,1,1,1,0,0,1
2764624,1,1,1,0,0,0,1
2764717,1,1,1,0,0,0,1
2764829,1,1,1,1,0,0,1
2765115,1,1,1,0,0,0,1
2766024,1,1,1,0,0,0,1
2766618,1,1,1,0,0,0,0
2766636,1,1,1,1,0,0,1
2766994,0,0,0,0,0,0,1
2767060,0,0,0,0,0,0,1
2768568,1,1,1,1,0,0,1
2769334,1,1,1,0,0,0,1
2769352,1,1,1,1,1,1,0
2769377,1,1,1,0,0,0,1
2770088,1,1,1,1,0,0,1
2770470,1,1,1,0,0,0,1
2770613,1,1,1,1,0,0,1
2771113,0,0,0,0,0,0,1
2771562,1,1,0,0,0,0,1
2771989,1,1,1,1,0,0,0
2772104,1,1,1,1,0,0,1
2772271,1,1,1,1,0,0,0
2772509,1,0,0,0,0,0,1
2772862,1,0,0,0,0,0,1
2773172,1,1,1,0,0,0,0
2773500,1,0,0,0,0,0,1
2773569,0,0,0,0,0,0,1
2773830,1,1,1,1,0,0,1
2773833,1,0,0,0,0,0,1
2774660,1,1,1,0,0,0,1
2774683,1,1,1,0,0,0,1
2774825,1,1,0,0,0,0,1
2775824,1,1,1,0,0,0,1
2775941,1,1,1,0,0,0,1
2776012,1,1,1,0,0,0,1
2776655,1,1,1,1,0,0,1
2776913,1,1,1,1,0,0,1
2777321,1,1,1,1,0,0,1
2777648,1,1,1,1,0,0,1
2777767,1,1,1,0,0,0,1
2777908,1,1,1,0,0,0,1
2779439,1,1,1,1,0,0,1
2779580,1,1,1,0,0,0,1
2780652,1,1,1,0,0,0,1
2780797,1,1,1,0,0,1,1
2780982,1,1,1,1,0,0,0
2781387,1,1,1,1,0,0,1
2782148,1,1,1,0,0,0,1
2782195,1,1,1,0,0,0,1
2782217,1,1,1,1,0,0,1
2782692,1,1,1,1,0,0,1
2782999,1,1,1,1,0,0,1
2783641,1,1,1,1,0,0,1
2784073,1,1,1,1,0,0,1
2784496,1,1,1,0,0,0,1
2784593,1,0,0,0,0,0,1
2785189,0,0,0,0,0,0,1
2785445,1,1,1,1,0,0,1
2786093,1,0,0,0,0,0,1
2786184,1,1,1,1,0,0,1
2786972,1,1,1,1,0,0,1
2787375,1,1,1,1,0,0,1
2787756,1,1,1,0,0,0,1
2788134,1,1,1,0,0,0,0
2788137,1,1,1,1,0,0,1
2788388,1,1,1,0,0,0,1
2788626,1,0,0,0,0,0,1
2788932,1,0,0,0,0,0,1
2789625,1,1,1,1,0,0,1
2789646,1,0,0,0,0,0,1
2790242,1,0,0,0,0,0,1
2790765,1,1,1,1,0,0,1
2790788,1,1,1,0,0,0,1
2790926,1,0,0,0,0,0,1
2790970,0,0,0,0,0,0,1
2791348,1,1,1,1,0,0,1
2791372,1,0,0,0,0,0,1
2792255,1,1,1,1,0,0,1
2792299,0,0,0,0,0,0,1
2792460,1,1,1,1,0,0,1
2792604,1,1,1,1,0,0,1
2793005,1,1,1,1,0,0,1
2793938,1,1,1,0,0,0,1
2794197,1,1,1,1,0,0,1
2794821,1,1,1,1,0,0,1
2795583,1,1,1,0,0,0,1
2795744,1,1,1,0,0,0,1
2796343,1,1,1,1,0,0,1
2796434,1,1,1,0,0,0,1
2797677,1,1,1,1,0,0,1
2798130,1,1,1,1,0,0,1
2798509,1,1,1,1,0,0,1
2798513,1,1,1,1,0,0,1
2798624,1,1,1,1,0,0,1
2799121,1,0,0,0,0,0,1
2799455,1,1,1,1,0,0,1
2802644,1,1,1,0,0,0,1
2802829,1,1,1,1,0,0,1
2802920,1,1,1,1,0,0,0
2803374,1,1,1,1,0,0,1
2803896,1,1,1,1,0,0,1
2803940,0,0,0,0,0,0,1
2804468,1,1,1,0,0,0,1
2805204,1,0,0,0,0,0,1
2805208,1,1,0,0,0,0,1
2805681,1,1,1,1,0,0,0
2806202,1,1,1,1,0,0,1
2806631,1,1,1,0,0,0,0
2807104,1,1,1,1,0,0,1
2809983,1,1,1,1,0,0,1
2810001,1,1,1,1,0,0,0
2810023,0,0,0,0,0,0,1
2810618,1,1,1,1,0,0,1
2811480,1,1,1,1,0,0,1
2812794,1,1,1,1,0,0,1
2812865,1,1,1,1,0,0,0
2813963,1,1,1,1,0,0,1
2814292,1,1,1,1,0,0,0
2814362,1,1,1,1,0,0,1
2815246,1,1,1,1,0,0,1
2816708,1,1,1,1,0,0,1
2816916,1,1,1,0,0,0,1
2817177,1,1,1,1,0,0,0
2817222,1,1,1,1,0,0,1
2817432,1,0,0,0,0,0,1
2817551,1,1,1,1,0,0,1
2817617,0,0,0,0,0,0,1
2817661,0,0,0,0,0,0,1
2817898,1,0,0,0,0,0,1
2817968,1,1,1,1,0,0,1
2818080,1,0,0,0,0,0,1
2818103,1,0,0,0,0,0,1
2818697,1,1,1,0,0,0,1
2819436,1,1,1,1,0,0,1
2819439,1,1,1,1,0,0,1
2820009,1,1,1,1,0,0,0
2820027,1,0,0,0,0,0,1
2820240,1,1,1,1,0,0,1
2820521,1,1,1,1,0,0,1
2820663,1,0,0,0,0,0,1
2820804,1,0,0,0,0,0,1
2820988,1,1,1,0,0,0,1
2821659,1,1,1,0,0,0,1
2822376,1,1,1,0,0,0,1
2822562,1,1,1,1,0,0,1
2822677,1,1,1,0,0,0,1
2823371,1,0,0,0,0,0,1
2823916,1,1,1,1,0,0,1
2824013,1,1,1,1,0,0,1
2824537,1,0,0,0,0,0,1
2824628,1,1,1,1,0,0,1
2824838,1,1,1,1,0,0,1
2824931,1,1,1,1,0,0,1
2825310,1,0,0,0,0,0,1
2825332,1,0,0,0,0,0,1
2825519,1,0,0,0,0,0,1
2825560,1,0,0,0,0,0,1
2825729,1,1,1,0,0,0,1
2826274,1,1,1,1,0,0,1
2826461,1,1,1,1,0,0,1
2827058,1,1,1,1,0,0,1
2827079,1,1,1,1,0,0,1
2827125,1,1,1,1,0,0,1
2827452,1,1,1,1,0,0,1
2830837,1,1,1,0,0,0,1
2830976,1,1,1,1,0,0,1
2831544,1,1,1,1,0,0,1
2831547,1,1,1,1,0,0,1
2831657,1,1,1,1,0,0,1
2833022,1,1,1,1,0,0,1
2833643,1,1,1,1,0,0,1
2834285,1,1,1,1,0,0,1
2834289,1,1,1,1,0,0,1
2835504,1,1,1,1,0,0,1
2838424,1,1,1,1,0,0,1
2838449,1,1,1,1,0,0,1
2838563,1,1,1,1,0,0,1
2838798,1,1,1,1,0,0,1
2839129,1,1,1,1,0,0,1
2839340,1,1,1,0,0,0,1
2839821,1,1,1,0,0,0,1
2840391,1,1,1,1,0,0,1
2840412,1,1,1,1,0,0,1
2841151,1,1,1,1,0,0,1
2841820,1,1,1,1,0,0,1
2842009,1,1,1,1,0,0,1
2842267,1,1,1,1,0,0,1
2843080,1,1,1,1,0,0,1
2843121,1,1,1,1,0,0,1
2843385,1,1,1,1,0,0,1
2843594,1,1,1,1,0,0,1
2844455,1,1,1,1,0,0,1
2844932,1,1,1,1,0,0,1
2845167,1,1,1,1,0,0,1
2845568,1,1,1,1,0,0,1
2845976,1,1,0,0,0,0,1
2846213,1,1,1,1,0,0,1
2846420,1,1,1,1,0,0,1
2846948,1,1,1,1,0,0,1
2847037,1,1,1,1,0,0,1
2847200,1,1,1,1,0,0,1
2847657,1,1,1,1,0,0,1
2848276,1,1,1,1,0,0,1
2848320,0,0,0,0,0,0,1
2848675,1,1,1,1,0,0,1
2849724,1,1,1,1,0,0,1
2849769,1,1,1,1,0,0,1
2850750,1,1,1,1,0,0,0
2851372,1,1,1,1,0,0,1
2852302,1,1,1,1,0,0,1
2853571,1,1,1,1,0,0,1
2854025,1,1,1,1,0,0,1
2854498,1,1,1,1,0,0,1
2855984,1,1,1,1,0,0,1
2856193,1,1,1,1,0,0,1
2856697,1,1,1,1,0,0,1
2856904,1,1,1,1,0,0,0
2856952,1,1,1,1,0,0,1
2857980,1,1,1,1,0,0,1
2858119,1,1,1,1,0,0,1
2858281,1,1,1,1,0,0,1
2858639,1,0,0,0,0,0,1
2860389,1,1,1,1,0,0,1
2860861,1,1,1,1,0,0,1
2861485,1,1,1,1,0,0,1
2861524,1,1,1,1,0,0,1
2861666,1,1,1,1,0,0,0
2861999,1,1,1,1,0,0,1
2862329,1,1,1,1,0,0,1
2862617,1,1,1,1,0,0,1
2863189,1,0,0,0,0,0,1
2863732,1,1,1,1,0,0,1
2864332,1,1,1,1,0,0,1
2864711,1,1,1,0,0,0,1
2864924,1,0,0,0,0,0,1
2865975,1,1,1,0,0,0,1
2867748,1,1,1,1,0,0,1
2867983,1,1,1,1,0,0,1
2868196,1,0,0,0,0,0,1
2868575,1,0,0,0,0,0,1
2868834,1,1,1,0,0,0,0
2868928,1,0,0,0,0,0,1
2869189,1,1,1,1,0,0,1
2869348,1,1,1,1,0,0,1
2869489,1,1,1,0,0,0,0
2869534,1,1,0,0,0,0,1
2869651,1,1,1,1,0,0,1
2870321,1,1,1,1,0,0,1
2870600,1,1,0,0,0,0,1
2870622,1,1,1,1,0,0,1
2870665,1,1,1,1,0,0,1
2871431,1,1,1,1,0,0,1
2871573,1,1,1,1,0,0,1
2872720,1,1,1,1,0,0,1
2872738,1,1,1,1,0,0,1
2873313,1,1,1,0,0,0,1
2873451,1,1,1,1,0,0,1
2873568,1,0,0,0,0,0,1
2875052,1,1,1,1,0,0,1
2875405,1,1,1,1,0,0,1
2875640,1,1,1,1,0,0,1
2876910,1,1,1,0,0,0,1
2877053,1,1,1,1,0,0,1
2877360,1,1,1,1,0,0,1
2878120,1,1,1,1,0,0,1
2878142,1,1,1,1,0,0,1
2878160,0,0,0,0,0,0,1
2878205,1,1,1,1,0,0,1
2878420,1,1,1,1,0,0,1
2879349,1,0,0,0,0,0,1
2880619,1,1,1,1,0,0,0
2881572,1,1,1,1,0,0,1
2881857,1,1,1,1,0,0,1
2882167,1,1,1,1,0,0,1
2882211,0,0,0,0,0,0,1
2882905,1,1,1,1,0,0,1
2883018,1,1,1,1,0,0,1
2883565,1,1,1,1,0,0,1
2884379,1,1,1,1,0,0,1
2885481,1,1,1,1,0,0,1
2885596,1,1,1,1,0,0,0
2885687,1,1,1,1,0,0,1
2885873,1,1,1,1,0,0,1
2886281,1,1,1,1,0,0,1
2886608,1,1,1,1,0,0,1
2887783,1,1,1,1,0,0,1
2887877,1,0,0,0,0,0,1
2888518,1,1,1,1,0,0,1
2888873,1,1,1,1,0,0,1
2889685,1,1,1,1,0,0,1
2890042,1,1,1,1,0,0,1
2890229,1,0,0,0,0,0,1
2890344,1,1,1,1,0,0,1
2890823,1,1,1,1,0,0,1
2890890,1,1,1,1,0,0,1
2891702,1,1,1,0,0,0,1
2892202,1,0,0,0,0,0,1
2892223,1,1,1,0,0,0,1
2892625,1,1,1,1,0,0,1
2892695,1,0,0,0,0,0,1
2892740,1,1,1,1,0,0,0
2893405,1,0,0,0,0,0,1
2893738,1,0,0,0,0,0,1
2894117,1,1,1,1,0,0,1
2894161,0,0,0,0,0,0,1
2894396,1,1,1,1,0,0,1
2895021,1,1,1,1,0,0,0
2895063,1,1,1,1,0,0,1
2895613,1,0,0,0,0,0,1
2895916,1,1,1,1,0,0,1
2896250,1,1,1,1,0,0,1
2896345,1,1,1,0,0,0,1
2896553,1,1,1,1,0,0,1
2896648,1,1,1,1,0,0,1
2898036,1,1,1,1,0,0,1
2898220,1,1,1,1,0,0,1
2898532,1,0,0,0,0,0,1
2899225,1,1,1,1,0,0,1
2899844,1,1,1,0,0,0,1
2899888,0,0,0,0,0,0,1
2900001,1,1,1,1,0,0,1
2900121,1,1,1,0,0,0,1
2900880,1,1,1,1,0,0,1
2901289,1,1,1,1,0,0,1
2901328,1,0,0,0,0,0,1
2902215,1,1,1,1,0,0,0
2902448,1,1,1,1,0,0,1
2902736,1,1,1,0,0,0,1
2902801,1,1,1,0,0,0,1
2903039,1,1,1,0,0,0,1
2903156,0,0,0,0,0,0,1
2903390,1,1,1,1,0,0,0
2903697,1,1,1,1,0,0,1
2903937,1,1,1,1,0,0,1
2904100,1,1,1,1,0,0,1
2904548,1,1,1,1,0,0,1
2904549,1,1,1,0,0,0,1
2904831,1,1,1,1,0,0,1
2905117,1,1,1,0,0,0,1
2906068,1,1,1,0,0,0,1
2906472,0,0,0,0,0,0,1
2907334,1,1,1,1,0,0,1
2907520,1,1,1,1,0,0,1
2907925,1,1,1,1,0,0,1
2908139,1,1,1,1,0,0,1
2908206,1,1,1,1,0,0,1
2908826,1,0,0,0,0,0,1
2908941,1,1,1,1,0,0,1
2909325,1,1,1,1,1,1,0
2909631,1,1,1,1,0,0,1
2910129,1,1,1,1,0,0,1
2911256,1,1,1,1,0,0,0
2911608,1,1,1,1,0,0,1
2911703,1,1,1,1,0,0,1
2911770,1,1,1,0,0,0,1
2912246,1,0,0,0,0,0,1
2912772,1,1,1,1,0,0,1
2912961,1,1,1,1,0,0,1
2913336,1,1,1,1,0,0,1
2914128,1,1,1,1,0,0,1
2914145,1,1,1,0,0,0,1
2914310,1,1,1,1,0,0,1
2914573,1,1,1,1,0,0,1
2914828,1,1,1,1,0,0,1
2915162,1,1,1,0,0,0,1
2915324,1,0,0,0,0,0,1
2915421,1,1,1,1,0,0,1
2915895,1,1,1,1,0,0,1
2916080,1,1,1,1,0,0,1
2916390,1,1,1,1,0,0,1
2916648,1,1,0,0,0,0,1
2917055,1,1,1,1,0,0,1
2917221,1,1,1,1,0,0,1
2917406,1,1,1,1,0,0,1
2917545,1,1,1,1,0,0,1
2918260,1,1,1,1,0,0,1
2918261,1,1,0,0,0,0,1
2920105,1,1,1,1,0,0,1
2920314,1,1,1,1,0,0,1
2920383,1,1,1,1,0,0,1
2921099,1,1,1,1,0,0,1
2921264,1,1,1,1,0,0,0
2921425,1,1,1,0,0,0,1
2921806,1,1,1,1,0,0,1
2922164,1,1,1,1,0,0,1
2922685,1,1,1,1,0,0,1
2923209,1,0,0,0,0,0,1
2924361,1,1,1,1,0,0,1
2924571,1,1,1,0,0,0,1
2924757,1,1,1,1,0,0,1
2924780,1,1,1,1,0,0,1
2925420,1,1,1,1,0,0,0
2925851,1,1,1,1,0,0,1
2925990,1,1,1,1,0,0,1
2926971,1,1,1,1,0,0,1
2927182,1,1,1,1,0,0,1
2927705,1,1,1,1,0,0,1
2930031,1,1,1,1,0,0,1
2930075,0,0,0,0,0,0,1
2930888,1,1,1,1,0,0,1
2931173,1,1,1,1,0,0,1
2931311,1,1,1,1,0,0,1
2932218,1,1,1,1,0,0,1
2932572,1,1,1,1,0,0,1
2933458,1,1,1,1,0,0,1
2934893,1,1,1,1,0,0,0
2934987,1,1,1,1,0,0,1
2935631,1,1,0,0,0,0,1
2935677,1,1,1,1,0,0,1
2935935,0,0,0,0,0,0,1
2936173,1,0,0,0,0,0,1
2936816,1,1,1,1,0,0,1
2937793,1,1,1,1,0,0,1
2938054,1,1,1,1,0,0,1
2938771,1,1,1,1,0,0,1
2938836,1,1,1,1,0,0,1
2939100,1,1,1,1,0,0,1
2939720,1,0,0,0,0,0,1
2940456,1,1,1,1,0,0,1
2941006,1,1,1,1,0,0,1
2941149,1,1,1,1,0,0,1
2941696,1,1,1,1,0,0,1
2941955,1,1,1,1,0,0,1
2942288,0,0,0,0,0,0,1
2942453,1,1,1,1,0,0,1
2942734,0,0,0,0,0,0,1
2943956,1,1,1,1,0,0,1
2944284,1,1,1,1,0,0,1
2944953,1,1,1,1,0,0,0
2945193,1,1,1,1,0,0,1
2945712,1,1,1,1,0,0,1
2945902,1,1,1,1,0,0,1
2946020,1,1,1,1,1,1,0
2946445,1,1,1,1,0,0,1
2947233,1,1,1,1,0,0,1
2949076,1,1,1,1,0,0,1
2949123,1,1,1,1,0,0,0
2949453,1,1,1,1,0,0,1
2950004,1,1,1,1,0,0,1
2950336,0,0,0,0,0,0,1
2950425,1,1,1,1,0,0,1
2950614,1,1,1,1,0,0,1
2951280,1,1,1,0,0,0,1
2951758,1,1,1,1,0,0,1
2952357,1,1,1,1,0,0,0
2952713,0,0,0,0,0,0,1
2953304,1,1,1,1,0,0,1
2953519,1,1,1,1,0,0,1
2953610,1,1,1,1,0,0,1
2953776,1,1,1,1,0,0,1
2954922,1,1,1,1,0,0,1
2955686,1,1,1,1,0,0,1
2956644,1,1,1,1,0,0,1
2956645,1,1,1,1,0,0,1
2956997,1,0,0,0,0,0,1
2957372,1,1,1,1,0,0,1
2957445,1,0,0,0,0,0,1
2957463,1,1,1,1,0,0,1
2957577,1,1,1,1,0,0,0
2957764,1,0,0,0,0,0,1
2958700,1,1,1,1,0,0,1
2958910,1,1,1,1,0,0,1
2959194,0,0,0,0,0,0,1
2960609,1,1,1,1,0,0,1
2962449,1,1,1,1,0,0,1
2964655,1,1,1,1,0,0,0
2964768,1,1,1,1,0,0,1
2965681,1,1,1,1,0,0,1
2965892,1,1,1,1,0,0,0
2966294,1,1,1,1,0,0,1
2967106,1,1,1,1,0,0,1
2967677,1,1,1,1,0,0,1
2971851,1,1,1,1,0,0,0
2971964,1,1,1,1,0,0,0
2972877,1,1,1,1,0,0,0
2973088,1,1,1,1,0,0,0
2973157,0,0,0,0,0,0,1
2974302,1,1,1,1,0,0,0
2974873,1,1,1,0,0,0,0
2975998,1,1,1,0,0,0,1
2977604,1,1,1,1,0,0,1
2977909,1,1,1,0,0,0,1
2978820,1,1,1,1,0,0,1
2979031,1,1,1,1,0,0,0
2979144,1,1,1,1,0,0,0
2980345,1,1,1,1,0,0,0
2980724,1,1,1,1,0,0,1
2981028,1,1,1,1,0,0,1
2981339,1,1,1,1,0,0,1
2982345,1,1,1,1,0,0,1
2982648,1,1,1,1,0,0,1
2982815,1,1,1,1,0,0,1
2983170,1,1,1,0,0,0,0
2983932,1,1,1,1,0,0,1
2984771,1,1,1,1,0,0,1
2985077,1,1,1,1,0,0,0
2985338,1,1,1,1,0,0,1
2986897,1,1,1,1,0,0,1
2986941,0,0,0,0,0,0,1
2987896,1,1,1,1,0,0,0
2988635,1,1,1,1,0,0,1
2988681,1,1,1,1,0,0,1
2991120,1,1,1,0,0,0,0
2991430,1,1,1,0,0,0,1
2992265,1,1,1,0,0,0,0
2992334,1,1,1,1,0,0,1
2992544,1,1,1,1,0,0,1
2993072,1,1,1,1,0,0,1
2993357,1,1,1,0,0,0,1
2993374,1,1,1,1,0,0,1
2993397,0,0,0,0,0,0,1
2993701,1,1,1,1,0,0,1
2993748,1,1,1,1,0,0,1
2994245,1,0,0,0,0,0,1
2994264,1,1,1,1,0,0,1
2994840,1,1,1,1,0,0,1
2995005,1,1,1,1,0,0,1
2995191,1,1,1,1,0,0,1
2995668,1,1,1,1,0,0,1
2995809,1,1,1,0,0,0,1
2996932,1,1,1,0,0,0,1
2997452,1,1,1,1,0,0,1
2998459,1,1,1,1,0,0,1
2998503,0,0,0,0,0,0,1
2998548,1,1,1,1,0,0,1
2999360,1,1,1,1,0,0,1
2999668,0,0,0,0,0,0,1
3000526,1,1,1,0,0,0,0
3001146,1,0,0,0,0,0,1
3001213,1,1,1,1,0,0,1
3002433,1,1,1,1,0,0,1
3002625,1,1,1,1,0,0,1
3002716,1,1,1,1,0,0,1
3003309,1,1,1,1,0,0,1
3003525,1,1,1,1,0,0,1
3003732,1,1,1,1,0,0,1
3005173,1,1,1,0,0,0,1
3005669,1,1,1,1,0,0,1
3005671,1,1,1,1,0,0,0
3007726,1,1,1,1,0,0,1
3008731,1,1,1,1,0,0,1
3009518,1,1,1,1,0,0,1
3009900,1,1,1,0,0,0,0
3010017,1,1,1,1,0,0,1
3010920,1,1,1,1,0,0,0
3011999,1,1,1,1,0,0,1
3012309,1,1,1,1,0,0,1
3012853,1,1,1,1,0,0,0
3012949,1,0,0,0,0,0,1
3016181,1,1,1,1,0,0,1
3016706,1,1,1,0,0,0,0
3016964,1,1,1,1,0,0,1
3017084,1,1,1,1,0,0,0
3017462,1,1,1,1,0,0,1
3019187,1,1,1,1,0,0,0
3019353,1,1,1,1,0,0,1
3020091,1,1,1,1,0,0,1
3020809,1,1,1,1,0,0,1
3021400,1,1,1,1,0,0,1
3021781,1,1,1,0,0,0,1
3023289,1,1,1,1,0,0,1
3024028,1,1,1,1,0,0,1
3024268,1,1,1,0,0,0,0
3024646,1,1,1,1,0,0,0
3025360,1,1,1,0,0,0,1
3025936,1,1,1,1,0,0,1
3026820,1,1,1,1,0,0,1
3026932,1,1,1,1,0,0,1
3027267,1,1,1,1,0,0,0
3027933,1,1,1,1,0,0,1
3027981,1,1,1,1,0,0,0
3028022,1,1,1,1,0,0,1
3028616,1,1,1,1,0,0,1
3029620,1,1,1,1,0,0,1
3030052,1,1,1,1,0,0,1
3030361,1,1,1,1,0,0,1
3030906,1,1,1,1,0,0,1
3030952,1,1,1,1,0,0,1
3030971,1,1,1,1,0,0,1
3032406,1,1,1,1,0,0,1
3032549,1,1,1,1,0,0,1
3033361,1,1,1,1,0,0,1
3033595,1,1,1,0,0,0,1
3034097,1,1,1,1,0,0,1
3034160,1,1,1,1,0,0,1
3034640,1,1,1,1,0,0,1
3035066,1,1,1,1,0,0,1
3035085,1,1,1,1,0,0,0
3035587,1,1,1,1,0,0,1
3035798,1,1,1,1,0,0,1
3035937,1,1,1,1,0,0,1
3036440,1,1,1,1,0,0,1
3037085,1,1,1,1,0,0,1
3037437,1,1,1,0,0,0,1
3038181,1,1,1,1,0,0,1
3039497,1,1,1,1,0,0,1
3040668,1,1,1,1,0,0,1
3041308,1,1,1,1,0,0,1
3041545,1,1,1,0,0,0,1
3042669,1,1,1,1,0,0,1
3042763,1,1,1,1,0,0,0
3042948,1,1,1,0,0,0,1
3042953,1,1,1,1,0,0,1
3042966,1,1,1,1,0,0,0
3043852,1,1,1,1,0,0,1
3044039,1,1,1,1,0,0,1
3045475,1,1,1,1,0,0,1
3045806,1,1,1,1,0,0,1
3045827,0,0,0,0,0,0,1
3045968,1,1,1,1,1,1,0
3046656,1,1,1,1,0,0,1
3048095,1,1,1,0,0,0,1
3048232,1,1,1,1,0,0,1
3049767,1,1,1,1,0,0,1
3049833,1,1,1,1,0,0,0
3050121,1,1,1,0,0,1,0
3050165,0,0,0,0,0,0,1
3052321,1,1,1,1,0,0,1
3052986,1,1,1,1,0,0,0
3053152,1,1,1,1,0,0,0
3053795,1,1,1,1,0,0,1
3053888,1,1,1,1,0,0,1
3054722,1,1,1,1,0,0,1
3055412,1,1,1,1,0,0,0
3055793,1,1,1,1,1,1,0
3056081,1,1,1,1,0,0,1
3056172,1,1,1,1,0,0,1
3056500,1,1,1,1,0,0,1
3056737,1,1,1,1,0,0,1
3058054,1,1,1,1,0,0,1
3059949,1,1,1,1,0,0,1
3060927,1,1,1,1,0,0,1
3061141,1,1,1,1,0,0,1
3061422,1,1,1,1,0,0,1
3061466,0,0,0,0,0,0,1
3062207,1,1,1,0,0,0,1
3062969,1,1,1,0,0,0,1
3063352,1,1,1,1,0,0,0
3063680,1,1,1,1,0,0,0
3065095,1,1,1,1,0,0,1
3065597,1,1,1,1,0,0,1
3066239,1,1,1,0,0,0,1
3066667,1,0,0,0,0,0,1
3066880,1,1,1,1,0,0,1
3068147,1,1,1,0,0,0,1
3068646,1,1,1,0,0,0,0
3069435,1,1,1,1,0,0,1
3070149,1,1,1,0,0,0,0
3070317,1,1,1,1,0,0,1
3070359,1,1,1,0,0,0,1
3070400,1,1,1,1,0,0,1
3071309,1,1,1,0,0,0,1
3071429,1,1,1,1,0,0,1
3072431,1,1,1,0,0,0,1
3072741,1,1,1,0,0,0,1
3074056,1,1,1,1,0,0,0
3074338,1,1,1,1,0,0,1
3074453,1,1,1,0,0,0,1
3074497,0,0,0,0,0,0,1
3074973,0,0,0,0,0,0,1
3075885,1,1,1,1,1,1,0
3076119,1,1,1,1,0,0,1
3076836,1,1,1,1,0,0,1
3077572,1,1,1,0,0,0,0
3077617,1,1,1,1,0,0,1
3078168,1,1,1,0,0,0,1
3078353,1,1,1,0,0,0,1
3078590,1,1,1,1,0,0,1
3078728,1,1,1,0,0,0,1
3079974,1,1,1,0,0,0,1
3080761,1,1,1,1,0,0,1
3081308,1,1,1,0,0,0,1
3081857,1,1,1,0,0,0,1
3082048,1,1,1,1,0,0,1
3083053,1,1,1,0,0,0,0
3083287,1,1,1,0,0,0,0
3084005,1,1,1,1,0,0,1
3084381,1,1,1,1,0,0,1
3085461,1,1,1,1,0,0,1
3085476,1,1,1,0,0,0,1
3086869,1,1,1,1,1,1,0
3087150,1,1,1,0,0,0,0
3088609,1,1,1,0,0,0,1
3089232,1,1,1,1,0,0,0
3089298,1,1,1,0,0,0,1
3089897,1,1,1,0,0,0,1
3090467,1,1,1,1,0,0,0
3092001,1,1,1,1,0,0,1
3092644,1,1,1,0,0,0,1
3092660,1,1,1,0,0,0,0
3094148,1,1,1,1,0,0,1
3094284,1,1,1,0,0,0,1
3094354,1,1,1,1,0,0,1
3095166,1,1,1,1,0,0,1
3095785,1,1,1,1,0,0,0
3095787,1,1,1,1,0,0,1
3096045,1,1,1,0,0,0,1
3096447,1,1,1,1,0,0,1
3096728,1,1,1,1,0,0,1
3096733,1,1,1,1,0,0,1
3097493,1,1,1,1,0,0,1
3097508,1,1,1,1,0,0,1
3097627,1,1,1,1,0,0,1
3099158,1,1,1,1,0,0,1
3099685,1,1,1,0,0,0,1
3099892,1,1,1,0,0,0,1
3100392,1,0,0,0,0,0,1
3100823,1,1,1,0,0,0,1
3101252,1,1,1,1,0,0,1
3102949,1,1,1,1,0,0,0
3103738,1,1,1,0,0,0,1
3104599,1,1,1,1,0,0,1
3104641,1,1,1,1,0,0,1
3106460,1,1,1,1,0,0,1
3106869,1,1,1,0,0,0,0
3107103,1,1,1,1,0,0,1
3108444,1,1,1,1,0,0,0
3110624,1,1,1,1,0,0,1
3110811,1,1,1,1,0,0,1
3110926,1,1,1,1,0,0,0
3111833,1,1,1,1,0,0,0
3113652,1,1,1,1,0,0,0
3114061,1,1,1,1,0,0,0
3114773,1,1,1,1,0,0,1
3117820,1,1,1,1,0,0,0
3118007,1,1,1,1,0,0,0
3118122,1,1,1,1,0,0,0
3120735,1,1,1,1,0,0,1
3120848,1,1,1,1,0,0,0
3121206,1,1,1,1,0,0,1
3121253,1,1,1,1,0,0,0
3121965,1,1,1,1,0,0,0
3125012,1,1,1,1,0,0,0
3126113,1,1,1,1,0,0,1
3126298,1,1,1,1,0,0,1
3126340,1,1,1,1,0,0,1
3126361,1,1,1,1,0,0,1
3127294,1,1,1,1,0,0,1
3127795,1,1,1,1,0,0,1
3127984,1,1,1,1,0,0,1
3128725,1,1,1,1,0,0,1
3130497,1,1,1,1,0,0,1
3130586,1,1,1,1,0,0,1
3131832,1,1,1,1,0,0,1
3132332,0,0,0,0,0,0,1
3132878,1,1,1,1,0,0,1
3133520,1,1,1,1,0,0,0
3133541,1,1,1,1,0,0,0
3134692,1,1,1,1,0,0,1
3134975,1,1,1,1,0,0,0
3135041,1,1,1,0,0,0,1
3135927,1,1,1,1,0,0,1
3136164,1,1,1,1,0,0,1
3136521,1,1,1,1,0,0,1
3137281,1,1,1,1,0,0,1
3137422,1,1,1,1,0,0,1
3137488,1,1,1,1,0,0,1
3138473,1,1,1,1,0,0,1
3139138,1,1,1,1,0,0,1
3139929,1,1,1,1,0,0,1
3140088,1,1,1,1,0,0,1
3140399,1,1,1,1,0,0,1
3140994,1,1,1,1,0,0,1
3142358,1,1,1,1,0,0,1
3142645,1,1,1,1,0,0,1
3142689,0,0,0,0,0,0,1
3143042,1,0,0,0,0,0,1
3143156,1,1,1,1,0,0,1
3143324,1,1,1,1,0,0,0
3143441,1,1,1,0,0,0,1
3143505,1,1,1,1,0,0,1
3144652,1,1,1,1,0,0,1
3144917,1,1,1,1,0,0,1
3145269,1,1,1,1,0,0,1
3145915,1,1,1,1,0,0,1
3146273,1,1,1,1,0,0,1
3146340,1,1,1,1,0,0,1
3147844,1,1,1,1,0,0,1
3148298,1,1,1,1,0,0,1
3148632,1,1,1,0,0,0,1
3149728,1,1,1,1,0,0,1
3150516,1,1,1,1,0,0,1
3151232,1,1,1,1,0,0,1
3152453,1,1,1,1,0,0,0
3153099,1,1,1,0,0,0,0
3153457,1,1,1,0,0,0,0
3153499,0,0,0,0,0,0,1
3153973,1,1,1,0,0,0,1
3154474,1,1,1,1,0,0,1
3154518,0,0,0,0,0,0,1
3155285,1,1,1,1,0,0,1
3155808,1,1,1,1,0,0,0
3157005,1,1,1,1,0,0,1
3157888,1,1,1,1,0,0,1
3158292,0,0,0,0,0,0,1
3158404,1,1,1,1,0,0,0
3158409,1,1,1,1,0,0,1
3158853,1,1,1,1,0,0,1
3159404,1,1,1,1,0,0,1
3159973,1,1,1,0,0,0,1
3160642,1,1,1,1,0,0,1
3160663,1,1,1,1,0,0,0
3161643,1,1,1,0,0,0,1
3162504,1,1,1,1,0,0,1
3162522,1,1,1,1,0,0,1
3163024,1,0,0,0,0,0,1
3164049,1,1,1,1,0,0,1
3164956,1,1,1,1,0,0,1
3165552,0,0,0,0,0,0,1
3165577,1,1,1,1,0,0,0
3165618,1,1,1,1,0,0,1
3166476,1,1,1,1,0,0,1
3167052,1,1,1,1,0,0,1
3167647,1,1,1,1,0,0,1
3168673,1,1,1,1,0,0,1
3169127,1,1,1,1,0,0,1
3169171,0,0,0,0,0,0,1
3169861,1,1,1,1,0,0,1
3170003,1,1,1,1,0,0,1
3170840,1,1,1,1,0,0,1
3171053,1,1,1,1,0,0,1
3171380,1,1,1,1,0,0,1
3171426,1,1,1,1,0,0,1
3171929,1,1,1,1,0,0,1
3172329,1,1,1,1,0,0,1
3172566,1,1,1,1,0,0,1
3173501,1,1,1,1,0,0,1
3173590,1,1,1,1,0,0,1
3173872,1,1,1,1,0,0,1
3173917,1,1,1,1,0,0,1
3174299,1,1,1,1,0,0,1
3174681,1,1,1,1,0,0,1
3174817,1,1,1,1,0,0,1
3175390,1,1,1,1,0,0,1
3175552,1,1,1,1,0,0,1
3176487,1,1,1,1,0,0,1
3177320,1,1,1,1,0,0,1
3177774,1,1,1,1,0,0,1
3177988,1,1,1,1,0,0,0
3178391,1,1,1,1,0,0,1
3178481,1,1,1,1,0,0,1
3178960,1,1,1,1,0,0,1
3179264,1,1,1,1,0,0,1
3179357,1,1,1,1,0,0,1
3179401,0,0,0,0,0,0,1
3179521,1,1,1,1,0,0,1
3179565,0,0,0,0,0,0,1
3180809,1,1,1,1,0,0,1
3180993,1,1,1,1,0,0,1
3181135,1,1,1,1,0,0,1
3181200,1,1,1,1,0,0,1
3182471,1,1,1,1,0,0,1
3184938,1,1,1,1,0,0,0
3185199,1,1,1,1,0,0,1
3185336,1,1,1,1,0,0,1
3186128,1,1,1,1,0,0,0
3187107,1,1,1,1,0,0,1
3187558,1,1,1,1,0,0,1
3187989,1,1,1,1,0,0,0
3188173,1,1,1,0,0,0,0
3189539,1,1,1,1,0,0,1
3189630,1,1,1,1,0,0,1
3192528,1,1,1,1,0,0,0
3193320,1,1,1,1,0,0,0
3194969,1,1,1,1,0,0,1
3195185,1,1,1,1,0,0,0
3195752,1,1,1,1,0,0,1
3196735,1,1,1,1,0,0,0
3196826,1,1,1,1,0,0,0
3197133,1,1,1,1,0,0,1
3197877,1,1,1,1,0,0,1
3200512,1,1,1,1,0,0,0
3201681,1,1,1,1,0,0,1
3202036,1,1,1,1,0,0,1
3202227,1,1,1,1,1,1,0
3202440,1,1,1,1,0,0,1
3202794,1,1,1,1,0,0,1
3203775,1,1,1,1,0,0,1
3205069,1,1,1,1,0,0,0
3205086,1,1,1,1,0,0,1
3205203,1,1,1,1,0,0,1
3207216,1,1,1,1,0,0,1
3208744,1,1,1,1,0,0,1
3208861,1,1,1,1,0,0,0
3208930,1,1,1,1,0,0,1
3209287,1,1,1,1,0,0,1
3209837,1,1,1,1,0,0,1
3210020,1,1,1,0,0,0,1
3210834,1,1,1,1,0,0,1
3211092,1,1,1,1,0,0,1
3211237,1,1,1,0,0,0,1
3211303,1,1,1,1,0,0,1
3211369,1,1,1,0,0,0,1
3211484,1,0,0,0,0,0,1
3211701,1,0,0,0,0,0,1
3211958,1,1,1,1,0,0,1
3212000,1,0,0,0,0,0,1
3212191,1,1,1,0,0,0,1
3212549,1,1,1,1,0,0,1
3213572,1,1,1,1,0,0,1
3213787,1,1,1,1,0,0,1
3214262,1,1,1,1,0,0,1
3214356,1,1,1,1,0,0,0
3214809,1,1,1,1,0,0,1
3215114,1,1,1,1,0,0,1
3215783,1,1,1,1,0,0,1
3217027,1,1,1,0,0,0,1
3217142,1,1,1,1,0,0,1
3218170,1,1,1,0,0,0,1
3218173,1,1,1,0,0,0,1
3218521,1,1,1,1,0,0,0
3218950,1,1,1,0,0,0,1
3218995,1,1,1,0,0,0,1
3219156,1,1,1,0,0,0,1
3219588,1,1,1,0,0,0,1
3220181,1,1,1,1,0,0,1
3221165,1,1,1,1,0,0,1
3221544,1,1,1,1,0,0,1
3222306,1,1,1,0,0,0,1
3222351,1,1,1,1,0,0,1
3222396,1,1,0,0,0,0,1
3223089,1,1,0,0,0,0,1
3223128,1,1,1,1,0,0,1
3223293,1,1,1,0,0,0,1
3223362,1,1,0,0,0,0,1
3223455,1,1,1,0,0,0,1
3223593,0,0,0,0,0,0,1
3223900,1,1,0,0,0,0,1
3224141,1,1,1,1,0,0,1
3225552,1,0,0,0,0,0,1
3225739,1,1,1,1,0,0,1
3226073,1,1,1,1,0,0,1
3226232,1,1,1,1,0,0,1
3226235,0,0,0,0,0,0,1
3226297,1,1,1,1,0,0,1
3227614,1,1,1,1,0,0,1
3227853,1,1,1,1,0,0,1
3228279,1,1,1,1,0,0,1
3231227,1,1,1,1,0,0,1
3231345,1,1,1,1,0,0,1
3232732,1,1,1,1,0,0,0
3233420,1,1,1,1,0,0,0
3233489,1,1,1,1,0,0,0
3233798,1,1,1,1,0,0,1
3234661,1,1,1,1,0,0,1
3235133,1,1,1,1,0,0,1
3235156,1,1,1,1,0,0,1
3235869,1,1,1,1,0,0,1
3235913,0,0,0,0,0,0,1
3237997,1,1,1,1,0,0,1
3238041,0,0,0,0,0,0,1
3238045,1,1,1,1,0,0,1
3238395,1,1,1,1,0,0,0
3239614,1,1,1,1,0,0,1
3239924,1,1,1,1,0,0,1
3240588,1,1,1,1,0,0,0
3240730,1,1,1,1,0,0,1
3240777,1,1,1,1,0,0,1
3240821,0,0,0,0,0,0,1
3241437,1,1,1,1,0,0,1
3242226,1,1,1,1,0,0,1
3242844,1,1,1,1,0,0,1
3245579,1,1,1,1,0,0,0
3246006,1,1,1,1,0,0,1
3246196,1,1,1,1,0,0,1
3246549,1,1,1,1,0,0,1
3246573,1,1,1,1,0,0,1
3247548,1,1,1,1,0,0,1
3247739,1,1,1,1,0,0,1
3248957,1,1,1,1,0,0,1
3249504,1,1,1,1,0,0,1
3249983,1,1,1,1,0,0,1
3250821,1,1,1,0,0,0,1
3251869,1,1,1,1,0,0,1
3252346,1,1,1,1,0,0,1
3252751,1,1,1,1,0,0,1
3252773,1,1,1,1,0,0,1
3253245,1,1,1,0,0,0,1
3253364,1,1,1,1,0,0,0
3253644,1,1,1,1,0,0,1
3255059,1,1,1,1,0,0,1
3255366,1,1,1,1,0,0,1
3256033,1,1,1,0,0,0,1
3256849,1,1,1,1,0,0,1
3257466,1,1,1,1,0,0,1
3258182,1,1,1,1,0,0,1
3259717,1,1,1,1,0,0,1
3260529,1,1,1,1,0,0,1
3260548,1,1,1,1,0,0,0
3260639,1,1,1,1,0,0,1
3260754,1,1,1,1,0,0,1
3260820,1,1,1,1,0,0,0
3261945,1,1,1,1,0,0,1
3262276,1,1,1,1,0,0,1
3262613,1,1,1,1,0,0,1
3262655,1,1,1,1,0,0,1
3263224,1,1,1,1,0,0,1
3263391,1,0,0,0,0,0,1
3263529,1,1,1,1,0,0,1
3263553,1,1,1,1,0,0,1
3263688,1,0,0,0,0,0,1
3263732,0,0,0,0,0,0,1
3263755,1,0,0,0,0,0,1
3264277,1,1,1,1,0,0,1
3264488,1,1,1,1,0,0,1
3264513,1,1,1,1,0,0,1
3265226,1,1,1,1,0,0,1
3265725,1,1,1,1,0,0,1
3265768,1,1,1,1,0,0,1
3266557,1,1,1,1,0,0,1
3266796,1,1,1,1,0,0,1
3266958,1,1,1,1,0,0,1
3267385,1,1,1,1,0,0,1
3267431,1,1,1,1,0,0,1
3268456,1,1,1,1,0,0,1
3270133,1,1,1,1,0,0,1
3270945,1,1,1,1,0,0,1
3270969,1,1,1,1,0,0,1
3271540,1,1,1,1,0,0,1
3272158,1,1,1,1,0,0,1
3272804,1,1,1,1,0,0,1
3274623,1,1,1,1,0,0,0
3274832,1,1,1,1,0,0,1
3275455,1,1,1,1,0,0,1
3275908,1,1,1,1,0,0,1
3276433,1,1,1,1,0,0,1
3277048,1,1,1,1,0,0,1
3277407,1,1,1,0,0,0,1
3277765,1,1,1,1,0,0,1
3278117,1,1,1,1,0,0,0
3278645,1,1,1,1,0,0,1
3279334,1,1,1,1,0,0,0
3280293,1,0,0,0,0,0,1
3282012,1,1,1,1,0,0,1
3282298,1,1,1,1,0,0,1
3282415,1,1,1,1,0,0,1
3282986,1,1,1,1,0,0,1
3283080,1,1,1,1,0,0,0
3283459,1,1,1,1,0,0,1
3283670,1,1,1,0,0,0,1
3284793,1,1,1,1,0,0,1
3286230,1,1,1,1,0,0,1
3287113,1,1,1,1,0,0,1
3287473,1,1,1,1,0,0,0
3287517,0,0,0,0,0,0,1
3287846,1,1,1,1,0,0,1
3288539,1,1,1,0,0,0,1
3289180,1,1,1,1,0,0,0
3289489,1,1,1,1,0,0,1
3290256,1,1,1,1,0,0,0
3294161,1,1,1,1,0,0,1
3294713,1,1,1,1,0,0,0
3295042,1,1,1,1,0,0,0
3295157,1,1,1,1,0,0,1
3295632,1,1,1,1,0,0,1
3295727,1,1,1,1,0,0,0
3296298,1,0,0,0,0,0,1
3297159,1,1,1,0,0,0,1
3297444,1,1,1,1,0,0,0
3298591,1,1,1,1,0,0,1
3298828,1,1,1,1,0,0,1
3299520,1,0,0,0,0,0,1
3299633,1,1,1,0,0,0,1
3299991,1,1,1,0,0,0,1
3300033,1,0,0,0,0,0,1
3300104,1,0,0,0,0,0,1
3300528,1,1,1,0,0,0,1
3301101,1,1,1,1,0,0,1
3301504,1,1,1,0,0,0,1
3301743,1,1,1,0,0,0,1
3301786,1,1,1,1,0,0,1
3301857,1,1,1,1,0,0,0
3302498,1,1,1,0,0,0,1
3302926,1,0,0,0,0,0,1
3303425,1,1,1,1,0,0,1
3304381,1,1,1,1,0,0,1
3304908,1,1,1,1,0,0,1
3307061,1,1,1,0,0,0,1
3307250,1,1,1,1,0,0,1
3308684,1,1,1,1,0,0,0
3308923,1,1,1,1,0,0,0
3309041,1,1,1,1,0,0,0
3309515,1,0,0,0,0,0,1
3311000,1,1,1,1,0,0,1
3313416,1,1,1,0,0,0,1
3314253,1,1,1,1,0,0,0
3314325,1,1,1,1,0,0,1
3314438,1,1,1,1,0,0,0
3315635,1,1,1,0,0,0,1
3315969,1,1,1,1,0,0,1
3316013,0,0,0,0,0,0,1
3316293,1,1,1,1,0,0,1
3316701,1,1,1,1,0,0,1
3317152,1,1,1,1,0,0,1
3317386,1,1,1,1,0,0,1
3317742,0,0,0,0,0,0,1
3318029,1,1,1,1,0,0,1
3318092,1,1,1,1,0,0,1
3318094,0,0,0,0,0,0,1
3318352,1,1,1,1,0,0,1
3319068,1,1,1,1,0,0,1
3319112,0,0,0,0,0,0,1
3320788,1,1,1,1,0,0,1
3320833,1,1,1,1,0,0,1
3321041,1,1,1,1,0,0,1
3321206,1,1,1,1,0,0,1
3322068,1,1,1,1,0,0,1
3322783,1,1,1,1,0,0,0
3324675,1,1,1,1,0,0,1
3325268,1,1,1,1,0,0,0
3326273,1,1,1,1,0,0,1
3326388,1,1,1,0,0,0,1
3326677,1,1,1,1,0,0,1
3327463,1,1,1,1,0,0,1
3327984,1,1,1,1,0,0,1
3328390,1,1,1,1,0,0,0
3328797,1,1,1,1,0,0,1
3329248,1,1,1,1,0,0,0
3330204,1,1,1,1,0,0,1
3330414,1,1,1,0,0,0,1
3331008,1,1,1,1,0,0,1
3331705,1,1,1,1,0,0,1
3331890,1,1,1,1,0,0,1
3332008,1,1,1,1,0,0,1
3333010,1,1,1,1,0,0,1
3333012,1,1,1,1,0,0,1
3333053,1,1,1,1,0,0,1
3333429,1,1,1,1,0,0,0
3333474,1,0,0,0,0,0,1
3333881,1,1,1,1,0,0,1
3334139,1,1,1,1,0,0,1
3335453,1,1,1,1,0,0,1
3336409,1,1,1,1,0,0,1
3338135,1,1,1,1,0,0,1
3338176,1,1,1,1,0,0,0
3338179,0,0,0,0,0,0,1
3339060,1,1,1,1,0,0,1
3340304,1,1,1,1,0,0,1
3340658,1,1,1,1,0,0,0
3341065,1,1,1,1,0,0,0
3342236,1,1,1,0,0,0,1
3342254,1,1,1,1,0,0,1
3342683,1,1,1,1,0,0,1
3343089,1,1,1,1,0,0,1
3343585,1,1,1,1,0,0,0
3344326,1,1,1,1,0,0,1
3344329,1,1,1,1,0,0,1
3344655,1,1,1,1,0,0,1
3345202,1,1,1,1,0,0,1
3345316,1,1,1,1,0,0,1
3345915,1,1,1,1,0,0,1
3346320,1,1,1,1,0,0,1
3347608,1,1,1,1,0,0,1
3348016,1,1,1,1,0,0,1
3348609,1,1,1,1,0,0,1
3350121,1,1,1,1,0,0,1
3352394,1,1,1,1,0,0,0
3353111,1,1,1,1,0,0,0
3353656,1,1,1,1,0,0,1
3354087,1,1,1,1,0,0,1
3354492,1,1,1,1,0,0,1
3355545,1,1,1,1,0,0,1
3355801,1,1,1,1,0,0,0
3355845,0,0,0,0,0,0,1
3356228,1,1,1,1,0,0,1
3356268,1,1,1,1,0,0,1
3356365,1,1,1,1,0,0,1
3356862,1,1,1,1,0,0,1
3357556,1,1,1,1,0,0,1
3357788,1,1,1,1,0,0,1
3358243,1,1,1,1,0,0,1
3358454,1,1,1,1,0,0,1
3358932,1,1,1,1,0,0,1
3359621,1,1,1,1,0,0,1
3359952,1,1,1,1,0,0,1
3360265,1,1,1,1,0,0,1
3360379,1,1,1,1,0,0,1
3361044,1,1,1,0,0,0,1
3361088,0,0,0,0,0,0,1
3361761,1,1,1,1,0,0,1
3361851,1,1,1,1,0,0,1
3362565,1,1,1,1,0,0,1
3362732,1,1,1,1,0,0,1
3363089,1,1,1,1,0,0,1
3364281,1,1,1,1,0,0,1
3364567,1,1,1,1,0,0,1
3364569,1,1,1,1,0,0,1
3365614,1,1,1,0,0,0,0
3365753,1,1,1,1,0,0,1
3366156,1,1,1,1,0,0,1
3366177,1,0,0,0,0,0,1
3366181,1,1,1,1,0,0,1
3366893,1,1,0,0,0,0,1
3367053,1,1,1,0,0,0,1
3367747,1,1,1,1,0,0,1
3367864,1,1,1,1,0,0,1
3367929,1,1,1,1,0,0,1
3369176,1,1,1,1,0,0,1
3369361,1,1,1,1,0,0,1
3369790,1,1,1,1,0,0,1
3370100,1,1,0,0,0,0,1
3370837,1,1,1,1,0,0,1
3371123,1,1,1,0,0,0,1
3371741,1,1,1,1,0,0,1
3371812,1,1,1,1,0,0,1
3371948,1,1,1,1,0,0,1
3372138,1,1,1,1,0,0,1
3372544,1,1,1,1,0,0,1
3372680,1,1,1,1,0,0,1
3372749,1,1,1,1,0,0,1
3373083,1,1,1,0,0,0,1
3373224,1,1,1,1,0,0,1
3373891,1,1,1,1,0,0,1
3374033,1,1,1,1,0,0,0
3374937,1,1,1,1,0,0,1
3374956,1,1,1,1,0,0,1
3375173,1,1,1,0,0,0,1
3375192,1,1,1,1,0,0,1
3375259,1,1,1,0,0,0,1
3376476,1,1,1,0,0,0,1
3376692,1,1,1,0,0,0,1
3376831,1,1,1,1,0,0,1
3376994,1,1,1,1,0,0,1
3377300,1,1,1,1,0,0,1
3377539,1,1,1,1,0,0,1
3377557,1,1,1,1,0,0,1
3377893,1,1,1,1,0,0,1
3378366,1,1,1,1,0,0,1
3379224,1,1,1,1,0,0,1
3379773,1,1,1,1,0,0,1
3379795,1,1,1,1,0,0,1
3380319,1,0,0,0,0,0,1
3381057,1,1,1,1,0,0,1
3381129,1,1,1,1,0,0,1
3381676,1,1,1,1,0,0,1
3381839,1,1,1,0,0,0,1
3382360,1,1,1,1,0,0,1
3382909,1,1,1,1,0,0,1
3383004,1,1,1,1,0,0,1
3383550,1,1,1,1,0,0,1
3383553,1,1,1,1,0,0,1
3383711,1,1,1,1,0,0,1
3384596,1,1,1,1,0,0,1
3384663,1,1,1,1,0,0,1
3384757,1,1,1,1,0,0,1
3385398,1,1,1,1,0,0,1
3385468,1,1,1,1,0,0,1
3385628,1,1,1,1,0,0,1
3386082,1,1,0,0,0,0,1
3386895,1,1,1,1,0,0,1
3387081,1,1,1,1,0,0,1
3387294,1,1,1,1,0,0,1
3387818,1,0,0,0,0,0,1
3388007,1,1,1,1,0,0,1
3388024,1,1,1,1,0,0,1
3388360,1,1,1,1,0,0,1
3388544,1,0,0,0,0,0,1
3388639,1,1,1,1,0,0,1
3389498,1,1,1,1,0,0,1
3389900,1,1,1,1,0,0,1
3390188,1,1,1,1,0,0,1
3390446,1,1,1,1,0,0,1
3390513,1,1,1,1,0,0,1
3391281,1,1,1,1,0,0,1
3391661,1,0,0,0,0,0,1
3392208,1,1,1,1,0,0,1
3392656,1,1,1,1,0,0,1
3393636,1,1,1,1,0,0,1
3394474,1,1,1,1,0,0,1
3394876,1,1,1,1,0,0,1
3395257,1,1,1,1,0,0,1
3395614,1,1,1,1,0,0,1
3395803,1,1,1,1,0,0,0
3396636,1,1,1,1,0,0,1
3396657,1,1,1,1,0,0,1
3396823,1,1,1,0,0,0,1
3397826,1,1,1,1,0,0,1
3398543,1,1,1,1,0,0,1
3398561,1,1,1,1,0,0,1
3398825,1,1,1,1,0,0,0
3399106,1,1,1,1,0,0,1
3399368,1,1,1,1,0,0,0
3400179,1,1,1,1,0,0,1
3400750,1,1,1,1,0,0,1
3401924,1,1,1,1,0,0,1
3402233,1,1,1,1,0,0,1
3403618,1,1,1,1,0,0,1
3403804,1,1,1,1,0,0,0
3404093,1,1,1,1,0,0,1
3404279,1,1,1,0,0,0,1
3404970,1,1,1,1,0,0,1
3405111,1,1,1,1,0,0,1
3405180,1,1,1,1,0,0,1
3405391,1,0,0,0,0,0,1
3405432,1,1,1,0,0,0,1
3405621,1,1,1,1,0,0,1
3405980,1,1,0,0,0,0,1
3406140,1,1,0,0,0,0,1
3406162,1,1,1,0,0,0,1
3406180,0,0,0,0,0,0,1
3406273,1,1,0,0,0,0,1
3406319,1,1,1,1,0,0,1
3406676,1,1,1,0,0,0,1
3406884,1,1,1,1,0,0,1
3407074,1,1,1,1,0,0,1
3407117,1,1,1,1,0,0,1
3407259,1,1,1,1,0,0,1
3407352,1,1,1,1,0,0,1
3407541,1,1,1,1,0,0,1
3407678,1,1,1,0,0,0,1
3407841,1,1,1,0,0,0,1
3408056,1,1,0,0,0,0,1
3408075,1,1,0,0,0,0,1
3408217,1,1,1,1,0,0,1
3408330,1,1,1,1,0,0,1
3408832,1,1,1,1,0,0,1
3408901,1,1,1,0,0,0,1
3408919,1,1,1,1,0,0,1
3409178,1,1,1,1,0,0,1
3409464,1,1,0,0,0,0,1
3410083,1,1,1,0,0,0,1
3410224,1,1,1,0,0,0,1
3410793,1,1,1,1,0,0,1
3410910,1,1,1,1,0,0,1
3410956,1,1,1,1,0,0,1
3411217,1,1,1,1,0,0,1
3411643,1,1,1,1,0,0,1
3411685,1,1,1,0,0,0,1
3412045,1,1,1,0,0,0,1
3412471,1,1,1,1,0,0,1
3412489,1,1,1,1,0,0,1
3412584,1,1,1,1,0,0,1
3412941,1,1,1,1,0,0,1
3413365,1,1,1,1,0,0,1
3413701,1,1,0,0,0,0,1
3413980,1,1,1,1,0,0,0
3414244,1,1,1,1,0,0,1
3414596,1,1,1,0,0,0,1
3414645,1,1,1,1,0,0,1
3414735,1,1,1,1,0,0,1
3415403,1,1,1,0,0,0,1
3415569,1,1,1,0,0,0,1
3415778,1,1,1,1,0,0,1
3415919,1,1,0,0,0,0,1
3416129,1,1,1,1,0,0,1
3416173,0,0,0,0,0,0,1
3416650,1,1,1,0,0,0,1
3416651,1,1,1,1,0,0,1
3416812,1,1,1,1,0,0,1
3417237,1,1,1,1,0,0,1
3417241,1,1,1,0,0,0,1
3417375,1,1,1,1,0,0,1
3417536,1,1,1,0,0,0,1
3417584,1,1,1,1,0,0,1
3418153,1,1,1,1,0,0,1
3418175,1,1,1,1,0,0,1
3418434,1,1,1,1,0,0,1
3418436,1,1,1,1,0,0,1
3419101,1,1,1,0,0,0,1
3419815,1,1,1,1,0,0,1
3419981,1,1,1,0,0,0,1
3420452,1,1,1,1,0,0,1
3421288,1,1,1,1,0,0,1
3421407,1,1,1,1,0,0,1
3422386,1,1,1,1,0,0,1
3422525,1,1,1,1,0,0,1
3423554,1,1,1,0,0,0,1
3423598,0,0,0,0,0,0,1
3424048,1,1,1,1,0,0,1
3424191,1,1,1,0,0,0,1
3424620,1,1,1,1,0,0,1
3426124,1,1,1,0,0,0,1
3426988,1,1,1,0,0,0,1
3427153,1,1,1,1,0,0,0
3428036,1,1,1,0,0,0,1
3428317,1,1,1,0,0,0,1
3428794,1,1,1,1,0,0,1
3429129,1,1,1,1,0,0,1
3429171,1,1,1,0,0,0,1
3429864,1,1,1,1,0,0,1
3432209,1,1,1,0,0,1,1
3432257,1,1,1,1,0,0,1
3432301,0,0,0,0,0,0,1
3432940,1,1,1,1,0,0,1
3433059,1,1,1,1,0,0,1
3433414,1,1,1,1,0,0,1
3434781,1,1,1,1,0,0,1
3435852,1,1,1,0,0,1,1
3436186,1,1,1,1,0,0,1
3436877,1,1,1,1,0,0,1
3437044,1,1,1,1,0,0,0
3437231,1,1,1,1,0,0,1
3437825,1,1,1,0,0,0,1
3438157,0,0,0,0,0,0,1
3438370,1,1,1,1,0,0,1
3438776,1,1,1,1,0,0,1
3438820,0,0,0,0,0,0,1
3438836,1,1,1,1,0,0,1
3439914,1,1,1,1,0,0,1
3440271,1,1,1,1,0,0,1
3440312,1,1,1,1,0,0,1
3440381,1,1,1,0,0,0,1
3440428,1,1,1,1,0,0,1
3440664,0,0,0,0,0,0,1
3441908,1,1,1,0,0,0,1
3441929,0,0,0,0,0,0,0
3442162,1,1,1,1,0,0,1
3442495,1,1,1,1,0,0,1
3443068,1,1,1,1,0,0,1
3443302,1,1,1,1,0,0,1
3443491,1,1,1,1,0,0,1
3443606,0,0,0,0,0,0,1
3443673,1,1,1,1,0,0,1
3443816,1,1,1,0,0,0,1
3443860,0,0,0,0,0,0,1
3443861,1,1,1,1,0,0,1
3444280,1,1,1,1,0,0,1
3444709,1,1,1,1,0,0,1
3444851,1,1,1,0,0,1,1
3445086,1,1,1,1,1,1,0
3445539,1,1,1,1,0,0,1
3445652,1,1,1,1,0,0,1
3445697,1,1,1,0,0,0,1
3445816,1,1,1,1,0,0,1
3445861,1,1,1,1,0,0,1
3446118,1,1,1,1,0,0,1
3446280,1,1,1,0,0,0,1
3446397,1,1,1,1,0,0,1
3446946,1,1,1,1,0,0,1
3447444,1,1,1,1,0,0,1
3447537,1,1,1,1,1,1,0
3447539,1,1,1,1,0,0,1
3447892,1,1,1,1,0,0,1
3448102,1,1,1,1,1,1,0
3448531,1,1,1,1,0,0,1
3449104,1,1,1,1,0,0,1
3449125,1,1,1,1,0,0,1
3449525,1,1,1,0,0,0,1
3450124,1,1,1,1,0,0,1
3450671,1,1,1,1,0,0,1
3450673,1,1,1,1,0,0,1
3451792,1,1,1,1,0,0,1
3452269,1,1,1,1,0,0,1
3452332,1,1,1,1,0,0,1
3452545,1,1,1,1,0,0,1
3453191,1,1,1,1,0,0,1
3453808,1,1,1,0,0,0,1
3453853,1,1,1,1,0,0,1
3453899,0,0,0,0,0,0,1
3454420,1,1,1,0,0,0,1
3454945,1,1,1,1,0,0,1
3454989,0,0,0,0,0,0,1
3455250,1,1,1,1,0,0,0
3455942,1,1,1,1,0,0,1
3455984,1,1,1,1,0,0,1
3456055,1,1,1,1,0,0,1
3456770,1,1,1,1,0,0,1
3457028,1,1,1,1,0,0,1
3457148,1,1,1,1,0,0,1
3457215,1,1,1,1,0,0,1
3458025,1,1,1,0,0,0,1
3458356,1,1,1,1,0,0,1
3459313,1,1,1,1,0,0,1
3459334,1,1,1,0,0,0,1
3459380,1,1,1,1,0,0,1
3459401,1,1,1,1,0,0,0
3459539,1,1,1,1,0,0,1
3459748,1,1,1,1,0,0,1
3460108,1,1,1,1,0,0,1
3460109,1,1,1,1,0,0,1
3460675,1,1,1,0,0,0,1
3461008,1,1,1,1,0,0,1
3461144,1,1,1,1,0,0,1
3461456,1,0,0,0,0,0,1
3462073,1,1,1,1,0,0,1
3462192,1,1,1,1,0,0,1
3463361,1,1,1,1,0,0,1
3465228,1,1,1,1,0,0,1
3465251,1,1,1,1,0,0,1
3466494,1,1,1,1,0,0,0
3467285,1,1,1,1,0,0,0
3468742,1,1,1,0,0,0,1
3468832,1,1,1,1,0,0,1
3468837,1,1,1,0,0,0,1
3469380,1,1,1,1,0,0,0
3469543,1,1,1,0,0,0,1
3470424,1,1,1,1,0,0,1
3470541,1,1,1,1,0,0,0
3470853,1,1,1,0,0,0,1
3472720,1,1,1,1,0,0,1
3473748,1,1,1,1,0,0,1
3473812,1,1,1,1,0,0,1
3474360,0,0,0,0,0,0,1
3474764,0,0,0,0,0,0,1
3474809,1,1,1,1,0,0,1
3475337,1,1,1,1,0,0,1
3475906,1,1,1,1,0,0,0
3476525,1,1,1,1,0,0,1
3476715,1,1,1,0,0,0,0
3477192,1,1,1,1,0,0,1
3478914,1,1,1,0,0,0,1
3479513,1,1,1,1,0,0,1
3479674,1,1,1,0,0,0,1
3480461,1,1,1,1,0,0,1
3480465,1,1,1,1,0,0,1
3481345,1,1,1,1,0,0,1
3481936,1,1,1,1,0,0,0
3482393,1,1,1,1,0,0,1
3482457,1,1,1,1,0,0,1
3482501,0,0,0,0,0,0,1
3483891,1,1,1,1,0,0,0
3484172,1,1,1,1,0,0,1
3484364,1,1,1,1,0,0,0
3485413,1,1,1,1,0,0,1
3485457,0,0,0,0,0,0,1
3485461,1,1,1,1,0,0,1
3486217,1,1,1,1,0,0,1
3486793,1,1,1,1,0,0,1
3486834,1,1,1,1,0,0,0
3489256,1,1,1,1,0,0,1
3489417,1,1,1,1,0,0,1
3489657,1,1,1,1,0,0,1
3490251,1,1,1,1,0,0,1
3490606,1,1,1,1,0,0,1
3490650,0,0,0,0,0,0,1
3490911,1,1,1,0,0,0,1
3491336,1,1,1,1,0,0,0
3491338,1,1,1,1,0,0,1
3491453,1,1,1,0,0,0,1
3491469,1,1,1,1,0,0,1
3491539,1,1,1,1,0,0,1
3492089,0,0,0,0,0,0,1
3496113,1,1,1,1,0,0,1
3496300,1,1,1,0,0,0,1
3496420,1,1,1,1,0,0,0
3496799,1,1,1,1,0,0,1
3497397,1,1,1,1,0,0,1
3498518,1,1,1,1,0,0,0
3499064,1,1,1,1,0,0,1
3503073,1,1,1,1,0,0,1
3503305,1,1,1,1,0,0,0
3503616,1,1,1,1,0,0,0
3503995,1,1,1,1,0,0,0
3504132,1,1,1,1,0,0,1
3504901,1,1,1,1,0,0,1
3505710,1,1,1,1,0,0,0
3506138,1,0,0,0,0,0,1
3509733,1,1,1,1,0,0,1
3510812,1,1,1,1,0,0,0
3511191,1,1,1,1,0,0,0
3511328,1,1,1,1,0,0,0
3511708,1,0,0,0,0,0,1
3511778,1,1,1,1,0,0,1
3512063,1,1,1,1,0,0,1
3512085,1,1,1,1,0,0,0
3512293,1,1,1,1,0,0,1
3512653,1,0,0,0,0,0,1
3513269,1,1,1,1,0,0,1
3513270,1,1,1,1,0,0,1
3513359,1,1,1,1,0,0,1
3515084,1,1,1,1,0,0,1
3515085,1,1,1,1,0,0,1
3515556,1,0,0,0,0,0,1
3516032,0,0,0,0,0,0,1
3516432,1,1,1,1,0,0,1
3518300,1,1,1,1,0,0,1
3520120,1,1,1,1,0,0,1
3520453,1,1,1,1,0,0,0
3520454,1,1,1,1,0,0,0
3520543,1,1,1,1,0,0,0
3521835,1,1,1,1,0,0,1
3522069,1,1,1,1,0,0,1
3522261,1,1,1,1,0,0,0
3522492,1,1,1,1,0,0,1
3523212,1,1,1,1,0,0,0
3523256,0,0,0,0,0,0,1
3523539,1,1,1,1,0,0,1
3524279,1,1,1,1,0,0,1
3524323,0,0,0,0,0,0,1
3524344,1,1,1,1,0,0,1
3525109,1,1,1,1,0,0,1
3525172,1,1,1,1,0,0,1
3526274,1,1,1,1,0,0,1
3526275,1,1,1,1,0,0,1
3526276,1,1,1,1,0,0,1
3526985,1,1,1,1,0,0,1
3527291,1,1,1,1,0,0,1
3529229,1,1,0,0,0,0,0
3529944,1,1,1,1,0,0,1
3529965,1,1,1,1,0,0,1
3531208,1,1,1,1,0,0,1
3532092,1,1,1,1,0,0,1
3532884,1,1,1,1,0,0,1
3533454,1,1,1,1,0,0,0
3533880,1,1,1,1,0,0,1
3534169,1,0,0,0,0,0,0
3534186,1,1,1,0,0,0,1
3534470,0,0,0,0,0,0,1
3534471,1,1,1,1,0,0,0
3534556,1,1,1,0,0,0,1
3535130,1,1,1,1,0,0,1
3535199,1,1,1,1,0,0,1
3535485,1,1,1,1,0,0,1
3537133,1,1,1,1,0,0,0
3537756,1,1,1,1,0,0,1
3537893,1,1,1,1,0,0,1
3538681,1,1,1,1,0,0,1
3539255,1,1,1,1,0,0,1
3539441,1,1,1,1,0,0,1
3539800,1,1,1,1,1,1,0
3540780,1,1,1,1,0,0,1
3541089,1,1,1,1,0,0,1
3541490,1,1,1,1,0,0,1
3541533,1,1,1,1,1,1,0
3541720,1,1,1,1,0,0,0
3541793,1,1,1,1,0,0,1
3541859,1,1,1,1,0,0,1
3542552,1,1,1,1,0,0,1
3542553,1,1,1,1,0,0,1
3543838,1,1,1,1,0,0,1
3543882,0,0,0,0,0,0,1
3544766,1,1,1,1,0,0,1
3544981,1,1,1,1,0,0,1
3545069,1,1,1,1,0,0,1
3545113,0,0,0,0,0,0,1
3546072,1,1,1,1,0,0,1
3546091,1,1,1,1,0,0,1
3546278,1,1,1,1,0,0,1
3546635,1,0,0,0,0,0,1
3547109,1,1,1,1,0,0,1
3547493,1,1,1,1,0,0,1
3548735,1,1,1,1,1,1,0
3548872,1,1,1,1,0,0,0
3548874,1,1,1,1,0,0,1
3549536,1,1,1,1,0,0,1
3551263,1,1,1,1,0,0,1
3553252,1,1,1,1,0,0,0
3554301,1,1,1,1,0,0,0
3554685,1,1,1,1,0,0,0
3556070,1,1,1,1,0,0,0
3556139,0,0,0,0,0,0,1
3556732,1,1,1,1,0,0,0
3556993,1,1,1,0,0,0,1
3558093,1,1,1,1,0,0,1
3558835,1,1,1,1,0,0,1
3559596,1,1,1,1,1,1,0
3559618,1,1,1,1,0,0,1
3560432,1,1,1,1,0,0,0
3560928,1,1,1,1,0,0,1
3561144,1,1,1,0,0,0,1
3561811,1,1,1,1,0,0,1
3561857,1,1,1,1,0,0,0
3563506,1,1,1,1,0,0,1
3564056,1,1,1,1,0,0,1
3565273,1,1,1,1,0,0,0
3566877,1,1,1,1,0,0,1
3566896,1,1,1,1,0,0,1
3568264,1,1,1,1,0,0,1
3568379,1,1,1,1,0,0,1
3568398,1,1,1,1,0,0,1
3569045,1,1,1,1,0,0,0
3569540,1,1,1,1,0,0,1
3569611,1,1,1,1,0,0,1
3569729,1,1,1,1,0,0,1
3570489,1,1,1,1,0,0,1
3570678,1,1,1,1,0,0,1
3571586,1,1,1,1,0,0,1
3571871,1,1,1,1,0,0,1
3572372,1,1,1,1,0,0,1
3573424,1,1,1,1,0,0,1
3573541,1,1,1,0,0,0,1
3573773,1,1,1,1,0,0,1
3575907,1,1,1,0,0,0,1
3576264,1,1,1,1,0,0,1
3576712,1,1,1,1,0,0,0
3576759,1,1,1,1,0,0,1
3576897,1,1,1,1,0,0,1
3578046,1,1,1,1,0,0,1
3578930,1,1,1,1,0,0,1
3579669,1,1,1,0,0,0,1
3580725,1,1,1,1,0,0,0
3581124,1,1,1,1,0,0,1
3583452,1,1,1,1,0,0,0
3583567,1,1,1,0,0,0,1
3583613,1,1,1,0,0,0,1
3584900,1,1,1,0,0,0,1
3586122,1,1,1,1,0,0,0
3586861,1,1,1,1,0,0,0
3588204,1,1,1,0,0,0,1
3589061,1,1,1,0,0,0,1
3589272,1,1,1,0,0,0,1
3590759,1,1,1,1,0,0,0
3590781,1,1,1,0,0,0,1
3591016,1,1,1,0,0,0,1
3591274,1,1,1,0,0,0,1
3591292,1,1,1,1,0,0,1
3591336,0,0,0,0,0,0,1
3593421,1,1,1,0,0,0,1
3597955,1,1,1,1,0,0,0
3597977,1,1,1,1,0,0,0
3598212,1,1,1,0,0,0,0
3598470,1,1,1,1,0,0,0
3598536,1,1,1,1,0,0,0
3600621,1,1,1,0,0,0,0
3602251,1,1,1,0,0,0,1
3603569,1,1,1,1,0,0,1
3604428,1,1,1,1,0,0,1
3605430,1,1,1,0,0,0,1
3605736,1,1,1,1,0,0,0
3605785,1,1,1,1,0,0,1
3607653,1,1,1,0,0,0,1
3607813,1,1,1,0,0,0,0
3608240,1,1,1,1,0,0,1
3608360,1,1,1,1,0,0,1
3609435,1,1,1,1,0,0,0
3609649,1,1,1,1,0,0,1
3609834,1,1,1,1,0,0,1
3610165,1,1,1,1,0,0,1
3610167,1,1,1,0,0,0,1
3610997,1,1,1,1,0,0,1
3611212,1,1,1,1,0,0,1
3611374,1,1,1,1,0,0,1
3612044,1,1,1,1,0,0,1
3612519,1,1,1,1,0,0,1
3612972,1,1,1,1,0,0,1
3613377,1,1,1,1,0,0,1
3613756,1,1,1,1,0,0,1
3613966,1,1,1,1,0,0,1
3614397,1,1,1,1,0,0,1
3614583,1,1,1,1,0,0,1
3614769,1,1,1,0,0,0,1
3614816,1,1,1,1,0,0,1
3614837,1,0,0,0,0,0,1
3615190,1,1,1,1,0,0,1
3615376,1,1,1,0,0,1,0
3615617,1,1,1,0,0,0,1
3615708,1,1,1,1,0,0,1
3615869,1,1,1,1,0,0,1
3616538,1,1,1,0,0,0,1
3616584,1,1,1,1,0,0,1
3617085,1,1,1,1,0,0,1
3617464,1,1,1,1,0,0,1
3617530,1,1,1,1,0,0,1
3617574,0,0,0,0,0,0,1
3618121,1,1,1,1,0,0,1
3618404,1,1,1,1,0,0,1
3618645,1,1,1,1,0,0,1
3618807,1,1,1,1,0,0,1
3619474,1,1,1,1,0,0,1
3619639,1,1,1,0,0,0,1
3619872,1,1,1,1,0,0,1
3620183,1,0,0,0,0,0,1
3620416,1,0,0,0,0,0,1
3620655,1,0,0,0,0,0,1
3621177,1,1,1,1,0,0,1
3622156,1,1,1,0,0,0,1
3622636,1,1,1,1,0,0,1
3622846,1,1,1,1,0,0,1
3622869,1,1,1,0,0,0,1
3623652,1,1,1,1,0,0,1
3624657,1,1,1,0,0,0,1
3626502,1,1,1,1,0,0,1
3626692,1,1,1,1,0,0,1
3627694,1,1,1,1,0,0,1
3627717,1,1,1,1,1,1,0
3627805,1,1,1,0,0,0,1
3627827,1,1,1,0,0,0,0
3627828,1,1,1,0,0,0,1
3628085,1,0,0,0,0,0,1
3628342,1,1,1,0,0,0,1
3628529,1,1,1,1,0,0,1
3629272,1,1,1,1,0,0,1
3629456,1,1,1,1,0,0,1
3629889,1,1,1,1,0,0,1
3630004,1,1,1,1,0,0,1
3630191,1,1,1,0,0,0,1
3630352,1,1,1,1,0,0,1
3631695,1,1,1,1,0,0,1
3632053,1,1,1,1,0,0,1
3633249,1,1,1,1,0,0,1
3633673,1,1,1,1,0,0,1
3634582,1,1,1,1,0,0,1
3634603,1,1,1,1,0,0,1
3635007,1,0,0,0,0,0,1
3635436,1,1,1,1,0,0,1
3636223,1,1,1,1,0,0,1
3636240,1,1,1,1,0,0,1
3636598,1,1,1,1,1,1,0
3636856,1,1,1,1,0,0,1
3637790,1,1,0,0,0,0,1
3637956,1,1,1,1,0,0,1
3638212,1,1,1,1,0,0,1
3638217,1,1,1,1,0,0,1
3638905,1,1,0,0,0,0,1
3639931,1,1,1,1,0,0,1
3640356,1,1,1,1,0,0,1
3640544,0,0,0,0,0,0,1
3640829,1,1,1,1,0,0,0
3641213,1,1,1,0,0,0,1
3641374,1,1,1,1,0,0,1
3642066,1,1,1,1,0,0,1
3642397,1,1,1,1,0,0,1
3643212,1,1,1,1,0,0,1
3643256,0,0,0,0,0,0,1
3643344,1,1,1,1,0,0,1
3643872,1,1,1,1,0,0,1
3643985,1,1,1,1,0,0,1
3644342,1,1,1,1,0,0,1
3644532,1,1,1,1,0,0,1
3644862,1,1,1,1,0,0,1
3645456,1,1,1,1,0,0,1
3645457,1,1,1,1,0,0,1
3645739,1,1,1,0,0,0,1
3646070,1,1,1,1,0,0,1
3646641,1,1,1,1,0,0,1
3646734,1,1,1,1,0,0,1
3647426,1,1,1,1,0,0,1
3648361,1,1,1,1,0,0,0
3648379,1,1,1,1,0,0,1
3648397,1,1,1,1,0,0,1
3648776,1,1,1,1,0,0,1
3649110,1,1,1,0,0,0,1
3649397,1,1,1,0,0,0,1
3649557,1,1,1,1,0,0,1
3650133,1,1,1,1,0,0,1
3650341,1,1,1,0,0,0,1
3650773,1,1,1,1,0,0,1
3650812,1,0,0,0,0,0,1
3651193,1,1,1,0,0,0,1
3651672,1,1,0,0,0,0,0
3651977,1,1,1,1,0,0,1
3652025,1,1,1,0,0,0,1
3652544,1,1,1,1,0,0,1
3652856,1,1,1,0,0,0,1
3652925,1,1,1,1,0,0,1
3652965,1,1,1,1,0,0,1
3653584,1,1,1,0,0,0,1
3653681,1,1,1,0,0,0,1
3653700,1,1,1,1,0,0,1
3654916,1,1,1,1,0,0,1
3655489,1,1,1,0,0,0,1
3655511,1,1,1,1,0,0,0
3655580,1,1,1,1,0,0,1
3655769,1,1,1,1,0,0,1
3656097,1,1,1,1,0,0,1
3656238,1,1,1,0,0,0,0
3657195,1,1,1,1,0,0,1
3657358,1,1,1,0,0,0,1
3657549,1,1,1,1,0,0,1
3657568,1,1,1,1,0,0,1
3658139,1,1,1,1,0,0,1
3658302,1,1,1,0,0,0,1
3658346,0,0,0,0,0,0,1
3658989,1,1,1,1,0,0,1
3659396,1,1,1,1,0,0,1
3659561,1,1,1,1,0,0,1
3660753,1,1,1,1,0,0,1
3662068,1,1,1,1,0,0,0
3662568,1,1,0,0,0,0,1
3662590,1,1,1,1,0,0,1
3663356,1,1,1,1,0,0,1
3663494,1,1,1,0,0,0,1
3663872,1,1,1,0,0,0,1
3663918,1,0,0,0,0,0,1
3664108,1,1,1,1,0,0,1
3664175,1,1,1,1,0,0,1
3664221,1,1,1,1,0,0,1
3664332,1,0,0,0,0,0,1
3665240,1,1,1,1,0,0,1
3665312,1,1,1,0,0,0,1
3665645,1,1,1,1,0,0,1
3665853,1,1,1,1,0,0,1
3668488,1,1,1,1,0,0,1
3669017,1,1,1,1,0,0,1
3669131,1,1,1,1,0,0,1
3669968,1,1,1,1,0,0,1
3670394,1,1,1,1,0,0,1
3671255,1,1,1,1,0,0,1
3671469,1,1,1,1,0,0,1
3671652,1,1,1,1,0,0,1
3673041,1,1,1,1,0,0,0
3673470,1,1,1,1,0,0,1
3674067,1,1,1,1,0,0,1
3674878,1,1,1,1,0,0,1
3674899,1,1,1,1,0,0,1
3675758,1,1,1,1,0,0,1
3676236,1,1,1,1,0,0,1
3676377,1,1,1,1,0,0,1
3676512,1,1,1,1,0,0,1
3677136,1,0,0,0,0,0,1
3677441,1,1,1,1,0,0,1
3677969,1,1,1,1,0,0,1
3678946,1,1,1,1,0,0,1
3678988,1,1,1,1,0,0,1
3679033,1,1,1,1,0,0,1
3679511,1,1,1,1,0,0,1
3679555,0,0,0,0,0,0,1
3679599,0,0,0,0,0,0,1
3681033,1,1,1,0,0,0,1
3681321,1,1,1,1,0,0,1
3681820,1,1,1,1,0,0,1
3682415,1,1,1,1,0,0,1
3683253,1,1,1,0,0,0,1
3683297,0,0,0,0,0,0,1
3683652,1,1,1,1,0,0,1
3683740,1,1,1,1,0,0,1
3684581,1,1,1,1,0,0,1
3686110,1,1,1,1,0,0,0
3688217,1,1,1,1,0,0,0
3689465,1,1,1,1,0,0,1
3689603,1,1,1,1,0,0,0
3690848,1,1,1,1,0,0,0
3690936,1,1,1,1,0,0,0
3692425,1,1,1,1,0,0,1
3692800,1,1,1,1,0,0,1
3693302,1,1,1,1,0,0,0
3693587,1,1,1,1,0,0,1
3693728,1,1,1,1,0,0,1
3693768,1,1,1,0,0,0,1
3693793,1,1,1,1,0,0,1
3695393,1,1,1,1,0,0,0
3695628,1,1,1,1,0,0,1
3696394,1,1,1,1,0,0,1
3696604,1,1,1,1,0,0,1
3696916,1,1,1,1,0,0,1
3697105,1,1,1,1,0,0,1
3697481,1,1,1,1,0,0,1
3697814,1,1,1,1,0,0,1
3698793,1,1,1,1,0,0,1
3699607,1,1,1,1,0,0,1
3699965,1,1,1,1,0,0,1
3700822,1,1,1,1,0,0,1
3702044,1,1,1,1,0,0,1
3703454,1,1,1,1,0,0,1
3703641,1,1,1,1,0,0,1
3703780,1,1,1,1,0,0,0
3704715,1,1,1,1,0,0,1
3705069,1,1,1,1,0,0,1
3706221,1,1,1,1,0,0,1
3706454,1,1,1,1,0,0,1
3706520,1,1,1,1,0,0,1
3706523,1,1,1,1,0,0,1
3706754,1,0,0,0,0,0,1
3708788,1,1,1,1,0,0,1
3709029,1,1,1,1,0,0,1
3709216,1,1,1,1,0,0,0
3709643,1,1,1,0,0,0,1
3710935,1,1,1,1,0,0,1
3711288,1,1,1,0,0,0,1
3712245,1,1,1,1,0,0,0
3712700,1,1,1,1,0,0,1
3712740,1,1,1,1,0,0,1
3713699,1,1,1,1,0,0,1
3713934,1,1,1,1,0,0,0
3714073,1,1,1,1,0,0,1
3715080,1,1,1,1,0,0,1
3715509,1,1,1,1,0,0,1
3716844,1,1,1,1,0,0,1
3717635,1,1,1,1,0,0,1
3717990,1,1,1,1,0,0,1
3719401,1,1,1,1,0,0,1
3719545,1,1,1,1,0,0,1
3719588,1,1,1,1,0,0,1
3719628,1,1,1,1,0,0,1
3720709,1,1,1,1,0,0,1
3721132,1,1,1,1,0,0,1
3721586,1,1,1,1,0,0,1
3723887,1,1,1,1,0,0,1
3724605,1,1,1,1,0,0,1
3725199,1,1,1,1,0,0,1
3726085,1,1,1,0,0,0,1
3726581,1,1,1,1,0,0,0
3726772,1,1,1,1,0,0,0
3727030,1,1,1,1,0,0,1
3728176,1,1,1,1,0,0,1
3728415,1,1,1,1,0,0,1
3730930,1,1,1,0,0,0,1
3731695,1,1,1,1,0,0,1
3732268,1,1,1,1,0,0,1
3733273,1,1,1,1,0,0,0
3733769,1,1,1,0,0,0,0
3735372,1,1,1,1,0,0,0
3736500,1,1,1,1,0,0,1
3738076,1,1,1,1,0,0,1
3738122,1,1,1,1,0,0,0
3738527,1,1,1,1,0,0,1
3739650,1,1,1,1,0,0,1
3740465,1,1,1,1,0,0,0
3740961,1,1,1,1,0,0,0
3743069,1,1,1,1,0,0,1
3743692,1,1,1,1,0,0,0
3745125,1,1,1,1,0,0,1
3745264,1,1,1,1,0,0,0
3745719,1,1,1,1,0,0,0
3746842,1,1,1,1,0,0,0
3747104,1,1,1,1,0,0,1
3747168,1,1,1,1,0,0,1
3747649,1,1,1,1,0,0,0
3748025,1,1,1,0,0,0,1
3749343,1,1,1,1,0,0,1
3750152,1,1,1,1,0,0,1
3750462,1,1,1,1,0,0,1
3750725,1,1,1,1,0,0,1
3750935,1,1,1,0,0,0,1
3751747,1,1,1,1,0,0,1
3753614,1,1,1,1,0,0,1
3754189,1,1,1,1,0,0,1
3754280,1,1,1,1,0,0,0
3755209,1,1,1,0,0,0,0
3755929,1,1,1,1,1,1,0
3757125,1,1,1,1,0,0,1
3757332,1,1,1,1,0,0,0
3758579,1,1,1,1,0,0,1
3759008,1,1,1,1,0,0,1
3759578,1,1,1,1,0,0,1
3759885,1,1,1,1,0,0,1
3760504,1,1,1,1,0,0,1
3760885,1,1,1,1,0,0,1
3761125,1,1,1,1,0,0,1
3761215,1,1,1,1,0,0,1
3762868,1,1,0,0,0,0,1
3763033,1,1,1,1,0,0,1
3763387,1,1,1,1,0,0,1
3763766,1,1,1,1,0,0,1
3764052,1,1,1,1,0,0,1
3764145,1,1,1,1,0,0,1
3764163,1,1,1,0,0,0,1
3764185,0,0,0,0,0,0,1
3764465,1,1,1,1,1,1,0
3764512,1,0,0,0,0,0,1
3764794,1,1,1,1,0,0,1
3764984,0,0,0,0,0,0,1
3766443,1,1,1,1,0,0,1
3766921,1,1,1,0,0,0,1
3767656,1,1,1,1,0,0,0
3767659,1,1,1,1,0,0,1
3768780,1,1,1,1,0,0,1
3768868,1,1,1,1,0,0,1
3769274,1,1,1,1,0,0,1
3769725,1,1,1,1,0,0,1
3769963,1,1,1,1,0,0,1
3770224,1,1,1,1,0,0,1
3771129,1,1,1,1,0,0,1
3771244,1,1,1,0,0,0,1
3771747,1,1,1,1,0,0,1
3771766,1,1,1,1,0,0,1
3772028,1,1,1,1,0,0,1
3772620,1,1,1,1,0,0,1
3772621,1,1,1,1,0,0,1
3773071,1,1,1,1,0,0,1
3773856,1,1,1,1,0,0,1
3774073,1,1,1,0,0,1,0
3774475,1,1,1,1,0,0,1
3774734,1,1,1,1,0,0,1
3775165,1,1,1,1,0,0,1
3775396,1,1,1,1,0,0,1
3776330,1,1,1,1,0,0,1
3776468,1,1,1,0,0,0,1
3777546,1,1,1,1,0,0,1
3778116,1,1,1,1,0,0,1
3778140,1,1,1,1,0,0,1
3778977,1,1,1,1,0,0,1
3779258,1,1,1,1,0,0,1
3779545,1,1,0,0,0,0,1
3779656,1,1,1,1,0,0,1
3779728,1,1,1,1,0,0,1
3779769,1,1,1,1,0,0,0
3781137,1,1,1,0,0,0,1
3781181,0,0,0,0,0,0,1
3781224,1,1,1,1,0,0,1
3781602,1,1,1,1,0,0,1
3781623,1,1,1,1,0,0,0
3781885,1,1,1,1,0,0,1
3782191,1,0,0,0,0,0,1
3782328,1,1,1,1,0,0,1
3782397,1,1,1,1,0,0,1
3783088,1,1,1,1,0,0,1
3783110,1,1,1,1,0,0,1
3783465,1,1,1,1,0,0,1
3783993,1,1,1,0,0,0,1
3784080,1,1,1,1,0,0,1
3784082,1,1,1,0,0,0,1
3784148,1,1,1,1,0,0,1
3784405,1,1,1,1,0,0,1
3784407,1,1,1,1,0,0,1
3784569,1,0,0,0,0,0,1
3785236,1,1,1,1,0,0,1
3785252,1,1,1,1,0,0,1
3785296,0,0,0,0,0,0,1
3785630,1,1,1,1,0,0,1
3785633,1,1,1,1,0,0,1
3786921,1,1,1,0,0,0,1
3786962,1,1,1,1,0,0,1
3787056,1,1,1,1,0,0,1
3787893,1,1,1,0,0,0,1
3788438,1,1,1,1,0,0,1
3788460,1,1,1,0,0,0,1
3789340,1,1,1,1,0,0,1
3789626,1,1,1,1,0,0,1
3789911,1,1,1,1,0,0,1
3791176,1,1,1,1,0,0,1
3791557,1,1,1,1,0,0,0
3791624,1,0,0,0,0,0,1
3791863,1,1,1,1,0,0,1
3792269,1,1,1,1,0,0,1
3793102,1,1,1,1,0,0,1
3793168,1,1,1,0,0,0,1
3794366,1,1,1,1,1,1,0
3794459,1,1,1,1,0,0,1
3795317,1,1,1,1,0,0,1
3795319,1,1,1,1,0,0,1
3795624,1,1,1,0,0,0,0
3795765,1,1,1,1,0,0,1
3796888,1,1,1,1,0,0,1
3797986,1,1,1,1,0,0,1
3800356,1,1,1,1,0,0,0
3800400,0,0,0,0,0,0,1
3802509,1,1,1,1,0,0,0
3802511,1,1,1,1,0,0,0
3802549,0,0,0,0,0,0,1
3802957,1,1,1,1,0,0,0
3804080,1,1,1,1,0,0,0
3804916,1,1,1,0,0,0,1
3805174,1,1,1,1,0,0,0
3806008,1,1,1,1,0,0,1
3808865,1,1,1,1,0,0,1
3809699,1,1,1,1,0,0,0
3809741,1,1,1,1,0,0,0
3809786,1,1,1,1,1,1,0
3812112,1,1,1,1,0,0,0
3813208,1,1,1,1,0,0,0
3814289,1,1,1,1,0,0,1
3814356,1,1,1,1,0,0,1
3814904,1,0,0,0,0,0,1
3816288,1,1,1,1,0,0,1
3816502,1,1,1,1,0,0,1
3816883,1,1,1,1,0,0,0
3816925,1,1,1,1,0,0,0
3818265,1,1,1,1,0,0,1
3821481,1,1,1,1,0,0,0
3822100,1,1,1,1,0,0,0
3822143,1,1,1,1,0,0,1
3822521,1,1,1,1,0,0,1
3822665,1,1,1,1,0,0,1
3823188,1,1,1,1,0,0,1
3823278,1,1,1,1,0,0,1
3823368,1,1,1,1,0,0,1
3827711,1,1,1,1,0,0,1
3827969,1,1,1,1,0,0,1
3827993,1,1,1,1,0,0,1
3830388,1,1,1,1,0,0,0
3830478,1,1,1,1,0,0,0
3830568,1,1,1,1,0,0,0
3830573,1,1,1,1,0,0,1
3832509,1,1,1,1,0,0,1
3832671,1,1,1,1,0,0,1
3834059,1,1,0,0,0,0,1
3834174,1,1,1,1,0,0,1
3834389,1,1,1,1,0,0,1
3834620,1,1,1,1,0,0,1
3835145,1,1,1,1,0,0,0
3836030,1,1,1,1,0,0,1
3836629,1,1,1,1,0,0,1
3837560,1,1,1,1,0,0,0
3837604,0,0,0,0,0,0,1
3837745,1,1,1,1,0,0,1
3838048,1,1,1,1,0,0,1
3838094,1,1,1,1,0,0,1
3839075,1,1,1,1,0,0,1
3840485,1,1,1,1,0,0,1
3841996,1,1,1,1,0,0,1
3843020,1,1,1,1,0,0,1
3844941,1,1,1,1,0,0,0
3845294,1,1,1,1,0,0,0
3846107,1,1,1,1,0,0,1
3846702,1,1,1,1,0,0,1
3847204,1,1,1,1,0,0,1
3847677,1,1,1,0,0,0,0
3849475,1,1,1,1,0,0,1
3850212,1,1,1,1,0,0,0
3850378,1,1,1,1,0,0,1
3851023,1,1,1,0,0,0,1
3852098,1,1,1,1,0,0,1
3852121,1,1,1,1,0,0,0
3853505,1,1,1,1,0,0,1
3854392,1,1,1,1,0,0,0
3854554,1,1,1,1,1,1,0
3855292,1,1,1,1,0,0,1
3856973,1,1,1,1,0,0,1
3857927,1,1,1,1,0,0,1
3858044,1,1,1,1,0,0,1
3858663,1,1,1,1,0,0,1
3858804,1,1,1,0,0,0,1
3859613,1,1,1,1,0,0,1
3860978,1,1,1,1,0,0,1
3861937,1,1,1,1,0,0,1
3861981,0,0,0,0,0,0,1
3862144,1,1,1,1,0,0,1
3862378,1,1,1,1,0,0,1
3862421,1,1,1,1,0,0,1
3862464,1,1,1,1,0,0,0
3862921,1,1,1,1,0,0,1
3863176,1,1,1,1,0,0,1
3863391,1,1,1,1,0,0,1
3863673,1,1,1,0,0,0,1
3864606,1,1,1,1,0,0,1
3865008,1,1,1,1,0,0,1
3866184,1,1,1,1,0,0,1
3866251,1,1,1,1,0,0,1
3866390,1,1,1,1,0,0,1
3867297,1,1,1,1,0,0,1
3867607,1,1,1,1,0,0,1
3867724,1,1,1,1,0,0,1
3869901,1,1,1,1,0,0,1
3870093,1,1,1,1,0,0,0
3870373,0,0,0,0,0,0,1
3870419,1,1,1,1,0,0,1
3871040,1,1,1,1,0,0,1
3872184,1,1,1,1,0,0,0
3872591,1,1,1,1,0,0,1
3873140,1,1,1,1,0,0,1
3873566,1,1,1,1,0,0,0
3874451,1,1,1,1,0,0,1
3875191,1,1,1,1,0,0,1
3875232,1,1,1,1,0,0,1
3876356,1,1,1,1,0,0,1
3876787,1,1,1,1,0,0,1
3877022,1,1,1,1,0,0,1
3877261,1,1,1,1,0,0,0
3877541,1,1,1,1,0,0,0
3877924,1,1,1,1,0,0,1
3880029,1,1,1,1,0,0,1
3880315,1,1,1,1,0,0,1
3880816,1,1,1,1,0,0,1
3881531,1,1,1,0,0,0,1
3881960,1,1,1,1,0,0,1
3882073,1,1,1,1,0,0,1
3882600,1,1,1,1,0,0,1
3883528,1,1,1,1,0,0,0
3884198,1,1,1,0,0,0,0
3884437,1,1,1,1,0,0,0
3884908,1,1,1,1,0,0,1
3884910,1,1,1,1,0,0,1
3885193,1,1,1,1,0,0,1
3885594,1,1,1,1,0,0,1
3885996,1,1,1,1,0,0,1
3886021,1,1,1,1,0,0,1
3886062,1,0,0,0,0,0,1
3886826,1,1,1,1,0,0,1
3887257,1,1,1,1,0,0,1
3888213,1,1,1,1,0,0,1
3888687,1,1,1,1,0,0,0
3888973,1,1,1,1,0,0,1
3889229,1,1,1,1,0,0,0
3889608,1,1,1,1,0,0,1
3889752,1,1,1,1,0,0,0
3889917,1,1,1,1,0,0,1
3890368,1,1,1,1,0,0,1
3890749,1,1,1,1,0,0,1
3891008,1,1,1,1,0,0,1
3891673,1,1,1,1,0,0,1
3892776,1,1,1,1,0,0,1
3892797,1,1,1,1,0,0,1
3893556,1,1,1,1,0,0,1
3893581,1,0,0,0,0,0,1
3893982,1,1,1,1,0,0,0
3894384,1,1,1,1,0,0,1
3894481,1,1,1,1,0,0,1
3895553,1,1,1,1,0,0,1
3895839,1,1,1,1,0,0,0
3896029,1,1,1,1,0,0,1
3896092,1,1,1,1,0,0,1
3896404,1,1,1,1,0,0,1
3896807,1,1,1,1,0,0,1
3896850,1,1,1,1,0,0,1
3898405,1,1,1,1,0,0,1
3898499,1,1,1,1,0,0,1
3899167,1,1,1,0,0,0,1
3899168,1,1,1,1,0,0,1
3899276,1,1,1,1,0,0,1
3899322,1,1,1,1,0,0,1
3899652,0,0,0,0,0,0,1
3900992,1,1,1,1,0,0,1
3901016,1,0,0,0,0,0,1
3901058,1,1,1,1,0,0,1
3901127,1,1,1,0,0,0,1
3901844,1,1,1,0,0,0,1
3901862,1,1,1,1,0,0,1
3901881,1,1,1,1,0,0,1
3901996,1,1,1,1,0,0,1
3902115,1,1,1,1,0,0,1
3902664,1,1,1,1,0,0,1
3902682,1,1,1,1,0,0,1
3903161,1,1,1,1,0,0,0
3903468,1,1,1,1,0,0,1
3903512,0,0,0,0,0,0,1
3903865,1,1,1,1,0,0,1
3904244,1,1,1,1,0,0,1
3904723,1,1,1,1,0,0,1
3905436,1,1,1,1,0,0,1
3905889,1,1,1,1,0,0,1
3906033,1,1,1,1,0,0,1
3906458,1,1,1,1,0,0,1
3906503,1,1,1,1,0,0,1
3906547,0,0,0,0,0,0,1
3907212,1,1,1,1,0,0,1
3907381,1,1,1,1,0,0,1
3907445,1,1,1,1,0,0,1
3907659,1,1,1,1,0,0,1
3907870,1,1,1,1,0,0,1
3907984,1,0,0,0,0,0,1
3908028,0,0,0,0,0,0,1
3908196,1,1,1,1,0,0,1
3908957,1,1,1,1,0,0,1
3909168,1,1,1,1,0,0,1
3909721,1,1,1,1,0,0,1
3909739,1,1,1,1,0,0,1
3910142,1,1,1,1,0,0,1
3910573,1,1,1,1,0,0,1
3910612,1,1,1,1,0,0,1
3910634,1,0,0,0,0,0,1
3911373,1,1,1,1,0,0,1
3911899,1,1,1,1,0,0,1
3911945,1,1,1,1,0,0,1
3912008,1,1,1,1,0,0,1
3912245,1,1,1,1,0,0,1
3912437,1,0,0,0,0,0,1
3912454,1,1,1,1,0,0,1
3912811,1,1,1,1,0,0,1
3913288,1,1,0,0,0,0,1
3913400,1,1,1,1,0,0,1
3914505,1,1,1,1,0,0,1
3914523,1,1,1,1,0,0,1
3915189,1,1,1,1,0,0,1
3915280,1,1,1,1,0,0,1
3915949,1,1,1,1,0,0,1
3916092,1,1,1,1,0,0,1
3917214,1,1,1,0,0,0,1
3917215,1,1,1,1,0,0,1
3918309,1,1,1,1,0,0,1
3918712,1,1,1,1,0,0,1
3918761,1,1,1,1,0,0,1
3919137,1,1,1,1,0,0,1
3919567,1,1,1,1,0,0,1
3920045,1,1,1,0,0,0,1
3921552,1,1,1,1,0,0,1
3922051,1,1,1,1,0,0,1
3922741,1,1,1,0,0,0,1
3922882,1,1,1,0,0,0,1
3923982,1,1,1,0,0,0,1
3924025,1,1,1,1,0,0,1
3925583,1,1,1,1,0,0,1
3925627,0,0,0,0,0,0,1
3925884,1,1,1,0,0,0,0
3926002,1,1,1,1,0,0,1
3926261,1,1,1,1,0,0,1
3926713,1,0,0,0,0,0,1
3926900,1,1,1,1,0,0,1
3926995,1,1,1,0,0,0,1
3927205,1,0,0,0,0,0,1
3927209,1,1,1,1,0,0,0
3927388,1,0,0,0,0,0,1
3927390,1,1,1,1,0,0,1
3928081,1,1,1,1,0,0,1
3928700,1,1,1,1,0,0,0
3928910,1,1,1,1,0,0,1
3930920,1,1,1,1,0,0,1
3930925,1,1,1,1,0,0,1
3931633,1,1,1,1,0,0,1
3933433,1,1,1,1,0,0,1
3933810,1,1,1,1,0,0,1
3934167,1,1,1,1,0,0,0
3934688,1,1,1,1,0,0,1
3934926,1,1,1,1,0,0,1
3935641,1,1,1,1,0,0,1
3935880,1,1,1,1,0,0,0
3936280,1,1,1,1,0,0,1
3936324,0,0,0,0,0,0,1
3937042,1,1,1,1,0,0,1
3937833,1,1,1,1,0,0,1
3938763,1,1,1,1,0,0,1
3938926,1,1,1,1,0,0,1
3939281,1,1,1,1,0,0,1
3939857,1,1,1,1,0,0,1
3939900,1,1,1,1,0,0,1
3940660,1,1,1,1,0,0,1
3940946,1,1,1,1,0,0,1
3941951,1,1,1,1,0,0,1
3942739,1,1,1,1,0,0,1
3945181,1,1,1,1,0,0,1
3945226,1,1,1,1,0,0,1
3947049,1,1,1,1,0,0,0
3947092,1,1,1,1,0,0,0
3947852,1,1,1,1,0,0,0
3947925,1,1,1,1,0,0,1
3947969,0,0,0,0,0,0,1
3948059,1,1,1,1,0,0,1
3948820,1,1,1,1,0,0,1
3949492,1,1,1,1,0,0,1
3949536,0,0,0,0,0,0,1
3949601,1,1,1,1,0,0,1
3950968,1,1,1,1,0,0,1
3951373,1,1,1,1,0,0,1
3952398,1,1,1,1,0,0,0
3952587,1,1,1,1,0,0,1
3953541,1,1,1,1,0,0,1
3955313,1,1,1,1,0,0,1
3956004,1,1,1,1,0,0,0
3956073,1,1,1,0,0,0,1
3957391,1,1,1,1,0,0,1
3958156,1,1,1,1,0,0,0
3958342,1,1,1,1,0,0,1
3958557,1,1,1,1,0,0,0
3959150,1,1,1,1,0,0,1
3961738,1,1,1,0,0,0,1
3962598,0,0,0,0,0,0,1
3963192,1,1,1,1,0,0,0
3963261,1,1,1,1,0,0,0
3963307,1,1,1,1,0,0,1
3964284,1,1,1,1,0,0,1
3964404,1,1,1,1,0,0,1
3964686,1,1,1,0,0,0,1
3964687,1,1,1,1,0,0,1
3964945,1,1,1,1,0,0,1
3968636,1,1,1,0,0,0,1
3970453,1,1,0,0,0,0,0
3970618,1,1,1,1,0,0,1
3971476,1,1,1,1,0,0,0
3971883,1,1,1,1,0,0,0
3972145,1,1,1,1,0,0,0
3974779,1,1,1,1,0,0,1
3975832,1,1,1,1,0,0,0
3977649,1,1,1,1,0,0,0
3977814,0,0,0,0,0,0,0
3978672,1,1,1,1,0,0,0
3979345,1,1,1,1,0,0,0
3981979,1,1,1,1,0,0,0
3983032,1,1,1,1,0,0,0
3984849,1,1,1,1,0,0,0
3985014,1,1,1,1,0,0,0
3985872,1,1,1,1,0,0,0
3986545,1,1,1,1,0,0,0
3988939,1,1,1,1,0,0,1
3989582,1,1,1,1,0,0,1
3989744,1,1,1,1,0,0,1
3990029,1,1,1,1,0,0,1
3990220,1,1,1,1,0,0,0
3990863,1,0,0,0,0,0,1
3991146,1,1,1,0,0,0,1
3992388,1,1,1,1,0,0,1
3992917,1,1,1,1,0,0,1
3993511,1,1,1,1,0,0,1
3995930,1,1,1,1,0,0,1
3996764,1,1,1,1,0,0,1
3996980,1,1,1,1,0,0,1
3997213,1,1,1,1,0,0,0
3997405,1,1,1,1,0,0,1
3997663,1,1,1,1,0,0,1
3997944,1,1,1,1,0,0,1
3998181,1,1,1,1,0,0,1
3998466,1,1,1,1,0,0,1
3999040,1,1,1,0,0,0,1
3999253,1,1,1,1,0,0,1
3999944,1,1,1,1,0,0,1
4000009,1,1,1,1,0,0,1
