ladder,arm,seed,stage,bin_center_step,rate,n_episodes_in_bin
staged,human,958,picked,6250,0.0000,48
staged,human,958,picked,18750,0.1194,67
staged,human,958,picked,31250,0.1636,55
staged,human,958,picked,43750,0.4783,69
staged,human,958,picked,56250,0.5938,64
staged,human,958,picked,68750,0.8136,59
staged,human,958,picked,81250,0.6111,54
staged,human,958,picked,93750,0.4340,53
staged,human,958,picked,106250,,0
staged,human,958,picked,118750,,0
staged,human,958,picked,131250,,0
staged,human,958,picked,143750,,0
staged,human,958,picked,156250,,0
staged,human,958,picked,168750,,0
staged,human,958,picked,181250,,0
staged,human,958,picked,193750,,0
staged,human,958,picked,206250,,0
staged,human,958,picked,218750,,0
staged,human,958,picked,231250,,0
staged,human,958,picked,243750,,0
staged,human,958,picked,256250,,0
staged,human,958,picked,268750,,0
staged,human,958,picked,281250,,0
staged,human,958,picked,293750,,0
staged,human,958,picked,306250,,0
staged,human,958,picked,318750,,0
staged,human,958,picked,331250,,0
staged,human,958,picked,343750,,0
staged,human,958,picked,356250,,0
staged,human,958,picked,368750,,0
staged,human,958,picked,381250,,0
staged,human,958,picked,393750,,0
staged,human,958,picked,406250,,0
staged,human,958,picked,418750,,0
staged,human,958,picked,431250,,0
staged,human,958,picked,443750,,0
staged,human,958,picked,456250,,0
staged,human,958,picked,468750,,0
staged,human,958,picked,481250,,0
staged,human,958,picked,493750,,0
staged,human,959,picked,6250,0.0000,46
staged,human,959,picked,18750,0.2037,54
staged,human,959,picked,31250,0.0690,58
staged,human,959,picked,43750,0.1000,60
staged,human,959,picked,56250,0.4304,79
staged,human,959,picked,68750,0.7763,76
staged,human,959,picked,81250,0.7838,74
staged,human,959,picked,93750,0.7826,69
staged,human,959,picked,106250,,0
staged,human,959,picked,118750,,0
staged,human,959,picked,131250,,0
staged,human,959,picked,143750,,0
staged,human,959,picked,156250,,0
staged,human,959,picked,168750,,0
staged,human,959,picked,181250,,0
staged,human,959,picked,193750,,0
staged,human,959,picked,206250,,0
staged,human,959,picked,218750,,0
staged,human,959,picked,231250,,0
staged,human,959,picked,243750,,0
staged,human,959,picked,256250,,0
staged,human,959,picked,268750,,0
staged,human,959,picked,281250,,0
staged,human,959,picked,293750,,0
staged,human,959,picked,306250,,0
staged,human,959,picked,318750,,0
staged,human,959,picked,331250,,0
staged,human,959,picked,343750,,0
staged,human,959,picked,356250,,0
staged,human,959,picked,368750,,0
staged,human,959,picked,381250,,0
staged,human,959,picked,393750,,0
staged,human,959,picked,406250,,0
staged,human,959,picked,418750,,0
staged,human,959,picked,431250,,0
staged,human,959,picked,443750,,0
staged,human,959,picked,456250,,0
staged,human,959,picked,468750,,0
staged,human,959,picked,481250,,0
staged,human,959,picked,493750,,0
staged,machine,978,picked,6250,0.0000,50
staged,machine,978,picked,18750,0.0308,65
staged,machine,978,picked,31250,0.1739,69
staged,machine,978,picked,43750,0.2419,62
staged,machine,978,picked,56250,0.1111,63
staged,machine,978,picked,68750,0.1803,61
staged,machine,978,picked,81250,0.1207,58
staged,machine,978,picked,93750,0.2000,70
staged,machine,978,picked,106250,,0
staged,machine,978,picked,118750,,0
staged,machine,978,picked,131250,,0
staged,machine,978,picked,143750,,0
staged,machine,978,picked,156250,,0
staged,machine,978,picked,168750,,0
staged,machine,978,picked,181250,,0
staged,machine,978,picked,193750,,0
staged,machine,978,picked,206250,,0
staged,machine,978,picked,218750,,0
staged,machine,978,picked,231250,,0
staged,machine,978,picked,243750,,0
staged,machine,978,picked,256250,,0
staged,machine,978,picked,268750,,0
staged,machine,978,picked,281250,,0
staged,machine,978,picked,293750,,0
staged,machine,978,picked,306250,,0
staged,machine,978,picked,318750,,0
staged,machine,978,picked,331250,,0
staged,machine,978,picked,343750,,0
staged,machine,978,picked,356250,,0
staged,machine,978,picked,368750,,0
staged,machine,978,picked,381250,,0
staged,machine,978,picked,393750,,0
staged,machine,978,picked,406250,,0
staged,machine,978,picked,418750,,0
staged,machine,978,picked,431250,,0
staged,machine,978,picked,443750,,0
staged,machine,978,picked,456250,,0
staged,machine,978,picked,468750,,0
staged,machine,978,picked,481250,,0
staged,machine,978,picked,493750,,0
staged,machine,979,picked,6250,0.0000,42
staged,machine,979,picked,18750,0.0333,60
staged,machine,979,picked,31250,0.1667,60
staged,machine,979,picked,43750,0.3571,70
staged,machine,979,picked,56250,0.4133,75
staged,machine,979,picked,68750,0.1948,77
staged,machine,979,picked,81250,0.3210,81
staged,machine,979,picked,93750,0.5256,78
staged,machine,979,picked,106250,,0
staged,machine,979,picked,118750,,0
staged,machine,979,picked,131250,,0
staged,machine,979,picked,143750,,0
staged,machine,979,picked,156250,,0
staged,machine,979,picked,168750,,0
staged,machine,979,picked,181250,,0
staged,machine,979,picked,193750,,0
staged,machine,979,picked,206250,,0
staged,machine,979,picked,218750,,0
staged,machine,979,picked,231250,,0
staged,machine,979,picked,243750,,0
staged,machine,979,picked,256250,,0
staged,machine,979,picked,268750,,0
staged,machine,979,picked,281250,,0
staged,machine,979,picked,293750,,0
staged,machine,979,picked,306250,,0
staged,machine,979,picked,318750,,0
staged,machine,979,picked,331250,,0
staged,machine,979,picked,343750,,0
staged,machine,979,picked,356250,,0
staged,machine,979,picked,368750,,0
staged,machine,979,picked,381250,,0
staged,machine,979,picked,393750,,0
staged,machine,979,picked,406250,,0
staged,machine,979,picked,418750,,0
staged,machine,979,picked,431250,,0
staged,machine,979,picked,443750,,0
staged,machine,979,picked,456250,,0
staged,machine,979,picked,468750,,0
staged,machine,979,picked,481250,,0
staged,machine,979,picked,493750,,0
staged,human,958,placed_v2,6250,0.0000,48
staged,human,958,placed_v2,18750,0.0000,67
staged,human,958,placed_v2,31250,0.0364,55
staged,human,958,placed_v2,43750,0.0580,69
staged,human,958,placed_v2,56250,0.1875,64
staged,human,958,placed_v2,68750,0.5085,59
staged,human,958,placed_v2,81250,0.2778,54
staged,human,958,placed_v2,93750,0.0377,53
staged,human,958,placed_v2,106250,,0
staged,human,958,placed_v2,118750,,0
staged,human,958,placed_v2,131250,,0
staged,human,958,placed_v2,143750,,0
staged,human,958,placed_v2,156250,,0
staged,human,958,placed_v2,168750,,0
staged,human,958,placed_v2,181250,,0
staged,human,958,placed_v2,193750,,0
staged,human,958,placed_v2,206250,,0
staged,human,958,placed_v2,218750,,0
staged,human,958,placed_v2,231250,,0
staged,human,958,placed_v2,243750,,0
staged,human,958,placed_v2,256250,,0
staged,human,958,placed_v2,268750,,0
staged,human,958,placed_v2,281250,,0
staged,human,958,placed_v2,293750,,0
staged,human,958,placed_v2,306250,,0
staged,human,958,placed_v2,318750,,0
staged,human,958,placed_v2,331250,,0
staged,human,958,placed_v2,343750,,0
staged,human,958,placed_v2,356250,,0
staged,human,958,placed_v2,368750,,0
staged,human,958,placed_v2,381250,,0
staged,human,958,placed_v2,393750,,0
staged,human,958,placed_v2,406250,,0
staged,human,958,placed_v2,418750,,0
staged,human,958,placed_v2,431250,,0
staged,human,958,placed_v2,443750,,0
staged,human,958,placed_v2,456250,,0
staged,human,958,placed_v2,468750,,0
staged,human,958,placed_v2,481250,,0
staged,human,958,placed_v2,493750,,0
staged,human,959,placed_v2,6250,0.0000,46
staged,human,959,placed_v2,18750,0.0185,54
staged,human,959,placed_v2,31250,0.0000,58
staged,human,959,placed_v2,43750,0.0000,60
staged,human,959,placed_v2,56250,0.0380,79
staged,human,959,placed_v2,68750,0.2105,76
staged,human,959,placed_v2,81250,0.3514,74
staged,human,959,placed_v2,93750,0.3478,69
staged,human,959,placed_v2,106250,,0
staged,human,959,placed_v2,118750,,0
staged,human,959,placed_v2,131250,,0
staged,human,959,placed_v2,143750,,0
staged,human,959,placed_v2,156250,,0
staged,human,959,placed_v2,168750,,0
staged,human,959,placed_v2,181250,,0
staged,human,959,placed_v2,193750,,0
staged,human,959,placed_v2,206250,,0
staged,human,959,placed_v2,218750,,0
staged,human,959,placed_v2,231250,,0
staged,human,959,placed_v2,243750,,0
staged,human,959,placed_v2,256250,,0
staged,human,959,placed_v2,268750,,0
staged,human,959,placed_v2,281250,,0
staged,human,959,placed_v2,293750,,0
staged,human,959,placed_v2,306250,,0
staged,human,959,placed_v2,318750,,0
staged,human,959,placed_v2,331250,,0
staged,human,959,placed_v2,343750,,0
staged,human,959,placed_v2,356250,,0
staged,human,959,placed_v2,368750,,0
staged,human,959,placed_v2,381250,,0
staged,human,959,placed_v2,393750,,0
staged,human,959,placed_v2,406250,,0
staged,human,959,placed_v2,418750,,0
staged,human,959,placed_v2,431250,,0
staged,human,959,placed_v2,443750,,0
staged,human,959,placed_v2,456250,,0
staged,human,959,placed_v2,468750,,0
staged,human,959,placed_v2,481250,,0
staged,human,959,placed_v2,493750,,0
staged,machine,978,placed_v2,6250,0.0000,50
staged,machine,978,placed_v2,18750,0.0000,65
staged,machine,978,placed_v2,31250,0.0000,69
staged,machine,978,placed_v2,43750,0.0323,62
staged,machine,978,placed_v2,56250,0.0000,63
staged,machine,978,placed_v2,68750,0.0000,61
staged,machine,978,placed_v2,81250,0.0000,58
staged,machine,978,placed_v2,93750,0.0143,70
staged,machine,978,placed_v2,106250,,0
staged,machine,978,placed_v2,118750,,0
staged,machine,978,placed_v2,131250,,0
staged,machine,978,placed_v2,143750,,0
staged,machine,978,placed_v2,156250,,0
staged,machine,978,placed_v2,168750,,0
staged,machine,978,placed_v2,181250,,0
staged,machine,978,placed_v2,193750,,0
staged,machine,978,placed_v2,206250,,0
staged,machine,978,placed_v2,218750,,0
staged,machine,978,placed_v2,231250,,0
staged,machine,978,placed_v2,243750,,0
staged,machine,978,placed_v2,256250,,0
staged,machine,978,placed_v2,268750,,0
staged,machine,978,placed_v2,281250,,0
staged,machine,978,placed_v2,293750,,0
staged,machine,978,placed_v2,306250,,0
staged,machine,978,placed_v2,318750,,0
staged,machine,978,placed_v2,331250,,0
staged,machine,978,placed_v2,343750,,0
staged,machine,978,placed_v2,356250,,0
staged,machine,978,placed_v2,368750,,0
staged,machine,978,placed_v2,381250,,0
staged,machine,978,placed_v2,393750,,0
staged,machine,978,placed_v2,406250,,0
staged,machine,978,placed_v2,418750,,0
staged,machine,978,placed_v2,431250,,0
staged,machine,978,placed_v2,443750,,0
staged,machine,978,placed_v2,456250,,0
staged,machine,978,placed_v2,468750,,0
staged,machine,978,placed_v2,481250,,0
staged,machine,978,placed_v2,493750,,0
staged,machine,979,placed_v2,6250,0.0000,42
staged,machine,979,placed_v2,18750,0.0000,60
staged,machine,979,placed_v2,31250,0.0000,60
staged,machine,979,placed_v2,43750,0.0000,70
staged,machine,979,placed_v2,56250,0.0133,75
staged,machine,979,placed_v2,68750,0.0519,77
staged,machine,979,placed_v2,81250,0.0494,81
staged,machine,979,placed_v2,93750,0.0769,78
staged,machine,979,placed_v2,106250,,0
staged,machine,979,placed_v2,118750,,0
staged,machine,979,placed_v2,131250,,0
staged,machine,979,placed_v2,143750,,0
staged,machine,979,placed_v2,156250,,0
staged,machine,979,placed_v2,168750,,0
staged,machine,979,placed_v2,181250,,0
staged,machine,979,placed_v2,193750,,0
staged,machine,979,placed_v2,206250,,0
staged,machine,979,placed_v2,218750,,0
staged,machine,979,placed_v2,231250,,0
staged,machine,979,placed_v2,243750,,0
staged,machine,979,placed_v2,256250,,0
staged,machine,979,placed_v2,268750,,0
staged,machine,979,placed_v2,281250,,0
staged,machine,979,placed_v2,293750,,0
staged,machine,979,placed_v2,306250,,0
staged,machine,979,placed_v2,318750,,0
staged,machine,979,placed_v2,331250,,0
staged,machine,979,placed_v2,343750,,0
staged,machine,979,placed_v2,356250,,0
staged,machine,979,placed_v2,368750,,0
staged,machine,979,placed_v2,381250,,0
staged,machine,979,placed_v2,393750,,0
staged,machine,979,placed_v2,406250,,0
staged,machine,979,placed_v2,418750,,0
staged,machine,979,placed_v2,431250,,0
staged,machine,979,placed_v2,443750,,0
staged,machine,979,placed_v2,456250,,0
staged,machine,979,placed_v2,468750,,0
staged,machine,979,placed_v2,481250,,0
staged,machine,979,placed_v2,493750,,0
staged,human,958,nested_v2,6250,0.0000,48
staged,human,958,nested_v2,18750,0.0000,67
staged,human,958,nested_v2,31250,0.0182,55
staged,human,958,nested_v2,43750,0.0000,69
staged,human,958,nested_v2,56250,0.0469,64
staged,human,958,nested_v2,68750,0.1017,59
staged,human,958,nested_v2,81250,0.1296,54
staged,human,958,nested_v2,93750,0.0189,53
staged,human,958,nested_v2,106250,,0
staged,human,958,nested_v2,118750,,0
staged,human,958,nested_v2,131250,,0
staged,human,958,nested_v2,143750,,0
staged,human,958,nested_v2,156250,,0
staged,human,958,nested_v2,168750,,0
staged,human,958,nested_v2,181250,,0
staged,human,958,nested_v2,193750,,0
staged,human,958,nested_v2,206250,,0
staged,human,958,nested_v2,218750,,0
staged,human,958,nested_v2,231250,,0
staged,human,958,nested_v2,243750,,0
staged,human,958,nested_v2,256250,,0
staged,human,958,nested_v2,268750,,0
staged,human,958,nested_v2,281250,,0
staged,human,958,nested_v2,293750,,0
staged,human,958,nested_v2,306250,,0
staged,human,958,nested_v2,318750,,0
staged,human,958,nested_v2,331250,,0
staged,human,958,nested_v2,343750,,0
staged,human,958,nested_v2,356250,,0
staged,human,958,nested_v2,368750,,0
staged,human,958,nested_v2,381250,,0
staged,human,958,nested_v2,393750,,0
staged,human,958,nested_v2,406250,,0
staged,human,958,nested_v2,418750,,0
staged,human,958,nested_v2,431250,,0
staged,human,958,nested_v2,443750,,0
staged,human,958,nested_v2,456250,,0
staged,human,958,nested_v2,468750,,0
staged,human,958,nested_v2,481250,,0
staged,human,958,nested_v2,493750,,0
staged,human,959,nested_v2,6250,0.0000,46
staged,human,959,nested_v2,18750,0.0000,54
staged,human,959,nested_v2,31250,0.0000,58
staged,human,959,nested_v2,43750,0.0000,60
staged,human,959,nested_v2,56250,0.0127,79
staged,human,959,nested_v2,68750,0.0263,76
staged,human,959,nested_v2,81250,0.0811,74
staged,human,959,nested_v2,93750,0.1449,69
staged,human,959,nested_v2,106250,,0
staged,human,959,nested_v2,118750,,0
staged,human,959,nested_v2,131250,,0
staged,human,959,nested_v2,143750,,0
staged,human,959,nested_v2,156250,,0
staged,human,959,nested_v2,168750,,0
staged,human,959,nested_v2,181250,,0
staged,human,959,nested_v2,193750,,0
staged,human,959,nested_v2,206250,,0
staged,human,959,nested_v2,218750,,0
staged,human,959,nested_v2,231250,,0
staged,human,959,nested_v2,243750,,0
staged,human,959,nested_v2,256250,,0
staged,human,959,nested_v2,268750,,0
staged,human,959,nested_v2,281250,,0
staged,human,959,nested_v2,293750,,0
staged,human,959,nested_v2,306250,,0
staged,human,959,nested_v2,318750,,0
staged,human,959,nested_v2,331250,,0
staged,human,959,nested_v2,343750,,0
staged,human,959,nested_v2,356250,,0
staged,human,959,nested_v2,368750,,0
staged,human,959,nested_v2,381250,,0
staged,human,959,nested_v2,393750,,0
staged,human,959,nested_v2,406250,,0
staged,human,959,nested_v2,418750,,0
staged,human,959,nested_v2,431250,,0
staged,human,959,nested_v2,443750,,0
staged,human,959,nested_v2,456250,,0
staged,human,959,nested_v2,468750,,0
staged,human,959,nested_v2,481250,,0
staged,human,959,nested_v2,493750,,0
staged,machine,978,nested_v2,6250,0.0000,50
staged,machine,978,nested_v2,18750,0.0000,65
staged,machine,978,nested_v2,31250,0.0000,69
staged,machine,978,nested_v2,43750,0.0000,62
staged,machine,978,nested_v2,56250,0.0000,63
staged,machine,978,nested_v2,68750,0.0000,61
staged,machine,978,nested_v2,81250,0.0000,58
staged,machine,978,nested_v2,93750,0.0000,70
staged,machine,978,nested_v2,106250,,0
staged,machine,978,nested_v2,118750,,0
staged,machine,978,nested_v2,131250,,0
staged,machine,978,nested_v2,143750,,0
staged,machine,978,nested_v2,156250,,0
staged,machine,978,nested_v2,168750,,0
staged,machine,978,nested_v2,181250,,0
staged,machine,978,nested_v2,193750,,0
staged,machine,978,nested_v2,206250,,0
staged,machine,978,nested_v2,218750,,0
staged,machine,978,nested_v2,231250,,0
staged,machine,978,nested_v2,243750,,0
staged,machine,978,nested_v2,256250,,0
staged,machine,978,nested_v2,268750,,0
staged,machine,978,nested_v2,281250,,0
staged,machine,978,nested_v2,293750,,0
staged,machine,978,nested_v2,306250,,0
staged,machine,978,nested_v2,318750,,0
staged,machine,978,nested_v2,331250,,0
staged,machine,978,nested_v2,343750,,0
staged,machine,978,nested_v2,356250,,0
staged,machine,978,nested_v2,368750,,0
staged,machine,978,nested_v2,381250,,0
staged,machine,978,nested_v2,393750,,0
staged,machine,978,nested_v2,406250,,0
staged,machine,978,nested_v2,418750,,0
staged,machine,978,nested_v2,431250,,0
staged,machine,978,nested_v2,443750,,0
staged,machine,978,nested_v2,456250,,0
staged,machine,978,nested_v2,468750,,0
staged,machine,978,nested_v2,481250,,0
staged,machine,978,nested_v2,493750,,0
staged,machine,979,nested_v2,6250,0.0000,42
staged,machine,979,nested_v2,18750,0.0000,60
staged,machine,979,nested_v2,31250,0.0000,60
staged,machine,979,nested_v2,43750,0.0000,70
staged,machine,979,nested_v2,56250,0.0000,75
staged,machine,979,nested_v2,68750,0.0000,77
staged,machine,979,nested_v2,81250,0.0000,81
staged,machine,979,nested_v2,93750,0.0000,78
staged,machine,979,nested_v2,106250,,0
staged,machine,979,nested_v2,118750,,0
staged,machine,979,nested_v2,131250,,0
staged,machine,979,nested_v2,143750,,0
staged,machine,979,nested_v2,156250,,0
staged,machine,979,nested_v2,168750,,0
staged,machine,979,nested_v2,181250,,0
staged,machine,979,nested_v2,193750,,0
staged,machine,979,nested_v2,206250,,0
staged,machine,979,nested_v2,218750,,0
staged,machine,979,nested_v2,231250,,0
staged,machine,979,nested_v2,243750,,0
staged,machine,979,nested_v2,256250,,0
staged,machine,979,nested_v2,268750,,0
staged,machine,979,nested_v2,281250,,0
staged,machine,979,nested_v2,293750,,0
staged,machine,979,nested_v2,306250,,0
staged,machine,979,nested_v2,318750,,0
staged,machine,979,nested_v2,331250,,0
staged,machine,979,nested_v2,343750,,0
staged,machine,979,nested_v2,356250,,0
staged,machine,979,nested_v2,368750,,0
staged,machine,979,nested_v2,381250,,0
staged,machine,979,nested_v2,393750,,0
staged,machine,979,nested_v2,406250,,0
staged,machine,979,nested_v2,418750,,0
staged,machine,979,nested_v2,431250,,0
staged,machine,979,nested_v2,443750,,0
staged,machine,979,nested_v2,456250,,0
staged,machine,979,nested_v2,468750,,0
staged,machine,979,nested_v2,481250,,0
staged,machine,979,nested_v2,493750,,0
staged,human,958,slide_success,6250,0.0000,48
staged,human,958,slide_success,18750,0.0000,67
staged,human,958,slide_success,31250,0.0000,55
staged,human,958,slide_success,43750,0.0000,69
staged,human,958,slide_success,56250,0.0312,64
staged,human,958,slide_success,68750,0.0000,59
staged,human,958,slide_success,81250,0.0185,54
staged,human,958,slide_success,93750,0.0189,53
staged,human,958,slide_success,106250,,0
staged,human,958,slide_success,118750,,0
staged,human,958,slide_success,131250,,0
staged,human,958,slide_success,143750,,0
staged,human,958,slide_success,156250,,0
staged,human,958,slide_success,168750,,0
staged,human,958,slide_success,181250,,0
staged,human,958,slide_success,193750,,0
staged,human,958,slide_success,206250,,0
staged,human,958,slide_success,218750,,0
staged,human,958,slide_success,231250,,0
staged,human,958,slide_success,243750,,0
staged,human,958,slide_success,256250,,0
staged,human,958,slide_success,268750,,0
staged,human,958,slide_success,281250,,0
staged,human,958,slide_success,293750,,0
staged,human,958,slide_success,306250,,0
staged,human,958,slide_success,318750,,0
staged,human,958,slide_success,331250,,0
staged,human,958,slide_success,343750,,0
staged,human,958,slide_success,356250,,0
staged,human,958,slide_success,368750,,0
staged,human,958,slide_success,381250,,0
staged,human,958,slide_success,393750,,0
staged,human,958,slide_success,406250,,0
staged,human,958,slide_success,418750,,0
staged,human,958,slide_success,431250,,0
staged,human,958,slide_success,443750,,0
staged,human,958,slide_success,456250,,0
staged,human,958,slide_success,468750,,0
staged,human,958,slide_success,481250,,0
staged,human,958,slide_success,493750,,0
staged,human,959,slide_success,6250,0.0000,46
staged,human,959,slide_success,18750,0.0000,54
staged,human,959,slide_success,31250,0.0000,58
staged,human,959,slide_success,43750,0.0000,60
staged,human,959,slide_success,56250,0.0127,79
staged,human,959,slide_success,68750,0.0132,76
staged,human,959,slide_success,81250,0.0541,74
staged,human,959,slide_success,93750,0.0870,69
staged,human,959,slide_success,106250,,0
staged,human,959,slide_success,118750,,0
staged,human,959,slide_success,131250,,0
staged,human,959,slide_success,143750,,0
staged,human,959,slide_success,156250,,0
staged,human,959,slide_success,168750,,0
staged,human,959,slide_success,181250,,0
staged,human,959,slide_success,193750,,0
staged,human,959,slide_success,206250,,0
staged,human,959,slide_success,218750,,0
staged,human,959,slide_success,231250,,0
staged,human,959,slide_success,243750,,0
staged,human,959,slide_success,256250,,0
staged,human,959,slide_success,268750,,0
staged,human,959,slide_success,281250,,0
staged,human,959,slide_success,293750,,0
staged,human,959,slide_success,306250,,0
staged,human,959,slide_success,318750,,0
staged,human,959,slide_success,331250,,0
staged,human,959,slide_success,343750,,0
staged,human,959,slide_success,356250,,0
staged,human,959,slide_success,368750,,0
staged,human,959,slide_success,381250,,0
staged,human,959,slide_success,393750,,0
staged,human,959,slide_success,406250,,0
staged,human,959,slide_success,418750,,0
staged,human,959,slide_success,431250,,0
staged,human,959,slide_success,443750,,0
staged,human,959,slide_success,456250,,0
staged,human,959,slide_success,468750,,0
staged,human,959,slide_success,481250,,0
staged,human,959,slide_success,493750,,0
staged,machine,978,slide_success,6250,0.0000,50
staged,machine,978,slide_success,18750,0.0000,65
staged,machine,978,slide_success,31250,0.0000,69
staged,machine,978,slide_success,43750,0.0000,62
staged,machine,978,slide_success,56250,0.0000,63
staged,machine,978,slide_success,68750,0.0000,61
staged,machine,978,slide_success,81250,0.0000,58
staged,machine,978,slide_success,93750,0.0000,70
staged,machine,978,slide_success,106250,,0
staged,machine,978,slide_success,118750,,0
staged,machine,978,slide_success,131250,,0
staged,machine,978,slide_success,143750,,0
staged,machine,978,slide_success,156250,,0
staged,machine,978,slide_success,168750,,0
staged,machine,978,slide_success,181250,,0
staged,machine,978,slide_success,193750,,0
staged,machine,978,slide_success,206250,,0
staged,machine,978,slide_success,218750,,0
staged,machine,978,slide_success,231250,,0
staged,machine,978,slide_success,243750,,0
staged,machine,978,slide_success,256250,,0
staged,machine,978,slide_success,268750,,0
staged,machine,978,slide_success,281250,,0
staged,machine,978,slide_success,293750,,0
staged,machine,978,slide_success,306250,,0
staged,machine,978,slide_success,318750,,0
staged,machine,978,slide_success,331250,,0
staged,machine,978,slide_success,343750,,0
staged,machine,978,slide_success,356250,,0
staged,machine,978,slide_success,368750,,0
staged,machine,978,slide_success,381250,,0
staged,machine,978,slide_success,393750,,0
staged,machine,978,slide_success,406250,,0
staged,machine,978,slide_success,418750,,0
staged,machine,978,slide_success,431250,,0
staged,machine,978,slide_success,443750,,0
staged,machine,978,slide_success,456250,,0
staged,machine,978,slide_success,468750,,0
staged,machine,978,slide_success,481250,,0
staged,machine,978,slide_success,493750,,0
staged,machine,979,slide_success,6250,0.0000,42
staged,machine,979,slide_success,18750,0.0000,60
staged,machine,979,slide_success,31250,0.0000,60
staged,machine,979,slide_success,43750,0.0000,70
staged,machine,979,slide_success,56250,0.0000,75
staged,machine,979,slide_success,68750,0.0000,77
staged,machine,979,slide_success,81250,0.0000,81
staged,machine,979,slide_success,93750,0.0000,78
staged,machine,979,slide_success,106250,,0
staged,machine,979,slide_success,118750,,0
staged,machine,979,slide_success,131250,,0
staged,machine,979,slide_success,143750,,0
staged,machine,979,slide_success,156250,,0
staged,machine,979,slide_success,168750,,0
staged,machine,979,slide_success,181250,,0
staged,machine,979,slide_success,193750,,0
staged,machine,979,slide_success,206250,,0
staged,machine,979,slide_success,218750,,0
staged,machine,979,slide_success,231250,,0
staged,machine,979,slide_success,243750,,0
staged,machine,979,slide_success,256250,,0
staged,machine,979,slide_success,268750,,0
staged,machine,979,slide_success,281250,,0
staged,machine,979,slide_success,293750,,0
staged,machine,979,slide_success,306250,,0
staged,machine,979,slide_success,318750,,0
staged,machine,979,slide_success,331250,,0
staged,machine,979,slide_success,343750,,0
staged,machine,979,slide_success,356250,,0
staged,machine,979,slide_success,368750,,0
staged,machine,979,slide_success,381250,,0
staged,machine,979,slide_success,393750,,0
staged,machine,979,slide_success,406250,,0
staged,machine,979,slide_success,418750,,0
staged,machine,979,slide_success,431250,,0
staged,machine,979,slide_success,443750,,0
staged,machine,979,slide_success,456250,,0
staged,machine,979,slide_success,468750,,0
staged,machine,979,slide_success,481250,,0
staged,machine,979,slide_success,493750,,0
staged,human,958,tipped,6250,0.1875,48
staged,human,958,tipped,18750,0.4328,67
staged,human,958,tipped,31250,0.3455,55
staged,human,958,tipped,43750,0.5652,69
staged,human,958,tipped,56250,0.4844,64
staged,human,958,tipped,68750,0.4237,59
staged,human,958,tipped,81250,0.2593,54
staged,human,958,tipped,93750,0.3396,53
staged,human,958,tipped,106250,,0
staged,human,958,tipped,118750,,0
staged,human,958,tipped,131250,,0
staged,human,958,tipped,143750,,0
staged,human,958,tipped,156250,,0
staged,human,958,tipped,168750,,0
staged,human,958,tipped,181250,,0
staged,human,958,tipped,193750,,0
staged,human,958,tipped,206250,,0
staged,human,958,tipped,218750,,0
staged,human,958,tipped,231250,,0
staged,human,958,tipped,243750,,0
staged,human,958,tipped,256250,,0
staged,human,958,tipped,268750,,0
staged,human,958,tipped,281250,,0
staged,human,958,tipped,293750,,0
staged,human,958,tipped,306250,,0
staged,human,958,tipped,318750,,0
staged,human,958,tipped,331250,,0
staged,human,958,tipped,343750,,0
staged,human,958,tipped,356250,,0
staged,human,958,tipped,368750,,0
staged,human,958,tipped,381250,,0
staged,human,958,tipped,393750,,0
staged,human,958,tipped,406250,,0
staged,human,958,tipped,418750,,0
staged,human,958,tipped,431250,,0
staged,human,958,tipped,443750,,0
staged,human,958,tipped,456250,,0
staged,human,958,tipped,468750,,0
staged,human,958,tipped,481250,,0
staged,human,958,tipped,493750,,0
staged,human,959,tipped,6250,0.1304,46
staged,human,959,tipped,18750,0.2778,54
staged,human,959,tipped,31250,0.3448,58
staged,human,959,tipped,43750,0.4000,60
staged,human,959,tipped,56250,0.5570,79
staged,human,959,tipped,68750,0.6316,76
staged,human,959,tipped,81250,0.5135,74
staged,human,959,tipped,93750,0.4203,69
staged,human,959,tipped,106250,,0
staged,human,959,tipped,118750,,0
staged,human,959,tipped,131250,,0
staged,human,959,tipped,143750,,0
staged,human,959,tipped,156250,,0
staged,human,959,tipped,168750,,0
staged,human,959,tipped,181250,,0
staged,human,959,tipped,193750,,0
staged,human,959,tipped,206250,,0
staged,human,959,tipped,218750,,0
staged,human,959,tipped,231250,,0
staged,human,959,tipped,243750,,0
staged,human,959,tipped,256250,,0
staged,human,959,tipped,268750,,0
staged,human,959,tipped,281250,,0
staged,human,959,tipped,293750,,0
staged,human,959,tipped,306250,,0
staged,human,959,tipped,318750,,0
staged,human,959,tipped,331250,,0
staged,human,959,tipped,343750,,0
staged,human,959,tipped,356250,,0
staged,human,959,tipped,368750,,0
staged,human,959,tipped,381250,,0
staged,human,959,tipped,393750,,0
staged,human,959,tipped,406250,,0
staged,human,959,tipped,418750,,0
staged,human,959,tipped,431250,,0
staged,human,959,tipped,443750,,0
staged,human,959,tipped,456250,,0
staged,human,959,tipped,468750,,0
staged,human,959,tipped,481250,,0
staged,human,959,tipped,493750,,0
staged,machine,978,tipped,6250,0.2000,50
staged,machine,978,tipped,18750,0.4308,65
staged,machine,978,tipped,31250,0.5072,69
staged,machine,978,tipped,43750,0.4516,62
staged,machine,978,tipped,56250,0.4127,63
staged,machine,978,tipped,68750,0.3934,61
staged,machine,978,tipped,81250,0.3966,58
staged,machine,978,tipped,93750,0.5571,70
staged,machine,978,tipped,106250,,0
staged,machine,978,tipped,118750,,0
staged,machine,978,tipped,131250,,0
staged,machine,978,tipped,143750,,0
staged,machine,978,tipped,156250,,0
staged,machine,978,tipped,168750,,0
staged,machine,978,tipped,181250,,0
staged,machine,978,tipped,193750,,0
staged,machine,978,tipped,206250,,0
staged,machine,978,tipped,218750,,0
staged,machine,978,tipped,231250,,0
staged,machine,978,tipped,243750,,0
staged,machine,978,tipped,256250,,0
staged,machine,978,tipped,268750,,0
staged,machine,978,tipped,281250,,0
staged,machine,978,tipped,293750,,0
staged,machine,978,tipped,306250,,0
staged,machine,978,tipped,318750,,0
staged,machine,978,tipped,331250,,0
staged,machine,978,tipped,343750,,0
staged,machine,978,tipped,356250,,0
staged,machine,978,tipped,368750,,0
staged,machine,978,tipped,381250,,0
staged,machine,978,tipped,393750,,0
staged,machine,978,tipped,406250,,0
staged,machine,978,tipped,418750,,0
staged,machine,978,tipped,431250,,0
staged,machine,978,tipped,443750,,0
staged,machine,978,tipped,456250,,0
staged,machine,978,tipped,468750,,0
staged,machine,978,tipped,481250,,0
staged,machine,978,tipped,493750,,0
staged,machine,979,tipped,6250,0.0238,42
staged,machine,979,tipped,18750,0.3833,60
staged,machine,979,tipped,31250,0.4000,60
staged,machine,979,tipped,43750,0.5714,70
staged,machine,979,tipped,56250,0.6267,75
staged,machine,979,tipped,68750,0.5714,77
staged,machine,979,tipped,81250,0.6420,81
staged,machine,979,tipped,93750,0.6923,78
staged,machine,979,tipped,106250,,0
staged,machine,979,tipped,118750,,0
staged,machine,979,tipped,131250,,0
staged,machine,979,tipped,143750,,0
staged,machine,979,tipped,156250,,0
staged,machine,979,tipped,168750,,0
staged,machine,979,tipped,181250,,0
staged,machine,979,tipped,193750,,0
staged,machine,979,tipped,206250,,0
staged,machine,979,tipped,218750,,0
staged,machine,979,tipped,231250,,0
staged,machine,979,tipped,243750,,0
staged,machine,979,tipped,256250,,0
staged,machine,979,tipped,268750,,0
staged,machine,979,tipped,281250,,0
staged,machine,979,tipped,293750,,0
staged,machine,979,tipped,306250,,0
staged,machine,979,tipped,318750,,0
staged,machine,979,tipped,331250,,0
staged,machine,979,tipped,343750,,0
staged,machine,979,tipped,356250,,0
staged,machine,979,tipped,368750,,0
staged,machine,979,tipped,381250,,0
staged,machine,979,tipped,393750,,0
staged,machine,979,tipped,406250,,0
staged,machine,979,tipped,418750,,0
staged,machine,979,tipped,431250,,0
staged,machine,979,tipped,443750,,0
staged,machine,979,tipped,456250,,0
staged,machine,979,tipped,468750,,0
staged,machine,979,tipped,481250,,0
staged,machine,979,tipped,493750,,0
nested_ramp,human,950,picked,6250,0.0000,47
nested_ramp,human,950,picked,18750,0.1379,58
nested_ramp,human,950,picked,31250,0.3151,73
nested_ramp,human,950,picked,43750,0.3968,63
nested_ramp,human,950,picked,56250,0.4727,55
nested_ramp,human,950,picked,68750,0.4737,57
nested_ramp,human,950,picked,81250,0.6230,61
nested_ramp,human,950,picked,93750,0.6970,66
nested_ramp,human,950,picked,106250,0.5890,73
nested_ramp,human,950,picked,118750,0.7377,61
nested_ramp,human,950,picked,131250,0.6026,78
nested_ramp,human,950,picked,143750,0.8030,66
nested_ramp,human,950,picked,156250,0.7671,73
nested_ramp,human,950,picked,168750,0.8548,62
nested_ramp,human,950,picked,181250,0.8060,67
nested_ramp,human,950,picked,193750,0.8542,48
nested_ramp,human,950,picked,206250,0.9400,50
nested_ramp,human,950,picked,218750,0.5732,82
nested_ramp,human,950,picked,231250,0.8644,59
nested_ramp,human,950,picked,243750,0.9091,66
nested_ramp,human,950,picked,256250,,0
nested_ramp,human,950,picked,268750,,0
nested_ramp,human,950,picked,281250,,0
nested_ramp,human,950,picked,293750,,0
nested_ramp,human,950,picked,306250,,0
nested_ramp,human,950,picked,318750,,0
nested_ramp,human,950,picked,331250,,0
nested_ramp,human,950,picked,343750,,0
nested_ramp,human,950,picked,356250,,0
nested_ramp,human,950,picked,368750,,0
nested_ramp,human,950,picked,381250,,0
nested_ramp,human,950,picked,393750,,0
nested_ramp,human,950,picked,406250,,0
nested_ramp,human,950,picked,418750,,0
nested_ramp,human,950,picked,431250,,0
nested_ramp,human,950,picked,443750,,0
nested_ramp,human,950,picked,456250,,0
nested_ramp,human,950,picked,468750,,0
nested_ramp,human,950,picked,481250,,0
nested_ramp,human,950,picked,493750,,0
nested_ramp,human,951,picked,6250,0.0208,48
nested_ramp,human,951,picked,18750,0.2059,68
nested_ramp,human,951,picked,31250,0.2785,79
nested_ramp,human,951,picked,43750,0.5938,64
nested_ramp,human,951,picked,56250,0.6393,61
nested_ramp,human,951,picked,68750,0.5439,57
nested_ramp,human,951,picked,81250,0.6102,59
nested_ramp,human,951,picked,93750,0.6452,62
nested_ramp,human,951,picked,106250,0.4667,60
nested_ramp,human,951,picked,118750,0.8065,62
nested_ramp,human,951,picked,131250,0.7742,62
nested_ramp,human,951,picked,143750,0.8784,74
nested_ramp,human,951,picked,156250,0.9107,56
nested_ramp,human,951,picked,168750,0.8727,55
nested_ramp,human,951,picked,181250,0.6000,50
nested_ramp,human,951,picked,193750,0.8600,50
nested_ramp,human,951,picked,206250,0.9310,58
nested_ramp,human,951,picked,218750,0.9123,57
nested_ramp,human,951,picked,231250,0.8936,47
nested_ramp,human,951,picked,243750,0.9310,58
nested_ramp,human,951,picked,256250,,0
nested_ramp,human,951,picked,268750,,0
nested_ramp,human,951,picked,281250,,0
nested_ramp,human,951,picked,293750,,0
nested_ramp,human,951,picked,306250,,0
nested_ramp,human,951,picked,318750,,0
nested_ramp,human,951,picked,331250,,0
nested_ramp,human,951,picked,343750,,0
nested_ramp,human,951,picked,356250,,0
nested_ramp,human,951,picked,368750,,0
nested_ramp,human,951,picked,381250,,0
nested_ramp,human,951,picked,393750,,0
nested_ramp,human,951,picked,406250,,0
nested_ramp,human,951,picked,418750,,0
nested_ramp,human,951,picked,431250,,0
nested_ramp,human,951,picked,443750,,0
nested_ramp,human,951,picked,456250,,0
nested_ramp,human,951,picked,468750,,0
nested_ramp,human,951,picked,481250,,0
nested_ramp,human,951,picked,493750,,0
nested_ramp,human,952,picked,6250,0.0000,45
nested_ramp,human,952,picked,18750,0.0893,56
nested_ramp,human,952,picked,31250,0.0811,74
nested_ramp,human,952,picked,43750,0.4405,84
nested_ramp,human,952,picked,56250,0.6119,67
nested_ramp,human,952,picked,68750,0.7083,72
nested_ramp,human,952,picked,81250,0.6667,60
nested_ramp,human,952,picked,93750,0.7727,66
nested_ramp,human,952,picked,106250,0.9107,56
nested_ramp,human,952,picked,118750,0.8194,72
nested_ramp,human,952,picked,131250,0.7500,60
nested_ramp,human,952,picked,143750,0.9385,65
nested_ramp,human,952,picked,156250,0.8542,48
nested_ramp,human,952,picked,168750,0.5902,61
nested_ramp,human,952,picked,181250,0.6613,62
nested_ramp,human,952,picked,193750,0.8772,57
nested_ramp,human,952,picked,206250,0.8364,55
nested_ramp,human,952,picked,218750,0.7843,51
nested_ramp,human,952,picked,231250,0.9167,48
nested_ramp,human,952,picked,243750,0.9038,52
nested_ramp,human,952,picked,256250,0.9811,53
nested_ramp,human,952,picked,268750,0.9444,54
nested_ramp,human,952,picked,281250,0.9623,53
nested_ramp,human,952,picked,293750,0.9630,54
nested_ramp,human,952,picked,306250,0.9808,52
nested_ramp,human,952,picked,318750,0.9038,52
nested_ramp,human,952,picked,331250,0.9574,47
nested_ramp,human,952,picked,343750,0.8750,64
nested_ramp,human,952,picked,356250,0.5667,90
nested_ramp,human,952,picked,368750,0.7297,74
nested_ramp,human,952,picked,381250,0.3846,52
nested_ramp,human,952,picked,393750,0.5273,55
nested_ramp,human,952,picked,406250,0.3559,59
nested_ramp,human,952,picked,418750,0.5645,62
nested_ramp,human,952,picked,431250,0.6066,61
nested_ramp,human,952,picked,443750,0.9861,72
nested_ramp,human,952,picked,456250,0.9851,67
nested_ramp,human,952,picked,468750,0.9180,61
nested_ramp,human,952,picked,481250,0.9412,51
nested_ramp,human,952,picked,493750,0.8657,67
nested_ramp,human,953,picked,6250,0.0000,46
nested_ramp,human,953,picked,18750,0.0179,56
nested_ramp,human,953,picked,31250,0.1864,59
nested_ramp,human,953,picked,43750,0.4810,79
nested_ramp,human,953,picked,56250,0.2540,63
nested_ramp,human,953,picked,68750,0.5079,63
nested_ramp,human,953,picked,81250,0.6364,55
nested_ramp,human,953,picked,93750,0.6338,71
nested_ramp,human,953,picked,106250,0.4237,59
nested_ramp,human,953,picked,118750,0.5818,55
nested_ramp,human,953,picked,131250,0.6034,58
nested_ramp,human,953,picked,143750,0.7727,66
nested_ramp,human,953,picked,156250,0.7925,53
nested_ramp,human,953,picked,168750,0.2000,55
nested_ramp,human,953,picked,181250,0.6852,54
nested_ramp,human,953,picked,193750,0.8727,55
nested_ramp,human,953,picked,206250,0.8333,66
nested_ramp,human,953,picked,218750,0.9000,70
nested_ramp,human,953,picked,231250,0.8929,56
nested_ramp,human,953,picked,243750,0.9138,58
nested_ramp,human,953,picked,256250,0.8491,53
nested_ramp,human,953,picked,268750,0.7193,57
nested_ramp,human,953,picked,281250,0.8361,61
nested_ramp,human,953,picked,293750,0.7455,55
nested_ramp,human,953,picked,306250,0.5818,55
nested_ramp,human,953,picked,318750,0.8136,59
nested_ramp,human,953,picked,331250,0.8696,46
nested_ramp,human,953,picked,343750,0.9149,47
nested_ramp,human,953,picked,356250,0.8679,53
nested_ramp,human,953,picked,368750,0.8750,56
nested_ramp,human,953,picked,381250,0.9273,55
nested_ramp,human,953,picked,393750,0.9787,47
nested_ramp,human,953,picked,406250,0.9020,51
nested_ramp,human,953,picked,418750,0.9683,63
nested_ramp,human,953,picked,431250,0.9344,61
nested_ramp,human,953,picked,443750,0.8929,56
nested_ramp,human,953,picked,456250,0.8545,55
nested_ramp,human,953,picked,468750,1.0000,54
nested_ramp,human,953,picked,481250,0.9643,56
nested_ramp,human,953,picked,493750,0.8491,53
nested_ramp,machine,970,picked,6250,0.0222,45
nested_ramp,machine,970,picked,18750,0.2381,63
nested_ramp,machine,970,picked,31250,0.2346,81
nested_ramp,machine,970,picked,43750,0.4217,83
nested_ramp,machine,970,picked,56250,0.3125,64
nested_ramp,machine,970,picked,68750,0.3867,75
nested_ramp,machine,970,picked,81250,0.6780,59
nested_ramp,machine,970,picked,93750,0.7761,67
nested_ramp,machine,970,picked,106250,0.7093,86
nested_ramp,machine,970,picked,118750,0.6479,71
nested_ramp,machine,970,picked,131250,0.7797,59
nested_ramp,machine,970,picked,143750,0.6579,76
nested_ramp,machine,970,picked,156250,0.2903,62
nested_ramp,machine,970,picked,168750,0.5000,68
nested_ramp,machine,970,picked,181250,0.6000,65
nested_ramp,machine,970,picked,193750,0.2500,60
nested_ramp,machine,970,picked,206250,0.4630,54
nested_ramp,machine,970,picked,218750,0.8125,64
nested_ramp,machine,970,picked,231250,0.5833,60
nested_ramp,machine,970,picked,243750,0.7333,60
nested_ramp,machine,970,picked,256250,,0
nested_ramp,machine,970,picked,268750,,0
nested_ramp,machine,970,picked,281250,,0
nested_ramp,machine,970,picked,293750,,0
nested_ramp,machine,970,picked,306250,,0
nested_ramp,machine,970,picked,318750,,0
nested_ramp,machine,970,picked,331250,,0
nested_ramp,machine,970,picked,343750,,0
nested_ramp,machine,970,picked,356250,,0
nested_ramp,machine,970,picked,368750,,0
nested_ramp,machine,970,picked,381250,,0
nested_ramp,machine,970,picked,393750,,0
nested_ramp,machine,970,picked,406250,,0
nested_ramp,machine,970,picked,418750,,0
nested_ramp,machine,970,picked,431250,,0
nested_ramp,machine,970,picked,443750,,0
nested_ramp,machine,970,picked,456250,,0
nested_ramp,machine,970,picked,468750,,0
nested_ramp,machine,970,picked,481250,,0
nested_ramp,machine,970,picked,493750,,0
nested_ramp,machine,971,picked,6250,0.0000,44
nested_ramp,machine,971,picked,18750,0.0222,45
nested_ramp,machine,971,picked,31250,0.0811,74
nested_ramp,machine,971,picked,43750,0.2676,71
nested_ramp,machine,971,picked,56250,0.3000,70
nested_ramp,machine,971,picked,68750,0.0667,60
nested_ramp,machine,971,picked,81250,0.1772,79
nested_ramp,machine,971,picked,93750,0.3667,60
nested_ramp,machine,971,picked,106250,0.5000,60
nested_ramp,machine,971,picked,118750,0.5373,67
nested_ramp,machine,971,picked,131250,0.6719,64
nested_ramp,machine,971,picked,143750,0.5556,63
nested_ramp,machine,971,picked,156250,0.5938,64
nested_ramp,machine,971,picked,168750,0.3167,60
nested_ramp,machine,971,picked,181250,0.2500,48
nested_ramp,machine,971,picked,193750,0.4688,64
nested_ramp,machine,971,picked,206250,0.6102,59
nested_ramp,machine,971,picked,218750,0.1333,60
nested_ramp,machine,971,picked,231250,0.0000,59
nested_ramp,machine,971,picked,243750,0.0444,45
nested_ramp,machine,971,picked,256250,,0
nested_ramp,machine,971,picked,268750,,0
nested_ramp,machine,971,picked,281250,,0
nested_ramp,machine,971,picked,293750,,0
nested_ramp,machine,971,picked,306250,,0
nested_ramp,machine,971,picked,318750,,0
nested_ramp,machine,971,picked,331250,,0
nested_ramp,machine,971,picked,343750,,0
nested_ramp,machine,971,picked,356250,,0
nested_ramp,machine,971,picked,368750,,0
nested_ramp,machine,971,picked,381250,,0
nested_ramp,machine,971,picked,393750,,0
nested_ramp,machine,971,picked,406250,,0
nested_ramp,machine,971,picked,418750,,0
nested_ramp,machine,971,picked,431250,,0
nested_ramp,machine,971,picked,443750,,0
nested_ramp,machine,971,picked,456250,,0
nested_ramp,machine,971,picked,468750,,0
nested_ramp,machine,971,picked,481250,,0
nested_ramp,machine,971,picked,493750,,0
nested_ramp,machine,972,picked,6250,0.0000,46
nested_ramp,machine,972,picked,18750,0.0667,60
nested_ramp,machine,972,picked,31250,0.0781,64
nested_ramp,machine,972,picked,43750,0.3947,76
nested_ramp,machine,972,picked,56250,0.2603,73
nested_ramp,machine,972,picked,68750,0.2344,64
nested_ramp,machine,972,picked,81250,0.3333,63
nested_ramp,machine,972,picked,93750,0.2537,67
nested_ramp,machine,972,picked,106250,0.4429,70
nested_ramp,machine,972,picked,118750,0.5152,66
nested_ramp,machine,972,picked,131250,0.4783,69
nested_ramp,machine,972,picked,143750,0.2807,57
nested_ramp,machine,972,picked,156250,0.2857,49
nested_ramp,machine,972,picked,168750,0.5263,57
nested_ramp,machine,972,picked,181250,0.5862,58
nested_ramp,machine,972,picked,193750,0.6912,68
nested_ramp,machine,972,picked,206250,0.5686,51
nested_ramp,machine,972,picked,218750,0.6250,56
nested_ramp,machine,972,picked,231250,0.7206,68
nested_ramp,machine,972,picked,243750,0.6333,60
nested_ramp,machine,972,picked,256250,0.8429,70
nested_ramp,machine,972,picked,268750,0.8857,70
nested_ramp,machine,972,picked,281250,0.5741,54
nested_ramp,machine,972,picked,293750,0.7636,55
nested_ramp,machine,972,picked,306250,0.8261,69
nested_ramp,machine,972,picked,318750,0.8983,59
nested_ramp,machine,972,picked,331250,0.6441,59
nested_ramp,machine,972,picked,343750,0.4833,60
nested_ramp,machine,972,picked,356250,0.7778,54
nested_ramp,machine,972,picked,368750,0.8596,57
nested_ramp,machine,972,picked,381250,0.7895,57
nested_ramp,machine,972,picked,393750,0.9697,66
nested_ramp,machine,972,picked,406250,0.9067,75
nested_ramp,machine,972,picked,418750,0.8630,73
nested_ramp,machine,972,picked,431250,0.8750,112
nested_ramp,machine,972,picked,443750,0.6466,116
nested_ramp,machine,972,picked,456250,0.3788,66
nested_ramp,machine,972,picked,468750,0.8077,52
nested_ramp,machine,972,picked,481250,0.8800,50
nested_ramp,machine,972,picked,493750,0.8269,52
nested_ramp,machine,973,picked,6250,0.0000,44
nested_ramp,machine,973,picked,18750,0.0755,53
nested_ramp,machine,973,picked,31250,0.0820,61
nested_ramp,machine,973,picked,43750,0.1471,68
nested_ramp,machine,973,picked,56250,0.1343,67
nested_ramp,machine,973,picked,68750,0.2857,63
nested_ramp,machine,973,picked,81250,0.3896,77
nested_ramp,machine,973,picked,93750,0.3966,58
nested_ramp,machine,973,picked,106250,0.4677,62
nested_ramp,machine,973,picked,118750,0.5238,63
nested_ramp,machine,973,picked,131250,0.2414,58
nested_ramp,machine,973,picked,143750,0.5082,61
nested_ramp,machine,973,picked,156250,0.6071,56
nested_ramp,machine,973,picked,168750,0.5926,54
nested_ramp,machine,973,picked,181250,0.7018,57
nested_ramp,machine,973,picked,193750,0.6000,65
nested_ramp,machine,973,picked,206250,0.8438,64
nested_ramp,machine,973,picked,218750,0.8657,67
nested_ramp,machine,973,picked,231250,0.8154,65
nested_ramp,machine,973,picked,243750,0.7849,93
nested_ramp,machine,973,picked,256250,0.7778,54
nested_ramp,machine,973,picked,268750,0.8750,80
nested_ramp,machine,973,picked,281250,0.9155,71
nested_ramp,machine,973,picked,293750,0.8033,61
nested_ramp,machine,973,picked,306250,0.7966,59
nested_ramp,machine,973,picked,318750,0.7903,62
nested_ramp,machine,973,picked,331250,0.4945,91
nested_ramp,machine,973,picked,343750,0.4455,101
nested_ramp,machine,973,picked,356250,0.5513,78
nested_ramp,machine,973,picked,368750,0.6092,87
nested_ramp,machine,973,picked,381250,0.3731,67
nested_ramp,machine,973,picked,393750,0.5000,76
nested_ramp,machine,973,picked,406250,0.6338,71
nested_ramp,machine,973,picked,418750,0.5000,74
nested_ramp,machine,973,picked,431250,0.8526,95
nested_ramp,machine,973,picked,443750,0.3929,84
nested_ramp,machine,973,picked,456250,0.2535,71
nested_ramp,machine,973,picked,468750,0.3810,63
nested_ramp,machine,973,picked,481250,0.4306,72
nested_ramp,machine,973,picked,493750,0.3714,70
nested_ramp,human,950,placed_v2,6250,0.0000,47
nested_ramp,human,950,placed_v2,18750,0.0172,58
nested_ramp,human,950,placed_v2,31250,0.0000,73
nested_ramp,human,950,placed_v2,43750,0.0317,63
nested_ramp,human,950,placed_v2,56250,0.1091,55
nested_ramp,human,950,placed_v2,68750,0.2281,57
nested_ramp,human,950,placed_v2,81250,0.3115,61
nested_ramp,human,950,placed_v2,93750,0.2576,66
nested_ramp,human,950,placed_v2,106250,0.1233,73
nested_ramp,human,950,placed_v2,118750,0.5410,61
nested_ramp,human,950,placed_v2,131250,0.2564,78
nested_ramp,human,950,placed_v2,143750,0.3788,66
nested_ramp,human,950,placed_v2,156250,0.3562,73
nested_ramp,human,950,placed_v2,168750,0.4516,62
nested_ramp,human,950,placed_v2,181250,0.3433,67
nested_ramp,human,950,placed_v2,193750,0.6458,48
nested_ramp,human,950,placed_v2,206250,0.7800,50
nested_ramp,human,950,placed_v2,218750,0.3171,82
nested_ramp,human,950,placed_v2,231250,0.6441,59
nested_ramp,human,950,placed_v2,243750,0.7121,66
nested_ramp,human,950,placed_v2,256250,,0
nested_ramp,human,950,placed_v2,268750,,0
nested_ramp,human,950,placed_v2,281250,,0
nested_ramp,human,950,placed_v2,293750,,0
nested_ramp,human,950,placed_v2,306250,,0
nested_ramp,human,950,placed_v2,318750,,0
nested_ramp,human,950,placed_v2,331250,,0
nested_ramp,human,950,placed_v2,343750,,0
nested_ramp,human,950,placed_v2,356250,,0
nested_ramp,human,950,placed_v2,368750,,0
nested_ramp,human,950,placed_v2,381250,,0
nested_ramp,human,950,placed_v2,393750,,0
nested_ramp,human,950,placed_v2,406250,,0
nested_ramp,human,950,placed_v2,418750,,0
nested_ramp,human,950,placed_v2,431250,,0
nested_ramp,human,950,placed_v2,443750,,0
nested_ramp,human,950,placed_v2,456250,,0
nested_ramp,human,950,placed_v2,468750,,0
nested_ramp,human,950,placed_v2,481250,,0
nested_ramp,human,950,placed_v2,493750,,0
nested_ramp,human,951,placed_v2,6250,0.0000,48
nested_ramp,human,951,placed_v2,18750,0.0000,68
nested_ramp,human,951,placed_v2,31250,0.0000,79
nested_ramp,human,951,placed_v2,43750,0.1406,64
nested_ramp,human,951,placed_v2,56250,0.2459,61
nested_ramp,human,951,placed_v2,68750,0.2281,57
nested_ramp,human,951,placed_v2,81250,0.3220,59
nested_ramp,human,951,placed_v2,93750,0.2903,62
nested_ramp,human,951,placed_v2,106250,0.2500,60
nested_ramp,human,951,placed_v2,118750,0.4355,62
nested_ramp,human,951,placed_v2,131250,0.4355,62
nested_ramp,human,951,placed_v2,143750,0.3243,74
nested_ramp,human,951,placed_v2,156250,0.5714,56
nested_ramp,human,951,placed_v2,168750,0.5636,55
nested_ramp,human,951,placed_v2,181250,0.4400,50
nested_ramp,human,951,placed_v2,193750,0.5000,50
nested_ramp,human,951,placed_v2,206250,0.6207,58
nested_ramp,human,951,placed_v2,218750,0.5614,57
nested_ramp,human,951,placed_v2,231250,0.8298,47
nested_ramp,human,951,placed_v2,243750,0.5000,58
nested_ramp,human,951,placed_v2,256250,,0
nested_ramp,human,951,placed_v2,268750,,0
nested_ramp,human,951,placed_v2,281250,,0
nested_ramp,human,951,placed_v2,293750,,0
nested_ramp,human,951,placed_v2,306250,,0
nested_ramp,human,951,placed_v2,318750,,0
nested_ramp,human,951,placed_v2,331250,,0
nested_ramp,human,951,placed_v2,343750,,0
nested_ramp,human,951,placed_v2,356250,,0
nested_ramp,human,951,placed_v2,368750,,0
nested_ramp,human,951,placed_v2,381250,,0
nested_ramp,human,951,placed_v2,393750,,0
nested_ramp,human,951,placed_v2,406250,,0
nested_ramp,human,951,placed_v2,418750,,0
nested_ramp,human,951,placed_v2,431250,,0
nested_ramp,human,951,placed_v2,443750,,0
nested_ramp,human,951,placed_v2,456250,,0
nested_ramp,human,951,placed_v2,468750,,0
nested_ramp,human,951,placed_v2,481250,,0
nested_ramp,human,951,placed_v2,493750,,0
nested_ramp,human,952,placed_v2,6250,0.0000,45
nested_ramp,human,952,placed_v2,18750,0.0179,56
nested_ramp,human,952,placed_v2,31250,0.0000,74
nested_ramp,human,952,placed_v2,43750,0.0357,84
nested_ramp,human,952,placed_v2,56250,0.1642,67
nested_ramp,human,952,placed_v2,68750,0.2778,72
nested_ramp,human,952,placed_v2,81250,0.4500,60
nested_ramp,human,952,placed_v2,93750,0.5000,66
nested_ramp,human,952,placed_v2,106250,0.6071,56
nested_ramp,human,952,placed_v2,118750,0.3333,72
nested_ramp,human,952,placed_v2,131250,0.4833,60
nested_ramp,human,952,placed_v2,143750,0.4769,65
nested_ramp,human,952,placed_v2,156250,0.6875,48
nested_ramp,human,952,placed_v2,168750,0.2295,61
nested_ramp,human,952,placed_v2,181250,0.2581,62
nested_ramp,human,952,placed_v2,193750,0.6491,57
nested_ramp,human,952,placed_v2,206250,0.6364,55
nested_ramp,human,952,placed_v2,218750,0.6471,51
nested_ramp,human,952,placed_v2,231250,0.7708,48
nested_ramp,human,952,placed_v2,243750,0.6923,52
nested_ramp,human,952,placed_v2,256250,0.6604,53
nested_ramp,human,952,placed_v2,268750,0.7593,54
nested_ramp,human,952,placed_v2,281250,0.7736,53
nested_ramp,human,952,placed_v2,293750,0.6111,54
nested_ramp,human,952,placed_v2,306250,0.7308,52
nested_ramp,human,952,placed_v2,318750,0.6346,52
nested_ramp,human,952,placed_v2,331250,0.9149,47
nested_ramp,human,952,placed_v2,343750,0.3281,64
nested_ramp,human,952,placed_v2,356250,0.0000,90
nested_ramp,human,952,placed_v2,368750,0.2162,74
nested_ramp,human,952,placed_v2,381250,0.0385,52
nested_ramp,human,952,placed_v2,393750,0.0000,55
nested_ramp,human,952,placed_v2,406250,0.0339,59
nested_ramp,human,952,placed_v2,418750,0.1452,62
nested_ramp,human,952,placed_v2,431250,0.1311,61
nested_ramp,human,952,placed_v2,443750,0.6389,72
nested_ramp,human,952,placed_v2,456250,0.4925,67
nested_ramp,human,952,placed_v2,468750,0.6885,61
nested_ramp,human,952,placed_v2,481250,0.9020,51
nested_ramp,human,952,placed_v2,493750,0.6418,67
nested_ramp,human,953,placed_v2,6250,0.0000,46
nested_ramp,human,953,placed_v2,18750,0.0000,56
nested_ramp,human,953,placed_v2,31250,0.0000,59
nested_ramp,human,953,placed_v2,43750,0.0000,79
nested_ramp,human,953,placed_v2,56250,0.0159,63
nested_ramp,human,953,placed_v2,68750,0.0952,63
nested_ramp,human,953,placed_v2,81250,0.2000,55
nested_ramp,human,953,placed_v2,93750,0.1831,71
nested_ramp,human,953,placed_v2,106250,0.2034,59
nested_ramp,human,953,placed_v2,118750,0.2545,55
nested_ramp,human,953,placed_v2,131250,0.3276,58
nested_ramp,human,953,placed_v2,143750,0.2576,66
nested_ramp,human,953,placed_v2,156250,0.5660,53
nested_ramp,human,953,placed_v2,168750,0.0545,55
nested_ramp,human,953,placed_v2,181250,0.4259,54
nested_ramp,human,953,placed_v2,193750,0.6909,55
nested_ramp,human,953,placed_v2,206250,0.5606,66
nested_ramp,human,953,placed_v2,218750,0.2714,70
nested_ramp,human,953,placed_v2,231250,0.6071,56
nested_ramp,human,953,placed_v2,243750,0.5690,58
nested_ramp,human,953,placed_v2,256250,0.6038,53
nested_ramp,human,953,placed_v2,268750,0.3860,57
nested_ramp,human,953,placed_v2,281250,0.4262,61
nested_ramp,human,953,placed_v2,293750,0.5091,55
nested_ramp,human,953,placed_v2,306250,0.2727,55
nested_ramp,human,953,placed_v2,318750,0.4407,59
nested_ramp,human,953,placed_v2,331250,0.8043,46
nested_ramp,human,953,placed_v2,343750,0.7872,47
nested_ramp,human,953,placed_v2,356250,0.5472,53
nested_ramp,human,953,placed_v2,368750,0.6786,56
nested_ramp,human,953,placed_v2,381250,0.6727,55
nested_ramp,human,953,placed_v2,393750,0.8936,47
nested_ramp,human,953,placed_v2,406250,0.3922,51
nested_ramp,human,953,placed_v2,418750,0.5397,63
nested_ramp,human,953,placed_v2,431250,0.4098,61
nested_ramp,human,953,placed_v2,443750,0.5000,56
nested_ramp,human,953,placed_v2,456250,0.6364,55
nested_ramp,human,953,placed_v2,468750,0.8148,54
nested_ramp,human,953,placed_v2,481250,0.6250,56
nested_ramp,human,953,placed_v2,493750,0.6792,53
nested_ramp,machine,970,placed_v2,6250,0.0000,45
nested_ramp,machine,970,placed_v2,18750,0.0000,63
nested_ramp,machine,970,placed_v2,31250,0.0000,81
nested_ramp,machine,970,placed_v2,43750,0.0120,83
nested_ramp,machine,970,placed_v2,56250,0.0469,64
nested_ramp,machine,970,placed_v2,68750,0.0533,75
nested_ramp,machine,970,placed_v2,81250,0.0678,59
nested_ramp,machine,970,placed_v2,93750,0.1642,67
nested_ramp,machine,970,placed_v2,106250,0.1279,86
nested_ramp,machine,970,placed_v2,118750,0.1831,71
nested_ramp,machine,970,placed_v2,131250,0.3898,59
nested_ramp,machine,970,placed_v2,143750,0.2237,76
nested_ramp,machine,970,placed_v2,156250,0.0968,62
nested_ramp,machine,970,placed_v2,168750,0.1912,68
nested_ramp,machine,970,placed_v2,181250,0.0923,65
nested_ramp,machine,970,placed_v2,193750,0.0667,60
nested_ramp,machine,970,placed_v2,206250,0.2037,54
nested_ramp,machine,970,placed_v2,218750,0.2969,64
nested_ramp,machine,970,placed_v2,231250,0.1833,60
nested_ramp,machine,970,placed_v2,243750,0.2333,60
nested_ramp,machine,970,placed_v2,256250,,0
nested_ramp,machine,970,placed_v2,268750,,0
nested_ramp,machine,970,placed_v2,281250,,0
nested_ramp,machine,970,placed_v2,293750,,0
nested_ramp,machine,970,placed_v2,306250,,0
nested_ramp,machine,970,placed_v2,318750,,0
nested_ramp,machine,970,placed_v2,331250,,0
nested_ramp,machine,970,placed_v2,343750,,0
nested_ramp,machine,970,placed_v2,356250,,0
nested_ramp,machine,970,placed_v2,368750,,0
nested_ramp,machine,970,placed_v2,381250,,0
nested_ramp,machine,970,placed_v2,393750,,0
nested_ramp,machine,970,placed_v2,406250,,0
nested_ramp,machine,970,placed_v2,418750,,0
nested_ramp,machine,970,placed_v2,431250,,0
nested_ramp,machine,970,placed_v2,443750,,0
nested_ramp,machine,970,placed_v2,456250,,0
nested_ramp,machine,970,placed_v2,468750,,0
nested_ramp,machine,970,placed_v2,481250,,0
nested_ramp,machine,970,placed_v2,493750,,0
nested_ramp,machine,971,placed_v2,6250,0.0000,44
nested_ramp,machine,971,placed_v2,18750,0.0000,45
nested_ramp,machine,971,placed_v2,31250,0.0000,74
nested_ramp,machine,971,placed_v2,43750,0.0000,71
nested_ramp,machine,971,placed_v2,56250,0.0143,70
nested_ramp,machine,971,placed_v2,68750,0.0000,60
nested_ramp,machine,971,placed_v2,81250,0.0000,79
nested_ramp,machine,971,placed_v2,93750,0.0333,60
nested_ramp,machine,971,placed_v2,106250,0.2000,60
nested_ramp,machine,971,placed_v2,118750,0.2090,67
nested_ramp,machine,971,placed_v2,131250,0.3125,64
nested_ramp,machine,971,placed_v2,143750,0.2063,63
nested_ramp,machine,971,placed_v2,156250,0.1406,64
nested_ramp,machine,971,placed_v2,168750,0.0333,60
nested_ramp,machine,971,placed_v2,181250,0.1667,48
nested_ramp,machine,971,placed_v2,193750,0.1875,64
nested_ramp,machine,971,placed_v2,206250,0.3051,59
nested_ramp,machine,971,placed_v2,218750,0.0167,60
nested_ramp,machine,971,placed_v2,231250,0.0000,59
nested_ramp,machine,971,placed_v2,243750,0.0000,45
nested_ramp,machine,971,placed_v2,256250,,0
nested_ramp,machine,971,placed_v2,268750,,0
nested_ramp,machine,971,placed_v2,281250,,0
nested_ramp,machine,971,placed_v2,293750,,0
nested_ramp,machine,971,placed_v2,306250,,0
nested_ramp,machine,971,placed_v2,318750,,0
nested_ramp,machine,971,placed_v2,331250,,0
nested_ramp,machine,971,placed_v2,343750,,0
nested_ramp,machine,971,placed_v2,356250,,0
nested_ramp,machine,971,placed_v2,368750,,0
nested_ramp,machine,971,placed_v2,381250,,0
nested_ramp,machine,971,placed_v2,393750,,0
nested_ramp,machine,971,placed_v2,406250,,0
nested_ramp,machine,971,placed_v2,418750,,0
nested_ramp,machine,971,placed_v2,431250,,0
nested_ramp,machine,971,placed_v2,443750,,0
nested_ramp,machine,971,placed_v2,456250,,0
nested_ramp,machine,971,placed_v2,468750,,0
nested_ramp,machine,971,placed_v2,481250,,0
nested_ramp,machine,971,placed_v2,493750,,0
nested_ramp,machine,972,placed_v2,6250,0.0000,46
nested_ramp,machine,972,placed_v2,18750,0.0000,60
nested_ramp,machine,972,placed_v2,31250,0.0000,64
nested_ramp,machine,972,placed_v2,43750,0.0000,76
nested_ramp,machine,972,placed_v2,56250,0.0137,73
nested_ramp,machine,972,placed_v2,68750,0.0000,64
nested_ramp,machine,972,placed_v2,81250,0.1111,63
nested_ramp,machine,972,placed_v2,93750,0.1642,67
nested_ramp,machine,972,placed_v2,106250,0.1571,70
nested_ramp,machine,972,placed_v2,118750,0.1364,66
nested_ramp,machine,972,placed_v2,131250,0.1014,69
nested_ramp,machine,972,placed_v2,143750,0.0877,57
nested_ramp,machine,972,placed_v2,156250,0.1837,49
nested_ramp,machine,972,placed_v2,168750,0.2982,57
nested_ramp,machine,972,placed_v2,181250,0.2931,58
nested_ramp,machine,972,placed_v2,193750,0.1324,68
nested_ramp,machine,972,placed_v2,206250,0.3333,51
nested_ramp,machine,972,placed_v2,218750,0.3750,56
nested_ramp,machine,972,placed_v2,231250,0.2059,68
nested_ramp,machine,972,placed_v2,243750,0.2167,60
nested_ramp,machine,972,placed_v2,256250,0.1571,70
nested_ramp,machine,972,placed_v2,268750,0.2143,70
nested_ramp,machine,972,placed_v2,281250,0.1296,54
nested_ramp,machine,972,placed_v2,293750,0.5273,55
nested_ramp,machine,972,placed_v2,306250,0.3333,69
nested_ramp,machine,972,placed_v2,318750,0.4068,59
nested_ramp,machine,972,placed_v2,331250,0.3051,59
nested_ramp,machine,972,placed_v2,343750,0.1167,60
nested_ramp,machine,972,placed_v2,356250,0.4259,54
nested_ramp,machine,972,placed_v2,368750,0.5965,57
nested_ramp,machine,972,placed_v2,381250,0.4211,57
nested_ramp,machine,972,placed_v2,393750,0.3485,66
nested_ramp,machine,972,placed_v2,406250,0.3733,75
nested_ramp,machine,972,placed_v2,418750,0.2192,73
nested_ramp,machine,972,placed_v2,431250,0.0893,112
nested_ramp,machine,972,placed_v2,443750,0.0345,116
nested_ramp,machine,972,placed_v2,456250,0.1515,66
nested_ramp,machine,972,placed_v2,468750,0.4615,52
nested_ramp,machine,972,placed_v2,481250,0.7600,50
nested_ramp,machine,972,placed_v2,493750,0.8077,52
nested_ramp,machine,973,placed_v2,6250,0.0000,44
nested_ramp,machine,973,placed_v2,18750,0.0000,53
nested_ramp,machine,973,placed_v2,31250,0.0000,61
nested_ramp,machine,973,placed_v2,43750,0.0000,68
nested_ramp,machine,973,placed_v2,56250,0.0000,67
nested_ramp,machine,973,placed_v2,68750,0.0317,63
nested_ramp,machine,973,placed_v2,81250,0.0130,77
nested_ramp,machine,973,placed_v2,93750,0.1379,58
nested_ramp,machine,973,placed_v2,106250,0.0968,62
nested_ramp,machine,973,placed_v2,118750,0.1270,63
nested_ramp,machine,973,placed_v2,131250,0.0862,58
nested_ramp,machine,973,placed_v2,143750,0.2295,61
nested_ramp,machine,973,placed_v2,156250,0.3929,56
nested_ramp,machine,973,placed_v2,168750,0.4815,54
nested_ramp,machine,973,placed_v2,181250,0.3860,57
nested_ramp,machine,973,placed_v2,193750,0.1538,65
nested_ramp,machine,973,placed_v2,206250,0.2500,64
nested_ramp,machine,973,placed_v2,218750,0.3134,67
nested_ramp,machine,973,placed_v2,231250,0.2923,65
nested_ramp,machine,973,placed_v2,243750,0.1398,93
nested_ramp,machine,973,placed_v2,256250,0.3148,54
nested_ramp,machine,973,placed_v2,268750,0.2625,80
nested_ramp,machine,973,placed_v2,281250,0.3662,71
nested_ramp,machine,973,placed_v2,293750,0.4754,61
nested_ramp,machine,973,placed_v2,306250,0.6271,59
nested_ramp,machine,973,placed_v2,318750,0.5161,62
nested_ramp,machine,973,placed_v2,331250,0.0659,91
nested_ramp,machine,973,placed_v2,343750,0.0396,101
nested_ramp,machine,973,placed_v2,356250,0.0897,78
nested_ramp,machine,973,placed_v2,368750,0.1264,87
nested_ramp,machine,973,placed_v2,381250,0.1194,67
nested_ramp,machine,973,placed_v2,393750,0.1842,76
nested_ramp,machine,973,placed_v2,406250,0.2676,71
nested_ramp,machine,973,placed_v2,418750,0.0946,74
nested_ramp,machine,973,placed_v2,431250,0.0947,95
nested_ramp,machine,973,placed_v2,443750,0.0119,84
nested_ramp,machine,973,placed_v2,456250,0.0141,71
nested_ramp,machine,973,placed_v2,468750,0.0317,63
nested_ramp,machine,973,placed_v2,481250,0.1250,72
nested_ramp,machine,973,placed_v2,493750,0.0000,70
nested_ramp,human,950,nested_v2,6250,0.0000,47
nested_ramp,human,950,nested_v2,18750,0.0000,58
nested_ramp,human,950,nested_v2,31250,0.0000,73
nested_ramp,human,950,nested_v2,43750,0.0000,63
nested_ramp,human,950,nested_v2,56250,0.0182,55
nested_ramp,human,950,nested_v2,68750,0.0175,57
nested_ramp,human,950,nested_v2,81250,0.0656,61
nested_ramp,human,950,nested_v2,93750,0.0455,66
nested_ramp,human,950,nested_v2,106250,0.0000,73
nested_ramp,human,950,nested_v2,118750,0.0984,61
nested_ramp,human,950,nested_v2,131250,0.0128,78
nested_ramp,human,950,nested_v2,143750,0.0606,66
nested_ramp,human,950,nested_v2,156250,0.1233,73
nested_ramp,human,950,nested_v2,168750,0.1774,62
nested_ramp,human,950,nested_v2,181250,0.0000,67
nested_ramp,human,950,nested_v2,193750,0.0833,48
nested_ramp,human,950,nested_v2,206250,0.1200,50
nested_ramp,human,950,nested_v2,218750,0.0366,82
nested_ramp,human,950,nested_v2,231250,0.3051,59
nested_ramp,human,950,nested_v2,243750,0.4091,66
nested_ramp,human,950,nested_v2,256250,,0
nested_ramp,human,950,nested_v2,268750,,0
nested_ramp,human,950,nested_v2,281250,,0
nested_ramp,human,950,nested_v2,293750,,0
nested_ramp,human,950,nested_v2,306250,,0
nested_ramp,human,950,nested_v2,318750,,0
nested_ramp,human,950,nested_v2,331250,,0
nested_ramp,human,950,nested_v2,343750,,0
nested_ramp,human,950,nested_v2,356250,,0
nested_ramp,human,950,nested_v2,368750,,0
nested_ramp,human,950,nested_v2,381250,,0
nested_ramp,human,950,nested_v2,393750,,0
nested_ramp,human,950,nested_v2,406250,,0
nested_ramp,human,950,nested_v2,418750,,0
nested_ramp,human,950,nested_v2,431250,,0
nested_ramp,human,950,nested_v2,443750,,0
nested_ramp,human,950,nested_v2,456250,,0
nested_ramp,human,950,nested_v2,468750,,0
nested_ramp,human,950,nested_v2,481250,,0
nested_ramp,human,950,nested_v2,493750,,0
nested_ramp,human,951,nested_v2,6250,0.0000,48
nested_ramp,human,951,nested_v2,18750,0.0000,68
nested_ramp,human,951,nested_v2,31250,0.0000,79
nested_ramp,human,951,nested_v2,43750,0.0000,64
nested_ramp,human,951,nested_v2,56250,0.0328,61
nested_ramp,human,951,nested_v2,68750,0.0526,57
nested_ramp,human,951,nested_v2,81250,0.0678,59
nested_ramp,human,951,nested_v2,93750,0.0323,62
nested_ramp,human,951,nested_v2,106250,0.0667,60
nested_ramp,human,951,nested_v2,118750,0.1290,62
nested_ramp,human,951,nested_v2,131250,0.0484,62
nested_ramp,human,951,nested_v2,143750,0.0405,74
nested_ramp,human,951,nested_v2,156250,0.1607,56
nested_ramp,human,951,nested_v2,168750,0.1455,55
nested_ramp,human,951,nested_v2,181250,0.0400,50
nested_ramp,human,951,nested_v2,193750,0.1400,50
nested_ramp,human,951,nested_v2,206250,0.0690,58
nested_ramp,human,951,nested_v2,218750,0.0175,57
nested_ramp,human,951,nested_v2,231250,0.0851,47
nested_ramp,human,951,nested_v2,243750,0.0172,58
nested_ramp,human,951,nested_v2,256250,,0
nested_ramp,human,951,nested_v2,268750,,0
nested_ramp,human,951,nested_v2,281250,,0
nested_ramp,human,951,nested_v2,293750,,0
nested_ramp,human,951,nested_v2,306250,,0
nested_ramp,human,951,nested_v2,318750,,0
nested_ramp,human,951,nested_v2,331250,,0
nested_ramp,human,951,nested_v2,343750,,0
nested_ramp,human,951,nested_v2,356250,,0
nested_ramp,human,951,nested_v2,368750,,0
nested_ramp,human,951,nested_v2,381250,,0
nested_ramp,human,951,nested_v2,393750,,0
nested_ramp,human,951,nested_v2,406250,,0
nested_ramp,human,951,nested_v2,418750,,0
nested_ramp,human,951,nested_v2,431250,,0
nested_ramp,human,951,nested_v2,443750,,0
nested_ramp,human,951,nested_v2,456250,,0
nested_ramp,human,951,nested_v2,468750,,0
nested_ramp,human,951,nested_v2,481250,,0
nested_ramp,human,951,nested_v2,493750,,0
nested_ramp,human,952,nested_v2,6250,0.0000,45
nested_ramp,human,952,nested_v2,18750,0.0000,56
nested_ramp,human,952,nested_v2,31250,0.0000,74
nested_ramp,human,952,nested_v2,43750,0.0000,84
nested_ramp,human,952,nested_v2,56250,0.0149,67
nested_ramp,human,952,nested_v2,68750,0.0833,72
nested_ramp,human,952,nested_v2,81250,0.0667,60
nested_ramp,human,952,nested_v2,93750,0.0758,66
nested_ramp,human,952,nested_v2,106250,0.1786,56
nested_ramp,human,952,nested_v2,118750,0.1111,72
nested_ramp,human,952,nested_v2,131250,0.0167,60
nested_ramp,human,952,nested_v2,143750,0.0308,65
nested_ramp,human,952,nested_v2,156250,0.0833,48
nested_ramp,human,952,nested_v2,168750,0.0164,61
nested_ramp,human,952,nested_v2,181250,0.0000,62
nested_ramp,human,952,nested_v2,193750,0.0526,57
nested_ramp,human,952,nested_v2,206250,0.1455,55
nested_ramp,human,952,nested_v2,218750,0.1569,51
nested_ramp,human,952,nested_v2,231250,0.0417,48
nested_ramp,human,952,nested_v2,243750,0.2500,52
nested_ramp,human,952,nested_v2,256250,0.0943,53
nested_ramp,human,952,nested_v2,268750,0.2222,54
nested_ramp,human,952,nested_v2,281250,0.1698,53
nested_ramp,human,952,nested_v2,293750,0.1852,54
nested_ramp,human,952,nested_v2,306250,0.1731,52
nested_ramp,human,952,nested_v2,318750,0.1923,52
nested_ramp,human,952,nested_v2,331250,0.2340,47
nested_ramp,human,952,nested_v2,343750,0.0938,64
nested_ramp,human,952,nested_v2,356250,0.0000,90
nested_ramp,human,952,nested_v2,368750,0.0405,74
nested_ramp,human,952,nested_v2,381250,0.0000,52
nested_ramp,human,952,nested_v2,393750,0.0000,55
nested_ramp,human,952,nested_v2,406250,0.0000,59
nested_ramp,human,952,nested_v2,418750,0.0161,62
nested_ramp,human,952,nested_v2,431250,0.0328,61
nested_ramp,human,952,nested_v2,443750,0.1250,72
nested_ramp,human,952,nested_v2,456250,0.1791,67
nested_ramp,human,952,nested_v2,468750,0.1639,61
nested_ramp,human,952,nested_v2,481250,0.1961,51
nested_ramp,human,952,nested_v2,493750,0.2537,67
nested_ramp,human,953,nested_v2,6250,0.0000,46
nested_ramp,human,953,nested_v2,18750,0.0000,56
nested_ramp,human,953,nested_v2,31250,0.0000,59
nested_ramp,human,953,nested_v2,43750,0.0000,79
nested_ramp,human,953,nested_v2,56250,0.0159,63
nested_ramp,human,953,nested_v2,68750,0.0317,63
nested_ramp,human,953,nested_v2,81250,0.0000,55
nested_ramp,human,953,nested_v2,93750,0.0282,71
nested_ramp,human,953,nested_v2,106250,0.0339,59
nested_ramp,human,953,nested_v2,118750,0.0000,55
nested_ramp,human,953,nested_v2,131250,0.0345,58
nested_ramp,human,953,nested_v2,143750,0.0152,66
nested_ramp,human,953,nested_v2,156250,0.0943,53
nested_ramp,human,953,nested_v2,168750,0.0000,55
nested_ramp,human,953,nested_v2,181250,0.0741,54
nested_ramp,human,953,nested_v2,193750,0.0727,55
nested_ramp,human,953,nested_v2,206250,0.1667,66
nested_ramp,human,953,nested_v2,218750,0.0000,70
nested_ramp,human,953,nested_v2,231250,0.0179,56
nested_ramp,human,953,nested_v2,243750,0.0690,58
nested_ramp,human,953,nested_v2,256250,0.0377,53
nested_ramp,human,953,nested_v2,268750,0.0702,57
nested_ramp,human,953,nested_v2,281250,0.1311,61
nested_ramp,human,953,nested_v2,293750,0.2000,55
nested_ramp,human,953,nested_v2,306250,0.0182,55
nested_ramp,human,953,nested_v2,318750,0.0678,59
nested_ramp,human,953,nested_v2,331250,0.2174,46
nested_ramp,human,953,nested_v2,343750,0.5106,47
nested_ramp,human,953,nested_v2,356250,0.0755,53
nested_ramp,human,953,nested_v2,368750,0.2143,56
nested_ramp,human,953,nested_v2,381250,0.1455,55
nested_ramp,human,953,nested_v2,393750,0.1915,47
nested_ramp,human,953,nested_v2,406250,0.0000,51
nested_ramp,human,953,nested_v2,418750,0.0476,63
nested_ramp,human,953,nested_v2,431250,0.0820,61
nested_ramp,human,953,nested_v2,443750,0.1429,56
nested_ramp,human,953,nested_v2,456250,0.1091,55
nested_ramp,human,953,nested_v2,468750,0.3148,54
nested_ramp,human,953,nested_v2,481250,0.4286,56
nested_ramp,human,953,nested_v2,493750,0.2075,53
nested_ramp,machine,970,nested_v2,6250,0.0000,45
nested_ramp,machine,970,nested_v2,18750,0.0000,63
nested_ramp,machine,970,nested_v2,31250,0.0000,81
nested_ramp,machine,970,nested_v2,43750,0.0000,83
nested_ramp,machine,970,nested_v2,56250,0.0000,64
nested_ramp,machine,970,nested_v2,68750,0.0000,75
nested_ramp,machine,970,nested_v2,81250,0.0000,59
nested_ramp,machine,970,nested_v2,93750,0.0448,67
nested_ramp,machine,970,nested_v2,106250,0.0000,86
nested_ramp,machine,970,nested_v2,118750,0.0563,71
nested_ramp,machine,970,nested_v2,131250,0.1525,59
nested_ramp,machine,970,nested_v2,143750,0.0395,76
nested_ramp,machine,970,nested_v2,156250,0.0000,62
nested_ramp,machine,970,nested_v2,168750,0.0441,68
nested_ramp,machine,970,nested_v2,181250,0.0000,65
nested_ramp,machine,970,nested_v2,193750,0.0000,60
nested_ramp,machine,970,nested_v2,206250,0.0370,54
nested_ramp,machine,970,nested_v2,218750,0.0156,64
nested_ramp,machine,970,nested_v2,231250,0.0167,60
nested_ramp,machine,970,nested_v2,243750,0.0333,60
nested_ramp,machine,970,nested_v2,256250,,0
nested_ramp,machine,970,nested_v2,268750,,0
nested_ramp,machine,970,nested_v2,281250,,0
nested_ramp,machine,970,nested_v2,293750,,0
nested_ramp,machine,970,nested_v2,306250,,0
nested_ramp,machine,970,nested_v2,318750,,0
nested_ramp,machine,970,nested_v2,331250,,0
nested_ramp,machine,970,nested_v2,343750,,0
nested_ramp,machine,970,nested_v2,356250,,0
nested_ramp,machine,970,nested_v2,368750,,0
nested_ramp,machine,970,nested_v2,381250,,0
nested_ramp,machine,970,nested_v2,393750,,0
nested_ramp,machine,970,nested_v2,406250,,0
nested_ramp,machine,970,nested_v2,418750,,0
nested_ramp,machine,970,nested_v2,431250,,0
nested_ramp,machine,970,nested_v2,443750,,0
nested_ramp,machine,970,nested_v2,456250,,0
nested_ramp,machine,970,nested_v2,468750,,0
nested_ramp,machine,970,nested_v2,481250,,0
nested_ramp,machine,970,nested_v2,493750,,0
nested_ramp,machine,971,nested_v2,6250,0.0000,44
nested_ramp,machine,971,nested_v2,18750,0.0000,45
nested_ramp,machine,971,nested_v2,31250,0.0000,74
nested_ramp,machine,971,nested_v2,43750,0.0000,71
nested_ramp,machine,971,nested_v2,56250,0.0000,70
nested_ramp,machine,971,nested_v2,68750,0.0000,60
nested_ramp,machine,971,nested_v2,81250,0.0000,79
nested_ramp,machine,971,nested_v2,93750,0.0000,60
nested_ramp,machine,971,nested_v2,106250,0.0333,60
nested_ramp,machine,971,nested_v2,118750,0.0597,67
nested_ramp,machine,971,nested_v2,131250,0.0156,64
nested_ramp,machine,971,nested_v2,143750,0.0000,63
nested_ramp,machine,971,nested_v2,156250,0.0156,64
nested_ramp,machine,971,nested_v2,168750,0.0167,60
nested_ramp,machine,971,nested_v2,181250,0.0417,48
nested_ramp,machine,971,nested_v2,193750,0.0156,64
nested_ramp,machine,971,nested_v2,206250,0.0678,59
nested_ramp,machine,971,nested_v2,218750,0.0000,60
nested_ramp,machine,971,nested_v2,231250,0.0000,59
nested_ramp,machine,971,nested_v2,243750,0.0000,45
nested_ramp,machine,971,nested_v2,256250,,0
nested_ramp,machine,971,nested_v2,268750,,0
nested_ramp,machine,971,nested_v2,281250,,0
nested_ramp,machine,971,nested_v2,293750,,0
nested_ramp,machine,971,nested_v2,306250,,0
nested_ramp,machine,971,nested_v2,318750,,0
nested_ramp,machine,971,nested_v2,331250,,0
nested_ramp,machine,971,nested_v2,343750,,0
nested_ramp,machine,971,nested_v2,356250,,0
nested_ramp,machine,971,nested_v2,368750,,0
nested_ramp,machine,971,nested_v2,381250,,0
nested_ramp,machine,971,nested_v2,393750,,0
nested_ramp,machine,971,nested_v2,406250,,0
nested_ramp,machine,971,nested_v2,418750,,0
nested_ramp,machine,971,nested_v2,431250,,0
nested_ramp,machine,971,nested_v2,443750,,0
nested_ramp,machine,971,nested_v2,456250,,0
nested_ramp,machine,971,nested_v2,468750,,0
nested_ramp,machine,971,nested_v2,481250,,0
nested_ramp,machine,971,nested_v2,493750,,0
nested_ramp,machine,972,nested_v2,6250,0.0000,46
nested_ramp,machine,972,nested_v2,18750,0.0000,60
nested_ramp,machine,972,nested_v2,31250,0.0000,64
nested_ramp,machine,972,nested_v2,43750,0.0000,76
nested_ramp,machine,972,nested_v2,56250,0.0000,73
nested_ramp,machine,972,nested_v2,68750,0.0000,64
nested_ramp,machine,972,nested_v2,81250,0.0000,63
nested_ramp,machine,972,nested_v2,93750,0.0149,67
nested_ramp,machine,972,nested_v2,106250,0.0000,70
nested_ramp,machine,972,nested_v2,118750,0.0000,66
nested_ramp,machine,972,nested_v2,131250,0.0000,69
nested_ramp,machine,972,nested_v2,143750,0.0000,57
nested_ramp,machine,972,nested_v2,156250,0.0000,49
nested_ramp,machine,972,nested_v2,168750,0.0175,57
nested_ramp,machine,972,nested_v2,181250,0.0172,58
nested_ramp,machine,972,nested_v2,193750,0.0147,68
nested_ramp,machine,972,nested_v2,206250,0.0980,51
nested_ramp,machine,972,nested_v2,218750,0.0714,56
nested_ramp,machine,972,nested_v2,231250,0.0441,68
nested_ramp,machine,972,nested_v2,243750,0.0500,60
nested_ramp,machine,972,nested_v2,256250,0.0000,70
nested_ramp,machine,972,nested_v2,268750,0.0571,70
nested_ramp,machine,972,nested_v2,281250,0.0185,54
nested_ramp,machine,972,nested_v2,293750,0.0182,55
nested_ramp,machine,972,nested_v2,306250,0.0435,69
nested_ramp,machine,972,nested_v2,318750,0.0169,59
nested_ramp,machine,972,nested_v2,331250,0.0169,59
nested_ramp,machine,972,nested_v2,343750,0.0000,60
nested_ramp,machine,972,nested_v2,356250,0.0741,54
nested_ramp,machine,972,nested_v2,368750,0.1053,57
nested_ramp,machine,972,nested_v2,381250,0.0175,57
nested_ramp,machine,972,nested_v2,393750,0.0152,66
nested_ramp,machine,972,nested_v2,406250,0.0133,75
nested_ramp,machine,972,nested_v2,418750,0.1096,73
nested_ramp,machine,972,nested_v2,431250,0.0000,112
nested_ramp,machine,972,nested_v2,443750,0.0000,116
nested_ramp,machine,972,nested_v2,456250,0.0000,66
nested_ramp,machine,972,nested_v2,468750,0.0769,52
nested_ramp,machine,972,nested_v2,481250,0.1200,50
nested_ramp,machine,972,nested_v2,493750,0.2308,52
nested_ramp,machine,973,nested_v2,6250,0.0000,44
nested_ramp,machine,973,nested_v2,18750,0.0000,53
nested_ramp,machine,973,nested_v2,31250,0.0000,61
nested_ramp,machine,973,nested_v2,43750,0.0000,68
nested_ramp,machine,973,nested_v2,56250,0.0000,67
nested_ramp,machine,973,nested_v2,68750,0.0000,63
nested_ramp,machine,973,nested_v2,81250,0.0000,77
nested_ramp,machine,973,nested_v2,93750,0.0172,58
nested_ramp,machine,973,nested_v2,106250,0.0000,62
nested_ramp,machine,973,nested_v2,118750,0.0159,63
nested_ramp,machine,973,nested_v2,131250,0.0172,58
nested_ramp,machine,973,nested_v2,143750,0.0164,61
nested_ramp,machine,973,nested_v2,156250,0.0357,56
nested_ramp,machine,973,nested_v2,168750,0.0926,54
nested_ramp,machine,973,nested_v2,181250,0.1404,57
nested_ramp,machine,973,nested_v2,193750,0.0462,65
nested_ramp,machine,973,nested_v2,206250,0.0312,64
nested_ramp,machine,973,nested_v2,218750,0.0299,67
nested_ramp,machine,973,nested_v2,231250,0.1538,65
nested_ramp,machine,973,nested_v2,243750,0.0430,93
nested_ramp,machine,973,nested_v2,256250,0.1852,54
nested_ramp,machine,973,nested_v2,268750,0.1000,80
nested_ramp,machine,973,nested_v2,281250,0.0282,71
nested_ramp,machine,973,nested_v2,293750,0.0492,61
nested_ramp,machine,973,nested_v2,306250,0.2712,59
nested_ramp,machine,973,nested_v2,318750,0.0484,62
nested_ramp,machine,973,nested_v2,331250,0.0220,91
nested_ramp,machine,973,nested_v2,343750,0.0099,101
nested_ramp,machine,973,nested_v2,356250,0.0513,78
nested_ramp,machine,973,nested_v2,368750,0.0460,87
nested_ramp,machine,973,nested_v2,381250,0.0746,67
nested_ramp,machine,973,nested_v2,393750,0.0658,76
nested_ramp,machine,973,nested_v2,406250,0.0845,71
nested_ramp,machine,973,nested_v2,418750,0.0405,74
nested_ramp,machine,973,nested_v2,431250,0.0000,95
nested_ramp,machine,973,nested_v2,443750,0.0000,84
nested_ramp,machine,973,nested_v2,456250,0.0000,71
nested_ramp,machine,973,nested_v2,468750,0.0159,63
nested_ramp,machine,973,nested_v2,481250,0.0000,72
nested_ramp,machine,973,nested_v2,493750,0.0000,70
nested_ramp,human,950,slide_success,6250,0.0000,47
nested_ramp,human,950,slide_success,18750,0.0000,58
nested_ramp,human,950,slide_success,31250,0.0000,73
nested_ramp,human,950,slide_success,43750,0.0000,63
nested_ramp,human,950,slide_success,56250,0.0182,55
nested_ramp,human,950,slide_success,68750,0.0175,57
nested_ramp,human,950,slide_success,81250,0.0164,61
nested_ramp,human,950,slide_success,93750,0.0303,66
nested_ramp,human,950,slide_success,106250,0.0000,73
nested_ramp,human,950,slide_success,118750,0.0820,61
nested_ramp,human,950,slide_success,131250,0.0128,78
nested_ramp,human,950,slide_success,143750,0.0455,66
nested_ramp,human,950,slide_success,156250,0.0959,73
nested_ramp,human,950,slide_success,168750,0.1129,62
nested_ramp,human,950,slide_success,181250,0.0000,67
nested_ramp,human,950,slide_success,193750,0.0833,48
nested_ramp,human,950,slide_success,206250,0.0400,50
nested_ramp,human,950,slide_success,218750,0.0366,82
nested_ramp,human,950,slide_success,231250,0.1864,59
nested_ramp,human,950,slide_success,243750,0.3636,66
nested_ramp,human,950,slide_success,256250,,0
nested_ramp,human,950,slide_success,268750,,0
nested_ramp,human,950,slide_success,281250,,0
nested_ramp,human,950,slide_success,293750,,0
nested_ramp,human,950,slide_success,306250,,0
nested_ramp,human,950,slide_success,318750,,0
nested_ramp,human,950,slide_success,331250,,0
nested_ramp,human,950,slide_success,343750,,0
nested_ramp,human,950,slide_success,356250,,0
nested_ramp,human,950,slide_success,368750,,0
nested_ramp,human,950,slide_success,381250,,0
nested_ramp,human,950,slide_success,393750,,0
nested_ramp,human,950,slide_success,406250,,0
nested_ramp,human,950,slide_success,418750,,0
nested_ramp,human,950,slide_success,431250,,0
nested_ramp,human,950,slide_success,443750,,0
nested_ramp,human,950,slide_success,456250,,0
nested_ramp,human,950,slide_success,468750,,0
nested_ramp,human,950,slide_success,481250,,0
nested_ramp,human,950,slide_success,493750,,0
nested_ramp,human,951,slide_success,6250,0.0000,48
nested_ramp,human,951,slide_success,18750,0.0000,68
nested_ramp,human,951,slide_success,31250,0.0000,79
nested_ramp,human,951,slide_success,43750,0.0000,64
nested_ramp,human,951,slide_success,56250,0.0000,61
nested_ramp,human,951,slide_success,68750,0.0351,57
nested_ramp,human,951,slide_success,81250,0.0000,59
nested_ramp,human,951,slide_success,93750,0.0161,62
nested_ramp,human,951,slide_success,106250,0.0333,60
nested_ramp,human,951,slide_success,118750,0.0968,62
nested_ramp,human,951,slide_success,131250,0.0323,62
nested_ramp,human,951,slide_success,143750,0.0405,74
nested_ramp,human,951,slide_success,156250,0.0893,56
nested_ramp,human,951,slide_success,168750,0.1091,55
nested_ramp,human,951,slide_success,181250,0.0400,50
nested_ramp,human,951,slide_success,193750,0.1400,50
nested_ramp,human,951,slide_success,206250,0.0690,58
nested_ramp,human,951,slide_success,218750,0.0175,57
nested_ramp,human,951,slide_success,231250,0.0851,47
nested_ramp,human,951,slide_success,243750,0.0172,58
nested_ramp,human,951,slide_success,256250,,0
nested_ramp,human,951,slide_success,268750,,0
nested_ramp,human,951,slide_success,281250,,0
nested_ramp,human,951,slide_success,293750,,0
nested_ramp,human,951,slide_success,306250,,0
nested_ramp,human,951,slide_success,318750,,0
nested_ramp,human,951,slide_success,331250,,0
nested_ramp,human,951,slide_success,343750,,0
nested_ramp,human,951,slide_success,356250,,0
nested_ramp,human,951,slide_success,368750,,0
nested_ramp,human,951,slide_success,381250,,0
nested_ramp,human,951,slide_success,393750,,0
nested_ramp,human,951,slide_success,406250,,0
nested_ramp,human,951,slide_success,418750,,0
nested_ramp,human,951,slide_success,431250,,0
nested_ramp,human,951,slide_success,443750,,0
nested_ramp,human,951,slide_success,456250,,0
nested_ramp,human,951,slide_success,468750,,0
nested_ramp,human,951,slide_success,481250,,0
nested_ramp,human,951,slide_success,493750,,0
nested_ramp,human,952,slide_success,6250,0.0000,45
nested_ramp,human,952,slide_success,18750,0.0000,56
nested_ramp,human,952,slide_success,31250,0.0000,74
nested_ramp,human,952,slide_success,43750,0.0000,84
nested_ramp,human,952,slide_success,56250,0.0000,67
nested_ramp,human,952,slide_success,68750,0.0417,72
nested_ramp,human,952,slide_success,81250,0.0500,60
nested_ramp,human,952,slide_success,93750,0.0303,66
nested_ramp,human,952,slide_success,106250,0.0893,56
nested_ramp,human,952,slide_success,118750,0.1111,72
nested_ramp,human,952,slide_success,131250,0.0167,60
nested_ramp,human,952,slide_success,143750,0.0154,65
nested_ramp,human,952,slide_success,156250,0.0625,48
nested_ramp,human,952,slide_success,168750,0.0164,61
nested_ramp,human,952,slide_success,181250,0.0000,62
nested_ramp,human,952,slide_success,193750,0.0526,57
nested_ramp,human,952,slide_success,206250,0.1273,55
nested_ramp,human,952,slide_success,218750,0.0980,51
nested_ramp,human,952,slide_success,231250,0.0417,48
nested_ramp,human,952,slide_success,243750,0.2308,52
nested_ramp,human,952,slide_success,256250,0.0755,53
nested_ramp,human,952,slide_success,268750,0.2407,54
nested_ramp,human,952,slide_success,281250,0.1509,53
nested_ramp,human,952,slide_success,293750,0.1111,54
nested_ramp,human,952,slide_success,306250,0.0962,52
nested_ramp,human,952,slide_success,318750,0.0962,52
nested_ramp,human,952,slide_success,331250,0.0426,47
nested_ramp,human,952,slide_success,343750,0.0469,64
nested_ramp,human,952,slide_success,356250,0.0000,90
nested_ramp,human,952,slide_success,368750,0.0000,74
nested_ramp,human,952,slide_success,381250,0.0000,52
nested_ramp,human,952,slide_success,393750,0.0000,55
nested_ramp,human,952,slide_success,406250,0.0000,59
nested_ramp,human,952,slide_success,418750,0.0161,62
nested_ramp,human,952,slide_success,431250,0.0164,61
nested_ramp,human,952,slide_success,443750,0.0972,72
nested_ramp,human,952,slide_success,456250,0.0597,67
nested_ramp,human,952,slide_success,468750,0.0984,61
nested_ramp,human,952,slide_success,481250,0.1373,51
nested_ramp,human,952,slide_success,493750,0.1343,67
nested_ramp,human,953,slide_success,6250,0.0000,46
nested_ramp,human,953,slide_success,18750,0.0000,56
nested_ramp,human,953,slide_success,31250,0.0000,59
nested_ramp,human,953,slide_success,43750,0.0000,79
nested_ramp,human,953,slide_success,56250,0.0159,63
nested_ramp,human,953,slide_success,68750,0.0159,63
nested_ramp,human,953,slide_success,81250,0.0000,55
nested_ramp,human,953,slide_success,93750,0.0000,71
nested_ramp,human,953,slide_success,106250,0.0000,59
nested_ramp,human,953,slide_success,118750,0.0000,55
nested_ramp,human,953,slide_success,131250,0.0172,58
nested_ramp,human,953,slide_success,143750,0.0152,66
nested_ramp,human,953,slide_success,156250,0.0000,53
nested_ramp,human,953,slide_success,168750,0.0000,55
nested_ramp,human,953,slide_success,181250,0.0741,54
nested_ramp,human,953,slide_success,193750,0.0545,55
nested_ramp,human,953,slide_success,206250,0.0758,66
nested_ramp,human,953,slide_success,218750,0.0000,70
nested_ramp,human,953,slide_success,231250,0.0000,56
nested_ramp,human,953,slide_success,243750,0.0517,58
nested_ramp,human,953,slide_success,256250,0.0189,53
nested_ramp,human,953,slide_success,268750,0.0526,57
nested_ramp,human,953,slide_success,281250,0.0656,61
nested_ramp,human,953,slide_success,293750,0.1273,55
nested_ramp,human,953,slide_success,306250,0.0000,55
nested_ramp,human,953,slide_success,318750,0.0678,59
nested_ramp,human,953,slide_success,331250,0.0435,46
nested_ramp,human,953,slide_success,343750,0.0213,47
nested_ramp,human,953,slide_success,356250,0.0377,53
nested_ramp,human,953,slide_success,368750,0.2143,56
nested_ramp,human,953,slide_success,381250,0.0909,55
nested_ramp,human,953,slide_success,393750,0.1064,47
nested_ramp,human,953,slide_success,406250,0.0000,51
nested_ramp,human,953,slide_success,418750,0.0476,63
nested_ramp,human,953,slide_success,431250,0.0656,61
nested_ramp,human,953,slide_success,443750,0.0536,56
nested_ramp,human,953,slide_success,456250,0.1091,55
nested_ramp,human,953,slide_success,468750,0.2593,54
nested_ramp,human,953,slide_success,481250,0.0893,56
nested_ramp,human,953,slide_success,493750,0.0000,53
nested_ramp,machine,970,slide_success,6250,0.0000,45
nested_ramp,machine,970,slide_success,18750,0.0000,63
nested_ramp,machine,970,slide_success,31250,0.0000,81
nested_ramp,machine,970,slide_success,43750,0.0000,83
nested_ramp,machine,970,slide_success,56250,0.0000,64
nested_ramp,machine,970,slide_success,68750,0.0000,75
nested_ramp,machine,970,slide_success,81250,0.0000,59
nested_ramp,machine,970,slide_success,93750,0.0149,67
nested_ramp,machine,970,slide_success,106250,0.0000,86
nested_ramp,machine,970,slide_success,118750,0.0141,71
nested_ramp,machine,970,slide_success,131250,0.0678,59
nested_ramp,machine,970,slide_success,143750,0.0132,76
nested_ramp,machine,970,slide_success,156250,0.0000,62
nested_ramp,machine,970,slide_success,168750,0.0294,68
nested_ramp,machine,970,slide_success,181250,0.0000,65
nested_ramp,machine,970,slide_success,193750,0.0000,60
nested_ramp,machine,970,slide_success,206250,0.0185,54
nested_ramp,machine,970,slide_success,218750,0.0000,64
nested_ramp,machine,970,slide_success,231250,0.0000,60
nested_ramp,machine,970,slide_success,243750,0.0333,60
nested_ramp,machine,970,slide_success,256250,,0
nested_ramp,machine,970,slide_success,268750,,0
nested_ramp,machine,970,slide_success,281250,,0
nested_ramp,machine,970,slide_success,293750,,0
nested_ramp,machine,970,slide_success,306250,,0
nested_ramp,machine,970,slide_success,318750,,0
nested_ramp,machine,970,slide_success,331250,,0
nested_ramp,machine,970,slide_success,343750,,0
nested_ramp,machine,970,slide_success,356250,,0
nested_ramp,machine,970,slide_success,368750,,0
nested_ramp,machine,970,slide_success,381250,,0
nested_ramp,machine,970,slide_success,393750,,0
nested_ramp,machine,970,slide_success,406250,,0
nested_ramp,machine,970,slide_success,418750,,0
nested_ramp,machine,970,slide_success,431250,,0
nested_ramp,machine,970,slide_success,443750,,0
nested_ramp,machine,970,slide_success,456250,,0
nested_ramp,machine,970,slide_success,468750,,0
nested_ramp,machine,970,slide_success,481250,,0
nested_ramp,machine,970,slide_success,493750,,0
nested_ramp,machine,971,slide_success,6250,0.0000,44
nested_ramp,machine,971,slide_success,18750,0.0000,45
nested_ramp,machine,971,slide_success,31250,0.0000,74
nested_ramp,machine,971,slide_success,43750,0.0000,71
nested_ramp,machine,971,slide_success,56250,0.0000,70
nested_ramp,machine,971,slide_success,68750,0.0000,60
nested_ramp,machine,971,slide_success,81250,0.0000,79
nested_ramp,machine,971,slide_success,93750,0.0000,60
nested_ramp,machine,971,slide_success,106250,0.0167,60
nested_ramp,machine,971,slide_success,118750,0.0149,67
nested_ramp,machine,971,slide_success,131250,0.0156,64
nested_ramp,machine,971,slide_success,143750,0.0000,63
nested_ramp,machine,971,slide_success,156250,0.0000,64
nested_ramp,machine,971,slide_success,168750,0.0167,60
nested_ramp,machine,971,slide_success,181250,0.0208,48
nested_ramp,machine,971,slide_success,193750,0.0000,64
nested_ramp,machine,971,slide_success,206250,0.0339,59
nested_ramp,machine,971,slide_success,218750,0.0000,60
nested_ramp,machine,971,slide_success,231250,0.0000,59
nested_ramp,machine,971,slide_success,243750,0.0000,45
nested_ramp,machine,971,slide_success,256250,,0
nested_ramp,machine,971,slide_success,268750,,0
nested_ramp,machine,971,slide_success,281250,,0
nested_ramp,machine,971,slide_success,293750,,0
nested_ramp,machine,971,slide_success,306250,,0
nested_ramp,machine,971,slide_success,318750,,0
nested_ramp,machine,971,slide_success,331250,,0
nested_ramp,machine,971,slide_success,343750,,0
nested_ramp,machine,971,slide_success,356250,,0
nested_ramp,machine,971,slide_success,368750,,0
nested_ramp,machine,971,slide_success,381250,,0
nested_ramp,machine,971,slide_success,393750,,0
nested_ramp,machine,971,slide_success,406250,,0
nested_ramp,machine,971,slide_success,418750,,0
nested_ramp,machine,971,slide_success,431250,,0
nested_ramp,machine,971,slide_success,443750,,0
nested_ramp,machine,971,slide_success,456250,,0
nested_ramp,machine,971,slide_success,468750,,0
nested_ramp,machine,971,slide_success,481250,,0
nested_ramp,machine,971,slide_success,493750,,0
nested_ramp,machine,972,slide_success,6250,0.0000,46
nested_ramp,machine,972,slide_success,18750,0.0000,60
nested_ramp,machine,972,slide_success,31250,0.0000,64
nested_ramp,machine,972,slide_success,43750,0.0000,76
nested_ramp,machine,972,slide_success,56250,0.0000,73
nested_ramp,machine,972,slide_success,68750,0.0000,64
nested_ramp,machine,972,slide_success,81250,0.0000,63
nested_ramp,machine,972,slide_success,93750,0.0149,67
nested_ramp,machine,972,slide_success,106250,0.0000,70
nested_ramp,machine,972,slide_success,118750,0.0000,66
nested_ramp,machine,972,slide_success,131250,0.0000,69
nested_ramp,machine,972,slide_success,143750,0.0000,57
nested_ramp,machine,972,slide_success,156250,0.0000,49
nested_ramp,machine,972,slide_success,168750,0.0175,57
nested_ramp,machine,972,slide_success,181250,0.0172,58
nested_ramp,machine,972,slide_success,193750,0.0147,68
nested_ramp,machine,972,slide_success,206250,0.0784,51
nested_ramp,machine,972,slide_success,218750,0.0714,56
nested_ramp,machine,972,slide_success,231250,0.0294,68
nested_ramp,machine,972,slide_success,243750,0.0000,60
nested_ramp,machine,972,slide_success,256250,0.0000,70
nested_ramp,machine,972,slide_success,268750,0.0000,70
nested_ramp,machine,972,slide_success,281250,0.0000,54
nested_ramp,machine,972,slide_success,293750,0.0182,55
nested_ramp,machine,972,slide_success,306250,0.0000,69
nested_ramp,machine,972,slide_success,318750,0.0000,59
nested_ramp,machine,972,slide_success,331250,0.0169,59
nested_ramp,machine,972,slide_success,343750,0.0167,60
nested_ramp,machine,972,slide_success,356250,0.0741,54
nested_ramp,machine,972,slide_success,368750,0.1053,57
nested_ramp,machine,972,slide_success,381250,0.0175,57
nested_ramp,machine,972,slide_success,393750,0.0152,66
nested_ramp,machine,972,slide_success,406250,0.0133,75
nested_ramp,machine,972,slide_success,418750,0.0000,73
nested_ramp,machine,972,slide_success,431250,0.0000,112
nested_ramp,machine,972,slide_success,443750,0.0000,116
nested_ramp,machine,972,slide_success,456250,0.0000,66
nested_ramp,machine,972,slide_success,468750,0.0769,52
nested_ramp,machine,972,slide_success,481250,0.0800,50
nested_ramp,machine,972,slide_success,493750,0.1923,52
nested_ramp,machine,973,slide_success,6250,0.0000,44
nested_ramp,machine,973,slide_success,18750,0.0000,53
nested_ramp,machine,973,slide_success,31250,0.0000,61
nested_ramp,machine,973,slide_success,43750,0.0000,68
nested_ramp,machine,973,slide_success,56250,0.0000,67
nested_ramp,machine,973,slide_success,68750,0.0000,63
nested_ramp,machine,973,slide_success,81250,0.0000,77
nested_ramp,machine,973,slide_success,93750,0.0172,58
nested_ramp,machine,973,slide_success,106250,0.0000,62
nested_ramp,machine,973,slide_success,118750,0.0159,63
nested_ramp,machine,973,slide_success,131250,0.0000,58
nested_ramp,machine,973,slide_success,143750,0.0164,61
nested_ramp,machine,973,slide_success,156250,0.0357,56
nested_ramp,machine,973,slide_success,168750,0.0741,54
nested_ramp,machine,973,slide_success,181250,0.1404,57
nested_ramp,machine,973,slide_success,193750,0.0308,65
nested_ramp,machine,973,slide_success,206250,0.0156,64
nested_ramp,machine,973,slide_success,218750,0.0149,67
nested_ramp,machine,973,slide_success,231250,0.0615,65
nested_ramp,machine,973,slide_success,243750,0.0108,93
nested_ramp,machine,973,slide_success,256250,0.0741,54
nested_ramp,machine,973,slide_success,268750,0.0250,80
nested_ramp,machine,973,slide_success,281250,0.0141,71
nested_ramp,machine,973,slide_success,293750,0.0164,61
nested_ramp,machine,973,slide_success,306250,0.1695,59
nested_ramp,machine,973,slide_success,318750,0.0000,62
nested_ramp,machine,973,slide_success,331250,0.0220,91
nested_ramp,machine,973,slide_success,343750,0.0000,101
nested_ramp,machine,973,slide_success,356250,0.0128,78
nested_ramp,machine,973,slide_success,368750,0.0230,87
nested_ramp,machine,973,slide_success,381250,0.0149,67
nested_ramp,machine,973,slide_success,393750,0.0132,76
nested_ramp,machine,973,slide_success,406250,0.0282,71
nested_ramp,machine,973,slide_success,418750,0.0405,74
nested_ramp,machine,973,slide_success,431250,0.0000,95
nested_ramp,machine,973,slide_success,443750,0.0000,84
nested_ramp,machine,973,slide_success,456250,0.0000,71
nested_ramp,machine,973,slide_success,468750,0.0000,63
nested_ramp,machine,973,slide_success,481250,0.0000,72
nested_ramp,machine,973,slide_success,493750,0.0000,70
nested_ramp,human,950,tipped,6250,0.1489,47
nested_ramp,human,950,tipped,18750,0.3793,58
nested_ramp,human,950,tipped,31250,0.5753,73
nested_ramp,human,950,tipped,43750,0.4762,63
nested_ramp,human,950,tipped,56250,0.3455,55
nested_ramp,human,950,tipped,68750,0.3509,57
nested_ramp,human,950,tipped,81250,0.4262,61
nested_ramp,human,950,tipped,93750,0.5455,66
nested_ramp,human,950,tipped,106250,0.5890,73
nested_ramp,human,950,tipped,118750,0.3279,61
nested_ramp,human,950,tipped,131250,0.5897,78
nested_ramp,human,950,tipped,143750,0.5000,66
nested_ramp,human,950,tipped,156250,0.5342,73
nested_ramp,human,950,tipped,168750,0.4355,62
nested_ramp,human,950,tipped,181250,0.5373,67
nested_ramp,human,950,tipped,193750,0.1667,48
nested_ramp,human,950,tipped,206250,0.2200,50
nested_ramp,human,950,tipped,218750,0.6585,82
nested_ramp,human,950,tipped,231250,0.3220,59
nested_ramp,human,950,tipped,243750,0.3182,66
nested_ramp,human,950,tipped,256250,,0
nested_ramp,human,950,tipped,268750,,0
nested_ramp,human,950,tipped,281250,,0
nested_ramp,human,950,tipped,293750,,0
nested_ramp,human,950,tipped,306250,,0
nested_ramp,human,950,tipped,318750,,0
nested_ramp,human,950,tipped,331250,,0
nested_ramp,human,950,tipped,343750,,0
nested_ramp,human,950,tipped,356250,,0
nested_ramp,human,950,tipped,368750,,0
nested_ramp,human,950,tipped,381250,,0
nested_ramp,human,950,tipped,393750,,0
nested_ramp,human,950,tipped,406250,,0
nested_ramp,human,950,tipped,418750,,0
nested_ramp,human,950,tipped,431250,,0
nested_ramp,human,950,tipped,443750,,0
nested_ramp,human,950,tipped,456250,,0
nested_ramp,human,950,tipped,468750,,0
nested_ramp,human,950,tipped,481250,,0
nested_ramp,human,950,tipped,493750,,0
nested_ramp,human,951,tipped,6250,0.1667,48
nested_ramp,human,951,tipped,18750,0.5147,68
nested_ramp,human,951,tipped,31250,0.6456,79
nested_ramp,human,951,tipped,43750,0.5000,64
nested_ramp,human,951,tipped,56250,0.4590,61
nested_ramp,human,951,tipped,68750,0.3158,57
nested_ramp,human,951,tipped,81250,0.3559,59
nested_ramp,human,951,tipped,93750,0.4516,62
nested_ramp,human,951,tipped,106250,0.3833,60
nested_ramp,human,951,tipped,118750,0.3710,62
nested_ramp,human,951,tipped,131250,0.4194,62
nested_ramp,human,951,tipped,143750,0.6622,74
nested_ramp,human,951,tipped,156250,0.2857,56
nested_ramp,human,951,tipped,168750,0.2909,55
nested_ramp,human,951,tipped,181250,0.2400,50
nested_ramp,human,951,tipped,193750,0.3600,50
nested_ramp,human,951,tipped,206250,0.3621,58
nested_ramp,human,951,tipped,218750,0.3684,57
nested_ramp,human,951,tipped,231250,0.0851,47
nested_ramp,human,951,tipped,243750,0.4138,58
nested_ramp,human,951,tipped,256250,,0
nested_ramp,human,951,tipped,268750,,0
nested_ramp,human,951,tipped,281250,,0
nested_ramp,human,951,tipped,293750,,0
nested_ramp,human,951,tipped,306250,,0
nested_ramp,human,951,tipped,318750,,0
nested_ramp,human,951,tipped,331250,,0
nested_ramp,human,951,tipped,343750,,0
nested_ramp,human,951,tipped,356250,,0
nested_ramp,human,951,tipped,368750,,0
nested_ramp,human,951,tipped,381250,,0
nested_ramp,human,951,tipped,393750,,0
nested_ramp,human,951,tipped,406250,,0
nested_ramp,human,951,tipped,418750,,0
nested_ramp,human,951,tipped,431250,,0
nested_ramp,human,951,tipped,443750,,0
nested_ramp,human,951,tipped,456250,,0
nested_ramp,human,951,tipped,468750,,0
nested_ramp,human,951,tipped,481250,,0
nested_ramp,human,951,tipped,493750,,0
nested_ramp,human,952,tipped,6250,0.1111,45
nested_ramp,human,952,tipped,18750,0.3214,56
nested_ramp,human,952,tipped,31250,0.5541,74
nested_ramp,human,952,tipped,43750,0.6429,84
nested_ramp,human,952,tipped,56250,0.5373,67
nested_ramp,human,952,tipped,68750,0.5417,72
nested_ramp,human,952,tipped,81250,0.4000,60
nested_ramp,human,952,tipped,93750,0.4394,66
nested_ramp,human,952,tipped,106250,0.3750,56
nested_ramp,human,952,tipped,118750,0.5139,72
nested_ramp,human,952,tipped,131250,0.4500,60
nested_ramp,human,952,tipped,143750,0.4923,65
nested_ramp,human,952,tipped,156250,0.1458,48
nested_ramp,human,952,tipped,168750,0.4098,61
nested_ramp,human,952,tipped,181250,0.5484,62
nested_ramp,human,952,tipped,193750,0.3333,57
nested_ramp,human,952,tipped,206250,0.3091,55
nested_ramp,human,952,tipped,218750,0.2353,51
nested_ramp,human,952,tipped,231250,0.2083,48
nested_ramp,human,952,tipped,243750,0.2115,52
nested_ramp,human,952,tipped,256250,0.4151,53
nested_ramp,human,952,tipped,268750,0.2778,54
nested_ramp,human,952,tipped,281250,0.2264,53
nested_ramp,human,952,tipped,293750,0.2407,54
nested_ramp,human,952,tipped,306250,0.2500,52
nested_ramp,human,952,tipped,318750,0.3077,52
nested_ramp,human,952,tipped,331250,0.1277,47
nested_ramp,human,952,tipped,343750,0.4688,64
nested_ramp,human,952,tipped,356250,0.7111,90
nested_ramp,human,952,tipped,368750,0.6757,74
nested_ramp,human,952,tipped,381250,0.2692,52
nested_ramp,human,952,tipped,393750,0.3455,55
nested_ramp,human,952,tipped,406250,0.4237,59
nested_ramp,human,952,tipped,418750,0.5161,62
nested_ramp,human,952,tipped,431250,0.4590,61
nested_ramp,human,952,tipped,443750,0.5278,72
nested_ramp,human,952,tipped,456250,0.5373,67
nested_ramp,human,952,tipped,468750,0.4426,61
nested_ramp,human,952,tipped,481250,0.1961,51
nested_ramp,human,952,tipped,493750,0.4925,67
nested_ramp,human,953,tipped,6250,0.1522,46
nested_ramp,human,953,tipped,18750,0.3036,56
nested_ramp,human,953,tipped,31250,0.3898,59
nested_ramp,human,953,tipped,43750,0.6203,79
nested_ramp,human,953,tipped,56250,0.4603,63
nested_ramp,human,953,tipped,68750,0.4286,63
nested_ramp,human,953,tipped,81250,0.3636,55
nested_ramp,human,953,tipped,93750,0.5352,71
nested_ramp,human,953,tipped,106250,0.3729,59
nested_ramp,human,953,tipped,118750,0.3455,55
nested_ramp,human,953,tipped,131250,0.3966,58
nested_ramp,human,953,tipped,143750,0.5303,66
nested_ramp,human,953,tipped,156250,0.2453,53
nested_ramp,human,953,tipped,168750,0.3455,55
nested_ramp,human,953,tipped,181250,0.3519,54
nested_ramp,human,953,tipped,193750,0.3273,55
nested_ramp,human,953,tipped,206250,0.3939,66
nested_ramp,human,953,tipped,218750,0.5429,70
nested_ramp,human,953,tipped,231250,0.3214,56
nested_ramp,human,953,tipped,243750,0.3966,58
nested_ramp,human,953,tipped,256250,0.3396,53
nested_ramp,human,953,tipped,268750,0.3509,57
nested_ramp,human,953,tipped,281250,0.4754,61
nested_ramp,human,953,tipped,293750,0.3091,55
nested_ramp,human,953,tipped,306250,0.3091,55
nested_ramp,human,953,tipped,318750,0.4237,59
nested_ramp,human,953,tipped,331250,0.1087,46
nested_ramp,human,953,tipped,343750,0.1489,47
nested_ramp,human,953,tipped,356250,0.2830,53
nested_ramp,human,953,tipped,368750,0.1964,56
nested_ramp,human,953,tipped,381250,0.3091,55
nested_ramp,human,953,tipped,393750,0.1064,47
nested_ramp,human,953,tipped,406250,0.2745,51
nested_ramp,human,953,tipped,418750,0.5079,63
nested_ramp,human,953,tipped,431250,0.4262,61
nested_ramp,human,953,tipped,443750,0.3929,56
nested_ramp,human,953,tipped,456250,0.3091,55
nested_ramp,human,953,tipped,468750,0.2407,54
nested_ramp,human,953,tipped,481250,0.3571,56
nested_ramp,human,953,tipped,493750,0.2830,53
nested_ramp,machine,970,tipped,6250,0.1111,45
nested_ramp,machine,970,tipped,18750,0.4127,63
nested_ramp,machine,970,tipped,31250,0.6049,81
nested_ramp,machine,970,tipped,43750,0.6627,83
nested_ramp,machine,970,tipped,56250,0.4531,64
nested_ramp,machine,970,tipped,68750,0.6267,75
nested_ramp,machine,970,tipped,81250,0.4746,59
nested_ramp,machine,970,tipped,93750,0.5373,67
nested_ramp,machine,970,tipped,106250,0.7093,86
nested_ramp,machine,970,tipped,118750,0.5634,71
nested_ramp,machine,970,tipped,131250,0.4407,59
nested_ramp,machine,970,tipped,143750,0.5789,76
nested_ramp,machine,970,tipped,156250,0.4516,62
nested_ramp,machine,970,tipped,168750,0.5000,68
nested_ramp,machine,970,tipped,181250,0.5385,65
nested_ramp,machine,970,tipped,193750,0.3833,60
nested_ramp,machine,970,tipped,206250,0.3704,54
nested_ramp,machine,970,tipped,218750,0.5156,64
nested_ramp,machine,970,tipped,231250,0.4833,60
nested_ramp,machine,970,tipped,243750,0.4833,60
nested_ramp,machine,970,tipped,256250,,0
nested_ramp,machine,970,tipped,268750,,0
nested_ramp,machine,970,tipped,281250,,0
nested_ramp,machine,970,tipped,293750,,0
nested_ramp,machine,970,tipped,306250,,0
nested_ramp,machine,970,tipped,318750,,0
nested_ramp,machine,970,tipped,331250,,0
nested_ramp,machine,970,tipped,343750,,0
nested_ramp,machine,970,tipped,356250,,0
nested_ramp,machine,970,tipped,368750,,0
nested_ramp,machine,970,tipped,381250,,0
nested_ramp,machine,970,tipped,393750,,0
nested_ramp,machine,970,tipped,406250,,0
nested_ramp,machine,970,tipped,418750,,0
nested_ramp,machine,970,tipped,431250,,0
nested_ramp,machine,970,tipped,443750,,0
nested_ramp,machine,970,tipped,456250,,0
nested_ramp,machine,970,tipped,468750,,0
nested_ramp,machine,970,tipped,481250,,0
nested_ramp,machine,970,tipped,493750,,0
nested_ramp,machine,971,tipped,6250,0.0909,44
nested_ramp,machine,971,tipped,18750,0.1333,45
nested_ramp,machine,971,tipped,31250,0.5405,74
nested_ramp,machine,971,tipped,43750,0.5493,71
nested_ramp,machine,971,tipped,56250,0.5429,70
nested_ramp,machine,971,tipped,68750,0.4000,60
nested_ramp,machine,971,tipped,81250,0.6076,79
nested_ramp,machine,971,tipped,93750,0.4333,60
nested_ramp,machine,971,tipped,106250,0.4667,60
nested_ramp,machine,971,tipped,118750,0.5075,67
nested_ramp,machine,971,tipped,131250,0.5312,64
nested_ramp,machine,971,tipped,143750,0.4762,63
nested_ramp,machine,971,tipped,156250,0.5469,64
nested_ramp,machine,971,tipped,168750,0.3833,60
nested_ramp,machine,971,tipped,181250,0.1875,48
nested_ramp,machine,971,tipped,193750,0.5000,64
nested_ramp,machine,971,tipped,206250,0.4237,59
nested_ramp,machine,971,tipped,218750,0.4000,60
nested_ramp,machine,971,tipped,231250,0.3390,59
nested_ramp,machine,971,tipped,243750,0.0889,45
nested_ramp,machine,971,tipped,256250,,0
nested_ramp,machine,971,tipped,268750,,0
nested_ramp,machine,971,tipped,281250,,0
nested_ramp,machine,971,tipped,293750,,0
nested_ramp,machine,971,tipped,306250,,0
nested_ramp,machine,971,tipped,318750,,0
nested_ramp,machine,971,tipped,331250,,0
nested_ramp,machine,971,tipped,343750,,0
nested_ramp,machine,971,tipped,356250,,0
nested_ramp,machine,971,tipped,368750,,0
nested_ramp,machine,971,tipped,381250,,0
nested_ramp,machine,971,tipped,393750,,0
nested_ramp,machine,971,tipped,406250,,0
nested_ramp,machine,971,tipped,418750,,0
nested_ramp,machine,971,tipped,431250,,0
nested_ramp,machine,971,tipped,443750,,0
nested_ramp,machine,971,tipped,456250,,0
nested_ramp,machine,971,tipped,468750,,0
nested_ramp,machine,971,tipped,481250,,0
nested_ramp,machine,971,tipped,493750,,0
nested_ramp,machine,972,tipped,6250,0.1087,46
nested_ramp,machine,972,tipped,18750,0.3833,60
nested_ramp,machine,972,tipped,31250,0.4375,64
nested_ramp,machine,972,tipped,43750,0.6447,76
nested_ramp,machine,972,tipped,56250,0.6164,73
nested_ramp,machine,972,tipped,68750,0.5156,64
nested_ramp,machine,972,tipped,81250,0.4762,63
nested_ramp,machine,972,tipped,93750,0.4776,67
nested_ramp,machine,972,tipped,106250,0.5571,70
nested_ramp,machine,972,tipped,118750,0.5152,66
nested_ramp,machine,972,tipped,131250,0.6377,69
nested_ramp,machine,972,tipped,143750,0.3684,57
nested_ramp,machine,972,tipped,156250,0.2041,49
nested_ramp,machine,972,tipped,168750,0.3860,57
nested_ramp,machine,972,tipped,181250,0.4138,58
nested_ramp,machine,972,tipped,193750,0.5735,68
nested_ramp,machine,972,tipped,206250,0.2549,51
nested_ramp,machine,972,tipped,218750,0.3571,56
nested_ramp,machine,972,tipped,231250,0.6176,68
nested_ramp,machine,972,tipped,243750,0.4667,60
nested_ramp,machine,972,tipped,256250,0.6143,70
nested_ramp,machine,972,tipped,268750,0.6571,70
nested_ramp,machine,972,tipped,281250,0.4815,54
nested_ramp,machine,972,tipped,293750,0.2727,55
nested_ramp,machine,972,tipped,306250,0.6087,69
nested_ramp,machine,972,tipped,318750,0.4237,59
nested_ramp,machine,972,tipped,331250,0.4237,59
nested_ramp,machine,972,tipped,343750,0.4833,60
nested_ramp,machine,972,tipped,356250,0.2963,54
nested_ramp,machine,972,tipped,368750,0.2982,57
nested_ramp,machine,972,tipped,381250,0.3333,57
nested_ramp,machine,972,tipped,393750,0.5303,66
nested_ramp,machine,972,tipped,406250,0.5600,75
nested_ramp,machine,972,tipped,418750,0.6438,73
nested_ramp,machine,972,tipped,431250,0.8125,112
nested_ramp,machine,972,tipped,443750,0.8190,116
nested_ramp,machine,972,tipped,456250,0.4697,66
nested_ramp,machine,972,tipped,468750,0.2500,52
nested_ramp,machine,972,tipped,481250,0.2000,50
nested_ramp,machine,972,tipped,493750,0.1731,52
nested_ramp,machine,973,tipped,6250,0.0682,44
nested_ramp,machine,973,tipped,18750,0.2642,53
nested_ramp,machine,973,tipped,31250,0.4262,61
nested_ramp,machine,973,tipped,43750,0.5000,68
nested_ramp,machine,973,tipped,56250,0.4776,67
nested_ramp,machine,973,tipped,68750,0.4603,63
nested_ramp,machine,973,tipped,81250,0.6104,77
nested_ramp,machine,973,tipped,93750,0.4483,58
nested_ramp,machine,973,tipped,106250,0.5161,62
nested_ramp,machine,973,tipped,118750,0.5238,63
nested_ramp,machine,973,tipped,131250,0.3966,58
nested_ramp,machine,973,tipped,143750,0.4590,61
nested_ramp,machine,973,tipped,156250,0.3571,56
nested_ramp,machine,973,tipped,168750,0.2222,54
nested_ramp,machine,973,tipped,181250,0.3158,57
nested_ramp,machine,973,tipped,193750,0.4923,65
nested_ramp,machine,973,tipped,206250,0.5625,64
nested_ramp,machine,973,tipped,218750,0.5672,67
nested_ramp,machine,973,tipped,231250,0.5385,65
nested_ramp,machine,973,tipped,243750,0.7634,93
nested_ramp,machine,973,tipped,256250,0.4074,54
nested_ramp,machine,973,tipped,268750,0.6625,80
nested_ramp,machine,973,tipped,281250,0.6056,71
nested_ramp,machine,973,tipped,293750,0.4754,61
nested_ramp,machine,973,tipped,306250,0.3390,59
nested_ramp,machine,973,tipped,318750,0.4677,62
nested_ramp,machine,973,tipped,331250,0.7802,91
nested_ramp,machine,973,tipped,343750,0.7822,101
nested_ramp,machine,973,tipped,356250,0.7308,78
nested_ramp,machine,973,tipped,368750,0.7011,87
nested_ramp,machine,973,tipped,381250,0.5075,67
nested_ramp,machine,973,tipped,393750,0.6316,76
nested_ramp,machine,973,tipped,406250,0.5775,71
nested_ramp,machine,973,tipped,418750,0.6081,74
nested_ramp,machine,973,tipped,431250,0.7263,95
nested_ramp,machine,973,tipped,443750,0.6429,84
nested_ramp,machine,973,tipped,456250,0.5070,71
nested_ramp,machine,973,tipped,468750,0.5238,63
nested_ramp,machine,973,tipped,481250,0.5417,72
nested_ramp,machine,973,tipped,493750,0.5571,70
nested_sparse,human,955,picked,6250,0.0000,44
nested_sparse,human,955,picked,18750,0.0000,49
nested_sparse,human,955,picked,31250,0.0667,60
nested_sparse,human,955,picked,43750,0.1875,64
nested_sparse,human,955,picked,56250,0.3165,79
nested_sparse,human,955,picked,68750,0.4750,80
nested_sparse,human,955,picked,81250,0.5556,72
nested_sparse,human,955,picked,93750,0.5231,65
nested_sparse,human,955,picked,106250,0.4407,59
nested_sparse,human,955,picked,118750,0.5185,54
nested_sparse,human,955,picked,131250,0.4286,56
nested_sparse,human,955,picked,143750,0.7273,66
nested_sparse,human,955,picked,156250,0.6721,61
nested_sparse,human,955,picked,168750,0.7234,47
nested_sparse,human,955,picked,181250,0.7458,59
nested_sparse,human,955,picked,193750,0.9167,48
nested_sparse,human,955,picked,206250,0.9273,55
nested_sparse,human,955,picked,218750,0.6140,57
nested_sparse,human,955,picked,231250,0.6333,60
nested_sparse,human,955,picked,243750,0.8125,64
nested_sparse,human,955,picked,256250,,0
nested_sparse,human,955,picked,268750,,0
nested_sparse,human,955,picked,281250,,0
nested_sparse,human,955,picked,293750,,0
nested_sparse,human,955,picked,306250,,0
nested_sparse,human,955,picked,318750,,0
nested_sparse,human,955,picked,331250,,0
nested_sparse,human,955,picked,343750,,0
nested_sparse,human,955,picked,356250,,0
nested_sparse,human,955,picked,368750,,0
nested_sparse,human,955,picked,381250,,0
nested_sparse,human,955,picked,393750,,0
nested_sparse,human,955,picked,406250,,0
nested_sparse,human,955,picked,418750,,0
nested_sparse,human,955,picked,431250,,0
nested_sparse,human,955,picked,443750,,0
nested_sparse,human,955,picked,456250,,0
nested_sparse,human,955,picked,468750,,0
nested_sparse,human,955,picked,481250,,0
nested_sparse,human,955,picked,493750,,0
nested_sparse,human,956,picked,6250,0.0000,43
nested_sparse,human,956,picked,18750,0.0222,45
nested_sparse,human,956,picked,31250,0.0408,49
nested_sparse,human,956,picked,43750,0.2078,77
nested_sparse,human,956,picked,56250,0.4048,84
nested_sparse,human,956,picked,68750,0.4478,67
nested_sparse,human,956,picked,81250,0.4032,62
nested_sparse,human,956,picked,93750,0.3333,60
nested_sparse,human,956,picked,106250,0.5667,60
nested_sparse,human,956,picked,118750,0.6714,70
nested_sparse,human,956,picked,131250,0.4386,57
nested_sparse,human,956,picked,143750,0.3673,49
nested_sparse,human,956,picked,156250,0.4909,55
nested_sparse,human,956,picked,168750,0.6038,53
nested_sparse,human,956,picked,181250,0.7167,60
nested_sparse,human,956,picked,193750,0.8148,54
nested_sparse,human,956,picked,206250,0.8000,55
nested_sparse,human,956,picked,218750,0.8200,50
nested_sparse,human,956,picked,231250,0.6333,60
nested_sparse,human,956,picked,243750,0.6852,54
nested_sparse,human,956,picked,256250,,0
nested_sparse,human,956,picked,268750,,0
nested_sparse,human,956,picked,281250,,0
nested_sparse,human,956,picked,293750,,0
nested_sparse,human,956,picked,306250,,0
nested_sparse,human,956,picked,318750,,0
nested_sparse,human,956,picked,331250,,0
nested_sparse,human,956,picked,343750,,0
nested_sparse,human,956,picked,356250,,0
nested_sparse,human,956,picked,368750,,0
nested_sparse,human,956,picked,381250,,0
nested_sparse,human,956,picked,393750,,0
nested_sparse,human,956,picked,406250,,0
nested_sparse,human,956,picked,418750,,0
nested_sparse,human,956,picked,431250,,0
nested_sparse,human,956,picked,443750,,0
nested_sparse,human,956,picked,456250,,0
nested_sparse,human,956,picked,468750,,0
nested_sparse,human,956,picked,481250,,0
nested_sparse,human,956,picked,493750,,0
nested_sparse,human,957,picked,6250,0.0000,45
nested_sparse,human,957,picked,18750,0.0000,43
nested_sparse,human,957,picked,31250,0.0492,61
nested_sparse,human,957,picked,43750,0.1935,62
nested_sparse,human,957,picked,56250,0.1636,55
nested_sparse,human,957,picked,68750,0.2105,57
nested_sparse,human,957,picked,81250,0.4085,71
nested_sparse,human,957,picked,93750,0.4262,61
nested_sparse,human,957,picked,106250,0.4348,69
nested_sparse,human,957,picked,118750,0.5273,55
nested_sparse,human,957,picked,131250,0.6818,66
nested_sparse,human,957,picked,143750,0.6607,56
nested_sparse,human,957,picked,156250,0.5645,62
nested_sparse,human,957,picked,168750,0.3846,65
nested_sparse,human,957,picked,181250,0.6538,78
nested_sparse,human,957,picked,193750,0.6933,75
nested_sparse,human,957,picked,206250,0.6508,63
nested_sparse,human,957,picked,218750,0.4237,59
nested_sparse,human,957,picked,231250,0.1000,50
nested_sparse,human,957,picked,243750,0.4521,73
nested_sparse,human,957,picked,256250,0.4918,61
nested_sparse,human,957,picked,268750,0.7424,66
nested_sparse,human,957,picked,281250,0.6981,53
nested_sparse,human,957,picked,293750,0.6538,52
nested_sparse,human,957,picked,306250,0.6129,62
nested_sparse,human,957,picked,318750,0.8182,55
nested_sparse,human,957,picked,331250,0.7544,57
nested_sparse,human,957,picked,343750,0.8077,52
nested_sparse,human,957,picked,356250,0.7358,53
nested_sparse,human,957,picked,368750,0.8519,54
nested_sparse,human,957,picked,381250,0.8571,56
nested_sparse,human,957,picked,393750,0.6034,58
nested_sparse,human,957,picked,406250,0.8704,54
nested_sparse,human,957,picked,418750,0.3542,48
nested_sparse,human,957,picked,431250,0.5000,64
nested_sparse,human,957,picked,443750,0.7101,69
nested_sparse,human,957,picked,456250,0.6667,57
nested_sparse,human,957,picked,468750,0.7368,57
nested_sparse,human,957,picked,481250,0.8036,56
nested_sparse,human,957,picked,493750,0.8182,55
nested_sparse,human,958,picked,6250,0.0000,46
nested_sparse,human,958,picked,18750,0.0000,48
nested_sparse,human,958,picked,31250,0.0000,48
nested_sparse,human,958,picked,43750,0.1406,64
nested_sparse,human,958,picked,56250,0.0667,45
nested_sparse,human,958,picked,68750,0.4459,74
nested_sparse,human,958,picked,81250,0.3243,74
nested_sparse,human,958,picked,93750,0.1404,57
nested_sparse,human,958,picked,106250,0.1429,63
nested_sparse,human,958,picked,118750,0.4286,56
nested_sparse,human,958,picked,131250,0.5758,66
nested_sparse,human,958,picked,143750,0.6094,64
nested_sparse,human,958,picked,156250,0.6901,71
nested_sparse,human,958,picked,168750,0.4688,64
nested_sparse,human,958,picked,181250,0.6429,56
nested_sparse,human,958,picked,193750,0.6377,69
nested_sparse,human,958,picked,206250,0.6731,52
nested_sparse,human,958,picked,218750,0.7447,47
nested_sparse,human,958,picked,231250,0.7667,60
nested_sparse,human,958,picked,243750,0.5965,57
nested_sparse,human,958,picked,256250,0.7321,56
nested_sparse,human,958,picked,268750,0.6364,55
nested_sparse,human,958,picked,281250,0.7843,51
nested_sparse,human,958,picked,293750,0.7797,59
nested_sparse,human,958,picked,306250,0.5000,60
nested_sparse,human,958,picked,318750,0.8868,53
nested_sparse,human,958,picked,331250,0.6800,50
nested_sparse,human,958,picked,343750,0.8723,47
nested_sparse,human,958,picked,356250,0.4386,57
nested_sparse,human,958,picked,368750,0.1304,46
nested_sparse,human,958,picked,381250,0.3387,62
nested_sparse,human,958,picked,393750,0.5000,74
nested_sparse,human,958,picked,406250,0.7536,69
nested_sparse,human,958,picked,418750,0.4444,45
nested_sparse,human,958,picked,431250,0.6818,66
nested_sparse,human,958,picked,443750,0.6562,64
nested_sparse,human,958,picked,456250,0.4722,72
nested_sparse,human,958,picked,468750,0.6731,52
nested_sparse,human,958,picked,481250,0.5781,64
nested_sparse,human,958,picked,493750,0.2593,54
nested_sparse,machine,975,picked,6250,0.0000,46
nested_sparse,machine,975,picked,18750,0.0800,50
nested_sparse,machine,975,picked,31250,0.2188,64
nested_sparse,machine,975,picked,43750,0.0185,54
nested_sparse,machine,975,picked,56250,0.0857,70
nested_sparse,machine,975,picked,68750,0.2911,79
nested_sparse,machine,975,picked,81250,0.4605,76
nested_sparse,machine,975,picked,93750,0.1961,51
nested_sparse,machine,975,picked,106250,0.1912,68
nested_sparse,machine,975,picked,118750,0.0645,62
nested_sparse,machine,975,picked,131250,0.3091,55
nested_sparse,machine,975,picked,143750,0.3770,61
nested_sparse,machine,975,picked,156250,0.4918,61
nested_sparse,machine,975,picked,168750,0.2778,54
nested_sparse,machine,975,picked,181250,0.3860,57
nested_sparse,machine,975,picked,193750,0.5000,62
nested_sparse,machine,975,picked,206250,0.5000,70
nested_sparse,machine,975,picked,218750,0.4839,62
nested_sparse,machine,975,picked,231250,0.2745,51
nested_sparse,machine,975,picked,243750,0.1481,54
nested_sparse,machine,975,picked,256250,,0
nested_sparse,machine,975,picked,268750,,0
nested_sparse,machine,975,picked,281250,,0
nested_sparse,machine,975,picked,293750,,0
nested_sparse,machine,975,picked,306250,,0
nested_sparse,machine,975,picked,318750,,0
nested_sparse,machine,975,picked,331250,,0
nested_sparse,machine,975,picked,343750,,0
nested_sparse,machine,975,picked,356250,,0
nested_sparse,machine,975,picked,368750,,0
nested_sparse,machine,975,picked,381250,,0
nested_sparse,machine,975,picked,393750,,0
nested_sparse,machine,975,picked,406250,,0
nested_sparse,machine,975,picked,418750,,0
nested_sparse,machine,975,picked,431250,,0
nested_sparse,machine,975,picked,443750,,0
nested_sparse,machine,975,picked,456250,,0
nested_sparse,machine,975,picked,468750,,0
nested_sparse,machine,975,picked,481250,,0
nested_sparse,machine,975,picked,493750,,0
nested_sparse,machine,976,picked,6250,0.0000,48
nested_sparse,machine,976,picked,18750,0.0566,53
nested_sparse,machine,976,picked,31250,0.0196,51
nested_sparse,machine,976,picked,43750,0.0364,55
nested_sparse,machine,976,picked,56250,0.1186,59
nested_sparse,machine,976,picked,68750,0.1714,70
nested_sparse,machine,976,picked,81250,0.1176,51
nested_sparse,machine,976,picked,93750,0.2273,66
nested_sparse,machine,976,picked,106250,0.3425,73
nested_sparse,machine,976,picked,118750,0.4754,61
nested_sparse,machine,976,picked,131250,0.4412,68
nested_sparse,machine,976,picked,143750,0.2778,54
nested_sparse,machine,976,picked,156250,0.3137,51
nested_sparse,machine,976,picked,168750,0.5455,55
nested_sparse,machine,976,picked,181250,0.0400,50
nested_sparse,machine,976,picked,193750,0.2407,54
nested_sparse,machine,976,picked,206250,0.6667,69
nested_sparse,machine,976,picked,218750,0.4182,55
nested_sparse,machine,976,picked,231250,0.4464,56
nested_sparse,machine,976,picked,243750,0.1494,87
nested_sparse,machine,976,picked,256250,,0
nested_sparse,machine,976,picked,268750,,0
nested_sparse,machine,976,picked,281250,,0
nested_sparse,machine,976,picked,293750,,0
nested_sparse,machine,976,picked,306250,,0
nested_sparse,machine,976,picked,318750,,0
nested_sparse,machine,976,picked,331250,,0
nested_sparse,machine,976,picked,343750,,0
nested_sparse,machine,976,picked,356250,,0
nested_sparse,machine,976,picked,368750,,0
nested_sparse,machine,976,picked,381250,,0
nested_sparse,machine,976,picked,393750,,0
nested_sparse,machine,976,picked,406250,,0
nested_sparse,machine,976,picked,418750,,0
nested_sparse,machine,976,picked,431250,,0
nested_sparse,machine,976,picked,443750,,0
nested_sparse,machine,976,picked,456250,,0
nested_sparse,machine,976,picked,468750,,0
nested_sparse,machine,976,picked,481250,,0
nested_sparse,machine,976,picked,493750,,0
nested_sparse,machine,977,picked,6250,0.0000,42
nested_sparse,machine,977,picked,18750,0.0702,57
nested_sparse,machine,977,picked,31250,0.1613,62
nested_sparse,machine,977,picked,43750,0.3281,64
nested_sparse,machine,977,picked,56250,0.2632,76
nested_sparse,machine,977,picked,68750,0.2097,62
nested_sparse,machine,977,picked,81250,0.2895,76
nested_sparse,machine,977,picked,93750,0.3016,63
nested_sparse,machine,977,picked,106250,0.3553,76
nested_sparse,machine,977,picked,118750,0.4912,57
nested_sparse,machine,977,picked,131250,0.3519,54
nested_sparse,machine,977,picked,143750,0.5342,73
nested_sparse,machine,977,picked,156250,0.6522,69
nested_sparse,machine,977,picked,168750,0.1522,46
nested_sparse,machine,977,picked,181250,0.2603,73
nested_sparse,machine,977,picked,193750,0.1944,72
nested_sparse,machine,977,picked,206250,0.5556,72
nested_sparse,machine,977,picked,218750,0.4795,73
nested_sparse,machine,977,picked,231250,0.7119,59
nested_sparse,machine,977,picked,243750,0.8545,55
nested_sparse,machine,977,picked,256250,0.5667,60
nested_sparse,machine,977,picked,268750,0.6562,64
nested_sparse,machine,977,picked,281250,0.2453,53
nested_sparse,machine,977,picked,293750,0.5439,57
nested_sparse,machine,977,picked,306250,0.0465,43
nested_sparse,machine,977,picked,318750,0.0222,45
nested_sparse,machine,977,picked,331250,0.1731,52
nested_sparse,machine,977,picked,343750,0.3607,61
nested_sparse,machine,977,picked,356250,0.1607,56
nested_sparse,machine,977,picked,368750,0.3898,59
nested_sparse,machine,977,picked,381250,0.2105,57
nested_sparse,machine,977,picked,393750,0.1613,62
nested_sparse,machine,977,picked,406250,0.0000,46
nested_sparse,machine,977,picked,418750,0.0000,43
nested_sparse,machine,977,picked,431250,0.0377,53
nested_sparse,machine,977,picked,443750,0.2500,64
nested_sparse,machine,977,picked,456250,0.0000,44
nested_sparse,machine,977,picked,468750,0.0000,45
nested_sparse,machine,977,picked,481250,0.1017,59
nested_sparse,machine,977,picked,493750,0.0000,52
nested_sparse,machine,978,picked,6250,0.0000,46
nested_sparse,machine,978,picked,18750,0.0213,47
nested_sparse,machine,978,picked,31250,0.1061,66
nested_sparse,machine,978,picked,43750,0.1000,60
nested_sparse,machine,978,picked,56250,0.0377,53
nested_sparse,machine,978,picked,68750,0.0517,58
nested_sparse,machine,978,picked,81250,0.1695,59
nested_sparse,machine,978,picked,93750,0.2459,61
nested_sparse,machine,978,picked,106250,0.2857,63
nested_sparse,machine,978,picked,118750,0.1525,59
nested_sparse,machine,978,picked,131250,0.0290,69
nested_sparse,machine,978,picked,143750,0.0000,51
nested_sparse,machine,978,picked,156250,0.1207,58
nested_sparse,machine,978,picked,168750,0.1786,56
nested_sparse,machine,978,picked,181250,0.2115,52
nested_sparse,machine,978,picked,193750,0.1132,53
nested_sparse,machine,978,picked,206250,0.2982,57
nested_sparse,machine,978,picked,218750,0.1774,62
nested_sparse,machine,978,picked,231250,0.1897,58
nested_sparse,machine,978,picked,243750,0.0755,53
nested_sparse,machine,978,picked,256250,0.0769,52
nested_sparse,machine,978,picked,268750,0.0984,61
nested_sparse,machine,978,picked,281250,0.2549,51
nested_sparse,machine,978,picked,293750,0.3220,59
nested_sparse,machine,978,picked,306250,0.3455,55
nested_sparse,machine,978,picked,318750,0.3077,52
nested_sparse,machine,978,picked,331250,0.3860,57
nested_sparse,machine,978,picked,343750,0.5385,52
nested_sparse,machine,978,picked,356250,0.5862,58
nested_sparse,machine,978,picked,368750,0.3000,50
nested_sparse,machine,978,picked,381250,0.6154,52
nested_sparse,machine,978,picked,393750,0.7167,60
nested_sparse,machine,978,picked,406250,0.6458,48
nested_sparse,machine,978,picked,418750,0.7778,45
nested_sparse,machine,978,picked,431250,0.8039,51
nested_sparse,machine,978,picked,443750,0.6154,52
nested_sparse,machine,978,picked,456250,0.3878,49
nested_sparse,machine,978,picked,468750,0.2778,54
nested_sparse,machine,978,picked,481250,0.5636,55
nested_sparse,machine,978,picked,493750,0.7164,67
nested_sparse,human,955,placed_v2,6250,0.0000,44
nested_sparse,human,955,placed_v2,18750,0.0000,49
nested_sparse,human,955,placed_v2,31250,0.0000,60
nested_sparse,human,955,placed_v2,43750,0.0000,64
nested_sparse,human,955,placed_v2,56250,0.0000,79
nested_sparse,human,955,placed_v2,68750,0.0500,80
nested_sparse,human,955,placed_v2,81250,0.0417,72
nested_sparse,human,955,placed_v2,93750,0.0615,65
nested_sparse,human,955,placed_v2,106250,0.1017,59
nested_sparse,human,955,placed_v2,118750,0.2037,54
nested_sparse,human,955,placed_v2,131250,0.0357,56
nested_sparse,human,955,placed_v2,143750,0.3030,66
nested_sparse,human,955,placed_v2,156250,0.3770,61
nested_sparse,human,955,placed_v2,168750,0.6170,47
nested_sparse,human,955,placed_v2,181250,0.5932,59
nested_sparse,human,955,placed_v2,193750,0.7500,48
nested_sparse,human,955,placed_v2,206250,0.5091,55
nested_sparse,human,955,placed_v2,218750,0.2982,57
nested_sparse,human,955,placed_v2,231250,0.4333,60
nested_sparse,human,955,placed_v2,243750,0.3438,64
nested_sparse,human,955,placed_v2,256250,,0
nested_sparse,human,955,placed_v2,268750,,0
nested_sparse,human,955,placed_v2,281250,,0
nested_sparse,human,955,placed_v2,293750,,0
nested_sparse,human,955,placed_v2,306250,,0
nested_sparse,human,955,placed_v2,318750,,0
nested_sparse,human,955,placed_v2,331250,,0
nested_sparse,human,955,placed_v2,343750,,0
nested_sparse,human,955,placed_v2,356250,,0
nested_sparse,human,955,placed_v2,368750,,0
nested_sparse,human,955,placed_v2,381250,,0
nested_sparse,human,955,placed_v2,393750,,0
nested_sparse,human,955,placed_v2,406250,,0
nested_sparse,human,955,placed_v2,418750,,0
nested_sparse,human,955,placed_v2,431250,,0
nested_sparse,human,955,placed_v2,443750,,0
nested_sparse,human,955,placed_v2,456250,,0
nested_sparse,human,955,placed_v2,468750,,0
nested_sparse,human,955,placed_v2,481250,,0
nested_sparse,human,955,placed_v2,493750,,0
nested_sparse,human,956,placed_v2,6250,0.0000,43
nested_sparse,human,956,placed_v2,18750,0.0000,45
nested_sparse,human,956,placed_v2,31250,0.0000,49
nested_sparse,human,956,placed_v2,43750,0.0130,77
nested_sparse,human,956,placed_v2,56250,0.0119,84
nested_sparse,human,956,placed_v2,68750,0.0299,67
nested_sparse,human,956,placed_v2,81250,0.0645,62
nested_sparse,human,956,placed_v2,93750,0.1000,60
nested_sparse,human,956,placed_v2,106250,0.1167,60
nested_sparse,human,956,placed_v2,118750,0.2000,70
nested_sparse,human,956,placed_v2,131250,0.2632,57
nested_sparse,human,956,placed_v2,143750,0.2449,49
nested_sparse,human,956,placed_v2,156250,0.2727,55
nested_sparse,human,956,placed_v2,168750,0.2830,53
nested_sparse,human,956,placed_v2,181250,0.4333,60
nested_sparse,human,956,placed_v2,193750,0.6111,54
nested_sparse,human,956,placed_v2,206250,0.7273,55
nested_sparse,human,956,placed_v2,218750,0.7400,50
nested_sparse,human,956,placed_v2,231250,0.4000,60
nested_sparse,human,956,placed_v2,243750,0.4815,54
nested_sparse,human,956,placed_v2,256250,,0
nested_sparse,human,956,placed_v2,268750,,0
nested_sparse,human,956,placed_v2,281250,,0
nested_sparse,human,956,placed_v2,293750,,0
nested_sparse,human,956,placed_v2,306250,,0
nested_sparse,human,956,placed_v2,318750,,0
nested_sparse,human,956,placed_v2,331250,,0
nested_sparse,human,956,placed_v2,343750,,0
nested_sparse,human,956,placed_v2,356250,,0
nested_sparse,human,956,placed_v2,368750,,0
nested_sparse,human,956,placed_v2,381250,,0
nested_sparse,human,956,placed_v2,393750,,0
nested_sparse,human,956,placed_v2,406250,,0
nested_sparse,human,956,placed_v2,418750,,0
nested_sparse,human,956,placed_v2,431250,,0
nested_sparse,human,956,placed_v2,443750,,0
nested_sparse,human,956,placed_v2,456250,,0
nested_sparse,human,956,placed_v2,468750,,0
nested_sparse,human,956,placed_v2,481250,,0
nested_sparse,human,956,placed_v2,493750,,0
nested_sparse,human,957,placed_v2,6250,0.0000,45
nested_sparse,human,957,placed_v2,18750,0.0000,43
nested_sparse,human,957,placed_v2,31250,0.0000,61
nested_sparse,human,957,placed_v2,43750,0.0000,62
nested_sparse,human,957,placed_v2,56250,0.0000,55
nested_sparse,human,957,placed_v2,68750,0.0000,57
nested_sparse,human,957,placed_v2,81250,0.0141,71
nested_sparse,human,957,placed_v2,93750,0.0164,61
nested_sparse,human,957,placed_v2,106250,0.0725,69
nested_sparse,human,957,placed_v2,118750,0.2364,55
nested_sparse,human,957,placed_v2,131250,0.2576,66
nested_sparse,human,957,placed_v2,143750,0.3929,56
nested_sparse,human,957,placed_v2,156250,0.1452,62
nested_sparse,human,957,placed_v2,168750,0.0308,65
nested_sparse,human,957,placed_v2,181250,0.1538,78
nested_sparse,human,957,placed_v2,193750,0.1200,75
nested_sparse,human,957,placed_v2,206250,0.1111,63
nested_sparse,human,957,placed_v2,218750,0.0339,59
nested_sparse,human,957,placed_v2,231250,0.0000,50
nested_sparse,human,957,placed_v2,243750,0.0274,73
nested_sparse,human,957,placed_v2,256250,0.2787,61
nested_sparse,human,957,placed_v2,268750,0.1061,66
nested_sparse,human,957,placed_v2,281250,0.3019,53
nested_sparse,human,957,placed_v2,293750,0.1731,52
nested_sparse,human,957,placed_v2,306250,0.3710,62
nested_sparse,human,957,placed_v2,318750,0.7273,55
nested_sparse,human,957,placed_v2,331250,0.6667,57
nested_sparse,human,957,placed_v2,343750,0.6538,52
nested_sparse,human,957,placed_v2,356250,0.3774,53
nested_sparse,human,957,placed_v2,368750,0.6667,54
nested_sparse,human,957,placed_v2,381250,0.6071,56
nested_sparse,human,957,placed_v2,393750,0.2931,58
nested_sparse,human,957,placed_v2,406250,0.6296,54
nested_sparse,human,957,placed_v2,418750,0.2083,48
nested_sparse,human,957,placed_v2,431250,0.1719,64
nested_sparse,human,957,placed_v2,443750,0.3188,69
nested_sparse,human,957,placed_v2,456250,0.4561,57
nested_sparse,human,957,placed_v2,468750,0.4737,57
nested_sparse,human,957,placed_v2,481250,0.6607,56
nested_sparse,human,957,placed_v2,493750,0.6545,55
nested_sparse,human,958,placed_v2,6250,0.0000,46
nested_sparse,human,958,placed_v2,18750,0.0000,48
nested_sparse,human,958,placed_v2,31250,0.0000,48
nested_sparse,human,958,placed_v2,43750,0.0000,64
nested_sparse,human,958,placed_v2,56250,0.0000,45
nested_sparse,human,958,placed_v2,68750,0.0000,74
nested_sparse,human,958,placed_v2,81250,0.0000,74
nested_sparse,human,958,placed_v2,93750,0.0000,57
nested_sparse,human,958,placed_v2,106250,0.0317,63
nested_sparse,human,958,placed_v2,118750,0.0536,56
nested_sparse,human,958,placed_v2,131250,0.2273,66
nested_sparse,human,958,placed_v2,143750,0.2188,64
nested_sparse,human,958,placed_v2,156250,0.2394,71
nested_sparse,human,958,placed_v2,168750,0.1094,64
nested_sparse,human,958,placed_v2,181250,0.0714,56
nested_sparse,human,958,placed_v2,193750,0.0870,69
nested_sparse,human,958,placed_v2,206250,0.4423,52
nested_sparse,human,958,placed_v2,218750,0.6809,47
nested_sparse,human,958,placed_v2,231250,0.5500,60
nested_sparse,human,958,placed_v2,243750,0.2982,57
nested_sparse,human,958,placed_v2,256250,0.5179,56
nested_sparse,human,958,placed_v2,268750,0.4727,55
nested_sparse,human,958,placed_v2,281250,0.5098,51
nested_sparse,human,958,placed_v2,293750,0.6102,59
nested_sparse,human,958,placed_v2,306250,0.2000,60
nested_sparse,human,958,placed_v2,318750,0.6415,53
nested_sparse,human,958,placed_v2,331250,0.5400,50
nested_sparse,human,958,placed_v2,343750,0.8298,47
nested_sparse,human,958,placed_v2,356250,0.2105,57
nested_sparse,human,958,placed_v2,368750,0.0000,46
nested_sparse,human,958,placed_v2,381250,0.0968,62
nested_sparse,human,958,placed_v2,393750,0.0811,74
nested_sparse,human,958,placed_v2,406250,0.2754,69
nested_sparse,human,958,placed_v2,418750,0.3111,45
nested_sparse,human,958,placed_v2,431250,0.1970,66
nested_sparse,human,958,placed_v2,443750,0.2969,64
nested_sparse,human,958,placed_v2,456250,0.0000,72
nested_sparse,human,958,placed_v2,468750,0.3269,52
nested_sparse,human,958,placed_v2,481250,0.3281,64
nested_sparse,human,958,placed_v2,493750,0.1481,54
nested_sparse,machine,975,placed_v2,6250,0.0000,46
nested_sparse,machine,975,placed_v2,18750,0.0200,50
nested_sparse,machine,975,placed_v2,31250,0.0000,64
nested_sparse,machine,975,placed_v2,43750,0.0000,54
nested_sparse,machine,975,placed_v2,56250,0.0000,70
nested_sparse,machine,975,placed_v2,68750,0.0000,79
nested_sparse,machine,975,placed_v2,81250,0.0132,76
nested_sparse,machine,975,placed_v2,93750,0.0196,51
nested_sparse,machine,975,placed_v2,106250,0.0294,68
nested_sparse,machine,975,placed_v2,118750,0.0323,62
nested_sparse,machine,975,placed_v2,131250,0.1091,55
nested_sparse,machine,975,placed_v2,143750,0.1148,61
nested_sparse,machine,975,placed_v2,156250,0.1148,61
nested_sparse,machine,975,placed_v2,168750,0.0926,54
nested_sparse,machine,975,placed_v2,181250,0.0702,57
nested_sparse,machine,975,placed_v2,193750,0.1774,62
nested_sparse,machine,975,placed_v2,206250,0.1000,70
nested_sparse,machine,975,placed_v2,218750,0.0484,62
nested_sparse,machine,975,placed_v2,231250,0.1961,51
nested_sparse,machine,975,placed_v2,243750,0.0000,54
nested_sparse,machine,975,placed_v2,256250,,0
nested_sparse,machine,975,placed_v2,268750,,0
nested_sparse,machine,975,placed_v2,281250,,0
nested_sparse,machine,975,placed_v2,293750,,0
nested_sparse,machine,975,placed_v2,306250,,0
nested_sparse,machine,975,placed_v2,318750,,0
nested_sparse,machine,975,placed_v2,331250,,0
nested_sparse,machine,975,placed_v2,343750,,0
nested_sparse,machine,975,placed_v2,356250,,0
nested_sparse,machine,975,placed_v2,368750,,0
nested_sparse,machine,975,placed_v2,381250,,0
nested_sparse,machine,975,placed_v2,393750,,0
nested_sparse,machine,975,placed_v2,406250,,0
nested_sparse,machine,975,placed_v2,418750,,0
nested_sparse,machine,975,placed_v2,431250,,0
nested_sparse,machine,975,placed_v2,443750,,0
nested_sparse,machine,975,placed_v2,456250,,0
nested_sparse,machine,975,placed_v2,468750,,0
nested_sparse,machine,975,placed_v2,481250,,0
nested_sparse,machine,975,placed_v2,493750,,0
nested_sparse,machine,976,placed_v2,6250,0.0000,48
nested_sparse,machine,976,placed_v2,18750,0.0000,53
nested_sparse,machine,976,placed_v2,31250,0.0000,51
nested_sparse,machine,976,placed_v2,43750,0.0000,55
nested_sparse,machine,976,placed_v2,56250,0.0000,59
nested_sparse,machine,976,placed_v2,68750,0.0000,70
nested_sparse,machine,976,placed_v2,81250,0.0000,51
nested_sparse,machine,976,placed_v2,93750,0.0152,66
nested_sparse,machine,976,placed_v2,106250,0.0411,73
nested_sparse,machine,976,placed_v2,118750,0.0820,61
nested_sparse,machine,976,placed_v2,131250,0.1324,68
nested_sparse,machine,976,placed_v2,143750,0.0741,54
nested_sparse,machine,976,placed_v2,156250,0.1569,51
nested_sparse,machine,976,placed_v2,168750,0.2000,55
nested_sparse,machine,976,placed_v2,181250,0.0000,50
nested_sparse,machine,976,placed_v2,193750,0.0185,54
nested_sparse,machine,976,placed_v2,206250,0.1449,69
nested_sparse,machine,976,placed_v2,218750,0.1273,55
nested_sparse,machine,976,placed_v2,231250,0.1429,56
nested_sparse,machine,976,placed_v2,243750,0.0000,87
nested_sparse,machine,976,placed_v2,256250,,0
nested_sparse,machine,976,placed_v2,268750,,0
nested_sparse,machine,976,placed_v2,281250,,0
nested_sparse,machine,976,placed_v2,293750,,0
nested_sparse,machine,976,placed_v2,306250,,0
nested_sparse,machine,976,placed_v2,318750,,0
nested_sparse,machine,976,placed_v2,331250,,0
nested_sparse,machine,976,placed_v2,343750,,0
nested_sparse,machine,976,placed_v2,356250,,0
nested_sparse,machine,976,placed_v2,368750,,0
nested_sparse,machine,976,placed_v2,381250,,0
nested_sparse,machine,976,placed_v2,393750,,0
nested_sparse,machine,976,placed_v2,406250,,0
nested_sparse,machine,976,placed_v2,418750,,0
nested_sparse,machine,976,placed_v2,431250,,0
nested_sparse,machine,976,placed_v2,443750,,0
nested_sparse,machine,976,placed_v2,456250,,0
nested_sparse,machine,976,placed_v2,468750,,0
nested_sparse,machine,976,placed_v2,481250,,0
nested_sparse,machine,976,placed_v2,493750,,0
nested_sparse,machine,977,placed_v2,6250,0.0000,42
nested_sparse,machine,977,placed_v2,18750,0.0000,57
nested_sparse,machine,977,placed_v2,31250,0.0000,62
nested_sparse,machine,977,placed_v2,43750,0.0000,64
nested_sparse,machine,977,placed_v2,56250,0.0132,76
nested_sparse,machine,977,placed_v2,68750,0.0000,62
nested_sparse,machine,977,placed_v2,81250,0.0658,76
nested_sparse,machine,977,placed_v2,93750,0.0794,63
nested_sparse,machine,977,placed_v2,106250,0.0921,76
nested_sparse,machine,977,placed_v2,118750,0.1579,57
nested_sparse,machine,977,placed_v2,131250,0.0000,54
nested_sparse,machine,977,placed_v2,143750,0.0959,73
nested_sparse,machine,977,placed_v2,156250,0.1304,69
nested_sparse,machine,977,placed_v2,168750,0.0435,46
nested_sparse,machine,977,placed_v2,181250,0.0000,73
nested_sparse,machine,977,placed_v2,193750,0.0278,72
nested_sparse,machine,977,placed_v2,206250,0.1944,72
nested_sparse,machine,977,placed_v2,218750,0.2192,73
nested_sparse,machine,977,placed_v2,231250,0.3390,59
nested_sparse,machine,977,placed_v2,243750,0.5091,55
nested_sparse,machine,977,placed_v2,256250,0.4167,60
nested_sparse,machine,977,placed_v2,268750,0.3594,64
nested_sparse,machine,977,placed_v2,281250,0.2453,53
nested_sparse,machine,977,placed_v2,293750,0.4211,57
nested_sparse,machine,977,placed_v2,306250,0.0465,43
nested_sparse,machine,977,placed_v2,318750,0.0000,45
nested_sparse,machine,977,placed_v2,331250,0.0769,52
nested_sparse,machine,977,placed_v2,343750,0.0820,61
nested_sparse,machine,977,placed_v2,356250,0.0000,56
nested_sparse,machine,977,placed_v2,368750,0.1186,59
nested_sparse,machine,977,placed_v2,381250,0.0351,57
nested_sparse,machine,977,placed_v2,393750,0.0645,62
nested_sparse,machine,977,placed_v2,406250,0.0000,46
nested_sparse,machine,977,placed_v2,418750,0.0000,43
nested_sparse,machine,977,placed_v2,431250,0.0000,53
nested_sparse,machine,977,placed_v2,443750,0.0156,64
nested_sparse,machine,977,placed_v2,456250,0.0000,44
nested_sparse,machine,977,placed_v2,468750,0.0000,45
nested_sparse,machine,977,placed_v2,481250,0.0000,59
nested_sparse,machine,977,placed_v2,493750,0.0000,52
nested_sparse,machine,978,placed_v2,6250,0.0000,46
nested_sparse,machine,978,placed_v2,18750,0.0000,47
nested_sparse,machine,978,placed_v2,31250,0.0000,66
nested_sparse,machine,978,placed_v2,43750,0.0167,60
nested_sparse,machine,978,placed_v2,56250,0.0000,53
nested_sparse,machine,978,placed_v2,68750,0.0000,58
nested_sparse,machine,978,placed_v2,81250,0.0000,59
nested_sparse,machine,978,placed_v2,93750,0.0164,61
nested_sparse,machine,978,placed_v2,106250,0.0317,63
nested_sparse,machine,978,placed_v2,118750,0.0169,59
nested_sparse,machine,978,placed_v2,131250,0.0000,69
nested_sparse,machine,978,placed_v2,143750,0.0000,51
nested_sparse,machine,978,placed_v2,156250,0.0172,58
nested_sparse,machine,978,placed_v2,168750,0.0714,56
nested_sparse,machine,978,placed_v2,181250,0.0192,52
nested_sparse,machine,978,placed_v2,193750,0.0000,53
nested_sparse,machine,978,placed_v2,206250,0.1053,57
nested_sparse,machine,978,placed_v2,218750,0.0484,62
nested_sparse,machine,978,placed_v2,231250,0.0000,58
nested_sparse,machine,978,placed_v2,243750,0.0189,53
nested_sparse,machine,978,placed_v2,256250,0.0192,52
nested_sparse,machine,978,placed_v2,268750,0.0656,61
nested_sparse,machine,978,placed_v2,281250,0.1176,51
nested_sparse,machine,978,placed_v2,293750,0.0339,59
nested_sparse,machine,978,placed_v2,306250,0.0364,55
nested_sparse,machine,978,placed_v2,318750,0.0962,52
nested_sparse,machine,978,placed_v2,331250,0.1228,57
nested_sparse,machine,978,placed_v2,343750,0.2500,52
nested_sparse,machine,978,placed_v2,356250,0.2931,58
nested_sparse,machine,978,placed_v2,368750,0.1000,50
nested_sparse,machine,978,placed_v2,381250,0.4423,52
nested_sparse,machine,978,placed_v2,393750,0.4500,60
nested_sparse,machine,978,placed_v2,406250,0.6042,48
nested_sparse,machine,978,placed_v2,418750,0.7111,45
nested_sparse,machine,978,placed_v2,431250,0.6667,51
nested_sparse,machine,978,placed_v2,443750,0.5962,52
nested_sparse,machine,978,placed_v2,456250,0.3061,49
nested_sparse,machine,978,placed_v2,468750,0.0926,54
nested_sparse,machine,978,placed_v2,481250,0.2727,55
nested_sparse,machine,978,placed_v2,493750,0.3134,67
nested_sparse,human,955,nested_v2,6250,0.0000,44
nested_sparse,human,955,nested_v2,18750,0.0000,49
nested_sparse,human,955,nested_v2,31250,0.0000,60
nested_sparse,human,955,nested_v2,43750,0.0000,64
nested_sparse,human,955,nested_v2,56250,0.0000,79
nested_sparse,human,955,nested_v2,68750,0.0000,80
nested_sparse,human,955,nested_v2,81250,0.0139,72
nested_sparse,human,955,nested_v2,93750,0.0308,65
nested_sparse,human,955,nested_v2,106250,0.0508,59
nested_sparse,human,955,nested_v2,118750,0.0556,54
nested_sparse,human,955,nested_v2,131250,0.0000,56
nested_sparse,human,955,nested_v2,143750,0.0455,66
nested_sparse,human,955,nested_v2,156250,0.1311,61
nested_sparse,human,955,nested_v2,168750,0.1915,47
nested_sparse,human,955,nested_v2,181250,0.0847,59
nested_sparse,human,955,nested_v2,193750,0.1250,48
nested_sparse,human,955,nested_v2,206250,0.1455,55
nested_sparse,human,955,nested_v2,218750,0.0877,57
nested_sparse,human,955,nested_v2,231250,0.0500,60
nested_sparse,human,955,nested_v2,243750,0.0625,64
nested_sparse,human,955,nested_v2,256250,,0
nested_sparse,human,955,nested_v2,268750,,0
nested_sparse,human,955,nested_v2,281250,,0
nested_sparse,human,955,nested_v2,293750,,0
nested_sparse,human,955,nested_v2,306250,,0
nested_sparse,human,955,nested_v2,318750,,0
nested_sparse,human,955,nested_v2,331250,,0
nested_sparse,human,955,nested_v2,343750,,0
nested_sparse,human,955,nested_v2,356250,,0
nested_sparse,human,955,nested_v2,368750,,0
nested_sparse,human,955,nested_v2,381250,,0
nested_sparse,human,955,nested_v2,393750,,0
nested_sparse,human,955,nested_v2,406250,,0
nested_sparse,human,955,nested_v2,418750,,0
nested_sparse,human,955,nested_v2,431250,,0
nested_sparse,human,955,nested_v2,443750,,0
nested_sparse,human,955,nested_v2,456250,,0
nested_sparse,human,955,nested_v2,468750,,0
nested_sparse,human,955,nested_v2,481250,,0
nested_sparse,human,955,nested_v2,493750,,0
nested_sparse,human,956,nested_v2,6250,0.0000,43
nested_sparse,human,956,nested_v2,18750,0.0000,45
nested_sparse,human,956,nested_v2,31250,0.0000,49
nested_sparse,human,956,nested_v2,43750,0.0000,77
nested_sparse,human,956,nested_v2,56250,0.0000,84
nested_sparse,human,956,nested_v2,68750,0.0000,67
nested_sparse,human,956,nested_v2,81250,0.0161,62
nested_sparse,human,956,nested_v2,93750,0.0333,60
nested_sparse,human,956,nested_v2,106250,0.0333,60
nested_sparse,human,956,nested_v2,118750,0.0571,70
nested_sparse,human,956,nested_v2,131250,0.0175,57
nested_sparse,human,956,nested_v2,143750,0.2041,49
nested_sparse,human,956,nested_v2,156250,0.0545,55
nested_sparse,human,956,nested_v2,168750,0.1132,53
nested_sparse,human,956,nested_v2,181250,0.0833,60
nested_sparse,human,956,nested_v2,193750,0.0556,54
nested_sparse,human,956,nested_v2,206250,0.1455,55
nested_sparse,human,956,nested_v2,218750,0.1200,50
nested_sparse,human,956,nested_v2,231250,0.1500,60
nested_sparse,human,956,nested_v2,243750,0.1481,54
nested_sparse,human,956,nested_v2,256250,,0
nested_sparse,human,956,nested_v2,268750,,0
nested_sparse,human,956,nested_v2,281250,,0
nested_sparse,human,956,nested_v2,293750,,0
nested_sparse,human,956,nested_v2,306250,,0
nested_sparse,human,956,nested_v2,318750,,0
nested_sparse,human,956,nested_v2,331250,,0
nested_sparse,human,956,nested_v2,343750,,0
nested_sparse,human,956,nested_v2,356250,,0
nested_sparse,human,956,nested_v2,368750,,0
nested_sparse,human,956,nested_v2,381250,,0
nested_sparse,human,956,nested_v2,393750,,0
nested_sparse,human,956,nested_v2,406250,,0
nested_sparse,human,956,nested_v2,418750,,0
nested_sparse,human,956,nested_v2,431250,,0
nested_sparse,human,956,nested_v2,443750,,0
nested_sparse,human,956,nested_v2,456250,,0
nested_sparse,human,956,nested_v2,468750,,0
nested_sparse,human,956,nested_v2,481250,,0
nested_sparse,human,956,nested_v2,493750,,0
nested_sparse,human,957,nested_v2,6250,0.0000,45
nested_sparse,human,957,nested_v2,18750,0.0000,43
nested_sparse,human,957,nested_v2,31250,0.0000,61
nested_sparse,human,957,nested_v2,43750,0.0000,62
nested_sparse,human,957,nested_v2,56250,0.0000,55
nested_sparse,human,957,nested_v2,68750,0.0000,57
nested_sparse,human,957,nested_v2,81250,0.0000,71
nested_sparse,human,957,nested_v2,93750,0.0000,61
nested_sparse,human,957,nested_v2,106250,0.0000,69
nested_sparse,human,957,nested_v2,118750,0.0545,55
nested_sparse,human,957,nested_v2,131250,0.0303,66
nested_sparse,human,957,nested_v2,143750,0.0357,56
nested_sparse,human,957,nested_v2,156250,0.0323,62
nested_sparse,human,957,nested_v2,168750,0.0000,65
nested_sparse,human,957,nested_v2,181250,0.0256,78
nested_sparse,human,957,nested_v2,193750,0.0133,75
nested_sparse,human,957,nested_v2,206250,0.0317,63
nested_sparse,human,957,nested_v2,218750,0.0000,59
nested_sparse,human,957,nested_v2,231250,0.0000,50
nested_sparse,human,957,nested_v2,243750,0.0000,73
nested_sparse,human,957,nested_v2,256250,0.0492,61
nested_sparse,human,957,nested_v2,268750,0.0000,66
nested_sparse,human,957,nested_v2,281250,0.0000,53
nested_sparse,human,957,nested_v2,293750,0.0192,52
nested_sparse,human,957,nested_v2,306250,0.0323,62
nested_sparse,human,957,nested_v2,318750,0.2182,55
nested_sparse,human,957,nested_v2,331250,0.1404,57
nested_sparse,human,957,nested_v2,343750,0.0385,52
nested_sparse,human,957,nested_v2,356250,0.0755,53
nested_sparse,human,957,nested_v2,368750,0.2222,54
nested_sparse,human,957,nested_v2,381250,0.1607,56
nested_sparse,human,957,nested_v2,393750,0.1552,58
nested_sparse,human,957,nested_v2,406250,0.0185,54
nested_sparse,human,957,nested_v2,418750,0.0208,48
nested_sparse,human,957,nested_v2,431250,0.0312,64
nested_sparse,human,957,nested_v2,443750,0.0870,69
nested_sparse,human,957,nested_v2,456250,0.1053,57
nested_sparse,human,957,nested_v2,468750,0.1228,57
nested_sparse,human,957,nested_v2,481250,0.2321,56
nested_sparse,human,957,nested_v2,493750,0.2182,55
nested_sparse,human,958,nested_v2,6250,0.0000,46
nested_sparse,human,958,nested_v2,18750,0.0000,48
nested_sparse,human,958,nested_v2,31250,0.0000,48
nested_sparse,human,958,nested_v2,43750,0.0000,64
nested_sparse,human,958,nested_v2,56250,0.0000,45
nested_sparse,human,958,nested_v2,68750,0.0000,74
nested_sparse,human,958,nested_v2,81250,0.0000,74
nested_sparse,human,958,nested_v2,93750,0.0000,57
nested_sparse,human,958,nested_v2,106250,0.0000,63
nested_sparse,human,958,nested_v2,118750,0.0000,56
nested_sparse,human,958,nested_v2,131250,0.0909,66
nested_sparse,human,958,nested_v2,143750,0.0312,64
nested_sparse,human,958,nested_v2,156250,0.0141,71
nested_sparse,human,958,nested_v2,168750,0.0000,64
nested_sparse,human,958,nested_v2,181250,0.0536,56
nested_sparse,human,958,nested_v2,193750,0.0435,69
nested_sparse,human,958,nested_v2,206250,0.0385,52
nested_sparse,human,958,nested_v2,218750,0.1064,47
nested_sparse,human,958,nested_v2,231250,0.1000,60
nested_sparse,human,958,nested_v2,243750,0.0000,57
nested_sparse,human,958,nested_v2,256250,0.0536,56
nested_sparse,human,958,nested_v2,268750,0.0182,55
nested_sparse,human,958,nested_v2,281250,0.0980,51
nested_sparse,human,958,nested_v2,293750,0.1017,59
nested_sparse,human,958,nested_v2,306250,0.0833,60
nested_sparse,human,958,nested_v2,318750,0.0000,53
nested_sparse,human,958,nested_v2,331250,0.1600,50
nested_sparse,human,958,nested_v2,343750,0.2979,47
nested_sparse,human,958,nested_v2,356250,0.0526,57
nested_sparse,human,958,nested_v2,368750,0.0000,46
nested_sparse,human,958,nested_v2,381250,0.0000,62
nested_sparse,human,958,nested_v2,393750,0.0000,74
nested_sparse,human,958,nested_v2,406250,0.0145,69
nested_sparse,human,958,nested_v2,418750,0.0000,45
nested_sparse,human,958,nested_v2,431250,0.0152,66
nested_sparse,human,958,nested_v2,443750,0.0781,64
nested_sparse,human,958,nested_v2,456250,0.0000,72
nested_sparse,human,958,nested_v2,468750,0.0192,52
nested_sparse,human,958,nested_v2,481250,0.1250,64
nested_sparse,human,958,nested_v2,493750,0.0185,54
nested_sparse,machine,975,nested_v2,6250,0.0000,46
nested_sparse,machine,975,nested_v2,18750,0.0000,50
nested_sparse,machine,975,nested_v2,31250,0.0000,64
nested_sparse,machine,975,nested_v2,43750,0.0000,54
nested_sparse,machine,975,nested_v2,56250,0.0000,70
nested_sparse,machine,975,nested_v2,68750,0.0000,79
nested_sparse,machine,975,nested_v2,81250,0.0000,76
nested_sparse,machine,975,nested_v2,93750,0.0000,51
nested_sparse,machine,975,nested_v2,106250,0.0147,68
nested_sparse,machine,975,nested_v2,118750,0.0000,62
nested_sparse,machine,975,nested_v2,131250,0.0182,55
nested_sparse,machine,975,nested_v2,143750,0.0000,61
nested_sparse,machine,975,nested_v2,156250,0.0164,61
nested_sparse,machine,975,nested_v2,168750,0.0556,54
nested_sparse,machine,975,nested_v2,181250,0.0175,57
nested_sparse,machine,975,nested_v2,193750,0.0484,62
nested_sparse,machine,975,nested_v2,206250,0.0429,70
nested_sparse,machine,975,nested_v2,218750,0.0000,62
nested_sparse,machine,975,nested_v2,231250,0.0000,51
nested_sparse,machine,975,nested_v2,243750,0.0000,54
nested_sparse,machine,975,nested_v2,256250,,0
nested_sparse,machine,975,nested_v2,268750,,0
nested_sparse,machine,975,nested_v2,281250,,0
nested_sparse,machine,975,nested_v2,293750,,0
nested_sparse,machine,975,nested_v2,306250,,0
nested_sparse,machine,975,nested_v2,318750,,0
nested_sparse,machine,975,nested_v2,331250,,0
nested_sparse,machine,975,nested_v2,343750,,0
nested_sparse,machine,975,nested_v2,356250,,0
nested_sparse,machine,975,nested_v2,368750,,0
nested_sparse,machine,975,nested_v2,381250,,0
nested_sparse,machine,975,nested_v2,393750,,0
nested_sparse,machine,975,nested_v2,406250,,0
nested_sparse,machine,975,nested_v2,418750,,0
nested_sparse,machine,975,nested_v2,431250,,0
nested_sparse,machine,975,nested_v2,443750,,0
nested_sparse,machine,975,nested_v2,456250,,0
nested_sparse,machine,975,nested_v2,468750,,0
nested_sparse,machine,975,nested_v2,481250,,0
nested_sparse,machine,975,nested_v2,493750,,0
nested_sparse,machine,976,nested_v2,6250,0.0000,48
nested_sparse,machine,976,nested_v2,18750,0.0000,53
nested_sparse,machine,976,nested_v2,31250,0.0000,51
nested_sparse,machine,976,nested_v2,43750,0.0000,55
nested_sparse,machine,976,nested_v2,56250,0.0000,59
nested_sparse,machine,976,nested_v2,68750,0.0000,70
nested_sparse,machine,976,nested_v2,81250,0.0000,51
nested_sparse,machine,976,nested_v2,93750,0.0000,66
nested_sparse,machine,976,nested_v2,106250,0.0137,73
nested_sparse,machine,976,nested_v2,118750,0.0000,61
nested_sparse,machine,976,nested_v2,131250,0.0000,68
nested_sparse,machine,976,nested_v2,143750,0.0000,54
nested_sparse,machine,976,nested_v2,156250,0.0000,51
nested_sparse,machine,976,nested_v2,168750,0.0909,55
nested_sparse,machine,976,nested_v2,181250,0.0000,50
nested_sparse,machine,976,nested_v2,193750,0.0000,54
nested_sparse,machine,976,nested_v2,206250,0.0725,69
nested_sparse,machine,976,nested_v2,218750,0.0364,55
nested_sparse,machine,976,nested_v2,231250,0.0893,56
nested_sparse,machine,976,nested_v2,243750,0.0000,87
nested_sparse,machine,976,nested_v2,256250,,0
nested_sparse,machine,976,nested_v2,268750,,0
nested_sparse,machine,976,nested_v2,281250,,0
nested_sparse,machine,976,nested_v2,293750,,0
nested_sparse,machine,976,nested_v2,306250,,0
nested_sparse,machine,976,nested_v2,318750,,0
nested_sparse,machine,976,nested_v2,331250,,0
nested_sparse,machine,976,nested_v2,343750,,0
nested_sparse,machine,976,nested_v2,356250,,0
nested_sparse,machine,976,nested_v2,368750,,0
nested_sparse,machine,976,nested_v2,381250,,0
nested_sparse,machine,976,nested_v2,393750,,0
nested_sparse,machine,976,nested_v2,406250,,0
nested_sparse,machine,976,nested_v2,418750,,0
nested_sparse,machine,976,nested_v2,431250,,0
nested_sparse,machine,976,nested_v2,443750,,0
nested_sparse,machine,976,nested_v2,456250,,0
nested_sparse,machine,976,nested_v2,468750,,0
nested_sparse,machine,976,nested_v2,481250,,0
nested_sparse,machine,976,nested_v2,493750,,0
nested_sparse,machine,977,nested_v2,6250,0.0000,42
nested_sparse,machine,977,nested_v2,18750,0.0000,57
nested_sparse,machine,977,nested_v2,31250,0.0000,62
nested_sparse,machine,977,nested_v2,43750,0.0000,64
nested_sparse,machine,977,nested_v2,56250,0.0000,76
nested_sparse,machine,977,nested_v2,68750,0.0000,62
nested_sparse,machine,977,nested_v2,81250,0.0000,76
nested_sparse,machine,977,nested_v2,93750,0.0000,63
nested_sparse,machine,977,nested_v2,106250,0.0000,76
nested_sparse,machine,977,nested_v2,118750,0.0351,57
nested_sparse,machine,977,nested_v2,131250,0.0000,54
nested_sparse,machine,977,nested_v2,143750,0.0411,73
nested_sparse,machine,977,nested_v2,156250,0.0290,69
nested_sparse,machine,977,nested_v2,168750,0.0000,46
nested_sparse,machine,977,nested_v2,181250,0.0000,73
nested_sparse,machine,977,nested_v2,193750,0.0000,72
nested_sparse,machine,977,nested_v2,206250,0.0000,72
nested_sparse,machine,977,nested_v2,218750,0.0000,73
nested_sparse,machine,977,nested_v2,231250,0.0169,59
nested_sparse,machine,977,nested_v2,243750,0.0182,55
nested_sparse,machine,977,nested_v2,256250,0.0833,60
nested_sparse,machine,977,nested_v2,268750,0.0469,64
nested_sparse,machine,977,nested_v2,281250,0.0000,53
nested_sparse,machine,977,nested_v2,293750,0.1053,57
nested_sparse,machine,977,nested_v2,306250,0.0000,43
nested_sparse,machine,977,nested_v2,318750,0.0000,45
nested_sparse,machine,977,nested_v2,331250,0.0385,52
nested_sparse,machine,977,nested_v2,343750,0.0328,61
nested_sparse,machine,977,nested_v2,356250,0.0000,56
nested_sparse,machine,977,nested_v2,368750,0.0000,59
nested_sparse,machine,977,nested_v2,381250,0.0000,57
nested_sparse,machine,977,nested_v2,393750,0.0161,62
nested_sparse,machine,977,nested_v2,406250,0.0000,46
nested_sparse,machine,977,nested_v2,418750,0.0000,43
nested_sparse,machine,977,nested_v2,431250,0.0000,53
nested_sparse,machine,977,nested_v2,443750,0.0000,64
nested_sparse,machine,977,nested_v2,456250,0.0000,44
nested_sparse,machine,977,nested_v2,468750,0.0000,45
nested_sparse,machine,977,nested_v2,481250,0.0000,59
nested_sparse,machine,977,nested_v2,493750,0.0000,52
nested_sparse,machine,978,nested_v2,6250,0.0000,46
nested_sparse,machine,978,nested_v2,18750,0.0000,47
nested_sparse,machine,978,nested_v2,31250,0.0000,66
nested_sparse,machine,978,nested_v2,43750,0.0000,60
nested_sparse,machine,978,nested_v2,56250,0.0000,53
nested_sparse,machine,978,nested_v2,68750,0.0000,58
nested_sparse,machine,978,nested_v2,81250,0.0000,59
nested_sparse,machine,978,nested_v2,93750,0.0000,61
nested_sparse,machine,978,nested_v2,106250,0.0000,63
nested_sparse,machine,978,nested_v2,118750,0.0000,59
nested_sparse,machine,978,nested_v2,131250,0.0000,69
nested_sparse,machine,978,nested_v2,143750,0.0000,51
nested_sparse,machine,978,nested_v2,156250,0.0000,58
nested_sparse,machine,978,nested_v2,168750,0.0000,56
nested_sparse,machine,978,nested_v2,181250,0.0000,52
nested_sparse,machine,978,nested_v2,193750,0.0000,53
nested_sparse,machine,978,nested_v2,206250,0.0000,57
nested_sparse,machine,978,nested_v2,218750,0.0000,62
nested_sparse,machine,978,nested_v2,231250,0.0000,58
nested_sparse,machine,978,nested_v2,243750,0.0000,53
nested_sparse,machine,978,nested_v2,256250,0.0000,52
nested_sparse,machine,978,nested_v2,268750,0.0000,61
nested_sparse,machine,978,nested_v2,281250,0.0000,51
nested_sparse,machine,978,nested_v2,293750,0.0000,59
nested_sparse,machine,978,nested_v2,306250,0.0000,55
nested_sparse,machine,978,nested_v2,318750,0.0000,52
nested_sparse,machine,978,nested_v2,331250,0.0000,57
nested_sparse,machine,978,nested_v2,343750,0.0577,52
nested_sparse,machine,978,nested_v2,356250,0.0172,58
nested_sparse,machine,978,nested_v2,368750,0.0200,50
nested_sparse,machine,978,nested_v2,381250,0.0192,52
nested_sparse,machine,978,nested_v2,393750,0.0000,60
nested_sparse,machine,978,nested_v2,406250,0.0208,48
nested_sparse,machine,978,nested_v2,418750,0.0222,45
nested_sparse,machine,978,nested_v2,431250,0.1373,51
nested_sparse,machine,978,nested_v2,443750,0.1923,52
nested_sparse,machine,978,nested_v2,456250,0.0408,49
nested_sparse,machine,978,nested_v2,468750,0.0000,54
nested_sparse,machine,978,nested_v2,481250,0.0909,55
nested_sparse,machine,978,nested_v2,493750,0.0597,67
nested_sparse,human,955,slide_success,6250,0.0000,44
nested_sparse,human,955,slide_success,18750,0.0000,49
nested_sparse,human,955,slide_success,31250,0.0000,60
nested_sparse,human,955,slide_success,43750,0.0000,64
nested_sparse,human,955,slide_success,56250,0.0000,79
nested_sparse,human,955,slide_success,68750,0.0000,80
nested_sparse,human,955,slide_success,81250,0.0000,72
nested_sparse,human,955,slide_success,93750,0.0000,65
nested_sparse,human,955,slide_success,106250,0.0000,59
nested_sparse,human,955,slide_success,118750,0.0000,54
nested_sparse,human,955,slide_success,131250,0.0000,56
nested_sparse,human,955,slide_success,143750,0.0000,66
nested_sparse,human,955,slide_success,156250,0.0164,61
nested_sparse,human,955,slide_success,168750,0.0426,47
nested_sparse,human,955,slide_success,181250,0.0847,59
nested_sparse,human,955,slide_success,193750,0.0833,48
nested_sparse,human,955,slide_success,206250,0.0727,55
nested_sparse,human,955,slide_success,218750,0.0877,57
nested_sparse,human,955,slide_success,231250,0.0500,60
nested_sparse,human,955,slide_success,243750,0.0469,64
nested_sparse,human,955,slide_success,256250,,0
nested_sparse,human,955,slide_success,268750,,0
nested_sparse,human,955,slide_success,281250,,0
nested_sparse,human,955,slide_success,293750,,0
nested_sparse,human,955,slide_success,306250,,0
nested_sparse,human,955,slide_success,318750,,0
nested_sparse,human,955,slide_success,331250,,0
nested_sparse,human,955,slide_success,343750,,0
nested_sparse,human,955,slide_success,356250,,0
nested_sparse,human,955,slide_success,368750,,0
nested_sparse,human,955,slide_success,381250,,0
nested_sparse,human,955,slide_success,393750,,0
nested_sparse,human,955,slide_success,406250,,0
nested_sparse,human,955,slide_success,418750,,0
nested_sparse,human,955,slide_success,431250,,0
nested_sparse,human,955,slide_success,443750,,0
nested_sparse,human,955,slide_success,456250,,0
nested_sparse,human,955,slide_success,468750,,0
nested_sparse,human,955,slide_success,481250,,0
nested_sparse,human,955,slide_success,493750,,0
nested_sparse,human,956,slide_success,6250,0.0000,43
nested_sparse,human,956,slide_success,18750,0.0000,45
nested_sparse,human,956,slide_success,31250,0.0000,49
nested_sparse,human,956,slide_success,43750,0.0000,77
nested_sparse,human,956,slide_success,56250,0.0000,84
nested_sparse,human,956,slide_success,68750,0.0000,67
nested_sparse,human,956,slide_success,81250,0.0161,62
nested_sparse,human,956,slide_success,93750,0.0167,60
nested_sparse,human,956,slide_success,106250,0.0333,60
nested_sparse,human,956,slide_success,118750,0.0000,70
nested_sparse,human,956,slide_success,131250,0.0000,57
nested_sparse,human,956,slide_success,143750,0.0408,49
nested_sparse,human,956,slide_success,156250,0.0182,55
nested_sparse,human,956,slide_success,168750,0.0566,53
nested_sparse,human,956,slide_success,181250,0.0333,60
nested_sparse,human,956,slide_success,193750,0.0556,54
nested_sparse,human,956,slide_success,206250,0.1455,55
nested_sparse,human,956,slide_success,218750,0.1000,50
nested_sparse,human,956,slide_success,231250,0.1333,60
nested_sparse,human,956,slide_success,243750,0.1296,54
nested_sparse,human,956,slide_success,256250,,0
nested_sparse,human,956,slide_success,268750,,0
nested_sparse,human,956,slide_success,281250,,0
nested_sparse,human,956,slide_success,293750,,0
nested_sparse,human,956,slide_success,306250,,0
nested_sparse,human,956,slide_success,318750,,0
nested_sparse,human,956,slide_success,331250,,0
nested_sparse,human,956,slide_success,343750,,0
nested_sparse,human,956,slide_success,356250,,0
nested_sparse,human,956,slide_success,368750,,0
nested_sparse,human,956,slide_success,381250,,0
nested_sparse,human,956,slide_success,393750,,0
nested_sparse,human,956,slide_success,406250,,0
nested_sparse,human,956,slide_success,418750,,0
nested_sparse,human,956,slide_success,431250,,0
nested_sparse,human,956,slide_success,443750,,0
nested_sparse,human,956,slide_success,456250,,0
nested_sparse,human,956,slide_success,468750,,0
nested_sparse,human,956,slide_success,481250,,0
nested_sparse,human,956,slide_success,493750,,0
nested_sparse,human,957,slide_success,6250,0.0000,45
nested_sparse,human,957,slide_success,18750,0.0000,43
nested_sparse,human,957,slide_success,31250,0.0000,61
nested_sparse,human,957,slide_success,43750,0.0000,62
nested_sparse,human,957,slide_success,56250,0.0000,55
nested_sparse,human,957,slide_success,68750,0.0000,57
nested_sparse,human,957,slide_success,81250,0.0000,71
nested_sparse,human,957,slide_success,93750,0.0000,61
nested_sparse,human,957,slide_success,106250,0.0000,69
nested_sparse,human,957,slide_success,118750,0.0182,55
nested_sparse,human,957,slide_success,131250,0.0000,66
nested_sparse,human,957,slide_success,143750,0.0179,56
nested_sparse,human,957,slide_success,156250,0.0161,62
nested_sparse,human,957,slide_success,168750,0.0000,65
nested_sparse,human,957,slide_success,181250,0.0128,78
nested_sparse,human,957,slide_success,193750,0.0133,75
nested_sparse,human,957,slide_success,206250,0.0159,63
nested_sparse,human,957,slide_success,218750,0.0000,59
nested_sparse,human,957,slide_success,231250,0.0000,50
nested_sparse,human,957,slide_success,243750,0.0000,73
nested_sparse,human,957,slide_success,256250,0.0328,61
nested_sparse,human,957,slide_success,268750,0.0000,66
nested_sparse,human,957,slide_success,281250,0.0000,53
nested_sparse,human,957,slide_success,293750,0.0192,52
nested_sparse,human,957,slide_success,306250,0.0161,62
nested_sparse,human,957,slide_success,318750,0.0545,55
nested_sparse,human,957,slide_success,331250,0.0526,57
nested_sparse,human,957,slide_success,343750,0.0192,52
nested_sparse,human,957,slide_success,356250,0.0755,53
nested_sparse,human,957,slide_success,368750,0.0926,54
nested_sparse,human,957,slide_success,381250,0.0893,56
nested_sparse,human,957,slide_success,393750,0.1207,58
nested_sparse,human,957,slide_success,406250,0.0185,54
nested_sparse,human,957,slide_success,418750,0.0000,48
nested_sparse,human,957,slide_success,431250,0.0312,64
nested_sparse,human,957,slide_success,443750,0.0290,69
nested_sparse,human,957,slide_success,456250,0.1053,57
nested_sparse,human,957,slide_success,468750,0.0175,57
nested_sparse,human,957,slide_success,481250,0.1607,56
nested_sparse,human,957,slide_success,493750,0.2182,55
nested_sparse,human,958,slide_success,6250,0.0000,46
nested_sparse,human,958,slide_success,18750,0.0000,48
nested_sparse,human,958,slide_success,31250,0.0000,48
nested_sparse,human,958,slide_success,43750,0.0000,64
nested_sparse,human,958,slide_success,56250,0.0000,45
nested_sparse,human,958,slide_success,68750,0.0000,74
nested_sparse,human,958,slide_success,81250,0.0000,74
nested_sparse,human,958,slide_success,93750,0.0000,57
nested_sparse,human,958,slide_success,106250,0.0000,63
nested_sparse,human,958,slide_success,118750,0.0000,56
nested_sparse,human,958,slide_success,131250,0.0455,66
nested_sparse,human,958,slide_success,143750,0.0000,64
nested_sparse,human,958,slide_success,156250,0.0000,71
nested_sparse,human,958,slide_success,168750,0.0000,64
nested_sparse,human,958,slide_success,181250,0.0179,56
nested_sparse,human,958,slide_success,193750,0.0000,69
nested_sparse,human,958,slide_success,206250,0.0192,52
nested_sparse,human,958,slide_success,218750,0.0213,47
nested_sparse,human,958,slide_success,231250,0.0333,60
nested_sparse,human,958,slide_success,243750,0.0000,57
nested_sparse,human,958,slide_success,256250,0.0179,56
nested_sparse,human,958,slide_success,268750,0.0182,55
nested_sparse,human,958,slide_success,281250,0.0784,51
nested_sparse,human,958,slide_success,293750,0.0000,59
nested_sparse,human,958,slide_success,306250,0.0167,60
nested_sparse,human,958,slide_success,318750,0.0000,53
nested_sparse,human,958,slide_success,331250,0.1400,50
nested_sparse,human,958,slide_success,343750,0.2979,47
nested_sparse,human,958,slide_success,356250,0.0526,57
nested_sparse,human,958,slide_success,368750,0.0000,46
nested_sparse,human,958,slide_success,381250,0.0000,62
nested_sparse,human,958,slide_success,393750,0.0000,74
nested_sparse,human,958,slide_success,406250,0.0000,69
nested_sparse,human,958,slide_success,418750,0.0000,45
nested_sparse,human,958,slide_success,431250,0.0152,66
nested_sparse,human,958,slide_success,443750,0.0469,64
nested_sparse,human,958,slide_success,456250,0.0000,72
nested_sparse,human,958,slide_success,468750,0.0192,52
nested_sparse,human,958,slide_success,481250,0.0469,64
nested_sparse,human,958,slide_success,493750,0.0000,54
nested_sparse,machine,975,slide_success,6250,0.0000,46
nested_sparse,machine,975,slide_success,18750,0.0000,50
nested_sparse,machine,975,slide_success,31250,0.0000,64
nested_sparse,machine,975,slide_success,43750,0.0000,54
nested_sparse,machine,975,slide_success,56250,0.0000,70
nested_sparse,machine,975,slide_success,68750,0.0000,79
nested_sparse,machine,975,slide_success,81250,0.0000,76
nested_sparse,machine,975,slide_success,93750,0.0000,51
nested_sparse,machine,975,slide_success,106250,0.0147,68
nested_sparse,machine,975,slide_success,118750,0.0000,62
nested_sparse,machine,975,slide_success,131250,0.0000,55
nested_sparse,machine,975,slide_success,143750,0.0000,61
nested_sparse,machine,975,slide_success,156250,0.0164,61
nested_sparse,machine,975,slide_success,168750,0.0370,54
nested_sparse,machine,975,slide_success,181250,0.0000,57
nested_sparse,machine,975,slide_success,193750,0.0000,62
nested_sparse,machine,975,slide_success,206250,0.0143,70
nested_sparse,machine,975,slide_success,218750,0.0000,62
nested_sparse,machine,975,slide_success,231250,0.0000,51
nested_sparse,machine,975,slide_success,243750,0.0000,54
nested_sparse,machine,975,slide_success,256250,,0
nested_sparse,machine,975,slide_success,268750,,0
nested_sparse,machine,975,slide_success,281250,,0
nested_sparse,machine,975,slide_success,293750,,0
nested_sparse,machine,975,slide_success,306250,,0
nested_sparse,machine,975,slide_success,318750,,0
nested_sparse,machine,975,slide_success,331250,,0
nested_sparse,machine,975,slide_success,343750,,0
nested_sparse,machine,975,slide_success,356250,,0
nested_sparse,machine,975,slide_success,368750,,0
nested_sparse,machine,975,slide_success,381250,,0
nested_sparse,machine,975,slide_success,393750,,0
nested_sparse,machine,975,slide_success,406250,,0
nested_sparse,machine,975,slide_success,418750,,0
nested_sparse,machine,975,slide_success,431250,,0
nested_sparse,machine,975,slide_success,443750,,0
nested_sparse,machine,975,slide_success,456250,,0
nested_sparse,machine,975,slide_success,468750,,0
nested_sparse,machine,975,slide_success,481250,,0
nested_sparse,machine,975,slide_success,493750,,0
nested_sparse,machine,976,slide_success,6250,0.0000,48
nested_sparse,machine,976,slide_success,18750,0.0000,53
nested_sparse,machine,976,slide_success,31250,0.0000,51
nested_sparse,machine,976,slide_success,43750,0.0000,55
nested_sparse,machine,976,slide_success,56250,0.0000,59
nested_sparse,machine,976,slide_success,68750,0.0000,70
nested_sparse,machine,976,slide_success,81250,0.0000,51
nested_sparse,machine,976,slide_success,93750,0.0000,66
nested_sparse,machine,976,slide_success,106250,0.0000,73
nested_sparse,machine,976,slide_success,118750,0.0164,61
nested_sparse,machine,976,slide_success,131250,0.0000,68
nested_sparse,machine,976,slide_success,143750,0.0000,54
nested_sparse,machine,976,slide_success,156250,0.0000,51
nested_sparse,machine,976,slide_success,168750,0.0364,55
nested_sparse,machine,976,slide_success,181250,0.0000,50
nested_sparse,machine,976,slide_success,193750,0.0000,54
nested_sparse,machine,976,slide_success,206250,0.0145,69
nested_sparse,machine,976,slide_success,218750,0.0182,55
nested_sparse,machine,976,slide_success,231250,0.0179,56
nested_sparse,machine,976,slide_success,243750,0.0000,87
nested_sparse,machine,976,slide_success,256250,,0
nested_sparse,machine,976,slide_success,268750,,0
nested_sparse,machine,976,slide_success,281250,,0
nested_sparse,machine,976,slide_success,293750,,0
nested_sparse,machine,976,slide_success,306250,,0
nested_sparse,machine,976,slide_success,318750,,0
nested_sparse,machine,976,slide_success,331250,,0
nested_sparse,machine,976,slide_success,343750,,0
nested_sparse,machine,976,slide_success,356250,,0
nested_sparse,machine,976,slide_success,368750,,0
nested_sparse,machine,976,slide_success,381250,,0
nested_sparse,machine,976,slide_success,393750,,0
nested_sparse,machine,976,slide_success,406250,,0
nested_sparse,machine,976,slide_success,418750,,0
nested_sparse,machine,976,slide_success,431250,,0
nested_sparse,machine,976,slide_success,443750,,0
nested_sparse,machine,976,slide_success,456250,,0
nested_sparse,machine,976,slide_success,468750,,0
nested_sparse,machine,976,slide_success,481250,,0
nested_sparse,machine,976,slide_success,493750,,0
nested_sparse,machine,977,slide_success,6250,0.0000,42
nested_sparse,machine,977,slide_success,18750,0.0000,57
nested_sparse,machine,977,slide_success,31250,0.0000,62
nested_sparse,machine,977,slide_success,43750,0.0000,64
nested_sparse,machine,977,slide_success,56250,0.0000,76
nested_sparse,machine,977,slide_success,68750,0.0000,62
nested_sparse,machine,977,slide_success,81250,0.0000,76
nested_sparse,machine,977,slide_success,93750,0.0000,63
nested_sparse,machine,977,slide_success,106250,0.0000,76
nested_sparse,machine,977,slide_success,118750,0.0175,57
nested_sparse,machine,977,slide_success,131250,0.0000,54
nested_sparse,machine,977,slide_success,143750,0.0274,73
nested_sparse,machine,977,slide_success,156250,0.0000,69
nested_sparse,machine,977,slide_success,168750,0.0000,46
nested_sparse,machine,977,slide_success,181250,0.0000,73
nested_sparse,machine,977,slide_success,193750,0.0000,72
nested_sparse,machine,977,slide_success,206250,0.0000,72
nested_sparse,machine,977,slide_success,218750,0.0000,73
nested_sparse,machine,977,slide_success,231250,0.0000,59
nested_sparse,machine,977,slide_success,243750,0.0000,55
nested_sparse,machine,977,slide_success,256250,0.0000,60
nested_sparse,machine,977,slide_success,268750,0.0156,64
nested_sparse,machine,977,slide_success,281250,0.0000,53
nested_sparse,machine,977,slide_success,293750,0.0000,57
nested_sparse,machine,977,slide_success,306250,0.0000,43
nested_sparse,machine,977,slide_success,318750,0.0000,45
nested_sparse,machine,977,slide_success,331250,0.0192,52
nested_sparse,machine,977,slide_success,343750,0.0328,61
nested_sparse,machine,977,slide_success,356250,0.0000,56
nested_sparse,machine,977,slide_success,368750,0.0000,59
nested_sparse,machine,977,slide_success,381250,0.0000,57
nested_sparse,machine,977,slide_success,393750,0.0000,62
nested_sparse,machine,977,slide_success,406250,0.0000,46
nested_sparse,machine,977,slide_success,418750,0.0000,43
nested_sparse,machine,977,slide_success,431250,0.0000,53
nested_sparse,machine,977,slide_success,443750,0.0000,64
nested_sparse,machine,977,slide_success,456250,0.0000,44
nested_sparse,machine,977,slide_success,468750,0.0000,45
nested_sparse,machine,977,slide_success,481250,0.0000,59
nested_sparse,machine,977,slide_success,493750,0.0000,52
nested_sparse,machine,978,slide_success,6250,0.0000,46
nested_sparse,machine,978,slide_success,18750,0.0000,47
nested_sparse,machine,978,slide_success,31250,0.0000,66
nested_sparse,machine,978,slide_success,43750,0.0000,60
nested_sparse,machine,978,slide_success,56250,0.0000,53
nested_sparse,machine,978,slide_success,68750,0.0000,58
nested_sparse,machine,978,slide_success,81250,0.0000,59
nested_sparse,machine,978,slide_success,93750,0.0000,61
nested_sparse,machine,978,slide_success,106250,0.0000,63
nested_sparse,machine,978,slide_success,118750,0.0000,59
nested_sparse,machine,978,slide_success,131250,0.0000,69
nested_sparse,machine,978,slide_success,143750,0.0000,51
nested_sparse,machine,978,slide_success,156250,0.0000,58
nested_sparse,machine,978,slide_success,168750,0.0179,56
nested_sparse,machine,978,slide_success,181250,0.0000,52
nested_sparse,machine,978,slide_success,193750,0.0000,53
nested_sparse,machine,978,slide_success,206250,0.0000,57
nested_sparse,machine,978,slide_success,218750,0.0000,62
nested_sparse,machine,978,slide_success,231250,0.0000,58
nested_sparse,machine,978,slide_success,243750,0.0000,53
nested_sparse,machine,978,slide_success,256250,0.0000,52
nested_sparse,machine,978,slide_success,268750,0.0000,61
nested_sparse,machine,978,slide_success,281250,0.0000,51
nested_sparse,machine,978,slide_success,293750,0.0000,59
nested_sparse,machine,978,slide_success,306250,0.0000,55
nested_sparse,machine,978,slide_success,318750,0.0000,52
nested_sparse,machine,978,slide_success,331250,0.0000,57
nested_sparse,machine,978,slide_success,343750,0.0000,52
nested_sparse,machine,978,slide_success,356250,0.0000,58
nested_sparse,machine,978,slide_success,368750,0.0200,50
nested_sparse,machine,978,slide_success,381250,0.0192,52
nested_sparse,machine,978,slide_success,393750,0.0000,60
nested_sparse,machine,978,slide_success,406250,0.0000,48
nested_sparse,machine,978,slide_success,418750,0.0222,45
nested_sparse,machine,978,slide_success,431250,0.1373,51
nested_sparse,machine,978,slide_success,443750,0.1346,52
nested_sparse,machine,978,slide_success,456250,0.0204,49
nested_sparse,machine,978,slide_success,468750,0.0000,54
nested_sparse,machine,978,slide_success,481250,0.0545,55
nested_sparse,machine,978,slide_success,493750,0.0448,67
nested_sparse,human,955,tipped,6250,0.0909,44
nested_sparse,human,955,tipped,18750,0.2041,49
nested_sparse,human,955,tipped,31250,0.3667,60
nested_sparse,human,955,tipped,43750,0.4688,64
nested_sparse,human,955,tipped,56250,0.6203,79
nested_sparse,human,955,tipped,68750,0.6625,80
nested_sparse,human,955,tipped,81250,0.6667,72
nested_sparse,human,955,tipped,93750,0.5231,65
nested_sparse,human,955,tipped,106250,0.4576,59
nested_sparse,human,955,tipped,118750,0.3519,54
nested_sparse,human,955,tipped,131250,0.3750,56
nested_sparse,human,955,tipped,143750,0.5606,66
nested_sparse,human,955,tipped,156250,0.3934,61
nested_sparse,human,955,tipped,168750,0.1277,47
nested_sparse,human,955,tipped,181250,0.3729,59
nested_sparse,human,955,tipped,193750,0.1875,48
nested_sparse,human,955,tipped,206250,0.3091,55
nested_sparse,human,955,tipped,218750,0.3509,57
nested_sparse,human,955,tipped,231250,0.3500,60
nested_sparse,human,955,tipped,243750,0.5156,64
nested_sparse,human,955,tipped,256250,,0
nested_sparse,human,955,tipped,268750,,0
nested_sparse,human,955,tipped,281250,,0
nested_sparse,human,955,tipped,293750,,0
nested_sparse,human,955,tipped,306250,,0
nested_sparse,human,955,tipped,318750,,0
nested_sparse,human,955,tipped,331250,,0
nested_sparse,human,955,tipped,343750,,0
nested_sparse,human,955,tipped,356250,,0
nested_sparse,human,955,tipped,368750,,0
nested_sparse,human,955,tipped,381250,,0
nested_sparse,human,955,tipped,393750,,0
nested_sparse,human,955,tipped,406250,,0
nested_sparse,human,955,tipped,418750,,0
nested_sparse,human,955,tipped,431250,,0
nested_sparse,human,955,tipped,443750,,0
nested_sparse,human,955,tipped,456250,,0
nested_sparse,human,955,tipped,468750,,0
nested_sparse,human,955,tipped,481250,,0
nested_sparse,human,955,tipped,493750,,0
nested_sparse,human,956,tipped,6250,0.0698,43
nested_sparse,human,956,tipped,18750,0.1111,45
nested_sparse,human,956,tipped,31250,0.2041,49
nested_sparse,human,956,tipped,43750,0.5584,77
nested_sparse,human,956,tipped,56250,0.6667,84
nested_sparse,human,956,tipped,68750,0.5522,67
nested_sparse,human,956,tipped,81250,0.4677,62
nested_sparse,human,956,tipped,93750,0.3667,60
nested_sparse,human,956,tipped,106250,0.4167,60
nested_sparse,human,956,tipped,118750,0.5429,70
nested_sparse,human,956,tipped,131250,0.3333,57
nested_sparse,human,956,tipped,143750,0.1837,49
nested_sparse,human,956,tipped,156250,0.3091,55
nested_sparse,human,956,tipped,168750,0.3019,53
nested_sparse,human,956,tipped,181250,0.4333,60
nested_sparse,human,956,tipped,193750,0.3333,54
nested_sparse,human,956,tipped,206250,0.1818,55
nested_sparse,human,956,tipped,218750,0.2000,50
nested_sparse,human,956,tipped,231250,0.3167,60
nested_sparse,human,956,tipped,243750,0.2407,54
nested_sparse,human,956,tipped,256250,,0
nested_sparse,human,956,tipped,268750,,0
nested_sparse,human,956,tipped,281250,,0
nested_sparse,human,956,tipped,293750,,0
nested_sparse,human,956,tipped,306250,,0
nested_sparse,human,956,tipped,318750,,0
nested_sparse,human,956,tipped,331250,,0
nested_sparse,human,956,tipped,343750,,0
nested_sparse,human,956,tipped,356250,,0
nested_sparse,human,956,tipped,368750,,0
nested_sparse,human,956,tipped,381250,,0
nested_sparse,human,956,tipped,393750,,0
nested_sparse,human,956,tipped,406250,,0
nested_sparse,human,956,tipped,418750,,0
nested_sparse,human,956,tipped,431250,,0
nested_sparse,human,956,tipped,443750,,0
nested_sparse,human,956,tipped,456250,,0
nested_sparse,human,956,tipped,468750,,0
nested_sparse,human,956,tipped,481250,,0
nested_sparse,human,956,tipped,493750,,0
nested_sparse,human,957,tipped,6250,0.1111,45
nested_sparse,human,957,tipped,18750,0.0465,43
nested_sparse,human,957,tipped,31250,0.3934,61
nested_sparse,human,957,tipped,43750,0.4194,62
nested_sparse,human,957,tipped,56250,0.3636,55
nested_sparse,human,957,tipped,68750,0.3860,57
nested_sparse,human,957,tipped,81250,0.6197,71
nested_sparse,human,957,tipped,93750,0.4098,61
nested_sparse,human,957,tipped,106250,0.5217,69
nested_sparse,human,957,tipped,118750,0.3273,55
nested_sparse,human,957,tipped,131250,0.4848,66
nested_sparse,human,957,tipped,143750,0.3929,56
nested_sparse,human,957,tipped,156250,0.4516,62
nested_sparse,human,957,tipped,168750,0.4923,65
nested_sparse,human,957,tipped,181250,0.6282,78
nested_sparse,human,957,tipped,193750,0.6133,75
nested_sparse,human,957,tipped,206250,0.6190,63
nested_sparse,human,957,tipped,218750,0.5254,59
nested_sparse,human,957,tipped,231250,0.2000,50
nested_sparse,human,957,tipped,243750,0.6575,73
nested_sparse,human,957,tipped,256250,0.4426,61
nested_sparse,human,957,tipped,268750,0.5909,66
nested_sparse,human,957,tipped,281250,0.3774,53
nested_sparse,human,957,tipped,293750,0.4231,52
nested_sparse,human,957,tipped,306250,0.5000,62
nested_sparse,human,957,tipped,318750,0.2727,55
nested_sparse,human,957,tipped,331250,0.3509,57
nested_sparse,human,957,tipped,343750,0.3269,52
nested_sparse,human,957,tipped,356250,0.3396,53
nested_sparse,human,957,tipped,368750,0.2593,54
nested_sparse,human,957,tipped,381250,0.3929,56
nested_sparse,human,957,tipped,393750,0.3448,58
nested_sparse,human,957,tipped,406250,0.2778,54
nested_sparse,human,957,tipped,418750,0.2292,48
nested_sparse,human,957,tipped,431250,0.5156,64
nested_sparse,human,957,tipped,443750,0.5072,69
nested_sparse,human,957,tipped,456250,0.3860,57
nested_sparse,human,957,tipped,468750,0.3684,57
nested_sparse,human,957,tipped,481250,0.2679,56
nested_sparse,human,957,tipped,493750,0.2000,55
nested_sparse,human,958,tipped,6250,0.1087,46
nested_sparse,human,958,tipped,18750,0.1667,48
nested_sparse,human,958,tipped,31250,0.2083,48
nested_sparse,human,958,tipped,43750,0.4688,64
nested_sparse,human,958,tipped,56250,0.0889,45
nested_sparse,human,958,tipped,68750,0.6216,74
nested_sparse,human,958,tipped,81250,0.5541,74
nested_sparse,human,958,tipped,93750,0.3509,57
nested_sparse,human,958,tipped,106250,0.3968,63
nested_sparse,human,958,tipped,118750,0.3393,56
nested_sparse,human,958,tipped,131250,0.5303,66
nested_sparse,human,958,tipped,143750,0.4219,64
nested_sparse,human,958,tipped,156250,0.5352,71
nested_sparse,human,958,tipped,168750,0.4688,64
nested_sparse,human,958,tipped,181250,0.4821,56
nested_sparse,human,958,tipped,193750,0.5942,69
nested_sparse,human,958,tipped,206250,0.2692,52
nested_sparse,human,958,tipped,218750,0.1489,47
nested_sparse,human,958,tipped,231250,0.3833,60
nested_sparse,human,958,tipped,243750,0.3684,57
nested_sparse,human,958,tipped,256250,0.3393,56
nested_sparse,human,958,tipped,268750,0.2909,55
nested_sparse,human,958,tipped,281250,0.2941,51
nested_sparse,human,958,tipped,293750,0.3390,59
nested_sparse,human,958,tipped,306250,0.4500,60
nested_sparse,human,958,tipped,318750,0.3019,53
nested_sparse,human,958,tipped,331250,0.1800,50
nested_sparse,human,958,tipped,343750,0.0851,47
nested_sparse,human,958,tipped,356250,0.3684,57
nested_sparse,human,958,tipped,368750,0.1522,46
nested_sparse,human,958,tipped,381250,0.4194,62
nested_sparse,human,958,tipped,393750,0.6486,74
nested_sparse,human,958,tipped,406250,0.5362,69
nested_sparse,human,958,tipped,418750,0.1111,45
nested_sparse,human,958,tipped,431250,0.5303,66
nested_sparse,human,958,tipped,443750,0.4531,64
nested_sparse,human,958,tipped,456250,0.6111,72
nested_sparse,human,958,tipped,468750,0.2885,52
nested_sparse,human,958,tipped,481250,0.4062,64
nested_sparse,human,958,tipped,493750,0.2963,54
nested_sparse,machine,975,tipped,6250,0.1087,46
nested_sparse,machine,975,tipped,18750,0.2000,50
nested_sparse,machine,975,tipped,31250,0.4219,64
nested_sparse,machine,975,tipped,43750,0.2963,54
nested_sparse,machine,975,tipped,56250,0.4714,70
nested_sparse,machine,975,tipped,68750,0.6203,79
nested_sparse,machine,975,tipped,81250,0.6053,76
nested_sparse,machine,975,tipped,93750,0.3137,51
nested_sparse,machine,975,tipped,106250,0.5441,68
nested_sparse,machine,975,tipped,118750,0.3710,62
nested_sparse,machine,975,tipped,131250,0.3455,55
nested_sparse,machine,975,tipped,143750,0.4754,61
nested_sparse,machine,975,tipped,156250,0.5082,61
nested_sparse,machine,975,tipped,168750,0.3333,54
nested_sparse,machine,975,tipped,181250,0.4737,57
nested_sparse,machine,975,tipped,193750,0.4677,62
nested_sparse,machine,975,tipped,206250,0.6000,70
nested_sparse,machine,975,tipped,218750,0.5806,62
nested_sparse,machine,975,tipped,231250,0.2353,51
nested_sparse,machine,975,tipped,243750,0.3519,54
nested_sparse,machine,975,tipped,256250,,0
nested_sparse,machine,975,tipped,268750,,0
nested_sparse,machine,975,tipped,281250,,0
nested_sparse,machine,975,tipped,293750,,0
nested_sparse,machine,975,tipped,306250,,0
nested_sparse,machine,975,tipped,318750,,0
nested_sparse,machine,975,tipped,331250,,0
nested_sparse,machine,975,tipped,343750,,0
nested_sparse,machine,975,tipped,356250,,0
nested_sparse,machine,975,tipped,368750,,0
nested_sparse,machine,975,tipped,381250,,0
nested_sparse,machine,975,tipped,393750,,0
nested_sparse,machine,975,tipped,406250,,0
nested_sparse,machine,975,tipped,418750,,0
nested_sparse,machine,975,tipped,431250,,0
nested_sparse,machine,975,tipped,443750,,0
nested_sparse,machine,975,tipped,456250,,0
nested_sparse,machine,975,tipped,468750,,0
nested_sparse,machine,975,tipped,481250,,0
nested_sparse,machine,975,tipped,493750,,0
nested_sparse,machine,976,tipped,6250,0.1667,48
nested_sparse,machine,976,tipped,18750,0.2642,53
nested_sparse,machine,976,tipped,31250,0.2549,51
nested_sparse,machine,976,tipped,43750,0.3273,55
nested_sparse,machine,976,tipped,56250,0.3390,59
nested_sparse,machine,976,tipped,68750,0.4857,70
nested_sparse,machine,976,tipped,81250,0.2745,51
nested_sparse,machine,976,tipped,93750,0.4848,66
nested_sparse,machine,976,tipped,106250,0.5753,73
nested_sparse,machine,976,tipped,118750,0.5738,61
nested_sparse,machine,976,tipped,131250,0.5441,68
nested_sparse,machine,976,tipped,143750,0.3333,54
nested_sparse,machine,976,tipped,156250,0.2941,51
nested_sparse,machine,976,tipped,168750,0.4000,55
nested_sparse,machine,976,tipped,181250,0.2400,50
nested_sparse,machine,976,tipped,193750,0.3519,54
nested_sparse,machine,976,tipped,206250,0.6667,69
nested_sparse,machine,976,tipped,218750,0.3818,55
nested_sparse,machine,976,tipped,231250,0.4107,56
nested_sparse,machine,976,tipped,243750,0.6782,87
nested_sparse,machine,976,tipped,256250,,0
nested_sparse,machine,976,tipped,268750,,0
nested_sparse,machine,976,tipped,281250,,0
nested_sparse,machine,976,tipped,293750,,0
nested_sparse,machine,976,tipped,306250,,0
nested_sparse,machine,976,tipped,318750,,0
nested_sparse,machine,976,tipped,331250,,0
nested_sparse,machine,976,tipped,343750,,0
nested_sparse,machine,976,tipped,356250,,0
nested_sparse,machine,976,tipped,368750,,0
nested_sparse,machine,976,tipped,381250,,0
nested_sparse,machine,976,tipped,393750,,0
nested_sparse,machine,976,tipped,406250,,0
nested_sparse,machine,976,tipped,418750,,0
nested_sparse,machine,976,tipped,431250,,0
nested_sparse,machine,976,tipped,443750,,0
nested_sparse,machine,976,tipped,456250,,0
nested_sparse,machine,976,tipped,468750,,0
nested_sparse,machine,976,tipped,481250,,0
nested_sparse,machine,976,tipped,493750,,0
nested_sparse,machine,977,tipped,6250,0.0952,42
nested_sparse,machine,977,tipped,18750,0.2982,57
nested_sparse,machine,977,tipped,31250,0.4516,62
nested_sparse,machine,977,tipped,43750,0.5000,64
nested_sparse,machine,977,tipped,56250,0.5789,76
nested_sparse,machine,977,tipped,68750,0.4516,62
nested_sparse,machine,977,tipped,81250,0.5789,76
nested_sparse,machine,977,tipped,93750,0.4762,63
nested_sparse,machine,977,tipped,106250,0.5921,76
nested_sparse,machine,977,tipped,118750,0.4035,57
nested_sparse,machine,977,tipped,131250,0.3889,54
nested_sparse,machine,977,tipped,143750,0.6438,73
nested_sparse,machine,977,tipped,156250,0.6377,69
nested_sparse,machine,977,tipped,168750,0.1522,46
nested_sparse,machine,977,tipped,181250,0.5753,73
nested_sparse,machine,977,tipped,193750,0.5556,72
nested_sparse,machine,977,tipped,206250,0.5972,72
nested_sparse,machine,977,tipped,218750,0.6027,73
nested_sparse,machine,977,tipped,231250,0.4576,59
nested_sparse,machine,977,tipped,243750,0.3273,55
nested_sparse,machine,977,tipped,256250,0.3833,60
nested_sparse,machine,977,tipped,268750,0.5000,64
nested_sparse,machine,977,tipped,281250,0.2642,53
nested_sparse,machine,977,tipped,293750,0.3333,57
nested_sparse,machine,977,tipped,306250,0.0465,43
nested_sparse,machine,977,tipped,318750,0.0667,45
nested_sparse,machine,977,tipped,331250,0.2885,52
nested_sparse,machine,977,tipped,343750,0.4590,61
nested_sparse,machine,977,tipped,356250,0.3750,56
nested_sparse,machine,977,tipped,368750,0.4407,59
nested_sparse,machine,977,tipped,381250,0.3509,57
nested_sparse,machine,977,tipped,393750,0.4032,62
nested_sparse,machine,977,tipped,406250,0.1304,46
nested_sparse,machine,977,tipped,418750,0.0465,43
nested_sparse,machine,977,tipped,431250,0.2830,53
nested_sparse,machine,977,tipped,443750,0.4219,64
nested_sparse,machine,977,tipped,456250,0.0909,44
nested_sparse,machine,977,tipped,468750,0.0667,45
nested_sparse,machine,977,tipped,481250,0.3390,59
nested_sparse,machine,977,tipped,493750,0.2308,52
nested_sparse,machine,978,tipped,6250,0.1304,46
nested_sparse,machine,978,tipped,18750,0.1489,47
nested_sparse,machine,978,tipped,31250,0.4545,66
nested_sparse,machine,978,tipped,43750,0.4167,60
nested_sparse,machine,978,tipped,56250,0.2453,53
nested_sparse,machine,978,tipped,68750,0.3448,58
nested_sparse,machine,978,tipped,81250,0.3898,59
nested_sparse,machine,978,tipped,93750,0.4590,61
nested_sparse,machine,978,tipped,106250,0.5238,63
nested_sparse,machine,978,tipped,118750,0.4407,59
nested_sparse,machine,978,tipped,131250,0.4783,69
nested_sparse,machine,978,tipped,143750,0.2353,51
nested_sparse,machine,978,tipped,156250,0.3793,58
nested_sparse,machine,978,tipped,168750,0.3750,56
nested_sparse,machine,978,tipped,181250,0.3077,52
nested_sparse,machine,978,tipped,193750,0.3585,53
nested_sparse,machine,978,tipped,206250,0.4035,57
nested_sparse,machine,978,tipped,218750,0.4355,62
nested_sparse,machine,978,tipped,231250,0.5172,58
nested_sparse,machine,978,tipped,243750,0.2830,53
nested_sparse,machine,978,tipped,256250,0.2500,52
nested_sparse,machine,978,tipped,268750,0.4098,61
nested_sparse,machine,978,tipped,281250,0.3333,51
nested_sparse,machine,978,tipped,293750,0.3898,59
nested_sparse,machine,978,tipped,306250,0.3455,55
nested_sparse,machine,978,tipped,318750,0.3077,52
nested_sparse,machine,978,tipped,331250,0.4035,57
nested_sparse,machine,978,tipped,343750,0.3269,52
nested_sparse,machine,978,tipped,356250,0.3966,58
nested_sparse,machine,978,tipped,368750,0.2400,50
nested_sparse,machine,978,tipped,381250,0.2692,52
nested_sparse,machine,978,tipped,393750,0.4500,60
nested_sparse,machine,978,tipped,406250,0.1458,48
nested_sparse,machine,978,tipped,418750,0.0889,45
nested_sparse,machine,978,tipped,431250,0.1765,51
nested_sparse,machine,978,tipped,443750,0.1731,52
nested_sparse,machine,978,tipped,456250,0.2245,49
nested_sparse,machine,978,tipped,468750,0.3519,54
nested_sparse,machine,978,tipped,481250,0.3818,55
nested_sparse,machine,978,tipped,493750,0.5522,67
nested_sparse10,human,957,picked,6250,0.0000,47
nested_sparse10,human,957,picked,18750,0.0200,50
nested_sparse10,human,957,picked,31250,0.1622,74
nested_sparse10,human,957,picked,43750,0.3509,57
nested_sparse10,human,957,picked,56250,0.4375,64
nested_sparse10,human,957,picked,68750,0.6892,74
nested_sparse10,human,957,picked,81250,0.6250,56
nested_sparse10,human,957,picked,93750,0.6308,65
nested_sparse10,human,957,picked,106250,0.5690,58
nested_sparse10,human,957,picked,118750,0.6102,59
nested_sparse10,human,957,picked,131250,0.4815,54
nested_sparse10,human,957,picked,143750,0.5789,57
nested_sparse10,human,957,picked,156250,0.3469,49
nested_sparse10,human,957,picked,168750,0.5238,63
nested_sparse10,human,957,picked,181250,0.7273,55
nested_sparse10,human,957,picked,193750,0.7037,54
nested_sparse10,human,957,picked,206250,0.8302,53
nested_sparse10,human,957,picked,218750,0.6545,55
nested_sparse10,human,957,picked,231250,0.7407,54
nested_sparse10,human,957,picked,243750,0.5614,57
nested_sparse10,human,957,picked,256250,0.8235,51
nested_sparse10,human,957,picked,268750,0.8421,57
nested_sparse10,human,957,picked,281250,0.8085,47
nested_sparse10,human,957,picked,293750,0.7857,70
nested_sparse10,human,957,picked,306250,0.9412,51
nested_sparse10,human,957,picked,318750,0.5833,60
nested_sparse10,human,957,picked,331250,0.6346,52
nested_sparse10,human,957,picked,343750,0.6667,48
nested_sparse10,human,957,picked,356250,0.8033,61
nested_sparse10,human,957,picked,368750,0.9348,46
nested_sparse10,human,957,picked,381250,0.9348,46
nested_sparse10,human,957,picked,393750,0.6047,86
nested_sparse10,human,957,picked,406250,0.8235,68
nested_sparse10,human,957,picked,418750,0.3962,53
nested_sparse10,human,957,picked,431250,0.6481,54
nested_sparse10,human,957,picked,443750,0.4000,60
nested_sparse10,human,957,picked,456250,0.2979,47
nested_sparse10,human,957,picked,468750,0.5079,63
nested_sparse10,human,957,picked,481250,0.5818,55
nested_sparse10,human,957,picked,493750,0.6567,67
nested_sparse10,human,958,picked,6250,0.0000,46
nested_sparse10,human,958,picked,18750,0.0400,50
nested_sparse10,human,958,picked,31250,0.1212,66
nested_sparse10,human,958,picked,43750,0.3210,81
nested_sparse10,human,958,picked,56250,0.3833,60
nested_sparse10,human,958,picked,68750,0.6522,69
nested_sparse10,human,958,picked,81250,0.5000,52
nested_sparse10,human,958,picked,93750,0.6034,58
nested_sparse10,human,958,picked,106250,0.5738,61
nested_sparse10,human,958,picked,118750,0.7288,59
nested_sparse10,human,958,picked,131250,0.7619,63
nested_sparse10,human,958,picked,143750,0.8772,57
nested_sparse10,human,958,picked,156250,0.4545,55
nested_sparse10,human,958,picked,168750,0.5965,57
nested_sparse10,human,958,picked,181250,0.7551,49
nested_sparse10,human,958,picked,193750,0.6800,50
nested_sparse10,human,958,picked,206250,0.5111,45
nested_sparse10,human,958,picked,218750,0.5818,55
nested_sparse10,human,958,picked,231250,0.8696,46
nested_sparse10,human,958,picked,243750,0.6452,62
nested_sparse10,human,958,picked,256250,0.7818,55
nested_sparse10,human,958,picked,268750,0.6957,46
nested_sparse10,human,958,picked,281250,0.8085,47
nested_sparse10,human,958,picked,293750,0.8909,55
nested_sparse10,human,958,picked,306250,0.8000,70
nested_sparse10,human,958,picked,318750,0.9649,57
nested_sparse10,human,958,picked,331250,0.9149,47
nested_sparse10,human,958,picked,343750,0.6512,43
nested_sparse10,human,958,picked,356250,0.7119,59
nested_sparse10,human,958,picked,368750,0.7500,48
nested_sparse10,human,958,picked,381250,0.9318,44
nested_sparse10,human,958,picked,393750,0.7907,43
nested_sparse10,human,958,picked,406250,0.6250,48
nested_sparse10,human,958,picked,418750,0.7755,49
nested_sparse10,human,958,picked,431250,0.6531,49
nested_sparse10,human,958,picked,443750,0.7759,58
nested_sparse10,human,958,picked,456250,0.4528,53
nested_sparse10,human,958,picked,468750,0.4667,90
nested_sparse10,human,958,picked,481250,0.6000,100
nested_sparse10,human,958,picked,493750,0.6889,90
nested_sparse10,machine,977,picked,6250,0.0000,44
nested_sparse10,machine,977,picked,18750,0.0577,52
nested_sparse10,machine,977,picked,31250,0.0732,82
nested_sparse10,machine,977,picked,43750,0.1053,57
nested_sparse10,machine,977,picked,56250,0.1406,64
nested_sparse10,machine,977,picked,68750,0.2174,69
nested_sparse10,machine,977,picked,81250,0.1692,65
nested_sparse10,machine,977,picked,93750,0.3448,58
nested_sparse10,machine,977,picked,106250,0.1695,59
nested_sparse10,machine,977,picked,118750,0.2941,68
nested_sparse10,machine,977,picked,131250,0.3333,54
nested_sparse10,machine,977,picked,143750,0.4182,55
nested_sparse10,machine,977,picked,156250,0.6267,75
nested_sparse10,machine,977,picked,168750,0.7059,68
nested_sparse10,machine,977,picked,181250,0.6724,58
nested_sparse10,machine,977,picked,193750,0.4603,63
nested_sparse10,machine,977,picked,206250,0.4744,78
nested_sparse10,machine,977,picked,218750,0.4310,58
nested_sparse10,machine,977,picked,231250,0.2800,50
nested_sparse10,machine,977,picked,243750,0.2903,62
nested_sparse10,machine,977,picked,256250,0.5147,68
nested_sparse10,machine,977,picked,268750,0.5079,63
nested_sparse10,machine,977,picked,281250,0.4727,55
nested_sparse10,machine,977,picked,293750,0.2115,52
nested_sparse10,machine,977,picked,306250,0.3226,62
nested_sparse10,machine,977,picked,318750,0.4262,61
nested_sparse10,machine,977,picked,331250,0.6716,67
nested_sparse10,machine,977,picked,343750,0.4590,61
nested_sparse10,machine,977,picked,356250,0.5263,57
nested_sparse10,machine,977,picked,368750,0.6066,61
nested_sparse10,machine,977,picked,381250,0.0741,54
nested_sparse10,machine,977,picked,393750,0.2947,95
nested_sparse10,machine,977,picked,406250,0.4588,85
nested_sparse10,machine,977,picked,418750,0.4507,71
nested_sparse10,machine,977,picked,431250,0.4675,77
nested_sparse10,machine,977,picked,443750,0.5063,79
nested_sparse10,machine,977,picked,456250,0.3030,66
nested_sparse10,machine,977,picked,468750,0.5974,77
nested_sparse10,machine,977,picked,481250,0.3438,64
nested_sparse10,machine,977,picked,493750,0.3378,74
nested_sparse10,machine,978,picked,6250,0.0408,49
nested_sparse10,machine,978,picked,18750,0.1212,66
nested_sparse10,machine,978,picked,31250,0.1039,77
nested_sparse10,machine,978,picked,43750,0.1974,76
nested_sparse10,machine,978,picked,56250,0.1094,64
nested_sparse10,machine,978,picked,68750,0.2308,78
nested_sparse10,machine,978,picked,81250,0.4062,64
nested_sparse10,machine,978,picked,93750,0.2687,67
nested_sparse10,machine,978,picked,106250,0.4026,77
nested_sparse10,machine,978,picked,118750,0.4737,57
nested_sparse10,machine,978,picked,131250,0.5077,65
nested_sparse10,machine,978,picked,143750,0.4717,53
nested_sparse10,machine,978,picked,156250,0.5179,56
nested_sparse10,machine,978,picked,168750,0.7241,58
nested_sparse10,machine,978,picked,181250,0.6167,60
nested_sparse10,machine,978,picked,193750,0.7460,63
nested_sparse10,machine,978,picked,206250,0.6667,51
nested_sparse10,machine,978,picked,218750,0.6500,60
nested_sparse10,machine,978,picked,231250,0.8478,46
nested_sparse10,machine,978,picked,243750,0.6182,55
nested_sparse10,machine,978,picked,256250,0.6731,52
nested_sparse10,machine,978,picked,268750,0.6226,53
nested_sparse10,machine,978,picked,281250,0.6296,54
nested_sparse10,machine,978,picked,293750,0.3273,55
nested_sparse10,machine,978,picked,306250,0.4516,62
nested_sparse10,machine,978,picked,318750,0.5395,76
nested_sparse10,machine,978,picked,331250,0.1509,53
nested_sparse10,machine,978,picked,343750,0.0959,73
nested_sparse10,machine,978,picked,356250,0.0625,64
nested_sparse10,machine,978,picked,368750,0.0000,54
nested_sparse10,machine,978,picked,381250,0.1346,52
nested_sparse10,machine,978,picked,393750,0.3492,63
nested_sparse10,machine,978,picked,406250,0.5333,60
nested_sparse10,machine,978,picked,418750,0.5500,60
nested_sparse10,machine,978,picked,431250,0.1194,67
nested_sparse10,machine,978,picked,443750,0.3462,52
nested_sparse10,machine,978,picked,456250,0.6458,48
nested_sparse10,machine,978,picked,468750,0.5000,70
nested_sparse10,machine,978,picked,481250,0.3770,61
nested_sparse10,machine,978,picked,493750,0.1964,56
nested_sparse10,human,957,placed_v2,6250,0.0000,47
nested_sparse10,human,957,placed_v2,18750,0.0000,50
nested_sparse10,human,957,placed_v2,31250,0.0000,74
nested_sparse10,human,957,placed_v2,43750,0.0351,57
nested_sparse10,human,957,placed_v2,56250,0.0312,64
nested_sparse10,human,957,placed_v2,68750,0.2162,74
nested_sparse10,human,957,placed_v2,81250,0.1964,56
nested_sparse10,human,957,placed_v2,93750,0.2462,65
nested_sparse10,human,957,placed_v2,106250,0.3448,58
nested_sparse10,human,957,placed_v2,118750,0.3051,59
nested_sparse10,human,957,placed_v2,131250,0.1852,54
nested_sparse10,human,957,placed_v2,143750,0.3158,57
nested_sparse10,human,957,placed_v2,156250,0.2245,49
nested_sparse10,human,957,placed_v2,168750,0.2540,63
nested_sparse10,human,957,placed_v2,181250,0.3273,55
nested_sparse10,human,957,placed_v2,193750,0.5370,54
nested_sparse10,human,957,placed_v2,206250,0.6792,53
nested_sparse10,human,957,placed_v2,218750,0.3091,55
nested_sparse10,human,957,placed_v2,231250,0.5000,54
nested_sparse10,human,957,placed_v2,243750,0.2105,57
nested_sparse10,human,957,placed_v2,256250,0.5882,51
nested_sparse10,human,957,placed_v2,268750,0.7193,57
nested_sparse10,human,957,placed_v2,281250,0.7234,47
nested_sparse10,human,957,placed_v2,293750,0.3286,70
nested_sparse10,human,957,placed_v2,306250,0.7647,51
nested_sparse10,human,957,placed_v2,318750,0.3000,60
nested_sparse10,human,957,placed_v2,331250,0.3654,52
nested_sparse10,human,957,placed_v2,343750,0.3333,48
nested_sparse10,human,957,placed_v2,356250,0.5738,61
nested_sparse10,human,957,placed_v2,368750,0.8261,46
nested_sparse10,human,957,placed_v2,381250,0.8043,46
nested_sparse10,human,957,placed_v2,393750,0.1744,86
nested_sparse10,human,957,placed_v2,406250,0.2500,68
nested_sparse10,human,957,placed_v2,418750,0.0755,53
nested_sparse10,human,957,placed_v2,431250,0.1296,54
nested_sparse10,human,957,placed_v2,443750,0.1333,60
nested_sparse10,human,957,placed_v2,456250,0.0851,47
nested_sparse10,human,957,placed_v2,468750,0.0317,63
nested_sparse10,human,957,placed_v2,481250,0.3091,55
nested_sparse10,human,957,placed_v2,493750,0.4179,67
nested_sparse10,human,958,placed_v2,6250,0.0000,46
nested_sparse10,human,958,placed_v2,18750,0.0200,50
nested_sparse10,human,958,placed_v2,31250,0.0000,66
nested_sparse10,human,958,placed_v2,43750,0.0247,81
nested_sparse10,human,958,placed_v2,56250,0.1000,60
nested_sparse10,human,958,placed_v2,68750,0.3188,69
nested_sparse10,human,958,placed_v2,81250,0.3462,52
nested_sparse10,human,958,placed_v2,93750,0.2069,58
nested_sparse10,human,958,placed_v2,106250,0.3607,61
nested_sparse10,human,958,placed_v2,118750,0.3729,59
nested_sparse10,human,958,placed_v2,131250,0.4921,63
nested_sparse10,human,958,placed_v2,143750,0.4035,57
nested_sparse10,human,958,placed_v2,156250,0.2000,55
nested_sparse10,human,958,placed_v2,168750,0.5088,57
nested_sparse10,human,958,placed_v2,181250,0.6327,49
nested_sparse10,human,958,placed_v2,193750,0.4400,50
nested_sparse10,human,958,placed_v2,206250,0.3778,45
nested_sparse10,human,958,placed_v2,218750,0.3273,55
nested_sparse10,human,958,placed_v2,231250,0.8478,46
nested_sparse10,human,958,placed_v2,243750,0.2097,62
nested_sparse10,human,958,placed_v2,256250,0.5273,55
nested_sparse10,human,958,placed_v2,268750,0.6739,46
nested_sparse10,human,958,placed_v2,281250,0.7660,47
nested_sparse10,human,958,placed_v2,293750,0.5273,55
nested_sparse10,human,958,placed_v2,306250,0.1714,70
nested_sparse10,human,958,placed_v2,318750,0.4561,57
nested_sparse10,human,958,placed_v2,331250,0.8085,47
nested_sparse10,human,958,placed_v2,343750,0.6512,43
nested_sparse10,human,958,placed_v2,356250,0.4576,59
nested_sparse10,human,958,placed_v2,368750,0.6250,48
nested_sparse10,human,958,placed_v2,381250,0.9318,44
nested_sparse10,human,958,placed_v2,393750,0.7209,43
nested_sparse10,human,958,placed_v2,406250,0.4583,48
nested_sparse10,human,958,placed_v2,418750,0.7143,49
nested_sparse10,human,958,placed_v2,431250,0.2245,49
nested_sparse10,human,958,placed_v2,443750,0.2759,58
nested_sparse10,human,958,placed_v2,456250,0.0566,53
nested_sparse10,human,958,placed_v2,468750,0.0222,90
nested_sparse10,human,958,placed_v2,481250,0.2400,100
nested_sparse10,human,958,placed_v2,493750,0.2222,90
nested_sparse10,machine,977,placed_v2,6250,0.0000,44
nested_sparse10,machine,977,placed_v2,18750,0.0000,52
nested_sparse10,machine,977,placed_v2,31250,0.0000,82
nested_sparse10,machine,977,placed_v2,43750,0.0000,57
nested_sparse10,machine,977,placed_v2,56250,0.0000,64
nested_sparse10,machine,977,placed_v2,68750,0.0000,69
nested_sparse10,machine,977,placed_v2,81250,0.0154,65
nested_sparse10,machine,977,placed_v2,93750,0.0517,58
nested_sparse10,machine,977,placed_v2,106250,0.0169,59
nested_sparse10,machine,977,placed_v2,118750,0.0294,68
nested_sparse10,machine,977,placed_v2,131250,0.0741,54
nested_sparse10,machine,977,placed_v2,143750,0.1091,55
nested_sparse10,machine,977,placed_v2,156250,0.0533,75
nested_sparse10,machine,977,placed_v2,168750,0.3382,68
nested_sparse10,machine,977,placed_v2,181250,0.1552,58
nested_sparse10,machine,977,placed_v2,193750,0.0635,63
nested_sparse10,machine,977,placed_v2,206250,0.0769,78
nested_sparse10,machine,977,placed_v2,218750,0.2069,58
nested_sparse10,machine,977,placed_v2,231250,0.0600,50
nested_sparse10,machine,977,placed_v2,243750,0.0968,62
nested_sparse10,machine,977,placed_v2,256250,0.1176,68
nested_sparse10,machine,977,placed_v2,268750,0.1111,63
nested_sparse10,machine,977,placed_v2,281250,0.1273,55
nested_sparse10,machine,977,placed_v2,293750,0.0385,52
nested_sparse10,machine,977,placed_v2,306250,0.0484,62
nested_sparse10,machine,977,placed_v2,318750,0.0820,61
nested_sparse10,machine,977,placed_v2,331250,0.1343,67
nested_sparse10,machine,977,placed_v2,343750,0.1148,61
nested_sparse10,machine,977,placed_v2,356250,0.0702,57
nested_sparse10,machine,977,placed_v2,368750,0.0984,61
nested_sparse10,machine,977,placed_v2,381250,0.0000,54
nested_sparse10,machine,977,placed_v2,393750,0.0737,95
nested_sparse10,machine,977,placed_v2,406250,0.0471,85
nested_sparse10,machine,977,placed_v2,418750,0.0563,71
nested_sparse10,machine,977,placed_v2,431250,0.1039,77
nested_sparse10,machine,977,placed_v2,443750,0.0759,79
nested_sparse10,machine,977,placed_v2,456250,0.0152,66
nested_sparse10,machine,977,placed_v2,468750,0.1429,77
nested_sparse10,machine,977,placed_v2,481250,0.0625,64
nested_sparse10,machine,977,placed_v2,493750,0.0270,74
nested_sparse10,machine,978,placed_v2,6250,0.0000,49
nested_sparse10,machine,978,placed_v2,18750,0.0000,66
nested_sparse10,machine,978,placed_v2,31250,0.0000,77
nested_sparse10,machine,978,placed_v2,43750,0.0263,76
nested_sparse10,machine,978,placed_v2,56250,0.0000,64
nested_sparse10,machine,978,placed_v2,68750,0.0000,78
nested_sparse10,machine,978,placed_v2,81250,0.0469,64
nested_sparse10,machine,978,placed_v2,93750,0.0448,67
nested_sparse10,machine,978,placed_v2,106250,0.1299,77
nested_sparse10,machine,978,placed_v2,118750,0.1579,57
nested_sparse10,machine,978,placed_v2,131250,0.2615,65
nested_sparse10,machine,978,placed_v2,143750,0.3019,53
nested_sparse10,machine,978,placed_v2,156250,0.3036,56
nested_sparse10,machine,978,placed_v2,168750,0.3966,58
nested_sparse10,machine,978,placed_v2,181250,0.2500,60
nested_sparse10,machine,978,placed_v2,193750,0.1270,63
nested_sparse10,machine,978,placed_v2,206250,0.2549,51
nested_sparse10,machine,978,placed_v2,218750,0.3000,60
nested_sparse10,machine,978,placed_v2,231250,0.5870,46
nested_sparse10,machine,978,placed_v2,243750,0.4364,55
nested_sparse10,machine,978,placed_v2,256250,0.3077,52
nested_sparse10,machine,978,placed_v2,268750,0.1887,53
nested_sparse10,machine,978,placed_v2,281250,0.2778,54
nested_sparse10,machine,978,placed_v2,293750,0.0364,55
nested_sparse10,machine,978,placed_v2,306250,0.1129,62
nested_sparse10,machine,978,placed_v2,318750,0.1447,76
nested_sparse10,machine,978,placed_v2,331250,0.0566,53
nested_sparse10,machine,978,placed_v2,343750,0.0137,73
nested_sparse10,machine,978,placed_v2,356250,0.0156,64
nested_sparse10,machine,978,placed_v2,368750,0.0000,54
nested_sparse10,machine,978,placed_v2,381250,0.0192,52
nested_sparse10,machine,978,placed_v2,393750,0.0794,63
nested_sparse10,machine,978,placed_v2,406250,0.1333,60
nested_sparse10,machine,978,placed_v2,418750,0.1833,60
nested_sparse10,machine,978,placed_v2,431250,0.0149,67
nested_sparse10,machine,978,placed_v2,443750,0.1346,52
nested_sparse10,machine,978,placed_v2,456250,0.3750,48
nested_sparse10,machine,978,placed_v2,468750,0.0714,70
nested_sparse10,machine,978,placed_v2,481250,0.1311,61
nested_sparse10,machine,978,placed_v2,493750,0.0714,56
nested_sparse10,human,957,nested_v2,6250,0.0000,47
nested_sparse10,human,957,nested_v2,18750,0.0000,50
nested_sparse10,human,957,nested_v2,31250,0.0000,74
nested_sparse10,human,957,nested_v2,43750,0.0000,57
nested_sparse10,human,957,nested_v2,56250,0.0000,64
nested_sparse10,human,957,nested_v2,68750,0.0676,74
nested_sparse10,human,957,nested_v2,81250,0.0357,56
nested_sparse10,human,957,nested_v2,93750,0.0462,65
nested_sparse10,human,957,nested_v2,106250,0.1034,58
nested_sparse10,human,957,nested_v2,118750,0.0847,59
nested_sparse10,human,957,nested_v2,131250,0.0370,54
nested_sparse10,human,957,nested_v2,143750,0.1228,57
nested_sparse10,human,957,nested_v2,156250,0.0000,49
nested_sparse10,human,957,nested_v2,168750,0.0000,63
nested_sparse10,human,957,nested_v2,181250,0.0182,55
nested_sparse10,human,957,nested_v2,193750,0.1296,54
nested_sparse10,human,957,nested_v2,206250,0.0755,53
nested_sparse10,human,957,nested_v2,218750,0.1091,55
nested_sparse10,human,957,nested_v2,231250,0.2593,54
nested_sparse10,human,957,nested_v2,243750,0.0877,57
nested_sparse10,human,957,nested_v2,256250,0.1176,51
nested_sparse10,human,957,nested_v2,268750,0.0526,57
nested_sparse10,human,957,nested_v2,281250,0.2128,47
nested_sparse10,human,957,nested_v2,293750,0.0429,70
nested_sparse10,human,957,nested_v2,306250,0.0980,51
nested_sparse10,human,957,nested_v2,318750,0.0000,60
nested_sparse10,human,957,nested_v2,331250,0.0192,52
nested_sparse10,human,957,nested_v2,343750,0.0625,48
nested_sparse10,human,957,nested_v2,356250,0.1311,61
nested_sparse10,human,957,nested_v2,368750,0.1957,46
nested_sparse10,human,957,nested_v2,381250,0.3913,46
nested_sparse10,human,957,nested_v2,393750,0.0698,86
nested_sparse10,human,957,nested_v2,406250,0.0294,68
nested_sparse10,human,957,nested_v2,418750,0.0000,53
nested_sparse10,human,957,nested_v2,431250,0.0000,54
nested_sparse10,human,957,nested_v2,443750,0.0000,60
nested_sparse10,human,957,nested_v2,456250,0.0426,47
nested_sparse10,human,957,nested_v2,468750,0.0000,63
nested_sparse10,human,957,nested_v2,481250,0.0000,55
nested_sparse10,human,957,nested_v2,493750,0.0299,67
nested_sparse10,human,958,nested_v2,6250,0.0000,46
nested_sparse10,human,958,nested_v2,18750,0.0000,50
nested_sparse10,human,958,nested_v2,31250,0.0000,66
nested_sparse10,human,958,nested_v2,43750,0.0000,81
nested_sparse10,human,958,nested_v2,56250,0.0333,60
nested_sparse10,human,958,nested_v2,68750,0.0435,69
nested_sparse10,human,958,nested_v2,81250,0.0962,52
nested_sparse10,human,958,nested_v2,93750,0.0517,58
nested_sparse10,human,958,nested_v2,106250,0.0820,61
nested_sparse10,human,958,nested_v2,118750,0.1186,59
nested_sparse10,human,958,nested_v2,131250,0.1746,63
nested_sparse10,human,958,nested_v2,143750,0.0702,57
nested_sparse10,human,958,nested_v2,156250,0.0364,55
nested_sparse10,human,958,nested_v2,168750,0.0526,57
nested_sparse10,human,958,nested_v2,181250,0.1020,49
nested_sparse10,human,958,nested_v2,193750,0.0200,50
nested_sparse10,human,958,nested_v2,206250,0.0000,45
nested_sparse10,human,958,nested_v2,218750,0.0000,55
nested_sparse10,human,958,nested_v2,231250,0.0435,46
nested_sparse10,human,958,nested_v2,243750,0.0000,62
nested_sparse10,human,958,nested_v2,256250,0.1636,55
nested_sparse10,human,958,nested_v2,268750,0.0652,46
nested_sparse10,human,958,nested_v2,281250,0.0000,47
nested_sparse10,human,958,nested_v2,293750,0.0364,55
nested_sparse10,human,958,nested_v2,306250,0.0286,70
nested_sparse10,human,958,nested_v2,318750,0.0351,57
nested_sparse10,human,958,nested_v2,331250,0.0638,47
nested_sparse10,human,958,nested_v2,343750,0.0233,43
nested_sparse10,human,958,nested_v2,356250,0.0169,59
nested_sparse10,human,958,nested_v2,368750,0.0833,48
nested_sparse10,human,958,nested_v2,381250,0.0455,44
nested_sparse10,human,958,nested_v2,393750,0.0465,43
nested_sparse10,human,958,nested_v2,406250,0.0000,48
nested_sparse10,human,958,nested_v2,418750,0.0000,49
nested_sparse10,human,958,nested_v2,431250,0.0000,49
nested_sparse10,human,958,nested_v2,443750,0.0172,58
nested_sparse10,human,958,nested_v2,456250,0.0189,53
nested_sparse10,human,958,nested_v2,468750,0.0000,90
nested_sparse10,human,958,nested_v2,481250,0.0400,100
nested_sparse10,human,958,nested_v2,493750,0.0222,90
nested_sparse10,machine,977,nested_v2,6250,0.0000,44
nested_sparse10,machine,977,nested_v2,18750,0.0000,52
nested_sparse10,machine,977,nested_v2,31250,0.0000,82
nested_sparse10,machine,977,nested_v2,43750,0.0000,57
nested_sparse10,machine,977,nested_v2,56250,0.0000,64
nested_sparse10,machine,977,nested_v2,68750,0.0000,69
nested_sparse10,machine,977,nested_v2,81250,0.0000,65
nested_sparse10,machine,977,nested_v2,93750,0.0000,58
nested_sparse10,machine,977,nested_v2,106250,0.0000,59
nested_sparse10,machine,977,nested_v2,118750,0.0000,68
nested_sparse10,machine,977,nested_v2,131250,0.0000,54
nested_sparse10,machine,977,nested_v2,143750,0.0000,55
nested_sparse10,machine,977,nested_v2,156250,0.0000,75
nested_sparse10,machine,977,nested_v2,168750,0.0735,68
nested_sparse10,machine,977,nested_v2,181250,0.0000,58
nested_sparse10,machine,977,nested_v2,193750,0.0000,63
nested_sparse10,machine,977,nested_v2,206250,0.0000,78
nested_sparse10,machine,977,nested_v2,218750,0.0345,58
nested_sparse10,machine,977,nested_v2,231250,0.0200,50
nested_sparse10,machine,977,nested_v2,243750,0.0484,62
nested_sparse10,machine,977,nested_v2,256250,0.0147,68
nested_sparse10,machine,977,nested_v2,268750,0.0000,63
nested_sparse10,machine,977,nested_v2,281250,0.0182,55
nested_sparse10,machine,977,nested_v2,293750,0.0000,52
nested_sparse10,machine,977,nested_v2,306250,0.0161,62
nested_sparse10,machine,977,nested_v2,318750,0.0164,61
nested_sparse10,machine,977,nested_v2,331250,0.0000,67
nested_sparse10,machine,977,nested_v2,343750,0.0656,61
nested_sparse10,machine,977,nested_v2,356250,0.0526,57
nested_sparse10,machine,977,nested_v2,368750,0.0492,61
nested_sparse10,machine,977,nested_v2,381250,0.0000,54
nested_sparse10,machine,977,nested_v2,393750,0.0105,95
nested_sparse10,machine,977,nested_v2,406250,0.0118,85
nested_sparse10,machine,977,nested_v2,418750,0.0423,71
nested_sparse10,machine,977,nested_v2,431250,0.0390,77
nested_sparse10,machine,977,nested_v2,443750,0.0253,79
nested_sparse10,machine,977,nested_v2,456250,0.0152,66
nested_sparse10,machine,977,nested_v2,468750,0.0000,77
nested_sparse10,machine,977,nested_v2,481250,0.0000,64
nested_sparse10,machine,977,nested_v2,493750,0.0135,74
nested_sparse10,machine,978,nested_v2,6250,0.0000,49
nested_sparse10,machine,978,nested_v2,18750,0.0000,66
nested_sparse10,machine,978,nested_v2,31250,0.0000,77
nested_sparse10,machine,978,nested_v2,43750,0.0000,76
nested_sparse10,machine,978,nested_v2,56250,0.0000,64
nested_sparse10,machine,978,nested_v2,68750,0.0000,78
nested_sparse10,machine,978,nested_v2,81250,0.0000,64
nested_sparse10,machine,978,nested_v2,93750,0.0000,67
nested_sparse10,machine,978,nested_v2,106250,0.0260,77
nested_sparse10,machine,978,nested_v2,118750,0.0175,57
nested_sparse10,machine,978,nested_v2,131250,0.0154,65
nested_sparse10,machine,978,nested_v2,143750,0.0000,53
nested_sparse10,machine,978,nested_v2,156250,0.0893,56
nested_sparse10,machine,978,nested_v2,168750,0.0690,58
nested_sparse10,machine,978,nested_v2,181250,0.0500,60
nested_sparse10,machine,978,nested_v2,193750,0.0159,63
nested_sparse10,machine,978,nested_v2,206250,0.0392,51
nested_sparse10,machine,978,nested_v2,218750,0.0333,60
nested_sparse10,machine,978,nested_v2,231250,0.0217,46
nested_sparse10,machine,978,nested_v2,243750,0.0182,55
nested_sparse10,machine,978,nested_v2,256250,0.0385,52
nested_sparse10,machine,978,nested_v2,268750,0.0377,53
nested_sparse10,machine,978,nested_v2,281250,0.0185,54
nested_sparse10,machine,978,nested_v2,293750,0.0000,55
nested_sparse10,machine,978,nested_v2,306250,0.0161,62
nested_sparse10,machine,978,nested_v2,318750,0.0000,76
nested_sparse10,machine,978,nested_v2,331250,0.0000,53
nested_sparse10,machine,978,nested_v2,343750,0.0000,73
nested_sparse10,machine,978,nested_v2,356250,0.0000,64
nested_sparse10,machine,978,nested_v2,368750,0.0000,54
nested_sparse10,machine,978,nested_v2,381250,0.0000,52
nested_sparse10,machine,978,nested_v2,393750,0.0000,63
nested_sparse10,machine,978,nested_v2,406250,0.0000,60
nested_sparse10,machine,978,nested_v2,418750,0.0333,60
nested_sparse10,machine,978,nested_v2,431250,0.0000,67
nested_sparse10,machine,978,nested_v2,443750,0.0000,52
nested_sparse10,machine,978,nested_v2,456250,0.0000,48
nested_sparse10,machine,978,nested_v2,468750,0.0000,70
nested_sparse10,machine,978,nested_v2,481250,0.0000,61
nested_sparse10,machine,978,nested_v2,493750,0.0179,56
nested_sparse10,human,957,slide_success,6250,0.0000,47
nested_sparse10,human,957,slide_success,18750,0.0000,50
nested_sparse10,human,957,slide_success,31250,0.0000,74
nested_sparse10,human,957,slide_success,43750,0.0000,57
nested_sparse10,human,957,slide_success,56250,0.0000,64
nested_sparse10,human,957,slide_success,68750,0.0405,74
nested_sparse10,human,957,slide_success,81250,0.0357,56
nested_sparse10,human,957,slide_success,93750,0.0462,65
nested_sparse10,human,957,slide_success,106250,0.0345,58
nested_sparse10,human,957,slide_success,118750,0.0847,59
nested_sparse10,human,957,slide_success,131250,0.0000,54
nested_sparse10,human,957,slide_success,143750,0.1053,57
nested_sparse10,human,957,slide_success,156250,0.0000,49
nested_sparse10,human,957,slide_success,168750,0.0000,63
nested_sparse10,human,957,slide_success,181250,0.0000,55
nested_sparse10,human,957,slide_success,193750,0.1111,54
nested_sparse10,human,957,slide_success,206250,0.0566,53
nested_sparse10,human,957,slide_success,218750,0.0364,55
nested_sparse10,human,957,slide_success,231250,0.0185,54
nested_sparse10,human,957,slide_success,243750,0.0351,57
nested_sparse10,human,957,slide_success,256250,0.0392,51
nested_sparse10,human,957,slide_success,268750,0.0175,57
nested_sparse10,human,957,slide_success,281250,0.1489,47
nested_sparse10,human,957,slide_success,293750,0.0429,70
nested_sparse10,human,957,slide_success,306250,0.0392,51
nested_sparse10,human,957,slide_success,318750,0.0000,60
nested_sparse10,human,957,slide_success,331250,0.0000,52
nested_sparse10,human,957,slide_success,343750,0.0417,48
nested_sparse10,human,957,slide_success,356250,0.0656,61
nested_sparse10,human,957,slide_success,368750,0.0000,46
nested_sparse10,human,957,slide_success,381250,0.0870,46
nested_sparse10,human,957,slide_success,393750,0.0349,86
nested_sparse10,human,957,slide_success,406250,0.0000,68
nested_sparse10,human,957,slide_success,418750,0.0000,53
nested_sparse10,human,957,slide_success,431250,0.0000,54
nested_sparse10,human,957,slide_success,443750,0.0000,60
nested_sparse10,human,957,slide_success,456250,0.0426,47
nested_sparse10,human,957,slide_success,468750,0.0000,63
nested_sparse10,human,957,slide_success,481250,0.0000,55
nested_sparse10,human,957,slide_success,493750,0.0299,67
nested_sparse10,human,958,slide_success,6250,0.0000,46
nested_sparse10,human,958,slide_success,18750,0.0000,50
nested_sparse10,human,958,slide_success,31250,0.0000,66
nested_sparse10,human,958,slide_success,43750,0.0000,81
nested_sparse10,human,958,slide_success,56250,0.0000,60
nested_sparse10,human,958,slide_success,68750,0.0000,69
nested_sparse10,human,958,slide_success,81250,0.0769,52
nested_sparse10,human,958,slide_success,93750,0.0517,58
nested_sparse10,human,958,slide_success,106250,0.0492,61
nested_sparse10,human,958,slide_success,118750,0.1017,59
nested_sparse10,human,958,slide_success,131250,0.1587,63
nested_sparse10,human,958,slide_success,143750,0.0526,57
nested_sparse10,human,958,slide_success,156250,0.0000,55
nested_sparse10,human,958,slide_success,168750,0.0526,57
nested_sparse10,human,958,slide_success,181250,0.1020,49
nested_sparse10,human,958,slide_success,193750,0.0200,50
nested_sparse10,human,958,slide_success,206250,0.0000,45
nested_sparse10,human,958,slide_success,218750,0.0000,55
nested_sparse10,human,958,slide_success,231250,0.0435,46
nested_sparse10,human,958,slide_success,243750,0.0000,62
nested_sparse10,human,958,slide_success,256250,0.0545,55
nested_sparse10,human,958,slide_success,268750,0.0435,46
nested_sparse10,human,958,slide_success,281250,0.0000,47
nested_sparse10,human,958,slide_success,293750,0.0364,55
nested_sparse10,human,958,slide_success,306250,0.0286,70
nested_sparse10,human,958,slide_success,318750,0.0526,57
nested_sparse10,human,958,slide_success,331250,0.0638,47
nested_sparse10,human,958,slide_success,343750,0.0233,43
nested_sparse10,human,958,slide_success,356250,0.0169,59
nested_sparse10,human,958,slide_success,368750,0.0208,48
nested_sparse10,human,958,slide_success,381250,0.0455,44
nested_sparse10,human,958,slide_success,393750,0.0233,43
nested_sparse10,human,958,slide_success,406250,0.0000,48
nested_sparse10,human,958,slide_success,418750,0.0000,49
nested_sparse10,human,958,slide_success,431250,0.0000,49
nested_sparse10,human,958,slide_success,443750,0.0345,58
nested_sparse10,human,958,slide_success,456250,0.0000,53
nested_sparse10,human,958,slide_success,468750,0.0000,90
nested_sparse10,human,958,slide_success,481250,0.0300,100
nested_sparse10,human,958,slide_success,493750,0.0222,90
nested_sparse10,machine,977,slide_success,6250,0.0000,44
nested_sparse10,machine,977,slide_success,18750,0.0000,52
nested_sparse10,machine,977,slide_success,31250,0.0000,82
nested_sparse10,machine,977,slide_success,43750,0.0000,57
nested_sparse10,machine,977,slide_success,56250,0.0000,64
nested_sparse10,machine,977,slide_success,68750,0.0000,69
nested_sparse10,machine,977,slide_success,81250,0.0000,65
nested_sparse10,machine,977,slide_success,93750,0.0000,58
nested_sparse10,machine,977,slide_success,106250,0.0000,59
nested_sparse10,machine,977,slide_success,118750,0.0000,68
nested_sparse10,machine,977,slide_success,131250,0.0000,54
nested_sparse10,machine,977,slide_success,143750,0.0000,55
nested_sparse10,machine,977,slide_success,156250,0.0000,75
nested_sparse10,machine,977,slide_success,168750,0.0294,68
nested_sparse10,machine,977,slide_success,181250,0.0000,58
nested_sparse10,machine,977,slide_success,193750,0.0000,63
nested_sparse10,machine,977,slide_success,206250,0.0000,78
nested_sparse10,machine,977,slide_success,218750,0.0345,58
nested_sparse10,machine,977,slide_success,231250,0.0000,50
nested_sparse10,machine,977,slide_success,243750,0.0323,62
nested_sparse10,machine,977,slide_success,256250,0.0000,68
nested_sparse10,machine,977,slide_success,268750,0.0000,63
nested_sparse10,machine,977,slide_success,281250,0.0182,55
nested_sparse10,machine,977,slide_success,293750,0.0000,52
nested_sparse10,machine,977,slide_success,306250,0.0161,62
nested_sparse10,machine,977,slide_success,318750,0.0164,61
nested_sparse10,machine,977,slide_success,331250,0.0000,67
nested_sparse10,machine,977,slide_success,343750,0.0000,61
nested_sparse10,machine,977,slide_success,356250,0.0000,57
nested_sparse10,machine,977,slide_success,368750,0.0000,61
nested_sparse10,machine,977,slide_success,381250,0.0000,54
nested_sparse10,machine,977,slide_success,393750,0.0000,95
nested_sparse10,machine,977,slide_success,406250,0.0000,85
nested_sparse10,machine,977,slide_success,418750,0.0000,71
nested_sparse10,machine,977,slide_success,431250,0.0130,77
nested_sparse10,machine,977,slide_success,443750,0.0000,79
nested_sparse10,machine,977,slide_success,456250,0.0000,66
nested_sparse10,machine,977,slide_success,468750,0.0000,77
nested_sparse10,machine,977,slide_success,481250,0.0000,64
nested_sparse10,machine,977,slide_success,493750,0.0000,74
nested_sparse10,machine,978,slide_success,6250,0.0000,49
nested_sparse10,machine,978,slide_success,18750,0.0000,66
nested_sparse10,machine,978,slide_success,31250,0.0000,77
nested_sparse10,machine,978,slide_success,43750,0.0000,76
nested_sparse10,machine,978,slide_success,56250,0.0000,64
nested_sparse10,machine,978,slide_success,68750,0.0000,78
nested_sparse10,machine,978,slide_success,81250,0.0000,64
nested_sparse10,machine,978,slide_success,93750,0.0000,67
nested_sparse10,machine,978,slide_success,106250,0.0000,77
nested_sparse10,machine,978,slide_success,118750,0.0175,57
nested_sparse10,machine,978,slide_success,131250,0.0154,65
nested_sparse10,machine,978,slide_success,143750,0.0000,53
nested_sparse10,machine,978,slide_success,156250,0.0714,56
nested_sparse10,machine,978,slide_success,168750,0.0172,58
nested_sparse10,machine,978,slide_success,181250,0.0333,60
nested_sparse10,machine,978,slide_success,193750,0.0000,63
nested_sparse10,machine,978,slide_success,206250,0.0392,51
nested_sparse10,machine,978,slide_success,218750,0.0333,60
nested_sparse10,machine,978,slide_success,231250,0.0000,46
nested_sparse10,machine,978,slide_success,243750,0.0182,55
nested_sparse10,machine,978,slide_success,256250,0.0000,52
nested_sparse10,machine,978,slide_success,268750,0.0377,53
nested_sparse10,machine,978,slide_success,281250,0.0185,54
nested_sparse10,machine,978,slide_success,293750,0.0000,55
nested_sparse10,machine,978,slide_success,306250,0.0161,62
nested_sparse10,machine,978,slide_success,318750,0.0000,76
nested_sparse10,machine,978,slide_success,331250,0.0000,53
nested_sparse10,machine,978,slide_success,343750,0.0000,73
nested_sparse10,machine,978,slide_success,356250,0.0000,64
nested_sparse10,machine,978,slide_success,368750,0.0000,54
nested_sparse10,machine,978,slide_success,381250,0.0000,52
nested_sparse10,machine,978,slide_success,393750,0.0000,63
nested_sparse10,machine,978,slide_success,406250,0.0000,60
nested_sparse10,machine,978,slide_success,418750,0.0333,60
nested_sparse10,machine,978,slide_success,431250,0.0000,67
nested_sparse10,machine,978,slide_success,443750,0.0000,52
nested_sparse10,machine,978,slide_success,456250,0.0000,48
nested_sparse10,machine,978,slide_success,468750,0.0000,70
nested_sparse10,machine,978,slide_success,481250,0.0000,61
nested_sparse10,machine,978,slide_success,493750,0.0000,56
nested_sparse10,human,957,tipped,6250,0.1702,47
nested_sparse10,human,957,tipped,18750,0.2400,50
nested_sparse10,human,957,tipped,31250,0.5405,74
nested_sparse10,human,957,tipped,43750,0.4035,57
nested_sparse10,human,957,tipped,56250,0.4688,64
nested_sparse10,human,957,tipped,68750,0.5541,74
nested_sparse10,human,957,tipped,81250,0.3571,56
nested_sparse10,human,957,tipped,93750,0.4769,65
nested_sparse10,human,957,tipped,106250,0.3276,58
nested_sparse10,human,957,tipped,118750,0.3390,59
nested_sparse10,human,957,tipped,131250,0.3519,54
nested_sparse10,human,957,tipped,143750,0.2807,57
nested_sparse10,human,957,tipped,156250,0.1837,49
nested_sparse10,human,957,tipped,168750,0.4762,63
nested_sparse10,human,957,tipped,181250,0.4364,55
nested_sparse10,human,957,tipped,193750,0.2778,54
nested_sparse10,human,957,tipped,206250,0.2453,53
nested_sparse10,human,957,tipped,218750,0.4000,55
nested_sparse10,human,957,tipped,231250,0.3148,54
nested_sparse10,human,957,tipped,243750,0.3860,57
nested_sparse10,human,957,tipped,256250,0.2157,51
nested_sparse10,human,957,tipped,268750,0.3333,57
nested_sparse10,human,957,tipped,281250,0.0851,47
nested_sparse10,human,957,tipped,293750,0.6143,70
nested_sparse10,human,957,tipped,306250,0.1765,51
nested_sparse10,human,957,tipped,318750,0.4500,60
nested_sparse10,human,957,tipped,331250,0.2885,52
nested_sparse10,human,957,tipped,343750,0.2708,48
nested_sparse10,human,957,tipped,356250,0.3934,61
nested_sparse10,human,957,tipped,368750,0.1087,46
nested_sparse10,human,957,tipped,381250,0.0870,46
nested_sparse10,human,957,tipped,393750,0.6163,86
nested_sparse10,human,957,tipped,406250,0.6029,68
nested_sparse10,human,957,tipped,418750,0.3396,53
nested_sparse10,human,957,tipped,431250,0.3704,54
nested_sparse10,human,957,tipped,443750,0.4500,60
nested_sparse10,human,957,tipped,456250,0.1915,47
nested_sparse10,human,957,tipped,468750,0.5238,63
nested_sparse10,human,957,tipped,481250,0.3818,55
nested_sparse10,human,957,tipped,493750,0.4925,67
nested_sparse10,human,958,tipped,6250,0.1304,46
nested_sparse10,human,958,tipped,18750,0.2600,50
nested_sparse10,human,958,tipped,31250,0.4697,66
nested_sparse10,human,958,tipped,43750,0.6420,81
nested_sparse10,human,958,tipped,56250,0.4000,60
nested_sparse10,human,958,tipped,68750,0.4928,69
nested_sparse10,human,958,tipped,81250,0.2500,52
nested_sparse10,human,958,tipped,93750,0.3621,58
nested_sparse10,human,958,tipped,106250,0.3770,61
nested_sparse10,human,958,tipped,118750,0.4068,59
nested_sparse10,human,958,tipped,131250,0.3968,63
nested_sparse10,human,958,tipped,143750,0.3509,57
nested_sparse10,human,958,tipped,156250,0.3636,55
nested_sparse10,human,958,tipped,168750,0.3333,57
nested_sparse10,human,958,tipped,181250,0.1429,49
nested_sparse10,human,958,tipped,193750,0.3200,50
nested_sparse10,human,958,tipped,206250,0.1111,45
nested_sparse10,human,958,tipped,218750,0.3636,55
nested_sparse10,human,958,tipped,231250,0.1087,46
nested_sparse10,human,958,tipped,243750,0.5323,62
nested_sparse10,human,958,tipped,256250,0.3455,55
nested_sparse10,human,958,tipped,268750,0.1087,46
nested_sparse10,human,958,tipped,281250,0.1277,47
nested_sparse10,human,958,tipped,293750,0.3818,55
nested_sparse10,human,958,tipped,306250,0.6286,70
nested_sparse10,human,958,tipped,318750,0.4737,57
nested_sparse10,human,958,tipped,331250,0.0851,47
nested_sparse10,human,958,tipped,343750,0.0233,43
nested_sparse10,human,958,tipped,356250,0.3729,59
nested_sparse10,human,958,tipped,368750,0.1250,48
nested_sparse10,human,958,tipped,381250,0.0682,44
nested_sparse10,human,958,tipped,393750,0.0233,43
nested_sparse10,human,958,tipped,406250,0.1875,48
nested_sparse10,human,958,tipped,418750,0.2041,49
nested_sparse10,human,958,tipped,431250,0.2653,49
nested_sparse10,human,958,tipped,443750,0.4138,58
nested_sparse10,human,958,tipped,456250,0.3396,53
nested_sparse10,human,958,tipped,468750,0.7111,90
nested_sparse10,human,958,tipped,481250,0.6800,100
nested_sparse10,human,958,tipped,493750,0.6556,90
nested_sparse10,machine,977,tipped,6250,0.0909,44
nested_sparse10,machine,977,tipped,18750,0.2500,52
nested_sparse10,machine,977,tipped,31250,0.5976,82
nested_sparse10,machine,977,tipped,43750,0.3333,57
nested_sparse10,machine,977,tipped,56250,0.4375,64
nested_sparse10,machine,977,tipped,68750,0.5362,69
nested_sparse10,machine,977,tipped,81250,0.5077,65
nested_sparse10,machine,977,tipped,93750,0.4483,58
nested_sparse10,machine,977,tipped,106250,0.4237,59
nested_sparse10,machine,977,tipped,118750,0.5588,68
nested_sparse10,machine,977,tipped,131250,0.3148,54
nested_sparse10,machine,977,tipped,143750,0.4000,55
nested_sparse10,machine,977,tipped,156250,0.6800,75
nested_sparse10,machine,977,tipped,168750,0.5294,68
nested_sparse10,machine,977,tipped,181250,0.4655,58
nested_sparse10,machine,977,tipped,193750,0.4762,63
nested_sparse10,machine,977,tipped,206250,0.6026,78
nested_sparse10,machine,977,tipped,218750,0.3966,58
nested_sparse10,machine,977,tipped,231250,0.2800,50
nested_sparse10,machine,977,tipped,243750,0.4355,62
nested_sparse10,machine,977,tipped,256250,0.5441,68
nested_sparse10,machine,977,tipped,268750,0.5079,63
nested_sparse10,machine,977,tipped,281250,0.3818,55
nested_sparse10,machine,977,tipped,293750,0.3269,52
nested_sparse10,machine,977,tipped,306250,0.4839,62
nested_sparse10,machine,977,tipped,318750,0.4754,61
nested_sparse10,machine,977,tipped,331250,0.6716,67
nested_sparse10,machine,977,tipped,343750,0.5082,61
nested_sparse10,machine,977,tipped,356250,0.4386,57
nested_sparse10,machine,977,tipped,368750,0.5082,61
nested_sparse10,machine,977,tipped,381250,0.2963,54
nested_sparse10,machine,977,tipped,393750,0.6842,95
nested_sparse10,machine,977,tipped,406250,0.6941,85
nested_sparse10,machine,977,tipped,418750,0.6197,71
nested_sparse10,machine,977,tipped,431250,0.6883,77
nested_sparse10,machine,977,tipped,443750,0.6329,79
nested_sparse10,machine,977,tipped,456250,0.5303,66
nested_sparse10,machine,977,tipped,468750,0.6623,77
nested_sparse10,machine,977,tipped,481250,0.5000,64
nested_sparse10,machine,977,tipped,493750,0.6351,74
nested_sparse10,machine,978,tipped,6250,0.1837,49
nested_sparse10,machine,978,tipped,18750,0.5000,66
nested_sparse10,machine,978,tipped,31250,0.5584,77
nested_sparse10,machine,978,tipped,43750,0.5658,76
nested_sparse10,machine,978,tipped,56250,0.4688,64
nested_sparse10,machine,978,tipped,68750,0.5897,78
nested_sparse10,machine,978,tipped,81250,0.5938,64
nested_sparse10,machine,978,tipped,93750,0.5522,67
nested_sparse10,machine,978,tipped,106250,0.6104,77
nested_sparse10,machine,978,tipped,118750,0.4211,57
nested_sparse10,machine,978,tipped,131250,0.4769,65
nested_sparse10,machine,978,tipped,143750,0.3208,53
nested_sparse10,machine,978,tipped,156250,0.3571,56
nested_sparse10,machine,978,tipped,168750,0.4483,58
nested_sparse10,machine,978,tipped,181250,0.4167,60
nested_sparse10,machine,978,tipped,193750,0.5714,63
nested_sparse10,machine,978,tipped,206250,0.3137,51
nested_sparse10,machine,978,tipped,218750,0.4333,60
nested_sparse10,machine,978,tipped,231250,0.1957,46
nested_sparse10,machine,978,tipped,243750,0.3091,55
nested_sparse10,machine,978,tipped,256250,0.3846,52
nested_sparse10,machine,978,tipped,268750,0.3208,53
nested_sparse10,machine,978,tipped,281250,0.3519,54
nested_sparse10,machine,978,tipped,293750,0.3636,55
nested_sparse10,machine,978,tipped,306250,0.4677,62
nested_sparse10,machine,978,tipped,318750,0.6447,76
nested_sparse10,machine,978,tipped,331250,0.3019,53
nested_sparse10,machine,978,tipped,343750,0.5205,73
nested_sparse10,machine,978,tipped,356250,0.4531,64
nested_sparse10,machine,978,tipped,368750,0.2593,54
nested_sparse10,machine,978,tipped,381250,0.2500,52
nested_sparse10,machine,978,tipped,393750,0.4603,63
nested_sparse10,machine,978,tipped,406250,0.4333,60
nested_sparse10,machine,978,tipped,418750,0.5000,60
nested_sparse10,machine,978,tipped,431250,0.4627,67
nested_sparse10,machine,978,tipped,443750,0.2500,52
nested_sparse10,machine,978,tipped,456250,0.1875,48
nested_sparse10,machine,978,tipped,468750,0.5143,70
nested_sparse10,machine,978,tipped,481250,0.4098,61
nested_sparse10,machine,978,tipped,493750,0.3393,56
