ladder,arm,seed,stage,bin_center_step,rate,n_episodes_in_bin
nested_ramp,human,950,picked,50000,0.0430,93
nested_ramp,human,950,picked,150000,0.0481,104
nested_ramp,human,950,picked,250000,0.0804,112
nested_ramp,human,950,picked,350000,0.1696,112
nested_ramp,human,950,picked,450000,0.1429,126
nested_ramp,human,950,picked,550000,0.3582,134
nested_ramp,human,950,picked,650000,0.7277,202
nested_ramp,human,950,picked,750000,0.7791,172
nested_ramp,human,950,picked,850000,0.8216,185
nested_ramp,human,950,picked,950000,0.8636,176
nested_ramp,human,950,picked,1050000,0.6927,179
nested_ramp,human,950,picked,1150000,0.8242,182
nested_ramp,human,950,picked,1250000,0.9126,206
nested_ramp,human,950,picked,1350000,0.8542,192
nested_ramp,human,950,picked,1450000,0.9420,224
nested_ramp,human,950,picked,1550000,0.8836,292
nested_ramp,human,950,picked,1650000,0.8803,309
nested_ramp,human,950,picked,1750000,0.8624,298
nested_ramp,human,950,picked,1850000,0.8288,292
nested_ramp,human,950,picked,1950000,0.9146,281
nested_ramp,human,950,picked,2050000,,0
nested_ramp,human,950,picked,2150000,,0
nested_ramp,human,950,picked,2250000,,0
nested_ramp,human,950,picked,2350000,,0
nested_ramp,human,950,picked,2450000,,0
nested_ramp,human,950,picked,2550000,,0
nested_ramp,human,950,picked,2650000,,0
nested_ramp,human,950,picked,2750000,,0
nested_ramp,human,950,picked,2850000,,0
nested_ramp,human,950,picked,2950000,,0
nested_ramp,human,950,picked,3050000,,0
nested_ramp,human,950,picked,3150000,,0
nested_ramp,human,950,picked,3250000,,0
nested_ramp,human,950,picked,3350000,,0
nested_ramp,human,950,picked,3450000,,0
nested_ramp,human,950,picked,3550000,,0
nested_ramp,human,950,picked,3650000,,0
nested_ramp,human,950,picked,3750000,,0
nested_ramp,human,950,picked,3850000,,0
nested_ramp,human,950,picked,3950000,,0
nested_ramp,human,951,picked,50000,0.0000,96
nested_ramp,human,951,picked,150000,0.1031,97
nested_ramp,human,951,picked,250000,0.1667,108
nested_ramp,human,951,picked,350000,0.1743,109
nested_ramp,human,951,picked,450000,0.0660,106
nested_ramp,human,951,picked,550000,0.2602,123
nested_ramp,human,951,picked,650000,0.4286,133
nested_ramp,human,951,picked,750000,0.5731,171
nested_ramp,human,951,picked,850000,0.6158,190
nested_ramp,human,951,picked,950000,0.7725,189
nested_ramp,human,951,picked,1050000,0.8415,183
nested_ramp,human,951,picked,1150000,0.8325,197
nested_ramp,human,951,picked,1250000,0.7823,248
nested_ramp,human,951,picked,1350000,0.8772,171
nested_ramp,human,951,picked,1450000,0.8658,231
nested_ramp,human,951,picked,1550000,0.8182,198
nested_ramp,human,951,picked,1650000,0.8880,259
nested_ramp,human,951,picked,1750000,0.7818,275
nested_ramp,human,951,picked,1850000,0.8387,310
nested_ramp,human,951,picked,1950000,0.8553,304
nested_ramp,human,951,picked,2050000,,0
nested_ramp,human,951,picked,2150000,,0
nested_ramp,human,951,picked,2250000,,0
nested_ramp,human,951,picked,2350000,,0
nested_ramp,human,951,picked,2450000,,0
nested_ramp,human,951,picked,2550000,,0
nested_ramp,human,951,picked,2650000,,0
nested_ramp,human,951,picked,2750000,,0
nested_ramp,human,951,picked,2850000,,0
nested_ramp,human,951,picked,2950000,,0
nested_ramp,human,951,picked,3050000,,0
nested_ramp,human,951,picked,3150000,,0
nested_ramp,human,951,picked,3250000,,0
nested_ramp,human,951,picked,3350000,,0
nested_ramp,human,951,picked,3450000,,0
nested_ramp,human,951,picked,3550000,,0
nested_ramp,human,951,picked,3650000,,0
nested_ramp,human,951,picked,3750000,,0
nested_ramp,human,951,picked,3850000,,0
nested_ramp,human,951,picked,3950000,,0
nested_ramp,human,952,picked,50000,0.0426,94
nested_ramp,human,952,picked,150000,0.0198,101
nested_ramp,human,952,picked,250000,0.1000,110
nested_ramp,human,952,picked,350000,0.0748,107
nested_ramp,human,952,picked,450000,0.0000,89
nested_ramp,human,952,picked,550000,0.0800,100
nested_ramp,human,952,picked,650000,0.3864,132
nested_ramp,human,952,picked,750000,0.4609,128
nested_ramp,human,952,picked,850000,0.5509,167
nested_ramp,human,952,picked,950000,0.7696,204
nested_ramp,human,952,picked,1050000,0.7402,204
nested_ramp,human,952,picked,1150000,0.7594,187
nested_ramp,human,952,picked,1250000,0.6881,202
nested_ramp,human,952,picked,1350000,0.7120,250
nested_ramp,human,952,picked,1450000,0.8256,258
nested_ramp,human,952,picked,1550000,0.8485,231
nested_ramp,human,952,picked,1650000,0.8804,276
nested_ramp,human,952,picked,1750000,0.7734,278
nested_ramp,human,952,picked,1850000,0.8315,267
nested_ramp,human,952,picked,1950000,0.9085,284
nested_ramp,human,952,picked,2050000,0.8652,267
nested_ramp,human,952,picked,2150000,0.8624,356
nested_ramp,human,952,picked,2250000,0.8197,355
nested_ramp,human,952,picked,2350000,0.8546,399
nested_ramp,human,952,picked,2450000,0.9233,365
nested_ramp,human,952,picked,2550000,0.9554,336
nested_ramp,human,952,picked,2650000,0.9091,253
nested_ramp,human,952,picked,2750000,0.9511,266
nested_ramp,human,952,picked,2850000,0.9480,250
nested_ramp,human,952,picked,2950000,0.9564,321
nested_ramp,human,952,picked,3050000,0.9453,274
nested_ramp,human,952,picked,3150000,0.9581,215
nested_ramp,human,952,picked,3250000,0.9500,240
nested_ramp,human,952,picked,3350000,0.9639,277
nested_ramp,human,952,picked,3450000,0.9767,215
nested_ramp,human,952,picked,3550000,0.9735,189
nested_ramp,human,952,picked,3650000,0.9774,221
nested_ramp,human,952,picked,3750000,0.9686,191
nested_ramp,human,952,picked,3850000,0.9657,175
nested_ramp,human,952,picked,3950000,0.9615,182
nested_ramp,human,953,picked,50000,0.0412,97
nested_ramp,human,953,picked,150000,0.0882,102
nested_ramp,human,953,picked,250000,0.0357,112
nested_ramp,human,953,picked,350000,0.1000,110
nested_ramp,human,953,picked,450000,0.2358,106
nested_ramp,human,953,picked,550000,0.1122,98
nested_ramp,human,953,picked,650000,0.3250,120
nested_ramp,human,953,picked,750000,0.5102,147
nested_ramp,human,953,picked,850000,0.6750,160
nested_ramp,human,953,picked,950000,0.7976,168
nested_ramp,human,953,picked,1050000,0.8478,184
nested_ramp,human,953,picked,1150000,0.8683,167
nested_ramp,human,953,picked,1250000,0.8742,159
nested_ramp,human,953,picked,1350000,0.9214,140
nested_ramp,human,953,picked,1450000,0.8187,160
nested_ramp,human,953,picked,1550000,0.8619,210
nested_ramp,human,953,picked,1650000,0.8821,229
nested_ramp,human,953,picked,1750000,0.9098,255
nested_ramp,human,953,picked,1850000,0.8500,240
nested_ramp,human,953,picked,1950000,0.7292,277
nested_ramp,human,953,picked,2050000,0.7468,312
nested_ramp,human,953,picked,2150000,0.8139,360
nested_ramp,human,953,picked,2250000,0.9614,259
nested_ramp,human,953,picked,2350000,0.9188,308
nested_ramp,human,953,picked,2450000,0.8228,378
nested_ramp,human,953,picked,2550000,0.9053,359
nested_ramp,human,953,picked,2650000,0.9061,245
nested_ramp,human,953,picked,2750000,0.9524,210
nested_ramp,human,953,picked,2850000,0.9472,303
nested_ramp,human,953,picked,2950000,0.9542,262
nested_ramp,human,953,picked,3050000,0.9576,236
nested_ramp,human,953,picked,3150000,0.9557,271
nested_ramp,human,953,picked,3250000,0.9215,293
nested_ramp,human,953,picked,3350000,0.9735,226
nested_ramp,human,953,picked,3450000,0.9565,184
nested_ramp,human,953,picked,3550000,0.9550,222
nested_ramp,human,953,picked,3650000,0.9536,151
nested_ramp,human,953,picked,3750000,0.9390,164
nested_ramp,human,953,picked,3850000,0.9721,179
nested_ramp,human,953,picked,3950000,0.9556,180
nested_ramp,human,954,picked,50000,0.0114,88
nested_ramp,human,954,picked,150000,0.0900,100
nested_ramp,human,954,picked,250000,0.0667,105
nested_ramp,human,954,picked,350000,0.0865,104
nested_ramp,human,954,picked,450000,0.0404,99
nested_ramp,human,954,picked,550000,0.1019,108
nested_ramp,human,954,picked,650000,0.1918,146
nested_ramp,human,954,picked,750000,0.5735,136
nested_ramp,human,954,picked,850000,0.7381,168
nested_ramp,human,954,picked,950000,0.7634,186
nested_ramp,human,954,picked,1050000,0.7524,206
nested_ramp,human,954,picked,1150000,0.8272,191
nested_ramp,human,954,picked,1250000,0.8517,209
nested_ramp,human,954,picked,1350000,0.7879,231
nested_ramp,human,954,picked,1450000,0.8419,234
nested_ramp,human,954,picked,1550000,0.7860,229
nested_ramp,human,954,picked,1650000,0.8393,112
nested_ramp,human,954,picked,1750000,,0
nested_ramp,human,954,picked,1850000,,0
nested_ramp,human,954,picked,1950000,,0
nested_ramp,human,954,picked,2050000,,0
nested_ramp,human,954,picked,2150000,,0
nested_ramp,human,954,picked,2250000,,0
nested_ramp,human,954,picked,2350000,,0
nested_ramp,human,954,picked,2450000,,0
nested_ramp,human,954,picked,2550000,,0
nested_ramp,human,954,picked,2650000,,0
nested_ramp,human,954,picked,2750000,,0
nested_ramp,human,954,picked,2850000,,0
nested_ramp,human,954,picked,2950000,,0
nested_ramp,human,954,picked,3050000,,0
nested_ramp,human,954,picked,3150000,,0
nested_ramp,human,954,picked,3250000,,0
nested_ramp,human,954,picked,3350000,,0
nested_ramp,human,954,picked,3450000,,0
nested_ramp,human,954,picked,3550000,,0
nested_ramp,human,954,picked,3650000,,0
nested_ramp,human,954,picked,3750000,,0
nested_ramp,human,954,picked,3850000,,0
nested_ramp,human,954,picked,3950000,,0
nested_ramp,human,959,picked,50000,0.0408,98
nested_ramp,human,959,picked,150000,0.1176,102
nested_ramp,human,959,picked,250000,0.0909,110
nested_ramp,human,959,picked,350000,0.1078,102
nested_ramp,human,959,picked,450000,0.0777,103
nested_ramp,human,959,picked,550000,0.0748,107
nested_ramp,human,959,picked,650000,0.3767,146
nested_ramp,human,959,picked,750000,0.5722,180
nested_ramp,human,959,picked,850000,0.7339,218
nested_ramp,human,959,picked,950000,0.7598,204
nested_ramp,human,959,picked,1050000,0.8075,187
nested_ramp,human,959,picked,1150000,0.8023,172
nested_ramp,human,959,picked,1250000,0.8342,193
nested_ramp,human,959,picked,1350000,0.8170,235
nested_ramp,human,959,picked,1450000,0.8465,202
nested_ramp,human,959,picked,1550000,0.8346,254
nested_ramp,human,959,picked,1650000,0.8000,75
nested_ramp,human,959,picked,1750000,,0
nested_ramp,human,959,picked,1850000,,0
nested_ramp,human,959,picked,1950000,,0
nested_ramp,human,959,picked,2050000,,0
nested_ramp,human,959,picked,2150000,,0
nested_ramp,human,959,picked,2250000,,0
nested_ramp,human,959,picked,2350000,,0
nested_ramp,human,959,picked,2450000,,0
nested_ramp,human,959,picked,2550000,,0
nested_ramp,human,959,picked,2650000,,0
nested_ramp,human,959,picked,2750000,,0
nested_ramp,human,959,picked,2850000,,0
nested_ramp,human,959,picked,2950000,,0
nested_ramp,human,959,picked,3050000,,0
nested_ramp,human,959,picked,3150000,,0
nested_ramp,human,959,picked,3250000,,0
nested_ramp,human,959,picked,3350000,,0
nested_ramp,human,959,picked,3450000,,0
nested_ramp,human,959,picked,3550000,,0
nested_ramp,human,959,picked,3650000,,0
nested_ramp,human,959,picked,3750000,,0
nested_ramp,human,959,picked,3850000,,0
nested_ramp,human,959,picked,3950000,,0
nested_ramp,human,960,picked,50000,0.0787,89
nested_ramp,human,960,picked,150000,0.0316,95
nested_ramp,human,960,picked,250000,0.0636,110
nested_ramp,human,960,picked,350000,0.0826,121
nested_ramp,human,960,picked,450000,0.1000,120
nested_ramp,human,960,picked,550000,0.4558,147
nested_ramp,human,960,picked,650000,0.5955,178
nested_ramp,human,960,picked,750000,0.6955,220
nested_ramp,human,960,picked,850000,0.7342,222
nested_ramp,human,960,picked,950000,0.7056,197
nested_ramp,human,960,picked,1050000,0.8396,187
nested_ramp,human,960,picked,1150000,0.7626,219
nested_ramp,human,960,picked,1250000,0.9330,209
nested_ramp,human,960,picked,1350000,0.8725,251
nested_ramp,human,960,picked,1450000,0.8505,194
nested_ramp,human,960,picked,1550000,0.8860,193
nested_ramp,human,960,picked,1650000,0.8311,219
nested_ramp,human,960,picked,1750000,1.0000,6
nested_ramp,human,960,picked,1850000,,0
nested_ramp,human,960,picked,1950000,,0
nested_ramp,human,960,picked,2050000,,0
nested_ramp,human,960,picked,2150000,,0
nested_ramp,human,960,picked,2250000,,0
nested_ramp,human,960,picked,2350000,,0
nested_ramp,human,960,picked,2450000,,0
nested_ramp,human,960,picked,2550000,,0
nested_ramp,human,960,picked,2650000,,0
nested_ramp,human,960,picked,2750000,,0
nested_ramp,human,960,picked,2850000,,0
nested_ramp,human,960,picked,2950000,,0
nested_ramp,human,960,picked,3050000,,0
nested_ramp,human,960,picked,3150000,,0
nested_ramp,human,960,picked,3250000,,0
nested_ramp,human,960,picked,3350000,,0
nested_ramp,human,960,picked,3450000,,0
nested_ramp,human,960,picked,3550000,,0
nested_ramp,human,960,picked,3650000,,0
nested_ramp,human,960,picked,3750000,,0
nested_ramp,human,960,picked,3850000,,0
nested_ramp,human,960,picked,3950000,,0
nested_ramp,human,961,picked,50000,0.0330,91
nested_ramp,human,961,picked,150000,0.0796,113
nested_ramp,human,961,picked,250000,0.0588,102
nested_ramp,human,961,picked,350000,0.1466,116
nested_ramp,human,961,picked,450000,0.3684,133
nested_ramp,human,961,picked,550000,0.4320,125
nested_ramp,human,961,picked,650000,0.7463,134
nested_ramp,human,961,picked,750000,0.8497,153
nested_ramp,human,961,picked,850000,0.7929,169
nested_ramp,human,961,picked,950000,0.8621,145
nested_ramp,human,961,picked,1050000,0.8561,139
nested_ramp,human,961,picked,1150000,0.8777,188
nested_ramp,human,961,picked,1250000,0.8333,186
nested_ramp,human,961,picked,1350000,0.8629,175
nested_ramp,human,961,picked,1450000,0.8079,177
nested_ramp,human,961,picked,1550000,0.9121,182
nested_ramp,human,961,picked,1650000,0.9181,171
nested_ramp,human,961,picked,1750000,0.8400,25
nested_ramp,human,961,picked,1850000,,0
nested_ramp,human,961,picked,1950000,,0
nested_ramp,human,961,picked,2050000,,0
nested_ramp,human,961,picked,2150000,,0
nested_ramp,human,961,picked,2250000,,0
nested_ramp,human,961,picked,2350000,,0
nested_ramp,human,961,picked,2450000,,0
nested_ramp,human,961,picked,2550000,,0
nested_ramp,human,961,picked,2650000,,0
nested_ramp,human,961,picked,2750000,,0
nested_ramp,human,961,picked,2850000,,0
nested_ramp,human,961,picked,2950000,,0
nested_ramp,human,961,picked,3050000,,0
nested_ramp,human,961,picked,3150000,,0
nested_ramp,human,961,picked,3250000,,0
nested_ramp,human,961,picked,3350000,,0
nested_ramp,human,961,picked,3450000,,0
nested_ramp,human,961,picked,3550000,,0
nested_ramp,human,961,picked,3650000,,0
nested_ramp,human,961,picked,3750000,,0
nested_ramp,human,961,picked,3850000,,0
nested_ramp,human,961,picked,3950000,,0
nested_ramp,machine,970,picked,50000,0.0215,93
nested_ramp,machine,970,picked,150000,0.0204,98
nested_ramp,machine,970,picked,250000,0.0396,101
nested_ramp,machine,970,picked,350000,0.1028,107
nested_ramp,machine,970,picked,450000,0.2946,112
nested_ramp,machine,970,picked,550000,0.3252,163
nested_ramp,machine,970,picked,650000,0.6957,184
nested_ramp,machine,970,picked,750000,0.7373,217
nested_ramp,machine,970,picked,850000,0.8282,227
nested_ramp,machine,970,picked,950000,0.8035,173
nested_ramp,machine,970,picked,1050000,0.8028,213
nested_ramp,machine,970,picked,1150000,0.8028,213
nested_ramp,machine,970,picked,1250000,0.8566,279
nested_ramp,machine,970,picked,1350000,0.8267,300
nested_ramp,machine,970,picked,1450000,0.8246,285
nested_ramp,machine,970,picked,1550000,0.8496,266
nested_ramp,machine,970,picked,1650000,0.8641,287
nested_ramp,machine,970,picked,1750000,0.8980,304
nested_ramp,machine,970,picked,1850000,0.9264,299
nested_ramp,machine,970,picked,1950000,0.9608,255
nested_ramp,machine,970,picked,2050000,,0
nested_ramp,machine,970,picked,2150000,,0
nested_ramp,machine,970,picked,2250000,,0
nested_ramp,machine,970,picked,2350000,,0
nested_ramp,machine,970,picked,2450000,,0
nested_ramp,machine,970,picked,2550000,,0
nested_ramp,machine,970,picked,2650000,,0
nested_ramp,machine,970,picked,2750000,,0
nested_ramp,machine,970,picked,2850000,,0
nested_ramp,machine,970,picked,2950000,,0
nested_ramp,machine,970,picked,3050000,,0
nested_ramp,machine,970,picked,3150000,,0
nested_ramp,machine,970,picked,3250000,,0
nested_ramp,machine,970,picked,3350000,,0
nested_ramp,machine,970,picked,3450000,,0
nested_ramp,machine,970,picked,3550000,,0
nested_ramp,machine,970,picked,3650000,,0
nested_ramp,machine,970,picked,3750000,,0
nested_ramp,machine,970,picked,3850000,,0
nested_ramp,machine,970,picked,3950000,,0
nested_ramp,machine,971,picked,50000,0.0729,96
nested_ramp,machine,971,picked,150000,0.0490,102
nested_ramp,machine,971,picked,250000,0.0190,105
nested_ramp,machine,971,picked,350000,0.1020,98
nested_ramp,machine,971,picked,450000,0.2273,132
nested_ramp,machine,971,picked,550000,0.0826,121
nested_ramp,machine,971,picked,650000,0.4444,180
nested_ramp,machine,971,picked,750000,0.4588,170
nested_ramp,machine,971,picked,850000,0.6620,216
nested_ramp,machine,971,picked,950000,0.8233,249
nested_ramp,machine,971,picked,1050000,0.8276,232
nested_ramp,machine,971,picked,1150000,0.9040,198
nested_ramp,machine,971,picked,1250000,0.8805,226
nested_ramp,machine,971,picked,1350000,0.8870,177
nested_ramp,machine,971,picked,1450000,0.8802,217
nested_ramp,machine,971,picked,1550000,0.8415,246
nested_ramp,machine,971,picked,1650000,0.7927,275
nested_ramp,machine,971,picked,1750000,0.8248,331
nested_ramp,machine,971,picked,1850000,0.8852,270
nested_ramp,machine,971,picked,1950000,0.8732,276
nested_ramp,machine,971,picked,2050000,,0
nested_ramp,machine,971,picked,2150000,,0
nested_ramp,machine,971,picked,2250000,,0
nested_ramp,machine,971,picked,2350000,,0
nested_ramp,machine,971,picked,2450000,,0
nested_ramp,machine,971,picked,2550000,,0
nested_ramp,machine,971,picked,2650000,,0
nested_ramp,machine,971,picked,2750000,,0
nested_ramp,machine,971,picked,2850000,,0
nested_ramp,machine,971,picked,2950000,,0
nested_ramp,machine,971,picked,3050000,,0
nested_ramp,machine,971,picked,3150000,,0
nested_ramp,machine,971,picked,3250000,,0
nested_ramp,machine,971,picked,3350000,,0
nested_ramp,machine,971,picked,3450000,,0
nested_ramp,machine,971,picked,3550000,,0
nested_ramp,machine,971,picked,3650000,,0
nested_ramp,machine,971,picked,3750000,,0
nested_ramp,machine,971,picked,3850000,,0
nested_ramp,machine,971,picked,3950000,,0
nested_ramp,machine,972,picked,50000,0.0588,102
nested_ramp,machine,972,picked,150000,0.0500,100
nested_ramp,machine,972,picked,250000,0.0755,106
nested_ramp,machine,972,picked,350000,0.1681,119
nested_ramp,machine,972,picked,450000,0.1908,131
nested_ramp,machine,972,picked,550000,0.1042,96
nested_ramp,machine,972,picked,650000,0.4198,162
nested_ramp,machine,972,picked,750000,0.3750,160
nested_ramp,machine,972,picked,850000,0.6265,166
nested_ramp,machine,972,picked,950000,0.6684,193
nested_ramp,machine,972,picked,1050000,0.8358,201
nested_ramp,machine,972,picked,1150000,0.7552,241
nested_ramp,machine,972,picked,1250000,0.7731,216
nested_ramp,machine,972,picked,1350000,0.7902,224
nested_ramp,machine,972,picked,1450000,0.8726,212
nested_ramp,machine,972,picked,1550000,0.7799,209
nested_ramp,machine,972,picked,1650000,0.9252,214
nested_ramp,machine,972,picked,1750000,0.8665,322
nested_ramp,machine,972,picked,1850000,0.8475,282
nested_ramp,machine,972,picked,1950000,0.8097,268
nested_ramp,machine,972,picked,2050000,0.8759,266
nested_ramp,machine,972,picked,2150000,0.8658,231
nested_ramp,machine,972,picked,2250000,0.8108,259
nested_ramp,machine,972,picked,2350000,0.8973,331
nested_ramp,machine,972,picked,2450000,0.8952,248
nested_ramp,machine,972,picked,2550000,0.9052,232
nested_ramp,machine,972,picked,2650000,0.9414,256
nested_ramp,machine,972,picked,2750000,0.9182,269
nested_ramp,machine,972,picked,2850000,0.9598,224
nested_ramp,machine,972,picked,2950000,0.9324,207
nested_ramp,machine,972,picked,3050000,0.9721,179
nested_ramp,machine,972,picked,3150000,0.9455,165
nested_ramp,machine,972,picked,3250000,0.9637,193
nested_ramp,machine,972,picked,3350000,0.9679,218
nested_ramp,machine,972,picked,3450000,0.9300,257
nested_ramp,machine,972,picked,3550000,0.9512,164
nested_ramp,machine,972,picked,3650000,0.9693,228
nested_ramp,machine,972,picked,3750000,0.9783,184
nested_ramp,machine,972,picked,3850000,0.9641,167
nested_ramp,machine,972,picked,3950000,0.9508,183
nested_ramp,machine,973,picked,50000,0.0000,97
nested_ramp,machine,973,picked,150000,0.0319,94
nested_ramp,machine,973,picked,250000,0.0370,108
nested_ramp,machine,973,picked,350000,0.0404,99
nested_ramp,machine,973,picked,450000,0.1698,106
nested_ramp,machine,973,picked,550000,0.2917,120
nested_ramp,machine,973,picked,650000,0.5059,170
nested_ramp,machine,973,picked,750000,0.6509,212
nested_ramp,machine,973,picked,850000,0.6739,184
nested_ramp,machine,973,picked,950000,0.8443,212
nested_ramp,machine,973,picked,1050000,0.8750,192
nested_ramp,machine,973,picked,1150000,0.8988,168
nested_ramp,machine,973,picked,1250000,0.7844,218
nested_ramp,machine,973,picked,1350000,0.8364,214
nested_ramp,machine,973,picked,1450000,0.8057,211
nested_ramp,machine,973,picked,1550000,0.8578,211
nested_ramp,machine,973,picked,1650000,0.8411,214
nested_ramp,machine,973,picked,1750000,0.8456,272
nested_ramp,machine,973,picked,1850000,0.7794,272
nested_ramp,machine,973,picked,1950000,0.8371,264
nested_ramp,machine,973,picked,2050000,0.8322,286
nested_ramp,machine,973,picked,2150000,0.9403,268
nested_ramp,machine,973,picked,2250000,0.9722,216
nested_ramp,machine,973,picked,2350000,0.9335,331
nested_ramp,machine,973,picked,2450000,0.8930,271
nested_ramp,machine,973,picked,2550000,0.9459,259
nested_ramp,machine,973,picked,2650000,0.9429,210
nested_ramp,machine,973,picked,2750000,0.9547,265
nested_ramp,machine,973,picked,2850000,0.9607,229
nested_ramp,machine,973,picked,2950000,0.9689,193
nested_ramp,machine,973,picked,3050000,0.9693,228
nested_ramp,machine,973,picked,3150000,0.9626,214
nested_ramp,machine,973,picked,3250000,0.9667,210
nested_ramp,machine,973,picked,3350000,0.9506,162
nested_ramp,machine,973,picked,3450000,0.9567,254
nested_ramp,machine,973,picked,3550000,0.9671,213
nested_ramp,machine,973,picked,3650000,0.9727,220
nested_ramp,machine,973,picked,3750000,0.9788,189
nested_ramp,machine,973,picked,3850000,0.9750,240
nested_ramp,machine,973,picked,3950000,0.9789,190
nested_ramp,machine,974,picked,50000,0.0000,99
nested_ramp,machine,974,picked,150000,0.0631,111
nested_ramp,machine,974,picked,250000,0.0826,109
nested_ramp,machine,974,picked,350000,0.2051,117
nested_ramp,machine,974,picked,450000,0.1966,117
nested_ramp,machine,974,picked,550000,0.5926,162
nested_ramp,machine,974,picked,650000,0.7609,184
nested_ramp,machine,974,picked,750000,0.7945,146
nested_ramp,machine,974,picked,850000,0.8782,156
nested_ramp,machine,974,picked,950000,0.8765,170
nested_ramp,machine,974,picked,1050000,0.8071,197
nested_ramp,machine,974,picked,1150000,0.8225,231
nested_ramp,machine,974,picked,1250000,0.8981,206
nested_ramp,machine,974,picked,1350000,0.9482,251
nested_ramp,machine,974,picked,1450000,0.8745,255
nested_ramp,machine,974,picked,1550000,0.8558,215
nested_ramp,machine,974,picked,1650000,0.9444,54
nested_ramp,machine,974,picked,1750000,,0
nested_ramp,machine,974,picked,1850000,,0
nested_ramp,machine,974,picked,1950000,,0
nested_ramp,machine,974,picked,2050000,,0
nested_ramp,machine,974,picked,2150000,,0
nested_ramp,machine,974,picked,2250000,,0
nested_ramp,machine,974,picked,2350000,,0
nested_ramp,machine,974,picked,2450000,,0
nested_ramp,machine,974,picked,2550000,,0
nested_ramp,machine,974,picked,2650000,,0
nested_ramp,machine,974,picked,2750000,,0
nested_ramp,machine,974,picked,2850000,,0
nested_ramp,machine,974,picked,2950000,,0
nested_ramp,machine,974,picked,3050000,,0
nested_ramp,machine,974,picked,3150000,,0
nested_ramp,machine,974,picked,3250000,,0
nested_ramp,machine,974,picked,3350000,,0
nested_ramp,machine,974,picked,3450000,,0
nested_ramp,machine,974,picked,3550000,,0
nested_ramp,machine,974,picked,3650000,,0
nested_ramp,machine,974,picked,3750000,,0
nested_ramp,machine,974,picked,3850000,,0
nested_ramp,machine,974,picked,3950000,,0
nested_ramp,machine,979,picked,50000,0.0235,85
nested_ramp,machine,979,picked,150000,0.0404,99
nested_ramp,machine,979,picked,250000,0.0842,95
nested_ramp,machine,979,picked,350000,0.0377,106
nested_ramp,machine,979,picked,450000,0.0943,106
nested_ramp,machine,979,picked,550000,0.1416,113
nested_ramp,machine,979,picked,650000,0.3444,151
nested_ramp,machine,979,picked,750000,0.4184,141
nested_ramp,machine,979,picked,850000,0.6000,170
nested_ramp,machine,979,picked,950000,0.6106,208
nested_ramp,machine,979,picked,1050000,0.7895,209
nested_ramp,machine,979,picked,1150000,0.8253,166
nested_ramp,machine,979,picked,1250000,0.8052,231
nested_ramp,machine,979,picked,1350000,0.8333,216
nested_ramp,machine,979,picked,1450000,0.8033,244
nested_ramp,machine,979,picked,1550000,0.7511,229
nested_ramp,machine,979,picked,1650000,0.9167,48
nested_ramp,machine,979,picked,1750000,,0
nested_ramp,machine,979,picked,1850000,,0
nested_ramp,machine,979,picked,1950000,,0
nested_ramp,machine,979,picked,2050000,,0
nested_ramp,machine,979,picked,2150000,,0
nested_ramp,machine,979,picked,2250000,,0
nested_ramp,machine,979,picked,2350000,,0
nested_ramp,machine,979,picked,2450000,,0
nested_ramp,machine,979,picked,2550000,,0
nested_ramp,machine,979,picked,2650000,,0
nested_ramp,machine,979,picked,2750000,,0
nested_ramp,machine,979,picked,2850000,,0
nested_ramp,machine,979,picked,2950000,,0
nested_ramp,machine,979,picked,3050000,,0
nested_ramp,machine,979,picked,3150000,,0
nested_ramp,machine,979,picked,3250000,,0
nested_ramp,machine,979,picked,3350000,,0
nested_ramp,machine,979,picked,3450000,,0
nested_ramp,machine,979,picked,3550000,,0
nested_ramp,machine,979,picked,3650000,,0
nested_ramp,machine,979,picked,3750000,,0
nested_ramp,machine,979,picked,3850000,,0
nested_ramp,machine,979,picked,3950000,,0
nested_ramp,machine,980,picked,50000,0.0119,84
nested_ramp,machine,980,picked,150000,0.0102,98
nested_ramp,machine,980,picked,250000,0.0192,104
nested_ramp,machine,980,picked,350000,0.0560,125
nested_ramp,machine,980,picked,450000,0.0577,104
nested_ramp,machine,980,picked,550000,0.0625,112
nested_ramp,machine,980,picked,650000,0.2197,132
nested_ramp,machine,980,picked,750000,0.2764,123
nested_ramp,machine,980,picked,850000,0.6379,174
nested_ramp,machine,980,picked,950000,0.6477,176
nested_ramp,machine,980,picked,1050000,0.8010,206
nested_ramp,machine,980,picked,1150000,0.8232,181
nested_ramp,machine,980,picked,1250000,0.8876,169
nested_ramp,machine,980,picked,1350000,0.9145,152
nested_ramp,machine,980,picked,1450000,0.8938,160
nested_ramp,machine,980,picked,1550000,0.9203,138
nested_ramp,machine,980,picked,1650000,0.9325,163
nested_ramp,machine,980,picked,1750000,0.8516,182
nested_ramp,machine,980,picked,1850000,0.8596,114
nested_ramp,machine,980,picked,1950000,,0
nested_ramp,machine,980,picked,2050000,,0
nested_ramp,machine,980,picked,2150000,,0
nested_ramp,machine,980,picked,2250000,,0
nested_ramp,machine,980,picked,2350000,,0
nested_ramp,machine,980,picked,2450000,,0
nested_ramp,machine,980,picked,2550000,,0
nested_ramp,machine,980,picked,2650000,,0
nested_ramp,machine,980,picked,2750000,,0
nested_ramp,machine,980,picked,2850000,,0
nested_ramp,machine,980,picked,2950000,,0
nested_ramp,machine,980,picked,3050000,,0
nested_ramp,machine,980,picked,3150000,,0
nested_ramp,machine,980,picked,3250000,,0
nested_ramp,machine,980,picked,3350000,,0
nested_ramp,machine,980,picked,3450000,,0
nested_ramp,machine,980,picked,3550000,,0
nested_ramp,machine,980,picked,3650000,,0
nested_ramp,machine,980,picked,3750000,,0
nested_ramp,machine,980,picked,3850000,,0
nested_ramp,machine,980,picked,3950000,,0
nested_ramp,machine,981,picked,50000,0.0114,88
nested_ramp,machine,981,picked,150000,0.0101,99
nested_ramp,machine,981,picked,250000,0.0306,98
nested_ramp,machine,981,picked,350000,0.0521,96
nested_ramp,machine,981,picked,450000,0.0609,115
nested_ramp,machine,981,picked,550000,0.0286,105
nested_ramp,machine,981,picked,650000,0.0108,93
nested_ramp,machine,981,picked,750000,0.2203,118
nested_ramp,machine,981,picked,850000,0.4032,124
nested_ramp,machine,981,picked,950000,0.6723,177
nested_ramp,machine,981,picked,1050000,0.5270,148
nested_ramp,machine,981,picked,1150000,0.6796,181
nested_ramp,machine,981,picked,1250000,0.7143,203
nested_ramp,machine,981,picked,1350000,0.7634,262
nested_ramp,machine,981,picked,1450000,0.8264,288
nested_ramp,machine,981,picked,1550000,0.8548,248
nested_ramp,machine,981,picked,1650000,0.7969,256
nested_ramp,machine,981,picked,1750000,0.8361,299
nested_ramp,machine,981,picked,1850000,0.8674,181
nested_ramp,machine,981,picked,1950000,,0
nested_ramp,machine,981,picked,2050000,,0
nested_ramp,machine,981,picked,2150000,,0
nested_ramp,machine,981,picked,2250000,,0
nested_ramp,machine,981,picked,2350000,,0
nested_ramp,machine,981,picked,2450000,,0
nested_ramp,machine,981,picked,2550000,,0
nested_ramp,machine,981,picked,2650000,,0
nested_ramp,machine,981,picked,2750000,,0
nested_ramp,machine,981,picked,2850000,,0
nested_ramp,machine,981,picked,2950000,,0
nested_ramp,machine,981,picked,3050000,,0
nested_ramp,machine,981,picked,3150000,,0
nested_ramp,machine,981,picked,3250000,,0
nested_ramp,machine,981,picked,3350000,,0
nested_ramp,machine,981,picked,3450000,,0
nested_ramp,machine,981,picked,3550000,,0
nested_ramp,machine,981,picked,3650000,,0
nested_ramp,machine,981,picked,3750000,,0
nested_ramp,machine,981,picked,3850000,,0
nested_ramp,machine,981,picked,3950000,,0
nested_ramp,human,950,placed_v2,50000,0.0000,93
nested_ramp,human,950,placed_v2,150000,0.0000,104
nested_ramp,human,950,placed_v2,250000,0.0000,112
nested_ramp,human,950,placed_v2,350000,0.0179,112
nested_ramp,human,950,placed_v2,450000,0.0079,126
nested_ramp,human,950,placed_v2,550000,0.0075,134
nested_ramp,human,950,placed_v2,650000,0.1634,202
nested_ramp,human,950,placed_v2,750000,0.3837,172
nested_ramp,human,950,placed_v2,850000,0.5135,185
nested_ramp,human,950,placed_v2,950000,0.6648,176
nested_ramp,human,950,placed_v2,1050000,0.4022,179
nested_ramp,human,950,placed_v2,1150000,0.6154,182
nested_ramp,human,950,placed_v2,1250000,0.5825,206
nested_ramp,human,950,placed_v2,1350000,0.6562,192
nested_ramp,human,950,placed_v2,1450000,0.7812,224
nested_ramp,human,950,placed_v2,1550000,0.6918,292
nested_ramp,human,950,placed_v2,1650000,0.7184,309
nested_ramp,human,950,placed_v2,1750000,0.7047,298
nested_ramp,human,950,placed_v2,1850000,0.6884,292
nested_ramp,human,950,placed_v2,1950000,0.7260,281
nested_ramp,human,950,placed_v2,2050000,,0
nested_ramp,human,950,placed_v2,2150000,,0
nested_ramp,human,950,placed_v2,2250000,,0
nested_ramp,human,950,placed_v2,2350000,,0
nested_ramp,human,950,placed_v2,2450000,,0
nested_ramp,human,950,placed_v2,2550000,,0
nested_ramp,human,950,placed_v2,2650000,,0
nested_ramp,human,950,placed_v2,2750000,,0
nested_ramp,human,950,placed_v2,2850000,,0
nested_ramp,human,950,placed_v2,2950000,,0
nested_ramp,human,950,placed_v2,3050000,,0
nested_ramp,human,950,placed_v2,3150000,,0
nested_ramp,human,950,placed_v2,3250000,,0
nested_ramp,human,950,placed_v2,3350000,,0
nested_ramp,human,950,placed_v2,3450000,,0
nested_ramp,human,950,placed_v2,3550000,,0
nested_ramp,human,950,placed_v2,3650000,,0
nested_ramp,human,950,placed_v2,3750000,,0
nested_ramp,human,950,placed_v2,3850000,,0
nested_ramp,human,950,placed_v2,3950000,,0
nested_ramp,human,951,placed_v2,50000,0.0000,96
nested_ramp,human,951,placed_v2,150000,0.0000,97
nested_ramp,human,951,placed_v2,250000,0.0000,108
nested_ramp,human,951,placed_v2,350000,0.0000,109
nested_ramp,human,951,placed_v2,450000,0.0000,106
nested_ramp,human,951,placed_v2,550000,0.0000,123
nested_ramp,human,951,placed_v2,650000,0.0301,133
nested_ramp,human,951,placed_v2,750000,0.0292,171
nested_ramp,human,951,placed_v2,850000,0.0842,190
nested_ramp,human,951,placed_v2,950000,0.4233,189
nested_ramp,human,951,placed_v2,1050000,0.4754,183
nested_ramp,human,951,placed_v2,1150000,0.5127,197
nested_ramp,human,951,placed_v2,1250000,0.4274,248
nested_ramp,human,951,placed_v2,1350000,0.5556,171
nested_ramp,human,951,placed_v2,1450000,0.6450,231
nested_ramp,human,951,placed_v2,1550000,0.6566,198
nested_ramp,human,951,placed_v2,1650000,0.6409,259
nested_ramp,human,951,placed_v2,1750000,0.6473,275
nested_ramp,human,951,placed_v2,1850000,0.6516,310
nested_ramp,human,951,placed_v2,1950000,0.7237,304
nested_ramp,human,951,placed_v2,2050000,,0
nested_ramp,human,951,placed_v2,2150000,,0
nested_ramp,human,951,placed_v2,2250000,,0
nested_ramp,human,951,placed_v2,2350000,,0
nested_ramp,human,951,placed_v2,2450000,,0
nested_ramp,human,951,placed_v2,2550000,,0
nested_ramp,human,951,placed_v2,2650000,,0
nested_ramp,human,951,placed_v2,2750000,,0
nested_ramp,human,951,placed_v2,2850000,,0
nested_ramp,human,951,placed_v2,2950000,,0
nested_ramp,human,951,placed_v2,3050000,,0
nested_ramp,human,951,placed_v2,3150000,,0
nested_ramp,human,951,placed_v2,3250000,,0
nested_ramp,human,951,placed_v2,3350000,,0
nested_ramp,human,951,placed_v2,3450000,,0
nested_ramp,human,951,placed_v2,3550000,,0
nested_ramp,human,951,placed_v2,3650000,,0
nested_ramp,human,951,placed_v2,3750000,,0
nested_ramp,human,951,placed_v2,3850000,,0
nested_ramp,human,951,placed_v2,3950000,,0
nested_ramp,human,952,placed_v2,50000,0.0000,94
nested_ramp,human,952,placed_v2,150000,0.0000,101
nested_ramp,human,952,placed_v2,250000,0.0000,110
nested_ramp,human,952,placed_v2,350000,0.0093,107
nested_ramp,human,952,placed_v2,450000,0.0000,89
nested_ramp,human,952,placed_v2,550000,0.0000,100
nested_ramp,human,952,placed_v2,650000,0.0227,132
nested_ramp,human,952,placed_v2,750000,0.0625,128
nested_ramp,human,952,placed_v2,850000,0.0539,167
nested_ramp,human,952,placed_v2,950000,0.1569,204
nested_ramp,human,952,placed_v2,1050000,0.3529,204
nested_ramp,human,952,placed_v2,1150000,0.3316,187
nested_ramp,human,952,placed_v2,1250000,0.4356,202
nested_ramp,human,952,placed_v2,1350000,0.2840,250
nested_ramp,human,952,placed_v2,1450000,0.4845,258
nested_ramp,human,952,placed_v2,1550000,0.5065,231
nested_ramp,human,952,placed_v2,1650000,0.4891,276
nested_ramp,human,952,placed_v2,1750000,0.5072,278
nested_ramp,human,952,placed_v2,1850000,0.5506,267
nested_ramp,human,952,placed_v2,1950000,0.6479,284
nested_ramp,human,952,placed_v2,2050000,0.5655,267
nested_ramp,human,952,placed_v2,2150000,0.6180,356
nested_ramp,human,952,placed_v2,2250000,0.5775,355
nested_ramp,human,952,placed_v2,2350000,0.5965,399
nested_ramp,human,952,placed_v2,2450000,0.7616,365
nested_ramp,human,952,placed_v2,2550000,0.8393,336
nested_ramp,human,952,placed_v2,2650000,0.8063,253
nested_ramp,human,952,placed_v2,2750000,0.8346,266
nested_ramp,human,952,placed_v2,2850000,0.8800,250
nested_ramp,human,952,placed_v2,2950000,0.8411,321
nested_ramp,human,952,placed_v2,3050000,0.8431,274
nested_ramp,human,952,placed_v2,3150000,0.9070,215
nested_ramp,human,952,placed_v2,3250000,0.9208,240
nested_ramp,human,952,placed_v2,3350000,0.9531,277
nested_ramp,human,952,placed_v2,3450000,0.9488,215
nested_ramp,human,952,placed_v2,3550000,0.9524,189
nested_ramp,human,952,placed_v2,3650000,0.9593,221
nested_ramp,human,952,placed_v2,3750000,0.9319,191
nested_ramp,human,952,placed_v2,3850000,0.9200,175
nested_ramp,human,952,placed_v2,3950000,0.9286,182
nested_ramp,human,953,placed_v2,50000,0.0000,97
nested_ramp,human,953,placed_v2,150000,0.0098,102
nested_ramp,human,953,placed_v2,250000,0.0000,112
nested_ramp,human,953,placed_v2,350000,0.0000,110
nested_ramp,human,953,placed_v2,450000,0.0283,106
nested_ramp,human,953,placed_v2,550000,0.0000,98
nested_ramp,human,953,placed_v2,650000,0.0083,120
nested_ramp,human,953,placed_v2,750000,0.0068,147
nested_ramp,human,953,placed_v2,850000,0.0625,160
nested_ramp,human,953,placed_v2,950000,0.2262,168
nested_ramp,human,953,placed_v2,1050000,0.1467,184
nested_ramp,human,953,placed_v2,1150000,0.5569,167
nested_ramp,human,953,placed_v2,1250000,0.4088,159
nested_ramp,human,953,placed_v2,1350000,0.6143,140
nested_ramp,human,953,placed_v2,1450000,0.5625,160
nested_ramp,human,953,placed_v2,1550000,0.5000,210
nested_ramp,human,953,placed_v2,1650000,0.5109,229
nested_ramp,human,953,placed_v2,1750000,0.5843,255
nested_ramp,human,953,placed_v2,1850000,0.5292,240
nested_ramp,human,953,placed_v2,1950000,0.4982,277
nested_ramp,human,953,placed_v2,2050000,0.4391,312
nested_ramp,human,953,placed_v2,2150000,0.6250,360
nested_ramp,human,953,placed_v2,2250000,0.8803,259
nested_ramp,human,953,placed_v2,2350000,0.8052,308
nested_ramp,human,953,placed_v2,2450000,0.5635,378
nested_ramp,human,953,placed_v2,2550000,0.7883,359
nested_ramp,human,953,placed_v2,2650000,0.8286,245
nested_ramp,human,953,placed_v2,2750000,0.8000,210
nested_ramp,human,953,placed_v2,2850000,0.8383,303
nested_ramp,human,953,placed_v2,2950000,0.8664,262
nested_ramp,human,953,placed_v2,3050000,0.9322,236
nested_ramp,human,953,placed_v2,3150000,0.8856,271
nested_ramp,human,953,placed_v2,3250000,0.8669,293
nested_ramp,human,953,placed_v2,3350000,0.9381,226
nested_ramp,human,953,placed_v2,3450000,0.9239,184
nested_ramp,human,953,placed_v2,3550000,0.8739,222
nested_ramp,human,953,placed_v2,3650000,0.9007,151
nested_ramp,human,953,placed_v2,3750000,0.8780,164
nested_ramp,human,953,placed_v2,3850000,0.9274,179
nested_ramp,human,953,placed_v2,3950000,0.9500,180
nested_ramp,human,954,placed_v2,50000,0.0000,88
nested_ramp,human,954,placed_v2,150000,0.0000,100
nested_ramp,human,954,placed_v2,250000,0.0000,105
nested_ramp,human,954,placed_v2,350000,0.0000,104
nested_ramp,human,954,placed_v2,450000,0.0000,99
nested_ramp,human,954,placed_v2,550000,0.0093,108
nested_ramp,human,954,placed_v2,650000,0.0000,146
nested_ramp,human,954,placed_v2,750000,0.0147,136
nested_ramp,human,954,placed_v2,850000,0.0060,168
nested_ramp,human,954,placed_v2,950000,0.0215,186
nested_ramp,human,954,placed_v2,1050000,0.0243,206
nested_ramp,human,954,placed_v2,1150000,0.2775,191
nested_ramp,human,954,placed_v2,1250000,0.5024,209
nested_ramp,human,954,placed_v2,1350000,0.4286,231
nested_ramp,human,954,placed_v2,1450000,0.4530,234
nested_ramp,human,954,placed_v2,1550000,0.4629,229
nested_ramp,human,954,placed_v2,1650000,0.5089,112
nested_ramp,human,954,placed_v2,1750000,,0
nested_ramp,human,954,placed_v2,1850000,,0
nested_ramp,human,954,placed_v2,1950000,,0
nested_ramp,human,954,placed_v2,2050000,,0
nested_ramp,human,954,placed_v2,2150000,,0
nested_ramp,human,954,placed_v2,2250000,,0
nested_ramp,human,954,placed_v2,2350000,,0
nested_ramp,human,954,placed_v2,2450000,,0
nested_ramp,human,954,placed_v2,2550000,,0
nested_ramp,human,954,placed_v2,2650000,,0
nested_ramp,human,954,placed_v2,2750000,,0
nested_ramp,human,954,placed_v2,2850000,,0
nested_ramp,human,954,placed_v2,2950000,,0
nested_ramp,human,954,placed_v2,3050000,,0
nested_ramp,human,954,placed_v2,3150000,,0
nested_ramp,human,954,placed_v2,3250000,,0
nested_ramp,human,954,placed_v2,3350000,,0
nested_ramp,human,954,placed_v2,3450000,,0
nested_ramp,human,954,placed_v2,3550000,,0
nested_ramp,human,954,placed_v2,3650000,,0
nested_ramp,human,954,placed_v2,3750000,,0
nested_ramp,human,954,placed_v2,3850000,,0
nested_ramp,human,954,placed_v2,3950000,,0
nested_ramp,human,959,placed_v2,50000,0.0000,98
nested_ramp,human,959,placed_v2,150000,0.0000,102
nested_ramp,human,959,placed_v2,250000,0.0000,110
nested_ramp,human,959,placed_v2,350000,0.0000,102
nested_ramp,human,959,placed_v2,450000,0.0000,103
nested_ramp,human,959,placed_v2,550000,0.0000,107
nested_ramp,human,959,placed_v2,650000,0.0000,146
nested_ramp,human,959,placed_v2,750000,0.0167,180
nested_ramp,human,959,placed_v2,850000,0.0000,218
nested_ramp,human,959,placed_v2,950000,0.0245,204
nested_ramp,human,959,placed_v2,1050000,0.3155,187
nested_ramp,human,959,placed_v2,1150000,0.4593,172
nested_ramp,human,959,placed_v2,1250000,0.5959,193
nested_ramp,human,959,placed_v2,1350000,0.5234,235
nested_ramp,human,959,placed_v2,1450000,0.4950,202
nested_ramp,human,959,placed_v2,1550000,0.6575,254
nested_ramp,human,959,placed_v2,1650000,0.6267,75
nested_ramp,human,959,placed_v2,1750000,,0
nested_ramp,human,959,placed_v2,1850000,,0
nested_ramp,human,959,placed_v2,1950000,,0
nested_ramp,human,959,placed_v2,2050000,,0
nested_ramp,human,959,placed_v2,2150000,,0
nested_ramp,human,959,placed_v2,2250000,,0
nested_ramp,human,959,placed_v2,2350000,,0
nested_ramp,human,959,placed_v2,2450000,,0
nested_ramp,human,959,placed_v2,2550000,,0
nested_ramp,human,959,placed_v2,2650000,,0
nested_ramp,human,959,placed_v2,2750000,,0
nested_ramp,human,959,placed_v2,2850000,,0
nested_ramp,human,959,placed_v2,2950000,,0
nested_ramp,human,959,placed_v2,3050000,,0
nested_ramp,human,959,placed_v2,3150000,,0
nested_ramp,human,959,placed_v2,3250000,,0
nested_ramp,human,959,placed_v2,3350000,,0
nested_ramp,human,959,placed_v2,3450000,,0
nested_ramp,human,959,placed_v2,3550000,,0
nested_ramp,human,959,placed_v2,3650000,,0
nested_ramp,human,959,placed_v2,3750000,,0
nested_ramp,human,959,placed_v2,3850000,,0
nested_ramp,human,959,placed_v2,3950000,,0
nested_ramp,human,960,placed_v2,50000,0.0112,89
nested_ramp,human,960,placed_v2,150000,0.0000,95
nested_ramp,human,960,placed_v2,250000,0.0000,110
nested_ramp,human,960,placed_v2,350000,0.0000,121
nested_ramp,human,960,placed_v2,450000,0.0167,120
nested_ramp,human,960,placed_v2,550000,0.0544,147
nested_ramp,human,960,placed_v2,650000,0.0281,178
nested_ramp,human,960,placed_v2,750000,0.1455,220
nested_ramp,human,960,placed_v2,850000,0.3604,222
nested_ramp,human,960,placed_v2,950000,0.2690,197
nested_ramp,human,960,placed_v2,1050000,0.4706,187
nested_ramp,human,960,placed_v2,1150000,0.4338,219
nested_ramp,human,960,placed_v2,1250000,0.6077,209
nested_ramp,human,960,placed_v2,1350000,0.5777,251
nested_ramp,human,960,placed_v2,1450000,0.6907,194
nested_ramp,human,960,placed_v2,1550000,0.6528,193
nested_ramp,human,960,placed_v2,1650000,0.6484,219
nested_ramp,human,960,placed_v2,1750000,0.8333,6
nested_ramp,human,960,placed_v2,1850000,,0
nested_ramp,human,960,placed_v2,1950000,,0
nested_ramp,human,960,placed_v2,2050000,,0
nested_ramp,human,960,placed_v2,2150000,,0
nested_ramp,human,960,placed_v2,2250000,,0
nested_ramp,human,960,placed_v2,2350000,,0
nested_ramp,human,960,placed_v2,2450000,,0
nested_ramp,human,960,placed_v2,2550000,,0
nested_ramp,human,960,placed_v2,2650000,,0
nested_ramp,human,960,placed_v2,2750000,,0
nested_ramp,human,960,placed_v2,2850000,,0
nested_ramp,human,960,placed_v2,2950000,,0
nested_ramp,human,960,placed_v2,3050000,,0
nested_ramp,human,960,placed_v2,3150000,,0
nested_ramp,human,960,placed_v2,3250000,,0
nested_ramp,human,960,placed_v2,3350000,,0
nested_ramp,human,960,placed_v2,3450000,,0
nested_ramp,human,960,placed_v2,3550000,,0
nested_ramp,human,960,placed_v2,3650000,,0
nested_ramp,human,960,placed_v2,3750000,,0
nested_ramp,human,960,placed_v2,3850000,,0
nested_ramp,human,960,placed_v2,3950000,,0
nested_ramp,human,961,placed_v2,50000,0.0000,91
nested_ramp,human,961,placed_v2,150000,0.0000,113
nested_ramp,human,961,placed_v2,250000,0.0000,102
nested_ramp,human,961,placed_v2,350000,0.0000,116
nested_ramp,human,961,placed_v2,450000,0.0150,133
nested_ramp,human,961,placed_v2,550000,0.0720,125
nested_ramp,human,961,placed_v2,650000,0.2313,134
nested_ramp,human,961,placed_v2,750000,0.2745,153
nested_ramp,human,961,placed_v2,850000,0.3728,169
nested_ramp,human,961,placed_v2,950000,0.4345,145
nested_ramp,human,961,placed_v2,1050000,0.5755,139
nested_ramp,human,961,placed_v2,1150000,0.5160,188
nested_ramp,human,961,placed_v2,1250000,0.5591,186
nested_ramp,human,961,placed_v2,1350000,0.5257,175
nested_ramp,human,961,placed_v2,1450000,0.4746,177
nested_ramp,human,961,placed_v2,1550000,0.7198,182
nested_ramp,human,961,placed_v2,1650000,0.6784,171
nested_ramp,human,961,placed_v2,1750000,0.7600,25
nested_ramp,human,961,placed_v2,1850000,,0
nested_ramp,human,961,placed_v2,1950000,,0
nested_ramp,human,961,placed_v2,2050000,,0
nested_ramp,human,961,placed_v2,2150000,,0
nested_ramp,human,961,placed_v2,2250000,,0
nested_ramp,human,961,placed_v2,2350000,,0
nested_ramp,human,961,placed_v2,2450000,,0
nested_ramp,human,961,placed_v2,2550000,,0
nested_ramp,human,961,placed_v2,2650000,,0
nested_ramp,human,961,placed_v2,2750000,,0
nested_ramp,human,961,placed_v2,2850000,,0
nested_ramp,human,961,placed_v2,2950000,,0
nested_ramp,human,961,placed_v2,3050000,,0
nested_ramp,human,961,placed_v2,3150000,,0
nested_ramp,human,961,placed_v2,3250000,,0
nested_ramp,human,961,placed_v2,3350000,,0
nested_ramp,human,961,placed_v2,3450000,,0
nested_ramp,human,961,placed_v2,3550000,,0
nested_ramp,human,961,placed_v2,3650000,,0
nested_ramp,human,961,placed_v2,3750000,,0
nested_ramp,human,961,placed_v2,3850000,,0
nested_ramp,human,961,placed_v2,3950000,,0
nested_ramp,machine,970,placed_v2,50000,0.0000,93
nested_ramp,machine,970,placed_v2,150000,0.0000,98
nested_ramp,machine,970,placed_v2,250000,0.0000,101
nested_ramp,machine,970,placed_v2,350000,0.0000,107
nested_ramp,machine,970,placed_v2,450000,0.0179,112
nested_ramp,machine,970,placed_v2,550000,0.0307,163
nested_ramp,machine,970,placed_v2,650000,0.1359,184
nested_ramp,machine,970,placed_v2,750000,0.3502,217
nested_ramp,machine,970,placed_v2,850000,0.4141,227
nested_ramp,machine,970,placed_v2,950000,0.5780,173
nested_ramp,machine,970,placed_v2,1050000,0.6338,213
nested_ramp,machine,970,placed_v2,1150000,0.5540,213
nested_ramp,machine,970,placed_v2,1250000,0.7312,279
nested_ramp,machine,970,placed_v2,1350000,0.6367,300
nested_ramp,machine,970,placed_v2,1450000,0.5684,285
nested_ramp,machine,970,placed_v2,1550000,0.6353,266
nested_ramp,machine,970,placed_v2,1650000,0.6899,287
nested_ramp,machine,970,placed_v2,1750000,0.7072,304
nested_ramp,machine,970,placed_v2,1850000,0.7793,299
nested_ramp,machine,970,placed_v2,1950000,0.8392,255
nested_ramp,machine,970,placed_v2,2050000,,0
nested_ramp,machine,970,placed_v2,2150000,,0
nested_ramp,machine,970,placed_v2,2250000,,0
nested_ramp,machine,970,placed_v2,2350000,,0
nested_ramp,machine,970,placed_v2,2450000,,0
nested_ramp,machine,970,placed_v2,2550000,,0
nested_ramp,machine,970,placed_v2,2650000,,0
nested_ramp,machine,970,placed_v2,2750000,,0
nested_ramp,machine,970,placed_v2,2850000,,0
nested_ramp,machine,970,placed_v2,2950000,,0
nested_ramp,machine,970,placed_v2,3050000,,0
nested_ramp,machine,970,placed_v2,3150000,,0
nested_ramp,machine,970,placed_v2,3250000,,0
nested_ramp,machine,970,placed_v2,3350000,,0
nested_ramp,machine,970,placed_v2,3450000,,0
nested_ramp,machine,970,placed_v2,3550000,,0
nested_ramp,machine,970,placed_v2,3650000,,0
nested_ramp,machine,970,placed_v2,3750000,,0
nested_ramp,machine,970,placed_v2,3850000,,0
nested_ramp,machine,970,placed_v2,3950000,,0
nested_ramp,machine,971,placed_v2,50000,0.0000,96
nested_ramp,machine,971,placed_v2,150000,0.0000,102
nested_ramp,machine,971,placed_v2,250000,0.0000,105
nested_ramp,machine,971,placed_v2,350000,0.0102,98
nested_ramp,machine,971,placed_v2,450000,0.0000,132
nested_ramp,machine,971,placed_v2,550000,0.0000,121
nested_ramp,machine,971,placed_v2,650000,0.0000,180
nested_ramp,machine,971,placed_v2,750000,0.0000,170
nested_ramp,machine,971,placed_v2,850000,0.0231,216
nested_ramp,machine,971,placed_v2,950000,0.3855,249
nested_ramp,machine,971,placed_v2,1050000,0.4440,232
nested_ramp,machine,971,placed_v2,1150000,0.6212,198
nested_ramp,machine,971,placed_v2,1250000,0.6549,226
nested_ramp,machine,971,placed_v2,1350000,0.4350,177
nested_ramp,machine,971,placed_v2,1450000,0.5576,217
nested_ramp,machine,971,placed_v2,1550000,0.6504,246
nested_ramp,machine,971,placed_v2,1650000,0.5382,275
nested_ramp,machine,971,placed_v2,1750000,0.5227,331
nested_ramp,machine,971,placed_v2,1850000,0.7593,270
nested_ramp,machine,971,placed_v2,1950000,0.6630,276
nested_ramp,machine,971,placed_v2,2050000,,0
nested_ramp,machine,971,placed_v2,2150000,,0
nested_ramp,machine,971,placed_v2,2250000,,0
nested_ramp,machine,971,placed_v2,2350000,,0
nested_ramp,machine,971,placed_v2,2450000,,0
nested_ramp,machine,971,placed_v2,2550000,,0
nested_ramp,machine,971,placed_v2,2650000,,0
nested_ramp,machine,971,placed_v2,2750000,,0
nested_ramp,machine,971,placed_v2,2850000,,0
nested_ramp,machine,971,placed_v2,2950000,,0
nested_ramp,machine,971,placed_v2,3050000,,0
nested_ramp,machine,971,placed_v2,3150000,,0
nested_ramp,machine,971,placed_v2,3250000,,0
nested_ramp,machine,971,placed_v2,3350000,,0
nested_ramp,machine,971,placed_v2,3450000,,0
nested_ramp,machine,971,placed_v2,3550000,,0
nested_ramp,machine,971,placed_v2,3650000,,0
nested_ramp,machine,971,placed_v2,3750000,,0
nested_ramp,machine,971,placed_v2,3850000,,0
nested_ramp,machine,971,placed_v2,3950000,,0
nested_ramp,machine,972,placed_v2,50000,0.0000,102
nested_ramp,machine,972,placed_v2,150000,0.0000,100
nested_ramp,machine,972,placed_v2,250000,0.0000,106
nested_ramp,machine,972,placed_v2,350000,0.0168,119
nested_ramp,machine,972,placed_v2,450000,0.0000,131
nested_ramp,machine,972,placed_v2,550000,0.0000,96
nested_ramp,machine,972,placed_v2,650000,0.0000,162
nested_ramp,machine,972,placed_v2,750000,0.0063,160
nested_ramp,machine,972,placed_v2,850000,0.1084,166
nested_ramp,machine,972,placed_v2,950000,0.1192,193
nested_ramp,machine,972,placed_v2,1050000,0.0398,201
nested_ramp,machine,972,placed_v2,1150000,0.1826,241
nested_ramp,machine,972,placed_v2,1250000,0.4583,216
nested_ramp,machine,972,placed_v2,1350000,0.4375,224
nested_ramp,machine,972,placed_v2,1450000,0.5991,212
nested_ramp,machine,972,placed_v2,1550000,0.5072,209
nested_ramp,machine,972,placed_v2,1650000,0.7150,214
nested_ramp,machine,972,placed_v2,1750000,0.6087,322
nested_ramp,machine,972,placed_v2,1850000,0.6064,282
nested_ramp,machine,972,placed_v2,1950000,0.6157,268
nested_ramp,machine,972,placed_v2,2050000,0.6654,266
nested_ramp,machine,972,placed_v2,2150000,0.6926,231
nested_ramp,machine,972,placed_v2,2250000,0.6293,259
nested_ramp,machine,972,placed_v2,2350000,0.7039,331
nested_ramp,machine,972,placed_v2,2450000,0.7702,248
nested_ramp,machine,972,placed_v2,2550000,0.7974,232
nested_ramp,machine,972,placed_v2,2650000,0.8750,256
nested_ramp,machine,972,placed_v2,2750000,0.7844,269
nested_ramp,machine,972,placed_v2,2850000,0.8259,224
nested_ramp,machine,972,placed_v2,2950000,0.8792,207
nested_ramp,machine,972,placed_v2,3050000,0.9553,179
nested_ramp,machine,972,placed_v2,3150000,0.9273,165
nested_ramp,machine,972,placed_v2,3250000,0.9119,193
nested_ramp,machine,972,placed_v2,3350000,0.9220,218
nested_ramp,machine,972,placed_v2,3450000,0.9222,257
nested_ramp,machine,972,placed_v2,3550000,0.9146,164
nested_ramp,machine,972,placed_v2,3650000,0.9254,228
nested_ramp,machine,972,placed_v2,3750000,0.9511,184
nested_ramp,machine,972,placed_v2,3850000,0.9461,167
nested_ramp,machine,972,placed_v2,3950000,0.9071,183
nested_ramp,machine,973,placed_v2,50000,0.0000,97
nested_ramp,machine,973,placed_v2,150000,0.0000,94
nested_ramp,machine,973,placed_v2,250000,0.0000,108
nested_ramp,machine,973,placed_v2,350000,0.0000,99
nested_ramp,machine,973,placed_v2,450000,0.0000,106
nested_ramp,machine,973,placed_v2,550000,0.0250,120
nested_ramp,machine,973,placed_v2,650000,0.0235,170
nested_ramp,machine,973,placed_v2,750000,0.0472,212
nested_ramp,machine,973,placed_v2,850000,0.2283,184
nested_ramp,machine,973,placed_v2,950000,0.4906,212
nested_ramp,machine,973,placed_v2,1050000,0.4740,192
nested_ramp,machine,973,placed_v2,1150000,0.5893,168
nested_ramp,machine,973,placed_v2,1250000,0.3853,218
nested_ramp,machine,973,placed_v2,1350000,0.6262,214
nested_ramp,machine,973,placed_v2,1450000,0.5261,211
nested_ramp,machine,973,placed_v2,1550000,0.6114,211
nested_ramp,machine,973,placed_v2,1650000,0.5748,214
nested_ramp,machine,973,placed_v2,1750000,0.5882,272
nested_ramp,machine,973,placed_v2,1850000,0.5478,272
nested_ramp,machine,973,placed_v2,1950000,0.5682,264
nested_ramp,machine,973,placed_v2,2050000,0.5804,286
nested_ramp,machine,973,placed_v2,2150000,0.6343,268
nested_ramp,machine,973,placed_v2,2250000,0.5972,216
nested_ramp,machine,973,placed_v2,2350000,0.7432,331
nested_ramp,machine,973,placed_v2,2450000,0.7417,271
nested_ramp,machine,973,placed_v2,2550000,0.8880,259
nested_ramp,machine,973,placed_v2,2650000,0.8667,210
nested_ramp,machine,973,placed_v2,2750000,0.9132,265
nested_ramp,machine,973,placed_v2,2850000,0.9258,229
nested_ramp,machine,973,placed_v2,2950000,0.9326,193
nested_ramp,machine,973,placed_v2,3050000,0.9298,228
nested_ramp,machine,973,placed_v2,3150000,0.8925,214
nested_ramp,machine,973,placed_v2,3250000,0.9190,210
nested_ramp,machine,973,placed_v2,3350000,0.9074,162
nested_ramp,machine,973,placed_v2,3450000,0.8898,254
nested_ramp,machine,973,placed_v2,3550000,0.9343,213
nested_ramp,machine,973,placed_v2,3650000,0.9045,220
nested_ramp,machine,973,placed_v2,3750000,0.9418,189
nested_ramp,machine,973,placed_v2,3850000,0.9458,240
nested_ramp,machine,973,placed_v2,3950000,0.9474,190
nested_ramp,machine,974,placed_v2,50000,0.0000,99
nested_ramp,machine,974,placed_v2,150000,0.0000,111
nested_ramp,machine,974,placed_v2,250000,0.0000,109
nested_ramp,machine,974,placed_v2,350000,0.0085,117
nested_ramp,machine,974,placed_v2,450000,0.0000,117
nested_ramp,machine,974,placed_v2,550000,0.0123,162
nested_ramp,machine,974,placed_v2,650000,0.2065,184
nested_ramp,machine,974,placed_v2,750000,0.2945,146
nested_ramp,machine,974,placed_v2,850000,0.6410,156
nested_ramp,machine,974,placed_v2,950000,0.5882,170
nested_ramp,machine,974,placed_v2,1050000,0.4670,197
nested_ramp,machine,974,placed_v2,1150000,0.5152,231
nested_ramp,machine,974,placed_v2,1250000,0.7379,206
nested_ramp,machine,974,placed_v2,1350000,0.6215,251
nested_ramp,machine,974,placed_v2,1450000,0.5765,255
nested_ramp,machine,974,placed_v2,1550000,0.5674,215
nested_ramp,machine,974,placed_v2,1650000,0.7407,54
nested_ramp,machine,974,placed_v2,1750000,,0
nested_ramp,machine,974,placed_v2,1850000,,0
nested_ramp,machine,974,placed_v2,1950000,,0
nested_ramp,machine,974,placed_v2,2050000,,0
nested_ramp,machine,974,placed_v2,2150000,,0
nested_ramp,machine,974,placed_v2,2250000,,0
nested_ramp,machine,974,placed_v2,2350000,,0
nested_ramp,machine,974,placed_v2,2450000,,0
nested_ramp,machine,974,placed_v2,2550000,,0
nested_ramp,machine,974,placed_v2,2650000,,0
nested_ramp,machine,974,placed_v2,2750000,,0
nested_ramp,machine,974,placed_v2,2850000,,0
nested_ramp,machine,974,placed_v2,2950000,,0
nested_ramp,machine,974,placed_v2,3050000,,0
nested_ramp,machine,974,placed_v2,3150000,,0
nested_ramp,machine,974,placed_v2,3250000,,0
nested_ramp,machine,974,placed_v2,3350000,,0
nested_ramp,machine,974,placed_v2,3450000,,0
nested_ramp,machine,974,placed_v2,3550000,,0
nested_ramp,machine,974,placed_v2,3650000,,0
nested_ramp,machine,974,placed_v2,3750000,,0
nested_ramp,machine,974,placed_v2,3850000,,0
nested_ramp,machine,974,placed_v2,3950000,,0
nested_ramp,machine,979,placed_v2,50000,0.0000,85
nested_ramp,machine,979,placed_v2,150000,0.0101,99
nested_ramp,machine,979,placed_v2,250000,0.0105,95
nested_ramp,machine,979,placed_v2,350000,0.0000,106
nested_ramp,machine,979,placed_v2,450000,0.0000,106
nested_ramp,machine,979,placed_v2,550000,0.0088,113
nested_ramp,machine,979,placed_v2,650000,0.0132,151
nested_ramp,machine,979,placed_v2,750000,0.0922,141
nested_ramp,machine,979,placed_v2,850000,0.2000,170
nested_ramp,machine,979,placed_v2,950000,0.2019,208
nested_ramp,machine,979,placed_v2,1050000,0.3158,209
nested_ramp,machine,979,placed_v2,1150000,0.5422,166
nested_ramp,machine,979,placed_v2,1250000,0.4545,231
nested_ramp,machine,979,placed_v2,1350000,0.5324,216
nested_ramp,machine,979,placed_v2,1450000,0.4959,244
nested_ramp,machine,979,placed_v2,1550000,0.5590,229
nested_ramp,machine,979,placed_v2,1650000,0.7708,48
nested_ramp,machine,979,placed_v2,1750000,,0
nested_ramp,machine,979,placed_v2,1850000,,0
nested_ramp,machine,979,placed_v2,1950000,,0
nested_ramp,machine,979,placed_v2,2050000,,0
nested_ramp,machine,979,placed_v2,2150000,,0
nested_ramp,machine,979,placed_v2,2250000,,0
nested_ramp,machine,979,placed_v2,2350000,,0
nested_ramp,machine,979,placed_v2,2450000,,0
nested_ramp,machine,979,placed_v2,2550000,,0
nested_ramp,machine,979,placed_v2,2650000,,0
nested_ramp,machine,979,placed_v2,2750000,,0
nested_ramp,machine,979,placed_v2,2850000,,0
nested_ramp,machine,979,placed_v2,2950000,,0
nested_ramp,machine,979,placed_v2,3050000,,0
nested_ramp,machine,979,placed_v2,3150000,,0
nested_ramp,machine,979,placed_v2,3250000,,0
nested_ramp,machine,979,placed_v2,3350000,,0
nested_ramp,machine,979,placed_v2,3450000,,0
nested_ramp,machine,979,placed_v2,3550000,,0
nested_ramp,machine,979,placed_v2,3650000,,0
nested_ramp,machine,979,placed_v2,3750000,,0
nested_ramp,machine,979,placed_v2,3850000,,0
nested_ramp,machine,979,placed_v2,3950000,,0
nested_ramp,machine,980,placed_v2,50000,0.0000,84
nested_ramp,machine,980,placed_v2,150000,0.0000,98
nested_ramp,machine,980,placed_v2,250000,0.0000,104
nested_ramp,machine,980,placed_v2,350000,0.0000,125
nested_ramp,machine,980,placed_v2,450000,0.0000,104
nested_ramp,machine,980,placed_v2,550000,0.0000,112
nested_ramp,machine,980,placed_v2,650000,0.0000,132
nested_ramp,machine,980,placed_v2,750000,0.0000,123
nested_ramp,machine,980,placed_v2,850000,0.0057,174
nested_ramp,machine,980,placed_v2,950000,0.0227,176
nested_ramp,machine,980,placed_v2,1050000,0.0971,206
nested_ramp,machine,980,placed_v2,1150000,0.2873,181
nested_ramp,machine,980,placed_v2,1250000,0.4379,169
nested_ramp,machine,980,placed_v2,1350000,0.6382,152
nested_ramp,machine,980,placed_v2,1450000,0.6125,160
nested_ramp,machine,980,placed_v2,1550000,0.6232,138
nested_ramp,machine,980,placed_v2,1650000,0.6074,163
nested_ramp,machine,980,placed_v2,1750000,0.4780,182
nested_ramp,machine,980,placed_v2,1850000,0.5789,114
nested_ramp,machine,980,placed_v2,1950000,,0
nested_ramp,machine,980,placed_v2,2050000,,0
nested_ramp,machine,980,placed_v2,2150000,,0
nested_ramp,machine,980,placed_v2,2250000,,0
nested_ramp,machine,980,placed_v2,2350000,,0
nested_ramp,machine,980,placed_v2,2450000,,0
nested_ramp,machine,980,placed_v2,2550000,,0
nested_ramp,machine,980,placed_v2,2650000,,0
nested_ramp,machine,980,placed_v2,2750000,,0
nested_ramp,machine,980,placed_v2,2850000,,0
nested_ramp,machine,980,placed_v2,2950000,,0
nested_ramp,machine,980,placed_v2,3050000,,0
nested_ramp,machine,980,placed_v2,3150000,,0
nested_ramp,machine,980,placed_v2,3250000,,0
nested_ramp,machine,980,placed_v2,3350000,,0
nested_ramp,machine,980,placed_v2,3450000,,0
nested_ramp,machine,980,placed_v2,3550000,,0
nested_ramp,machine,980,placed_v2,3650000,,0
nested_ramp,machine,980,placed_v2,3750000,,0
nested_ramp,machine,980,placed_v2,3850000,,0
nested_ramp,machine,980,placed_v2,3950000,,0
nested_ramp,machine,981,placed_v2,50000,0.0000,88
nested_ramp,machine,981,placed_v2,150000,0.0000,99
nested_ramp,machine,981,placed_v2,250000,0.0000,98
nested_ramp,machine,981,placed_v2,350000,0.0000,96
nested_ramp,machine,981,placed_v2,450000,0.0000,115
nested_ramp,machine,981,placed_v2,550000,0.0000,105
nested_ramp,machine,981,placed_v2,650000,0.0000,93
nested_ramp,machine,981,placed_v2,750000,0.0000,118
nested_ramp,machine,981,placed_v2,850000,0.0081,124
nested_ramp,machine,981,placed_v2,950000,0.0113,177
nested_ramp,machine,981,placed_v2,1050000,0.0068,148
nested_ramp,machine,981,placed_v2,1150000,0.1105,181
nested_ramp,machine,981,placed_v2,1250000,0.2365,203
nested_ramp,machine,981,placed_v2,1350000,0.4313,262
nested_ramp,machine,981,placed_v2,1450000,0.4514,288
nested_ramp,machine,981,placed_v2,1550000,0.4839,248
nested_ramp,machine,981,placed_v2,1650000,0.4336,256
nested_ramp,machine,981,placed_v2,1750000,0.5418,299
nested_ramp,machine,981,placed_v2,1850000,0.6519,181
nested_ramp,machine,981,placed_v2,1950000,,0
nested_ramp,machine,981,placed_v2,2050000,,0
nested_ramp,machine,981,placed_v2,2150000,,0
nested_ramp,machine,981,placed_v2,2250000,,0
nested_ramp,machine,981,placed_v2,2350000,,0
nested_ramp,machine,981,placed_v2,2450000,,0
nested_ramp,machine,981,placed_v2,2550000,,0
nested_ramp,machine,981,placed_v2,2650000,,0
nested_ramp,machine,981,placed_v2,2750000,,0
nested_ramp,machine,981,placed_v2,2850000,,0
nested_ramp,machine,981,placed_v2,2950000,,0
nested_ramp,machine,981,placed_v2,3050000,,0
nested_ramp,machine,981,placed_v2,3150000,,0
nested_ramp,machine,981,placed_v2,3250000,,0
nested_ramp,machine,981,placed_v2,3350000,,0
nested_ramp,machine,981,placed_v2,3450000,,0
nested_ramp,machine,981,placed_v2,3550000,,0
nested_ramp,machine,981,placed_v2,3650000,,0
nested_ramp,machine,981,placed_v2,3750000,,0
nested_ramp,machine,981,placed_v2,3850000,,0
nested_ramp,machine,981,placed_v2,3950000,,0
nested_ramp,human,950,farside,50000,0.0000,93
nested_ramp,human,950,farside,150000,0.0000,104
nested_ramp,human,950,farside,250000,0.0000,112
nested_ramp,human,950,farside,350000,0.0089,112
nested_ramp,human,950,farside,450000,0.0079,126
nested_ramp,human,950,farside,550000,0.0075,134
nested_ramp,human,950,farside,650000,0.1386,202
nested_ramp,human,950,farside,750000,0.2151,172
nested_ramp,human,950,farside,850000,0.3730,185
nested_ramp,human,950,farside,950000,0.5170,176
nested_ramp,human,950,farside,1050000,0.3464,179
nested_ramp,human,950,farside,1150000,0.5385,182
nested_ramp,human,950,farside,1250000,0.5583,206
nested_ramp,human,950,farside,1350000,0.6198,192
nested_ramp,human,950,farside,1450000,0.7589,224
nested_ramp,human,950,farside,1550000,0.6884,292
nested_ramp,human,950,farside,1650000,0.6990,309
nested_ramp,human,950,farside,1750000,0.6309,298
nested_ramp,human,950,farside,1850000,0.6644,292
nested_ramp,human,950,farside,1950000,0.7153,281
nested_ramp,human,950,farside,2050000,,0
nested_ramp,human,950,farside,2150000,,0
nested_ramp,human,950,farside,2250000,,0
nested_ramp,human,950,farside,2350000,,0
nested_ramp,human,950,farside,2450000,,0
nested_ramp,human,950,farside,2550000,,0
nested_ramp,human,950,farside,2650000,,0
nested_ramp,human,950,farside,2750000,,0
nested_ramp,human,950,farside,2850000,,0
nested_ramp,human,950,farside,2950000,,0
nested_ramp,human,950,farside,3050000,,0
nested_ramp,human,950,farside,3150000,,0
nested_ramp,human,950,farside,3250000,,0
nested_ramp,human,950,farside,3350000,,0
nested_ramp,human,950,farside,3450000,,0
nested_ramp,human,950,farside,3550000,,0
nested_ramp,human,950,farside,3650000,,0
nested_ramp,human,950,farside,3750000,,0
nested_ramp,human,950,farside,3850000,,0
nested_ramp,human,950,farside,3950000,,0
nested_ramp,human,951,farside,50000,0.0000,96
nested_ramp,human,951,farside,150000,0.0000,97
nested_ramp,human,951,farside,250000,0.0000,108
nested_ramp,human,951,farside,350000,0.0000,109
nested_ramp,human,951,farside,450000,0.0000,106
nested_ramp,human,951,farside,550000,0.0000,123
nested_ramp,human,951,farside,650000,0.0150,133
nested_ramp,human,951,farside,750000,0.0175,171
nested_ramp,human,951,farside,850000,0.0474,190
nested_ramp,human,951,farside,950000,0.2698,189
nested_ramp,human,951,farside,1050000,0.3661,183
nested_ramp,human,951,farside,1150000,0.4416,197
nested_ramp,human,951,farside,1250000,0.4073,248
nested_ramp,human,951,farside,1350000,0.4678,171
nested_ramp,human,951,farside,1450000,0.6364,231
nested_ramp,human,951,farside,1550000,0.6414,198
nested_ramp,human,951,farside,1650000,0.5869,259
nested_ramp,human,951,farside,1750000,0.6436,275
nested_ramp,human,951,farside,1850000,0.6387,310
nested_ramp,human,951,farside,1950000,0.7072,304
nested_ramp,human,951,farside,2050000,,0
nested_ramp,human,951,farside,2150000,,0
nested_ramp,human,951,farside,2250000,,0
nested_ramp,human,951,farside,2350000,,0
nested_ramp,human,951,farside,2450000,,0
nested_ramp,human,951,farside,2550000,,0
nested_ramp,human,951,farside,2650000,,0
nested_ramp,human,951,farside,2750000,,0
nested_ramp,human,951,farside,2850000,,0
nested_ramp,human,951,farside,2950000,,0
nested_ramp,human,951,farside,3050000,,0
nested_ramp,human,951,farside,3150000,,0
nested_ramp,human,951,farside,3250000,,0
nested_ramp,human,951,farside,3350000,,0
nested_ramp,human,951,farside,3450000,,0
nested_ramp,human,951,farside,3550000,,0
nested_ramp,human,951,farside,3650000,,0
nested_ramp,human,951,farside,3750000,,0
nested_ramp,human,951,farside,3850000,,0
nested_ramp,human,951,farside,3950000,,0
nested_ramp,human,952,farside,50000,0.0000,94
nested_ramp,human,952,farside,150000,0.0000,101
nested_ramp,human,952,farside,250000,0.0000,110
nested_ramp,human,952,farside,350000,0.0093,107
nested_ramp,human,952,farside,450000,0.0000,89
nested_ramp,human,952,farside,550000,0.0000,100
nested_ramp,human,952,farside,650000,0.0152,132
nested_ramp,human,952,farside,750000,0.0547,128
nested_ramp,human,952,farside,850000,0.0120,167
nested_ramp,human,952,farside,950000,0.1078,204
nested_ramp,human,952,farside,1050000,0.1765,204
nested_ramp,human,952,farside,1150000,0.2193,187
nested_ramp,human,952,farside,1250000,0.3218,202
nested_ramp,human,952,farside,1350000,0.2360,250
nested_ramp,human,952,farside,1450000,0.4380,258
nested_ramp,human,952,farside,1550000,0.4372,231
nested_ramp,human,952,farside,1650000,0.4565,276
nested_ramp,human,952,farside,1750000,0.4388,278
nested_ramp,human,952,farside,1850000,0.5356,267
nested_ramp,human,952,farside,1950000,0.6373,284
nested_ramp,human,952,farside,2050000,0.5581,267
nested_ramp,human,952,farside,2150000,0.6096,356
nested_ramp,human,952,farside,2250000,0.5746,355
nested_ramp,human,952,farside,2350000,0.5865,399
nested_ramp,human,952,farside,2450000,0.7479,365
nested_ramp,human,952,farside,2550000,0.8304,336
nested_ramp,human,952,farside,2650000,0.8024,253
nested_ramp,human,952,farside,2750000,0.8346,266
nested_ramp,human,952,farside,2850000,0.8760,250
nested_ramp,human,952,farside,2950000,0.8287,321
nested_ramp,human,952,farside,3050000,0.8248,274
nested_ramp,human,952,farside,3150000,0.9070,215
nested_ramp,human,952,farside,3250000,0.9208,240
nested_ramp,human,952,farside,3350000,0.9422,277
nested_ramp,human,952,farside,3450000,0.9209,215
nested_ramp,human,952,farside,3550000,0.9524,189
nested_ramp,human,952,farside,3650000,0.9593,221
nested_ramp,human,952,farside,3750000,0.9319,191
nested_ramp,human,952,farside,3850000,0.9200,175
nested_ramp,human,952,farside,3950000,0.9286,182
nested_ramp,human,953,farside,50000,0.0000,97
nested_ramp,human,953,farside,150000,0.0098,102
nested_ramp,human,953,farside,250000,0.0000,112
nested_ramp,human,953,farside,350000,0.0000,110
nested_ramp,human,953,farside,450000,0.0094,106
nested_ramp,human,953,farside,550000,0.0000,98
nested_ramp,human,953,farside,650000,0.0083,120
nested_ramp,human,953,farside,750000,0.0068,147
nested_ramp,human,953,farside,850000,0.0375,160
nested_ramp,human,953,farside,950000,0.1250,168
nested_ramp,human,953,farside,1050000,0.1250,184
nested_ramp,human,953,farside,1150000,0.2395,167
nested_ramp,human,953,farside,1250000,0.2704,159
nested_ramp,human,953,farside,1350000,0.5429,140
nested_ramp,human,953,farside,1450000,0.4250,160
nested_ramp,human,953,farside,1550000,0.4000,210
nested_ramp,human,953,farside,1650000,0.4541,229
nested_ramp,human,953,farside,1750000,0.4941,255
nested_ramp,human,953,farside,1850000,0.5000,240
nested_ramp,human,953,farside,1950000,0.4801,277
nested_ramp,human,953,farside,2050000,0.4327,312
nested_ramp,human,953,farside,2150000,0.5500,360
nested_ramp,human,953,farside,2250000,0.7452,259
nested_ramp,human,953,farside,2350000,0.7078,308
nested_ramp,human,953,farside,2450000,0.4471,378
nested_ramp,human,953,farside,2550000,0.7437,359
nested_ramp,human,953,farside,2650000,0.8000,245
nested_ramp,human,953,farside,2750000,0.7952,210
nested_ramp,human,953,farside,2850000,0.8218,303
nested_ramp,human,953,farside,2950000,0.8511,262
nested_ramp,human,953,farside,3050000,0.9280,236
nested_ramp,human,953,farside,3150000,0.8745,271
nested_ramp,human,953,farside,3250000,0.8567,293
nested_ramp,human,953,farside,3350000,0.9204,226
nested_ramp,human,953,farside,3450000,0.9239,184
nested_ramp,human,953,farside,3550000,0.8018,222
nested_ramp,human,953,farside,3650000,0.9007,151
nested_ramp,human,953,farside,3750000,0.8780,164
nested_ramp,human,953,farside,3850000,0.9274,179
nested_ramp,human,953,farside,3950000,0.9444,180
nested_ramp,human,954,farside,50000,0.0000,88
nested_ramp,human,954,farside,150000,0.0000,100
nested_ramp,human,954,farside,250000,0.0000,105
nested_ramp,human,954,farside,350000,0.0000,104
nested_ramp,human,954,farside,450000,0.0000,99
nested_ramp,human,954,farside,550000,0.0000,108
nested_ramp,human,954,farside,650000,0.0000,146
nested_ramp,human,954,farside,750000,0.0074,136
nested_ramp,human,954,farside,850000,0.0060,168
nested_ramp,human,954,farside,950000,0.0108,186
nested_ramp,human,954,farside,1050000,0.0194,206
nested_ramp,human,954,farside,1150000,0.1361,191
nested_ramp,human,954,farside,1250000,0.2536,209
nested_ramp,human,954,farside,1350000,0.2727,231
nested_ramp,human,954,farside,1450000,0.3376,234
nested_ramp,human,954,farside,1550000,0.3668,229
nested_ramp,human,954,farside,1650000,0.4286,112
nested_ramp,human,954,farside,1750000,,0
nested_ramp,human,954,farside,1850000,,0
nested_ramp,human,954,farside,1950000,,0
nested_ramp,human,954,farside,2050000,,0
nested_ramp,human,954,farside,2150000,,0
nested_ramp,human,954,farside,2250000,,0
nested_ramp,human,954,farside,2350000,,0
nested_ramp,human,954,farside,2450000,,0
nested_ramp,human,954,farside,2550000,,0
nested_ramp,human,954,farside,2650000,,0
nested_ramp,human,954,farside,2750000,,0
nested_ramp,human,954,farside,2850000,,0
nested_ramp,human,954,farside,2950000,,0
nested_ramp,human,954,farside,3050000,,0
nested_ramp,human,954,farside,3150000,,0
nested_ramp,human,954,farside,3250000,,0
nested_ramp,human,954,farside,3350000,,0
nested_ramp,human,954,farside,3450000,,0
nested_ramp,human,954,farside,3550000,,0
nested_ramp,human,954,farside,3650000,,0
nested_ramp,human,954,farside,3750000,,0
nested_ramp,human,954,farside,3850000,,0
nested_ramp,human,954,farside,3950000,,0
nested_ramp,human,959,farside,50000,0.0000,98
nested_ramp,human,959,farside,150000,0.0000,102
nested_ramp,human,959,farside,250000,0.0000,110
nested_ramp,human,959,farside,350000,0.0000,102
nested_ramp,human,959,farside,450000,0.0000,103
nested_ramp,human,959,farside,550000,0.0000,107
nested_ramp,human,959,farside,650000,0.0000,146
nested_ramp,human,959,farside,750000,0.0167,180
nested_ramp,human,959,farside,850000,0.0000,218
nested_ramp,human,959,farside,950000,0.0196,204
nested_ramp,human,959,farside,1050000,0.2513,187
nested_ramp,human,959,farside,1150000,0.3547,172
nested_ramp,human,959,farside,1250000,0.3627,193
nested_ramp,human,959,farside,1350000,0.4340,235
nested_ramp,human,959,farside,1450000,0.3366,202
nested_ramp,human,959,farside,1550000,0.3307,254
nested_ramp,human,959,farside,1650000,0.4533,75
nested_ramp,human,959,farside,1750000,,0
nested_ramp,human,959,farside,1850000,,0
nested_ramp,human,959,farside,1950000,,0
nested_ramp,human,959,farside,2050000,,0
nested_ramp,human,959,farside,2150000,,0
nested_ramp,human,959,farside,2250000,,0
nested_ramp,human,959,farside,2350000,,0
nested_ramp,human,959,farside,2450000,,0
nested_ramp,human,959,farside,2550000,,0
nested_ramp,human,959,farside,2650000,,0
nested_ramp,human,959,farside,2750000,,0
nested_ramp,human,959,farside,2850000,,0
nested_ramp,human,959,farside,2950000,,0
nested_ramp,human,959,farside,3050000,,0
nested_ramp,human,959,farside,3150000,,0
nested_ramp,human,959,farside,3250000,,0
nested_ramp,human,959,farside,3350000,,0
nested_ramp,human,959,farside,3450000,,0
nested_ramp,human,959,farside,3550000,,0
nested_ramp,human,959,farside,3650000,,0
nested_ramp,human,959,farside,3750000,,0
nested_ramp,human,959,farside,3850000,,0
nested_ramp,human,959,farside,3950000,,0
nested_ramp,human,960,farside,50000,0.0112,89
nested_ramp,human,960,farside,150000,0.0000,95
nested_ramp,human,960,farside,250000,0.0000,110
nested_ramp,human,960,farside,350000,0.0000,121
nested_ramp,human,960,farside,450000,0.0167,120
nested_ramp,human,960,farside,550000,0.0272,147
nested_ramp,human,960,farside,650000,0.0112,178
nested_ramp,human,960,farside,750000,0.1045,220
nested_ramp,human,960,farside,850000,0.2162,222
nested_ramp,human,960,farside,950000,0.2030,197
nested_ramp,human,960,farside,1050000,0.4064,187
nested_ramp,human,960,farside,1150000,0.3607,219
nested_ramp,human,960,farside,1250000,0.5885,209
nested_ramp,human,960,farside,1350000,0.5657,251
nested_ramp,human,960,farside,1450000,0.6134,194
nested_ramp,human,960,farside,1550000,0.6321,193
nested_ramp,human,960,farside,1650000,0.6119,219
nested_ramp,human,960,farside,1750000,0.8333,6
nested_ramp,human,960,farside,1850000,,0
nested_ramp,human,960,farside,1950000,,0
nested_ramp,human,960,farside,2050000,,0
nested_ramp,human,960,farside,2150000,,0
nested_ramp,human,960,farside,2250000,,0
nested_ramp,human,960,farside,2350000,,0
nested_ramp,human,960,farside,2450000,,0
nested_ramp,human,960,farside,2550000,,0
nested_ramp,human,960,farside,2650000,,0
nested_ramp,human,960,farside,2750000,,0
nested_ramp,human,960,farside,2850000,,0
nested_ramp,human,960,farside,2950000,,0
nested_ramp,human,960,farside,3050000,,0
nested_ramp,human,960,farside,3150000,,0
nested_ramp,human,960,farside,3250000,,0
nested_ramp,human,960,farside,3350000,,0
nested_ramp,human,960,farside,3450000,,0
nested_ramp,human,960,farside,3550000,,0
nested_ramp,human,960,farside,3650000,,0
nested_ramp,human,960,farside,3750000,,0
nested_ramp,human,960,farside,3850000,,0
nested_ramp,human,960,farside,3950000,,0
nested_ramp,human,961,farside,50000,0.0000,91
nested_ramp,human,961,farside,150000,0.0000,113
nested_ramp,human,961,farside,250000,0.0000,102
nested_ramp,human,961,farside,350000,0.0000,116
nested_ramp,human,961,farside,450000,0.0075,133
nested_ramp,human,961,farside,550000,0.0400,125
nested_ramp,human,961,farside,650000,0.1493,134
nested_ramp,human,961,farside,750000,0.1895,153
nested_ramp,human,961,farside,850000,0.3077,169
nested_ramp,human,961,farside,950000,0.3586,145
nested_ramp,human,961,farside,1050000,0.4892,139
nested_ramp,human,961,farside,1150000,0.4574,188
nested_ramp,human,961,farside,1250000,0.5054,186
nested_ramp,human,961,farside,1350000,0.5143,175
nested_ramp,human,961,farside,1450000,0.4633,177
nested_ramp,human,961,farside,1550000,0.7198,182
nested_ramp,human,961,farside,1650000,0.6784,171
nested_ramp,human,961,farside,1750000,0.7600,25
nested_ramp,human,961,farside,1850000,,0
nested_ramp,human,961,farside,1950000,,0
nested_ramp,human,961,farside,2050000,,0
nested_ramp,human,961,farside,2150000,,0
nested_ramp,human,961,farside,2250000,,0
nested_ramp,human,961,farside,2350000,,0
nested_ramp,human,961,farside,2450000,,0
nested_ramp,human,961,farside,2550000,,0
nested_ramp,human,961,farside,2650000,,0
nested_ramp,human,961,farside,2750000,,0
nested_ramp,human,961,farside,2850000,,0
nested_ramp,human,961,farside,2950000,,0
nested_ramp,human,961,farside,3050000,,0
nested_ramp,human,961,farside,3150000,,0
nested_ramp,human,961,farside,3250000,,0
nested_ramp,human,961,farside,3350000,,0
nested_ramp,human,961,farside,3450000,,0
nested_ramp,human,961,farside,3550000,,0
nested_ramp,human,961,farside,3650000,,0
nested_ramp,human,961,farside,3750000,,0
nested_ramp,human,961,farside,3850000,,0
nested_ramp,human,961,farside,3950000,,0
nested_ramp,machine,970,farside,50000,0.0000,93
nested_ramp,machine,970,farside,150000,0.0000,98
nested_ramp,machine,970,farside,250000,0.0000,101
nested_ramp,machine,970,farside,350000,0.0000,107
nested_ramp,machine,970,farside,450000,0.0089,112
nested_ramp,machine,970,farside,550000,0.0123,163
nested_ramp,machine,970,farside,650000,0.0978,184
nested_ramp,machine,970,farside,750000,0.2304,217
nested_ramp,machine,970,farside,850000,0.2599,227
nested_ramp,machine,970,farside,950000,0.3121,173
nested_ramp,machine,970,farside,1050000,0.3803,213
nested_ramp,machine,970,farside,1150000,0.4836,213
nested_ramp,machine,970,farside,1250000,0.6918,279
nested_ramp,machine,970,farside,1350000,0.5667,300
nested_ramp,machine,970,farside,1450000,0.4982,285
nested_ramp,machine,970,farside,1550000,0.5902,266
nested_ramp,machine,970,farside,1650000,0.6725,287
nested_ramp,machine,970,farside,1750000,0.6711,304
nested_ramp,machine,970,farside,1850000,0.7525,299
nested_ramp,machine,970,farside,1950000,0.8196,255
nested_ramp,machine,970,farside,2050000,,0
nested_ramp,machine,970,farside,2150000,,0
nested_ramp,machine,970,farside,2250000,,0
nested_ramp,machine,970,farside,2350000,,0
nested_ramp,machine,970,farside,2450000,,0
nested_ramp,machine,970,farside,2550000,,0
nested_ramp,machine,970,farside,2650000,,0
nested_ramp,machine,970,farside,2750000,,0
nested_ramp,machine,970,farside,2850000,,0
nested_ramp,machine,970,farside,2950000,,0
nested_ramp,machine,970,farside,3050000,,0
nested_ramp,machine,970,farside,3150000,,0
nested_ramp,machine,970,farside,3250000,,0
nested_ramp,machine,970,farside,3350000,,0
nested_ramp,machine,970,farside,3450000,,0
nested_ramp,machine,970,farside,3550000,,0
nested_ramp,machine,970,farside,3650000,,0
nested_ramp,machine,970,farside,3750000,,0
nested_ramp,machine,970,farside,3850000,,0
nested_ramp,machine,970,farside,3950000,,0
nested_ramp,machine,971,farside,50000,0.0000,96
nested_ramp,machine,971,farside,150000,0.0000,102
nested_ramp,machine,971,farside,250000,0.0000,105
nested_ramp,machine,971,farside,350000,0.0102,98
nested_ramp,machine,971,farside,450000,0.0000,132
nested_ramp,machine,971,farside,550000,0.0000,121
nested_ramp,machine,971,farside,650000,0.0000,180
nested_ramp,machine,971,farside,750000,0.0000,170
nested_ramp,machine,971,farside,850000,0.0139,216
nested_ramp,machine,971,farside,950000,0.2369,249
nested_ramp,machine,971,farside,1050000,0.2888,232
nested_ramp,machine,971,farside,1150000,0.4747,198
nested_ramp,machine,971,farside,1250000,0.3274,226
nested_ramp,machine,971,farside,1350000,0.3333,177
nested_ramp,machine,971,farside,1450000,0.5115,217
nested_ramp,machine,971,farside,1550000,0.6260,246
nested_ramp,machine,971,farside,1650000,0.5055,275
nested_ramp,machine,971,farside,1750000,0.4985,331
nested_ramp,machine,971,farside,1850000,0.7444,270
nested_ramp,machine,971,farside,1950000,0.6377,276
nested_ramp,machine,971,farside,2050000,,0
nested_ramp,machine,971,farside,2150000,,0
nested_ramp,machine,971,farside,2250000,,0
nested_ramp,machine,971,farside,2350000,,0
nested_ramp,machine,971,farside,2450000,,0
nested_ramp,machine,971,farside,2550000,,0
nested_ramp,machine,971,farside,2650000,,0
nested_ramp,machine,971,farside,2750000,,0
nested_ramp,machine,971,farside,2850000,,0
nested_ramp,machine,971,farside,2950000,,0
nested_ramp,machine,971,farside,3050000,,0
nested_ramp,machine,971,farside,3150000,,0
nested_ramp,machine,971,farside,3250000,,0
nested_ramp,machine,971,farside,3350000,,0
nested_ramp,machine,971,farside,3450000,,0
nested_ramp,machine,971,farside,3550000,,0
nested_ramp,machine,971,farside,3650000,,0
nested_ramp,machine,971,farside,3750000,,0
nested_ramp,machine,971,farside,3850000,,0
nested_ramp,machine,971,farside,3950000,,0
nested_ramp,machine,972,farside,50000,0.0000,102
nested_ramp,machine,972,farside,150000,0.0000,100
nested_ramp,machine,972,farside,250000,0.0000,106
nested_ramp,machine,972,farside,350000,0.0168,119
nested_ramp,machine,972,farside,450000,0.0000,131
nested_ramp,machine,972,farside,550000,0.0000,96
nested_ramp,machine,972,farside,650000,0.0000,162
nested_ramp,machine,972,farside,750000,0.0063,160
nested_ramp,machine,972,farside,850000,0.0663,166
nested_ramp,machine,972,farside,950000,0.0933,193
nested_ramp,machine,972,farside,1050000,0.0249,201
nested_ramp,machine,972,farside,1150000,0.1494,241
nested_ramp,machine,972,farside,1250000,0.4028,216
nested_ramp,machine,972,farside,1350000,0.3616,224
nested_ramp,machine,972,farside,1450000,0.5708,212
nested_ramp,machine,972,farside,1550000,0.4402,209
nested_ramp,machine,972,farside,1650000,0.6495,214
nested_ramp,machine,972,farside,1750000,0.5839,322
nested_ramp,machine,972,farside,1850000,0.5177,282
nested_ramp,machine,972,farside,1950000,0.5560,268
nested_ramp,machine,972,farside,2050000,0.6391,266
nested_ramp,machine,972,farside,2150000,0.6667,231
nested_ramp,machine,972,farside,2250000,0.5907,259
nested_ramp,machine,972,farside,2350000,0.6888,331
nested_ramp,machine,972,farside,2450000,0.7621,248
nested_ramp,machine,972,farside,2550000,0.7974,232
nested_ramp,machine,972,farside,2650000,0.8203,256
nested_ramp,machine,972,farside,2750000,0.7695,269
nested_ramp,machine,972,farside,2850000,0.8080,224
nested_ramp,machine,972,farside,2950000,0.8647,207
nested_ramp,machine,972,farside,3050000,0.9553,179
nested_ramp,machine,972,farside,3150000,0.9273,165
nested_ramp,machine,972,farside,3250000,0.8912,193
nested_ramp,machine,972,farside,3350000,0.9083,218
nested_ramp,machine,972,farside,3450000,0.8911,257
nested_ramp,machine,972,farside,3550000,0.9085,164
nested_ramp,machine,972,farside,3650000,0.9079,228
nested_ramp,machine,972,farside,3750000,0.9402,184
nested_ramp,machine,972,farside,3850000,0.9401,167
nested_ramp,machine,972,farside,3950000,0.8962,183
nested_ramp,machine,973,farside,50000,0.0000,97
nested_ramp,machine,973,farside,150000,0.0000,94
nested_ramp,machine,973,farside,250000,0.0000,108
nested_ramp,machine,973,farside,350000,0.0000,99
nested_ramp,machine,973,farside,450000,0.0000,106
nested_ramp,machine,973,farside,550000,0.0167,120
nested_ramp,machine,973,farside,650000,0.0176,170
nested_ramp,machine,973,farside,750000,0.0330,212
nested_ramp,machine,973,farside,850000,0.1413,184
nested_ramp,machine,973,farside,950000,0.2170,212
nested_ramp,machine,973,farside,1050000,0.2552,192
nested_ramp,machine,973,farside,1150000,0.3869,168
nested_ramp,machine,973,farside,1250000,0.2248,218
nested_ramp,machine,973,farside,1350000,0.4673,214
nested_ramp,machine,973,farside,1450000,0.3602,211
nested_ramp,machine,973,farside,1550000,0.5308,211
nested_ramp,machine,973,farside,1650000,0.4907,214
nested_ramp,machine,973,farside,1750000,0.4485,272
nested_ramp,machine,973,farside,1850000,0.5110,272
nested_ramp,machine,973,farside,1950000,0.5189,264
nested_ramp,machine,973,farside,2050000,0.5070,286
nested_ramp,machine,973,farside,2150000,0.5933,268
nested_ramp,machine,973,farside,2250000,0.4444,216
nested_ramp,machine,973,farside,2350000,0.5438,331
nested_ramp,machine,973,farside,2450000,0.6753,271
nested_ramp,machine,973,farside,2550000,0.8842,259
nested_ramp,machine,973,farside,2650000,0.8429,210
nested_ramp,machine,973,farside,2750000,0.8981,265
nested_ramp,machine,973,farside,2850000,0.9258,229
nested_ramp,machine,973,farside,2950000,0.9326,193
nested_ramp,machine,973,farside,3050000,0.9079,228
nested_ramp,machine,973,farside,3150000,0.8738,214
nested_ramp,machine,973,farside,3250000,0.8857,210
nested_ramp,machine,973,farside,3350000,0.8642,162
nested_ramp,machine,973,farside,3450000,0.8819,254
nested_ramp,machine,973,farside,3550000,0.9343,213
nested_ramp,machine,973,farside,3650000,0.8818,220
nested_ramp,machine,973,farside,3750000,0.9259,189
nested_ramp,machine,973,farside,3850000,0.8875,240
nested_ramp,machine,973,farside,3950000,0.9316,190
nested_ramp,machine,974,farside,50000,0.0000,99
nested_ramp,machine,974,farside,150000,0.0000,111
nested_ramp,machine,974,farside,250000,0.0000,109
nested_ramp,machine,974,farside,350000,0.0085,117
nested_ramp,machine,974,farside,450000,0.0000,117
nested_ramp,machine,974,farside,550000,0.0062,162
nested_ramp,machine,974,farside,650000,0.1739,184
nested_ramp,machine,974,farside,750000,0.2260,146
nested_ramp,machine,974,farside,850000,0.4359,156
nested_ramp,machine,974,farside,950000,0.4059,170
nested_ramp,machine,974,farside,1050000,0.3756,197
nested_ramp,machine,974,farside,1150000,0.4632,231
nested_ramp,machine,974,farside,1250000,0.7136,206
nested_ramp,machine,974,farside,1350000,0.6175,251
nested_ramp,machine,974,farside,1450000,0.5569,255
nested_ramp,machine,974,farside,1550000,0.5256,215
nested_ramp,machine,974,farside,1650000,0.7407,54
nested_ramp,machine,974,farside,1750000,,0
nested_ramp,machine,974,farside,1850000,,0
nested_ramp,machine,974,farside,1950000,,0
nested_ramp,machine,974,farside,2050000,,0
nested_ramp,machine,974,farside,2150000,,0
nested_ramp,machine,974,farside,2250000,,0
nested_ramp,machine,974,farside,2350000,,0
nested_ramp,machine,974,farside,2450000,,0
nested_ramp,machine,974,farside,2550000,,0
nested_ramp,machine,974,farside,2650000,,0
nested_ramp,machine,974,farside,2750000,,0
nested_ramp,machine,974,farside,2850000,,0
nested_ramp,machine,974,farside,2950000,,0
nested_ramp,machine,974,farside,3050000,,0
nested_ramp,machine,974,farside,3150000,,0
nested_ramp,machine,974,farside,3250000,,0
nested_ramp,machine,974,farside,3350000,,0
nested_ramp,machine,974,farside,3450000,,0
nested_ramp,machine,974,farside,3550000,,0
nested_ramp,machine,974,farside,3650000,,0
nested_ramp,machine,974,farside,3750000,,0
nested_ramp,machine,974,farside,3850000,,0
nested_ramp,machine,974,farside,3950000,,0
nested_ramp,machine,979,farside,50000,0.0000,85
nested_ramp,machine,979,farside,150000,0.0101,99
nested_ramp,machine,979,farside,250000,0.0105,95
nested_ramp,machine,979,farside,350000,0.0000,106
nested_ramp,machine,979,farside,450000,0.0000,106
nested_ramp,machine,979,farside,550000,0.0000,113
nested_ramp,machine,979,farside,650000,0.0000,151
nested_ramp,machine,979,farside,750000,0.0709,141
nested_ramp,machine,979,farside,850000,0.1235,170
nested_ramp,machine,979,farside,950000,0.1683,208
nested_ramp,machine,979,farside,1050000,0.2344,209
nested_ramp,machine,979,farside,1150000,0.3193,166
nested_ramp,machine,979,farside,1250000,0.2381,231
nested_ramp,machine,979,farside,1350000,0.3241,216
nested_ramp,machine,979,farside,1450000,0.2582,244
nested_ramp,machine,979,farside,1550000,0.3843,229
nested_ramp,machine,979,farside,1650000,0.3333,48
nested_ramp,machine,979,farside,1750000,,0
nested_ramp,machine,979,farside,1850000,,0
nested_ramp,machine,979,farside,1950000,,0
nested_ramp,machine,979,farside,2050000,,0
nested_ramp,machine,979,farside,2150000,,0
nested_ramp,machine,979,farside,2250000,,0
nested_ramp,machine,979,farside,2350000,,0
nested_ramp,machine,979,farside,2450000,,0
nested_ramp,machine,979,farside,2550000,,0
nested_ramp,machine,979,farside,2650000,,0
nested_ramp,machine,979,farside,2750000,,0
nested_ramp,machine,979,farside,2850000,,0
nested_ramp,machine,979,farside,2950000,,0
nested_ramp,machine,979,farside,3050000,,0
nested_ramp,machine,979,farside,3150000,,0
nested_ramp,machine,979,farside,3250000,,0
nested_ramp,machine,979,farside,3350000,,0
nested_ramp,machine,979,farside,3450000,,0
nested_ramp,machine,979,farside,3550000,,0
nested_ramp,machine,979,farside,3650000,,0
nested_ramp,machine,979,farside,3750000,,0
nested_ramp,machine,979,farside,3850000,,0
nested_ramp,machine,979,farside,3950000,,0
nested_ramp,machine,980,farside,50000,0.0000,84
nested_ramp,machine,980,farside,150000,0.0000,98
nested_ramp,machine,980,farside,250000,0.0000,104
nested_ramp,machine,980,farside,350000,0.0000,125
nested_ramp,machine,980,farside,450000,0.0000,104
nested_ramp,machine,980,farside,550000,0.0000,112
nested_ramp,machine,980,farside,650000,0.0000,132
nested_ramp,machine,980,farside,750000,0.0000,123
nested_ramp,machine,980,farside,850000,0.0057,174
nested_ramp,machine,980,farside,950000,0.0057,176
nested_ramp,machine,980,farside,1050000,0.0631,206
nested_ramp,machine,980,farside,1150000,0.1492,181
nested_ramp,machine,980,farside,1250000,0.2485,169
nested_ramp,machine,980,farside,1350000,0.2368,152
nested_ramp,machine,980,farside,1450000,0.2687,160
nested_ramp,machine,980,farside,1550000,0.3478,138
nested_ramp,machine,980,farside,1650000,0.4172,163
nested_ramp,machine,980,farside,1750000,0.3846,182
nested_ramp,machine,980,farside,1850000,0.2544,114
nested_ramp,machine,980,farside,1950000,,0
nested_ramp,machine,980,farside,2050000,,0
nested_ramp,machine,980,farside,2150000,,0
nested_ramp,machine,980,farside,2250000,,0
nested_ramp,machine,980,farside,2350000,,0
nested_ramp,machine,980,farside,2450000,,0
nested_ramp,machine,980,farside,2550000,,0
nested_ramp,machine,980,farside,2650000,,0
nested_ramp,machine,980,farside,2750000,,0
nested_ramp,machine,980,farside,2850000,,0
nested_ramp,machine,980,farside,2950000,,0
nested_ramp,machine,980,farside,3050000,,0
nested_ramp,machine,980,farside,3150000,,0
nested_ramp,machine,980,farside,3250000,,0
nested_ramp,machine,980,farside,3350000,,0
nested_ramp,machine,980,farside,3450000,,0
nested_ramp,machine,980,farside,3550000,,0
nested_ramp,machine,980,farside,3650000,,0
nested_ramp,machine,980,farside,3750000,,0
nested_ramp,machine,980,farside,3850000,,0
nested_ramp,machine,980,farside,3950000,,0
nested_ramp,machine,981,farside,50000,0.0000,88
nested_ramp,machine,981,farside,150000,0.0000,99
nested_ramp,machine,981,farside,250000,0.0000,98
nested_ramp,machine,981,farside,350000,0.0000,96
nested_ramp,machine,981,farside,450000,0.0000,115
nested_ramp,machine,981,farside,550000,0.0000,105
nested_ramp,machine,981,farside,650000,0.0000,93
nested_ramp,machine,981,farside,750000,0.0000,118
nested_ramp,machine,981,farside,850000,0.0081,124
nested_ramp,machine,981,farside,950000,0.0113,177
nested_ramp,machine,981,farside,1050000,0.0000,148
nested_ramp,machine,981,farside,1150000,0.0663,181
nested_ramp,machine,981,farside,1250000,0.1330,203
nested_ramp,machine,981,farside,1350000,0.2290,262
nested_ramp,machine,981,farside,1450000,0.2674,288
nested_ramp,machine,981,farside,1550000,0.3266,248
nested_ramp,machine,981,farside,1650000,0.2188,256
nested_ramp,machine,981,farside,1750000,0.3579,299
nested_ramp,machine,981,farside,1850000,0.3481,181
nested_ramp,machine,981,farside,1950000,,0
nested_ramp,machine,981,farside,2050000,,0
nested_ramp,machine,981,farside,2150000,,0
nested_ramp,machine,981,farside,2250000,,0
nested_ramp,machine,981,farside,2350000,,0
nested_ramp,machine,981,farside,2450000,,0
nested_ramp,machine,981,farside,2550000,,0
nested_ramp,machine,981,farside,2650000,,0
nested_ramp,machine,981,farside,2750000,,0
nested_ramp,machine,981,farside,2850000,,0
nested_ramp,machine,981,farside,2950000,,0
nested_ramp,machine,981,farside,3050000,,0
nested_ramp,machine,981,farside,3150000,,0
nested_ramp,machine,981,farside,3250000,,0
nested_ramp,machine,981,farside,3350000,,0
nested_ramp,machine,981,farside,3450000,,0
nested_ramp,machine,981,farside,3550000,,0
nested_ramp,machine,981,farside,3650000,,0
nested_ramp,machine,981,farside,3750000,,0
nested_ramp,machine,981,farside,3850000,,0
nested_ramp,machine,981,farside,3950000,,0
nested_ramp,human,950,slide_event,50000,0.0000,93
nested_ramp,human,950,slide_event,150000,0.0000,104
nested_ramp,human,950,slide_event,250000,0.0000,112
nested_ramp,human,950,slide_event,350000,0.0000,112
nested_ramp,human,950,slide_event,450000,0.0000,126
nested_ramp,human,950,slide_event,550000,0.0000,134
nested_ramp,human,950,slide_event,650000,0.0099,202
nested_ramp,human,950,slide_event,750000,0.0116,172
nested_ramp,human,950,slide_event,850000,0.0270,185
nested_ramp,human,950,slide_event,950000,0.0341,176
nested_ramp,human,950,slide_event,1050000,0.0503,179
nested_ramp,human,950,slide_event,1150000,0.1319,182
nested_ramp,human,950,slide_event,1250000,0.1893,206
nested_ramp,human,950,slide_event,1350000,0.2344,192
nested_ramp,human,950,slide_event,1450000,0.4643,224
nested_ramp,human,950,slide_event,1550000,0.4692,292
nested_ramp,human,950,slide_event,1650000,0.4401,309
nested_ramp,human,950,slide_event,1750000,0.4262,298
nested_ramp,human,950,slide_event,1850000,0.4486,292
nested_ramp,human,950,slide_event,1950000,0.4982,281
nested_ramp,human,950,slide_event,2050000,,0
nested_ramp,human,950,slide_event,2150000,,0
nested_ramp,human,950,slide_event,2250000,,0
nested_ramp,human,950,slide_event,2350000,,0
nested_ramp,human,950,slide_event,2450000,,0
nested_ramp,human,950,slide_event,2550000,,0
nested_ramp,human,950,slide_event,2650000,,0
nested_ramp,human,950,slide_event,2750000,,0
nested_ramp,human,950,slide_event,2850000,,0
nested_ramp,human,950,slide_event,2950000,,0
nested_ramp,human,950,slide_event,3050000,,0
nested_ramp,human,950,slide_event,3150000,,0
nested_ramp,human,950,slide_event,3250000,,0
nested_ramp,human,950,slide_event,3350000,,0
nested_ramp,human,950,slide_event,3450000,,0
nested_ramp,human,950,slide_event,3550000,,0
nested_ramp,human,950,slide_event,3650000,,0
nested_ramp,human,950,slide_event,3750000,,0
nested_ramp,human,950,slide_event,3850000,,0
nested_ramp,human,950,slide_event,3950000,,0
nested_ramp,human,951,slide_event,50000,0.0000,96
nested_ramp,human,951,slide_event,150000,0.0000,97
nested_ramp,human,951,slide_event,250000,0.0000,108
nested_ramp,human,951,slide_event,350000,0.0000,109
nested_ramp,human,951,slide_event,450000,0.0000,106
nested_ramp,human,951,slide_event,550000,0.0000,123
nested_ramp,human,951,slide_event,650000,0.0000,133
nested_ramp,human,951,slide_event,750000,0.0058,171
nested_ramp,human,951,slide_event,850000,0.0000,190
nested_ramp,human,951,slide_event,950000,0.0370,189
nested_ramp,human,951,slide_event,1050000,0.0328,183
nested_ramp,human,951,slide_event,1150000,0.0355,197
nested_ramp,human,951,slide_event,1250000,0.0685,248
nested_ramp,human,951,slide_event,1350000,0.0409,171
nested_ramp,human,951,slide_event,1450000,0.2251,231
nested_ramp,human,951,slide_event,1550000,0.3232,198
nested_ramp,human,951,slide_event,1650000,0.2471,259
nested_ramp,human,951,slide_event,1750000,0.2582,275
nested_ramp,human,951,slide_event,1850000,0.3355,310
nested_ramp,human,951,slide_event,1950000,0.4408,304
nested_ramp,human,951,slide_event,2050000,,0
nested_ramp,human,951,slide_event,2150000,,0
nested_ramp,human,951,slide_event,2250000,,0
nested_ramp,human,951,slide_event,2350000,,0
nested_ramp,human,951,slide_event,2450000,,0
nested_ramp,human,951,slide_event,2550000,,0
nested_ramp,human,951,slide_event,2650000,,0
nested_ramp,human,951,slide_event,2750000,,0
nested_ramp,human,951,slide_event,2850000,,0
nested_ramp,human,951,slide_event,2950000,,0
nested_ramp,human,951,slide_event,3050000,,0
nested_ramp,human,951,slide_event,3150000,,0
nested_ramp,human,951,slide_event,3250000,,0
nested_ramp,human,951,slide_event,3350000,,0
nested_ramp,human,951,slide_event,3450000,,0
nested_ramp,human,951,slide_event,3550000,,0
nested_ramp,human,951,slide_event,3650000,,0
nested_ramp,human,951,slide_event,3750000,,0
nested_ramp,human,951,slide_event,3850000,,0
nested_ramp,human,951,slide_event,3950000,,0
nested_ramp,human,952,slide_event,50000,0.0000,94
nested_ramp,human,952,slide_event,150000,0.0000,101
nested_ramp,human,952,slide_event,250000,0.0000,110
nested_ramp,human,952,slide_event,350000,0.0000,107
nested_ramp,human,952,slide_event,450000,0.0000,89
nested_ramp,human,952,slide_event,550000,0.0000,100
nested_ramp,human,952,slide_event,650000,0.0000,132
nested_ramp,human,952,slide_event,750000,0.0078,128
nested_ramp,human,952,slide_event,850000,0.0060,167
nested_ramp,human,952,slide_event,950000,0.0049,204
nested_ramp,human,952,slide_event,1050000,0.0049,204
nested_ramp,human,952,slide_event,1150000,0.0053,187
nested_ramp,human,952,slide_event,1250000,0.0594,202
nested_ramp,human,952,slide_event,1350000,0.0680,250
nested_ramp,human,952,slide_event,1450000,0.0698,258
nested_ramp,human,952,slide_event,1550000,0.1385,231
nested_ramp,human,952,slide_event,1650000,0.1739,276
nested_ramp,human,952,slide_event,1750000,0.1511,278
nested_ramp,human,952,slide_event,1850000,0.2659,267
nested_ramp,human,952,slide_event,1950000,0.3732,284
nested_ramp,human,952,slide_event,2050000,0.4232,267
nested_ramp,human,952,slide_event,2150000,0.4410,356
nested_ramp,human,952,slide_event,2250000,0.3662,355
nested_ramp,human,952,slide_event,2350000,0.3008,399
nested_ramp,human,952,slide_event,2450000,0.5945,365
nested_ramp,human,952,slide_event,2550000,0.5685,336
nested_ramp,human,952,slide_event,2650000,0.6680,253
nested_ramp,human,952,slide_event,2750000,0.7556,266
nested_ramp,human,952,slide_event,2850000,0.8240,250
nested_ramp,human,952,slide_event,2950000,0.7290,321
nested_ramp,human,952,slide_event,3050000,0.7482,274
nested_ramp,human,952,slide_event,3150000,0.8698,215
nested_ramp,human,952,slide_event,3250000,0.8958,240
nested_ramp,human,952,slide_event,3350000,0.8412,277
nested_ramp,human,952,slide_event,3450000,0.7209,215
nested_ramp,human,952,slide_event,3550000,0.8889,189
nested_ramp,human,952,slide_event,3650000,0.9050,221
nested_ramp,human,952,slide_event,3750000,0.8639,191
nested_ramp,human,952,slide_event,3850000,0.8629,175
nested_ramp,human,952,slide_event,3950000,0.8297,182
nested_ramp,human,953,slide_event,50000,0.0000,97
nested_ramp,human,953,slide_event,150000,0.0000,102
nested_ramp,human,953,slide_event,250000,0.0000,112
nested_ramp,human,953,slide_event,350000,0.0000,110
nested_ramp,human,953,slide_event,450000,0.0000,106
nested_ramp,human,953,slide_event,550000,0.0000,98
nested_ramp,human,953,slide_event,650000,0.0000,120
nested_ramp,human,953,slide_event,750000,0.0000,147
nested_ramp,human,953,slide_event,850000,0.0000,160
nested_ramp,human,953,slide_event,950000,0.0119,168
nested_ramp,human,953,slide_event,1050000,0.0000,184
nested_ramp,human,953,slide_event,1150000,0.0120,167
nested_ramp,human,953,slide_event,1250000,0.0063,159
nested_ramp,human,953,slide_event,1350000,0.0286,140
nested_ramp,human,953,slide_event,1450000,0.0938,160
nested_ramp,human,953,slide_event,1550000,0.1048,210
nested_ramp,human,953,slide_event,1650000,0.0873,229
nested_ramp,human,953,slide_event,1750000,0.1176,255
nested_ramp,human,953,slide_event,1850000,0.1625,240
nested_ramp,human,953,slide_event,1950000,0.1877,277
nested_ramp,human,953,slide_event,2050000,0.1891,312
nested_ramp,human,953,slide_event,2150000,0.2361,360
nested_ramp,human,953,slide_event,2250000,0.3668,259
nested_ramp,human,953,slide_event,2350000,0.3052,308
nested_ramp,human,953,slide_event,2450000,0.1005,378
nested_ramp,human,953,slide_event,2550000,0.3175,359
nested_ramp,human,953,slide_event,2650000,0.6041,245
nested_ramp,human,953,slide_event,2750000,0.7381,210
nested_ramp,human,953,slide_event,2850000,0.6667,303
nested_ramp,human,953,slide_event,2950000,0.7366,262
nested_ramp,human,953,slide_event,3050000,0.7712,236
nested_ramp,human,953,slide_event,3150000,0.6089,271
nested_ramp,human,953,slide_event,3250000,0.7372,293
nested_ramp,human,953,slide_event,3350000,0.7478,226
nested_ramp,human,953,slide_event,3450000,0.7554,184
nested_ramp,human,953,slide_event,3550000,0.6847,222
nested_ramp,human,953,slide_event,3650000,0.7748,151
nested_ramp,human,953,slide_event,3750000,0.7927,164
nested_ramp,human,953,slide_event,3850000,0.6983,179
nested_ramp,human,953,slide_event,3950000,0.8222,180
nested_ramp,human,954,slide_event,50000,0.0000,88
nested_ramp,human,954,slide_event,150000,0.0000,100
nested_ramp,human,954,slide_event,250000,0.0000,105
nested_ramp,human,954,slide_event,350000,0.0000,104
nested_ramp,human,954,slide_event,450000,0.0000,99
nested_ramp,human,954,slide_event,550000,0.0000,108
nested_ramp,human,954,slide_event,650000,0.0000,146
nested_ramp,human,954,slide_event,750000,0.0000,136
nested_ramp,human,954,slide_event,850000,0.0060,168
nested_ramp,human,954,slide_event,950000,0.0000,186
nested_ramp,human,954,slide_event,1050000,0.0000,206
nested_ramp,human,954,slide_event,1150000,0.0105,191
nested_ramp,human,954,slide_event,1250000,0.0287,209
nested_ramp,human,954,slide_event,1350000,0.0433,231
nested_ramp,human,954,slide_event,1450000,0.1026,234
nested_ramp,human,954,slide_event,1550000,0.1004,229
nested_ramp,human,954,slide_event,1650000,0.0714,112
nested_ramp,human,954,slide_event,1750000,,0
nested_ramp,human,954,slide_event,1850000,,0
nested_ramp,human,954,slide_event,1950000,,0
nested_ramp,human,954,slide_event,2050000,,0
nested_ramp,human,954,slide_event,2150000,,0
nested_ramp,human,954,slide_event,2250000,,0
nested_ramp,human,954,slide_event,2350000,,0
nested_ramp,human,954,slide_event,2450000,,0
nested_ramp,human,954,slide_event,2550000,,0
nested_ramp,human,954,slide_event,2650000,,0
nested_ramp,human,954,slide_event,2750000,,0
nested_ramp,human,954,slide_event,2850000,,0
nested_ramp,human,954,slide_event,2950000,,0
nested_ramp,human,954,slide_event,3050000,,0
nested_ramp,human,954,slide_event,3150000,,0
nested_ramp,human,954,slide_event,3250000,,0
nested_ramp,human,954,slide_event,3350000,,0
nested_ramp,human,954,slide_event,3450000,,0
nested_ramp,human,954,slide_event,3550000,,0
nested_ramp,human,954,slide_event,3650000,,0
nested_ramp,human,954,slide_event,3750000,,0
nested_ramp,human,954,slide_event,3850000,,0
nested_ramp,human,954,slide_event,3950000,,0
nested_ramp,human,959,slide_event,50000,0.0000,98
nested_ramp,human,959,slide_event,150000,0.0000,102
nested_ramp,human,959,slide_event,250000,0.0000,110
nested_ramp,human,959,slide_event,350000,0.0000,102
nested_ramp,human,959,slide_event,450000,0.0000,103
nested_ramp,human,959,slide_event,550000,0.0000,107
nested_ramp,human,959,slide_event,650000,0.0000,146
nested_ramp,human,959,slide_event,750000,0.0000,180
nested_ramp,human,959,slide_event,850000,0.0000,218
nested_ramp,human,959,slide_event,950000,0.0049,204
nested_ramp,human,959,slide_event,1050000,0.0160,187
nested_ramp,human,959,slide_event,1150000,0.0058,172
nested_ramp,human,959,slide_event,1250000,0.0311,193
nested_ramp,human,959,slide_event,1350000,0.0340,235
nested_ramp,human,959,slide_event,1450000,0.0099,202
nested_ramp,human,959,slide_event,1550000,0.0079,254
nested_ramp,human,959,slide_event,1650000,0.0533,75
nested_ramp,human,959,slide_event,1750000,,0
nested_ramp,human,959,slide_event,1850000,,0
nested_ramp,human,959,slide_event,1950000,,0
nested_ramp,human,959,slide_event,2050000,,0
nested_ramp,human,959,slide_event,2150000,,0
nested_ramp,human,959,slide_event,2250000,,0
nested_ramp,human,959,slide_event,2350000,,0
nested_ramp,human,959,slide_event,2450000,,0
nested_ramp,human,959,slide_event,2550000,,0
nested_ramp,human,959,slide_event,2650000,,0
nested_ramp,human,959,slide_event,2750000,,0
nested_ramp,human,959,slide_event,2850000,,0
nested_ramp,human,959,slide_event,2950000,,0
nested_ramp,human,959,slide_event,3050000,,0
nested_ramp,human,959,slide_event,3150000,,0
nested_ramp,human,959,slide_event,3250000,,0
nested_ramp,human,959,slide_event,3350000,,0
nested_ramp,human,959,slide_event,3450000,,0
nested_ramp,human,959,slide_event,3550000,,0
nested_ramp,human,959,slide_event,3650000,,0
nested_ramp,human,959,slide_event,3750000,,0
nested_ramp,human,959,slide_event,3850000,,0
nested_ramp,human,959,slide_event,3950000,,0
nested_ramp,human,960,slide_event,50000,0.0112,89
nested_ramp,human,960,slide_event,150000,0.0000,95
nested_ramp,human,960,slide_event,250000,0.0000,110
nested_ramp,human,960,slide_event,350000,0.0000,121
nested_ramp,human,960,slide_event,450000,0.0083,120
nested_ramp,human,960,slide_event,550000,0.0000,147
nested_ramp,human,960,slide_event,650000,0.0000,178
nested_ramp,human,960,slide_event,750000,0.0136,220
nested_ramp,human,960,slide_event,850000,0.0450,222
nested_ramp,human,960,slide_event,950000,0.0355,197
nested_ramp,human,960,slide_event,1050000,0.0802,187
nested_ramp,human,960,slide_event,1150000,0.0548,219
nested_ramp,human,960,slide_event,1250000,0.2392,209
nested_ramp,human,960,slide_event,1350000,0.3586,251
nested_ramp,human,960,slide_event,1450000,0.4897,194
nested_ramp,human,960,slide_event,1550000,0.4456,193
nested_ramp,human,960,slide_event,1650000,0.4292,219
nested_ramp,human,960,slide_event,1750000,0.6667,6
nested_ramp,human,960,slide_event,1850000,,0
nested_ramp,human,960,slide_event,1950000,,0
nested_ramp,human,960,slide_event,2050000,,0
nested_ramp,human,960,slide_event,2150000,,0
nested_ramp,human,960,slide_event,2250000,,0
nested_ramp,human,960,slide_event,2350000,,0
nested_ramp,human,960,slide_event,2450000,,0
nested_ramp,human,960,slide_event,2550000,,0
nested_ramp,human,960,slide_event,2650000,,0
nested_ramp,human,960,slide_event,2750000,,0
nested_ramp,human,960,slide_event,2850000,,0
nested_ramp,human,960,slide_event,2950000,,0
nested_ramp,human,960,slide_event,3050000,,0
nested_ramp,human,960,slide_event,3150000,,0
nested_ramp,human,960,slide_event,3250000,,0
nested_ramp,human,960,slide_event,3350000,,0
nested_ramp,human,960,slide_event,3450000,,0
nested_ramp,human,960,slide_event,3550000,,0
nested_ramp,human,960,slide_event,3650000,,0
nested_ramp,human,960,slide_event,3750000,,0
nested_ramp,human,960,slide_event,3850000,,0
nested_ramp,human,960,slide_event,3950000,,0
nested_ramp,human,961,slide_event,50000,0.0000,91
nested_ramp,human,961,slide_event,150000,0.0000,113
nested_ramp,human,961,slide_event,250000,0.0000,102
nested_ramp,human,961,slide_event,350000,0.0000,116
nested_ramp,human,961,slide_event,450000,0.0000,133
nested_ramp,human,961,slide_event,550000,0.0080,125
nested_ramp,human,961,slide_event,650000,0.0373,134
nested_ramp,human,961,slide_event,750000,0.0458,153
nested_ramp,human,961,slide_event,850000,0.1361,169
nested_ramp,human,961,slide_event,950000,0.0345,145
nested_ramp,human,961,slide_event,1050000,0.1871,139
nested_ramp,human,961,slide_event,1150000,0.2553,188
nested_ramp,human,961,slide_event,1250000,0.3495,186
nested_ramp,human,961,slide_event,1350000,0.4171,175
nested_ramp,human,961,slide_event,1450000,0.3277,177
nested_ramp,human,961,slide_event,1550000,0.5659,182
nested_ramp,human,961,slide_event,1650000,0.5322,171
nested_ramp,human,961,slide_event,1750000,0.7200,25
nested_ramp,human,961,slide_event,1850000,,0
nested_ramp,human,961,slide_event,1950000,,0
nested_ramp,human,961,slide_event,2050000,,0
nested_ramp,human,961,slide_event,2150000,,0
nested_ramp,human,961,slide_event,2250000,,0
nested_ramp,human,961,slide_event,2350000,,0
nested_ramp,human,961,slide_event,2450000,,0
nested_ramp,human,961,slide_event,2550000,,0
nested_ramp,human,961,slide_event,2650000,,0
nested_ramp,human,961,slide_event,2750000,,0
nested_ramp,human,961,slide_event,2850000,,0
nested_ramp,human,961,slide_event,2950000,,0
nested_ramp,human,961,slide_event,3050000,,0
nested_ramp,human,961,slide_event,3150000,,0
nested_ramp,human,961,slide_event,3250000,,0
nested_ramp,human,961,slide_event,3350000,,0
nested_ramp,human,961,slide_event,3450000,,0
nested_ramp,human,961,slide_event,3550000,,0
nested_ramp,human,961,slide_event,3650000,,0
nested_ramp,human,961,slide_event,3750000,,0
nested_ramp,human,961,slide_event,3850000,,0
nested_ramp,human,961,slide_event,3950000,,0
nested_ramp,machine,970,slide_event,50000,0.0000,93
nested_ramp,machine,970,slide_event,150000,0.0000,98
nested_ramp,machine,970,slide_event,250000,0.0000,101
nested_ramp,machine,970,slide_event,350000,0.0000,107
nested_ramp,machine,970,slide_event,450000,0.0000,112
nested_ramp,machine,970,slide_event,550000,0.0000,163
nested_ramp,machine,970,slide_event,650000,0.0054,184
nested_ramp,machine,970,slide_event,750000,0.0323,217
nested_ramp,machine,970,slide_event,850000,0.0352,227
nested_ramp,machine,970,slide_event,950000,0.0405,173
nested_ramp,machine,970,slide_event,1050000,0.1033,213
nested_ramp,machine,970,slide_event,1150000,0.2019,213
nested_ramp,machine,970,slide_event,1250000,0.3477,279
nested_ramp,machine,970,slide_event,1350000,0.3400,300
nested_ramp,machine,970,slide_event,1450000,0.3579,285
nested_ramp,machine,970,slide_event,1550000,0.3835,266
nested_ramp,machine,970,slide_event,1650000,0.4564,287
nested_ramp,machine,970,slide_event,1750000,0.3651,304
nested_ramp,machine,970,slide_event,1850000,0.5084,299
nested_ramp,machine,970,slide_event,1950000,0.6588,255
nested_ramp,machine,970,slide_event,2050000,,0
nested_ramp,machine,970,slide_event,2150000,,0
nested_ramp,machine,970,slide_event,2250000,,0
nested_ramp,machine,970,slide_event,2350000,,0
nested_ramp,machine,970,slide_event,2450000,,0
nested_ramp,machine,970,slide_event,2550000,,0
nested_ramp,machine,970,slide_event,2650000,,0
nested_ramp,machine,970,slide_event,2750000,,0
nested_ramp,machine,970,slide_event,2850000,,0
nested_ramp,machine,970,slide_event,2950000,,0
nested_ramp,machine,970,slide_event,3050000,,0
nested_ramp,machine,970,slide_event,3150000,,0
nested_ramp,machine,970,slide_event,3250000,,0
nested_ramp,machine,970,slide_event,3350000,,0
nested_ramp,machine,970,slide_event,3450000,,0
nested_ramp,machine,970,slide_event,3550000,,0
nested_ramp,machine,970,slide_event,3650000,,0
nested_ramp,machine,970,slide_event,3750000,,0
nested_ramp,machine,970,slide_event,3850000,,0
nested_ramp,machine,970,slide_event,3950000,,0
nested_ramp,machine,971,slide_event,50000,0.0000,96
nested_ramp,machine,971,slide_event,150000,0.0000,102
nested_ramp,machine,971,slide_event,250000,0.0000,105
nested_ramp,machine,971,slide_event,350000,0.0000,98
nested_ramp,machine,971,slide_event,450000,0.0000,132
nested_ramp,machine,971,slide_event,550000,0.0000,121
nested_ramp,machine,971,slide_event,650000,0.0000,180
nested_ramp,machine,971,slide_event,750000,0.0000,170
nested_ramp,machine,971,slide_event,850000,0.0046,216
nested_ramp,machine,971,slide_event,950000,0.0161,249
nested_ramp,machine,971,slide_event,1050000,0.0345,232
nested_ramp,machine,971,slide_event,1150000,0.0505,198
nested_ramp,machine,971,slide_event,1250000,0.0265,226
nested_ramp,machine,971,slide_event,1350000,0.0226,177
nested_ramp,machine,971,slide_event,1450000,0.1152,217
nested_ramp,machine,971,slide_event,1550000,0.2805,246
nested_ramp,machine,971,slide_event,1650000,0.1527,275
nested_ramp,machine,971,slide_event,1750000,0.2900,331
nested_ramp,machine,971,slide_event,1850000,0.4963,270
nested_ramp,machine,971,slide_event,1950000,0.3877,276
nested_ramp,machine,971,slide_event,2050000,,0
nested_ramp,machine,971,slide_event,2150000,,0
nested_ramp,machine,971,slide_event,2250000,,0
nested_ramp,machine,971,slide_event,2350000,,0
nested_ramp,machine,971,slide_event,2450000,,0
nested_ramp,machine,971,slide_event,2550000,,0
nested_ramp,machine,971,slide_event,2650000,,0
nested_ramp,machine,971,slide_event,2750000,,0
nested_ramp,machine,971,slide_event,2850000,,0
nested_ramp,machine,971,slide_event,2950000,,0
nested_ramp,machine,971,slide_event,3050000,,0
nested_ramp,machine,971,slide_event,3150000,,0
nested_ramp,machine,971,slide_event,3250000,,0
nested_ramp,machine,971,slide_event,3350000,,0
nested_ramp,machine,971,slide_event,3450000,,0
nested_ramp,machine,971,slide_event,3550000,,0
nested_ramp,machine,971,slide_event,3650000,,0
nested_ramp,machine,971,slide_event,3750000,,0
nested_ramp,machine,971,slide_event,3850000,,0
nested_ramp,machine,971,slide_event,3950000,,0
nested_ramp,machine,972,slide_event,50000,0.0000,102
nested_ramp,machine,972,slide_event,150000,0.0000,100
nested_ramp,machine,972,slide_event,250000,0.0000,106
nested_ramp,machine,972,slide_event,350000,0.0000,119
nested_ramp,machine,972,slide_event,450000,0.0000,131
nested_ramp,machine,972,slide_event,550000,0.0000,96
nested_ramp,machine,972,slide_event,650000,0.0000,162
nested_ramp,machine,972,slide_event,750000,0.0000,160
nested_ramp,machine,972,slide_event,850000,0.0000,166
nested_ramp,machine,972,slide_event,950000,0.0052,193
nested_ramp,machine,972,slide_event,1050000,0.0000,201
nested_ramp,machine,972,slide_event,1150000,0.0415,241
nested_ramp,machine,972,slide_event,1250000,0.0556,216
nested_ramp,machine,972,slide_event,1350000,0.0982,224
nested_ramp,machine,972,slide_event,1450000,0.1604,212
nested_ramp,machine,972,slide_event,1550000,0.2201,209
nested_ramp,machine,972,slide_event,1650000,0.2664,214
nested_ramp,machine,972,slide_event,1750000,0.2516,322
nested_ramp,machine,972,slide_event,1850000,0.2518,282
nested_ramp,machine,972,slide_event,1950000,0.2910,268
nested_ramp,machine,972,slide_event,2050000,0.3684,266
nested_ramp,machine,972,slide_event,2150000,0.4805,231
nested_ramp,machine,972,slide_event,2250000,0.3320,259
nested_ramp,machine,972,slide_event,2350000,0.4169,331
nested_ramp,machine,972,slide_event,2450000,0.4839,248
nested_ramp,machine,972,slide_event,2550000,0.6078,232
nested_ramp,machine,972,slide_event,2650000,0.5117,256
nested_ramp,machine,972,slide_event,2750000,0.4647,269
nested_ramp,machine,972,slide_event,2850000,0.7054,224
nested_ramp,machine,972,slide_event,2950000,0.7536,207
nested_ramp,machine,972,slide_event,3050000,0.7095,179
nested_ramp,machine,972,slide_event,3150000,0.8545,165
nested_ramp,machine,972,slide_event,3250000,0.7720,193
nested_ramp,machine,972,slide_event,3350000,0.8119,218
nested_ramp,machine,972,slide_event,3450000,0.6926,257
nested_ramp,machine,972,slide_event,3550000,0.7988,164
nested_ramp,machine,972,slide_event,3650000,0.7368,228
nested_ramp,machine,972,slide_event,3750000,0.8261,184
nested_ramp,machine,972,slide_event,3850000,0.8922,167
nested_ramp,machine,972,slide_event,3950000,0.8142,183
nested_ramp,machine,973,slide_event,50000,0.0000,97
nested_ramp,machine,973,slide_event,150000,0.0000,94
nested_ramp,machine,973,slide_event,250000,0.0000,108
nested_ramp,machine,973,slide_event,350000,0.0000,99
nested_ramp,machine,973,slide_event,450000,0.0000,106
nested_ramp,machine,973,slide_event,550000,0.0000,120
nested_ramp,machine,973,slide_event,650000,0.0059,170
nested_ramp,machine,973,slide_event,750000,0.0047,212
nested_ramp,machine,973,slide_event,850000,0.0109,184
nested_ramp,machine,973,slide_event,950000,0.0236,212
nested_ramp,machine,973,slide_event,1050000,0.0208,192
nested_ramp,machine,973,slide_event,1150000,0.0298,168
nested_ramp,machine,973,slide_event,1250000,0.0413,218
nested_ramp,machine,973,slide_event,1350000,0.0327,214
nested_ramp,machine,973,slide_event,1450000,0.0284,211
nested_ramp,machine,973,slide_event,1550000,0.1280,211
nested_ramp,machine,973,slide_event,1650000,0.0467,214
nested_ramp,machine,973,slide_event,1750000,0.1397,272
nested_ramp,machine,973,slide_event,1850000,0.2022,272
nested_ramp,machine,973,slide_event,1950000,0.3485,264
nested_ramp,machine,973,slide_event,2050000,0.3287,286
nested_ramp,machine,973,slide_event,2150000,0.3657,268
nested_ramp,machine,973,slide_event,2250000,0.0694,216
nested_ramp,machine,973,slide_event,2350000,0.2628,331
nested_ramp,machine,973,slide_event,2450000,0.4723,271
nested_ramp,machine,973,slide_event,2550000,0.7722,259
nested_ramp,machine,973,slide_event,2650000,0.7952,210
nested_ramp,machine,973,slide_event,2750000,0.7547,265
nested_ramp,machine,973,slide_event,2850000,0.6550,229
nested_ramp,machine,973,slide_event,2950000,0.8135,193
nested_ramp,machine,973,slide_event,3050000,0.7149,228
nested_ramp,machine,973,slide_event,3150000,0.7944,214
nested_ramp,machine,973,slide_event,3250000,0.7762,210
nested_ramp,machine,973,slide_event,3350000,0.6296,162
nested_ramp,machine,973,slide_event,3450000,0.7756,254
nested_ramp,machine,973,slide_event,3550000,0.8169,213
nested_ramp,machine,973,slide_event,3650000,0.8455,220
nested_ramp,machine,973,slide_event,3750000,0.7831,189
nested_ramp,machine,973,slide_event,3850000,0.6458,240
nested_ramp,machine,973,slide_event,3950000,0.8632,190
nested_ramp,machine,974,slide_event,50000,0.0000,99
nested_ramp,machine,974,slide_event,150000,0.0000,111
nested_ramp,machine,974,slide_event,250000,0.0000,109
nested_ramp,machine,974,slide_event,350000,0.0000,117
nested_ramp,machine,974,slide_event,450000,0.0000,117
nested_ramp,machine,974,slide_event,550000,0.0000,162
nested_ramp,machine,974,slide_event,650000,0.0054,184
nested_ramp,machine,974,slide_event,750000,0.0822,146
nested_ramp,machine,974,slide_event,850000,0.1026,156
nested_ramp,machine,974,slide_event,950000,0.0588,170
nested_ramp,machine,974,slide_event,1050000,0.1066,197
nested_ramp,machine,974,slide_event,1150000,0.2035,231
nested_ramp,machine,974,slide_event,1250000,0.3883,206
nested_ramp,machine,974,slide_event,1350000,0.4183,251
nested_ramp,machine,974,slide_event,1450000,0.3647,255
nested_ramp,machine,974,slide_event,1550000,0.3721,215
nested_ramp,machine,974,slide_event,1650000,0.4815,54
nested_ramp,machine,974,slide_event,1750000,,0
nested_ramp,machine,974,slide_event,1850000,,0
nested_ramp,machine,974,slide_event,1950000,,0
nested_ramp,machine,974,slide_event,2050000,,0
nested_ramp,machine,974,slide_event,2150000,,0
nested_ramp,machine,974,slide_event,2250000,,0
nested_ramp,machine,974,slide_event,2350000,,0
nested_ramp,machine,974,slide_event,2450000,,0
nested_ramp,machine,974,slide_event,2550000,,0
nested_ramp,machine,974,slide_event,2650000,,0
nested_ramp,machine,974,slide_event,2750000,,0
nested_ramp,machine,974,slide_event,2850000,,0
nested_ramp,machine,974,slide_event,2950000,,0
nested_ramp,machine,974,slide_event,3050000,,0
nested_ramp,machine,974,slide_event,3150000,,0
nested_ramp,machine,974,slide_event,3250000,,0
nested_ramp,machine,974,slide_event,3350000,,0
nested_ramp,machine,974,slide_event,3450000,,0
nested_ramp,machine,974,slide_event,3550000,,0
nested_ramp,machine,974,slide_event,3650000,,0
nested_ramp,machine,974,slide_event,3750000,,0
nested_ramp,machine,974,slide_event,3850000,,0
nested_ramp,machine,974,slide_event,3950000,,0
nested_ramp,machine,979,slide_event,50000,0.0000,85
nested_ramp,machine,979,slide_event,150000,0.0000,99
nested_ramp,machine,979,slide_event,250000,0.0000,95
nested_ramp,machine,979,slide_event,350000,0.0000,106
nested_ramp,machine,979,slide_event,450000,0.0000,106
nested_ramp,machine,979,slide_event,550000,0.0000,113
nested_ramp,machine,979,slide_event,650000,0.0000,151
nested_ramp,machine,979,slide_event,750000,0.0000,141
nested_ramp,machine,979,slide_event,850000,0.0059,170
nested_ramp,machine,979,slide_event,950000,0.0048,208
nested_ramp,machine,979,slide_event,1050000,0.0096,209
nested_ramp,machine,979,slide_event,1150000,0.0301,166
nested_ramp,machine,979,slide_event,1250000,0.0043,231
nested_ramp,machine,979,slide_event,1350000,0.0278,216
nested_ramp,machine,979,slide_event,1450000,0.0246,244
nested_ramp,machine,979,slide_event,1550000,0.0393,229
nested_ramp,machine,979,slide_event,1650000,0.0417,48
nested_ramp,machine,979,slide_event,1750000,,0
nested_ramp,machine,979,slide_event,1850000,,0
nested_ramp,machine,979,slide_event,1950000,,0
nested_ramp,machine,979,slide_event,2050000,,0
nested_ramp,machine,979,slide_event,2150000,,0
nested_ramp,machine,979,slide_event,2250000,,0
nested_ramp,machine,979,slide_event,2350000,,0
nested_ramp,machine,979,slide_event,2450000,,0
nested_ramp,machine,979,slide_event,2550000,,0
nested_ramp,machine,979,slide_event,2650000,,0
nested_ramp,machine,979,slide_event,2750000,,0
nested_ramp,machine,979,slide_event,2850000,,0
nested_ramp,machine,979,slide_event,2950000,,0
nested_ramp,machine,979,slide_event,3050000,,0
nested_ramp,machine,979,slide_event,3150000,,0
nested_ramp,machine,979,slide_event,3250000,,0
nested_ramp,machine,979,slide_event,3350000,,0
nested_ramp,machine,979,slide_event,3450000,,0
nested_ramp,machine,979,slide_event,3550000,,0
nested_ramp,machine,979,slide_event,3650000,,0
nested_ramp,machine,979,slide_event,3750000,,0
nested_ramp,machine,979,slide_event,3850000,,0
nested_ramp,machine,979,slide_event,3950000,,0
nested_ramp,machine,980,slide_event,50000,0.0000,84
nested_ramp,machine,980,slide_event,150000,0.0000,98
nested_ramp,machine,980,slide_event,250000,0.0000,104
nested_ramp,machine,980,slide_event,350000,0.0000,125
nested_ramp,machine,980,slide_event,450000,0.0000,104
nested_ramp,machine,980,slide_event,550000,0.0000,112
nested_ramp,machine,980,slide_event,650000,0.0000,132
nested_ramp,machine,980,slide_event,750000,0.0000,123
nested_ramp,machine,980,slide_event,850000,0.0000,174
nested_ramp,machine,980,slide_event,950000,0.0000,176
nested_ramp,machine,980,slide_event,1050000,0.0049,206
nested_ramp,machine,980,slide_event,1150000,0.0055,181
nested_ramp,machine,980,slide_event,1250000,0.0178,169
nested_ramp,machine,980,slide_event,1350000,0.0000,152
nested_ramp,machine,980,slide_event,1450000,0.0187,160
nested_ramp,machine,980,slide_event,1550000,0.0290,138
nested_ramp,machine,980,slide_event,1650000,0.0368,163
nested_ramp,machine,980,slide_event,1750000,0.0440,182
nested_ramp,machine,980,slide_event,1850000,0.0088,114
nested_ramp,machine,980,slide_event,1950000,,0
nested_ramp,machine,980,slide_event,2050000,,0
nested_ramp,machine,980,slide_event,2150000,,0
nested_ramp,machine,980,slide_event,2250000,,0
nested_ramp,machine,980,slide_event,2350000,,0
nested_ramp,machine,980,slide_event,2450000,,0
nested_ramp,machine,980,slide_event,2550000,,0
nested_ramp,machine,980,slide_event,2650000,,0
nested_ramp,machine,980,slide_event,2750000,,0
nested_ramp,machine,980,slide_event,2850000,,0
nested_ramp,machine,980,slide_event,2950000,,0
nested_ramp,machine,980,slide_event,3050000,,0
nested_ramp,machine,980,slide_event,3150000,,0
nested_ramp,machine,980,slide_event,3250000,,0
nested_ramp,machine,980,slide_event,3350000,,0
nested_ramp,machine,980,slide_event,3450000,,0
nested_ramp,machine,980,slide_event,3550000,,0
nested_ramp,machine,980,slide_event,3650000,,0
nested_ramp,machine,980,slide_event,3750000,,0
nested_ramp,machine,980,slide_event,3850000,,0
nested_ramp,machine,980,slide_event,3950000,,0
nested_ramp,machine,981,slide_event,50000,0.0000,88
nested_ramp,machine,981,slide_event,150000,0.0000,99
nested_ramp,machine,981,slide_event,250000,0.0000,98
nested_ramp,machine,981,slide_event,350000,0.0000,96
nested_ramp,machine,981,slide_event,450000,0.0000,115
nested_ramp,machine,981,slide_event,550000,0.0000,105
nested_ramp,machine,981,slide_event,650000,0.0000,93
nested_ramp,machine,981,slide_event,750000,0.0000,118
nested_ramp,machine,981,slide_event,850000,0.0000,124
nested_ramp,machine,981,slide_event,950000,0.0113,177
nested_ramp,machine,981,slide_event,1050000,0.0000,148
nested_ramp,machine,981,slide_event,1150000,0.0000,181
nested_ramp,machine,981,slide_event,1250000,0.0049,203
nested_ramp,machine,981,slide_event,1350000,0.0076,262
nested_ramp,machine,981,slide_event,1450000,0.0208,288
nested_ramp,machine,981,slide_event,1550000,0.0403,248
nested_ramp,machine,981,slide_event,1650000,0.0156,256
nested_ramp,machine,981,slide_event,1750000,0.0134,299
nested_ramp,machine,981,slide_event,1850000,0.0110,181
nested_ramp,machine,981,slide_event,1950000,,0
nested_ramp,machine,981,slide_event,2050000,,0
nested_ramp,machine,981,slide_event,2150000,,0
nested_ramp,machine,981,slide_event,2250000,,0
nested_ramp,machine,981,slide_event,2350000,,0
nested_ramp,machine,981,slide_event,2450000,,0
nested_ramp,machine,981,slide_event,2550000,,0
nested_ramp,machine,981,slide_event,2650000,,0
nested_ramp,machine,981,slide_event,2750000,,0
nested_ramp,machine,981,slide_event,2850000,,0
nested_ramp,machine,981,slide_event,2950000,,0
nested_ramp,machine,981,slide_event,3050000,,0
nested_ramp,machine,981,slide_event,3150000,,0
nested_ramp,machine,981,slide_event,3250000,,0
nested_ramp,machine,981,slide_event,3350000,,0
nested_ramp,machine,981,slide_event,3450000,,0
nested_ramp,machine,981,slide_event,3550000,,0
nested_ramp,machine,981,slide_event,3650000,,0
nested_ramp,machine,981,slide_event,3750000,,0
nested_ramp,machine,981,slide_event,3850000,,0
nested_ramp,machine,981,slide_event,3950000,,0
nested_ramp,human,950,home,50000,0.0000,93
nested_ramp,human,950,home,150000,0.0000,104
nested_ramp,human,950,home,250000,0.0000,112
nested_ramp,human,950,home,350000,0.0000,112
nested_ramp,human,950,home,450000,0.0000,126
nested_ramp,human,950,home,550000,0.0000,134
nested_ramp,human,950,home,650000,0.0000,202
nested_ramp,human,950,home,750000,0.0000,172
nested_ramp,human,950,home,850000,0.0054,185
nested_ramp,human,950,home,950000,0.0000,176
nested_ramp,human,950,home,1050000,0.0168,179
nested_ramp,human,950,home,1150000,0.0165,182
nested_ramp,human,950,home,1250000,0.0243,206
nested_ramp,human,950,home,1350000,0.0260,192
nested_ramp,human,950,home,1450000,0.0312,224
nested_ramp,human,950,home,1550000,0.0205,292
nested_ramp,human,950,home,1650000,0.0291,309
nested_ramp,human,950,home,1750000,0.0638,298
nested_ramp,human,950,home,1850000,0.0308,292
nested_ramp,human,950,home,1950000,0.0320,281
nested_ramp,human,950,home,2050000,,0
nested_ramp,human,950,home,2150000,,0
nested_ramp,human,950,home,2250000,,0
nested_ramp,human,950,home,2350000,,0
nested_ramp,human,950,home,2450000,,0
nested_ramp,human,950,home,2550000,,0
nested_ramp,human,950,home,2650000,,0
nested_ramp,human,950,home,2750000,,0
nested_ramp,human,950,home,2850000,,0
nested_ramp,human,950,home,2950000,,0
nested_ramp,human,950,home,3050000,,0
nested_ramp,human,950,home,3150000,,0
nested_ramp,human,950,home,3250000,,0
nested_ramp,human,950,home,3350000,,0
nested_ramp,human,950,home,3450000,,0
nested_ramp,human,950,home,3550000,,0
nested_ramp,human,950,home,3650000,,0
nested_ramp,human,950,home,3750000,,0
nested_ramp,human,950,home,3850000,,0
nested_ramp,human,950,home,3950000,,0
nested_ramp,human,951,home,50000,0.0000,96
nested_ramp,human,951,home,150000,0.0000,97
nested_ramp,human,951,home,250000,0.0000,108
nested_ramp,human,951,home,350000,0.0000,109
nested_ramp,human,951,home,450000,0.0000,106
nested_ramp,human,951,home,550000,0.0000,123
nested_ramp,human,951,home,650000,0.0000,133
nested_ramp,human,951,home,750000,0.0000,171
nested_ramp,human,951,home,850000,0.0000,190
nested_ramp,human,951,home,950000,0.0106,189
nested_ramp,human,951,home,1050000,0.0055,183
nested_ramp,human,951,home,1150000,0.0000,197
nested_ramp,human,951,home,1250000,0.0040,248
nested_ramp,human,951,home,1350000,0.0000,171
nested_ramp,human,951,home,1450000,0.0087,231
nested_ramp,human,951,home,1550000,0.0455,198
nested_ramp,human,951,home,1650000,0.0232,259
nested_ramp,human,951,home,1750000,0.0073,275
nested_ramp,human,951,home,1850000,0.0194,310
nested_ramp,human,951,home,1950000,0.0164,304
nested_ramp,human,951,home,2050000,,0
nested_ramp,human,951,home,2150000,,0
nested_ramp,human,951,home,2250000,,0
nested_ramp,human,951,home,2350000,,0
nested_ramp,human,951,home,2450000,,0
nested_ramp,human,951,home,2550000,,0
nested_ramp,human,951,home,2650000,,0
nested_ramp,human,951,home,2750000,,0
nested_ramp,human,951,home,2850000,,0
nested_ramp,human,951,home,2950000,,0
nested_ramp,human,951,home,3050000,,0
nested_ramp,human,951,home,3150000,,0
nested_ramp,human,951,home,3250000,,0
nested_ramp,human,951,home,3350000,,0
nested_ramp,human,951,home,3450000,,0
nested_ramp,human,951,home,3550000,,0
nested_ramp,human,951,home,3650000,,0
nested_ramp,human,951,home,3750000,,0
nested_ramp,human,951,home,3850000,,0
nested_ramp,human,951,home,3950000,,0
nested_ramp,human,952,home,50000,0.0000,94
nested_ramp,human,952,home,150000,0.0000,101
nested_ramp,human,952,home,250000,0.0000,110
nested_ramp,human,952,home,350000,0.0000,107
nested_ramp,human,952,home,450000,0.0000,89
nested_ramp,human,952,home,550000,0.0000,100
nested_ramp,human,952,home,650000,0.0000,132
nested_ramp,human,952,home,750000,0.0000,128
nested_ramp,human,952,home,850000,0.0000,167
nested_ramp,human,952,home,950000,0.0000,204
nested_ramp,human,952,home,1050000,0.0000,204
nested_ramp,human,952,home,1150000,0.0000,187
nested_ramp,human,952,home,1250000,0.0099,202
nested_ramp,human,952,home,1350000,0.0240,250
nested_ramp,human,952,home,1450000,0.0116,258
nested_ramp,human,952,home,1550000,0.0087,231
nested_ramp,human,952,home,1650000,0.0072,276
nested_ramp,human,952,home,1750000,0.0072,278
nested_ramp,human,952,home,1850000,0.0000,267
nested_ramp,human,952,home,1950000,0.0246,284
nested_ramp,human,952,home,2050000,0.0000,267
nested_ramp,human,952,home,2150000,0.0112,356
nested_ramp,human,952,home,2250000,0.0085,355
nested_ramp,human,952,home,2350000,0.0050,399
nested_ramp,human,952,home,2450000,0.0055,365
nested_ramp,human,952,home,2550000,0.0208,336
nested_ramp,human,952,home,2650000,0.0000,253
nested_ramp,human,952,home,2750000,0.0075,266
nested_ramp,human,952,home,2850000,0.0160,250
nested_ramp,human,952,home,2950000,0.0156,321
nested_ramp,human,952,home,3050000,0.0073,274
nested_ramp,human,952,home,3150000,0.0279,215
nested_ramp,human,952,home,3250000,0.0000,240
nested_ramp,human,952,home,3350000,0.0108,277
nested_ramp,human,952,home,3450000,0.0140,215
nested_ramp,human,952,home,3550000,0.0106,189
nested_ramp,human,952,home,3650000,0.0136,221
nested_ramp,human,952,home,3750000,0.0000,191
nested_ramp,human,952,home,3850000,0.0057,175
nested_ramp,human,952,home,3950000,0.0055,182
nested_ramp,human,953,home,50000,0.0000,97
nested_ramp,human,953,home,150000,0.0000,102
nested_ramp,human,953,home,250000,0.0000,112
nested_ramp,human,953,home,350000,0.0000,110
nested_ramp,human,953,home,450000,0.0000,106
nested_ramp,human,953,home,550000,0.0000,98
nested_ramp,human,953,home,650000,0.0000,120
nested_ramp,human,953,home,750000,0.0000,147
nested_ramp,human,953,home,850000,0.0000,160
nested_ramp,human,953,home,950000,0.0000,168
nested_ramp,human,953,home,1050000,0.0000,184
nested_ramp,human,953,home,1150000,0.0000,167
nested_ramp,human,953,home,1250000,0.0000,159
nested_ramp,human,953,home,1350000,0.0000,140
nested_ramp,human,953,home,1450000,0.0125,160
nested_ramp,human,953,home,1550000,0.0000,210
nested_ramp,human,953,home,1650000,0.0000,229
nested_ramp,human,953,home,1750000,0.0000,255
nested_ramp,human,953,home,1850000,0.0000,240
nested_ramp,human,953,home,1950000,0.0000,277
nested_ramp,human,953,home,2050000,0.0160,312
nested_ramp,human,953,home,2150000,0.0111,360
nested_ramp,human,953,home,2250000,0.0386,259
nested_ramp,human,953,home,2350000,0.0162,308
nested_ramp,human,953,home,2450000,0.0026,378
nested_ramp,human,953,home,2550000,0.0028,359
nested_ramp,human,953,home,2650000,0.0286,245
nested_ramp,human,953,home,2750000,0.0143,210
nested_ramp,human,953,home,2850000,0.0066,303
nested_ramp,human,953,home,2950000,0.0229,262
nested_ramp,human,953,home,3050000,0.0042,236
nested_ramp,human,953,home,3150000,0.0037,271
nested_ramp,human,953,home,3250000,0.0000,293
nested_ramp,human,953,home,3350000,0.0177,226
nested_ramp,human,953,home,3450000,0.0109,184
nested_ramp,human,953,home,3550000,0.0225,222
nested_ramp,human,953,home,3650000,0.0066,151
nested_ramp,human,953,home,3750000,0.0183,164
nested_ramp,human,953,home,3850000,0.0000,179
nested_ramp,human,953,home,3950000,0.0833,180
nested_ramp,human,954,home,50000,0.0000,88
nested_ramp,human,954,home,150000,0.0000,100
nested_ramp,human,954,home,250000,0.0000,105
nested_ramp,human,954,home,350000,0.0000,104
nested_ramp,human,954,home,450000,0.0000,99
nested_ramp,human,954,home,550000,0.0000,108
nested_ramp,human,954,home,650000,0.0000,146
nested_ramp,human,954,home,750000,0.0000,136
nested_ramp,human,954,home,850000,0.0000,168
nested_ramp,human,954,home,950000,0.0000,186
nested_ramp,human,954,home,1050000,0.0000,206
nested_ramp,human,954,home,1150000,0.0000,191
nested_ramp,human,954,home,1250000,0.0000,209
nested_ramp,human,954,home,1350000,0.0043,231
nested_ramp,human,954,home,1450000,0.0128,234
nested_ramp,human,954,home,1550000,0.0218,229
nested_ramp,human,954,home,1650000,0.0268,112
nested_ramp,human,954,home,1750000,,0
nested_ramp,human,954,home,1850000,,0
nested_ramp,human,954,home,1950000,,0
nested_ramp,human,954,home,2050000,,0
nested_ramp,human,954,home,2150000,,0
nested_ramp,human,954,home,2250000,,0
nested_ramp,human,954,home,2350000,,0
nested_ramp,human,954,home,2450000,,0
nested_ramp,human,954,home,2550000,,0
nested_ramp,human,954,home,2650000,,0
nested_ramp,human,954,home,2750000,,0
nested_ramp,human,954,home,2850000,,0
nested_ramp,human,954,home,2950000,,0
nested_ramp,human,954,home,3050000,,0
nested_ramp,human,954,home,3150000,,0
nested_ramp,human,954,home,3250000,,0
nested_ramp,human,954,home,3350000,,0
nested_ramp,human,954,home,3450000,,0
nested_ramp,human,954,home,3550000,,0
nested_ramp,human,954,home,3650000,,0
nested_ramp,human,954,home,3750000,,0
nested_ramp,human,954,home,3850000,,0
nested_ramp,human,954,home,3950000,,0
nested_ramp,human,959,home,50000,0.0000,98
nested_ramp,human,959,home,150000,0.0000,102
nested_ramp,human,959,home,250000,0.0000,110
nested_ramp,human,959,home,350000,0.0000,102
nested_ramp,human,959,home,450000,0.0000,103
nested_ramp,human,959,home,550000,0.0000,107
nested_ramp,human,959,home,650000,0.0000,146
nested_ramp,human,959,home,750000,0.0000,180
nested_ramp,human,959,home,850000,0.0000,218
nested_ramp,human,959,home,950000,0.0000,204
nested_ramp,human,959,home,1050000,0.0000,187
nested_ramp,human,959,home,1150000,0.0000,172
nested_ramp,human,959,home,1250000,0.0052,193
nested_ramp,human,959,home,1350000,0.0000,235
nested_ramp,human,959,home,1450000,0.0000,202
nested_ramp,human,959,home,1550000,0.0000,254
nested_ramp,human,959,home,1650000,0.0267,75
nested_ramp,human,959,home,1750000,,0
nested_ramp,human,959,home,1850000,,0
nested_ramp,human,959,home,1950000,,0
nested_ramp,human,959,home,2050000,,0
nested_ramp,human,959,home,2150000,,0
nested_ramp,human,959,home,2250000,,0
nested_ramp,human,959,home,2350000,,0
nested_ramp,human,959,home,2450000,,0
nested_ramp,human,959,home,2550000,,0
nested_ramp,human,959,home,2650000,,0
nested_ramp,human,959,home,2750000,,0
nested_ramp,human,959,home,2850000,,0
nested_ramp,human,959,home,2950000,,0
nested_ramp,human,959,home,3050000,,0
nested_ramp,human,959,home,3150000,,0
nested_ramp,human,959,home,3250000,,0
nested_ramp,human,959,home,3350000,,0
nested_ramp,human,959,home,3450000,,0
nested_ramp,human,959,home,3550000,,0
nested_ramp,human,959,home,3650000,,0
nested_ramp,human,959,home,3750000,,0
nested_ramp,human,959,home,3850000,,0
nested_ramp,human,959,home,3950000,,0
nested_ramp,human,960,home,50000,0.0112,89
nested_ramp,human,960,home,150000,0.0000,95
nested_ramp,human,960,home,250000,0.0000,110
nested_ramp,human,960,home,350000,0.0000,121
nested_ramp,human,960,home,450000,0.0000,120
nested_ramp,human,960,home,550000,0.0000,147
nested_ramp,human,960,home,650000,0.0000,178
nested_ramp,human,960,home,750000,0.0091,220
nested_ramp,human,960,home,850000,0.0000,222
nested_ramp,human,960,home,950000,0.0051,197
nested_ramp,human,960,home,1050000,0.0053,187
nested_ramp,human,960,home,1150000,0.0046,219
nested_ramp,human,960,home,1250000,0.0000,209
nested_ramp,human,960,home,1350000,0.0199,251
nested_ramp,human,960,home,1450000,0.0258,194
nested_ramp,human,960,home,1550000,0.0259,193
nested_ramp,human,960,home,1650000,0.0183,219
nested_ramp,human,960,home,1750000,0.0000,6
nested_ramp,human,960,home,1850000,,0
nested_ramp,human,960,home,1950000,,0
nested_ramp,human,960,home,2050000,,0
nested_ramp,human,960,home,2150000,,0
nested_ramp,human,960,home,2250000,,0
nested_ramp,human,960,home,2350000,,0
nested_ramp,human,960,home,2450000,,0
nested_ramp,human,960,home,2550000,,0
nested_ramp,human,960,home,2650000,,0
nested_ramp,human,960,home,2750000,,0
nested_ramp,human,960,home,2850000,,0
nested_ramp,human,960,home,2950000,,0
nested_ramp,human,960,home,3050000,,0
nested_ramp,human,960,home,3150000,,0
nested_ramp,human,960,home,3250000,,0
nested_ramp,human,960,home,3350000,,0
nested_ramp,human,960,home,3450000,,0
nested_ramp,human,960,home,3550000,,0
nested_ramp,human,960,home,3650000,,0
nested_ramp,human,960,home,3750000,,0
nested_ramp,human,960,home,3850000,,0
nested_ramp,human,960,home,3950000,,0
nested_ramp,human,961,home,50000,0.0000,91
nested_ramp,human,961,home,150000,0.0000,113
nested_ramp,human,961,home,250000,0.0000,102
nested_ramp,human,961,home,350000,0.0000,116
nested_ramp,human,961,home,450000,0.0000,133
nested_ramp,human,961,home,550000,0.0000,125
nested_ramp,human,961,home,650000,0.0075,134
nested_ramp,human,961,home,750000,0.0131,153
nested_ramp,human,961,home,850000,0.0237,169
nested_ramp,human,961,home,950000,0.0069,145
nested_ramp,human,961,home,1050000,0.0288,139
nested_ramp,human,961,home,1150000,0.1064,188
nested_ramp,human,961,home,1250000,0.1505,186
nested_ramp,human,961,home,1350000,0.2229,175
nested_ramp,human,961,home,1450000,0.1808,177
nested_ramp,human,961,home,1550000,0.3626,182
nested_ramp,human,961,home,1650000,0.2281,171
nested_ramp,human,961,home,1750000,0.4800,25
nested_ramp,human,961,home,1850000,,0
nested_ramp,human,961,home,1950000,,0
nested_ramp,human,961,home,2050000,,0
nested_ramp,human,961,home,2150000,,0
nested_ramp,human,961,home,2250000,,0
nested_ramp,human,961,home,2350000,,0
nested_ramp,human,961,home,2450000,,0
nested_ramp,human,961,home,2550000,,0
nested_ramp,human,961,home,2650000,,0
nested_ramp,human,961,home,2750000,,0
nested_ramp,human,961,home,2850000,,0
nested_ramp,human,961,home,2950000,,0
nested_ramp,human,961,home,3050000,,0
nested_ramp,human,961,home,3150000,,0
nested_ramp,human,961,home,3250000,,0
nested_ramp,human,961,home,3350000,,0
nested_ramp,human,961,home,3450000,,0
nested_ramp,human,961,home,3550000,,0
nested_ramp,human,961,home,3650000,,0
nested_ramp,human,961,home,3750000,,0
nested_ramp,human,961,home,3850000,,0
nested_ramp,human,961,home,3950000,,0
nested_ramp,machine,970,home,50000,0.0000,93
nested_ramp,machine,970,home,150000,0.0000,98
nested_ramp,machine,970,home,250000,0.0000,101
nested_ramp,machine,970,home,350000,0.0000,107
nested_ramp,machine,970,home,450000,0.0000,112
nested_ramp,machine,970,home,550000,0.0000,163
nested_ramp,machine,970,home,650000,0.0054,184
nested_ramp,machine,970,home,750000,0.0046,217
nested_ramp,machine,970,home,850000,0.0088,227
nested_ramp,machine,970,home,950000,0.0116,173
nested_ramp,machine,970,home,1050000,0.0235,213
nested_ramp,machine,970,home,1150000,0.0235,213
nested_ramp,machine,970,home,1250000,0.0323,279
nested_ramp,machine,970,home,1350000,0.0300,300
nested_ramp,machine,970,home,1450000,0.0281,285
nested_ramp,machine,970,home,1550000,0.0188,266
nested_ramp,machine,970,home,1650000,0.0209,287
nested_ramp,machine,970,home,1750000,0.0000,304
nested_ramp,machine,970,home,1850000,0.0167,299
nested_ramp,machine,970,home,1950000,0.0196,255
nested_ramp,machine,970,home,2050000,,0
nested_ramp,machine,970,home,2150000,,0
nested_ramp,machine,970,home,2250000,,0
nested_ramp,machine,970,home,2350000,,0
nested_ramp,machine,970,home,2450000,,0
nested_ramp,machine,970,home,2550000,,0
nested_ramp,machine,970,home,2650000,,0
nested_ramp,machine,970,home,2750000,,0
nested_ramp,machine,970,home,2850000,,0
nested_ramp,machine,970,home,2950000,,0
nested_ramp,machine,970,home,3050000,,0
nested_ramp,machine,970,home,3150000,,0
nested_ramp,machine,970,home,3250000,,0
nested_ramp,machine,970,home,3350000,,0
nested_ramp,machine,970,home,3450000,,0
nested_ramp,machine,970,home,3550000,,0
nested_ramp,machine,970,home,3650000,,0
nested_ramp,machine,970,home,3750000,,0
nested_ramp,machine,970,home,3850000,,0
nested_ramp,machine,970,home,3950000,,0
nested_ramp,machine,971,home,50000,0.0000,96
nested_ramp,machine,971,home,150000,0.0000,102
nested_ramp,machine,971,home,250000,0.0000,105
nested_ramp,machine,971,home,350000,0.0000,98
nested_ramp,machine,971,home,450000,0.0000,132
nested_ramp,machine,971,home,550000,0.0000,121
nested_ramp,machine,971,home,650000,0.0000,180
nested_ramp,machine,971,home,750000,0.0000,170
nested_ramp,machine,971,home,850000,0.0000,216
nested_ramp,machine,971,home,950000,0.0000,249
nested_ramp,machine,971,home,1050000,0.0000,232
nested_ramp,machine,971,home,1150000,0.0000,198
nested_ramp,machine,971,home,1250000,0.0044,226
nested_ramp,machine,971,home,1350000,0.0000,177
nested_ramp,machine,971,home,1450000,0.0276,217
nested_ramp,machine,971,home,1550000,0.0325,246
nested_ramp,machine,971,home,1650000,0.0291,275
nested_ramp,machine,971,home,1750000,0.0242,331
nested_ramp,machine,971,home,1850000,0.0333,270
nested_ramp,machine,971,home,1950000,0.0000,276
nested_ramp,machine,971,home,2050000,,0
nested_ramp,machine,971,home,2150000,,0
nested_ramp,machine,971,home,2250000,,0
nested_ramp,machine,971,home,2350000,,0
nested_ramp,machine,971,home,2450000,,0
nested_ramp,machine,971,home,2550000,,0
nested_ramp,machine,971,home,2650000,,0
nested_ramp,machine,971,home,2750000,,0
nested_ramp,machine,971,home,2850000,,0
nested_ramp,machine,971,home,2950000,,0
nested_ramp,machine,971,home,3050000,,0
nested_ramp,machine,971,home,3150000,,0
nested_ramp,machine,971,home,3250000,,0
nested_ramp,machine,971,home,3350000,,0
nested_ramp,machine,971,home,3450000,,0
nested_ramp,machine,971,home,3550000,,0
nested_ramp,machine,971,home,3650000,,0
nested_ramp,machine,971,home,3750000,,0
nested_ramp,machine,971,home,3850000,,0
nested_ramp,machine,971,home,3950000,,0
nested_ramp,machine,972,home,50000,0.0000,102
nested_ramp,machine,972,home,150000,0.0000,100
nested_ramp,machine,972,home,250000,0.0000,106
nested_ramp,machine,972,home,350000,0.0000,119
nested_ramp,machine,972,home,450000,0.0000,131
nested_ramp,machine,972,home,550000,0.0000,96
nested_ramp,machine,972,home,650000,0.0000,162
nested_ramp,machine,972,home,750000,0.0000,160
nested_ramp,machine,972,home,850000,0.0000,166
nested_ramp,machine,972,home,950000,0.0000,193
nested_ramp,machine,972,home,1050000,0.0000,201
nested_ramp,machine,972,home,1150000,0.0000,241
nested_ramp,machine,972,home,1250000,0.0046,216
nested_ramp,machine,972,home,1350000,0.0045,224
nested_ramp,machine,972,home,1450000,0.0000,212
nested_ramp,machine,972,home,1550000,0.0048,209
nested_ramp,machine,972,home,1650000,0.0000,214
nested_ramp,machine,972,home,1750000,0.0093,322
nested_ramp,machine,972,home,1850000,0.0106,282
nested_ramp,machine,972,home,1950000,0.0037,268
nested_ramp,machine,972,home,2050000,0.0075,266
nested_ramp,machine,972,home,2150000,0.0130,231
nested_ramp,machine,972,home,2250000,0.0039,259
nested_ramp,machine,972,home,2350000,0.0030,331
nested_ramp,machine,972,home,2450000,0.0000,248
nested_ramp,machine,972,home,2550000,0.0043,232
nested_ramp,machine,972,home,2650000,0.0000,256
nested_ramp,machine,972,home,2750000,0.0037,269
nested_ramp,machine,972,home,2850000,0.0000,224
nested_ramp,machine,972,home,2950000,0.0097,207
nested_ramp,machine,972,home,3050000,0.0223,179
nested_ramp,machine,972,home,3150000,0.0000,165
nested_ramp,machine,972,home,3250000,0.0052,193
nested_ramp,machine,972,home,3350000,0.0000,218
nested_ramp,machine,972,home,3450000,0.0117,257
nested_ramp,machine,972,home,3550000,0.0244,164
nested_ramp,machine,972,home,3650000,0.0088,228
nested_ramp,machine,972,home,3750000,0.0163,184
nested_ramp,machine,972,home,3850000,0.0120,167
nested_ramp,machine,972,home,3950000,0.0000,183
nested_ramp,machine,973,home,50000,0.0000,97
nested_ramp,machine,973,home,150000,0.0000,94
nested_ramp,machine,973,home,250000,0.0000,108
nested_ramp,machine,973,home,350000,0.0000,99
nested_ramp,machine,973,home,450000,0.0000,106
nested_ramp,machine,973,home,550000,0.0000,120
nested_ramp,machine,973,home,650000,0.0059,170
nested_ramp,machine,973,home,750000,0.0047,212
nested_ramp,machine,973,home,850000,0.0000,184
nested_ramp,machine,973,home,950000,0.0094,212
nested_ramp,machine,973,home,1050000,0.0156,192
nested_ramp,machine,973,home,1150000,0.0000,168
nested_ramp,machine,973,home,1250000,0.0183,218
nested_ramp,machine,973,home,1350000,0.0047,214
nested_ramp,machine,973,home,1450000,0.0047,211
nested_ramp,machine,973,home,1550000,0.0284,211
nested_ramp,machine,973,home,1650000,0.0093,214
nested_ramp,machine,973,home,1750000,0.0110,272
nested_ramp,machine,973,home,1850000,0.0294,272
nested_ramp,machine,973,home,1950000,0.0265,264
nested_ramp,machine,973,home,2050000,0.0664,286
nested_ramp,machine,973,home,2150000,0.0336,268
nested_ramp,machine,973,home,2250000,0.0000,216
nested_ramp,machine,973,home,2350000,0.0030,331
nested_ramp,machine,973,home,2450000,0.0000,271
nested_ramp,machine,973,home,2550000,0.0232,259
nested_ramp,machine,973,home,2650000,0.0190,210
nested_ramp,machine,973,home,2750000,0.0264,265
nested_ramp,machine,973,home,2850000,0.0131,229
nested_ramp,machine,973,home,2950000,0.0000,193
nested_ramp,machine,973,home,3050000,0.0000,228
nested_ramp,machine,973,home,3150000,0.0140,214
nested_ramp,machine,973,home,3250000,0.0429,210
nested_ramp,machine,973,home,3350000,0.0988,162
nested_ramp,machine,973,home,3450000,0.0236,254
nested_ramp,machine,973,home,3550000,0.0188,213
nested_ramp,machine,973,home,3650000,0.0000,220
nested_ramp,machine,973,home,3750000,0.0159,189
nested_ramp,machine,973,home,3850000,0.0000,240
nested_ramp,machine,973,home,3950000,0.0000,190
nested_ramp,machine,974,home,50000,0.0000,99
nested_ramp,machine,974,home,150000,0.0000,111
nested_ramp,machine,974,home,250000,0.0000,109
nested_ramp,machine,974,home,350000,0.0000,117
nested_ramp,machine,974,home,450000,0.0000,117
nested_ramp,machine,974,home,550000,0.0000,162
nested_ramp,machine,974,home,650000,0.0000,184
nested_ramp,machine,974,home,750000,0.0068,146
nested_ramp,machine,974,home,850000,0.0064,156
nested_ramp,machine,974,home,950000,0.0118,170
nested_ramp,machine,974,home,1050000,0.0203,197
nested_ramp,machine,974,home,1150000,0.0000,231
nested_ramp,machine,974,home,1250000,0.0049,206
nested_ramp,machine,974,home,1350000,0.0080,251
nested_ramp,machine,974,home,1450000,0.0039,255
nested_ramp,machine,974,home,1550000,0.0233,215
nested_ramp,machine,974,home,1650000,0.0000,54
nested_ramp,machine,974,home,1750000,,0
nested_ramp,machine,974,home,1850000,,0
nested_ramp,machine,974,home,1950000,,0
nested_ramp,machine,974,home,2050000,,0
nested_ramp,machine,974,home,2150000,,0
nested_ramp,machine,974,home,2250000,,0
nested_ramp,machine,974,home,2350000,,0
nested_ramp,machine,974,home,2450000,,0
nested_ramp,machine,974,home,2550000,,0
nested_ramp,machine,974,home,2650000,,0
nested_ramp,machine,974,home,2750000,,0
nested_ramp,machine,974,home,2850000,,0
nested_ramp,machine,974,home,2950000,,0
nested_ramp,machine,974,home,3050000,,0
nested_ramp,machine,974,home,3150000,,0
nested_ramp,machine,974,home,3250000,,0
nested_ramp,machine,974,home,3350000,,0
nested_ramp,machine,974,home,3450000,,0
nested_ramp,machine,974,home,3550000,,0
nested_ramp,machine,974,home,3650000,,0
nested_ramp,machine,974,home,3750000,,0
nested_ramp,machine,974,home,3850000,,0
nested_ramp,machine,974,home,3950000,,0
nested_ramp,machine,979,home,50000,0.0000,85
nested_ramp,machine,979,home,150000,0.0000,99
nested_ramp,machine,979,home,250000,0.0000,95
nested_ramp,machine,979,home,350000,0.0000,106
nested_ramp,machine,979,home,450000,0.0000,106
nested_ramp,machine,979,home,550000,0.0000,113
nested_ramp,machine,979,home,650000,0.0000,151
nested_ramp,machine,979,home,750000,0.0000,141
nested_ramp,machine,979,home,850000,0.0059,170
nested_ramp,machine,979,home,950000,0.0000,208
nested_ramp,machine,979,home,1050000,0.0000,209
nested_ramp,machine,979,home,1150000,0.0000,166
nested_ramp,machine,979,home,1250000,0.0000,231
nested_ramp,machine,979,home,1350000,0.0046,216
nested_ramp,machine,979,home,1450000,0.0082,244
nested_ramp,machine,979,home,1550000,0.0044,229
nested_ramp,machine,979,home,1650000,0.0000,48
nested_ramp,machine,979,home,1750000,,0
nested_ramp,machine,979,home,1850000,,0
nested_ramp,machine,979,home,1950000,,0
nested_ramp,machine,979,home,2050000,,0
nested_ramp,machine,979,home,2150000,,0
nested_ramp,machine,979,home,2250000,,0
nested_ramp,machine,979,home,2350000,,0
nested_ramp,machine,979,home,2450000,,0
nested_ramp,machine,979,home,2550000,,0
nested_ramp,machine,979,home,2650000,,0
nested_ramp,machine,979,home,2750000,,0
nested_ramp,machine,979,home,2850000,,0
nested_ramp,machine,979,home,2950000,,0
nested_ramp,machine,979,home,3050000,,0
nested_ramp,machine,979,home,3150000,,0
nested_ramp,machine,979,home,3250000,,0
nested_ramp,machine,979,home,3350000,,0
nested_ramp,machine,979,home,3450000,,0
nested_ramp,machine,979,home,3550000,,0
nested_ramp,machine,979,home,3650000,,0
nested_ramp,machine,979,home,3750000,,0
nested_ramp,machine,979,home,3850000,,0
nested_ramp,machine,979,home,3950000,,0
nested_ramp,machine,980,home,50000,0.0000,84
nested_ramp,machine,980,home,150000,0.0000,98
nested_ramp,machine,980,home,250000,0.0000,104
nested_ramp,machine,980,home,350000,0.0000,125
nested_ramp,machine,980,home,450000,0.0000,104
nested_ramp,machine,980,home,550000,0.0000,112
nested_ramp,machine,980,home,650000,0.0000,132
nested_ramp,machine,980,home,750000,0.0000,123
nested_ramp,machine,980,home,850000,0.0000,174
nested_ramp,machine,980,home,950000,0.0000,176
nested_ramp,machine,980,home,1050000,0.0049,206
nested_ramp,machine,980,home,1150000,0.0000,181
nested_ramp,machine,980,home,1250000,0.0000,169
nested_ramp,machine,980,home,1350000,0.0000,152
nested_ramp,machine,980,home,1450000,0.0125,160
nested_ramp,machine,980,home,1550000,0.0072,138
nested_ramp,machine,980,home,1650000,0.0061,163
nested_ramp,machine,980,home,1750000,0.0055,182
nested_ramp,machine,980,home,1850000,0.0000,114
nested_ramp,machine,980,home,1950000,,0
nested_ramp,machine,980,home,2050000,,0
nested_ramp,machine,980,home,2150000,,0
nested_ramp,machine,980,home,2250000,,0
nested_ramp,machine,980,home,2350000,,0
nested_ramp,machine,980,home,2450000,,0
nested_ramp,machine,980,home,2550000,,0
nested_ramp,machine,980,home,2650000,,0
nested_ramp,machine,980,home,2750000,,0
nested_ramp,machine,980,home,2850000,,0
nested_ramp,machine,980,home,2950000,,0
nested_ramp,machine,980,home,3050000,,0
nested_ramp,machine,980,home,3150000,,0
nested_ramp,machine,980,home,3250000,,0
nested_ramp,machine,980,home,3350000,,0
nested_ramp,machine,980,home,3450000,,0
nested_ramp,machine,980,home,3550000,,0
nested_ramp,machine,980,home,3650000,,0
nested_ramp,machine,980,home,3750000,,0
nested_ramp,machine,980,home,3850000,,0
nested_ramp,machine,980,home,3950000,,0
nested_ramp,machine,981,home,50000,0.0000,88
nested_ramp,machine,981,home,150000,0.0000,99
nested_ramp,machine,981,home,250000,0.0000,98
nested_ramp,machine,981,home,350000,0.0000,96
nested_ramp,machine,981,home,450000,0.0000,115
nested_ramp,machine,981,home,550000,0.0000,105
nested_ramp,machine,981,home,650000,0.0000,93
nested_ramp,machine,981,home,750000,0.0000,118
nested_ramp,machine,981,home,850000,0.0000,124
nested_ramp,machine,981,home,950000,0.0000,177
nested_ramp,machine,981,home,1050000,0.0000,148
nested_ramp,machine,981,home,1150000,0.0000,181
nested_ramp,machine,981,home,1250000,0.0000,203
nested_ramp,machine,981,home,1350000,0.0038,262
nested_ramp,machine,981,home,1450000,0.0000,288
nested_ramp,machine,981,home,1550000,0.0000,248
nested_ramp,machine,981,home,1650000,0.0078,256
nested_ramp,machine,981,home,1750000,0.0000,299
nested_ramp,machine,981,home,1850000,0.0000,181
nested_ramp,machine,981,home,1950000,,0
nested_ramp,machine,981,home,2050000,,0
nested_ramp,machine,981,home,2150000,,0
nested_ramp,machine,981,home,2250000,,0
nested_ramp,machine,981,home,2350000,,0
nested_ramp,machine,981,home,2450000,,0
nested_ramp,machine,981,home,2550000,,0
nested_ramp,machine,981,home,2650000,,0
nested_ramp,machine,981,home,2750000,,0
nested_ramp,machine,981,home,2850000,,0
nested_ramp,machine,981,home,2950000,,0
nested_ramp,machine,981,home,3050000,,0
nested_ramp,machine,981,home,3150000,,0
nested_ramp,machine,981,home,3250000,,0
nested_ramp,machine,981,home,3350000,,0
nested_ramp,machine,981,home,3450000,,0
nested_ramp,machine,981,home,3550000,,0
nested_ramp,machine,981,home,3650000,,0
nested_ramp,machine,981,home,3750000,,0
nested_ramp,machine,981,home,3850000,,0
nested_ramp,machine,981,home,3950000,,0
nested_ramp,human,950,tipped,50000,0.1828,93
nested_ramp,human,950,tipped,150000,0.2981,104
nested_ramp,human,950,tipped,250000,0.3393,112
nested_ramp,human,950,tipped,350000,0.4018,112
nested_ramp,human,950,tipped,450000,0.4524,126
nested_ramp,human,950,tipped,550000,0.5373,134
nested_ramp,human,950,tipped,650000,0.7921,202
nested_ramp,human,950,tipped,750000,0.6977,172
nested_ramp,human,950,tipped,850000,0.6919,185
nested_ramp,human,950,tipped,950000,0.6591,176
nested_ramp,human,950,tipped,1050000,0.6425,179
nested_ramp,human,950,tipped,1150000,0.6429,182
nested_ramp,human,950,tipped,1250000,0.7233,206
nested_ramp,human,950,tipped,1350000,0.6562,192
nested_ramp,human,950,tipped,1450000,0.7723,224
nested_ramp,human,950,tipped,1550000,0.8390,292
nested_ramp,human,950,tipped,1650000,0.8608,309
nested_ramp,human,950,tipped,1750000,0.8322,298
nested_ramp,human,950,tipped,1850000,0.8527,292
nested_ramp,human,950,tipped,1950000,0.8149,281
nested_ramp,human,950,tipped,2050000,,0
nested_ramp,human,950,tipped,2150000,,0
nested_ramp,human,950,tipped,2250000,,0
nested_ramp,human,950,tipped,2350000,,0
nested_ramp,human,950,tipped,2450000,,0
nested_ramp,human,950,tipped,2550000,,0
nested_ramp,human,950,tipped,2650000,,0
nested_ramp,human,950,tipped,2750000,,0
nested_ramp,human,950,tipped,2850000,,0
nested_ramp,human,950,tipped,2950000,,0
nested_ramp,human,950,tipped,3050000,,0
nested_ramp,human,950,tipped,3150000,,0
nested_ramp,human,950,tipped,3250000,,0
nested_ramp,human,950,tipped,3350000,,0
nested_ramp,human,950,tipped,3450000,,0
nested_ramp,human,950,tipped,3550000,,0
nested_ramp,human,950,tipped,3650000,,0
nested_ramp,human,950,tipped,3750000,,0
nested_ramp,human,950,tipped,3850000,,0
nested_ramp,human,950,tipped,3950000,,0
nested_ramp,human,951,tipped,50000,0.2188,96
nested_ramp,human,951,tipped,150000,0.2062,97
nested_ramp,human,951,tipped,250000,0.3426,108
nested_ramp,human,951,tipped,350000,0.3853,109
nested_ramp,human,951,tipped,450000,0.3302,106
nested_ramp,human,951,tipped,550000,0.5041,123
nested_ramp,human,951,tipped,650000,0.5188,133
nested_ramp,human,951,tipped,750000,0.7310,171
nested_ramp,human,951,tipped,850000,0.7368,190
nested_ramp,human,951,tipped,950000,0.7249,189
nested_ramp,human,951,tipped,1050000,0.6995,183
nested_ramp,human,951,tipped,1150000,0.7157,197
nested_ramp,human,951,tipped,1250000,0.8105,248
nested_ramp,human,951,tipped,1350000,0.6608,171
nested_ramp,human,951,tipped,1450000,0.7662,231
nested_ramp,human,951,tipped,1550000,0.6818,198
nested_ramp,human,951,tipped,1650000,0.8263,259
nested_ramp,human,951,tipped,1750000,0.8582,275
nested_ramp,human,951,tipped,1850000,0.8742,310
nested_ramp,human,951,tipped,1950000,0.8586,304
nested_ramp,human,951,tipped,2050000,,0
nested_ramp,human,951,tipped,2150000,,0
nested_ramp,human,951,tipped,2250000,,0
nested_ramp,human,951,tipped,2350000,,0
nested_ramp,human,951,tipped,2450000,,0
nested_ramp,human,951,tipped,2550000,,0
nested_ramp,human,951,tipped,2650000,,0
nested_ramp,human,951,tipped,2750000,,0
nested_ramp,human,951,tipped,2850000,,0
nested_ramp,human,951,tipped,2950000,,0
nested_ramp,human,951,tipped,3050000,,0
nested_ramp,human,951,tipped,3150000,,0
nested_ramp,human,951,tipped,3250000,,0
nested_ramp,human,951,tipped,3350000,,0
nested_ramp,human,951,tipped,3450000,,0
nested_ramp,human,951,tipped,3550000,,0
nested_ramp,human,951,tipped,3650000,,0
nested_ramp,human,951,tipped,3750000,,0
nested_ramp,human,951,tipped,3850000,,0
nested_ramp,human,951,tipped,3950000,,0
nested_ramp,human,952,tipped,50000,0.2021,94
nested_ramp,human,952,tipped,150000,0.2376,101
nested_ramp,human,952,tipped,250000,0.3455,110
nested_ramp,human,952,tipped,350000,0.3364,107
nested_ramp,human,952,tipped,450000,0.1236,89
nested_ramp,human,952,tipped,550000,0.2700,100
nested_ramp,human,952,tipped,650000,0.5606,132
nested_ramp,human,952,tipped,750000,0.5312,128
nested_ramp,human,952,tipped,850000,0.6946,167
nested_ramp,human,952,tipped,950000,0.7843,204
nested_ramp,human,952,tipped,1050000,0.7843,204
nested_ramp,human,952,tipped,1150000,0.7273,187
nested_ramp,human,952,tipped,1250000,0.7327,202
nested_ramp,human,952,tipped,1350000,0.7960,250
nested_ramp,human,952,tipped,1450000,0.8256,258
nested_ramp,human,952,tipped,1550000,0.7749,231
nested_ramp,human,952,tipped,1650000,0.8442,276
nested_ramp,human,952,tipped,1750000,0.8237,278
nested_ramp,human,952,tipped,1850000,0.8277,267
nested_ramp,human,952,tipped,1950000,0.8521,284
nested_ramp,human,952,tipped,2050000,0.8464,267
nested_ramp,human,952,tipped,2150000,0.9185,356
nested_ramp,human,952,tipped,2250000,0.9408,355
nested_ramp,human,952,tipped,2350000,0.9549,399
nested_ramp,human,952,tipped,2450000,0.9452,365
nested_ramp,human,952,tipped,2550000,0.9226,336
nested_ramp,human,952,tipped,2650000,0.9209,253
nested_ramp,human,952,tipped,2750000,0.9248,266
nested_ramp,human,952,tipped,2850000,0.9080,250
nested_ramp,human,952,tipped,2950000,0.9533,321
nested_ramp,human,952,tipped,3050000,0.9343,274
nested_ramp,human,952,tipped,3150000,0.8326,215
nested_ramp,human,952,tipped,3250000,0.9333,240
nested_ramp,human,952,tipped,3350000,0.9242,277
nested_ramp,human,952,tipped,3450000,0.8651,215
nested_ramp,human,952,tipped,3550000,0.8783,189
nested_ramp,human,952,tipped,3650000,0.8914,221
nested_ramp,human,952,tipped,3750000,0.8429,191
nested_ramp,human,952,tipped,3850000,0.7886,175
nested_ramp,human,952,tipped,3950000,0.8352,182
nested_ramp,human,953,tipped,50000,0.2268,97
nested_ramp,human,953,tipped,150000,0.2745,102
nested_ramp,human,953,tipped,250000,0.3571,112
nested_ramp,human,953,tipped,350000,0.3455,110
nested_ramp,human,953,tipped,450000,0.3962,106
nested_ramp,human,953,tipped,550000,0.2653,98
nested_ramp,human,953,tipped,650000,0.5250,120
nested_ramp,human,953,tipped,750000,0.6531,147
nested_ramp,human,953,tipped,850000,0.7250,160
nested_ramp,human,953,tipped,950000,0.7440,168
nested_ramp,human,953,tipped,1050000,0.7500,184
nested_ramp,human,953,tipped,1150000,0.6647,167
nested_ramp,human,953,tipped,1250000,0.6415,159
nested_ramp,human,953,tipped,1350000,0.5786,140
nested_ramp,human,953,tipped,1450000,0.6125,160
nested_ramp,human,953,tipped,1550000,0.7619,210
nested_ramp,human,953,tipped,1650000,0.8559,229
nested_ramp,human,953,tipped,1750000,0.8392,255
nested_ramp,human,953,tipped,1850000,0.8375,240
nested_ramp,human,953,tipped,1950000,0.8628,277
nested_ramp,human,953,tipped,2050000,0.8654,312
nested_ramp,human,953,tipped,2150000,0.9306,360
nested_ramp,human,953,tipped,2250000,0.8649,259
nested_ramp,human,953,tipped,2350000,0.9286,308
nested_ramp,human,953,tipped,2450000,0.9630,378
nested_ramp,human,953,tipped,2550000,0.9638,359
nested_ramp,human,953,tipped,2650000,0.8653,245
nested_ramp,human,953,tipped,2750000,0.8476,210
nested_ramp,human,953,tipped,2850000,0.9571,303
nested_ramp,human,953,tipped,2950000,0.9237,262
nested_ramp,human,953,tipped,3050000,0.8898,236
nested_ramp,human,953,tipped,3150000,0.9410,271
nested_ramp,human,953,tipped,3250000,0.9625,293
nested_ramp,human,953,tipped,3350000,0.8850,226
nested_ramp,human,953,tipped,3450000,0.8478,184
nested_ramp,human,953,tipped,3550000,0.8829,222
nested_ramp,human,953,tipped,3650000,0.6821,151
nested_ramp,human,953,tipped,3750000,0.7744,164
nested_ramp,human,953,tipped,3850000,0.8156,179
nested_ramp,human,953,tipped,3950000,0.7500,180
nested_ramp,human,954,tipped,50000,0.1250,88
nested_ramp,human,954,tipped,150000,0.2600,100
nested_ramp,human,954,tipped,250000,0.2667,105
nested_ramp,human,954,tipped,350000,0.2788,104
nested_ramp,human,954,tipped,450000,0.2828,99
nested_ramp,human,954,tipped,550000,0.3426,108
nested_ramp,human,954,tipped,650000,0.6370,146
nested_ramp,human,954,tipped,750000,0.6176,136
nested_ramp,human,954,tipped,850000,0.7560,168
nested_ramp,human,954,tipped,950000,0.7957,186
nested_ramp,human,954,tipped,1050000,0.8398,206
nested_ramp,human,954,tipped,1150000,0.8010,191
nested_ramp,human,954,tipped,1250000,0.7608,209
nested_ramp,human,954,tipped,1350000,0.8009,231
nested_ramp,human,954,tipped,1450000,0.8034,234
nested_ramp,human,954,tipped,1550000,0.8035,229
nested_ramp,human,954,tipped,1650000,0.6964,112
nested_ramp,human,954,tipped,1750000,,0
nested_ramp,human,954,tipped,1850000,,0
nested_ramp,human,954,tipped,1950000,,0
nested_ramp,human,954,tipped,2050000,,0
nested_ramp,human,954,tipped,2150000,,0
nested_ramp,human,954,tipped,2250000,,0
nested_ramp,human,954,tipped,2350000,,0
nested_ramp,human,954,tipped,2450000,,0
nested_ramp,human,954,tipped,2550000,,0
nested_ramp,human,954,tipped,2650000,,0
nested_ramp,human,954,tipped,2750000,,0
nested_ramp,human,954,tipped,2850000,,0
nested_ramp,human,954,tipped,2950000,,0
nested_ramp,human,954,tipped,3050000,,0
nested_ramp,human,954,tipped,3150000,,0
nested_ramp,human,954,tipped,3250000,,0
nested_ramp,human,954,tipped,3350000,,0
nested_ramp,human,954,tipped,3450000,,0
nested_ramp,human,954,tipped,3550000,,0
nested_ramp,human,954,tipped,3650000,,0
nested_ramp,human,954,tipped,3750000,,0
nested_ramp,human,954,tipped,3850000,,0
nested_ramp,human,954,tipped,3950000,,0
nested_ramp,human,959,tipped,50000,0.2347,98
nested_ramp,human,959,tipped,150000,0.2745,102
nested_ramp,human,959,tipped,250000,0.3636,110
nested_ramp,human,959,tipped,350000,0.3235,102
nested_ramp,human,959,tipped,450000,0.3495,103
nested_ramp,human,959,tipped,550000,0.3458,107
nested_ramp,human,959,tipped,650000,0.6301,146
nested_ramp,human,959,tipped,750000,0.7667,180
nested_ramp,human,959,tipped,850000,0.8303,218
nested_ramp,human,959,tipped,950000,0.7892,204
nested_ramp,human,959,tipped,1050000,0.7380,187
nested_ramp,human,959,tipped,1150000,0.6744,172
nested_ramp,human,959,tipped,1250000,0.6943,193
nested_ramp,human,959,tipped,1350000,0.7702,235
nested_ramp,human,959,tipped,1450000,0.7277,202
nested_ramp,human,959,tipped,1550000,0.8268,254
nested_ramp,human,959,tipped,1650000,0.5333,75
nested_ramp,human,959,tipped,1750000,,0
nested_ramp,human,959,tipped,1850000,,0
nested_ramp,human,959,tipped,1950000,,0
nested_ramp,human,959,tipped,2050000,,0
nested_ramp,human,959,tipped,2150000,,0
nested_ramp,human,959,tipped,2250000,,0
nested_ramp,human,959,tipped,2350000,,0
nested_ramp,human,959,tipped,2450000,,0
nested_ramp,human,959,tipped,2550000,,0
nested_ramp,human,959,tipped,2650000,,0
nested_ramp,human,959,tipped,2750000,,0
nested_ramp,human,959,tipped,2850000,,0
nested_ramp,human,959,tipped,2950000,,0
nested_ramp,human,959,tipped,3050000,,0
nested_ramp,human,959,tipped,3150000,,0
nested_ramp,human,959,tipped,3250000,,0
nested_ramp,human,959,tipped,3350000,,0
nested_ramp,human,959,tipped,3450000,,0
nested_ramp,human,959,tipped,3550000,,0
nested_ramp,human,959,tipped,3650000,,0
nested_ramp,human,959,tipped,3750000,,0
nested_ramp,human,959,tipped,3850000,,0
nested_ramp,human,959,tipped,3950000,,0
nested_ramp,human,960,tipped,50000,0.1910,89
nested_ramp,human,960,tipped,150000,0.1789,95
nested_ramp,human,960,tipped,250000,0.3636,110
nested_ramp,human,960,tipped,350000,0.4711,121
nested_ramp,human,960,tipped,450000,0.5000,120
nested_ramp,human,960,tipped,550000,0.6327,147
nested_ramp,human,960,tipped,650000,0.7809,178
nested_ramp,human,960,tipped,750000,0.7682,220
nested_ramp,human,960,tipped,850000,0.7703,222
nested_ramp,human,960,tipped,950000,0.7614,197
nested_ramp,human,960,tipped,1050000,0.6898,187
nested_ramp,human,960,tipped,1150000,0.7489,219
nested_ramp,human,960,tipped,1250000,0.7273,209
nested_ramp,human,960,tipped,1350000,0.7570,251
nested_ramp,human,960,tipped,1450000,0.6392,194
nested_ramp,human,960,tipped,1550000,0.6788,193
nested_ramp,human,960,tipped,1650000,0.7123,219
nested_ramp,human,960,tipped,1750000,0.6667,6
nested_ramp,human,960,tipped,1850000,,0
nested_ramp,human,960,tipped,1950000,,0
nested_ramp,human,960,tipped,2050000,,0
nested_ramp,human,960,tipped,2150000,,0
nested_ramp,human,960,tipped,2250000,,0
nested_ramp,human,960,tipped,2350000,,0
nested_ramp,human,960,tipped,2450000,,0
nested_ramp,human,960,tipped,2550000,,0
nested_ramp,human,960,tipped,2650000,,0
nested_ramp,human,960,tipped,2750000,,0
nested_ramp,human,960,tipped,2850000,,0
nested_ramp,human,960,tipped,2950000,,0
nested_ramp,human,960,tipped,3050000,,0
nested_ramp,human,960,tipped,3150000,,0
nested_ramp,human,960,tipped,3250000,,0
nested_ramp,human,960,tipped,3350000,,0
nested_ramp,human,960,tipped,3450000,,0
nested_ramp,human,960,tipped,3550000,,0
nested_ramp,human,960,tipped,3650000,,0
nested_ramp,human,960,tipped,3750000,,0
nested_ramp,human,960,tipped,3850000,,0
nested_ramp,human,960,tipped,3950000,,0
nested_ramp,human,961,tipped,50000,0.1868,91
nested_ramp,human,961,tipped,150000,0.3805,113
nested_ramp,human,961,tipped,250000,0.2745,102
nested_ramp,human,961,tipped,350000,0.4569,116
nested_ramp,human,961,tipped,450000,0.5789,133
nested_ramp,human,961,tipped,550000,0.5440,125
nested_ramp,human,961,tipped,650000,0.7313,134
nested_ramp,human,961,tipped,750000,0.6667,153
nested_ramp,human,961,tipped,850000,0.6805,169
nested_ramp,human,961,tipped,950000,0.6414,145
nested_ramp,human,961,tipped,1050000,0.5396,139
nested_ramp,human,961,tipped,1150000,0.7287,188
nested_ramp,human,961,tipped,1250000,0.6667,186
nested_ramp,human,961,tipped,1350000,0.6114,175
nested_ramp,human,961,tipped,1450000,0.6215,177
nested_ramp,human,961,tipped,1550000,0.4231,182
nested_ramp,human,961,tipped,1650000,0.5146,171
nested_ramp,human,961,tipped,1750000,0.4800,25
nested_ramp,human,961,tipped,1850000,,0
nested_ramp,human,961,tipped,1950000,,0
nested_ramp,human,961,tipped,2050000,,0
nested_ramp,human,961,tipped,2150000,,0
nested_ramp,human,961,tipped,2250000,,0
nested_ramp,human,961,tipped,2350000,,0
nested_ramp,human,961,tipped,2450000,,0
nested_ramp,human,961,tipped,2550000,,0
nested_ramp,human,961,tipped,2650000,,0
nested_ramp,human,961,tipped,2750000,,0
nested_ramp,human,961,tipped,2850000,,0
nested_ramp,human,961,tipped,2950000,,0
nested_ramp,human,961,tipped,3050000,,0
nested_ramp,human,961,tipped,3150000,,0
nested_ramp,human,961,tipped,3250000,,0
nested_ramp,human,961,tipped,3350000,,0
nested_ramp,human,961,tipped,3450000,,0
nested_ramp,human,961,tipped,3550000,,0
nested_ramp,human,961,tipped,3650000,,0
nested_ramp,human,961,tipped,3750000,,0
nested_ramp,human,961,tipped,3850000,,0
nested_ramp,human,961,tipped,3950000,,0
nested_ramp,machine,970,tipped,50000,0.1720,93
nested_ramp,machine,970,tipped,150000,0.2041,98
nested_ramp,machine,970,tipped,250000,0.2574,101
nested_ramp,machine,970,tipped,350000,0.3458,107
nested_ramp,machine,970,tipped,450000,0.3571,112
nested_ramp,machine,970,tipped,550000,0.6810,163
nested_ramp,machine,970,tipped,650000,0.7337,184
nested_ramp,machine,970,tipped,750000,0.7788,217
nested_ramp,machine,970,tipped,850000,0.7709,227
nested_ramp,machine,970,tipped,950000,0.6936,173
nested_ramp,machine,970,tipped,1050000,0.7418,213
nested_ramp,machine,970,tipped,1150000,0.7230,213
nested_ramp,machine,970,tipped,1250000,0.7993,279
nested_ramp,machine,970,tipped,1350000,0.8733,300
nested_ramp,machine,970,tipped,1450000,0.8526,285
nested_ramp,machine,970,tipped,1550000,0.8421,266
nested_ramp,machine,970,tipped,1650000,0.8850,287
nested_ramp,machine,970,tipped,1750000,0.9079,304
nested_ramp,machine,970,tipped,1850000,0.9130,299
nested_ramp,machine,970,tipped,1950000,0.8392,255
nested_ramp,machine,970,tipped,2050000,,0
nested_ramp,machine,970,tipped,2150000,,0
nested_ramp,machine,970,tipped,2250000,,0
nested_ramp,machine,970,tipped,2350000,,0
nested_ramp,machine,970,tipped,2450000,,0
nested_ramp,machine,970,tipped,2550000,,0
nested_ramp,machine,970,tipped,2650000,,0
nested_ramp,machine,970,tipped,2750000,,0
nested_ramp,machine,970,tipped,2850000,,0
nested_ramp,machine,970,tipped,2950000,,0
nested_ramp,machine,970,tipped,3050000,,0
nested_ramp,machine,970,tipped,3150000,,0
nested_ramp,machine,970,tipped,3250000,,0
nested_ramp,machine,970,tipped,3350000,,0
nested_ramp,machine,970,tipped,3450000,,0
nested_ramp,machine,970,tipped,3550000,,0
nested_ramp,machine,970,tipped,3650000,,0
nested_ramp,machine,970,tipped,3750000,,0
nested_ramp,machine,970,tipped,3850000,,0
nested_ramp,machine,970,tipped,3950000,,0
nested_ramp,machine,971,tipped,50000,0.2083,96
nested_ramp,machine,971,tipped,150000,0.2549,102
nested_ramp,machine,971,tipped,250000,0.2952,105
nested_ramp,machine,971,tipped,350000,0.2959,98
nested_ramp,machine,971,tipped,450000,0.5682,132
nested_ramp,machine,971,tipped,550000,0.4628,121
nested_ramp,machine,971,tipped,650000,0.7222,180
nested_ramp,machine,971,tipped,750000,0.7588,170
nested_ramp,machine,971,tipped,850000,0.8472,216
nested_ramp,machine,971,tipped,950000,0.8434,249
nested_ramp,machine,971,tipped,1050000,0.7888,232
nested_ramp,machine,971,tipped,1150000,0.7071,198
nested_ramp,machine,971,tipped,1250000,0.7522,226
nested_ramp,machine,971,tipped,1350000,0.6384,177
nested_ramp,machine,971,tipped,1450000,0.7465,217
nested_ramp,machine,971,tipped,1550000,0.7846,246
nested_ramp,machine,971,tipped,1650000,0.8182,275
nested_ramp,machine,971,tipped,1750000,0.8943,331
nested_ramp,machine,971,tipped,1850000,0.8259,270
nested_ramp,machine,971,tipped,1950000,0.8768,276
nested_ramp,machine,971,tipped,2050000,,0
nested_ramp,machine,971,tipped,2150000,,0
nested_ramp,machine,971,tipped,2250000,,0
nested_ramp,machine,971,tipped,2350000,,0
nested_ramp,machine,971,tipped,2450000,,0
nested_ramp,machine,971,tipped,2550000,,0
nested_ramp,machine,971,tipped,2650000,,0
nested_ramp,machine,971,tipped,2750000,,0
nested_ramp,machine,971,tipped,2850000,,0
nested_ramp,machine,971,tipped,2950000,,0
nested_ramp,machine,971,tipped,3050000,,0
nested_ramp,machine,971,tipped,3150000,,0
nested_ramp,machine,971,tipped,3250000,,0
nested_ramp,machine,971,tipped,3350000,,0
nested_ramp,machine,971,tipped,3450000,,0
nested_ramp,machine,971,tipped,3550000,,0
nested_ramp,machine,971,tipped,3650000,,0
nested_ramp,machine,971,tipped,3750000,,0
nested_ramp,machine,971,tipped,3850000,,0
nested_ramp,machine,971,tipped,3950000,,0
nested_ramp,machine,972,tipped,50000,0.2745,102
nested_ramp,machine,972,tipped,150000,0.2200,100
nested_ramp,machine,972,tipped,250000,0.2642,106
nested_ramp,machine,972,tipped,350000,0.4706,119
nested_ramp,machine,972,tipped,450000,0.5191,131
nested_ramp,machine,972,tipped,550000,0.2500,96
nested_ramp,machine,972,tipped,650000,0.6975,162
nested_ramp,machine,972,tipped,750000,0.6250,160
nested_ramp,machine,972,tipped,850000,0.6988,166
nested_ramp,machine,972,tipped,950000,0.7772,193
nested_ramp,machine,972,tipped,1050000,0.8507,201
nested_ramp,machine,972,tipped,1150000,0.8548,241
nested_ramp,machine,972,tipped,1250000,0.7685,216
nested_ramp,machine,972,tipped,1350000,0.8080,224
nested_ramp,machine,972,tipped,1450000,0.7925,212
nested_ramp,machine,972,tipped,1550000,0.7464,209
nested_ramp,machine,972,tipped,1650000,0.7523,214
nested_ramp,machine,972,tipped,1750000,0.9099,322
nested_ramp,machine,972,tipped,1850000,0.8652,282
nested_ramp,machine,972,tipped,1950000,0.8396,268
nested_ramp,machine,972,tipped,2050000,0.8496,266
nested_ramp,machine,972,tipped,2150000,0.8225,231
nested_ramp,machine,972,tipped,2250000,0.8919,259
nested_ramp,machine,972,tipped,2350000,0.9275,331
nested_ramp,machine,972,tipped,2450000,0.8911,248
nested_ramp,machine,972,tipped,2550000,0.8922,232
nested_ramp,machine,972,tipped,2650000,0.9141,256
nested_ramp,machine,972,tipped,2750000,0.9331,269
nested_ramp,machine,972,tipped,2850000,0.9241,224
nested_ramp,machine,972,tipped,2950000,0.8647,207
nested_ramp,machine,972,tipped,3050000,0.7933,179
nested_ramp,machine,972,tipped,3150000,0.7879,165
nested_ramp,machine,972,tipped,3250000,0.8653,193
nested_ramp,machine,972,tipped,3350000,0.8945,218
nested_ramp,machine,972,tipped,3450000,0.9105,257
nested_ramp,machine,972,tipped,3550000,0.7317,164
nested_ramp,machine,972,tipped,3650000,0.9035,228
nested_ramp,machine,972,tipped,3750000,0.8424,184
nested_ramp,machine,972,tipped,3850000,0.7545,167
nested_ramp,machine,972,tipped,3950000,0.8251,183
nested_ramp,machine,973,tipped,50000,0.2371,97
nested_ramp,machine,973,tipped,150000,0.1915,94
nested_ramp,machine,973,tipped,250000,0.3056,108
nested_ramp,machine,973,tipped,350000,0.3232,99
nested_ramp,machine,973,tipped,450000,0.3679,106
nested_ramp,machine,973,tipped,550000,0.4750,120
nested_ramp,machine,973,tipped,650000,0.7118,170
nested_ramp,machine,973,tipped,750000,0.8066,212
nested_ramp,machine,973,tipped,850000,0.7554,184
nested_ramp,machine,973,tipped,950000,0.7830,212
nested_ramp,machine,973,tipped,1050000,0.6823,192
nested_ramp,machine,973,tipped,1150000,0.6548,168
nested_ramp,machine,973,tipped,1250000,0.7844,218
nested_ramp,machine,973,tipped,1350000,0.7477,214
nested_ramp,machine,973,tipped,1450000,0.8057,211
nested_ramp,machine,973,tipped,1550000,0.7678,211
nested_ramp,machine,973,tipped,1650000,0.7897,214
nested_ramp,machine,973,tipped,1750000,0.8346,272
nested_ramp,machine,973,tipped,1850000,0.8603,272
nested_ramp,machine,973,tipped,1950000,0.8371,264
nested_ramp,machine,973,tipped,2050000,0.8147,286
nested_ramp,machine,973,tipped,2150000,0.8284,268
nested_ramp,machine,973,tipped,2250000,0.8750,216
nested_ramp,machine,973,tipped,2350000,0.9456,331
nested_ramp,machine,973,tipped,2450000,0.9041,271
nested_ramp,machine,973,tipped,2550000,0.8919,259
nested_ramp,machine,973,tipped,2650000,0.8429,210
nested_ramp,machine,973,tipped,2750000,0.9019,265
nested_ramp,machine,973,tipped,2850000,0.9127,229
nested_ramp,machine,973,tipped,2950000,0.8549,193
nested_ramp,machine,973,tipped,3050000,0.8684,228
nested_ramp,machine,973,tipped,3150000,0.8832,214
nested_ramp,machine,973,tipped,3250000,0.8238,210
nested_ramp,machine,973,tipped,3350000,0.6173,162
nested_ramp,machine,973,tipped,3450000,0.9173,254
nested_ramp,machine,973,tipped,3550000,0.8732,213
nested_ramp,machine,973,tipped,3650000,0.8773,220
nested_ramp,machine,973,tipped,3750000,0.8413,189
nested_ramp,machine,973,tipped,3850000,0.9000,240
nested_ramp,machine,973,tipped,3950000,0.8211,190
nested_ramp,machine,974,tipped,50000,0.2424,99
nested_ramp,machine,974,tipped,150000,0.3423,111
nested_ramp,machine,974,tipped,250000,0.3945,109
nested_ramp,machine,974,tipped,350000,0.4872,117
nested_ramp,machine,974,tipped,450000,0.4530,117
nested_ramp,machine,974,tipped,550000,0.7654,162
nested_ramp,machine,974,tipped,650000,0.7989,184
nested_ramp,machine,974,tipped,750000,0.6301,146
nested_ramp,machine,974,tipped,850000,0.6346,156
nested_ramp,machine,974,tipped,950000,0.6882,170
nested_ramp,machine,974,tipped,1050000,0.7157,197
nested_ramp,machine,974,tipped,1150000,0.8182,231
nested_ramp,machine,974,tipped,1250000,0.8010,206
nested_ramp,machine,974,tipped,1350000,0.8486,251
nested_ramp,machine,974,tipped,1450000,0.8863,255
nested_ramp,machine,974,tipped,1550000,0.8047,215
nested_ramp,machine,974,tipped,1650000,0.8889,54
nested_ramp,machine,974,tipped,1750000,,0
nested_ramp,machine,974,tipped,1850000,,0
nested_ramp,machine,974,tipped,1950000,,0
nested_ramp,machine,974,tipped,2050000,,0
nested_ramp,machine,974,tipped,2150000,,0
nested_ramp,machine,974,tipped,2250000,,0
nested_ramp,machine,974,tipped,2350000,,0
nested_ramp,machine,974,tipped,2450000,,0
nested_ramp,machine,974,tipped,2550000,,0
nested_ramp,machine,974,tipped,2650000,,0
nested_ramp,machine,974,tipped,2750000,,0
nested_ramp,machine,974,tipped,2850000,,0
nested_ramp,machine,974,tipped,2950000,,0
nested_ramp,machine,974,tipped,3050000,,0
nested_ramp,machine,974,tipped,3150000,,0
nested_ramp,machine,974,tipped,3250000,,0
nested_ramp,machine,974,tipped,3350000,,0
nested_ramp,machine,974,tipped,3450000,,0
nested_ramp,machine,974,tipped,3550000,,0
nested_ramp,machine,974,tipped,3650000,,0
nested_ramp,machine,974,tipped,3750000,,0
nested_ramp,machine,974,tipped,3850000,,0
nested_ramp,machine,974,tipped,3950000,,0
nested_ramp,machine,979,tipped,50000,0.1176,85
nested_ramp,machine,979,tipped,150000,0.1818,99
nested_ramp,machine,979,tipped,250000,0.1684,95
nested_ramp,machine,979,tipped,350000,0.2547,106
nested_ramp,machine,979,tipped,450000,0.3585,106
nested_ramp,machine,979,tipped,550000,0.3894,113
nested_ramp,machine,979,tipped,650000,0.6490,151
nested_ramp,machine,979,tipped,750000,0.6099,141
nested_ramp,machine,979,tipped,850000,0.6824,170
nested_ramp,machine,979,tipped,950000,0.7837,208
nested_ramp,machine,979,tipped,1050000,0.7656,209
nested_ramp,machine,979,tipped,1150000,0.6566,166
nested_ramp,machine,979,tipped,1250000,0.8182,231
nested_ramp,machine,979,tipped,1350000,0.7963,216
nested_ramp,machine,979,tipped,1450000,0.8115,244
nested_ramp,machine,979,tipped,1550000,0.8210,229
nested_ramp,machine,979,tipped,1650000,0.7083,48
nested_ramp,machine,979,tipped,1750000,,0
nested_ramp,machine,979,tipped,1850000,,0
nested_ramp,machine,979,tipped,1950000,,0
nested_ramp,machine,979,tipped,2050000,,0
nested_ramp,machine,979,tipped,2150000,,0
nested_ramp,machine,979,tipped,2250000,,0
nested_ramp,machine,979,tipped,2350000,,0
nested_ramp,machine,979,tipped,2450000,,0
nested_ramp,machine,979,tipped,2550000,,0
nested_ramp,machine,979,tipped,2650000,,0
nested_ramp,machine,979,tipped,2750000,,0
nested_ramp,machine,979,tipped,2850000,,0
nested_ramp,machine,979,tipped,2950000,,0
nested_ramp,machine,979,tipped,3050000,,0
nested_ramp,machine,979,tipped,3150000,,0
nested_ramp,machine,979,tipped,3250000,,0
nested_ramp,machine,979,tipped,3350000,,0
nested_ramp,machine,979,tipped,3450000,,0
nested_ramp,machine,979,tipped,3550000,,0
nested_ramp,machine,979,tipped,3650000,,0
nested_ramp,machine,979,tipped,3750000,,0
nested_ramp,machine,979,tipped,3850000,,0
nested_ramp,machine,979,tipped,3950000,,0
nested_ramp,machine,980,tipped,50000,0.0952,84
nested_ramp,machine,980,tipped,150000,0.2143,98
nested_ramp,machine,980,tipped,250000,0.2692,104
nested_ramp,machine,980,tipped,350000,0.5200,125
nested_ramp,machine,980,tipped,450000,0.3558,104
nested_ramp,machine,980,tipped,550000,0.3482,112
nested_ramp,machine,980,tipped,650000,0.5379,132
nested_ramp,machine,980,tipped,750000,0.4959,123
nested_ramp,machine,980,tipped,850000,0.7529,174
nested_ramp,machine,980,tipped,950000,0.7443,176
nested_ramp,machine,980,tipped,1050000,0.8010,206
nested_ramp,machine,980,tipped,1150000,0.7072,181
nested_ramp,machine,980,tipped,1250000,0.6864,169
nested_ramp,machine,980,tipped,1350000,0.5921,152
nested_ramp,machine,980,tipped,1450000,0.6188,160
nested_ramp,machine,980,tipped,1550000,0.5290,138
nested_ramp,machine,980,tipped,1650000,0.6626,163
nested_ramp,machine,980,tipped,1750000,0.7473,182
nested_ramp,machine,980,tipped,1850000,0.7105,114
nested_ramp,machine,980,tipped,1950000,,0
nested_ramp,machine,980,tipped,2050000,,0
nested_ramp,machine,980,tipped,2150000,,0
nested_ramp,machine,980,tipped,2250000,,0
nested_ramp,machine,980,tipped,2350000,,0
nested_ramp,machine,980,tipped,2450000,,0
nested_ramp,machine,980,tipped,2550000,,0
nested_ramp,machine,980,tipped,2650000,,0
nested_ramp,machine,980,tipped,2750000,,0
nested_ramp,machine,980,tipped,2850000,,0
nested_ramp,machine,980,tipped,2950000,,0
nested_ramp,machine,980,tipped,3050000,,0
nested_ramp,machine,980,tipped,3150000,,0
nested_ramp,machine,980,tipped,3250000,,0
nested_ramp,machine,980,tipped,3350000,,0
nested_ramp,machine,980,tipped,3450000,,0
nested_ramp,machine,980,tipped,3550000,,0
nested_ramp,machine,980,tipped,3650000,,0
nested_ramp,machine,980,tipped,3750000,,0
nested_ramp,machine,980,tipped,3850000,,0
nested_ramp,machine,980,tipped,3950000,,0
nested_ramp,machine,981,tipped,50000,0.1705,88
nested_ramp,machine,981,tipped,150000,0.2121,99
nested_ramp,machine,981,tipped,250000,0.1735,98
nested_ramp,machine,981,tipped,350000,0.2292,96
nested_ramp,machine,981,tipped,450000,0.4000,115
nested_ramp,machine,981,tipped,550000,0.3238,105
nested_ramp,machine,981,tipped,650000,0.1720,93
nested_ramp,machine,981,tipped,750000,0.4746,118
nested_ramp,machine,981,tipped,850000,0.4839,124
nested_ramp,machine,981,tipped,950000,0.7288,177
nested_ramp,machine,981,tipped,1050000,0.6351,148
nested_ramp,machine,981,tipped,1150000,0.6685,181
nested_ramp,machine,981,tipped,1250000,0.7882,203
nested_ramp,machine,981,tipped,1350000,0.8397,262
nested_ramp,machine,981,tipped,1450000,0.8576,288
nested_ramp,machine,981,tipped,1550000,0.8105,248
nested_ramp,machine,981,tipped,1650000,0.7891,256
nested_ramp,machine,981,tipped,1750000,0.8696,299
nested_ramp,machine,981,tipped,1850000,0.9337,181
nested_ramp,machine,981,tipped,1950000,,0
nested_ramp,machine,981,tipped,2050000,,0
nested_ramp,machine,981,tipped,2150000,,0
nested_ramp,machine,981,tipped,2250000,,0
nested_ramp,machine,981,tipped,2350000,,0
nested_ramp,machine,981,tipped,2450000,,0
nested_ramp,machine,981,tipped,2550000,,0
nested_ramp,machine,981,tipped,2650000,,0
nested_ramp,machine,981,tipped,2750000,,0
nested_ramp,machine,981,tipped,2850000,,0
nested_ramp,machine,981,tipped,2950000,,0
nested_ramp,machine,981,tipped,3050000,,0
nested_ramp,machine,981,tipped,3150000,,0
nested_ramp,machine,981,tipped,3250000,,0
nested_ramp,machine,981,tipped,3350000,,0
nested_ramp,machine,981,tipped,3450000,,0
nested_ramp,machine,981,tipped,3550000,,0
nested_ramp,machine,981,tipped,3650000,,0
nested_ramp,machine,981,tipped,3750000,,0
nested_ramp,machine,981,tipped,3850000,,0
nested_ramp,machine,981,tipped,3950000,,0
nested_sparse,human,955,picked,50000,0.0217,92
nested_sparse,human,955,picked,150000,0.0777,103
nested_sparse,human,955,picked,250000,0.1327,113
nested_sparse,human,955,picked,350000,0.1495,107
nested_sparse,human,955,picked,450000,0.2500,124
nested_sparse,human,955,picked,550000,0.1241,137
nested_sparse,human,955,picked,650000,0.0885,113
nested_sparse,human,955,picked,750000,0.2818,110
nested_sparse,human,955,picked,850000,0.2574,136
nested_sparse,human,955,picked,950000,0.2696,115
nested_sparse,human,955,picked,1050000,0.5500,120
nested_sparse,human,955,picked,1150000,0.1429,98
nested_sparse,human,955,picked,1250000,0.1894,132
nested_sparse,human,955,picked,1350000,0.6091,110
nested_sparse,human,955,picked,1450000,0.5179,112
nested_sparse,human,955,picked,1550000,0.6714,140
nested_sparse,human,955,picked,1650000,0.8409,132
nested_sparse,human,955,picked,1750000,0.8250,160
nested_sparse,human,955,picked,1850000,0.8418,177
nested_sparse,human,955,picked,1950000,0.8025,162
nested_sparse,human,955,picked,2050000,0.8693,176
nested_sparse,human,955,picked,2150000,0.8817,186
nested_sparse,human,955,picked,2250000,0.9128,218
nested_sparse,human,955,picked,2350000,0.9052,232
nested_sparse,human,955,picked,2450000,0.9080,261
nested_sparse,human,955,picked,2550000,0.8872,266
nested_sparse,human,955,picked,2650000,0.9223,283
nested_sparse,human,955,picked,2750000,0.8936,357
nested_sparse,human,955,picked,2850000,0.9088,329
nested_sparse,human,955,picked,2950000,0.9378,386
nested_sparse,human,955,picked,3050000,0.9373,335
nested_sparse,human,955,picked,3150000,0.9611,463
nested_sparse,human,955,picked,3250000,0.9544,395
nested_sparse,human,955,picked,3350000,0.9596,396
nested_sparse,human,955,picked,3450000,0.9252,401
nested_sparse,human,955,picked,3550000,0.9647,453
nested_sparse,human,955,picked,3650000,0.9509,448
nested_sparse,human,955,picked,3750000,0.9606,533
nested_sparse,human,955,picked,3850000,0.9581,454
nested_sparse,human,955,picked,3950000,0.9774,530
nested_sparse,human,956,picked,50000,0.0449,89
nested_sparse,human,956,picked,150000,0.1183,93
nested_sparse,human,956,picked,250000,0.1875,112
nested_sparse,human,956,picked,350000,0.1311,122
nested_sparse,human,956,picked,450000,0.0902,122
nested_sparse,human,956,picked,550000,0.0594,101
nested_sparse,human,956,picked,650000,0.1048,105
nested_sparse,human,956,picked,750000,0.0175,114
nested_sparse,human,956,picked,850000,0.1111,99
nested_sparse,human,956,picked,950000,0.0280,107
nested_sparse,human,956,picked,1050000,0.0992,121
nested_sparse,human,956,picked,1150000,0.0796,113
nested_sparse,human,956,picked,1250000,0.0924,119
nested_sparse,human,956,picked,1350000,0.0874,103
nested_sparse,human,956,picked,1450000,0.3358,134
nested_sparse,human,956,picked,1550000,0.1929,140
nested_sparse,human,956,picked,1650000,0.1171,111
nested_sparse,human,956,picked,1750000,0.1724,116
nested_sparse,human,956,picked,1850000,0.1496,127
nested_sparse,human,956,picked,1950000,0.1722,151
nested_sparse,human,956,picked,2050000,0.0385,104
nested_sparse,human,956,picked,2150000,0.0071,140
nested_sparse,human,956,picked,2250000,0.1469,143
nested_sparse,human,956,picked,2350000,0.1770,113
nested_sparse,human,956,picked,2450000,0.0000,93
nested_sparse,human,956,picked,2550000,0.0000,128
nested_sparse,human,956,picked,2650000,0.0000,88
nested_sparse,human,956,picked,2750000,0.0000,88
nested_sparse,human,956,picked,2850000,0.0069,145
nested_sparse,human,956,picked,2950000,0.0275,109
nested_sparse,human,956,picked,3050000,0.0000,92
nested_sparse,human,956,picked,3150000,0.0000,105
nested_sparse,human,956,picked,3250000,0.0000,121
nested_sparse,human,956,picked,3350000,0.0000,91
nested_sparse,human,956,picked,3450000,0.0000,85
nested_sparse,human,956,picked,3550000,0.0000,94
nested_sparse,human,956,picked,3650000,0.0000,88
nested_sparse,human,956,picked,3750000,0.0000,92
nested_sparse,human,956,picked,3850000,0.0000,123
nested_sparse,human,956,picked,3950000,0.0000,87
nested_sparse,human,957,picked,50000,0.0421,95
nested_sparse,human,957,picked,150000,0.1048,105
nested_sparse,human,957,picked,250000,0.0849,106
nested_sparse,human,957,picked,350000,0.1579,114
nested_sparse,human,957,picked,450000,0.1066,122
nested_sparse,human,957,picked,550000,0.2778,126
nested_sparse,human,957,picked,650000,0.3554,121
nested_sparse,human,957,picked,750000,0.1121,107
nested_sparse,human,957,picked,850000,0.0276,145
nested_sparse,human,957,picked,950000,0.0963,135
nested_sparse,human,957,picked,1050000,0.1379,116
nested_sparse,human,957,picked,1150000,0.2018,109
nested_sparse,human,957,picked,1250000,0.1920,125
nested_sparse,human,957,picked,1350000,0.0927,151
nested_sparse,human,957,picked,1450000,0.5154,130
nested_sparse,human,957,picked,1550000,0.4848,132
nested_sparse,human,957,picked,1650000,0.3333,126
nested_sparse,human,957,picked,1750000,0.6115,139
nested_sparse,human,957,picked,1850000,0.8810,126
nested_sparse,human,957,picked,1950000,0.7193,171
nested_sparse,human,957,picked,2050000,0.6405,153
nested_sparse,human,957,picked,2150000,0.6960,125
nested_sparse,human,957,picked,2250000,0.7891,147
nested_sparse,human,957,picked,2350000,0.7979,188
nested_sparse,human,957,picked,2450000,0.8912,147
nested_sparse,human,957,picked,2550000,0.8205,156
nested_sparse,human,957,picked,2650000,0.8923,130
nested_sparse,human,957,picked,2750000,0.9175,194
nested_sparse,human,957,picked,2850000,0.9211,228
nested_sparse,human,957,picked,2950000,0.9481,289
nested_sparse,human,957,picked,3050000,0.9027,370
nested_sparse,human,957,picked,3150000,0.9082,392
nested_sparse,human,957,picked,3250000,0.9379,451
nested_sparse,human,957,picked,3350000,0.9511,470
nested_sparse,human,957,picked,3450000,0.9590,512
nested_sparse,human,957,picked,3550000,0.9613,568
nested_sparse,human,957,picked,3650000,0.9426,470
nested_sparse,human,957,picked,3750000,0.9455,477
nested_sparse,human,957,picked,3850000,0.9679,591
nested_sparse,human,957,picked,3950000,0.9592,588
nested_sparse,human,958,picked,50000,0.0408,98
nested_sparse,human,958,picked,150000,0.1429,112
nested_sparse,human,958,picked,250000,0.2609,115
nested_sparse,human,958,picked,350000,0.1228,114
nested_sparse,human,958,picked,450000,0.2051,117
nested_sparse,human,958,picked,550000,0.1193,109
nested_sparse,human,958,picked,650000,0.1739,138
nested_sparse,human,958,picked,750000,0.2913,103
nested_sparse,human,958,picked,850000,0.4561,114
nested_sparse,human,958,picked,950000,0.2667,105
nested_sparse,human,958,picked,1050000,0.2479,117
nested_sparse,human,958,picked,1150000,0.3583,120
nested_sparse,human,958,picked,1250000,0.2877,146
nested_sparse,human,958,picked,1350000,0.3740,131
nested_sparse,human,958,picked,1450000,0.5273,110
nested_sparse,human,958,picked,1550000,0.1803,122
nested_sparse,human,958,picked,1650000,0.4464,112
nested_sparse,human,958,picked,1750000,0.6866,134
nested_sparse,human,958,picked,1850000,0.7586,116
nested_sparse,human,958,picked,1950000,0.7016,124
nested_sparse,human,958,picked,2050000,0.8396,106
nested_sparse,human,958,picked,2150000,0.6591,132
nested_sparse,human,958,picked,2250000,0.6418,134
nested_sparse,human,958,picked,2350000,0.8356,146
nested_sparse,human,958,picked,2450000,0.8321,137
nested_sparse,human,958,picked,2550000,0.8224,152
nested_sparse,human,958,picked,2650000,0.7160,169
nested_sparse,human,958,picked,2750000,0.7907,129
nested_sparse,human,958,picked,2850000,0.8303,165
nested_sparse,human,958,picked,2950000,0.8259,201
nested_sparse,human,958,picked,3050000,0.8627,204
nested_sparse,human,958,picked,3150000,0.8926,149
nested_sparse,human,958,picked,3250000,0.8756,193
nested_sparse,human,958,picked,3350000,0.8576,288
nested_sparse,human,958,picked,3450000,0.9111,270
nested_sparse,human,958,picked,3550000,0.8769,195
nested_sparse,human,958,picked,3650000,0.8800,300
nested_sparse,human,958,picked,3750000,0.9022,317
nested_sparse,human,958,picked,3850000,0.9133,323
nested_sparse,human,958,picked,3950000,0.9353,309
nested_sparse,machine,975,picked,50000,0.0116,86
nested_sparse,machine,975,picked,150000,0.0213,94
nested_sparse,machine,975,picked,250000,0.0377,106
nested_sparse,machine,975,picked,350000,0.0598,117
nested_sparse,machine,975,picked,450000,0.0709,127
nested_sparse,machine,975,picked,550000,0.0085,117
nested_sparse,machine,975,picked,650000,0.0381,105
nested_sparse,machine,975,picked,750000,0.0100,100
nested_sparse,machine,975,picked,850000,0.0536,112
nested_sparse,machine,975,picked,950000,0.0000,107
nested_sparse,machine,975,picked,1050000,0.0096,104
nested_sparse,machine,975,picked,1150000,0.0204,98
nested_sparse,machine,975,picked,1250000,0.0093,108
nested_sparse,machine,975,picked,1350000,0.1121,116
nested_sparse,machine,975,picked,1450000,0.1091,110
nested_sparse,machine,975,picked,1550000,0.0636,110
nested_sparse,machine,975,picked,1650000,0.0000,104
nested_sparse,machine,975,picked,1750000,0.0175,114
nested_sparse,machine,975,picked,1850000,0.0097,103
nested_sparse,machine,975,picked,1950000,0.0693,101
nested_sparse,machine,975,picked,2050000,0.0720,125
nested_sparse,machine,975,picked,2150000,0.0000,113
nested_sparse,machine,975,picked,2250000,0.0000,119
nested_sparse,machine,975,picked,2350000,0.0000,127
nested_sparse,machine,975,picked,2450000,0.0000,103
nested_sparse,machine,975,picked,2550000,0.0000,84
nested_sparse,machine,975,picked,2650000,0.0000,117
nested_sparse,machine,975,picked,2750000,0.0000,90
nested_sparse,machine,975,picked,2850000,0.0000,90
nested_sparse,machine,975,picked,2950000,0.0000,98
nested_sparse,machine,975,picked,3050000,0.0114,88
nested_sparse,machine,975,picked,3150000,0.0000,84
nested_sparse,machine,975,picked,3250000,0.0000,84
nested_sparse,machine,975,picked,3350000,0.0000,84
nested_sparse,machine,975,picked,3450000,0.0000,88
nested_sparse,machine,975,picked,3550000,0.0000,85
nested_sparse,machine,975,picked,3650000,0.0000,87
nested_sparse,machine,975,picked,3750000,0.0000,84
nested_sparse,machine,975,picked,3850000,0.0000,86
nested_sparse,machine,975,picked,3950000,0.0000,89
nested_sparse,machine,976,picked,50000,0.0319,94
nested_sparse,machine,976,picked,150000,0.0561,107
nested_sparse,machine,976,picked,250000,0.1000,110
nested_sparse,machine,976,picked,350000,0.0541,111
nested_sparse,machine,976,picked,450000,0.0336,119
nested_sparse,machine,976,picked,550000,0.1017,118
nested_sparse,machine,976,picked,650000,0.0000,109
nested_sparse,machine,976,picked,750000,0.0000,102
nested_sparse,machine,976,picked,850000,0.0092,109
nested_sparse,machine,976,picked,950000,0.0094,106
nested_sparse,machine,976,picked,1050000,0.0265,113
nested_sparse,machine,976,picked,1150000,0.0101,99
nested_sparse,machine,976,picked,1250000,0.0161,124
nested_sparse,machine,976,picked,1350000,0.0000,145
nested_sparse,machine,976,picked,1450000,0.0079,126
nested_sparse,machine,976,picked,1550000,0.0084,119
nested_sparse,machine,976,picked,1650000,0.0104,96
nested_sparse,machine,976,picked,1750000,0.0161,124
nested_sparse,machine,976,picked,1850000,0.0481,104
nested_sparse,machine,976,picked,1950000,0.0111,90
nested_sparse,machine,976,picked,2050000,0.0000,108
nested_sparse,machine,976,picked,2150000,0.0000,103
nested_sparse,machine,976,picked,2250000,0.0000,112
nested_sparse,machine,976,picked,2350000,0.0000,87
nested_sparse,machine,976,picked,2450000,0.0000,89
nested_sparse,machine,976,picked,2550000,0.0000,88
nested_sparse,machine,976,picked,2650000,0.0000,84
nested_sparse,machine,976,picked,2750000,0.0000,86
nested_sparse,machine,976,picked,2850000,0.0000,91
nested_sparse,machine,976,picked,2950000,0.0000,85
nested_sparse,machine,976,picked,3050000,0.0000,88
nested_sparse,machine,976,picked,3150000,0.0000,86
nested_sparse,machine,976,picked,3250000,0.0000,89
nested_sparse,machine,976,picked,3350000,0.0000,96
nested_sparse,machine,976,picked,3450000,0.0000,90
nested_sparse,machine,976,picked,3550000,0.0000,84
nested_sparse,machine,976,picked,3650000,0.0000,85
nested_sparse,machine,976,picked,3750000,0.0000,85
nested_sparse,machine,976,picked,3850000,0.0000,85
nested_sparse,machine,976,picked,3950000,0.0000,27
nested_sparse,machine,977,picked,50000,0.0116,86
nested_sparse,machine,977,picked,150000,0.0172,116
nested_sparse,machine,977,picked,250000,0.0726,124
nested_sparse,machine,977,picked,350000,0.0574,122
nested_sparse,machine,977,picked,450000,0.0486,144
nested_sparse,machine,977,picked,550000,0.0550,109
nested_sparse,machine,977,picked,650000,0.0072,139
nested_sparse,machine,977,picked,750000,0.0000,115
nested_sparse,machine,977,picked,850000,0.0000,126
nested_sparse,machine,977,picked,950000,0.0661,121
nested_sparse,machine,977,picked,1050000,0.0320,125
nested_sparse,machine,977,picked,1150000,0.0219,137
nested_sparse,machine,977,picked,1250000,0.0000,131
nested_sparse,machine,977,picked,1350000,0.0246,122
nested_sparse,machine,977,picked,1450000,0.0583,120
nested_sparse,machine,977,picked,1550000,0.0286,105
nested_sparse,machine,977,picked,1650000,0.0656,122
nested_sparse,machine,977,picked,1750000,0.0259,116
nested_sparse,machine,977,picked,1850000,0.0960,125
nested_sparse,machine,977,picked,1950000,0.0000,117
nested_sparse,machine,977,picked,2050000,0.0000,116
nested_sparse,machine,977,picked,2150000,0.0000,106
nested_sparse,machine,977,picked,2250000,0.0000,105
nested_sparse,machine,977,picked,2350000,0.0000,97
nested_sparse,machine,977,picked,2450000,0.0000,85
nested_sparse,machine,977,picked,2550000,0.0000,97
nested_sparse,machine,977,picked,2650000,0.0000,94
nested_sparse,machine,977,picked,2750000,0.0000,90
nested_sparse,machine,977,picked,2850000,0.0000,87
nested_sparse,machine,977,picked,2950000,0.0000,85
nested_sparse,machine,977,picked,3050000,0.0000,85
nested_sparse,machine,977,picked,3150000,0.0000,90
nested_sparse,machine,977,picked,3250000,0.0000,91
nested_sparse,machine,977,picked,3350000,0.0000,90
nested_sparse,machine,977,picked,3450000,0.0000,87
nested_sparse,machine,977,picked,3550000,0.0000,91
nested_sparse,machine,977,picked,3650000,0.0000,89
nested_sparse,machine,977,picked,3750000,0.0000,89
nested_sparse,machine,977,picked,3850000,0.0000,89
nested_sparse,machine,977,picked,3950000,0.0000,85
nested_sparse,machine,978,picked,50000,0.0408,98
nested_sparse,machine,978,picked,150000,0.0300,100
nested_sparse,machine,978,picked,250000,0.1275,102
nested_sparse,machine,978,picked,350000,0.1140,114
nested_sparse,machine,978,picked,450000,0.0677,133
nested_sparse,machine,978,picked,550000,0.0678,118
nested_sparse,machine,978,picked,650000,0.0246,122
nested_sparse,machine,978,picked,750000,0.0214,140
nested_sparse,machine,978,picked,850000,0.0141,142
nested_sparse,machine,978,picked,950000,0.0000,105
nested_sparse,machine,978,picked,1050000,0.0000,132
nested_sparse,machine,978,picked,1150000,0.0000,138
nested_sparse,machine,978,picked,1250000,0.0000,135
nested_sparse,machine,978,picked,1350000,0.0120,166
nested_sparse,machine,978,picked,1450000,0.0089,112
nested_sparse,machine,978,picked,1550000,0.0171,117
nested_sparse,machine,978,picked,1650000,0.0791,139
nested_sparse,machine,978,picked,1750000,0.0000,112
nested_sparse,machine,978,picked,1850000,0.1141,149
nested_sparse,machine,978,picked,1950000,0.0160,125
nested_sparse,machine,978,picked,2050000,0.0000,97
nested_sparse,machine,978,picked,2150000,0.0000,109
nested_sparse,machine,978,picked,2250000,0.0000,95
nested_sparse,machine,978,picked,2350000,0.0000,90
nested_sparse,machine,978,picked,2450000,0.0000,87
nested_sparse,machine,978,picked,2550000,0.0000,109
nested_sparse,machine,978,picked,2650000,0.0000,98
nested_sparse,machine,978,picked,2750000,0.0096,104
nested_sparse,machine,978,picked,2850000,0.0106,94
nested_sparse,machine,978,picked,2950000,0.0000,86
nested_sparse,machine,978,picked,3050000,0.0000,87
nested_sparse,machine,978,picked,3150000,0.0000,86
nested_sparse,machine,978,picked,3250000,0.0000,90
nested_sparse,machine,978,picked,3350000,0.0000,99
nested_sparse,machine,978,picked,3450000,0.0000,94
nested_sparse,machine,978,picked,3550000,0.0000,100
nested_sparse,machine,978,picked,3650000,0.0000,89
nested_sparse,machine,978,picked,3750000,0.0000,88
nested_sparse,machine,978,picked,3850000,0.0000,95
nested_sparse,machine,978,picked,3950000,0.0000,93
nested_sparse,human,955,placed_v2,50000,0.0000,92
nested_sparse,human,955,placed_v2,150000,0.0097,103
nested_sparse,human,955,placed_v2,250000,0.0088,113
nested_sparse,human,955,placed_v2,350000,0.0000,107
nested_sparse,human,955,placed_v2,450000,0.0323,124
nested_sparse,human,955,placed_v2,550000,0.0073,137
nested_sparse,human,955,placed_v2,650000,0.0000,113
nested_sparse,human,955,placed_v2,750000,0.0455,110
nested_sparse,human,955,placed_v2,850000,0.0294,136
nested_sparse,human,955,placed_v2,950000,0.0261,115
nested_sparse,human,955,placed_v2,1050000,0.0750,120
nested_sparse,human,955,placed_v2,1150000,0.0306,98
nested_sparse,human,955,placed_v2,1250000,0.0303,132
nested_sparse,human,955,placed_v2,1350000,0.2455,110
nested_sparse,human,955,placed_v2,1450000,0.2143,112
nested_sparse,human,955,placed_v2,1550000,0.3786,140
nested_sparse,human,955,placed_v2,1650000,0.5227,132
nested_sparse,human,955,placed_v2,1750000,0.6188,160
nested_sparse,human,955,placed_v2,1850000,0.5989,177
nested_sparse,human,955,placed_v2,1950000,0.6049,162
nested_sparse,human,955,placed_v2,2050000,0.7443,176
nested_sparse,human,955,placed_v2,2150000,0.7473,186
nested_sparse,human,955,placed_v2,2250000,0.7523,218
nested_sparse,human,955,placed_v2,2350000,0.8017,232
nested_sparse,human,955,placed_v2,2450000,0.8352,261
nested_sparse,human,955,placed_v2,2550000,0.7782,266
nested_sparse,human,955,placed_v2,2650000,0.8375,283
nested_sparse,human,955,placed_v2,2750000,0.8375,357
nested_sparse,human,955,placed_v2,2850000,0.8602,329
nested_sparse,human,955,placed_v2,2950000,0.9041,386
nested_sparse,human,955,placed_v2,3050000,0.9164,335
nested_sparse,human,955,placed_v2,3150000,0.9395,463
nested_sparse,human,955,placed_v2,3250000,0.8835,395
nested_sparse,human,955,placed_v2,3350000,0.9343,396
nested_sparse,human,955,placed_v2,3450000,0.8753,401
nested_sparse,human,955,placed_v2,3550000,0.9117,453
nested_sparse,human,955,placed_v2,3650000,0.9107,448
nested_sparse,human,955,placed_v2,3750000,0.9287,533
nested_sparse,human,955,placed_v2,3850000,0.9185,454
nested_sparse,human,955,placed_v2,3950000,0.9623,530
nested_sparse,human,956,placed_v2,50000,0.0000,89
nested_sparse,human,956,placed_v2,150000,0.0000,93
nested_sparse,human,956,placed_v2,250000,0.0000,112
nested_sparse,human,956,placed_v2,350000,0.0000,122
nested_sparse,human,956,placed_v2,450000,0.0000,122
nested_sparse,human,956,placed_v2,550000,0.0000,101
nested_sparse,human,956,placed_v2,650000,0.0286,105
nested_sparse,human,956,placed_v2,750000,0.0000,114
nested_sparse,human,956,placed_v2,850000,0.0202,99
nested_sparse,human,956,placed_v2,950000,0.0000,107
nested_sparse,human,956,placed_v2,1050000,0.0000,121
nested_sparse,human,956,placed_v2,1150000,0.0265,113
nested_sparse,human,956,placed_v2,1250000,0.0000,119
nested_sparse,human,956,placed_v2,1350000,0.0000,103
nested_sparse,human,956,placed_v2,1450000,0.0075,134
nested_sparse,human,956,placed_v2,1550000,0.0000,140
nested_sparse,human,956,placed_v2,1650000,0.0090,111
nested_sparse,human,956,placed_v2,1750000,0.0000,116
nested_sparse,human,956,placed_v2,1850000,0.0079,127
nested_sparse,human,956,placed_v2,1950000,0.0066,151
nested_sparse,human,956,placed_v2,2050000,0.0000,104
nested_sparse,human,956,placed_v2,2150000,0.0000,140
nested_sparse,human,956,placed_v2,2250000,0.0000,143
nested_sparse,human,956,placed_v2,2350000,0.0265,113
nested_sparse,human,956,placed_v2,2450000,0.0000,93
nested_sparse,human,956,placed_v2,2550000,0.0000,128
nested_sparse,human,956,placed_v2,2650000,0.0000,88
nested_sparse,human,956,placed_v2,2750000,0.0000,88
nested_sparse,human,956,placed_v2,2850000,0.0000,145
nested_sparse,human,956,placed_v2,2950000,0.0000,109
nested_sparse,human,956,placed_v2,3050000,0.0000,92
nested_sparse,human,956,placed_v2,3150000,0.0000,105
nested_sparse,human,956,placed_v2,3250000,0.0000,121
nested_sparse,human,956,placed_v2,3350000,0.0000,91
nested_sparse,human,956,placed_v2,3450000,0.0000,85
nested_sparse,human,956,placed_v2,3550000,0.0000,94
nested_sparse,human,956,placed_v2,3650000,0.0000,88
nested_sparse,human,956,placed_v2,3750000,0.0000,92
nested_sparse,human,956,placed_v2,3850000,0.0000,123
nested_sparse,human,956,placed_v2,3950000,0.0000,87
nested_sparse,human,957,placed_v2,50000,0.0000,95
nested_sparse,human,957,placed_v2,150000,0.0095,105
nested_sparse,human,957,placed_v2,250000,0.0000,106
nested_sparse,human,957,placed_v2,350000,0.0000,114
nested_sparse,human,957,placed_v2,450000,0.0082,122
nested_sparse,human,957,placed_v2,550000,0.0238,126
nested_sparse,human,957,placed_v2,650000,0.0413,121
nested_sparse,human,957,placed_v2,750000,0.0000,107
nested_sparse,human,957,placed_v2,850000,0.0069,145
nested_sparse,human,957,placed_v2,950000,0.0148,135
nested_sparse,human,957,placed_v2,1050000,0.0000,116
nested_sparse,human,957,placed_v2,1150000,0.0183,109
nested_sparse,human,957,placed_v2,1250000,0.0000,125
nested_sparse,human,957,placed_v2,1350000,0.0265,151
nested_sparse,human,957,placed_v2,1450000,0.1077,130
nested_sparse,human,957,placed_v2,1550000,0.0682,132
nested_sparse,human,957,placed_v2,1650000,0.0873,126
nested_sparse,human,957,placed_v2,1750000,0.2878,139
nested_sparse,human,957,placed_v2,1850000,0.5794,126
nested_sparse,human,957,placed_v2,1950000,0.4678,171
nested_sparse,human,957,placed_v2,2050000,0.3072,153
nested_sparse,human,957,placed_v2,2150000,0.5600,125
nested_sparse,human,957,placed_v2,2250000,0.6599,147
nested_sparse,human,957,placed_v2,2350000,0.4734,188
nested_sparse,human,957,placed_v2,2450000,0.7687,147
nested_sparse,human,957,placed_v2,2550000,0.6795,156
nested_sparse,human,957,placed_v2,2650000,0.8538,130
nested_sparse,human,957,placed_v2,2750000,0.7938,194
nested_sparse,human,957,placed_v2,2850000,0.8202,228
nested_sparse,human,957,placed_v2,2950000,0.8685,289
nested_sparse,human,957,placed_v2,3050000,0.8189,370
nested_sparse,human,957,placed_v2,3150000,0.8699,392
nested_sparse,human,957,placed_v2,3250000,0.8825,451
nested_sparse,human,957,placed_v2,3350000,0.9213,470
nested_sparse,human,957,placed_v2,3450000,0.9316,512
nested_sparse,human,957,placed_v2,3550000,0.9190,568
nested_sparse,human,957,placed_v2,3650000,0.8957,470
nested_sparse,human,957,placed_v2,3750000,0.9099,477
nested_sparse,human,957,placed_v2,3850000,0.9391,591
nested_sparse,human,957,placed_v2,3950000,0.9320,588
nested_sparse,human,958,placed_v2,50000,0.0000,98
nested_sparse,human,958,placed_v2,150000,0.0089,112
nested_sparse,human,958,placed_v2,250000,0.0087,115
nested_sparse,human,958,placed_v2,350000,0.0000,114
nested_sparse,human,958,placed_v2,450000,0.0342,117
nested_sparse,human,958,placed_v2,550000,0.0000,109
nested_sparse,human,958,placed_v2,650000,0.0000,138
nested_sparse,human,958,placed_v2,750000,0.0680,103
nested_sparse,human,958,placed_v2,850000,0.0526,114
nested_sparse,human,958,placed_v2,950000,0.0476,105
nested_sparse,human,958,placed_v2,1050000,0.0427,117
nested_sparse,human,958,placed_v2,1150000,0.0333,120
nested_sparse,human,958,placed_v2,1250000,0.0205,146
nested_sparse,human,958,placed_v2,1350000,0.0534,131
nested_sparse,human,958,placed_v2,1450000,0.1364,110
nested_sparse,human,958,placed_v2,1550000,0.0492,122
nested_sparse,human,958,placed_v2,1650000,0.2054,112
nested_sparse,human,958,placed_v2,1750000,0.3433,134
nested_sparse,human,958,placed_v2,1850000,0.4914,116
nested_sparse,human,958,placed_v2,1950000,0.4435,124
nested_sparse,human,958,placed_v2,2050000,0.7075,106
nested_sparse,human,958,placed_v2,2150000,0.4848,132
nested_sparse,human,958,placed_v2,2250000,0.4851,134
nested_sparse,human,958,placed_v2,2350000,0.4795,146
nested_sparse,human,958,placed_v2,2450000,0.6569,137
nested_sparse,human,958,placed_v2,2550000,0.6250,152
nested_sparse,human,958,placed_v2,2650000,0.5266,169
nested_sparse,human,958,placed_v2,2750000,0.6977,129
nested_sparse,human,958,placed_v2,2850000,0.7333,165
nested_sparse,human,958,placed_v2,2950000,0.7662,201
nested_sparse,human,958,placed_v2,3050000,0.7206,204
nested_sparse,human,958,placed_v2,3150000,0.7852,149
nested_sparse,human,958,placed_v2,3250000,0.8083,193
nested_sparse,human,958,placed_v2,3350000,0.8125,288
nested_sparse,human,958,placed_v2,3450000,0.8889,270
nested_sparse,human,958,placed_v2,3550000,0.8410,195
nested_sparse,human,958,placed_v2,3650000,0.8233,300
nested_sparse,human,958,placed_v2,3750000,0.8675,317
nested_sparse,human,958,placed_v2,3850000,0.9009,323
nested_sparse,human,958,placed_v2,3950000,0.9288,309
nested_sparse,machine,975,placed_v2,50000,0.0000,86
nested_sparse,machine,975,placed_v2,150000,0.0000,94
nested_sparse,machine,975,placed_v2,250000,0.0000,106
nested_sparse,machine,975,placed_v2,350000,0.0000,117
nested_sparse,machine,975,placed_v2,450000,0.0000,127
nested_sparse,machine,975,placed_v2,550000,0.0000,117
nested_sparse,machine,975,placed_v2,650000,0.0000,105
nested_sparse,machine,975,placed_v2,750000,0.0000,100
nested_sparse,machine,975,placed_v2,850000,0.0000,112
nested_sparse,machine,975,placed_v2,950000,0.0000,107
nested_sparse,machine,975,placed_v2,1050000,0.0096,104
nested_sparse,machine,975,placed_v2,1150000,0.0000,98
nested_sparse,machine,975,placed_v2,1250000,0.0000,108
nested_sparse,machine,975,placed_v2,1350000,0.0000,116
nested_sparse,machine,975,placed_v2,1450000,0.0091,110
nested_sparse,machine,975,placed_v2,1550000,0.0000,110
nested_sparse,machine,975,placed_v2,1650000,0.0000,104
nested_sparse,machine,975,placed_v2,1750000,0.0000,114
nested_sparse,machine,975,placed_v2,1850000,0.0000,103
nested_sparse,machine,975,placed_v2,1950000,0.0000,101
nested_sparse,machine,975,placed_v2,2050000,0.0000,125
nested_sparse,machine,975,placed_v2,2150000,0.0000,113
nested_sparse,machine,975,placed_v2,2250000,0.0000,119
nested_sparse,machine,975,placed_v2,2350000,0.0000,127
nested_sparse,machine,975,placed_v2,2450000,0.0000,103
nested_sparse,machine,975,placed_v2,2550000,0.0000,84
nested_sparse,machine,975,placed_v2,2650000,0.0000,117
nested_sparse,machine,975,placed_v2,2750000,0.0000,90
nested_sparse,machine,975,placed_v2,2850000,0.0000,90
nested_sparse,machine,975,placed_v2,2950000,0.0000,98
nested_sparse,machine,975,placed_v2,3050000,0.0114,88
nested_sparse,machine,975,placed_v2,3150000,0.0000,84
nested_sparse,machine,975,placed_v2,3250000,0.0000,84
nested_sparse,machine,975,placed_v2,3350000,0.0000,84
nested_sparse,machine,975,placed_v2,3450000,0.0000,88
nested_sparse,machine,975,placed_v2,3550000,0.0000,85
nested_sparse,machine,975,placed_v2,3650000,0.0000,87
nested_sparse,machine,975,placed_v2,3750000,0.0000,84
nested_sparse,machine,975,placed_v2,3850000,0.0000,86
nested_sparse,machine,975,placed_v2,3950000,0.0000,89
nested_sparse,machine,976,placed_v2,50000,0.0000,94
nested_sparse,machine,976,placed_v2,150000,0.0000,107
nested_sparse,machine,976,placed_v2,250000,0.0000,110
nested_sparse,machine,976,placed_v2,350000,0.0000,111
nested_sparse,machine,976,placed_v2,450000,0.0000,119
nested_sparse,machine,976,placed_v2,550000,0.0000,118
nested_sparse,machine,976,placed_v2,650000,0.0000,109
nested_sparse,machine,976,placed_v2,750000,0.0000,102
nested_sparse,machine,976,placed_v2,850000,0.0000,109
nested_sparse,machine,976,placed_v2,950000,0.0000,106
nested_sparse,machine,976,placed_v2,1050000,0.0000,113
nested_sparse,machine,976,placed_v2,1150000,0.0000,99
nested_sparse,machine,976,placed_v2,1250000,0.0000,124
nested_sparse,machine,976,placed_v2,1350000,0.0000,145
nested_sparse,machine,976,placed_v2,1450000,0.0000,126
nested_sparse,machine,976,placed_v2,1550000,0.0000,119
nested_sparse,machine,976,placed_v2,1650000,0.0000,96
nested_sparse,machine,976,placed_v2,1750000,0.0000,124
nested_sparse,machine,976,placed_v2,1850000,0.0000,104
nested_sparse,machine,976,placed_v2,1950000,0.0000,90
nested_sparse,machine,976,placed_v2,2050000,0.0000,108
nested_sparse,machine,976,placed_v2,2150000,0.0000,103
nested_sparse,machine,976,placed_v2,2250000,0.0000,112
nested_sparse,machine,976,placed_v2,2350000,0.0000,87
nested_sparse,machine,976,placed_v2,2450000,0.0000,89
nested_sparse,machine,976,placed_v2,2550000,0.0000,88
nested_sparse,machine,976,placed_v2,2650000,0.0000,84
nested_sparse,machine,976,placed_v2,2750000,0.0000,86
nested_sparse,machine,976,placed_v2,2850000,0.0000,91
nested_sparse,machine,976,placed_v2,2950000,0.0000,85
nested_sparse,machine,976,placed_v2,3050000,0.0000,88
nested_sparse,machine,976,placed_v2,3150000,0.0000,86
nested_sparse,machine,976,placed_v2,3250000,0.0000,89
nested_sparse,machine,976,placed_v2,3350000,0.0000,96
nested_sparse,machine,976,placed_v2,3450000,0.0000,90
nested_sparse,machine,976,placed_v2,3550000,0.0000,84
nested_sparse,machine,976,placed_v2,3650000,0.0000,85
nested_sparse,machine,976,placed_v2,3750000,0.0000,85
nested_sparse,machine,976,placed_v2,3850000,0.0000,85
nested_sparse,machine,976,placed_v2,3950000,0.0000,27
nested_sparse,machine,977,placed_v2,50000,0.0000,86
nested_sparse,machine,977,placed_v2,150000,0.0000,116
nested_sparse,machine,977,placed_v2,250000,0.0000,124
nested_sparse,machine,977,placed_v2,350000,0.0000,122
nested_sparse,machine,977,placed_v2,450000,0.0000,144
nested_sparse,machine,977,placed_v2,550000,0.0000,109
nested_sparse,machine,977,placed_v2,650000,0.0000,139
nested_sparse,machine,977,placed_v2,750000,0.0000,115
nested_sparse,machine,977,placed_v2,850000,0.0000,126
nested_sparse,machine,977,placed_v2,950000,0.0000,121
nested_sparse,machine,977,placed_v2,1050000,0.0000,125
nested_sparse,machine,977,placed_v2,1150000,0.0000,137
nested_sparse,machine,977,placed_v2,1250000,0.0000,131
nested_sparse,machine,977,placed_v2,1350000,0.0000,122
nested_sparse,machine,977,placed_v2,1450000,0.0000,120
nested_sparse,machine,977,placed_v2,1550000,0.0000,105
nested_sparse,machine,977,placed_v2,1650000,0.0164,122
nested_sparse,machine,977,placed_v2,1750000,0.0000,116
nested_sparse,machine,977,placed_v2,1850000,0.0080,125
nested_sparse,machine,977,placed_v2,1950000,0.0000,117
nested_sparse,machine,977,placed_v2,2050000,0.0000,116
nested_sparse,machine,977,placed_v2,2150000,0.0000,106
nested_sparse,machine,977,placed_v2,2250000,0.0000,105
nested_sparse,machine,977,placed_v2,2350000,0.0000,97
nested_sparse,machine,977,placed_v2,2450000,0.0000,85
nested_sparse,machine,977,placed_v2,2550000,0.0000,97
nested_sparse,machine,977,placed_v2,2650000,0.0000,94
nested_sparse,machine,977,placed_v2,2750000,0.0000,90
nested_sparse,machine,977,placed_v2,2850000,0.0000,87
nested_sparse,machine,977,placed_v2,2950000,0.0000,85
nested_sparse,machine,977,placed_v2,3050000,0.0000,85
nested_sparse,machine,977,placed_v2,3150000,0.0000,90
nested_sparse,machine,977,placed_v2,3250000,0.0000,91
nested_sparse,machine,977,placed_v2,3350000,0.0000,90
nested_sparse,machine,977,placed_v2,3450000,0.0000,87
nested_sparse,machine,977,placed_v2,3550000,0.0000,91
nested_sparse,machine,977,placed_v2,3650000,0.0000,89
nested_sparse,machine,977,placed_v2,3750000,0.0000,89
nested_sparse,machine,977,placed_v2,3850000,0.0000,89
nested_sparse,machine,977,placed_v2,3950000,0.0000,85
nested_sparse,machine,978,placed_v2,50000,0.0000,98
nested_sparse,machine,978,placed_v2,150000,0.0000,100
nested_sparse,machine,978,placed_v2,250000,0.0000,102
nested_sparse,machine,978,placed_v2,350000,0.0000,114
nested_sparse,machine,978,placed_v2,450000,0.0000,133
nested_sparse,machine,978,placed_v2,550000,0.0000,118
nested_sparse,machine,978,placed_v2,650000,0.0000,122
nested_sparse,machine,978,placed_v2,750000,0.0000,140
nested_sparse,machine,978,placed_v2,850000,0.0000,142
nested_sparse,machine,978,placed_v2,950000,0.0000,105
nested_sparse,machine,978,placed_v2,1050000,0.0000,132
nested_sparse,machine,978,placed_v2,1150000,0.0000,138
nested_sparse,machine,978,placed_v2,1250000,0.0000,135
nested_sparse,machine,978,placed_v2,1350000,0.0000,166
nested_sparse,machine,978,placed_v2,1450000,0.0000,112
nested_sparse,machine,978,placed_v2,1550000,0.0000,117
nested_sparse,machine,978,placed_v2,1650000,0.0072,139
nested_sparse,machine,978,placed_v2,1750000,0.0000,112
nested_sparse,machine,978,placed_v2,1850000,0.0000,149
nested_sparse,machine,978,placed_v2,1950000,0.0000,125
nested_sparse,machine,978,placed_v2,2050000,0.0000,97
nested_sparse,machine,978,placed_v2,2150000,0.0000,109
nested_sparse,machine,978,placed_v2,2250000,0.0000,95
nested_sparse,machine,978,placed_v2,2350000,0.0000,90
nested_sparse,machine,978,placed_v2,2450000,0.0000,87
nested_sparse,machine,978,placed_v2,2550000,0.0000,109
nested_sparse,machine,978,placed_v2,2650000,0.0000,98
nested_sparse,machine,978,placed_v2,2750000,0.0000,104
nested_sparse,machine,978,placed_v2,2850000,0.0000,94
nested_sparse,machine,978,placed_v2,2950000,0.0000,86
nested_sparse,machine,978,placed_v2,3050000,0.0000,87
nested_sparse,machine,978,placed_v2,3150000,0.0000,86
nested_sparse,machine,978,placed_v2,3250000,0.0000,90
nested_sparse,machine,978,placed_v2,3350000,0.0000,99
nested_sparse,machine,978,placed_v2,3450000,0.0000,94
nested_sparse,machine,978,placed_v2,3550000,0.0000,100
nested_sparse,machine,978,placed_v2,3650000,0.0000,89
nested_sparse,machine,978,placed_v2,3750000,0.0000,88
nested_sparse,machine,978,placed_v2,3850000,0.0000,95
nested_sparse,machine,978,placed_v2,3950000,0.0000,93
nested_sparse,human,955,farside,50000,0.0000,92
nested_sparse,human,955,farside,150000,0.0097,103
nested_sparse,human,955,farside,250000,0.0088,113
nested_sparse,human,955,farside,350000,0.0000,107
nested_sparse,human,955,farside,450000,0.0161,124
nested_sparse,human,955,farside,550000,0.0073,137
nested_sparse,human,955,farside,650000,0.0000,113
nested_sparse,human,955,farside,750000,0.0273,110
nested_sparse,human,955,farside,850000,0.0221,136
nested_sparse,human,955,farside,950000,0.0174,115
nested_sparse,human,955,farside,1050000,0.0167,120
nested_sparse,human,955,farside,1150000,0.0102,98
nested_sparse,human,955,farside,1250000,0.0227,132
nested_sparse,human,955,farside,1350000,0.1273,110
nested_sparse,human,955,farside,1450000,0.1696,112
nested_sparse,human,955,farside,1550000,0.3214,140
nested_sparse,human,955,farside,1650000,0.5076,132
nested_sparse,human,955,farside,1750000,0.6000,160
nested_sparse,human,955,farside,1850000,0.5367,177
nested_sparse,human,955,farside,1950000,0.5185,162
nested_sparse,human,955,farside,2050000,0.7216,176
nested_sparse,human,955,farside,2150000,0.7366,186
nested_sparse,human,955,farside,2250000,0.7477,218
nested_sparse,human,955,farside,2350000,0.7845,232
nested_sparse,human,955,farside,2450000,0.8276,261
nested_sparse,human,955,farside,2550000,0.7669,266
nested_sparse,human,955,farside,2650000,0.8163,283
nested_sparse,human,955,farside,2750000,0.8375,357
nested_sparse,human,955,farside,2850000,0.8541,329
nested_sparse,human,955,farside,2950000,0.8990,386
nested_sparse,human,955,farside,3050000,0.9134,335
nested_sparse,human,955,farside,3150000,0.9395,463
nested_sparse,human,955,farside,3250000,0.8810,395
nested_sparse,human,955,farside,3350000,0.9293,396
nested_sparse,human,955,farside,3450000,0.8653,401
nested_sparse,human,955,farside,3550000,0.9117,453
nested_sparse,human,955,farside,3650000,0.9085,448
nested_sparse,human,955,farside,3750000,0.9287,533
nested_sparse,human,955,farside,3850000,0.9097,454
nested_sparse,human,955,farside,3950000,0.9623,530
nested_sparse,human,956,farside,50000,0.0000,89
nested_sparse,human,956,farside,150000,0.0000,93
nested_sparse,human,956,farside,250000,0.0000,112
nested_sparse,human,956,farside,350000,0.0000,122
nested_sparse,human,956,farside,450000,0.0000,122
nested_sparse,human,956,farside,550000,0.0000,101
nested_sparse,human,956,farside,650000,0.0190,105
nested_sparse,human,956,farside,750000,0.0000,114
nested_sparse,human,956,farside,850000,0.0101,99
nested_sparse,human,956,farside,950000,0.0000,107
nested_sparse,human,956,farside,1050000,0.0000,121
nested_sparse,human,956,farside,1150000,0.0265,113
nested_sparse,human,956,farside,1250000,0.0000,119
nested_sparse,human,956,farside,1350000,0.0000,103
nested_sparse,human,956,farside,1450000,0.0000,134
nested_sparse,human,956,farside,1550000,0.0000,140
nested_sparse,human,956,farside,1650000,0.0090,111
nested_sparse,human,956,farside,1750000,0.0000,116
nested_sparse,human,956,farside,1850000,0.0079,127
nested_sparse,human,956,farside,1950000,0.0000,151
nested_sparse,human,956,farside,2050000,0.0000,104
nested_sparse,human,956,farside,2150000,0.0000,140
nested_sparse,human,956,farside,2250000,0.0000,143
nested_sparse,human,956,farside,2350000,0.0177,113
nested_sparse,human,956,farside,2450000,0.0000,93
nested_sparse,human,956,farside,2550000,0.0000,128
nested_sparse,human,956,farside,2650000,0.0000,88
nested_sparse,human,956,farside,2750000,0.0000,88
nested_sparse,human,956,farside,2850000,0.0000,145
nested_sparse,human,956,farside,2950000,0.0000,109
nested_sparse,human,956,farside,3050000,0.0000,92
nested_sparse,human,956,farside,3150000,0.0000,105
nested_sparse,human,956,farside,3250000,0.0000,121
nested_sparse,human,956,farside,3350000,0.0000,91
nested_sparse,human,956,farside,3450000,0.0000,85
nested_sparse,human,956,farside,3550000,0.0000,94
nested_sparse,human,956,farside,3650000,0.0000,88
nested_sparse,human,956,farside,3750000,0.0000,92
nested_sparse,human,956,farside,3850000,0.0000,123
nested_sparse,human,956,farside,3950000,0.0000,87
nested_sparse,human,957,farside,50000,0.0000,95
nested_sparse,human,957,farside,150000,0.0000,105
nested_sparse,human,957,farside,250000,0.0000,106
nested_sparse,human,957,farside,350000,0.0000,114
nested_sparse,human,957,farside,450000,0.0082,122
nested_sparse,human,957,farside,550000,0.0238,126
nested_sparse,human,957,farside,650000,0.0413,121
nested_sparse,human,957,farside,750000,0.0000,107
nested_sparse,human,957,farside,850000,0.0069,145
nested_sparse,human,957,farside,950000,0.0148,135
nested_sparse,human,957,farside,1050000,0.0000,116
nested_sparse,human,957,farside,1150000,0.0092,109
nested_sparse,human,957,farside,1250000,0.0000,125
nested_sparse,human,957,farside,1350000,0.0199,151
nested_sparse,human,957,farside,1450000,0.0615,130
nested_sparse,human,957,farside,1550000,0.0303,132
nested_sparse,human,957,farside,1650000,0.0714,126
nested_sparse,human,957,farside,1750000,0.1799,139
nested_sparse,human,957,farside,1850000,0.4048,126
nested_sparse,human,957,farside,1950000,0.4035,171
nested_sparse,human,957,farside,2050000,0.2157,153
nested_sparse,human,957,farside,2150000,0.4400,125
nested_sparse,human,957,farside,2250000,0.5986,147
nested_sparse,human,957,farside,2350000,0.4149,188
nested_sparse,human,957,farside,2450000,0.6599,147
nested_sparse,human,957,farside,2550000,0.5577,156
nested_sparse,human,957,farside,2650000,0.7538,130
nested_sparse,human,957,farside,2750000,0.7526,194
nested_sparse,human,957,farside,2850000,0.7368,228
nested_sparse,human,957,farside,2950000,0.8408,289
nested_sparse,human,957,farside,3050000,0.8081,370
nested_sparse,human,957,farside,3150000,0.8648,392
nested_sparse,human,957,farside,3250000,0.8780,451
nested_sparse,human,957,farside,3350000,0.9149,470
nested_sparse,human,957,farside,3450000,0.9297,512
nested_sparse,human,957,farside,3550000,0.9173,568
nested_sparse,human,957,farside,3650000,0.8915,470
nested_sparse,human,957,farside,3750000,0.9078,477
nested_sparse,human,957,farside,3850000,0.9357,591
nested_sparse,human,957,farside,3950000,0.9303,588
nested_sparse,human,958,farside,50000,0.0000,98
nested_sparse,human,958,farside,150000,0.0089,112
nested_sparse,human,958,farside,250000,0.0087,115
nested_sparse,human,958,farside,350000,0.0000,114
nested_sparse,human,958,farside,450000,0.0256,117
nested_sparse,human,958,farside,550000,0.0000,109
nested_sparse,human,958,farside,650000,0.0000,138
nested_sparse,human,958,farside,750000,0.0291,103
nested_sparse,human,958,farside,850000,0.0351,114
nested_sparse,human,958,farside,950000,0.0381,105
nested_sparse,human,958,farside,1050000,0.0171,117
nested_sparse,human,958,farside,1150000,0.0250,120
nested_sparse,human,958,farside,1250000,0.0068,146
nested_sparse,human,958,farside,1350000,0.0534,131
nested_sparse,human,958,farside,1450000,0.1364,110
nested_sparse,human,958,farside,1550000,0.0410,122
nested_sparse,human,958,farside,1650000,0.1696,112
nested_sparse,human,958,farside,1750000,0.2761,134
nested_sparse,human,958,farside,1850000,0.4138,116
nested_sparse,human,958,farside,1950000,0.2661,124
nested_sparse,human,958,farside,2050000,0.5000,106
nested_sparse,human,958,farside,2150000,0.4545,132
nested_sparse,human,958,farside,2250000,0.4776,134
nested_sparse,human,958,farside,2350000,0.4315,146
nested_sparse,human,958,farside,2450000,0.6496,137
nested_sparse,human,958,farside,2550000,0.6053,152
nested_sparse,human,958,farside,2650000,0.5030,169
nested_sparse,human,958,farside,2750000,0.6667,129
nested_sparse,human,958,farside,2850000,0.7212,165
nested_sparse,human,958,farside,2950000,0.7612,201
nested_sparse,human,958,farside,3050000,0.7157,204
nested_sparse,human,958,farside,3150000,0.7852,149
nested_sparse,human,958,farside,3250000,0.7927,193
nested_sparse,human,958,farside,3350000,0.8090,288
nested_sparse,human,958,farside,3450000,0.8889,270
nested_sparse,human,958,farside,3550000,0.8308,195
nested_sparse,human,958,farside,3650000,0.8167,300
nested_sparse,human,958,farside,3750000,0.8675,317
nested_sparse,human,958,farside,3850000,0.9009,323
nested_sparse,human,958,farside,3950000,0.9256,309
nested_sparse,machine,975,farside,50000,0.0000,86
nested_sparse,machine,975,farside,150000,0.0000,94
nested_sparse,machine,975,farside,250000,0.0000,106
nested_sparse,machine,975,farside,350000,0.0000,117
nested_sparse,machine,975,farside,450000,0.0000,127
nested_sparse,machine,975,farside,550000,0.0000,117
nested_sparse,machine,975,farside,650000,0.0000,105
nested_sparse,machine,975,farside,750000,0.0000,100
nested_sparse,machine,975,farside,850000,0.0000,112
nested_sparse,machine,975,farside,950000,0.0000,107
nested_sparse,machine,975,farside,1050000,0.0096,104
nested_sparse,machine,975,farside,1150000,0.0000,98
nested_sparse,machine,975,farside,1250000,0.0000,108
nested_sparse,machine,975,farside,1350000,0.0000,116
nested_sparse,machine,975,farside,1450000,0.0000,110
nested_sparse,machine,975,farside,1550000,0.0000,110
nested_sparse,machine,975,farside,1650000,0.0000,104
nested_sparse,machine,975,farside,1750000,0.0000,114
nested_sparse,machine,975,farside,1850000,0.0000,103
nested_sparse,machine,975,farside,1950000,0.0000,101
nested_sparse,machine,975,farside,2050000,0.0000,125
nested_sparse,machine,975,farside,2150000,0.0000,113
nested_sparse,machine,975,farside,2250000,0.0000,119
nested_sparse,machine,975,farside,2350000,0.0000,127
nested_sparse,machine,975,farside,2450000,0.0000,103
nested_sparse,machine,975,farside,2550000,0.0000,84
nested_sparse,machine,975,farside,2650000,0.0000,117
nested_sparse,machine,975,farside,2750000,0.0000,90
nested_sparse,machine,975,farside,2850000,0.0000,90
nested_sparse,machine,975,farside,2950000,0.0000,98
nested_sparse,machine,975,farside,3050000,0.0114,88
nested_sparse,machine,975,farside,3150000,0.0000,84
nested_sparse,machine,975,farside,3250000,0.0000,84
nested_sparse,machine,975,farside,3350000,0.0000,84
nested_sparse,machine,975,farside,3450000,0.0000,88
nested_sparse,machine,975,farside,3550000,0.0000,85
nested_sparse,machine,975,farside,3650000,0.0000,87
nested_sparse,machine,975,farside,3750000,0.0000,84
nested_sparse,machine,975,farside,3850000,0.0000,86
nested_sparse,machine,975,farside,3950000,0.0000,89
nested_sparse,machine,976,farside,50000,0.0000,94
nested_sparse,machine,976,farside,150000,0.0000,107
nested_sparse,machine,976,farside,250000,0.0000,110
nested_sparse,machine,976,farside,350000,0.0000,111
nested_sparse,machine,976,farside,450000,0.0000,119
nested_sparse,machine,976,farside,550000,0.0000,118
nested_sparse,machine,976,farside,650000,0.0000,109
nested_sparse,machine,976,farside,750000,0.0000,102
nested_sparse,machine,976,farside,850000,0.0000,109
nested_sparse,machine,976,farside,950000,0.0000,106
nested_sparse,machine,976,farside,1050000,0.0000,113
nested_sparse,machine,976,farside,1150000,0.0000,99
nested_sparse,machine,976,farside,1250000,0.0000,124
nested_sparse,machine,976,farside,1350000,0.0000,145
nested_sparse,machine,976,farside,1450000,0.0000,126
nested_sparse,machine,976,farside,1550000,0.0000,119
nested_sparse,machine,976,farside,1650000,0.0000,96
nested_sparse,machine,976,farside,1750000,0.0000,124
nested_sparse,machine,976,farside,1850000,0.0000,104
nested_sparse,machine,976,farside,1950000,0.0000,90
nested_sparse,machine,976,farside,2050000,0.0000,108
nested_sparse,machine,976,farside,2150000,0.0000,103
nested_sparse,machine,976,farside,2250000,0.0000,112
nested_sparse,machine,976,farside,2350000,0.0000,87
nested_sparse,machine,976,farside,2450000,0.0000,89
nested_sparse,machine,976,farside,2550000,0.0000,88
nested_sparse,machine,976,farside,2650000,0.0000,84
nested_sparse,machine,976,farside,2750000,0.0000,86
nested_sparse,machine,976,farside,2850000,0.0000,91
nested_sparse,machine,976,farside,2950000,0.0000,85
nested_sparse,machine,976,farside,3050000,0.0000,88
nested_sparse,machine,976,farside,3150000,0.0000,86
nested_sparse,machine,976,farside,3250000,0.0000,89
nested_sparse,machine,976,farside,3350000,0.0000,96
nested_sparse,machine,976,farside,3450000,0.0000,90
nested_sparse,machine,976,farside,3550000,0.0000,84
nested_sparse,machine,976,farside,3650000,0.0000,85
nested_sparse,machine,976,farside,3750000,0.0000,85
nested_sparse,machine,976,farside,3850000,0.0000,85
nested_sparse,machine,976,farside,3950000,0.0000,27
nested_sparse,machine,977,farside,50000,0.0000,86
nested_sparse,machine,977,farside,150000,0.0000,116
nested_sparse,machine,977,farside,250000,0.0000,124
nested_sparse,machine,977,farside,350000,0.0000,122
nested_sparse,machine,977,farside,450000,0.0000,144
nested_sparse,machine,977,farside,550000,0.0000,109
nested_sparse,machine,977,farside,650000,0.0000,139
nested_sparse,machine,977,farside,750000,0.0000,115
nested_sparse,machine,977,farside,850000,0.0000,126
nested_sparse,machine,977,farside,950000,0.0000,121
nested_sparse,machine,977,farside,1050000,0.0000,125
nested_sparse,machine,977,farside,1150000,0.0000,137
nested_sparse,machine,977,farside,1250000,0.0000,131
nested_sparse,machine,977,farside,1350000,0.0000,122
nested_sparse,machine,977,farside,1450000,0.0000,120
nested_sparse,machine,977,farside,1550000,0.0000,105
nested_sparse,machine,977,farside,1650000,0.0164,122
nested_sparse,machine,977,farside,1750000,0.0000,116
nested_sparse,machine,977,farside,1850000,0.0080,125
nested_sparse,machine,977,farside,1950000,0.0000,117
nested_sparse,machine,977,farside,2050000,0.0000,116
nested_sparse,machine,977,farside,2150000,0.0000,106
nested_sparse,machine,977,farside,2250000,0.0000,105
nested_sparse,machine,977,farside,2350000,0.0000,97
nested_sparse,machine,977,farside,2450000,0.0000,85
nested_sparse,machine,977,farside,2550000,0.0000,97
nested_sparse,machine,977,farside,2650000,0.0000,94
nested_sparse,machine,977,farside,2750000,0.0000,90
nested_sparse,machine,977,farside,2850000,0.0000,87
nested_sparse,machine,977,farside,2950000,0.0000,85
nested_sparse,machine,977,farside,3050000,0.0000,85
nested_sparse,machine,977,farside,3150000,0.0000,90
nested_sparse,machine,977,farside,3250000,0.0000,91
nested_sparse,machine,977,farside,3350000,0.0000,90
nested_sparse,machine,977,farside,3450000,0.0000,87
nested_sparse,machine,977,farside,3550000,0.0000,91
nested_sparse,machine,977,farside,3650000,0.0000,89
nested_sparse,machine,977,farside,3750000,0.0000,89
nested_sparse,machine,977,farside,3850000,0.0000,89
nested_sparse,machine,977,farside,3950000,0.0000,85
nested_sparse,machine,978,farside,50000,0.0000,98
nested_sparse,machine,978,farside,150000,0.0000,100
nested_sparse,machine,978,farside,250000,0.0000,102
nested_sparse,machine,978,farside,350000,0.0000,114
nested_sparse,machine,978,farside,450000,0.0000,133
nested_sparse,machine,978,farside,550000,0.0000,118
nested_sparse,machine,978,farside,650000,0.0000,122
nested_sparse,machine,978,farside,750000,0.0000,140
nested_sparse,machine,978,farside,850000,0.0000,142
nested_sparse,machine,978,farside,950000,0.0000,105
nested_sparse,machine,978,farside,1050000,0.0000,132
nested_sparse,machine,978,farside,1150000,0.0000,138
nested_sparse,machine,978,farside,1250000,0.0000,135
nested_sparse,machine,978,farside,1350000,0.0000,166
nested_sparse,machine,978,farside,1450000,0.0000,112
nested_sparse,machine,978,farside,1550000,0.0000,117
nested_sparse,machine,978,farside,1650000,0.0072,139
nested_sparse,machine,978,farside,1750000,0.0000,112
nested_sparse,machine,978,farside,1850000,0.0000,149
nested_sparse,machine,978,farside,1950000,0.0000,125
nested_sparse,machine,978,farside,2050000,0.0000,97
nested_sparse,machine,978,farside,2150000,0.0000,109
nested_sparse,machine,978,farside,2250000,0.0000,95
nested_sparse,machine,978,farside,2350000,0.0000,90
nested_sparse,machine,978,farside,2450000,0.0000,87
nested_sparse,machine,978,farside,2550000,0.0000,109
nested_sparse,machine,978,farside,2650000,0.0000,98
nested_sparse,machine,978,farside,2750000,0.0000,104
nested_sparse,machine,978,farside,2850000,0.0000,94
nested_sparse,machine,978,farside,2950000,0.0000,86
nested_sparse,machine,978,farside,3050000,0.0000,87
nested_sparse,machine,978,farside,3150000,0.0000,86
nested_sparse,machine,978,farside,3250000,0.0000,90
nested_sparse,machine,978,farside,3350000,0.0000,99
nested_sparse,machine,978,farside,3450000,0.0000,94
nested_sparse,machine,978,farside,3550000,0.0000,100
nested_sparse,machine,978,farside,3650000,0.0000,89
nested_sparse,machine,978,farside,3750000,0.0000,88
nested_sparse,machine,978,farside,3850000,0.0000,95
nested_sparse,machine,978,farside,3950000,0.0000,93
nested_sparse,human,955,slide_event,50000,0.0000,92
nested_sparse,human,955,slide_event,150000,0.0000,103
nested_sparse,human,955,slide_event,250000,0.0000,113
nested_sparse,human,955,slide_event,350000,0.0000,107
nested_sparse,human,955,slide_event,450000,0.0081,124
nested_sparse,human,955,slide_event,550000,0.0000,137
nested_sparse,human,955,slide_event,650000,0.0000,113
nested_sparse,human,955,slide_event,750000,0.0091,110
nested_sparse,human,955,slide_event,850000,0.0074,136
nested_sparse,human,955,slide_event,950000,0.0087,115
nested_sparse,human,955,slide_event,1050000,0.0167,120
nested_sparse,human,955,slide_event,1150000,0.0000,98
nested_sparse,human,955,slide_event,1250000,0.0000,132
nested_sparse,human,955,slide_event,1350000,0.0091,110
nested_sparse,human,955,slide_event,1450000,0.0446,112
nested_sparse,human,955,slide_event,1550000,0.1643,140
nested_sparse,human,955,slide_event,1650000,0.3333,132
nested_sparse,human,955,slide_event,1750000,0.4500,160
nested_sparse,human,955,slide_event,1850000,0.3955,177
nested_sparse,human,955,slide_event,1950000,0.3333,162
nested_sparse,human,955,slide_event,2050000,0.5341,176
nested_sparse,human,955,slide_event,2150000,0.5753,186
nested_sparse,human,955,slide_event,2250000,0.5688,218
nested_sparse,human,955,slide_event,2350000,0.6681,232
nested_sparse,human,955,slide_event,2450000,0.6935,261
nested_sparse,human,955,slide_event,2550000,0.6541,266
nested_sparse,human,955,slide_event,2650000,0.7633,283
nested_sparse,human,955,slide_event,2750000,0.7983,357
nested_sparse,human,955,slide_event,2850000,0.8146,329
nested_sparse,human,955,slide_event,2950000,0.8342,386
nested_sparse,human,955,slide_event,3050000,0.8119,335
nested_sparse,human,955,slide_event,3150000,0.9179,463
nested_sparse,human,955,slide_event,3250000,0.7949,395
nested_sparse,human,955,slide_event,3350000,0.8333,396
nested_sparse,human,955,slide_event,3450000,0.8055,401
nested_sparse,human,955,slide_event,3550000,0.8543,453
nested_sparse,human,955,slide_event,3650000,0.8482,448
nested_sparse,human,955,slide_event,3750000,0.8856,533
nested_sparse,human,955,slide_event,3850000,0.8414,454
nested_sparse,human,955,slide_event,3950000,0.9113,530
nested_sparse,human,956,slide_event,50000,0.0000,89
nested_sparse,human,956,slide_event,150000,0.0000,93
nested_sparse,human,956,slide_event,250000,0.0000,112
nested_sparse,human,956,slide_event,350000,0.0000,122
nested_sparse,human,956,slide_event,450000,0.0000,122
nested_sparse,human,956,slide_event,550000,0.0000,101
nested_sparse,human,956,slide_event,650000,0.0095,105
nested_sparse,human,956,slide_event,750000,0.0000,114
nested_sparse,human,956,slide_event,850000,0.0000,99
nested_sparse,human,956,slide_event,950000,0.0000,107
nested_sparse,human,956,slide_event,1050000,0.0000,121
nested_sparse,human,956,slide_event,1150000,0.0088,113
nested_sparse,human,956,slide_event,1250000,0.0000,119
nested_sparse,human,956,slide_event,1350000,0.0000,103
nested_sparse,human,956,slide_event,1450000,0.0000,134
nested_sparse,human,956,slide_event,1550000,0.0000,140
nested_sparse,human,956,slide_event,1650000,0.0000,111
nested_sparse,human,956,slide_event,1750000,0.0000,116
nested_sparse,human,956,slide_event,1850000,0.0000,127
nested_sparse,human,956,slide_event,1950000,0.0000,151
nested_sparse,human,956,slide_event,2050000,0.0000,104
nested_sparse,human,956,slide_event,2150000,0.0000,140
nested_sparse,human,956,slide_event,2250000,0.0000,143
nested_sparse,human,956,slide_event,2350000,0.0000,113
nested_sparse,human,956,slide_event,2450000,0.0000,93
nested_sparse,human,956,slide_event,2550000,0.0000,128
nested_sparse,human,956,slide_event,2650000,0.0000,88
nested_sparse,human,956,slide_event,2750000,0.0000,88
nested_sparse,human,956,slide_event,2850000,0.0000,145
nested_sparse,human,956,slide_event,2950000,0.0000,109
nested_sparse,human,956,slide_event,3050000,0.0000,92
nested_sparse,human,956,slide_event,3150000,0.0000,105
nested_sparse,human,956,slide_event,3250000,0.0000,121
nested_sparse,human,956,slide_event,3350000,0.0000,91
nested_sparse,human,956,slide_event,3450000,0.0000,85
nested_sparse,human,956,slide_event,3550000,0.0000,94
nested_sparse,human,956,slide_event,3650000,0.0000,88
nested_sparse,human,956,slide_event,3750000,0.0000,92
nested_sparse,human,956,slide_event,3850000,0.0000,123
nested_sparse,human,956,slide_event,3950000,0.0000,87
nested_sparse,human,957,slide_event,50000,0.0000,95
nested_sparse,human,957,slide_event,150000,0.0000,105
nested_sparse,human,957,slide_event,250000,0.0000,106
nested_sparse,human,957,slide_event,350000,0.0000,114
nested_sparse,human,957,slide_event,450000,0.0000,122
nested_sparse,human,957,slide_event,550000,0.0079,126
nested_sparse,human,957,slide_event,650000,0.0165,121
nested_sparse,human,957,slide_event,750000,0.0000,107
nested_sparse,human,957,slide_event,850000,0.0000,145
nested_sparse,human,957,slide_event,950000,0.0000,135
nested_sparse,human,957,slide_event,1050000,0.0000,116
nested_sparse,human,957,slide_event,1150000,0.0000,109
nested_sparse,human,957,slide_event,1250000,0.0000,125
nested_sparse,human,957,slide_event,1350000,0.0000,151
nested_sparse,human,957,slide_event,1450000,0.0154,130
nested_sparse,human,957,slide_event,1550000,0.0000,132
nested_sparse,human,957,slide_event,1650000,0.0079,126
nested_sparse,human,957,slide_event,1750000,0.0432,139
nested_sparse,human,957,slide_event,1850000,0.1190,126
nested_sparse,human,957,slide_event,1950000,0.1930,171
nested_sparse,human,957,slide_event,2050000,0.0523,153
nested_sparse,human,957,slide_event,2150000,0.2960,125
nested_sparse,human,957,slide_event,2250000,0.2381,147
nested_sparse,human,957,slide_event,2350000,0.1702,188
nested_sparse,human,957,slide_event,2450000,0.3061,147
nested_sparse,human,957,slide_event,2550000,0.3397,156
nested_sparse,human,957,slide_event,2650000,0.4000,130
nested_sparse,human,957,slide_event,2750000,0.4021,194
nested_sparse,human,957,slide_event,2850000,0.5614,228
nested_sparse,human,957,slide_event,2950000,0.7093,289
nested_sparse,human,957,slide_event,3050000,0.6946,370
nested_sparse,human,957,slide_event,3150000,0.7832,392
nested_sparse,human,957,slide_event,3250000,0.8137,451
nested_sparse,human,957,slide_event,3350000,0.8277,470
nested_sparse,human,957,slide_event,3450000,0.8457,512
nested_sparse,human,957,slide_event,3550000,0.8803,568
nested_sparse,human,957,slide_event,3650000,0.8255,470
nested_sparse,human,957,slide_event,3750000,0.8407,477
nested_sparse,human,957,slide_event,3850000,0.8917,591
nested_sparse,human,957,slide_event,3950000,0.8690,588
nested_sparse,human,958,slide_event,50000,0.0000,98
nested_sparse,human,958,slide_event,150000,0.0000,112
nested_sparse,human,958,slide_event,250000,0.0000,115
nested_sparse,human,958,slide_event,350000,0.0000,114
nested_sparse,human,958,slide_event,450000,0.0000,117
nested_sparse,human,958,slide_event,550000,0.0000,109
nested_sparse,human,958,slide_event,650000,0.0000,138
nested_sparse,human,958,slide_event,750000,0.0097,103
nested_sparse,human,958,slide_event,850000,0.0000,114
nested_sparse,human,958,slide_event,950000,0.0000,105
nested_sparse,human,958,slide_event,1050000,0.0000,117
nested_sparse,human,958,slide_event,1150000,0.0000,120
nested_sparse,human,958,slide_event,1250000,0.0000,146
nested_sparse,human,958,slide_event,1350000,0.0153,131
nested_sparse,human,958,slide_event,1450000,0.0182,110
nested_sparse,human,958,slide_event,1550000,0.0000,122
nested_sparse,human,958,slide_event,1650000,0.0446,112
nested_sparse,human,958,slide_event,1750000,0.0672,134
nested_sparse,human,958,slide_event,1850000,0.1034,116
nested_sparse,human,958,slide_event,1950000,0.0161,124
nested_sparse,human,958,slide_event,2050000,0.0849,106
nested_sparse,human,958,slide_event,2150000,0.1288,132
nested_sparse,human,958,slide_event,2250000,0.0970,134
nested_sparse,human,958,slide_event,2350000,0.1781,146
nested_sparse,human,958,slide_event,2450000,0.2044,137
nested_sparse,human,958,slide_event,2550000,0.2697,152
nested_sparse,human,958,slide_event,2650000,0.1953,169
nested_sparse,human,958,slide_event,2750000,0.2946,129
nested_sparse,human,958,slide_event,2850000,0.3515,165
nested_sparse,human,958,slide_event,2950000,0.4925,201
nested_sparse,human,958,slide_event,3050000,0.4951,204
nested_sparse,human,958,slide_event,3150000,0.2886,149
nested_sparse,human,958,slide_event,3250000,0.5803,193
nested_sparse,human,958,slide_event,3350000,0.6632,288
nested_sparse,human,958,slide_event,3450000,0.7481,270
nested_sparse,human,958,slide_event,3550000,0.4359,195
nested_sparse,human,958,slide_event,3650000,0.7167,300
nested_sparse,human,958,slide_event,3750000,0.7666,317
nested_sparse,human,958,slide_event,3850000,0.8173,323
nested_sparse,human,958,slide_event,3950000,0.7767,309
nested_sparse,machine,975,slide_event,50000,0.0000,86
nested_sparse,machine,975,slide_event,150000,0.0000,94
nested_sparse,machine,975,slide_event,250000,0.0000,106
nested_sparse,machine,975,slide_event,350000,0.0000,117
nested_sparse,machine,975,slide_event,450000,0.0000,127
nested_sparse,machine,975,slide_event,550000,0.0000,117
nested_sparse,machine,975,slide_event,650000,0.0000,105
nested_sparse,machine,975,slide_event,750000,0.0000,100
nested_sparse,machine,975,slide_event,850000,0.0000,112
nested_sparse,machine,975,slide_event,950000,0.0000,107
nested_sparse,machine,975,slide_event,1050000,0.0000,104
nested_sparse,machine,975,slide_event,1150000,0.0000,98
nested_sparse,machine,975,slide_event,1250000,0.0000,108
nested_sparse,machine,975,slide_event,1350000,0.0000,116
nested_sparse,machine,975,slide_event,1450000,0.0000,110
nested_sparse,machine,975,slide_event,1550000,0.0000,110
nested_sparse,machine,975,slide_event,1650000,0.0000,104
nested_sparse,machine,975,slide_event,1750000,0.0000,114
nested_sparse,machine,975,slide_event,1850000,0.0000,103
nested_sparse,machine,975,slide_event,1950000,0.0000,101
nested_sparse,machine,975,slide_event,2050000,0.0000,125
nested_sparse,machine,975,slide_event,2150000,0.0000,113
nested_sparse,machine,975,slide_event,2250000,0.0000,119
nested_sparse,machine,975,slide_event,2350000,0.0000,127
nested_sparse,machine,975,slide_event,2450000,0.0000,103
nested_sparse,machine,975,slide_event,2550000,0.0000,84
nested_sparse,machine,975,slide_event,2650000,0.0000,117
nested_sparse,machine,975,slide_event,2750000,0.0000,90
nested_sparse,machine,975,slide_event,2850000,0.0000,90
nested_sparse,machine,975,slide_event,2950000,0.0000,98
nested_sparse,machine,975,slide_event,3050000,0.0000,88
nested_sparse,machine,975,slide_event,3150000,0.0000,84
nested_sparse,machine,975,slide_event,3250000,0.0000,84
nested_sparse,machine,975,slide_event,3350000,0.0000,84
nested_sparse,machine,975,slide_event,3450000,0.0000,88
nested_sparse,machine,975,slide_event,3550000,0.0000,85
nested_sparse,machine,975,slide_event,3650000,0.0000,87
nested_sparse,machine,975,slide_event,3750000,0.0000,84
nested_sparse,machine,975,slide_event,3850000,0.0000,86
nested_sparse,machine,975,slide_event,3950000,0.0000,89
nested_sparse,machine,976,slide_event,50000,0.0000,94
nested_sparse,machine,976,slide_event,150000,0.0000,107
nested_sparse,machine,976,slide_event,250000,0.0000,110
nested_sparse,machine,976,slide_event,350000,0.0000,111
nested_sparse,machine,976,slide_event,450000,0.0000,119
nested_sparse,machine,976,slide_event,550000,0.0000,118
nested_sparse,machine,976,slide_event,650000,0.0000,109
nested_sparse,machine,976,slide_event,750000,0.0000,102
nested_sparse,machine,976,slide_event,850000,0.0000,109
nested_sparse,machine,976,slide_event,950000,0.0000,106
nested_sparse,machine,976,slide_event,1050000,0.0000,113
nested_sparse,machine,976,slide_event,1150000,0.0000,99
nested_sparse,machine,976,slide_event,1250000,0.0000,124
nested_sparse,machine,976,slide_event,1350000,0.0000,145
nested_sparse,machine,976,slide_event,1450000,0.0000,126
nested_sparse,machine,976,slide_event,1550000,0.0000,119
nested_sparse,machine,976,slide_event,1650000,0.0000,96
nested_sparse,machine,976,slide_event,1750000,0.0000,124
nested_sparse,machine,976,slide_event,1850000,0.0000,104
nested_sparse,machine,976,slide_event,1950000,0.0000,90
nested_sparse,machine,976,slide_event,2050000,0.0000,108
nested_sparse,machine,976,slide_event,2150000,0.0000,103
nested_sparse,machine,976,slide_event,2250000,0.0000,112
nested_sparse,machine,976,slide_event,2350000,0.0000,87
nested_sparse,machine,976,slide_event,2450000,0.0000,89
nested_sparse,machine,976,slide_event,2550000,0.0000,88
nested_sparse,machine,976,slide_event,2650000,0.0000,84
nested_sparse,machine,976,slide_event,2750000,0.0000,86
nested_sparse,machine,976,slide_event,2850000,0.0000,91
nested_sparse,machine,976,slide_event,2950000,0.0000,85
nested_sparse,machine,976,slide_event,3050000,0.0000,88
nested_sparse,machine,976,slide_event,3150000,0.0000,86
nested_sparse,machine,976,slide_event,3250000,0.0000,89
nested_sparse,machine,976,slide_event,3350000,0.0000,96
nested_sparse,machine,976,slide_event,3450000,0.0000,90
nested_sparse,machine,976,slide_event,3550000,0.0000,84
nested_sparse,machine,976,slide_event,3650000,0.0000,85
nested_sparse,machine,976,slide_event,3750000,0.0000,85
nested_sparse,machine,976,slide_event,3850000,0.0000,85
nested_sparse,machine,976,slide_event,3950000,0.0000,27
nested_sparse,machine,977,slide_event,50000,0.0000,86
nested_sparse,machine,977,slide_event,150000,0.0000,116
nested_sparse,machine,977,slide_event,250000,0.0000,124
nested_sparse,machine,977,slide_event,350000,0.0000,122
nested_sparse,machine,977,slide_event,450000,0.0000,144
nested_sparse,machine,977,slide_event,550000,0.0000,109
nested_sparse,machine,977,slide_event,650000,0.0000,139
nested_sparse,machine,977,slide_event,750000,0.0000,115
nested_sparse,machine,977,slide_event,850000,0.0000,126
nested_sparse,machine,977,slide_event,950000,0.0000,121
nested_sparse,machine,977,slide_event,1050000,0.0000,125
nested_sparse,machine,977,slide_event,1150000,0.0000,137
nested_sparse,machine,977,slide_event,1250000,0.0000,131
nested_sparse,machine,977,slide_event,1350000,0.0000,122
nested_sparse,machine,977,slide_event,1450000,0.0000,120
nested_sparse,machine,977,slide_event,1550000,0.0000,105
nested_sparse,machine,977,slide_event,1650000,0.0082,122
nested_sparse,machine,977,slide_event,1750000,0.0000,116
nested_sparse,machine,977,slide_event,1850000,0.0000,125
nested_sparse,machine,977,slide_event,1950000,0.0000,117
nested_sparse,machine,977,slide_event,2050000,0.0000,116
nested_sparse,machine,977,slide_event,2150000,0.0000,106
nested_sparse,machine,977,slide_event,2250000,0.0000,105
nested_sparse,machine,977,slide_event,2350000,0.0000,97
nested_sparse,machine,977,slide_event,2450000,0.0000,85
nested_sparse,machine,977,slide_event,2550000,0.0000,97
nested_sparse,machine,977,slide_event,2650000,0.0000,94
nested_sparse,machine,977,slide_event,2750000,0.0000,90
nested_sparse,machine,977,slide_event,2850000,0.0000,87
nested_sparse,machine,977,slide_event,2950000,0.0000,85
nested_sparse,machine,977,slide_event,3050000,0.0000,85
nested_sparse,machine,977,slide_event,3150000,0.0000,90
nested_sparse,machine,977,slide_event,3250000,0.0000,91
nested_sparse,machine,977,slide_event,3350000,0.0000,90
nested_sparse,machine,977,slide_event,3450000,0.0000,87
nested_sparse,machine,977,slide_event,3550000,0.0000,91
nested_sparse,machine,977,slide_event,3650000,0.0000,89
nested_sparse,machine,977,slide_event,3750000,0.0000,89
nested_sparse,machine,977,slide_event,3850000,0.0000,89
nested_sparse,machine,977,slide_event,3950000,0.0000,85
nested_sparse,machine,978,slide_event,50000,0.0000,98
nested_sparse,machine,978,slide_event,150000,0.0000,100
nested_sparse,machine,978,slide_event,250000,0.0000,102
nested_sparse,machine,978,slide_event,350000,0.0000,114
nested_sparse,machine,978,slide_event,450000,0.0000,133
nested_sparse,machine,978,slide_event,550000,0.0000,118
nested_sparse,machine,978,slide_event,650000,0.0000,122
nested_sparse,machine,978,slide_event,750000,0.0000,140
nested_sparse,machine,978,slide_event,850000,0.0000,142
nested_sparse,machine,978,slide_event,950000,0.0000,105
nested_sparse,machine,978,slide_event,1050000,0.0000,132
nested_sparse,machine,978,slide_event,1150000,0.0000,138
nested_sparse,machine,978,slide_event,1250000,0.0000,135
nested_sparse,machine,978,slide_event,1350000,0.0000,166
nested_sparse,machine,978,slide_event,1450000,0.0000,112
nested_sparse,machine,978,slide_event,1550000,0.0000,117
nested_sparse,machine,978,slide_event,1650000,0.0000,139
nested_sparse,machine,978,slide_event,1750000,0.0000,112
nested_sparse,machine,978,slide_event,1850000,0.0000,149
nested_sparse,machine,978,slide_event,1950000,0.0000,125
nested_sparse,machine,978,slide_event,2050000,0.0000,97
nested_sparse,machine,978,slide_event,2150000,0.0000,109
nested_sparse,machine,978,slide_event,2250000,0.0000,95
nested_sparse,machine,978,slide_event,2350000,0.0000,90
nested_sparse,machine,978,slide_event,2450000,0.0000,87
nested_sparse,machine,978,slide_event,2550000,0.0000,109
nested_sparse,machine,978,slide_event,2650000,0.0000,98
nested_sparse,machine,978,slide_event,2750000,0.0000,104
nested_sparse,machine,978,slide_event,2850000,0.0000,94
nested_sparse,machine,978,slide_event,2950000,0.0000,86
nested_sparse,machine,978,slide_event,3050000,0.0000,87
nested_sparse,machine,978,slide_event,3150000,0.0000,86
nested_sparse,machine,978,slide_event,3250000,0.0000,90
nested_sparse,machine,978,slide_event,3350000,0.0000,99
nested_sparse,machine,978,slide_event,3450000,0.0000,94
nested_sparse,machine,978,slide_event,3550000,0.0000,100
nested_sparse,machine,978,slide_event,3650000,0.0000,89
nested_sparse,machine,978,slide_event,3750000,0.0000,88
nested_sparse,machine,978,slide_event,3850000,0.0000,95
nested_sparse,machine,978,slide_event,3950000,0.0000,93
nested_sparse,human,955,home,50000,0.0000,92
nested_sparse,human,955,home,150000,0.0000,103
nested_sparse,human,955,home,250000,0.0000,113
nested_sparse,human,955,home,350000,0.0000,107
nested_sparse,human,955,home,450000,0.0081,124
nested_sparse,human,955,home,550000,0.0000,137
nested_sparse,human,955,home,650000,0.0000,113
nested_sparse,human,955,home,750000,0.0000,110
nested_sparse,human,955,home,850000,0.0000,136
nested_sparse,human,955,home,950000,0.0000,115
nested_sparse,human,955,home,1050000,0.0083,120
nested_sparse,human,955,home,1150000,0.0000,98
nested_sparse,human,955,home,1250000,0.0000,132
nested_sparse,human,955,home,1350000,0.0091,110
nested_sparse,human,955,home,1450000,0.0357,112
nested_sparse,human,955,home,1550000,0.1071,140
nested_sparse,human,955,home,1650000,0.2273,132
nested_sparse,human,955,home,1750000,0.2375,160
nested_sparse,human,955,home,1850000,0.3503,177
nested_sparse,human,955,home,1950000,0.2840,162
nested_sparse,human,955,home,2050000,0.4545,176
nested_sparse,human,955,home,2150000,0.4839,186
nested_sparse,human,955,home,2250000,0.4679,218
nested_sparse,human,955,home,2350000,0.5776,232
nested_sparse,human,955,home,2450000,0.6169,261
nested_sparse,human,955,home,2550000,0.5677,266
nested_sparse,human,955,home,2650000,0.6784,283
nested_sparse,human,955,home,2750000,0.7395,357
nested_sparse,human,955,home,2850000,0.7538,329
nested_sparse,human,955,home,2950000,0.7979,386
nested_sparse,human,955,home,3050000,0.7731,335
nested_sparse,human,955,home,3150000,0.8510,463
nested_sparse,human,955,home,3250000,0.7266,395
nested_sparse,human,955,home,3350000,0.8081,396
nested_sparse,human,955,home,3450000,0.7382,401
nested_sparse,human,955,home,3550000,0.8057,453
nested_sparse,human,955,home,3650000,0.8371,448
nested_sparse,human,955,home,3750000,0.8499,533
nested_sparse,human,955,home,3850000,0.8172,454
nested_sparse,human,955,home,3950000,0.8566,530
nested_sparse,human,956,home,50000,0.0000,89
nested_sparse,human,956,home,150000,0.0000,93
nested_sparse,human,956,home,250000,0.0000,112
nested_sparse,human,956,home,350000,0.0000,122
nested_sparse,human,956,home,450000,0.0000,122
nested_sparse,human,956,home,550000,0.0000,101
nested_sparse,human,956,home,650000,0.0000,105
nested_sparse,human,956,home,750000,0.0000,114
nested_sparse,human,956,home,850000,0.0000,99
nested_sparse,human,956,home,950000,0.0000,107
nested_sparse,human,956,home,1050000,0.0000,121
nested_sparse,human,956,home,1150000,0.0088,113
nested_sparse,human,956,home,1250000,0.0000,119
nested_sparse,human,956,home,1350000,0.0000,103
nested_sparse,human,956,home,1450000,0.0000,134
nested_sparse,human,956,home,1550000,0.0000,140
nested_sparse,human,956,home,1650000,0.0000,111
nested_sparse,human,956,home,1750000,0.0000,116
nested_sparse,human,956,home,1850000,0.0000,127
nested_sparse,human,956,home,1950000,0.0000,151
nested_sparse,human,956,home,2050000,0.0000,104
nested_sparse,human,956,home,2150000,0.0000,140
nested_sparse,human,956,home,2250000,0.0000,143
nested_sparse,human,956,home,2350000,0.0000,113
nested_sparse,human,956,home,2450000,0.0000,93
nested_sparse,human,956,home,2550000,0.0000,128
nested_sparse,human,956,home,2650000,0.0000,88
nested_sparse,human,956,home,2750000,0.0000,88
nested_sparse,human,956,home,2850000,0.0000,145
nested_sparse,human,956,home,2950000,0.0000,109
nested_sparse,human,956,home,3050000,0.0000,92
nested_sparse,human,956,home,3150000,0.0000,105
nested_sparse,human,956,home,3250000,0.0000,121
nested_sparse,human,956,home,3350000,0.0000,91
nested_sparse,human,956,home,3450000,0.0000,85
nested_sparse,human,956,home,3550000,0.0000,94
nested_sparse,human,956,home,3650000,0.0000,88
nested_sparse,human,956,home,3750000,0.0000,92
nested_sparse,human,956,home,3850000,0.0000,123
nested_sparse,human,956,home,3950000,0.0000,87
nested_sparse,human,957,home,50000,0.0000,95
nested_sparse,human,957,home,150000,0.0000,105
nested_sparse,human,957,home,250000,0.0000,106
nested_sparse,human,957,home,350000,0.0000,114
nested_sparse,human,957,home,450000,0.0000,122
nested_sparse,human,957,home,550000,0.0079,126
nested_sparse,human,957,home,650000,0.0083,121
nested_sparse,human,957,home,750000,0.0000,107
nested_sparse,human,957,home,850000,0.0000,145
nested_sparse,human,957,home,950000,0.0000,135
nested_sparse,human,957,home,1050000,0.0000,116
nested_sparse,human,957,home,1150000,0.0000,109
nested_sparse,human,957,home,1250000,0.0000,125
nested_sparse,human,957,home,1350000,0.0000,151
nested_sparse,human,957,home,1450000,0.0000,130
nested_sparse,human,957,home,1550000,0.0000,132
nested_sparse,human,957,home,1650000,0.0079,126
nested_sparse,human,957,home,1750000,0.0360,139
nested_sparse,human,957,home,1850000,0.0556,126
nested_sparse,human,957,home,1950000,0.1520,171
nested_sparse,human,957,home,2050000,0.0196,153
nested_sparse,human,957,home,2150000,0.1280,125
nested_sparse,human,957,home,2250000,0.1429,147
nested_sparse,human,957,home,2350000,0.1170,188
nested_sparse,human,957,home,2450000,0.1769,147
nested_sparse,human,957,home,2550000,0.2949,156
nested_sparse,human,957,home,2650000,0.3154,130
nested_sparse,human,957,home,2750000,0.3866,194
nested_sparse,human,957,home,2850000,0.5088,228
nested_sparse,human,957,home,2950000,0.6609,289
nested_sparse,human,957,home,3050000,0.6811,370
nested_sparse,human,957,home,3150000,0.7526,392
nested_sparse,human,957,home,3250000,0.7982,451
nested_sparse,human,957,home,3350000,0.7936,470
nested_sparse,human,957,home,3450000,0.8184,512
nested_sparse,human,957,home,3550000,0.8627,568
nested_sparse,human,957,home,3650000,0.7532,470
nested_sparse,human,957,home,3750000,0.7862,477
nested_sparse,human,957,home,3850000,0.8697,591
nested_sparse,human,957,home,3950000,0.8486,588
nested_sparse,human,958,home,50000,0.0000,98
nested_sparse,human,958,home,150000,0.0000,112
nested_sparse,human,958,home,250000,0.0000,115
nested_sparse,human,958,home,350000,0.0000,114
nested_sparse,human,958,home,450000,0.0000,117
nested_sparse,human,958,home,550000,0.0000,109
nested_sparse,human,958,home,650000,0.0000,138
nested_sparse,human,958,home,750000,0.0000,103
nested_sparse,human,958,home,850000,0.0000,114
nested_sparse,human,958,home,950000,0.0000,105
nested_sparse,human,958,home,1050000,0.0000,117
nested_sparse,human,958,home,1150000,0.0000,120
nested_sparse,human,958,home,1250000,0.0000,146
nested_sparse,human,958,home,1350000,0.0076,131
nested_sparse,human,958,home,1450000,0.0091,110
nested_sparse,human,958,home,1550000,0.0000,122
nested_sparse,human,958,home,1650000,0.0089,112
nested_sparse,human,958,home,1750000,0.0522,134
nested_sparse,human,958,home,1850000,0.0603,116
nested_sparse,human,958,home,1950000,0.0081,124
nested_sparse,human,958,home,2050000,0.0283,106
nested_sparse,human,958,home,2150000,0.0682,132
nested_sparse,human,958,home,2250000,0.0224,134
nested_sparse,human,958,home,2350000,0.1301,146
nested_sparse,human,958,home,2450000,0.1533,137
nested_sparse,human,958,home,2550000,0.1579,152
nested_sparse,human,958,home,2650000,0.0947,169
nested_sparse,human,958,home,2750000,0.1938,129
nested_sparse,human,958,home,2850000,0.1939,165
nested_sparse,human,958,home,2950000,0.3632,201
nested_sparse,human,958,home,3050000,0.3578,204
nested_sparse,human,958,home,3150000,0.2081,149
nested_sparse,human,958,home,3250000,0.4611,193
nested_sparse,human,958,home,3350000,0.6007,288
nested_sparse,human,958,home,3450000,0.6296,270
nested_sparse,human,958,home,3550000,0.4154,195
nested_sparse,human,958,home,3650000,0.6467,300
nested_sparse,human,958,home,3750000,0.7098,317
nested_sparse,human,958,home,3850000,0.7337,323
nested_sparse,human,958,home,3950000,0.7411,309
nested_sparse,machine,975,home,50000,0.0000,86
nested_sparse,machine,975,home,150000,0.0000,94
nested_sparse,machine,975,home,250000,0.0000,106
nested_sparse,machine,975,home,350000,0.0000,117
nested_sparse,machine,975,home,450000,0.0000,127
nested_sparse,machine,975,home,550000,0.0000,117
nested_sparse,machine,975,home,650000,0.0000,105
nested_sparse,machine,975,home,750000,0.0000,100
nested_sparse,machine,975,home,850000,0.0000,112
nested_sparse,machine,975,home,950000,0.0000,107
nested_sparse,machine,975,home,1050000,0.0000,104
nested_sparse,machine,975,home,1150000,0.0000,98
nested_sparse,machine,975,home,1250000,0.0000,108
nested_sparse,machine,975,home,1350000,0.0000,116
nested_sparse,machine,975,home,1450000,0.0000,110
nested_sparse,machine,975,home,1550000,0.0000,110
nested_sparse,machine,975,home,1650000,0.0000,104
nested_sparse,machine,975,home,1750000,0.0000,114
nested_sparse,machine,975,home,1850000,0.0000,103
nested_sparse,machine,975,home,1950000,0.0000,101
nested_sparse,machine,975,home,2050000,0.0000,125
nested_sparse,machine,975,home,2150000,0.0000,113
nested_sparse,machine,975,home,2250000,0.0000,119
nested_sparse,machine,975,home,2350000,0.0000,127
nested_sparse,machine,975,home,2450000,0.0000,103
nested_sparse,machine,975,home,2550000,0.0000,84
nested_sparse,machine,975,home,2650000,0.0000,117
nested_sparse,machine,975,home,2750000,0.0000,90
nested_sparse,machine,975,home,2850000,0.0000,90
nested_sparse,machine,975,home,2950000,0.0000,98
nested_sparse,machine,975,home,3050000,0.0000,88
nested_sparse,machine,975,home,3150000,0.0000,84
nested_sparse,machine,975,home,3250000,0.0000,84
nested_sparse,machine,975,home,3350000,0.0000,84
nested_sparse,machine,975,home,3450000,0.0000,88
nested_sparse,machine,975,home,3550000,0.0000,85
nested_sparse,machine,975,home,3650000,0.0000,87
nested_sparse,machine,975,home,3750000,0.0000,84
nested_sparse,machine,975,home,3850000,0.0000,86
nested_sparse,machine,975,home,3950000,0.0000,89
nested_sparse,machine,976,home,50000,0.0000,94
nested_sparse,machine,976,home,150000,0.0000,107
nested_sparse,machine,976,home,250000,0.0000,110
nested_sparse,machine,976,home,350000,0.0000,111
nested_sparse,machine,976,home,450000,0.0000,119
nested_sparse,machine,976,home,550000,0.0000,118
nested_sparse,machine,976,home,650000,0.0000,109
nested_sparse,machine,976,home,750000,0.0000,102
nested_sparse,machine,976,home,850000,0.0000,109
nested_sparse,machine,976,home,950000,0.0000,106
nested_sparse,machine,976,home,1050000,0.0000,113
nested_sparse,machine,976,home,1150000,0.0000,99
nested_sparse,machine,976,home,1250000,0.0000,124
nested_sparse,machine,976,home,1350000,0.0000,145
nested_sparse,machine,976,home,1450000,0.0000,126
nested_sparse,machine,976,home,1550000,0.0000,119
nested_sparse,machine,976,home,1650000,0.0000,96
nested_sparse,machine,976,home,1750000,0.0000,124
nested_sparse,machine,976,home,1850000,0.0000,104
nested_sparse,machine,976,home,1950000,0.0000,90
nested_sparse,machine,976,home,2050000,0.0000,108
nested_sparse,machine,976,home,2150000,0.0000,103
nested_sparse,machine,976,home,2250000,0.0000,112
nested_sparse,machine,976,home,2350000,0.0000,87
nested_sparse,machine,976,home,2450000,0.0000,89
nested_sparse,machine,976,home,2550000,0.0000,88
nested_sparse,machine,976,home,2650000,0.0000,84
nested_sparse,machine,976,home,2750000,0.0000,86
nested_sparse,machine,976,home,2850000,0.0000,91
nested_sparse,machine,976,home,2950000,0.0000,85
nested_sparse,machine,976,home,3050000,0.0000,88
nested_sparse,machine,976,home,3150000,0.0000,86
nested_sparse,machine,976,home,3250000,0.0000,89
nested_sparse,machine,976,home,3350000,0.0000,96
nested_sparse,machine,976,home,3450000,0.0000,90
nested_sparse,machine,976,home,3550000,0.0000,84
nested_sparse,machine,976,home,3650000,0.0000,85
nested_sparse,machine,976,home,3750000,0.0000,85
nested_sparse,machine,976,home,3850000,0.0000,85
nested_sparse,machine,976,home,3950000,0.0000,27
nested_sparse,machine,977,home,50000,0.0000,86
nested_sparse,machine,977,home,150000,0.0000,116
nested_sparse,machine,977,home,250000,0.0000,124
nested_sparse,machine,977,home,350000,0.0000,122
nested_sparse,machine,977,home,450000,0.0000,144
nested_sparse,machine,977,home,550000,0.0000,109
nested_sparse,machine,977,home,650000,0.0000,139
nested_sparse,machine,977,home,750000,0.0000,115
nested_sparse,machine,977,home,850000,0.0000,126
nested_sparse,machine,977,home,950000,0.0000,121
nested_sparse,machine,977,home,1050000,0.0000,125
nested_sparse,machine,977,home,1150000,0.0000,137
nested_sparse,machine,977,home,1250000,0.0000,131
nested_sparse,machine,977,home,1350000,0.0000,122
nested_sparse,machine,977,home,1450000,0.0000,120
nested_sparse,machine,977,home,1550000,0.0000,105
nested_sparse,machine,977,home,1650000,0.0000,122
nested_sparse,machine,977,home,1750000,0.0000,116
nested_sparse,machine,977,home,1850000,0.0000,125
nested_sparse,machine,977,home,1950000,0.0000,117
nested_sparse,machine,977,home,2050000,0.0000,116
nested_sparse,machine,977,home,2150000,0.0000,106
nested_sparse,machine,977,home,2250000,0.0000,105
nested_sparse,machine,977,home,2350000,0.0000,97
nested_sparse,machine,977,home,2450000,0.0000,85
nested_sparse,machine,977,home,2550000,0.0000,97
nested_sparse,machine,977,home,2650000,0.0000,94
nested_sparse,machine,977,home,2750000,0.0000,90
nested_sparse,machine,977,home,2850000,0.0000,87
nested_sparse,machine,977,home,2950000,0.0000,85
nested_sparse,machine,977,home,3050000,0.0000,85
nested_sparse,machine,977,home,3150000,0.0000,90
nested_sparse,machine,977,home,3250000,0.0000,91
nested_sparse,machine,977,home,3350000,0.0000,90
nested_sparse,machine,977,home,3450000,0.0000,87
nested_sparse,machine,977,home,3550000,0.0000,91
nested_sparse,machine,977,home,3650000,0.0000,89
nested_sparse,machine,977,home,3750000,0.0000,89
nested_sparse,machine,977,home,3850000,0.0000,89
nested_sparse,machine,977,home,3950000,0.0000,85
nested_sparse,machine,978,home,50000,0.0000,98
nested_sparse,machine,978,home,150000,0.0000,100
nested_sparse,machine,978,home,250000,0.0000,102
nested_sparse,machine,978,home,350000,0.0000,114
nested_sparse,machine,978,home,450000,0.0000,133
nested_sparse,machine,978,home,550000,0.0000,118
nested_sparse,machine,978,home,650000,0.0000,122
nested_sparse,machine,978,home,750000,0.0000,140
nested_sparse,machine,978,home,850000,0.0000,142
nested_sparse,machine,978,home,950000,0.0000,105
nested_sparse,machine,978,home,1050000,0.0000,132
nested_sparse,machine,978,home,1150000,0.0000,138
nested_sparse,machine,978,home,1250000,0.0000,135
nested_sparse,machine,978,home,1350000,0.0000,166
nested_sparse,machine,978,home,1450000,0.0000,112
nested_sparse,machine,978,home,1550000,0.0000,117
nested_sparse,machine,978,home,1650000,0.0000,139
nested_sparse,machine,978,home,1750000,0.0000,112
nested_sparse,machine,978,home,1850000,0.0000,149
nested_sparse,machine,978,home,1950000,0.0000,125
nested_sparse,machine,978,home,2050000,0.0000,97
nested_sparse,machine,978,home,2150000,0.0000,109
nested_sparse,machine,978,home,2250000,0.0000,95
nested_sparse,machine,978,home,2350000,0.0000,90
nested_sparse,machine,978,home,2450000,0.0000,87
nested_sparse,machine,978,home,2550000,0.0000,109
nested_sparse,machine,978,home,2650000,0.0000,98
nested_sparse,machine,978,home,2750000,0.0000,104
nested_sparse,machine,978,home,2850000,0.0000,94
nested_sparse,machine,978,home,2950000,0.0000,86
nested_sparse,machine,978,home,3050000,0.0000,87
nested_sparse,machine,978,home,3150000,0.0000,86
nested_sparse,machine,978,home,3250000,0.0000,90
nested_sparse,machine,978,home,3350000,0.0000,99
nested_sparse,machine,978,home,3450000,0.0000,94
nested_sparse,machine,978,home,3550000,0.0000,100
nested_sparse,machine,978,home,3650000,0.0000,89
nested_sparse,machine,978,home,3750000,0.0000,88
nested_sparse,machine,978,home,3850000,0.0000,95
nested_sparse,machine,978,home,3950000,0.0000,93
nested_sparse,human,955,tipped,50000,0.1957,92
nested_sparse,human,955,tipped,150000,0.3107,103
nested_sparse,human,955,tipped,250000,0.3717,113
nested_sparse,human,955,tipped,350000,0.4299,107
nested_sparse,human,955,tipped,450000,0.4677,124
nested_sparse,human,955,tipped,550000,0.5912,137
nested_sparse,human,955,tipped,650000,0.3805,113
nested_sparse,human,955,tipped,750000,0.4364,110
nested_sparse,human,955,tipped,850000,0.5294,136
nested_sparse,human,955,tipped,950000,0.4348,115
nested_sparse,human,955,tipped,1050000,0.5333,120
nested_sparse,human,955,tipped,1150000,0.2755,98
nested_sparse,human,955,tipped,1250000,0.5455,132
nested_sparse,human,955,tipped,1350000,0.4545,110
nested_sparse,human,955,tipped,1450000,0.3482,112
nested_sparse,human,955,tipped,1550000,0.5500,140
nested_sparse,human,955,tipped,1650000,0.3939,132
nested_sparse,human,955,tipped,1750000,0.4875,160
nested_sparse,human,955,tipped,1850000,0.4237,177
nested_sparse,human,955,tipped,1950000,0.4012,162
nested_sparse,human,955,tipped,2050000,0.3182,176
nested_sparse,human,955,tipped,2150000,0.3065,186
nested_sparse,human,955,tipped,2250000,0.3853,218
nested_sparse,human,955,tipped,2350000,0.2759,232
nested_sparse,human,955,tipped,2450000,0.2605,261
nested_sparse,human,955,tipped,2550000,0.2932,266
nested_sparse,human,955,tipped,2650000,0.1873,283
nested_sparse,human,955,tipped,2750000,0.1905,357
nested_sparse,human,955,tipped,2850000,0.1489,329
nested_sparse,human,955,tipped,2950000,0.1373,386
nested_sparse,human,955,tipped,3050000,0.1134,335
nested_sparse,human,955,tipped,3150000,0.1037,463
nested_sparse,human,955,tipped,3250000,0.2000,395
nested_sparse,human,955,tipped,3350000,0.1061,396
nested_sparse,human,955,tipped,3450000,0.1820,401
nested_sparse,human,955,tipped,3550000,0.1369,453
nested_sparse,human,955,tipped,3650000,0.1049,448
nested_sparse,human,955,tipped,3750000,0.1126,533
nested_sparse,human,955,tipped,3850000,0.1057,454
nested_sparse,human,955,tipped,3950000,0.1000,530
nested_sparse,human,956,tipped,50000,0.1461,89
nested_sparse,human,956,tipped,150000,0.1935,93
nested_sparse,human,956,tipped,250000,0.4286,112
nested_sparse,human,956,tipped,350000,0.4508,122
nested_sparse,human,956,tipped,450000,0.4754,122
nested_sparse,human,956,tipped,550000,0.2970,101
nested_sparse,human,956,tipped,650000,0.3048,105
nested_sparse,human,956,tipped,750000,0.3684,114
nested_sparse,human,956,tipped,850000,0.2323,99
nested_sparse,human,956,tipped,950000,0.2897,107
nested_sparse,human,956,tipped,1050000,0.4215,121
nested_sparse,human,956,tipped,1150000,0.3717,113
nested_sparse,human,956,tipped,1250000,0.3782,119
nested_sparse,human,956,tipped,1350000,0.2718,103
nested_sparse,human,956,tipped,1450000,0.5000,134
nested_sparse,human,956,tipped,1550000,0.5571,140
nested_sparse,human,956,tipped,1650000,0.3063,111
nested_sparse,human,956,tipped,1750000,0.4569,116
nested_sparse,human,956,tipped,1850000,0.4409,127
nested_sparse,human,956,tipped,1950000,0.5762,151
nested_sparse,human,956,tipped,2050000,0.2692,104
nested_sparse,human,956,tipped,2150000,0.5286,140
nested_sparse,human,956,tipped,2250000,0.5455,143
nested_sparse,human,956,tipped,2350000,0.3894,113
nested_sparse,human,956,tipped,2450000,0.1075,93
nested_sparse,human,956,tipped,2550000,0.3984,128
nested_sparse,human,956,tipped,2650000,0.0568,88
nested_sparse,human,956,tipped,2750000,0.0455,88
nested_sparse,human,956,tipped,2850000,0.4966,145
nested_sparse,human,956,tipped,2950000,0.2661,109
nested_sparse,human,956,tipped,3050000,0.1413,92
nested_sparse,human,956,tipped,3150000,0.3048,105
nested_sparse,human,956,tipped,3250000,0.3802,121
nested_sparse,human,956,tipped,3350000,0.1099,91
nested_sparse,human,956,tipped,3450000,0.0118,85
nested_sparse,human,956,tipped,3550000,0.2234,94
nested_sparse,human,956,tipped,3650000,0.0455,88
nested_sparse,human,956,tipped,3750000,0.0978,92
nested_sparse,human,956,tipped,3850000,0.4146,123
nested_sparse,human,956,tipped,3950000,0.0575,87
nested_sparse,human,957,tipped,50000,0.2316,95
nested_sparse,human,957,tipped,150000,0.3714,105
nested_sparse,human,957,tipped,250000,0.3113,106
nested_sparse,human,957,tipped,350000,0.4649,114
nested_sparse,human,957,tipped,450000,0.4508,122
nested_sparse,human,957,tipped,550000,0.5317,126
nested_sparse,human,957,tipped,650000,0.5041,121
nested_sparse,human,957,tipped,750000,0.3458,107
nested_sparse,human,957,tipped,850000,0.6000,145
nested_sparse,human,957,tipped,950000,0.5481,135
nested_sparse,human,957,tipped,1050000,0.3966,116
nested_sparse,human,957,tipped,1150000,0.4037,109
nested_sparse,human,957,tipped,1250000,0.5360,125
nested_sparse,human,957,tipped,1350000,0.6026,151
nested_sparse,human,957,tipped,1450000,0.5308,130
nested_sparse,human,957,tipped,1550000,0.5682,132
nested_sparse,human,957,tipped,1650000,0.4365,126
nested_sparse,human,957,tipped,1750000,0.4964,139
nested_sparse,human,957,tipped,1850000,0.4762,126
nested_sparse,human,957,tipped,1950000,0.5088,171
nested_sparse,human,957,tipped,2050000,0.5686,153
nested_sparse,human,957,tipped,2150000,0.3360,125
nested_sparse,human,957,tipped,2250000,0.4218,147
nested_sparse,human,957,tipped,2350000,0.5904,188
nested_sparse,human,957,tipped,2450000,0.4150,147
nested_sparse,human,957,tipped,2550000,0.3526,156
nested_sparse,human,957,tipped,2650000,0.2000,130
nested_sparse,human,957,tipped,2750000,0.3454,194
nested_sparse,human,957,tipped,2850000,0.2982,228
nested_sparse,human,957,tipped,2950000,0.2145,289
nested_sparse,human,957,tipped,3050000,0.2243,370
nested_sparse,human,957,tipped,3150000,0.1684,392
nested_sparse,human,957,tipped,3250000,0.1441,451
nested_sparse,human,957,tipped,3350000,0.1574,470
nested_sparse,human,957,tipped,3450000,0.1445,512
nested_sparse,human,957,tipped,3550000,0.1144,568
nested_sparse,human,957,tipped,3650000,0.2000,470
nested_sparse,human,957,tipped,3750000,0.1698,477
nested_sparse,human,957,tipped,3850000,0.1032,591
nested_sparse,human,957,tipped,3950000,0.1241,588
nested_sparse,human,958,tipped,50000,0.2653,98
nested_sparse,human,958,tipped,150000,0.3661,112
nested_sparse,human,958,tipped,250000,0.4522,115
nested_sparse,human,958,tipped,350000,0.3947,114
nested_sparse,human,958,tipped,450000,0.4444,117
nested_sparse,human,958,tipped,550000,0.4037,109
nested_sparse,human,958,tipped,650000,0.5870,138
nested_sparse,human,958,tipped,750000,0.3010,103
nested_sparse,human,958,tipped,850000,0.5614,114
nested_sparse,human,958,tipped,950000,0.4000,105
nested_sparse,human,958,tipped,1050000,0.4017,117
nested_sparse,human,958,tipped,1150000,0.4917,120
nested_sparse,human,958,tipped,1250000,0.6233,146
nested_sparse,human,958,tipped,1350000,0.6031,131
nested_sparse,human,958,tipped,1450000,0.3636,110
nested_sparse,human,958,tipped,1550000,0.4508,122
nested_sparse,human,958,tipped,1650000,0.4286,112
nested_sparse,human,958,tipped,1750000,0.5672,134
nested_sparse,human,958,tipped,1850000,0.4052,116
nested_sparse,human,958,tipped,1950000,0.4839,124
nested_sparse,human,958,tipped,2050000,0.3019,106
nested_sparse,human,958,tipped,2150000,0.5227,132
nested_sparse,human,958,tipped,2250000,0.5149,134
nested_sparse,human,958,tipped,2350000,0.5342,146
nested_sparse,human,958,tipped,2450000,0.4672,137
nested_sparse,human,958,tipped,2550000,0.5132,152
nested_sparse,human,958,tipped,2650000,0.6095,169
nested_sparse,human,958,tipped,2750000,0.3566,129
nested_sparse,human,958,tipped,2850000,0.5212,165
nested_sparse,human,958,tipped,2950000,0.4677,201
nested_sparse,human,958,tipped,3050000,0.3971,204
nested_sparse,human,958,tipped,3150000,0.4228,149
nested_sparse,human,958,tipped,3250000,0.3109,193
nested_sparse,human,958,tipped,3350000,0.2812,288
nested_sparse,human,958,tipped,3450000,0.2852,270
nested_sparse,human,958,tipped,3550000,0.3333,195
nested_sparse,human,958,tipped,3650000,0.2767,300
nested_sparse,human,958,tipped,3750000,0.1956,317
nested_sparse,human,958,tipped,3850000,0.1796,323
nested_sparse,human,958,tipped,3950000,0.1521,309
nested_sparse,machine,975,tipped,50000,0.1395,86
nested_sparse,machine,975,tipped,150000,0.1277,94
nested_sparse,machine,975,tipped,250000,0.2830,106
nested_sparse,machine,975,tipped,350000,0.4188,117
nested_sparse,machine,975,tipped,450000,0.4803,127
nested_sparse,machine,975,tipped,550000,0.4017,117
nested_sparse,machine,975,tipped,650000,0.2952,105
nested_sparse,machine,975,tipped,750000,0.2600,100
nested_sparse,machine,975,tipped,850000,0.3571,112
nested_sparse,machine,975,tipped,950000,0.3178,107
nested_sparse,machine,975,tipped,1050000,0.3077,104
nested_sparse,machine,975,tipped,1150000,0.2551,98
nested_sparse,machine,975,tipped,1250000,0.3241,108
nested_sparse,machine,975,tipped,1350000,0.3879,116
nested_sparse,machine,975,tipped,1450000,0.3364,110
nested_sparse,machine,975,tipped,1550000,0.3455,110
nested_sparse,machine,975,tipped,1650000,0.2788,104
nested_sparse,machine,975,tipped,1750000,0.3684,114
nested_sparse,machine,975,tipped,1850000,0.2621,103
nested_sparse,machine,975,tipped,1950000,0.2970,101
nested_sparse,machine,975,tipped,2050000,0.4480,125
nested_sparse,machine,975,tipped,2150000,0.3540,113
nested_sparse,machine,975,tipped,2250000,0.4034,119
nested_sparse,machine,975,tipped,2350000,0.4488,127
nested_sparse,machine,975,tipped,2450000,0.3010,103
nested_sparse,machine,975,tipped,2550000,0.0000,84
nested_sparse,machine,975,tipped,2650000,0.3932,117
nested_sparse,machine,975,tipped,2750000,0.0778,90
nested_sparse,machine,975,tipped,2850000,0.1111,90
nested_sparse,machine,975,tipped,2950000,0.1735,98
nested_sparse,machine,975,tipped,3050000,0.0682,88
nested_sparse,machine,975,tipped,3150000,0.0000,84
nested_sparse,machine,975,tipped,3250000,0.0238,84
nested_sparse,machine,975,tipped,3350000,0.0238,84
nested_sparse,machine,975,tipped,3450000,0.0455,88
nested_sparse,machine,975,tipped,3550000,0.0235,85
nested_sparse,machine,975,tipped,3650000,0.0345,87
nested_sparse,machine,975,tipped,3750000,0.0119,84
nested_sparse,machine,975,tipped,3850000,0.0233,86
nested_sparse,machine,975,tipped,3950000,0.0562,89
nested_sparse,machine,976,tipped,50000,0.2021,94
nested_sparse,machine,976,tipped,150000,0.3364,107
nested_sparse,machine,976,tipped,250000,0.3909,110
nested_sparse,machine,976,tipped,350000,0.3784,111
nested_sparse,machine,976,tipped,450000,0.4118,119
nested_sparse,machine,976,tipped,550000,0.4407,118
nested_sparse,machine,976,tipped,650000,0.3028,109
nested_sparse,machine,976,tipped,750000,0.2647,102
nested_sparse,machine,976,tipped,850000,0.3394,109
nested_sparse,machine,976,tipped,950000,0.4057,106
nested_sparse,machine,976,tipped,1050000,0.3540,113
nested_sparse,machine,976,tipped,1150000,0.2323,99
nested_sparse,machine,976,tipped,1250000,0.4516,124
nested_sparse,machine,976,tipped,1350000,0.5448,145
nested_sparse,machine,976,tipped,1450000,0.4524,126
nested_sparse,machine,976,tipped,1550000,0.4118,119
nested_sparse,machine,976,tipped,1650000,0.1771,96
nested_sparse,machine,976,tipped,1750000,0.4597,124
nested_sparse,machine,976,tipped,1850000,0.2404,104
nested_sparse,machine,976,tipped,1950000,0.1222,90
nested_sparse,machine,976,tipped,2050000,0.2870,108
nested_sparse,machine,976,tipped,2150000,0.2718,103
nested_sparse,machine,976,tipped,2250000,0.3125,112
nested_sparse,machine,976,tipped,2350000,0.0690,87
nested_sparse,machine,976,tipped,2450000,0.0562,89
nested_sparse,machine,976,tipped,2550000,0.0682,88
nested_sparse,machine,976,tipped,2650000,0.0238,84
nested_sparse,machine,976,tipped,2750000,0.0349,86
nested_sparse,machine,976,tipped,2850000,0.0769,91
nested_sparse,machine,976,tipped,2950000,0.0471,85
nested_sparse,machine,976,tipped,3050000,0.0455,88
nested_sparse,machine,976,tipped,3150000,0.0349,86
nested_sparse,machine,976,tipped,3250000,0.0787,89
nested_sparse,machine,976,tipped,3350000,0.1562,96
nested_sparse,machine,976,tipped,3450000,0.0778,90
nested_sparse,machine,976,tipped,3550000,0.0238,84
nested_sparse,machine,976,tipped,3650000,0.0235,85
nested_sparse,machine,976,tipped,3750000,0.0235,85
nested_sparse,machine,976,tipped,3850000,0.0118,85
nested_sparse,machine,976,tipped,3950000,0.0000,27
nested_sparse,machine,977,tipped,50000,0.0930,86
nested_sparse,machine,977,tipped,150000,0.3879,116
nested_sparse,machine,977,tipped,250000,0.4597,124
nested_sparse,machine,977,tipped,350000,0.4590,122
nested_sparse,machine,977,tipped,450000,0.5625,144
nested_sparse,machine,977,tipped,550000,0.3303,109
nested_sparse,machine,977,tipped,650000,0.4748,139
nested_sparse,machine,977,tipped,750000,0.3478,115
nested_sparse,machine,977,tipped,850000,0.4524,126
nested_sparse,machine,977,tipped,950000,0.4215,121
nested_sparse,machine,977,tipped,1050000,0.4320,125
nested_sparse,machine,977,tipped,1150000,0.5474,137
nested_sparse,machine,977,tipped,1250000,0.4351,131
nested_sparse,machine,977,tipped,1350000,0.4262,122
nested_sparse,machine,977,tipped,1450000,0.4000,120
nested_sparse,machine,977,tipped,1550000,0.3048,105
nested_sparse,machine,977,tipped,1650000,0.4508,122
nested_sparse,machine,977,tipped,1750000,0.4052,116
nested_sparse,machine,977,tipped,1850000,0.4320,125
nested_sparse,machine,977,tipped,1950000,0.3932,117
nested_sparse,machine,977,tipped,2050000,0.3707,116
nested_sparse,machine,977,tipped,2150000,0.3113,106
nested_sparse,machine,977,tipped,2250000,0.3143,105
nested_sparse,machine,977,tipped,2350000,0.1753,97
nested_sparse,machine,977,tipped,2450000,0.0235,85
nested_sparse,machine,977,tipped,2550000,0.1546,97
nested_sparse,machine,977,tipped,2650000,0.1277,94
nested_sparse,machine,977,tipped,2750000,0.1111,90
nested_sparse,machine,977,tipped,2850000,0.0345,87
nested_sparse,machine,977,tipped,2950000,0.0235,85
nested_sparse,machine,977,tipped,3050000,0.0235,85
nested_sparse,machine,977,tipped,3150000,0.1000,90
nested_sparse,machine,977,tipped,3250000,0.0989,91
nested_sparse,machine,977,tipped,3350000,0.1222,90
nested_sparse,machine,977,tipped,3450000,0.0345,87
nested_sparse,machine,977,tipped,3550000,0.0769,91
nested_sparse,machine,977,tipped,3650000,0.0899,89
nested_sparse,machine,977,tipped,3750000,0.0674,89
nested_sparse,machine,977,tipped,3850000,0.0787,89
nested_sparse,machine,977,tipped,3950000,0.0706,85
nested_sparse,machine,978,tipped,50000,0.2653,98
nested_sparse,machine,978,tipped,150000,0.2200,100
nested_sparse,machine,978,tipped,250000,0.3333,102
nested_sparse,machine,978,tipped,350000,0.3772,114
nested_sparse,machine,978,tipped,450000,0.5113,133
nested_sparse,machine,978,tipped,550000,0.4322,118
nested_sparse,machine,978,tipped,650000,0.4672,122
nested_sparse,machine,978,tipped,750000,0.5357,140
nested_sparse,machine,978,tipped,850000,0.5634,142
nested_sparse,machine,978,tipped,950000,0.3048,105
nested_sparse,machine,978,tipped,1050000,0.4621,132
nested_sparse,machine,978,tipped,1150000,0.4928,138
nested_sparse,machine,978,tipped,1250000,0.5111,135
nested_sparse,machine,978,tipped,1350000,0.5843,166
nested_sparse,machine,978,tipped,1450000,0.3304,112
nested_sparse,machine,978,tipped,1550000,0.3675,117
nested_sparse,machine,978,tipped,1650000,0.5324,139
nested_sparse,machine,978,tipped,1750000,0.3571,112
nested_sparse,machine,978,tipped,1850000,0.5973,149
nested_sparse,machine,978,tipped,1950000,0.4400,125
nested_sparse,machine,978,tipped,2050000,0.1649,97
nested_sparse,machine,978,tipped,2150000,0.2844,109
nested_sparse,machine,978,tipped,2250000,0.2105,95
nested_sparse,machine,978,tipped,2350000,0.0889,90
nested_sparse,machine,978,tipped,2450000,0.0460,87
nested_sparse,machine,978,tipped,2550000,0.3119,109
nested_sparse,machine,978,tipped,2650000,0.1633,98
nested_sparse,machine,978,tipped,2750000,0.2596,104
nested_sparse,machine,978,tipped,2850000,0.1383,94
nested_sparse,machine,978,tipped,2950000,0.0233,86
nested_sparse,machine,978,tipped,3050000,0.0460,87
nested_sparse,machine,978,tipped,3150000,0.0465,86
nested_sparse,machine,978,tipped,3250000,0.0778,90
nested_sparse,machine,978,tipped,3350000,0.1818,99
nested_sparse,machine,978,tipped,3450000,0.1170,94
nested_sparse,machine,978,tipped,3550000,0.2000,100
nested_sparse,machine,978,tipped,3650000,0.0674,89
nested_sparse,machine,978,tipped,3750000,0.0909,88
nested_sparse,machine,978,tipped,3850000,0.1263,95
nested_sparse,machine,978,tipped,3950000,0.1075,93
nested_sparse10,human,957,picked,50000,0.0000,91
nested_sparse10,human,957,picked,150000,0.0000,94
nested_sparse10,human,957,picked,250000,0.0261,115
nested_sparse10,human,957,picked,350000,0.0625,96
nested_sparse10,human,957,picked,450000,0.0556,108
nested_sparse10,human,957,picked,550000,0.1327,113
nested_sparse10,human,957,picked,650000,0.0488,123
nested_sparse10,human,957,picked,750000,0.1200,125
nested_sparse10,human,957,picked,850000,0.0206,97
nested_sparse10,human,957,picked,950000,0.0220,91
nested_sparse10,human,957,picked,1050000,0.0400,100
nested_sparse10,human,957,picked,1150000,0.0172,116
nested_sparse10,human,957,picked,1250000,0.0656,122
nested_sparse10,human,957,picked,1350000,0.0215,93
nested_sparse10,human,957,picked,1450000,0.0619,97
nested_sparse10,human,957,picked,1550000,0.0654,107
nested_sparse10,human,957,picked,1650000,0.0508,118
nested_sparse10,human,957,picked,1750000,0.0625,112
nested_sparse10,human,957,picked,1850000,0.1099,91
nested_sparse10,human,957,picked,1950000,0.0112,89
nested_sparse10,human,957,picked,2050000,0.0000,122
nested_sparse10,human,957,picked,2150000,0.0000,90
nested_sparse10,human,957,picked,2250000,0.0000,92
nested_sparse10,human,957,picked,2350000,0.0112,89
nested_sparse10,human,957,picked,2450000,0.0000,87
nested_sparse10,human,957,picked,2550000,0.0000,85
nested_sparse10,human,957,picked,2650000,0.0000,86
nested_sparse10,human,957,picked,2750000,0.0000,122
nested_sparse10,human,957,picked,2850000,0.0000,90
nested_sparse10,human,957,picked,2950000,0.0000,97
nested_sparse10,human,957,picked,3050000,0.0000,89
nested_sparse10,human,957,picked,3150000,0.0000,49
nested_sparse10,human,957,picked,3250000,,0
nested_sparse10,human,957,picked,3350000,,0
nested_sparse10,human,957,picked,3450000,,0
nested_sparse10,human,957,picked,3550000,,0
nested_sparse10,human,957,picked,3650000,,0
nested_sparse10,human,957,picked,3750000,,0
nested_sparse10,human,957,picked,3850000,,0
nested_sparse10,human,957,picked,3950000,,0
nested_sparse10,human,958,picked,50000,0.0330,91
nested_sparse10,human,958,picked,150000,0.0000,96
nested_sparse10,human,958,picked,250000,0.0306,98
nested_sparse10,human,958,picked,350000,0.0381,105
nested_sparse10,human,958,picked,450000,0.0357,112
nested_sparse10,human,958,picked,550000,0.0275,109
nested_sparse10,human,958,picked,650000,0.0000,95
nested_sparse10,human,958,picked,750000,0.0000,106
nested_sparse10,human,958,picked,850000,0.0000,99
nested_sparse10,human,958,picked,950000,0.0100,100
nested_sparse10,human,958,picked,1050000,0.0000,135
nested_sparse10,human,958,picked,1150000,0.0000,113
nested_sparse10,human,958,picked,1250000,0.0000,89
nested_sparse10,human,958,picked,1350000,0.0000,88
nested_sparse10,human,958,picked,1450000,0.0485,103
nested_sparse10,human,958,picked,1550000,0.0265,113
nested_sparse10,human,958,picked,1650000,0.0111,90
nested_sparse10,human,958,picked,1750000,0.0206,97
nested_sparse10,human,958,picked,1850000,0.0118,85
nested_sparse10,human,958,picked,1950000,0.0000,89
nested_sparse10,human,958,picked,2050000,0.0000,99
nested_sparse10,human,958,picked,2150000,0.0000,84
nested_sparse10,human,958,picked,2250000,0.0000,101
nested_sparse10,human,958,picked,2350000,0.0000,100
nested_sparse10,human,958,picked,2450000,0.0000,90
nested_sparse10,human,958,picked,2550000,0.0000,84
nested_sparse10,human,958,picked,2650000,0.0000,184
nested_sparse10,human,958,picked,2750000,0.0000,86
nested_sparse10,human,958,picked,2850000,0.0000,86
nested_sparse10,human,958,picked,2950000,0.0000,90
nested_sparse10,human,958,picked,3050000,0.0000,84
nested_sparse10,human,958,picked,3150000,0.0000,44
nested_sparse10,human,958,picked,3250000,,0
nested_sparse10,human,958,picked,3350000,,0
nested_sparse10,human,958,picked,3450000,,0
nested_sparse10,human,958,picked,3550000,,0
nested_sparse10,human,958,picked,3650000,,0
nested_sparse10,human,958,picked,3750000,,0
nested_sparse10,human,958,picked,3850000,,0
nested_sparse10,human,958,picked,3950000,,0
nested_sparse10,machine,977,picked,50000,0.0000,85
nested_sparse10,machine,977,picked,150000,0.0189,106
nested_sparse10,machine,977,picked,250000,0.0000,98
nested_sparse10,machine,977,picked,350000,0.0104,96
nested_sparse10,machine,977,picked,450000,0.0222,90
nested_sparse10,machine,977,picked,550000,0.0073,137
nested_sparse10,machine,977,picked,650000,0.0000,114
nested_sparse10,machine,977,picked,750000,0.1667,114
nested_sparse10,machine,977,picked,850000,0.1714,105
nested_sparse10,machine,977,picked,950000,0.0090,111
nested_sparse10,machine,977,picked,1050000,0.0105,95
nested_sparse10,machine,977,picked,1150000,0.1161,112
nested_sparse10,machine,977,picked,1250000,0.0678,118
nested_sparse10,machine,977,picked,1350000,0.0490,102
nested_sparse10,machine,977,picked,1450000,0.0248,121
nested_sparse10,machine,977,picked,1550000,0.0000,120
nested_sparse10,machine,977,picked,1650000,0.0000,102
nested_sparse10,machine,977,picked,1750000,0.0000,122
nested_sparse10,machine,977,picked,1850000,0.0310,129
nested_sparse10,machine,977,picked,1950000,0.0463,108
nested_sparse10,machine,977,picked,2050000,0.1478,115
nested_sparse10,machine,977,picked,2150000,0.0000,93
nested_sparse10,machine,977,picked,2250000,0.0000,85
nested_sparse10,machine,977,picked,2350000,0.0000,101
nested_sparse10,machine,977,picked,2450000,0.0000,85
nested_sparse10,machine,977,picked,2550000,0.0108,93
nested_sparse10,machine,977,picked,2650000,0.0000,91
nested_sparse10,machine,977,picked,2750000,0.0000,84
nested_sparse10,machine,977,picked,2850000,0.0000,13
nested_sparse10,machine,977,picked,2950000,,0
nested_sparse10,machine,977,picked,3050000,,0
nested_sparse10,machine,977,picked,3150000,,0
nested_sparse10,machine,977,picked,3250000,,0
nested_sparse10,machine,977,picked,3350000,,0
nested_sparse10,machine,977,picked,3450000,,0
nested_sparse10,machine,977,picked,3550000,,0
nested_sparse10,machine,977,picked,3650000,,0
nested_sparse10,machine,977,picked,3750000,,0
nested_sparse10,machine,977,picked,3850000,,0
nested_sparse10,machine,977,picked,3950000,,0
nested_sparse10,machine,978,picked,50000,0.0000,86
nested_sparse10,machine,978,picked,150000,0.0106,94
nested_sparse10,machine,978,picked,250000,0.0102,98
nested_sparse10,machine,978,picked,350000,0.0377,106
nested_sparse10,machine,978,picked,450000,0.1491,114
nested_sparse10,machine,978,picked,550000,0.0189,106
nested_sparse10,machine,978,picked,650000,0.0110,91
nested_sparse10,machine,978,picked,750000,0.0323,93
nested_sparse10,machine,978,picked,850000,0.0100,100
nested_sparse10,machine,978,picked,950000,0.0000,112
nested_sparse10,machine,978,picked,1050000,0.0000,105
nested_sparse10,machine,978,picked,1150000,0.0291,103
nested_sparse10,machine,978,picked,1250000,0.0000,89
nested_sparse10,machine,978,picked,1350000,0.0094,106
nested_sparse10,machine,978,picked,1450000,0.0099,101
nested_sparse10,machine,978,picked,1550000,0.0238,126
nested_sparse10,machine,978,picked,1650000,0.0000,107
nested_sparse10,machine,978,picked,1750000,0.0000,114
nested_sparse10,machine,978,picked,1850000,0.0244,123
nested_sparse10,machine,978,picked,1950000,0.0204,98
nested_sparse10,machine,978,picked,2050000,0.0000,85
nested_sparse10,machine,978,picked,2150000,0.0000,89
nested_sparse10,machine,978,picked,2250000,0.0000,88
nested_sparse10,machine,978,picked,2350000,0.0000,93
nested_sparse10,machine,978,picked,2450000,0.0000,93
nested_sparse10,machine,978,picked,2550000,0.0000,92
nested_sparse10,machine,978,picked,2650000,0.0000,86
nested_sparse10,machine,978,picked,2750000,0.0000,89
nested_sparse10,machine,978,picked,2850000,0.0000,32
nested_sparse10,machine,978,picked,2950000,,0
nested_sparse10,machine,978,picked,3050000,,0
nested_sparse10,machine,978,picked,3150000,,0
nested_sparse10,machine,978,picked,3250000,,0
nested_sparse10,machine,978,picked,3350000,,0
nested_sparse10,machine,978,picked,3450000,,0
nested_sparse10,machine,978,picked,3550000,,0
nested_sparse10,machine,978,picked,3650000,,0
nested_sparse10,machine,978,picked,3750000,,0
nested_sparse10,machine,978,picked,3850000,,0
nested_sparse10,machine,978,picked,3950000,,0
nested_sparse10,human,957,placed_v2,50000,0.0000,91
nested_sparse10,human,957,placed_v2,150000,0.0000,94
nested_sparse10,human,957,placed_v2,250000,0.0000,115
nested_sparse10,human,957,placed_v2,350000,0.0000,96
nested_sparse10,human,957,placed_v2,450000,0.0000,108
nested_sparse10,human,957,placed_v2,550000,0.0088,113
nested_sparse10,human,957,placed_v2,650000,0.0081,123
nested_sparse10,human,957,placed_v2,750000,0.0000,125
nested_sparse10,human,957,placed_v2,850000,0.0000,97
nested_sparse10,human,957,placed_v2,950000,0.0000,91
nested_sparse10,human,957,placed_v2,1050000,0.0000,100
nested_sparse10,human,957,placed_v2,1150000,0.0000,116
nested_sparse10,human,957,placed_v2,1250000,0.0000,122
nested_sparse10,human,957,placed_v2,1350000,0.0000,93
nested_sparse10,human,957,placed_v2,1450000,0.0103,97
nested_sparse10,human,957,placed_v2,1550000,0.0000,107
nested_sparse10,human,957,placed_v2,1650000,0.0000,118
nested_sparse10,human,957,placed_v2,1750000,0.0000,112
nested_sparse10,human,957,placed_v2,1850000,0.0000,91
nested_sparse10,human,957,placed_v2,1950000,0.0000,89
nested_sparse10,human,957,placed_v2,2050000,0.0000,122
nested_sparse10,human,957,placed_v2,2150000,0.0000,90
nested_sparse10,human,957,placed_v2,2250000,0.0000,92
nested_sparse10,human,957,placed_v2,2350000,0.0000,89
nested_sparse10,human,957,placed_v2,2450000,0.0000,87
nested_sparse10,human,957,placed_v2,2550000,0.0000,85
nested_sparse10,human,957,placed_v2,2650000,0.0000,86
nested_sparse10,human,957,placed_v2,2750000,0.0000,122
nested_sparse10,human,957,placed_v2,2850000,0.0000,90
nested_sparse10,human,957,placed_v2,2950000,0.0000,97
nested_sparse10,human,957,placed_v2,3050000,0.0000,89
nested_sparse10,human,957,placed_v2,3150000,0.0000,49
nested_sparse10,human,957,placed_v2,3250000,,0
nested_sparse10,human,957,placed_v2,3350000,,0
nested_sparse10,human,957,placed_v2,3450000,,0
nested_sparse10,human,957,placed_v2,3550000,,0
nested_sparse10,human,957,placed_v2,3650000,,0
nested_sparse10,human,957,placed_v2,3750000,,0
nested_sparse10,human,957,placed_v2,3850000,,0
nested_sparse10,human,957,placed_v2,3950000,,0
nested_sparse10,human,958,placed_v2,50000,0.0000,91
nested_sparse10,human,958,placed_v2,150000,0.0000,96
nested_sparse10,human,958,placed_v2,250000,0.0000,98
nested_sparse10,human,958,placed_v2,350000,0.0000,105
nested_sparse10,human,958,placed_v2,450000,0.0000,112
nested_sparse10,human,958,placed_v2,550000,0.0000,109
nested_sparse10,human,958,placed_v2,650000,0.0000,95
nested_sparse10,human,958,placed_v2,750000,0.0000,106
nested_sparse10,human,958,placed_v2,850000,0.0000,99
nested_sparse10,human,958,placed_v2,950000,0.0000,100
nested_sparse10,human,958,placed_v2,1050000,0.0000,135
nested_sparse10,human,958,placed_v2,1150000,0.0000,113
nested_sparse10,human,958,placed_v2,1250000,0.0000,89
nested_sparse10,human,958,placed_v2,1350000,0.0000,88
nested_sparse10,human,958,placed_v2,1450000,0.0000,103
nested_sparse10,human,958,placed_v2,1550000,0.0000,113
nested_sparse10,human,958,placed_v2,1650000,0.0000,90
nested_sparse10,human,958,placed_v2,1750000,0.0000,97
nested_sparse10,human,958,placed_v2,1850000,0.0000,85
nested_sparse10,human,958,placed_v2,1950000,0.0000,89
nested_sparse10,human,958,placed_v2,2050000,0.0000,99
nested_sparse10,human,958,placed_v2,2150000,0.0000,84
nested_sparse10,human,958,placed_v2,2250000,0.0000,101
nested_sparse10,human,958,placed_v2,2350000,0.0000,100
nested_sparse10,human,958,placed_v2,2450000,0.0000,90
nested_sparse10,human,958,placed_v2,2550000,0.0000,84
nested_sparse10,human,958,placed_v2,2650000,0.0000,184
nested_sparse10,human,958,placed_v2,2750000,0.0000,86
nested_sparse10,human,958,placed_v2,2850000,0.0000,86
nested_sparse10,human,958,placed_v2,2950000,0.0000,90
nested_sparse10,human,958,placed_v2,3050000,0.0000,84
nested_sparse10,human,958,placed_v2,3150000,0.0000,44
nested_sparse10,human,958,placed_v2,3250000,,0
nested_sparse10,human,958,placed_v2,3350000,,0
nested_sparse10,human,958,placed_v2,3450000,,0
nested_sparse10,human,958,placed_v2,3550000,,0
nested_sparse10,human,958,placed_v2,3650000,,0
nested_sparse10,human,958,placed_v2,3750000,,0
nested_sparse10,human,958,placed_v2,3850000,,0
nested_sparse10,human,958,placed_v2,3950000,,0
nested_sparse10,machine,977,placed_v2,50000,0.0000,85
nested_sparse10,machine,977,placed_v2,150000,0.0000,106
nested_sparse10,machine,977,placed_v2,250000,0.0000,98
nested_sparse10,machine,977,placed_v2,350000,0.0000,96
nested_sparse10,machine,977,placed_v2,450000,0.0000,90
nested_sparse10,machine,977,placed_v2,550000,0.0000,137
nested_sparse10,machine,977,placed_v2,650000,0.0000,114
nested_sparse10,machine,977,placed_v2,750000,0.0000,114
nested_sparse10,machine,977,placed_v2,850000,0.0000,105
nested_sparse10,machine,977,placed_v2,950000,0.0000,111
nested_sparse10,machine,977,placed_v2,1050000,0.0000,95
nested_sparse10,machine,977,placed_v2,1150000,0.0089,112
nested_sparse10,machine,977,placed_v2,1250000,0.0085,118
nested_sparse10,machine,977,placed_v2,1350000,0.0000,102
nested_sparse10,machine,977,placed_v2,1450000,0.0000,121
nested_sparse10,machine,977,placed_v2,1550000,0.0000,120
nested_sparse10,machine,977,placed_v2,1650000,0.0000,102
nested_sparse10,machine,977,placed_v2,1750000,0.0000,122
nested_sparse10,machine,977,placed_v2,1850000,0.0000,129
nested_sparse10,machine,977,placed_v2,1950000,0.0000,108
nested_sparse10,machine,977,placed_v2,2050000,0.0000,115
nested_sparse10,machine,977,placed_v2,2150000,0.0000,93
nested_sparse10,machine,977,placed_v2,2250000,0.0000,85
nested_sparse10,machine,977,placed_v2,2350000,0.0000,101
nested_sparse10,machine,977,placed_v2,2450000,0.0000,85
nested_sparse10,machine,977,placed_v2,2550000,0.0000,93
nested_sparse10,machine,977,placed_v2,2650000,0.0000,91
nested_sparse10,machine,977,placed_v2,2750000,0.0000,84
nested_sparse10,machine,977,placed_v2,2850000,0.0000,13
nested_sparse10,machine,977,placed_v2,2950000,,0
nested_sparse10,machine,977,placed_v2,3050000,,0
nested_sparse10,machine,977,placed_v2,3150000,,0
nested_sparse10,machine,977,placed_v2,3250000,,0
nested_sparse10,machine,977,placed_v2,3350000,,0
nested_sparse10,machine,977,placed_v2,3450000,,0
nested_sparse10,machine,977,placed_v2,3550000,,0
nested_sparse10,machine,977,placed_v2,3650000,,0
nested_sparse10,machine,977,placed_v2,3750000,,0
nested_sparse10,machine,977,placed_v2,3850000,,0
nested_sparse10,machine,977,placed_v2,3950000,,0
nested_sparse10,machine,978,placed_v2,50000,0.0000,86
nested_sparse10,machine,978,placed_v2,150000,0.0000,94
nested_sparse10,machine,978,placed_v2,250000,0.0000,98
nested_sparse10,machine,978,placed_v2,350000,0.0000,106
nested_sparse10,machine,978,placed_v2,450000,0.0000,114
nested_sparse10,machine,978,placed_v2,550000,0.0000,106
nested_sparse10,machine,978,placed_v2,650000,0.0000,91
nested_sparse10,machine,978,placed_v2,750000,0.0000,93
nested_sparse10,machine,978,placed_v2,850000,0.0000,100
nested_sparse10,machine,978,placed_v2,950000,0.0000,112
nested_sparse10,machine,978,placed_v2,1050000,0.0000,105
nested_sparse10,machine,978,placed_v2,1150000,0.0000,103
nested_sparse10,machine,978,placed_v2,1250000,0.0000,89
nested_sparse10,machine,978,placed_v2,1350000,0.0000,106
nested_sparse10,machine,978,placed_v2,1450000,0.0000,101
nested_sparse10,machine,978,placed_v2,1550000,0.0000,126
nested_sparse10,machine,978,placed_v2,1650000,0.0000,107
nested_sparse10,machine,978,placed_v2,1750000,0.0000,114
nested_sparse10,machine,978,placed_v2,1850000,0.0000,123
nested_sparse10,machine,978,placed_v2,1950000,0.0000,98
nested_sparse10,machine,978,placed_v2,2050000,0.0000,85
nested_sparse10,machine,978,placed_v2,2150000,0.0000,89
nested_sparse10,machine,978,placed_v2,2250000,0.0000,88
nested_sparse10,machine,978,placed_v2,2350000,0.0000,93
nested_sparse10,machine,978,placed_v2,2450000,0.0000,93
nested_sparse10,machine,978,placed_v2,2550000,0.0000,92
nested_sparse10,machine,978,placed_v2,2650000,0.0000,86
nested_sparse10,machine,978,placed_v2,2750000,0.0000,89
nested_sparse10,machine,978,placed_v2,2850000,0.0000,32
nested_sparse10,machine,978,placed_v2,2950000,,0
nested_sparse10,machine,978,placed_v2,3050000,,0
nested_sparse10,machine,978,placed_v2,3150000,,0
nested_sparse10,machine,978,placed_v2,3250000,,0
nested_sparse10,machine,978,placed_v2,3350000,,0
nested_sparse10,machine,978,placed_v2,3450000,,0
nested_sparse10,machine,978,placed_v2,3550000,,0
nested_sparse10,machine,978,placed_v2,3650000,,0
nested_sparse10,machine,978,placed_v2,3750000,,0
nested_sparse10,machine,978,placed_v2,3850000,,0
nested_sparse10,machine,978,placed_v2,3950000,,0
nested_sparse10,human,957,farside,50000,0.0000,91
nested_sparse10,human,957,farside,150000,0.0000,94
nested_sparse10,human,957,farside,250000,0.0000,115
nested_sparse10,human,957,farside,350000,0.0000,96
nested_sparse10,human,957,farside,450000,0.0000,108
nested_sparse10,human,957,farside,550000,0.0088,113
nested_sparse10,human,957,farside,650000,0.0000,123
nested_sparse10,human,957,farside,750000,0.0000,125
nested_sparse10,human,957,farside,850000,0.0000,97
nested_sparse10,human,957,farside,950000,0.0000,91
nested_sparse10,human,957,farside,1050000,0.0000,100
nested_sparse10,human,957,farside,1150000,0.0000,116
nested_sparse10,human,957,farside,1250000,0.0000,122
nested_sparse10,human,957,farside,1350000,0.0000,93
nested_sparse10,human,957,farside,1450000,0.0000,97
nested_sparse10,human,957,farside,1550000,0.0000,107
nested_sparse10,human,957,farside,1650000,0.0000,118
nested_sparse10,human,957,farside,1750000,0.0000,112
nested_sparse10,human,957,farside,1850000,0.0000,91
nested_sparse10,human,957,farside,1950000,0.0000,89
nested_sparse10,human,957,farside,2050000,0.0000,122
nested_sparse10,human,957,farside,2150000,0.0000,90
nested_sparse10,human,957,farside,2250000,0.0000,92
nested_sparse10,human,957,farside,2350000,0.0000,89
nested_sparse10,human,957,farside,2450000,0.0000,87
nested_sparse10,human,957,farside,2550000,0.0000,85
nested_sparse10,human,957,farside,2650000,0.0000,86
nested_sparse10,human,957,farside,2750000,0.0000,122
nested_sparse10,human,957,farside,2850000,0.0000,90
nested_sparse10,human,957,farside,2950000,0.0000,97
nested_sparse10,human,957,farside,3050000,0.0000,89
nested_sparse10,human,957,farside,3150000,0.0000,49
nested_sparse10,human,957,farside,3250000,,0
nested_sparse10,human,957,farside,3350000,,0
nested_sparse10,human,957,farside,3450000,,0
nested_sparse10,human,957,farside,3550000,,0
nested_sparse10,human,957,farside,3650000,,0
nested_sparse10,human,957,farside,3750000,,0
nested_sparse10,human,957,farside,3850000,,0
nested_sparse10,human,957,farside,3950000,,0
nested_sparse10,human,958,farside,50000,0.0000,91
nested_sparse10,human,958,farside,150000,0.0000,96
nested_sparse10,human,958,farside,250000,0.0000,98
nested_sparse10,human,958,farside,350000,0.0000,105
nested_sparse10,human,958,farside,450000,0.0000,112
nested_sparse10,human,958,farside,550000,0.0000,109
nested_sparse10,human,958,farside,650000,0.0000,95
nested_sparse10,human,958,farside,750000,0.0000,106
nested_sparse10,human,958,farside,850000,0.0000,99
nested_sparse10,human,958,farside,950000,0.0000,100
nested_sparse10,human,958,farside,1050000,0.0000,135
nested_sparse10,human,958,farside,1150000,0.0000,113
nested_sparse10,human,958,farside,1250000,0.0000,89
nested_sparse10,human,958,farside,1350000,0.0000,88
nested_sparse10,human,958,farside,1450000,0.0000,103
nested_sparse10,human,958,farside,1550000,0.0000,113
nested_sparse10,human,958,farside,1650000,0.0000,90
nested_sparse10,human,958,farside,1750000,0.0000,97
nested_sparse10,human,958,farside,1850000,0.0000,85
nested_sparse10,human,958,farside,1950000,0.0000,89
nested_sparse10,human,958,farside,2050000,0.0000,99
nested_sparse10,human,958,farside,2150000,0.0000,84
nested_sparse10,human,958,farside,2250000,0.0000,101
nested_sparse10,human,958,farside,2350000,0.0000,100
nested_sparse10,human,958,farside,2450000,0.0000,90
nested_sparse10,human,958,farside,2550000,0.0000,84
nested_sparse10,human,958,farside,2650000,0.0000,184
nested_sparse10,human,958,farside,2750000,0.0000,86
nested_sparse10,human,958,farside,2850000,0.0000,86
nested_sparse10,human,958,farside,2950000,0.0000,90
nested_sparse10,human,958,farside,3050000,0.0000,84
nested_sparse10,human,958,farside,3150000,0.0000,44
nested_sparse10,human,958,farside,3250000,,0
nested_sparse10,human,958,farside,3350000,,0
nested_sparse10,human,958,farside,3450000,,0
nested_sparse10,human,958,farside,3550000,,0
nested_sparse10,human,958,farside,3650000,,0
nested_sparse10,human,958,farside,3750000,,0
nested_sparse10,human,958,farside,3850000,,0
nested_sparse10,human,958,farside,3950000,,0
nested_sparse10,machine,977,farside,50000,0.0000,85
nested_sparse10,machine,977,farside,150000,0.0000,106
nested_sparse10,machine,977,farside,250000,0.0000,98
nested_sparse10,machine,977,farside,350000,0.0000,96
nested_sparse10,machine,977,farside,450000,0.0000,90
nested_sparse10,machine,977,farside,550000,0.0000,137
nested_sparse10,machine,977,farside,650000,0.0000,114
nested_sparse10,machine,977,farside,750000,0.0000,114
nested_sparse10,machine,977,farside,850000,0.0000,105
nested_sparse10,machine,977,farside,950000,0.0000,111
nested_sparse10,machine,977,farside,1050000,0.0000,95
nested_sparse10,machine,977,farside,1150000,0.0000,112
nested_sparse10,machine,977,farside,1250000,0.0085,118
nested_sparse10,machine,977,farside,1350000,0.0000,102
nested_sparse10,machine,977,farside,1450000,0.0000,121
nested_sparse10,machine,977,farside,1550000,0.0000,120
nested_sparse10,machine,977,farside,1650000,0.0000,102
nested_sparse10,machine,977,farside,1750000,0.0000,122
nested_sparse10,machine,977,farside,1850000,0.0000,129
nested_sparse10,machine,977,farside,1950000,0.0000,108
nested_sparse10,machine,977,farside,2050000,0.0000,115
nested_sparse10,machine,977,farside,2150000,0.0000,93
nested_sparse10,machine,977,farside,2250000,0.0000,85
nested_sparse10,machine,977,farside,2350000,0.0000,101
nested_sparse10,machine,977,farside,2450000,0.0000,85
nested_sparse10,machine,977,farside,2550000,0.0000,93
nested_sparse10,machine,977,farside,2650000,0.0000,91
nested_sparse10,machine,977,farside,2750000,0.0000,84
nested_sparse10,machine,977,farside,2850000,0.0000,13
nested_sparse10,machine,977,farside,2950000,,0
nested_sparse10,machine,977,farside,3050000,,0
nested_sparse10,machine,977,farside,3150000,,0
nested_sparse10,machine,977,farside,3250000,,0
nested_sparse10,machine,977,farside,3350000,,0
nested_sparse10,machine,977,farside,3450000,,0
nested_sparse10,machine,977,farside,3550000,,0
nested_sparse10,machine,977,farside,3650000,,0
nested_sparse10,machine,977,farside,3750000,,0
nested_sparse10,machine,977,farside,3850000,,0
nested_sparse10,machine,977,farside,3950000,,0
nested_sparse10,machine,978,farside,50000,0.0000,86
nested_sparse10,machine,978,farside,150000,0.0000,94
nested_sparse10,machine,978,farside,250000,0.0000,98
nested_sparse10,machine,978,farside,350000,0.0000,106
nested_sparse10,machine,978,farside,450000,0.0000,114
nested_sparse10,machine,978,farside,550000,0.0000,106
nested_sparse10,machine,978,farside,650000,0.0000,91
nested_sparse10,machine,978,farside,750000,0.0000,93
nested_sparse10,machine,978,farside,850000,0.0000,100
nested_sparse10,machine,978,farside,950000,0.0000,112
nested_sparse10,machine,978,farside,1050000,0.0000,105
nested_sparse10,machine,978,farside,1150000,0.0000,103
nested_sparse10,machine,978,farside,1250000,0.0000,89
nested_sparse10,machine,978,farside,1350000,0.0000,106
nested_sparse10,machine,978,farside,1450000,0.0000,101
nested_sparse10,machine,978,farside,1550000,0.0000,126
nested_sparse10,machine,978,farside,1650000,0.0000,107
nested_sparse10,machine,978,farside,1750000,0.0000,114
nested_sparse10,machine,978,farside,1850000,0.0000,123
nested_sparse10,machine,978,farside,1950000,0.0000,98
nested_sparse10,machine,978,farside,2050000,0.0000,85
nested_sparse10,machine,978,farside,2150000,0.0000,89
nested_sparse10,machine,978,farside,2250000,0.0000,88
nested_sparse10,machine,978,farside,2350000,0.0000,93
nested_sparse10,machine,978,farside,2450000,0.0000,93
nested_sparse10,machine,978,farside,2550000,0.0000,92
nested_sparse10,machine,978,farside,2650000,0.0000,86
nested_sparse10,machine,978,farside,2750000,0.0000,89
nested_sparse10,machine,978,farside,2850000,0.0000,32
nested_sparse10,machine,978,farside,2950000,,0
nested_sparse10,machine,978,farside,3050000,,0
nested_sparse10,machine,978,farside,3150000,,0
nested_sparse10,machine,978,farside,3250000,,0
nested_sparse10,machine,978,farside,3350000,,0
nested_sparse10,machine,978,farside,3450000,,0
nested_sparse10,machine,978,farside,3550000,,0
nested_sparse10,machine,978,farside,3650000,,0
nested_sparse10,machine,978,farside,3750000,,0
nested_sparse10,machine,978,farside,3850000,,0
nested_sparse10,machine,978,farside,3950000,,0
nested_sparse10,human,957,slide_event,50000,0.0000,91
nested_sparse10,human,957,slide_event,150000,0.0000,94
nested_sparse10,human,957,slide_event,250000,0.0000,115
nested_sparse10,human,957,slide_event,350000,0.0000,96
nested_sparse10,human,957,slide_event,450000,0.0000,108
nested_sparse10,human,957,slide_event,550000,0.0000,113
nested_sparse10,human,957,slide_event,650000,0.0000,123
nested_sparse10,human,957,slide_event,750000,0.0000,125
nested_sparse10,human,957,slide_event,850000,0.0000,97
nested_sparse10,human,957,slide_event,950000,0.0000,91
nested_sparse10,human,957,slide_event,1050000,0.0000,100
nested_sparse10,human,957,slide_event,1150000,0.0000,116
nested_sparse10,human,957,slide_event,1250000,0.0000,122
nested_sparse10,human,957,slide_event,1350000,0.0000,93
nested_sparse10,human,957,slide_event,1450000,0.0000,97
nested_sparse10,human,957,slide_event,1550000,0.0000,107
nested_sparse10,human,957,slide_event,1650000,0.0000,118
nested_sparse10,human,957,slide_event,1750000,0.0000,112
nested_sparse10,human,957,slide_event,1850000,0.0000,91
nested_sparse10,human,957,slide_event,1950000,0.0000,89
nested_sparse10,human,957,slide_event,2050000,0.0000,122
nested_sparse10,human,957,slide_event,2150000,0.0000,90
nested_sparse10,human,957,slide_event,2250000,0.0000,92
nested_sparse10,human,957,slide_event,2350000,0.0000,89
nested_sparse10,human,957,slide_event,2450000,0.0000,87
nested_sparse10,human,957,slide_event,2550000,0.0000,85
nested_sparse10,human,957,slide_event,2650000,0.0000,86
nested_sparse10,human,957,slide_event,2750000,0.0000,122
nested_sparse10,human,957,slide_event,2850000,0.0000,90
nested_sparse10,human,957,slide_event,2950000,0.0000,97
nested_sparse10,human,957,slide_event,3050000,0.0000,89
nested_sparse10,human,957,slide_event,3150000,0.0000,49
nested_sparse10,human,957,slide_event,3250000,,0
nested_sparse10,human,957,slide_event,3350000,,0
nested_sparse10,human,957,slide_event,3450000,,0
nested_sparse10,human,957,slide_event,3550000,,0
nested_sparse10,human,957,slide_event,3650000,,0
nested_sparse10,human,957,slide_event,3750000,,0
nested_sparse10,human,957,slide_event,3850000,,0
nested_sparse10,human,957,slide_event,3950000,,0
nested_sparse10,human,958,slide_event,50000,0.0000,91
nested_sparse10,human,958,slide_event,150000,0.0000,96
nested_sparse10,human,958,slide_event,250000,0.0000,98
nested_sparse10,human,958,slide_event,350000,0.0000,105
nested_sparse10,human,958,slide_event,450000,0.0000,112
nested_sparse10,human,958,slide_event,550000,0.0000,109
nested_sparse10,human,958,slide_event,650000,0.0000,95
nested_sparse10,human,958,slide_event,750000,0.0000,106
nested_sparse10,human,958,slide_event,850000,0.0000,99
nested_sparse10,human,958,slide_event,950000,0.0000,100
nested_sparse10,human,958,slide_event,1050000,0.0000,135
nested_sparse10,human,958,slide_event,1150000,0.0000,113
nested_sparse10,human,958,slide_event,1250000,0.0000,89
nested_sparse10,human,958,slide_event,1350000,0.0000,88
nested_sparse10,human,958,slide_event,1450000,0.0000,103
nested_sparse10,human,958,slide_event,1550000,0.0000,113
nested_sparse10,human,958,slide_event,1650000,0.0000,90
nested_sparse10,human,958,slide_event,1750000,0.0000,97
nested_sparse10,human,958,slide_event,1850000,0.0000,85
nested_sparse10,human,958,slide_event,1950000,0.0000,89
nested_sparse10,human,958,slide_event,2050000,0.0000,99
nested_sparse10,human,958,slide_event,2150000,0.0000,84
nested_sparse10,human,958,slide_event,2250000,0.0000,101
nested_sparse10,human,958,slide_event,2350000,0.0000,100
nested_sparse10,human,958,slide_event,2450000,0.0000,90
nested_sparse10,human,958,slide_event,2550000,0.0000,84
nested_sparse10,human,958,slide_event,2650000,0.0000,184
nested_sparse10,human,958,slide_event,2750000,0.0000,86
nested_sparse10,human,958,slide_event,2850000,0.0000,86
nested_sparse10,human,958,slide_event,2950000,0.0000,90
nested_sparse10,human,958,slide_event,3050000,0.0000,84
nested_sparse10,human,958,slide_event,3150000,0.0000,44
nested_sparse10,human,958,slide_event,3250000,,0
nested_sparse10,human,958,slide_event,3350000,,0
nested_sparse10,human,958,slide_event,3450000,,0
nested_sparse10,human,958,slide_event,3550000,,0
nested_sparse10,human,958,slide_event,3650000,,0
nested_sparse10,human,958,slide_event,3750000,,0
nested_sparse10,human,958,slide_event,3850000,,0
nested_sparse10,human,958,slide_event,3950000,,0
nested_sparse10,machine,977,slide_event,50000,0.0000,85
nested_sparse10,machine,977,slide_event,150000,0.0000,106
nested_sparse10,machine,977,slide_event,250000,0.0000,98
nested_sparse10,machine,977,slide_event,350000,0.0000,96
nested_sparse10,machine,977,slide_event,450000,0.0000,90
nested_sparse10,machine,977,slide_event,550000,0.0000,137
nested_sparse10,machine,977,slide_event,650000,0.0000,114
nested_sparse10,machine,977,slide_event,750000,0.0000,114
nested_sparse10,machine,977,slide_event,850000,0.0000,105
nested_sparse10,machine,977,slide_event,950000,0.0000,111
nested_sparse10,machine,977,slide_event,1050000,0.0000,95
nested_sparse10,machine,977,slide_event,1150000,0.0000,112
nested_sparse10,machine,977,slide_event,1250000,0.0000,118
nested_sparse10,machine,977,slide_event,1350000,0.0000,102
nested_sparse10,machine,977,slide_event,1450000,0.0000,121
nested_sparse10,machine,977,slide_event,1550000,0.0000,120
nested_sparse10,machine,977,slide_event,1650000,0.0000,102
nested_sparse10,machine,977,slide_event,1750000,0.0000,122
nested_sparse10,machine,977,slide_event,1850000,0.0000,129
nested_sparse10,machine,977,slide_event,1950000,0.0000,108
nested_sparse10,machine,977,slide_event,2050000,0.0000,115
nested_sparse10,machine,977,slide_event,2150000,0.0000,93
nested_sparse10,machine,977,slide_event,2250000,0.0000,85
nested_sparse10,machine,977,slide_event,2350000,0.0000,101
nested_sparse10,machine,977,slide_event,2450000,0.0000,85
nested_sparse10,machine,977,slide_event,2550000,0.0000,93
nested_sparse10,machine,977,slide_event,2650000,0.0000,91
nested_sparse10,machine,977,slide_event,2750000,0.0000,84
nested_sparse10,machine,977,slide_event,2850000,0.0000,13
nested_sparse10,machine,977,slide_event,2950000,,0
nested_sparse10,machine,977,slide_event,3050000,,0
nested_sparse10,machine,977,slide_event,3150000,,0
nested_sparse10,machine,977,slide_event,3250000,,0
nested_sparse10,machine,977,slide_event,3350000,,0
nested_sparse10,machine,977,slide_event,3450000,,0
nested_sparse10,machine,977,slide_event,3550000,,0
nested_sparse10,machine,977,slide_event,3650000,,0
nested_sparse10,machine,977,slide_event,3750000,,0
nested_sparse10,machine,977,slide_event,3850000,,0
nested_sparse10,machine,977,slide_event,3950000,,0
nested_sparse10,machine,978,slide_event,50000,0.0000,86
nested_sparse10,machine,978,slide_event,150000,0.0000,94
nested_sparse10,machine,978,slide_event,250000,0.0000,98
nested_sparse10,machine,978,slide_event,350000,0.0000,106
nested_sparse10,machine,978,slide_event,450000,0.0000,114
nested_sparse10,machine,978,slide_event,550000,0.0000,106
nested_sparse10,machine,978,slide_event,650000,0.0000,91
nested_sparse10,machine,978,slide_event,750000,0.0000,93
nested_sparse10,machine,978,slide_event,850000,0.0000,100
nested_sparse10,machine,978,slide_event,950000,0.0000,112
nested_sparse10,machine,978,slide_event,1050000,0.0000,105
nested_sparse10,machine,978,slide_event,1150000,0.0000,103
nested_sparse10,machine,978,slide_event,1250000,0.0000,89
nested_sparse10,machine,978,slide_event,1350000,0.0000,106
nested_sparse10,machine,978,slide_event,1450000,0.0000,101
nested_sparse10,machine,978,slide_event,1550000,0.0000,126
nested_sparse10,machine,978,slide_event,1650000,0.0000,107
nested_sparse10,machine,978,slide_event,1750000,0.0000,114
nested_sparse10,machine,978,slide_event,1850000,0.0000,123
nested_sparse10,machine,978,slide_event,1950000,0.0000,98
nested_sparse10,machine,978,slide_event,2050000,0.0000,85
nested_sparse10,machine,978,slide_event,2150000,0.0000,89
nested_sparse10,machine,978,slide_event,2250000,0.0000,88
nested_sparse10,machine,978,slide_event,2350000,0.0000,93
nested_sparse10,machine,978,slide_event,2450000,0.0000,93
nested_sparse10,machine,978,slide_event,2550000,0.0000,92
nested_sparse10,machine,978,slide_event,2650000,0.0000,86
nested_sparse10,machine,978,slide_event,2750000,0.0000,89
nested_sparse10,machine,978,slide_event,2850000,0.0000,32
nested_sparse10,machine,978,slide_event,2950000,,0
nested_sparse10,machine,978,slide_event,3050000,,0
nested_sparse10,machine,978,slide_event,3150000,,0
nested_sparse10,machine,978,slide_event,3250000,,0
nested_sparse10,machine,978,slide_event,3350000,,0
nested_sparse10,machine,978,slide_event,3450000,,0
nested_sparse10,machine,978,slide_event,3550000,,0
nested_sparse10,machine,978,slide_event,3650000,,0
nested_sparse10,machine,978,slide_event,3750000,,0
nested_sparse10,machine,978,slide_event,3850000,,0
nested_sparse10,machine,978,slide_event,3950000,,0
nested_sparse10,human,957,home,50000,0.0000,91
nested_sparse10,human,957,home,150000,0.0000,94
nested_sparse10,human,957,home,250000,0.0000,115
nested_sparse10,human,957,home,350000,0.0000,96
nested_sparse10,human,957,home,450000,0.0000,108
nested_sparse10,human,957,home,550000,0.0000,113
nested_sparse10,human,957,home,650000,0.0000,123
nested_sparse10,human,957,home,750000,0.0000,125
nested_sparse10,human,957,home,850000,0.0000,97
nested_sparse10,human,957,home,950000,0.0000,91
nested_sparse10,human,957,home,1050000,0.0000,100
nested_sparse10,human,957,home,1150000,0.0000,116
nested_sparse10,human,957,home,1250000,0.0000,122
nested_sparse10,human,957,home,1350000,0.0000,93
nested_sparse10,human,957,home,1450000,0.0000,97
nested_sparse10,human,957,home,1550000,0.0000,107
nested_sparse10,human,957,home,1650000,0.0000,118
nested_sparse10,human,957,home,1750000,0.0000,112
nested_sparse10,human,957,home,1850000,0.0000,91
nested_sparse10,human,957,home,1950000,0.0000,89
nested_sparse10,human,957,home,2050000,0.0000,122
nested_sparse10,human,957,home,2150000,0.0000,90
nested_sparse10,human,957,home,2250000,0.0000,92
nested_sparse10,human,957,home,2350000,0.0000,89
nested_sparse10,human,957,home,2450000,0.0000,87
nested_sparse10,human,957,home,2550000,0.0000,85
nested_sparse10,human,957,home,2650000,0.0000,86
nested_sparse10,human,957,home,2750000,0.0000,122
nested_sparse10,human,957,home,2850000,0.0000,90
nested_sparse10,human,957,home,2950000,0.0000,97
nested_sparse10,human,957,home,3050000,0.0000,89
nested_sparse10,human,957,home,3150000,0.0000,49
nested_sparse10,human,957,home,3250000,,0
nested_sparse10,human,957,home,3350000,,0
nested_sparse10,human,957,home,3450000,,0
nested_sparse10,human,957,home,3550000,,0
nested_sparse10,human,957,home,3650000,,0
nested_sparse10,human,957,home,3750000,,0
nested_sparse10,human,957,home,3850000,,0
nested_sparse10,human,957,home,3950000,,0
nested_sparse10,human,958,home,50000,0.0000,91
nested_sparse10,human,958,home,150000,0.0000,96
nested_sparse10,human,958,home,250000,0.0000,98
nested_sparse10,human,958,home,350000,0.0000,105
nested_sparse10,human,958,home,450000,0.0000,112
nested_sparse10,human,958,home,550000,0.0000,109
nested_sparse10,human,958,home,650000,0.0000,95
nested_sparse10,human,958,home,750000,0.0000,106
nested_sparse10,human,958,home,850000,0.0000,99
nested_sparse10,human,958,home,950000,0.0000,100
nested_sparse10,human,958,home,1050000,0.0000,135
nested_sparse10,human,958,home,1150000,0.0000,113
nested_sparse10,human,958,home,1250000,0.0000,89
nested_sparse10,human,958,home,1350000,0.0000,88
nested_sparse10,human,958,home,1450000,0.0000,103
nested_sparse10,human,958,home,1550000,0.0000,113
nested_sparse10,human,958,home,1650000,0.0000,90
nested_sparse10,human,958,home,1750000,0.0000,97
nested_sparse10,human,958,home,1850000,0.0000,85
nested_sparse10,human,958,home,1950000,0.0000,89
nested_sparse10,human,958,home,2050000,0.0000,99
nested_sparse10,human,958,home,2150000,0.0000,84
nested_sparse10,human,958,home,2250000,0.0000,101
nested_sparse10,human,958,home,2350000,0.0000,100
nested_sparse10,human,958,home,2450000,0.0000,90
nested_sparse10,human,958,home,2550000,0.0000,84
nested_sparse10,human,958,home,2650000,0.0000,184
nested_sparse10,human,958,home,2750000,0.0000,86
nested_sparse10,human,958,home,2850000,0.0000,86
nested_sparse10,human,958,home,2950000,0.0000,90
nested_sparse10,human,958,home,3050000,0.0000,84
nested_sparse10,human,958,home,3150000,0.0000,44
nested_sparse10,human,958,home,3250000,,0
nested_sparse10,human,958,home,3350000,,0
nested_sparse10,human,958,home,3450000,,0
nested_sparse10,human,958,home,3550000,,0
nested_sparse10,human,958,home,3650000,,0
nested_sparse10,human,958,home,3750000,,0
nested_sparse10,human,958,home,3850000,,0
nested_sparse10,human,958,home,3950000,,0
nested_sparse10,machine,977,home,50000,0.0000,85
nested_sparse10,machine,977,home,150000,0.0000,106
nested_sparse10,machine,977,home,250000,0.0000,98
nested_sparse10,machine,977,home,350000,0.0000,96
nested_sparse10,machine,977,home,450000,0.0000,90
nested_sparse10,machine,977,home,550000,0.0000,137
nested_sparse10,machine,977,home,650000,0.0000,114
nested_sparse10,machine,977,home,750000,0.0000,114
nested_sparse10,machine,977,home,850000,0.0000,105
nested_sparse10,machine,977,home,950000,0.0000,111
nested_sparse10,machine,977,home,1050000,0.0000,95
nested_sparse10,machine,977,home,1150000,0.0000,112
nested_sparse10,machine,977,home,1250000,0.0000,118
nested_sparse10,machine,977,home,1350000,0.0000,102
nested_sparse10,machine,977,home,1450000,0.0000,121
nested_sparse10,machine,977,home,1550000,0.0000,120
nested_sparse10,machine,977,home,1650000,0.0000,102
nested_sparse10,machine,977,home,1750000,0.0000,122
nested_sparse10,machine,977,home,1850000,0.0000,129
nested_sparse10,machine,977,home,1950000,0.0000,108
nested_sparse10,machine,977,home,2050000,0.0000,115
nested_sparse10,machine,977,home,2150000,0.0000,93
nested_sparse10,machine,977,home,2250000,0.0000,85
nested_sparse10,machine,977,home,2350000,0.0000,101
nested_sparse10,machine,977,home,2450000,0.0000,85
nested_sparse10,machine,977,home,2550000,0.0000,93
nested_sparse10,machine,977,home,2650000,0.0000,91
nested_sparse10,machine,977,home,2750000,0.0000,84
nested_sparse10,machine,977,home,2850000,0.0000,13
nested_sparse10,machine,977,home,2950000,,0
nested_sparse10,machine,977,home,3050000,,0
nested_sparse10,machine,977,home,3150000,,0
nested_sparse10,machine,977,home,3250000,,0
nested_sparse10,machine,977,home,3350000,,0
nested_sparse10,machine,977,home,3450000,,0
nested_sparse10,machine,977,home,3550000,,0
nested_sparse10,machine,977,home,3650000,,0
nested_sparse10,machine,977,home,3750000,,0
nested_sparse10,machine,977,home,3850000,,0
nested_sparse10,machine,977,home,3950000,,0
nested_sparse10,machine,978,home,50000,0.0000,86
nested_sparse10,machine,978,home,150000,0.0000,94
nested_sparse10,machine,978,home,250000,0.0000,98
nested_sparse10,machine,978,home,350000,0.0000,106
nested_sparse10,machine,978,home,450000,0.0000,114
nested_sparse10,machine,978,home,550000,0.0000,106
nested_sparse10,machine,978,home,650000,0.0000,91
nested_sparse10,machine,978,home,750000,0.0000,93
nested_sparse10,machine,978,home,850000,0.0000,100
nested_sparse10,machine,978,home,950000,0.0000,112
nested_sparse10,machine,978,home,1050000,0.0000,105
nested_sparse10,machine,978,home,1150000,0.0000,103
nested_sparse10,machine,978,home,1250000,0.0000,89
nested_sparse10,machine,978,home,1350000,0.0000,106
nested_sparse10,machine,978,home,1450000,0.0000,101
nested_sparse10,machine,978,home,1550000,0.0000,126
nested_sparse10,machine,978,home,1650000,0.0000,107
nested_sparse10,machine,978,home,1750000,0.0000,114
nested_sparse10,machine,978,home,1850000,0.0000,123
nested_sparse10,machine,978,home,1950000,0.0000,98
nested_sparse10,machine,978,home,2050000,0.0000,85
nested_sparse10,machine,978,home,2150000,0.0000,89
nested_sparse10,machine,978,home,2250000,0.0000,88
nested_sparse10,machine,978,home,2350000,0.0000,93
nested_sparse10,machine,978,home,2450000,0.0000,93
nested_sparse10,machine,978,home,2550000,0.0000,92
nested_sparse10,machine,978,home,2650000,0.0000,86
nested_sparse10,machine,978,home,2750000,0.0000,89
nested_sparse10,machine,978,home,2850000,0.0000,32
nested_sparse10,machine,978,home,2950000,,0
nested_sparse10,machine,978,home,3050000,,0
nested_sparse10,machine,978,home,3150000,,0
nested_sparse10,machine,978,home,3250000,,0
nested_sparse10,machine,978,home,3350000,,0
nested_sparse10,machine,978,home,3450000,,0
nested_sparse10,machine,978,home,3550000,,0
nested_sparse10,machine,978,home,3650000,,0
nested_sparse10,machine,978,home,3750000,,0
nested_sparse10,machine,978,home,3850000,,0
nested_sparse10,machine,978,home,3950000,,0
nested_sparse10,human,957,tipped,50000,0.1648,91
nested_sparse10,human,957,tipped,150000,0.2234,94
nested_sparse10,human,957,tipped,250000,0.3826,115
nested_sparse10,human,957,tipped,350000,0.2188,96
nested_sparse10,human,957,tipped,450000,0.3333,108
nested_sparse10,human,957,tipped,550000,0.4336,113
nested_sparse10,human,957,tipped,650000,0.4390,123
nested_sparse10,human,957,tipped,750000,0.4400,125
nested_sparse10,human,957,tipped,850000,0.2474,97
nested_sparse10,human,957,tipped,950000,0.1209,91
nested_sparse10,human,957,tipped,1050000,0.2300,100
nested_sparse10,human,957,tipped,1150000,0.3621,116
nested_sparse10,human,957,tipped,1250000,0.5000,122
nested_sparse10,human,957,tipped,1350000,0.1183,93
nested_sparse10,human,957,tipped,1450000,0.2474,97
nested_sparse10,human,957,tipped,1550000,0.2804,107
nested_sparse10,human,957,tipped,1650000,0.4237,118
nested_sparse10,human,957,tipped,1750000,0.3393,112
nested_sparse10,human,957,tipped,1850000,0.2088,91
nested_sparse10,human,957,tipped,1950000,0.1011,89
nested_sparse10,human,957,tipped,2050000,0.3934,122
nested_sparse10,human,957,tipped,2150000,0.1222,90
nested_sparse10,human,957,tipped,2250000,0.0870,92
nested_sparse10,human,957,tipped,2350000,0.0787,89
nested_sparse10,human,957,tipped,2450000,0.0460,87
nested_sparse10,human,957,tipped,2550000,0.0235,85
nested_sparse10,human,957,tipped,2650000,0.0233,86
nested_sparse10,human,957,tipped,2750000,0.3770,122
nested_sparse10,human,957,tipped,2850000,0.0667,90
nested_sparse10,human,957,tipped,2950000,0.2062,97
nested_sparse10,human,957,tipped,3050000,0.0562,89
nested_sparse10,human,957,tipped,3150000,0.0204,49
nested_sparse10,human,957,tipped,3250000,,0
nested_sparse10,human,957,tipped,3350000,,0
nested_sparse10,human,957,tipped,3450000,,0
nested_sparse10,human,957,tipped,3550000,,0
nested_sparse10,human,957,tipped,3650000,,0
nested_sparse10,human,957,tipped,3750000,,0
nested_sparse10,human,957,tipped,3850000,,0
nested_sparse10,human,957,tipped,3950000,,0
nested_sparse10,human,958,tipped,50000,0.1538,91
nested_sparse10,human,958,tipped,150000,0.1979,96
nested_sparse10,human,958,tipped,250000,0.2041,98
nested_sparse10,human,958,tipped,350000,0.3333,105
nested_sparse10,human,958,tipped,450000,0.3750,112
nested_sparse10,human,958,tipped,550000,0.3119,109
nested_sparse10,human,958,tipped,650000,0.1579,95
nested_sparse10,human,958,tipped,750000,0.3019,106
nested_sparse10,human,958,tipped,850000,0.2323,99
nested_sparse10,human,958,tipped,950000,0.2300,100
nested_sparse10,human,958,tipped,1050000,0.5333,135
nested_sparse10,human,958,tipped,1150000,0.3451,113
nested_sparse10,human,958,tipped,1250000,0.0787,89
nested_sparse10,human,958,tipped,1350000,0.0568,88
nested_sparse10,human,958,tipped,1450000,0.2427,103
nested_sparse10,human,958,tipped,1550000,0.2832,113
nested_sparse10,human,958,tipped,1650000,0.1333,90
nested_sparse10,human,958,tipped,1750000,0.1959,97
nested_sparse10,human,958,tipped,1850000,0.0118,85
nested_sparse10,human,958,tipped,1950000,0.0899,89
nested_sparse10,human,958,tipped,2050000,0.1818,99
nested_sparse10,human,958,tipped,2150000,0.0000,84
nested_sparse10,human,958,tipped,2250000,0.2673,101
nested_sparse10,human,958,tipped,2350000,0.2200,100
nested_sparse10,human,958,tipped,2450000,0.0667,90
nested_sparse10,human,958,tipped,2550000,0.0119,84
nested_sparse10,human,958,tipped,2650000,0.6739,184
nested_sparse10,human,958,tipped,2750000,0.0349,86
nested_sparse10,human,958,tipped,2850000,0.0233,86
nested_sparse10,human,958,tipped,2950000,0.0667,90
nested_sparse10,human,958,tipped,3050000,0.0119,84
nested_sparse10,human,958,tipped,3150000,0.0000,44
nested_sparse10,human,958,tipped,3250000,,0
nested_sparse10,human,958,tipped,3350000,,0
nested_sparse10,human,958,tipped,3450000,,0
nested_sparse10,human,958,tipped,3550000,,0
nested_sparse10,human,958,tipped,3650000,,0
nested_sparse10,human,958,tipped,3750000,,0
nested_sparse10,human,958,tipped,3850000,,0
nested_sparse10,human,958,tipped,3950000,,0
nested_sparse10,machine,977,tipped,50000,0.0941,85
nested_sparse10,machine,977,tipped,150000,0.3208,106
nested_sparse10,machine,977,tipped,250000,0.2449,98
nested_sparse10,machine,977,tipped,350000,0.2188,96
nested_sparse10,machine,977,tipped,450000,0.1444,90
nested_sparse10,machine,977,tipped,550000,0.5036,137
nested_sparse10,machine,977,tipped,650000,0.4298,114
nested_sparse10,machine,977,tipped,750000,0.3947,114
nested_sparse10,machine,977,tipped,850000,0.4095,105
nested_sparse10,machine,977,tipped,950000,0.3333,111
nested_sparse10,machine,977,tipped,1050000,0.1474,95
nested_sparse10,machine,977,tipped,1150000,0.4018,112
nested_sparse10,machine,977,tipped,1250000,0.5000,118
nested_sparse10,machine,977,tipped,1350000,0.2549,102
nested_sparse10,machine,977,tipped,1450000,0.4545,121
nested_sparse10,machine,977,tipped,1550000,0.3333,120
nested_sparse10,machine,977,tipped,1650000,0.2255,102
nested_sparse10,machine,977,tipped,1750000,0.3934,122
nested_sparse10,machine,977,tipped,1850000,0.4884,129
nested_sparse10,machine,977,tipped,1950000,0.3519,108
nested_sparse10,machine,977,tipped,2050000,0.3304,115
nested_sparse10,machine,977,tipped,2150000,0.1720,93
nested_sparse10,machine,977,tipped,2250000,0.0471,85
nested_sparse10,machine,977,tipped,2350000,0.2079,101
nested_sparse10,machine,977,tipped,2450000,0.0588,85
nested_sparse10,machine,977,tipped,2550000,0.1183,93
nested_sparse10,machine,977,tipped,2650000,0.0879,91
nested_sparse10,machine,977,tipped,2750000,0.0000,84
nested_sparse10,machine,977,tipped,2850000,0.0000,13
nested_sparse10,machine,977,tipped,2950000,,0
nested_sparse10,machine,977,tipped,3050000,,0
nested_sparse10,machine,977,tipped,3150000,,0
nested_sparse10,machine,977,tipped,3250000,,0
nested_sparse10,machine,977,tipped,3350000,,0
nested_sparse10,machine,977,tipped,3450000,,0
nested_sparse10,machine,977,tipped,3550000,,0
nested_sparse10,machine,977,tipped,3650000,,0
nested_sparse10,machine,977,tipped,3750000,,0
nested_sparse10,machine,977,tipped,3850000,,0
nested_sparse10,machine,977,tipped,3950000,,0
nested_sparse10,machine,978,tipped,50000,0.1047,86
nested_sparse10,machine,978,tipped,150000,0.1489,94
nested_sparse10,machine,978,tipped,250000,0.2551,98
nested_sparse10,machine,978,tipped,350000,0.2830,106
nested_sparse10,machine,978,tipped,450000,0.4123,114
nested_sparse10,machine,978,tipped,550000,0.2736,106
nested_sparse10,machine,978,tipped,650000,0.1538,91
nested_sparse10,machine,978,tipped,750000,0.1505,93
nested_sparse10,machine,978,tipped,850000,0.2400,100
nested_sparse10,machine,978,tipped,950000,0.3214,112
nested_sparse10,machine,978,tipped,1050000,0.2571,105
nested_sparse10,machine,978,tipped,1150000,0.2718,103
nested_sparse10,machine,978,tipped,1250000,0.0787,89
nested_sparse10,machine,978,tipped,1350000,0.2830,106
nested_sparse10,machine,978,tipped,1450000,0.2178,101
nested_sparse10,machine,978,tipped,1550000,0.4365,126
nested_sparse10,machine,978,tipped,1650000,0.2991,107
nested_sparse10,machine,978,tipped,1750000,0.3333,114
nested_sparse10,machine,978,tipped,1850000,0.4634,123
nested_sparse10,machine,978,tipped,1950000,0.2143,98
nested_sparse10,machine,978,tipped,2050000,0.0235,85
nested_sparse10,machine,978,tipped,2150000,0.0562,89
nested_sparse10,machine,978,tipped,2250000,0.0682,88
nested_sparse10,machine,978,tipped,2350000,0.1183,93
nested_sparse10,machine,978,tipped,2450000,0.1398,93
nested_sparse10,machine,978,tipped,2550000,0.1087,92
nested_sparse10,machine,978,tipped,2650000,0.0465,86
nested_sparse10,machine,978,tipped,2750000,0.0562,89
nested_sparse10,machine,978,tipped,2850000,0.0000,32
nested_sparse10,machine,978,tipped,2950000,,0
nested_sparse10,machine,978,tipped,3050000,,0
nested_sparse10,machine,978,tipped,3150000,,0
nested_sparse10,machine,978,tipped,3250000,,0
nested_sparse10,machine,978,tipped,3350000,,0
nested_sparse10,machine,978,tipped,3450000,,0
nested_sparse10,machine,978,tipped,3550000,,0
nested_sparse10,machine,978,tipped,3650000,,0
nested_sparse10,machine,978,tipped,3750000,,0
nested_sparse10,machine,978,tipped,3850000,,0
nested_sparse10,machine,978,tipped,3950000,,0
